Time,age_start,age_end,measure,draw_0,draw_1,draw_2,draw_3,draw_4,draw_5,draw_6,draw_7,draw_8,draw_9,draw_10,draw_11,draw_12,draw_13,draw_14,draw_15,draw_16,draw_17,draw_18,draw_19,draw_20,draw_21,draw_22,draw_23,draw_24,draw_25,draw_26,draw_27,draw_28,draw_29,draw_30,draw_31,draw_32,draw_33,draw_34,draw_35,draw_36,draw_37,draw_38,draw_39,draw_40,draw_41,draw_42,draw_43,draw_44,draw_45,draw_46,draw_47,draw_48,draw_49,draw_50,draw_51,draw_52,draw_53,draw_54,draw_55,draw_56,draw_57,draw_58,draw_59,draw_60,draw_61,draw_62,draw_63,draw_64,draw_65,draw_66,draw_67,draw_68,draw_69,draw_70,draw_71,draw_72,draw_73,draw_74,draw_75,draw_76,draw_77,draw_78,draw_79,draw_80,draw_81,draw_82,draw_83,draw_84,draw_85,draw_86,draw_87,draw_88,draw_89,draw_90,draw_91,draw_92,draw_93,draw_94,draw_95,draw_96,draw_97,draw_98,draw_99,draw_100,draw_101,draw_102,draw_103,draw_104,draw_105,draw_106,draw_107,draw_108,draw_109,draw_110,draw_111,draw_112,draw_113,draw_114,draw_115,draw_116,draw_117,draw_118,draw_119,draw_120,draw_121,draw_122,draw_123,draw_124,draw_125,draw_126,draw_127,draw_128,draw_129,draw_130,draw_131,draw_132,draw_133,draw_134,draw_135,draw_136,draw_137,draw_138,draw_139,draw_140,draw_141,draw_142,draw_143,draw_144,draw_145,draw_146,draw_147,draw_148,draw_149,draw_150,draw_151,draw_152,draw_153,draw_154,draw_155,draw_156,draw_157,draw_158,draw_159,draw_160,draw_161,draw_162,draw_163,draw_164,draw_165,draw_166,draw_167,draw_168,draw_169,draw_170,draw_171,draw_172,draw_173,draw_174,draw_175,draw_176,draw_177,draw_178,draw_179,draw_180,draw_181,draw_182,draw_183,draw_184,draw_185,draw_186,draw_187,draw_188,draw_189,draw_190,draw_191,draw_192,draw_193,draw_194,draw_195,draw_196,draw_197,draw_198,draw_199
1996,1,9,prevalence,0.41300813008130083,0.3729641693811075,0.2764612954186414,0.48171701112877585,0.456656346749226,0.5259146341463414,0.44042232277526394,0.33980582524271846,0.4366438356164384,0.367047308319739,0.41156462585034015,0.43312101910828027,0.5714285714285714,0.5631825273010921,0.24378881987577639,0.38271604938271603,0.3333333333333333,0.42289348171701113,0.2737341772151899,0.5231259968102073,0.4897959183673469,0.3338557993730408,0.2950075642965204,0.234472049689441,0.40264026402640263,0.19648093841642228,0.4992412746585736,0.4329073482428115,0.4233226837060703,0.4096774193548387,0.5052473763118441,0.27340267459138184,0.5206738131699847,0.12050078247261346,0.2667706708268331,0.4960505529225908,0.4938461538461538,0.5,0.34150076569678406,0.2838915470494418,0.3700159489633174,0.4847457627118644,0.5206349206349207,0.3302180685358255,0.38351822503961963,0.5301794453507341,0.40520984081041966,0.20615384615384616,0.4704944178628389,0.3604294478527607,0.5340909090909091,0.333889816360601,0.21604938271604937,0.4267515923566879,0.4187116564417178,0.4902597402597403,0.3854660347551343,0.39171974522292996,0.28639240506329117,0.40189873417721517,0.5047021943573667,0.44208809135399674,0.38366718027734975,0.46865203761755486,0.3568147013782542,0.290625,0.3044189852700491,0.4528,0.2686335403726708,0.35735735735735735,0.475482912332838,0.350076103500761,0.383739837398374,0.5366269165247018,0.44246353322528365,0.3853503184713376,0.37753510140405616,0.527086383601757,0.3581081081081081,0.3772189349112426,0.3832528180354267,0.33004926108374383,0.4418238993710692,0.4470588235294118,0.29329173166926675,0.28391167192429023,0.3625,0.3609375,0.35173501577287064,0.36706948640483383,0.4616564417177914,0.4356120826709062,0.39596273291925466,0.3358433734939759,0.3495297805642633,0.2779503105590062,0.4331306990881459,0.29439252336448596,0.3318042813455658,0.4402420574886536,0.340625,0.31007751937984496,0.44532488114104596,0.49263502454991814,0.5256410256410257,0.5100775193798449,0.38153846153846155,0.43759873617693523,0.39263803680981596,0.337442218798151,0.3180428134556575,0.3660436137071651,0.3146964856230032,0.36476043276661513,0.4858569051580699,0.39502332814930013,0.19444444444444445,0.3923444976076555,0.12479740680713128,0.41459627329192544,0.3968503937007874,0.4688995215311005,0.41756548536209553,0.15421303656597773,0.4626391096979332,0.34177215189873417,0.4317032040472175,0.4586092715231788,0.41264559068219636,0.4489795918367347,0.35917721518987344,0.3967741935483871,0.504,0.43423137876386686,0.3264984227129338,0.473257698541329,0.45695364238410596,0.3579109062980031,0.5,0.45190839694656487,0.49842767295597484,0.3296,0.2541856925418569,0.50814332247557,0.43478260869565216,0.3950819672131147,0.5197368421052632,0.4129746835443038,0.40784982935153585,0.2391304347826087,0.4824961948249619,0.3803486529318542,0.4570552147239264,0.4437400950871632,0.4546952224052718,0.4161290322580645,0.21350078492935637,0.5233333333333333,0.41590214067278286,0.32605304212168484,0.29505582137161085,0.48085758039816234,0.4298245614035088,0.3859375,0.3874425727411945,0.45145631067961167,0.32636655948553056,0.4525993883792049,0.48073959938366717,0.5038639876352395,0.35340729001584786,0.434991974317817,0.3518225039619651,0.5046583850931677,0.4563106796116505,0.5107033639143731,0.413290113452188,0.2981366459627329,0.394524959742351,0.3684210526315789,0.3234323432343234,0.2579034941763727,0.3032544378698225,0.4937694704049844,0.4183835182250396,0.4292682926829268,0.44477172312223856,0.45483870967741935,0.4409448818897638,0.4976,0.36,0.3215926493108729,0.3735725938009788,0.3552,0.12872841444270017,0.17424242424242425,0.2063253012048193,0.2857142857142857,0.14683153013910355,0.2838283828382838
1997,1,9,prevalence,0.42301458670988656,0.4232081911262799,0.27768595041322314,0.46895424836601307,0.44849445324881143,0.4952681388012618,0.4444444444444444,0.357495881383855,0.4224137931034483,0.35144312393887944,0.4798598949211909,0.48982785602503914,0.5537974683544303,0.5598086124401914,0.2706645056726094,0.33751962323390894,0.4057507987220447,0.41001564945226915,0.32792207792207795,0.5162337662337663,0.49356913183279744,0.2928802588996764,0.3291139240506329,0.23941368078175895,0.4114671163575042,0.1816816816816817,0.5207667731629393,0.3768352365415987,0.47491638795986624,0.4467741935483871,0.4794952681388013,0.265527950310559,0.47126436781609193,0.13884555382215288,0.24342105263157895,0.4666666666666667,0.5583596214511041,0.5137318255250404,0.3375594294770206,0.30016863406408095,0.4227504244482173,0.47315436241610737,0.5089141004862237,0.38175675675675674,0.3867768595041322,0.5831903945111492,0.45,0.23434991974317818,0.4771986970684039,0.3056,0.4590690208667737,0.44407345575959933,0.2755267423014587,0.39008264462809916,0.32909379968203495,0.4257748776508972,0.40901771336553944,0.4197324414715719,0.3047138047138047,0.41068447412353926,0.5131578947368421,0.5073891625615764,0.432475884244373,0.5148026315789473,0.2995319812792512,0.20125786163522014,0.40549273021001614,0.5016447368421053,0.32896890343698854,0.3380952380952381,0.496875,0.32961783439490444,0.3806343906510851,0.508833922261484,0.4129692832764505,0.2713815789473684,0.4336569579288026,0.558282208588957,0.335016835016835,0.3890577507598784,0.4800637958532695,0.3646677471636953,0.45819397993311034,0.40553745928338764,0.32838283828382836,0.2899022801302932,0.37183544303797467,0.33225806451612905,0.28171334431630973,0.2971698113207547,0.44952681388012616,0.4626865671641791,0.38087520259319285,0.3757861635220126,0.36885245901639346,0.2582781456953642,0.5058236272878536,0.3182552504038772,0.38836477987421386,0.42745709828393136,0.3865546218487395,0.3300653594771242,0.5016393442622951,0.46757679180887374,0.4917218543046358,0.4400630914826498,0.3924646781789639,0.46153846153846156,0.4081967213114754,0.30317460317460315,0.37205651491365777,0.4362745098039216,0.2957516339869281,0.3688394276629571,0.4236706689536878,0.2495921696574225,0.25542570951585974,0.4446308724832215,0.1065989847715736,0.4359375,0.49270664505672607,0.4834983498349835,0.4238095238095238,0.1799660441426146,0.47571189279731996,0.4052718286655684,0.4560810810810811,0.4586206896551724,0.37954939341421146,0.38666666666666666,0.3976311336717428,0.36254295532646047,0.5106382978723404,0.46381578947368424,0.35071090047393366,0.38461538461538464,0.4311774461028192,0.2768729641693811,0.4957410562180579,0.3745980707395498,0.5347334410339257,0.31993299832495814,0.3782467532467532,0.4546979865771812,0.5143338954468802,0.5214408233276158,0.5042444821731749,0.4552980132450331,0.44112478031634444,0.3008,0.4670846394984326,0.400329489291598,0.4424920127795527,0.45484949832775917,0.494077834179357,0.45531197301854975,0.2682926829268293,0.5309278350515464,0.4747634069400631,0.3511326860841424,0.3125,0.4299363057324841,0.32983508245877063,0.4450084602368866,0.41590214067278286,0.48986486486486486,0.3883333333333333,0.5070422535211268,0.4320785597381342,0.529886914378029,0.3640776699029126,0.38215488215488214,0.4065040650406504,0.4288052373158756,0.4755244755244755,0.48722044728434505,0.3679092382495948,0.2822185970636215,0.3942470389170897,0.4209650582362729,0.30350877192982456,0.3979933110367893,0.2833333333333333,0.46275752773375595,0.4438943894389439,0.40893470790378006,0.46106870229007635,0.48470209339774556,0.48083067092651754,0.40691927512355847,0.4013266998341625,0.35625,0.40508474576271186,0.45918367346938777,0.132013201320132,0.18949044585987262,0.2665615141955836,0.2685025817555938,0.1592775041050903,0.27441077441077444
1998,1,9,prevalence,0.40522875816993464,0.39173553719008264,0.2310177705977383,0.4624183006535948,0.44353518821603927,0.5108024691358025,0.4140127388535032,0.32405891980360063,0.40033500837520936,0.3258620689655172,0.4701627486437613,0.401244167962675,0.5234375,0.5529595015576324,0.28502415458937197,0.3512658227848101,0.40387722132471726,0.3851132686084142,0.3433333333333333,0.5186991869918699,0.4926590538336052,0.3408,0.30062305295950154,0.20930232558139536,0.39655172413793105,0.22865853658536586,0.47811993517017826,0.35313531353135313,0.5056,0.42333333333333334,0.5209003215434084,0.29199372056514916,0.5284280936454849,0.17124394184168013,0.26547231270358307,0.5258064516129032,0.4741100323624595,0.4440894568690096,0.3470031545741325,0.36721311475409835,0.4205298013245033,0.4491525423728814,0.5203915171288744,0.3260135135135135,0.2871287128712871,0.5553719008264463,0.3884673748103187,0.2315112540192926,0.41412520064205455,0.2594417077175698,0.4918032786885246,0.3464696223316913,0.2602291325695581,0.3133116883116883,0.3146964856230032,0.4494195688225539,0.4563106796116505,0.44407345575959933,0.3144758735440932,0.4155844155844156,0.4698996655518395,0.4809917355371901,0.35467980295566504,0.5236541598694943,0.3140625,0.2967032967032967,0.3554119547657512,0.5032894736842105,0.3950819672131147,0.42724458204334365,0.500780031201248,0.3311897106109325,0.33612040133779264,0.5533088235294118,0.41625207296849087,0.3605769230769231,0.44136807817589574,0.5579598145285936,0.40266222961730447,0.3870967741935484,0.46984126984126984,0.30318257956448913,0.46554621848739497,0.4605475040257649,0.3384615384615385,0.25588697017268447,0.36089030206677264,0.3419354838709677,0.34717607973421927,0.2898089171974522,0.3765432098765432,0.41068447412353926,0.32679738562091504,0.32,0.34521880064829824,0.23973727422003285,0.44518272425249167,0.34318555008210183,0.40327868852459015,0.444794952681388,0.33448275862068966,0.28019323671497587,0.40032414910858993,0.45805369127516776,0.5580645161290323,0.45987654320987653,0.36850393700787404,0.47877758913412566,0.42521008403361343,0.34201954397394135,0.3549920760697306,0.40134907251264756,0.29260450160771706,0.42356687898089174,0.4560810810810811,0.29850746268656714,0.31259968102073366,0.43265993265993263,0.13366336633663367,0.41467304625199364,0.4352,0.41867954911433175,0.3704866562009419,0.19243986254295534,0.4723618090452261,0.3694915254237288,0.3993231810490694,0.4683760683760684,0.3582089552238806,0.41778523489932884,0.38562091503267976,0.3559322033898305,0.5483333333333333,0.4684838160136286,0.42131147540983604,0.4372937293729373,0.45187601957585644,0.3537190082644628,0.5457627118644067,0.4220472440944882,0.5015673981191222,0.46357615894039733,0.3780687397708674,0.4686971235194585,0.48580968280467446,0.5441941074523396,0.46206896551724136,0.4602368866328257,0.43812709030100333,0.302066772655008,0.44086021505376344,0.40865384615384615,0.43993759750390016,0.4934210526315789,0.5148026315789473,0.411864406779661,0.2987012987012987,0.5238879736408567,0.46367851622874806,0.35170178282009723,0.3225806451612903,0.3776,0.4203125,0.509090909090909,0.35030864197530864,0.48186528497409326,0.32608695652173914,0.4522691705790297,0.46526655896607433,0.5333333333333333,0.3057324840764331,0.35323383084577115,0.33014354066985646,0.42130365659777425,0.44833625218914186,0.5424528301886793,0.3142389525368249,0.35864297253634897,0.2636986301369863,0.38283828382838286,0.3435897435897436,0.3684210526315789,0.3424242424242424,0.4195121951219512,0.3770764119601329,0.38144329896907214,0.453416149068323,0.4192,0.4279141104294479,0.3756345177664975,0.3225255972696246,0.31711145996860285,0.334983498349835,0.37055837563451777,0.19796954314720813,0.20032051282051283,0.30959752321981426,0.2780487804878049,0.12857142857142856,0.2
1999,1,9,prevalence,0.3983606557377049,0.40365448504983387,0.2453125,0.48366013071895425,0.4477848101265823,0.4559505409582689,0.35453100158982515,0.30756578947368424,0.41487603305785126,0.3688663282571912,0.426497277676951,0.49221183800623053,0.4772370486656201,0.5324074074074074,0.3235294117647059,0.346875,0.40625,0.42601626016260163,0.2605042016806723,0.5137318255250404,0.5293132328308208,0.37169517884914466,0.38170347003154576,0.23404255319148937,0.4071550255536627,0.23802395209580837,0.48697068403908794,0.35467980295566504,0.4208,0.43042071197411,0.5007776049766719,0.2684124386252046,0.5064308681672026,0.20706260032102727,0.2459016393442623,0.47665056360708535,0.4410828025477707,0.41185897435897434,0.32075471698113206,0.29264214046822745,0.3983193277310924,0.4332784184514003,0.5104,0.2783687943262411,0.2777777777777778,0.5880452342487884,0.318796992481203,0.25884244372990356,0.42269736842105265,0.30198019801980197,0.42718446601941745,0.4155629139072848,0.2630718954248366,0.3432601880877743,0.3672496025437202,0.5118858954041204,0.3705501618122977,0.46742671009771986,0.34628378378378377,0.4538087520259319,0.48869565217391303,0.46381578947368424,0.4377104377104377,0.4433811802232855,0.19389312977099238,0.3259493670886076,0.30179445350734097,0.46254071661237783,0.32160804020100503,0.3929712460063898,0.5287539936102237,0.38571428571428573,0.40397350993377484,0.5431034482758621,0.4479338842975207,0.36505460218408736,0.42028985507246375,0.5359877488514548,0.3912310286677909,0.3637795275590551,0.4031746031746032,0.25870646766169153,0.4905008635578584,0.38126009693053314,0.34271523178807944,0.25878594249201275,0.36482084690553745,0.3432343234323432,0.343801652892562,0.2585669781931464,0.4364207221350079,0.37142857142857144,0.39144736842105265,0.3501628664495114,0.31451612903225806,0.33060556464811786,0.42088091353996737,0.32432432432432434,0.39195979899497485,0.41996830427892234,0.42735042735042733,0.2945990180032733,0.44607843137254904,0.5257903494176372,0.5114754098360655,0.5015151515151515,0.4043887147335423,0.534453781512605,0.3527454242928453,0.3504132231404959,0.35909822866344604,0.38,0.3359497645211931,0.3209677419354839,0.4194078947368421,0.3192868719611021,0.3943217665615142,0.3940972222222222,0.20583468395461912,0.434991974317817,0.4432,0.5016025641025641,0.35864297253634897,0.1625207296849088,0.4386252045826514,0.39065108514190316,0.4056761268781302,0.4397283531409168,0.5024793388429752,0.3487179487179487,0.39344262295081966,0.42122719734660036,0.4934426229508197,0.45182724252491696,0.32300163132137033,0.38980263157894735,0.4236453201970443,0.3683360258481422,0.5042881646655232,0.44952681388012616,0.4880382775119617,0.38682432432432434,0.40630182421227196,0.49503311258278143,0.5085616438356164,0.4691780821917808,0.49155405405405406,0.432475884244373,0.4691151919866444,0.2870967741935484,0.3996865203761755,0.3122977346278317,0.4171875,0.4305993690851735,0.44136807817589574,0.44020797227036396,0.249597423510467,0.45145631067961167,0.43956043956043955,0.3424,0.29838709677419356,0.416260162601626,0.5039494470774092,0.4090909090909091,0.33860759493670883,0.4880546075085324,0.37542662116040953,0.5246422893481717,0.4049586776859504,0.49761526232114467,0.3003194888178914,0.3606010016694491,0.352755905511811,0.3889763779527559,0.43739279588336194,0.4648318042813456,0.26129032258064516,0.2993527508090615,0.34494773519163763,0.40192926045016075,0.3089005235602094,0.4292682926829268,0.2833078101071976,0.45354330708661417,0.42787682333873583,0.3872113676731794,0.4752,0.43720190779014306,0.45524691358024694,0.3367521367521368,0.35714285714285715,0.30448717948717946,0.3016393442622951,0.4288164665523156,0.18652849740932642,0.24466338259441708,0.2698907956318253,0.23491027732463296,0.21462639109697934,0.2641509433962264
2000,1,9,prevalence,0.361247947454844,0.42105263157894735,0.23770491803278687,0.4600326264274062,0.47115384615384615,0.4861111111111111,0.45292207792207795,0.3200663349917081,0.3752066115702479,0.2998324958123953,0.3935018050541516,0.4444444444444444,0.5262321144674086,0.5285714285714286,0.3010033444816054,0.38207547169811323,0.5,0.5207667731629393,0.3344594594594595,0.5368589743589743,0.4033333333333333,0.4110236220472441,0.36163522012578614,0.31114808652246256,0.38917089678510997,0.23700305810397554,0.4668820678513732,0.40066225165562913,0.4429530201342282,0.3900481540930979,0.41362916006339145,0.28524046434494194,0.5239616613418531,0.19743178170144463,0.20170940170940171,0.5189873417721519,0.4437194127243067,0.4124031007751938,0.356120826709062,0.3176470588235294,0.4363327674023769,0.4584717607973422,0.5265700483091788,0.23842195540308747,0.23244147157190637,0.554675118858954,0.33384146341463417,0.287375415282392,0.5048387096774194,0.40512820512820513,0.5185185185185185,0.42574257425742573,0.21052631578947367,0.35173501577287064,0.4365079365079365,0.5170807453416149,0.40032414910858993,0.43312101910828027,0.3112244897959184,0.44901315789473684,0.5335628227194492,0.39901477832512317,0.45714285714285713,0.47818791946308725,0.2102803738317757,0.40930979133226325,0.32231404958677684,0.4859504132231405,0.3627450980392157,0.3652892561983471,0.5057471264367817,0.33707865168539325,0.41491085899513774,0.5298013245033113,0.4094616639477977,0.33004926108374383,0.43354430379746833,0.5521472392638037,0.4075342465753425,0.38618524332810045,0.41147540983606556,0.3486394557823129,0.4822934232715008,0.4215686274509804,0.358974358974359,0.2778649921507064,0.3201320132013201,0.31456953642384106,0.3918918918918919,0.3668261562998405,0.39619651347068147,0.3202725724020443,0.3256578947368421,0.31107491856677527,0.23102310231023102,0.35691318327974275,0.3970345963756178,0.40734265734265734,0.2859560067681895,0.4082934609250399,0.3464163822525597,0.3627450980392157,0.45286195286195285,0.5469522240527183,0.5195246179966044,0.42378048780487804,0.3568,0.5198675496688742,0.395,0.3792517006802721,0.3535031847133758,0.43042071197411,0.2468354430379747,0.3881578947368421,0.4090150250417362,0.4138486312399356,0.2562111801242236,0.45516074450084604,0.26163723916532905,0.4600326264274062,0.40723270440251574,0.4385692068429238,0.34590163934426227,0.16722972972972974,0.5065573770491804,0.37823834196891193,0.3538205980066445,0.40371621621621623,0.3679092382495948,0.4189189189189189,0.4378029079159935,0.3803786574870912,0.5024,0.5024711696869851,0.33986928104575165,0.44605475040257647,0.4497528830313015,0.3274478330658106,0.45898778359511344,0.4681528662420382,0.5352112676056338,0.3739130434782609,0.3284313725490196,0.41778523489932884,0.44189852700491,0.5250836120401338,0.5034013605442177,0.40836012861736337,0.37868852459016394,0.21951219512195122,0.36816720257234725,0.2631578947368421,0.4440993788819876,0.3981191222570533,0.38487394957983195,0.5082781456953642,0.23237179487179488,0.5099009900990099,0.49608763693270735,0.3064516129032258,0.3870967741935484,0.4878444084278768,0.4828711256117455,0.45187601957585644,0.3707533234859675,0.4894308943089431,0.359106529209622,0.5305466237942122,0.4372937293729373,0.47649918962722854,0.2898550724637681,0.3963815789473684,0.40764331210191085,0.3586309523809524,0.46114864864864863,0.5564142194744977,0.2917341977309562,0.3097913322632424,0.3233743409490334,0.3739967897271268,0.27495621716287216,0.3866877971473851,0.32273449920508746,0.4338709677419355,0.40098199672667756,0.44858156028368795,0.5105348460291734,0.48985959438377535,0.3678343949044586,0.3569078947368421,0.3979416809605489,0.3805601317957166,0.2978723404255319,0.4337979094076655,0.21291448516579406,0.24833333333333332,0.2248427672955975,0.25245901639344265,0.2,0.3013698630136986
2001,1,9,prevalence,0.3783783783783784,0.3898305084745763,0.2627257799671593,0.40826446280991735,0.4854368932038835,0.47295208655332305,0.44788273615635177,0.3060556464811784,0.3360655737704918,0.37846655791190864,0.5054744525547445,0.40063593004769477,0.5030959752321982,0.5048387096774194,0.32945091514143093,0.3922480620155039,0.37099494097807756,0.4096,0.37244897959183676,0.5023474178403756,0.4726962457337884,0.36984126984126986,0.279874213836478,0.3511705685618729,0.3591905564924115,0.21550387596899226,0.4927536231884058,0.4427860696517413,0.47096774193548385,0.46526655896607433,0.4263322884012539,0.3569078947368421,0.49375,0.2106969205834684,0.19932432432432431,0.4775641025641026,0.5329153605015674,0.46697388632872505,0.27751196172248804,0.2739495798319328,0.43790849673202614,0.5197368421052632,0.49029126213592233,0.18825561312607944,0.38524590163934425,0.569620253164557,0.3799392097264438,0.24587458745874588,0.44894651539708263,0.3576271186440678,0.4708904109589041,0.4080645161290323,0.1899159663865546,0.30866141732283464,0.3981042654028436,0.4869831546707504,0.3480392156862745,0.4612850082372323,0.3129139072847682,0.446843853820598,0.5159663865546219,0.42948717948717946,0.43594009983361065,0.48841059602649006,0.19349845201238391,0.3677621283255086,0.3413078149920255,0.5370370370370371,0.38301282051282054,0.3701188455008489,0.4854838709677419,0.33167495854063017,0.3557377049180328,0.5132890365448505,0.38003220611916266,0.19141914191419143,0.42326332794830374,0.5531587057010786,0.40625,0.3712,0.4603960396039604,0.3047001620745543,0.5440931780366056,0.3542009884678748,0.3037974683544304,0.2818471337579618,0.3616298811544992,0.3288364249578415,0.3871527777777778,0.35239567233384855,0.44200626959247646,0.4054982817869416,0.30948419301164726,0.2576985413290113,0.27424749163879597,0.2949526813880126,0.3784219001610306,0.3595890410958904,0.28209459459459457,0.42694805194805197,0.35986159169550175,0.32441471571906355,0.3588039867109635,0.5380794701986755,0.5086805555555556,0.38664596273291924,0.34933774834437087,0.5218120805369127,0.401006711409396,0.3305227655986509,0.31832298136645965,0.4482200647249191,0.2700617283950617,0.3705501618122977,0.4577922077922078,0.3338709677419355,0.2921174652241113,0.3768595041322314,0.29901960784313725,0.4295190713101161,0.3817891373801917,0.4442675159235669,0.3549432739059968,0.15973377703826955,0.4310897435897436,0.39723661485319517,0.38372093023255816,0.4468802698145025,0.3888888888888889,0.4059900166389351,0.35555555555555557,0.45077720207253885,0.46021840873634945,0.44551282051282054,0.358161648177496,0.42812006319115326,0.4664484451718494,0.34527687296416937,0.4982638888888889,0.45691056910569106,0.4945904173106646,0.3528368794326241,0.2909698996655518,0.5327731092436975,0.428087986463621,0.4942528735632184,0.5229982964224872,0.47249190938511326,0.4274193548387097,0.28523489932885904,0.435126582278481,0.29431438127090304,0.4660493827160494,0.3791469194312796,0.3943894389438944,0.4241935483870968,0.18571428571428572,0.5039745627980922,0.44992050874403816,0.2765957446808511,0.34516129032258064,0.46875,0.44426229508196724,0.45950413223140496,0.3823088455772114,0.4590690208667737,0.42784380305602715,0.4462809917355372,0.37478991596638656,0.5407166123778502,0.3235294117647059,0.4645669291338583,0.33494363929146537,0.40825688073394495,0.48258706467661694,0.5109034267912772,0.3328,0.3162251655629139,0.3356401384083045,0.33117932148626816,0.3647260273972603,0.33014354066985646,0.267515923566879,0.4278688524590164,0.420032310177706,0.45614035087719296,0.5499207606973059,0.4015384615384615,0.41774193548387095,0.4031496062992126,0.3706896551724138,0.42028985507246375,0.3300653594771242,0.48946515397082657,0.218213058419244,0.27154471544715447,0.18641390205371247,0.24120603015075376,0.1993517017828201,0.2590759075907591
2002,1,9,prevalence,0.36391912908242613,0.38778877887788776,0.28846153846153844,0.4630541871921182,0.5039745627980922,0.50231124807396,0.42710120068610635,0.28013029315960913,0.34056761268781305,0.375,0.4799301919720768,0.4462279293739968,0.550561797752809,0.5211726384364821,0.43025210084033616,0.2859399684044234,0.4223300970873786,0.4793650793650794,0.3777038269550749,0.4835164835164835,0.504885993485342,0.35942492012779553,0.353870458135861,0.32597623089983024,0.38971807628524047,0.1769352290679305,0.47920133111480867,0.4064516129032258,0.44112769485903813,0.42992125984251967,0.4645669291338583,0.3676222596964587,0.4854368932038835,0.2824302134646962,0.294017094017094,0.5471698113207547,0.4780564263322884,0.42105263157894735,0.36850152905198774,0.29739130434782607,0.4251207729468599,0.473421926910299,0.49921259842519683,0.25166666666666665,0.4412751677852349,0.4821150855365474,0.32975460122699385,0.29333333333333333,0.4012738853503185,0.3540268456375839,0.5297029702970297,0.328525641025641,0.22596964586846544,0.3582554517133956,0.36276083467094705,0.4254992319508449,0.3712871287128713,0.47875816993464054,0.3729641693811075,0.4117647058823529,0.4590443686006826,0.42586750788643535,0.515,0.4373956594323873,0.23600605143721634,0.2634920634920635,0.27388535031847133,0.4826446280991736,0.3107890499194847,0.41824440619621345,0.4646302250803859,0.33446519524617996,0.3239202657807309,0.4786184210526316,0.41166936790923825,0.3014827018121911,0.41373801916932906,0.49293563579277866,0.36482084690553745,0.3702479338842975,0.48154093097913325,0.24386252045826515,0.46895424836601307,0.40594059405940597,0.3033175355450237,0.26424050632911394,0.3790186125211506,0.346483704974271,0.4391891891891892,0.3446601941747573,0.47401574803149604,0.44148936170212766,0.34959349593495936,0.39672131147540984,0.27375201288244766,0.31121642969984203,0.4161290322580645,0.3983050847457627,0.3099315068493151,0.4019138755980861,0.4276315789473684,0.3669421487603306,0.41148325358851673,0.4813008130081301,0.5042016806722689,0.46177847113884557,0.41435562805872755,0.5695364238410596,0.34551495016611294,0.38250428816466553,0.3439878234398782,0.38762214983713356,0.35566188197767146,0.40031645569620256,0.4274447949526814,0.3246753246753247,0.2802547770700637,0.4338358458961474,0.2727272727272727,0.38564273789649417,0.40224358974358976,0.48919753086419754,0.39072847682119205,0.23770491803278687,0.45365853658536587,0.35906040268456374,0.43137254901960786,0.479933110367893,0.3322734499205087,0.33444259567387685,0.32805071315372425,0.42207792207792205,0.46763754045307443,0.44549763033175355,0.3170731707317073,0.40396341463414637,0.36,0.3967741935483871,0.5211267605633803,0.39708265802269044,0.47266881028938906,0.4816753926701571,0.28547297297297297,0.46254071661237783,0.40033500837520936,0.4584717607973422,0.5699831365935919,0.4543973941368078,0.36156351791530944,0.3404255319148936,0.454983922829582,0.2899505766062603,0.44461778471138846,0.41497659906396256,0.3860232945091514,0.41233766233766234,0.15445859872611464,0.46687211093990755,0.4700162074554295,0.23014586709886548,0.3540983606557377,0.39195979899497485,0.473257698541329,0.4081967213114754,0.329803328290469,0.4251968503937008,0.3407534246575342,0.4828711256117455,0.43686006825938567,0.448,0.2778649921507064,0.3514376996805112,0.31925675675675674,0.4198813056379822,0.4281098546042003,0.5237341772151899,0.32348111658456485,0.37458745874587457,0.3528428093645485,0.2945859872611465,0.324468085106383,0.33772652388797364,0.28818897637795277,0.4242928452579035,0.45081967213114754,0.4520547945205479,0.5207667731629393,0.39191290824261277,0.402555910543131,0.3481717011128776,0.36724137931034484,0.3107890499194847,0.40939597315436244,0.4633333333333333,0.19185059422750425,0.23259762308998302,0.15867768595041323,0.20454545454545456,0.1669316375198728,0.21508828250401285
2003,1,9,prevalence,0.39781591263650545,0.27631578947368424,0.291866028708134,0.44299674267100975,0.42467948717948717,0.5255023183925811,0.4957118353344768,0.39171974522292996,0.3842364532019704,0.337228714524207,0.3837011884550085,0.3866231647634584,0.546031746031746,0.5313001605136437,0.3430034129692833,0.2576985413290113,0.42604501607717044,0.4679186228482003,0.29901960784313725,0.48811410459587956,0.5,0.3691588785046729,0.36891679748822603,0.2945990180032733,0.4739413680781759,0.15953947368421054,0.5254515599343186,0.4088669950738916,0.49427168576104746,0.4047244094488189,0.4420401854714065,0.2937181663837012,0.545016077170418,0.2887788778877888,0.34856175972927245,0.5505443234836703,0.40836012861736337,0.3881278538812785,0.4142194744976816,0.34192439862542956,0.3639344262295082,0.4859038142620232,0.5317460317460317,0.3149078726968174,0.33387888707037644,0.48909657320872274,0.3186646433990895,0.3274478330658106,0.43898573692551507,0.4520547945205479,0.46405228758169936,0.3825396825396825,0.23013245033112584,0.4140127388535032,0.38087774294670845,0.48396946564885496,0.4119601328903654,0.46469622331691296,0.2665589660743134,0.36134453781512604,0.5445378151260504,0.396875,0.44107744107744107,0.4966216216216216,0.36322188449848025,0.3035143769968051,0.32051282051282054,0.48360655737704916,0.262992125984252,0.4074074074074074,0.49432739059967584,0.3680555555555556,0.375,0.4696223316912972,0.4416403785488959,0.3871499176276771,0.3963515754560531,0.5395569620253164,0.3163934426229508,0.48635634028892455,0.4600326264274062,0.32053422370617696,0.46688741721854304,0.4132231404958678,0.25,0.26489028213166144,0.40657439446366783,0.34812286689419797,0.40869565217391307,0.30293159609120524,0.4236760124610592,0.46608695652173915,0.38127090301003347,0.4032,0.29194630872483224,0.2969004893964111,0.4763458401305057,0.45266781411359724,0.37540983606557377,0.42810457516339867,0.34833333333333333,0.2820097244732577,0.4616588419405321,0.4192495921696574,0.5107438016528926,0.3639240506329114,0.424390243902439,0.5390879478827362,0.42358803986710963,0.3539518900343643,0.27987897125567324,0.3021702838063439,0.30963665086887837,0.3954983922829582,0.41185897435897434,0.24726134585289514,0.21947449768160743,0.48878205128205127,0.26742301458670986,0.4950980392156863,0.4015873015873016,0.43558282208588955,0.4382207578253707,0.18341307814992025,0.4510433386837881,0.39661016949152544,0.4190031152647975,0.4418212478920742,0.3639240506329114,0.32892561983471075,0.36538461538461536,0.3888888888888889,0.4662379421221865,0.4857142857142857,0.32532051282051283,0.3555219364599092,0.4222972972972973,0.3617021276595745,0.561525129982669,0.4538087520259319,0.41626794258373206,0.39291736930860033,0.24149659863945577,0.4927536231884058,0.467005076142132,0.3925081433224756,0.4797979797979798,0.4301587301587302,0.2908496732026144,0.3622704507512521,0.44427001569858715,0.3566775244299674,0.4688473520249221,0.3091190108191654,0.4554140127388535,0.4768,0.19745222929936307,0.5007751937984496,0.4340836012861736,0.3583617747440273,0.2991735537190083,0.49575551782682514,0.43548387096774194,0.47896440129449835,0.2410179640718563,0.463768115942029,0.3540268456375839,0.5040257648953301,0.4295415959252971,0.4816,0.288,0.36348949919224555,0.32088285229202035,0.44245142002989535,0.4084033613445378,0.5244865718799369,0.3333333333333333,0.37375415282392027,0.3350253807106599,0.27838258164852253,0.3162393162393162,0.3550488599348534,0.2669826224328594,0.42598684210526316,0.4169329073482428,0.3706896551724138,0.4666666666666667,0.403125,0.44357366771159873,0.3709150326797386,0.3406408094435076,0.2684124386252046,0.43485617597292725,0.4042904290429043,0.21124361158432708,0.16638078902229847,0.22607260726072606,0.2065972222222222,0.23222748815165878,0.21895424836601307
2004,1,9,prevalence,0.37142857142857144,0.4081967213114754,0.28821656050955413,0.40468227424749165,0.3655737704918033,0.48484848484848486,0.43275862068965515,0.30983606557377047,0.3782467532467532,0.3805601317957166,0.34833333333333333,0.35172413793103446,0.5457463884430177,0.5332225913621262,0.33797909407665505,0.23114754098360657,0.34858044164037855,0.4428341384863124,0.24462809917355371,0.5135566188197768,0.4525316455696203,0.2746031746031746,0.24882629107981222,0.288107202680067,0.35343383584589616,0.17736486486486486,0.5099337748344371,0.39173553719008264,0.5066445182724253,0.4736,0.4129032258064516,0.2602965403624382,0.550561797752809,0.2878289473684211,0.31699346405228757,0.49923195084485406,0.45286195286195285,0.512937595129376,0.3186646433990895,0.28205128205128205,0.3758064516129032,0.4852459016393443,0.5086614173228347,0.3901639344262295,0.3089430894308943,0.5150078988941548,0.42857142857142855,0.2520064205457464,0.49114331723027377,0.36626916524701875,0.5073649754500819,0.3543913713405239,0.3034257748776509,0.409375,0.32919254658385094,0.4573170731707317,0.392914653784219,0.373134328358209,0.2649434571890145,0.36454849498327757,0.40823327615780447,0.4217252396166134,0.402317880794702,0.4787052810902896,0.3639240506329114,0.2887096774193548,0.3518821603927987,0.49114331723027377,0.22870662460567823,0.42586206896551726,0.5221674876847291,0.36904761904761907,0.4237012987012987,0.49836601307189543,0.3901689708141321,0.3688663282571912,0.45346869712351945,0.5470494417862839,0.29373996789727125,0.36973478939157567,0.39144736842105265,0.34563758389261745,0.490787269681742,0.3376835236541599,0.26291079812206575,0.3125,0.3081967213114754,0.4,0.3701754385964912,0.34891485809682804,0.42121684867394693,0.44778761061946903,0.3521594684385382,0.3511326860841424,0.31596638655462184,0.22937293729372937,0.4394904458598726,0.3411371237458194,0.4181523500810373,0.3865814696485623,0.4016806722689076,0.3807266982622433,0.4230171073094868,0.4813008130081301,0.543918918918919,0.42452830188679247,0.40594059405940597,0.5367762128325508,0.4075342465753425,0.27353463587921845,0.2744807121661721,0.45161290322580644,0.25990491283676703,0.33547351524879615,0.4485049833887043,0.32192846034214617,0.2820121951219512,0.3952,0.2700490998363339,0.48171701112877585,0.49185667752442996,0.36850152905198774,0.3973288814691152,0.16118935837245696,0.4507936507936508,0.4098639455782313,0.3987635239567233,0.445,0.3451043338683788,0.43666666666666665,0.44745222929936307,0.4161290322580645,0.45874587458745875,0.45754716981132076,0.338006230529595,0.45638629283489096,0.4292682926829268,0.3652892561983471,0.5435168738898757,0.3194675540765391,0.511400651465798,0.41836734693877553,0.4600326264274062,0.5104669887278583,0.46050420168067224,0.4634146341463415,0.5197368421052632,0.46540880503144655,0.30258899676375406,0.3436988543371522,0.4032258064516129,0.4308176100628931,0.4740973312401884,0.4214618973561431,0.4095394736842105,0.46445497630331756,0.21474358974358973,0.49369085173501576,0.5115919629057187,0.3373493975903614,0.23460898502495842,0.4433164128595601,0.4742765273311897,0.45980707395498394,0.25370919881305637,0.4825949367088608,0.34206219312602293,0.47913446676970634,0.47217537942664417,0.40589198036006546,0.32211538461538464,0.4378029079159935,0.4084033613445378,0.43543543543543545,0.4521452145214521,0.42857142857142855,0.3500810372771475,0.39625850340136054,0.34966216216216217,0.3261205564142195,0.32685512367491165,0.38688524590163936,0.35185185185185186,0.40709459459459457,0.38704318936877075,0.37564322469982847,0.446875,0.40950920245398775,0.3909657320872274,0.41033925686591277,0.3552188552188552,0.26981450252951095,0.4084033613445378,0.4135702746365105,0.2568027210884354,0.18074324324324326,0.214170692431562,0.24193548387096775,0.2971246006389776,0.25166666666666665
2005,1,9,prevalence,0.4526813880126183,0.37355371900826445,0.2713815789473684,0.45826235093696766,0.40487804878048783,0.5105348460291734,0.4411764705882353,0.3805601317957166,0.35426731078904994,0.40640809443507586,0.45166666666666666,0.41924398625429554,0.5913461538461539,0.554806070826307,0.3741379310344828,0.3118811881188119,0.379585326953748,0.4254658385093168,0.30434782608695654,0.512,0.4532710280373832,0.3154471544715447,0.27403846153846156,0.22278056951423786,0.36363636363636365,0.22402597402597402,0.5919732441471572,0.38372093023255816,0.4570957095709571,0.45354330708661417,0.3613861386138614,0.33993399339933994,0.512,0.19727891156462585,0.25888324873096447,0.4827586206896552,0.5527638190954773,0.46615384615384614,0.24615384615384617,0.2948073701842546,0.40032679738562094,0.4567699836867863,0.4899536321483771,0.28114478114478114,0.3166397415185784,0.4703125,0.40253565768621236,0.18622848200312989,0.45800316957210774,0.39015817223198596,0.4594155844155844,0.3399390243902439,0.2644628099173554,0.32608695652173914,0.3656597774244833,0.43425076452599387,0.4019607843137255,0.4891846921797005,0.3019169329073482,0.40229885057471265,0.4763572679509632,0.39285714285714285,0.5016501650165016,0.42346938775510207,0.3130016051364366,0.29827315541601257,0.3274760383386581,0.5064102564102564,0.3226837060702875,0.39327731092436974,0.42786069651741293,0.39436619718309857,0.30128205128205127,0.5709515859766278,0.3790951638065523,0.28378378378378377,0.40545144804088584,0.5254515599343186,0.38854489164086686,0.34548335974643424,0.45307443365695793,0.42487883683360256,0.43812709030100333,0.44224422442244227,0.2845394736842105,0.3053435114503817,0.32220367278797996,0.33907056798623064,0.4080267558528428,0.3559322033898305,0.3746130030959752,0.35159010600706714,0.4169435215946844,0.41898527004909986,0.32166666666666666,0.29900332225913623,0.4681528662420382,0.328881469115192,0.42671009771986973,0.4383116883116883,0.40131578947368424,0.40752351097178685,0.3685897435897436,0.48946515397082657,0.53,0.46622734761120266,0.43471074380165287,0.509090909090909,0.4469820554649266,0.307426597582038,0.3179791976225854,0.444794952681388,0.32792207792207795,0.3990536277602524,0.3935483870967742,0.3408723747980614,0.32098765432098764,0.41971383147853736,0.19218241042345277,0.44155844155844154,0.42601626016260163,0.40540540540540543,0.38648180242634317,0.15919629057187018,0.4890625,0.34576271186440677,0.3312597200622084,0.4320785597381342,0.3516483516483517,0.41272430668841764,0.49133858267716535,0.3687600644122383,0.5345394736842105,0.4031746031746032,0.32339089481946626,0.4199066874027994,0.41898527004909986,0.3399014778325123,0.527681660899654,0.3567753001715266,0.50814332247557,0.4050420168067227,0.38741721854304634,0.5095541401273885,0.4023372287145242,0.45806451612903226,0.4968454258675079,0.5078864353312302,0.4016260162601626,0.3063209076175041,0.3728,0.36990595611285265,0.3875598086124402,0.4118564742589704,0.4292845257903494,0.43980738362760835,0.19809825673534073,0.5254777070063694,0.3524590163934426,0.32989690721649484,0.3758278145695364,0.4066115702479339,0.4714285714285714,0.47487844408427876,0.27889060092449924,0.41444270015698587,0.3904,0.4492063492063492,0.40871021775544386,0.4918300653594771,0.3974358974358974,0.4518167456556082,0.41694915254237286,0.4339908952959029,0.42251223491027734,0.5282714054927302,0.3360927152317881,0.39182282793867124,0.40609137055837563,0.4078125,0.295169946332737,0.32300163132137033,0.38205980066445183,0.40235690235690236,0.43790849673202614,0.48376068376068376,0.46236559139784944,0.3707692307692308,0.38388625592417064,0.3443708609271523,0.34053156146179403,0.252442996742671,0.37438423645320196,0.3962558502340094,0.23666666666666666,0.16831683168316833,0.2893481717011129,0.22203098106712565,0.30236220472440944,0.2520193861066236
2006,1,9,prevalence,0.3964968152866242,0.43709677419354837,0.2956381260096931,0.48281786941580757,0.4721311475409836,0.4845528455284553,0.43201376936316693,0.29853181076672103,0.3383084577114428,0.355,0.4504950495049505,0.46181172291296624,0.5265700483091788,0.5730897009966778,0.403747870528109,0.37142857142857144,0.4462025316455696,0.4714285714285714,0.27721088435374147,0.5366242038216561,0.4945054945054945,0.400990099009901,0.32057416267942584,0.18555008210180624,0.46511627906976744,0.28827361563517917,0.5218855218855218,0.41765704584040747,0.4718196457326892,0.45641838351822506,0.43278688524590164,0.3273615635179153,0.4628751974723539,0.18739054290718038,0.155668358714044,0.4786053882725832,0.5242718446601942,0.48,0.2578125,0.2637729549248748,0.44983818770226536,0.4551386623164764,0.4628482972136223,0.2366288492706645,0.31309904153354634,0.5193199381761978,0.3501628664495114,0.18506998444790046,0.4470046082949309,0.38617200674536256,0.4900990099009901,0.37169517884914466,0.2425249169435216,0.4015384615384615,0.31683168316831684,0.4012539184952978,0.4540901502504174,0.45439469320066334,0.36163522012578614,0.4532488114104596,0.5060658578856152,0.4387755102040816,0.4492063492063492,0.4280701754385965,0.2564516129032258,0.3295269168026101,0.3333333333333333,0.528125,0.28,0.3942470389170897,0.4370748299319728,0.2961672473867596,0.39490445859872614,0.5,0.4003044140030441,0.4035947712418301,0.46760070052539404,0.5501618122977346,0.25990491283676703,0.3866057838660578,0.4077834179357022,0.3059210526315789,0.4801980198019802,0.43333333333333335,0.23588039867109634,0.345565749235474,0.3361921097770154,0.39767054908485855,0.33610648918469216,0.3560732113144759,0.42834890965732086,0.4144144144144144,0.35973597359735976,0.4181523500810373,0.33387888707037644,0.23938879456706283,0.3792,0.39767054908485855,0.362012987012987,0.4378029079159935,0.393026941362916,0.3996937212863706,0.4281298299845441,0.5416666666666666,0.5796387520525451,0.46611570247933887,0.3789649415692821,0.5291479820627802,0.42788461538461536,0.38250428816466553,0.3,0.4620253164556962,0.3062200956937799,0.3466453674121406,0.3212520593080725,0.26198083067092653,0.27751196172248804,0.36619718309859156,0.13614262560777957,0.45588235294117646,0.4096989966555184,0.5125925925925926,0.4671280276816609,0.17981072555205047,0.4141732283464567,0.38030560271646857,0.30864197530864196,0.4353518821603928,0.41304347826086957,0.4590690208667737,0.3859375,0.3648,0.48589341692789967,0.4333868378812199,0.327212020033389,0.3937984496124031,0.36977491961414793,0.3410981697171381,0.5343642611683849,0.48903878583473864,0.4817880794701987,0.3717728055077453,0.3581847649918963,0.5136,0.4917763157894737,0.4440789473684211,0.47564935064935066,0.46390168970814133,0.4433811802232855,0.2859504132231405,0.46474358974358976,0.3200636942675159,0.42971246006389774,0.4270516717325228,0.5024875621890548,0.3919354838709677,0.23211446740858505,0.4870967741935484,0.4685430463576159,0.310580204778157,0.32784184514003295,0.43567753001715265,0.46189024390243905,0.4590690208667737,0.37799043062200954,0.49203821656050956,0.4188562596599691,0.4716981132075472,0.49174917491749176,0.45016611295681064,0.2682119205298013,0.4385692068429238,0.4269293924466338,0.33588957055214724,0.39285714285714285,0.5402843601895735,0.30385852090032156,0.3219761499148211,0.41407528641571195,0.36774193548387096,0.32922535211267606,0.2842809364548495,0.3191489361702128,0.41594454072790293,0.3860232945091514,0.4373956594323873,0.4573170731707317,0.3620414673046252,0.3968503937007874,0.4431438127090301,0.3945578231292517,0.38181818181818183,0.362012987012987,0.36335403726708076,0.18697829716193656,0.1308562197092084,0.3552,0.23344370860927152,0.25118483412322273,0.34308943089430893
2007,1,9,prevalence,0.35873015873015873,0.2915980230642504,0.30618892508143325,0.4362068965517241,0.5008,0.4521452145214521,0.4514991181657848,0.3079416531604538,0.4546979865771812,0.2802013422818792,0.39728353140916806,0.4424778761061947,0.5375816993464052,0.5394957983193277,0.2796610169491525,0.3758278145695364,0.3883495145631068,0.4493865030674847,0.338409475465313,0.5081967213114754,0.45141065830721006,0.3416666666666667,0.3832528180354267,0.19579288025889968,0.3486394557823129,0.29853181076672103,0.47198641765704585,0.3760262725779967,0.4494949494949495,0.471608832807571,0.4276315789473684,0.3066884176182708,0.5174603174603175,0.16472545757071547,0.1404109589041096,0.5096463022508039,0.5176282051282052,0.4648318042813456,0.3056426332288401,0.4152823920265781,0.44983818770226536,0.4744408945686901,0.5,0.18421052631578946,0.35257410296411856,0.5460218408736349,0.3258426966292135,0.2285276073619632,0.44773790951638065,0.3589315525876461,0.44045676998368677,0.37652439024390244,0.16554054054054054,0.41346153846153844,0.3467094703049759,0.47417840375586856,0.4269102990033223,0.41068447412353926,0.32679738562091504,0.36260162601626017,0.5017123287671232,0.4565972222222222,0.47634069400630913,0.48677248677248675,0.2403225806451613,0.2909090909090909,0.33860759493670883,0.5063091482649842,0.2908805031446541,0.41739130434782606,0.4061433447098976,0.30584192439862545,0.321656050955414,0.546191247974068,0.4735249621785174,0.38704318936877075,0.48109965635738833,0.561014263074485,0.315955766192733,0.4221556886227545,0.4154103852596315,0.233387358184765,0.46921797004991683,0.39015817223198596,0.3050259965337955,0.32273449920508746,0.49658703071672355,0.40064620355411956,0.2819672131147541,0.33225806451612905,0.3865814696485623,0.43315508021390375,0.3310810810810811,0.31333333333333335,0.35855263157894735,0.2326388888888889,0.39486356340288925,0.38003220611916266,0.27344992050874406,0.3975346687211094,0.4,0.325115562403698,0.4454828660436137,0.486697965571205,0.5664,0.4453924914675768,0.40362438220757824,0.5051546391752577,0.3756019261637239,0.4107744107744108,0.29848484848484846,0.3944099378881988,0.29180327868852457,0.40129449838187703,0.3795379537953795,0.3249211356466877,0.28407224958949095,0.38557993730407525,0.1097972972972973,0.4352,0.43944636678200694,0.4369369369369369,0.4229452054794521,0.13268608414239483,0.45652173913043476,0.425,0.3937007874015748,0.4967213114754098,0.3934169278996865,0.4098883572567783,0.409967845659164,0.4074675324675325,0.5145161290322581,0.4845679012345679,0.36764705882352944,0.3380503144654088,0.4532488114104596,0.3245469522240527,0.5585738539898133,0.4444444444444444,0.5416666666666666,0.41724137931034483,0.33387888707037644,0.49606299212598426,0.4006568144499179,0.4926829268292683,0.45425361155698235,0.41515151515151516,0.45527156549520764,0.26533996683250416,0.44208809135399674,0.28917609046849757,0.4811320754716981,0.384375,0.4790322580645161,0.4345718901453958,0.2593192868719611,0.4812398042414356,0.486088379705401,0.34782608695652173,0.2945091514143095,0.49828178694158076,0.3767019667170953,0.4519867549668874,0.37089201877934275,0.49053627760252366,0.27136431784107945,0.48811410459587956,0.5192629815745393,0.44293015332197616,0.3141945773524721,0.34775888717156106,0.45320197044334976,0.4090909090909091,0.4418604651162791,0.4891640866873065,0.35668789808917195,0.3596638655462185,0.3741935483870968,0.35225375626043404,0.26455026455026454,0.381342062193126,0.3645320197044335,0.4814189189189189,0.41254125412541254,0.35344827586206895,0.48714069591527986,0.3814102564102564,0.43,0.3637873754152824,0.36938435940099834,0.416,0.3961038961038961,0.37245696400625977,0.1254125412541254,0.13709677419354838,0.3106796116504854,0.2875816993464052,0.23076923076923078,0.2683333333333333
2008,1,9,prevalence,0.3751962323390895,0.40229885057471265,0.2909698996655518,0.5126903553299492,0.432520325203252,0.48322147651006714,0.5087719298245614,0.3069466882067851,0.39965986394557823,0.3658119658119658,0.4134453781512605,0.47959183673469385,0.55810147299509,0.5238095238095238,0.33217993079584773,0.35426731078904994,0.4166666666666667,0.40282131661442006,0.3808724832214765,0.49105691056910566,0.43837753510140404,0.41625207296849087,0.32598425196850395,0.281055900621118,0.400679117147708,0.16720257234726688,0.5008517887563884,0.3451178451178451,0.5,0.4375,0.47088186356073214,0.24958949096880131,0.4791666666666667,0.18543046357615894,0.21768707482993196,0.4688995215311005,0.4976303317535545,0.45098039215686275,0.36038961038961037,0.3370967741935484,0.38925081433224756,0.5164835164835165,0.4843260188087774,0.23659305993690852,0.32379518072289154,0.5169628432956381,0.27454242928452577,0.27244094488188975,0.4411764705882353,0.33444259567387685,0.48760330578512395,0.28637770897832815,0.19899665551839466,0.35855263157894735,0.373134328358209,0.5234248788368336,0.44958677685950416,0.4626865671641791,0.2864406779661017,0.4771986970684039,0.5445378151260504,0.5051020408163265,0.4758942457231726,0.4955116696588869,0.23178807947019867,0.2569558101472995,0.2708333333333333,0.5069551777434312,0.28888888888888886,0.39862542955326463,0.44768439108061747,0.3385416666666667,0.3526570048309179,0.5618729096989966,0.46646795827123694,0.4276422764227642,0.47130434782608693,0.5248796147672552,0.33385826771653543,0.4255952380952381,0.4420529801324503,0.25363489499192243,0.4835680751173709,0.41467576791808874,0.31762652705061084,0.2532051282051282,0.43333333333333335,0.34910277324632955,0.24149108589951376,0.3713355048859935,0.4401294498381877,0.44194107452339687,0.36,0.4003322259136213,0.3099510603588907,0.2206896551724138,0.3870967741935484,0.36276083467094705,0.35639097744360904,0.3612403100775194,0.38390092879256965,0.31993817619783615,0.36098310291858676,0.5410094637223974,0.5168539325842697,0.47635135135135137,0.41414141414141414,0.4452887537993921,0.26916802610114193,0.37645107794361526,0.24382716049382716,0.3870967741935484,0.32524271844660196,0.3710691823899371,0.44189852700491,0.383147853736089,0.2470978441127695,0.3713405238828968,0.09899328859060402,0.44031007751937984,0.4315068493150685,0.4,0.38578680203045684,0.11658456486042693,0.45709828393135726,0.39661016949152544,0.35658914728682173,0.44958677685950416,0.3536776212832551,0.357487922705314,0.3663522012578616,0.38898163606010017,0.5111464968152867,0.4177215189873418,0.35185185185185186,0.34565916398713825,0.4108527131782946,0.3442622950819672,0.5721476510067114,0.3890784982935154,0.5367047308319739,0.4159869494290375,0.30806451612903224,0.4688995215311005,0.42857142857142855,0.4503311258278146,0.47987117552334946,0.45858895705521474,0.42948717948717946,0.22719734660033167,0.3925686591276252,0.2992,0.4414976599063963,0.4548335974643423,0.4437400950871632,0.43577235772357725,0.24516129032258063,0.45395799676898224,0.43234323432343236,0.3311367380560132,0.3595317725752508,0.49834437086092714,0.46015037593984964,0.4959481361426256,0.35038759689922483,0.4444444444444444,0.3509036144578313,0.5116279069767442,0.4473684210526316,0.42579505300353354,0.35,0.3147286821705426,0.4169435215946844,0.39184952978056425,0.44861337683523655,0.5682888540031397,0.40222575516693165,0.40397350993377484,0.32432432432432434,0.3931484502446982,0.22621184919210055,0.44350758853288363,0.29421487603305785,0.48092868988391374,0.400990099009901,0.3612040133779264,0.4582723279648609,0.40371621621621623,0.39901477832512317,0.4169435215946844,0.28135593220338984,0.35947712418300654,0.40353697749196143,0.44178628389154706,0.06666666666666667,0.13833333333333334,0.19902912621359223,0.22926829268292684,0.12218649517684887,0.18811881188118812
2009,1,9,prevalence,0.40965732087227413,0.41585760517799353,0.27182866556836904,0.418212478920742,0.478330658105939,0.48111658456486045,0.39015817223198596,0.3042071197411003,0.30689655172413793,0.4519867549668874,0.4594594594594595,0.452991452991453,0.5419354838709678,0.6046901172529313,0.30016583747927034,0.34775641025641024,0.44200626959247646,0.37282780410742494,0.26688632619439867,0.4948630136986301,0.43167701863354035,0.36617405582922824,0.2958860759493671,0.28708133971291866,0.41459369817578773,0.15823817292006526,0.46113989637305697,0.42244224422442245,0.47818791946308725,0.4606741573033708,0.5151006711409396,0.2540453074433657,0.5543130990415336,0.15650741350906094,0.3427620632279534,0.4893964110929853,0.4960998439937597,0.4548238897396631,0.3617693522906793,0.18092105263157895,0.41545893719806765,0.5023696682464455,0.5133437990580848,0.2899505766062603,0.3450920245398773,0.519327731092437,0.34210526315789475,0.3581183611532625,0.4782608695652174,0.33278418451400327,0.43230016313213704,0.2890995260663507,0.1669421487603306,0.3300653594771242,0.43781094527363185,0.46215780998389694,0.40544871794871795,0.39378238341968913,0.2958677685950413,0.38825448613376834,0.5103092783505154,0.4312080536912752,0.43740095087163233,0.43717728055077454,0.19148936170212766,0.2685337726523888,0.3089171974522293,0.4992248062015504,0.29411764705882354,0.32597623089983024,0.4602368866328257,0.37285223367697595,0.3911620294599018,0.5661016949152542,0.3990895295902883,0.2993527508090615,0.46048109965635736,0.5762439807383628,0.44637223974763407,0.3951734539969834,0.4097560975609756,0.24104234527687296,0.48976377952755906,0.48903878583473864,0.3339191564147627,0.2902711323763955,0.35515548281505727,0.32189542483660133,0.3451043338683788,0.38164251207729466,0.4718196457326892,0.3670668953687822,0.3368055555555556,0.3795379537953795,0.34554140127388533,0.25673249551166966,0.44551282051282054,0.3978328173374613,0.4055727554179567,0.3021148036253776,0.40706605222734255,0.2542372881355932,0.3868954758190328,0.5131782945736434,0.5071315372424723,0.5033333333333333,0.46798029556650245,0.5324074074074074,0.3825396825396825,0.3582089552238806,0.35173501577287064,0.4338709677419355,0.2915309446254072,0.35857805255023184,0.40728476821192056,0.4140625,0.21943048576214405,0.3984615384615385,0.0576271186440678,0.41500765696784075,0.4202401372212693,0.45904173106646057,0.4652317880794702,0.10289389067524116,0.4520547945205479,0.4307178631051753,0.3990895295902883,0.4226289517470882,0.31160572337042924,0.27377049180327867,0.3392568659127625,0.3617021276595745,0.4755700325732899,0.3926174496644295,0.3482758620689655,0.45454545454545453,0.3860759493670886,0.3197969543147208,0.5527210884353742,0.45068027210884354,0.5284552845528455,0.34262295081967215,0.28780487804878047,0.47327044025157233,0.4290375203915171,0.4708904109589041,0.5236593059936908,0.4342688330871492,0.4370015948963317,0.2797319932998325,0.4396825396825397,0.3665086887835703,0.4624,0.43125,0.4301242236024845,0.43275862068965515,0.21077654516640254,0.4967948717948718,0.511864406779661,0.3383333333333333,0.36507936507936506,0.46688741721854304,0.4294294294294294,0.41585760517799353,0.34910277324632955,0.4959871589085072,0.41467065868263475,0.4781931464174455,0.4402618657937807,0.47758620689655173,0.31511254019292606,0.4391371340523883,0.35714285714285715,0.45723684210526316,0.37717908082408874,0.5489566613162119,0.3343949044585987,0.4146341463414634,0.35714285714285715,0.3338815789473684,0.35563380281690143,0.32013769363166955,0.3127035830618892,0.464,0.40404040404040403,0.3954248366013072,0.4818731117824773,0.44425675675675674,0.4199346405228758,0.4096185737976783,0.3226890756302521,0.383739837398374,0.3088235294117647,0.37404580152671757,0.12982998454404945,0.14332784184514002,0.2171799027552674,0.156957928802589,0.0904836193447738,0.2066115702479339
2010,1,9,prevalence,0.4047244094488189,0.355,0.2544861337683524,0.535472972972973,0.45773524720893144,0.4903536977491961,0.4092465753424658,0.2800658978583196,0.3247863247863248,0.3547854785478548,0.4636963696369637,0.4297658862876254,0.565625,0.5960912052117264,0.3282828282828283,0.3500810372771475,0.3354330708661417,0.4720496894409938,0.2991735537190083,0.5181347150259067,0.43317972350230416,0.32896890343698854,0.28708133971291866,0.30269413629160064,0.3722871452420701,0.15548281505728315,0.4764309764309764,0.4069767441860465,0.45107794361525705,0.46445497630331756,0.48013816925734026,0.2934609250398724,0.5199335548172758,0.2062992125984252,0.3387096774193548,0.4763458401305057,0.5007824726134585,0.496996996996997,0.3230293663060278,0.19738988580750408,0.4090909090909091,0.5208655332302936,0.4672897196261682,0.2878289473684211,0.3194444444444444,0.4925124792013311,0.4226289517470882,0.2616822429906542,0.44301765650080255,0.3622950819672131,0.4722222222222222,0.3536977491961415,0.16526138279932545,0.31107491856677527,0.37104825291181365,0.4607679465776294,0.3549920760697306,0.44221105527638194,0.3247172859450727,0.3723577235772358,0.5342706502636204,0.40640809443507586,0.44657097288676234,0.48392554991539766,0.20465890183028287,0.272875816993464,0.26978998384491115,0.5,0.3523489932885906,0.42276422764227645,0.5087719298245614,0.3847457627118644,0.41243862520458263,0.5204778156996587,0.3905053598774885,0.28664495114006516,0.42470389170896783,0.5801282051282052,0.408,0.35958395245170877,0.45544554455445546,0.2980132450331126,0.4588607594936709,0.4209650582362729,0.39893617021276595,0.2768,0.3474025974025974,0.3532258064516129,0.3977812995245642,0.3022875816993464,0.48148148148148145,0.4117647058823529,0.306368330464716,0.3466453674121406,0.33226324237560195,0.36380255941499084,0.411371237458194,0.3667711598746082,0.3436055469953775,0.42835365853658536,0.34312210200927357,0.35377358490566035,0.4581430745814307,0.49016641452344933,0.5381026438569206,0.45500848896434637,0.4377049180327869,0.44875776397515527,0.4237012987012987,0.3703099510603589,0.3751987281399046,0.40858505564387915,0.3283582089552239,0.41459627329192544,0.43137254901960786,0.38131699846860645,0.27563025210084036,0.47058823529411764,0.08013355592654424,0.42788461538461536,0.45918367346938777,0.48254931714719274,0.4057971014492754,0.11755233494363929,0.46515151515151515,0.30818619582664525,0.3384853168469861,0.42644628099173554,0.29411764705882354,0.3612040133779264,0.33166666666666667,0.37868852459016394,0.4878444084278768,0.4335548172757475,0.2840531561461794,0.4688,0.43788819875776397,0.3504983388704319,0.5913621262458472,0.42276422764227645,0.5072,0.3624382207578254,0.25396825396825395,0.49537037037037035,0.45990180032733224,0.4838709677419355,0.5138888888888888,0.35893648449039883,0.3939873417721519,0.19732441471571907,0.443217665615142,0.35748031496062993,0.4751552795031056,0.4190031152647975,0.39906832298136646,0.42953020134228187,0.23088923556942278,0.47768595041322315,0.4966442953020134,0.3076923076923077,0.39759036144578314,0.46534653465346537,0.42924528301886794,0.3888888888888889,0.3344262295081967,0.42476489028213166,0.3691376701966717,0.4813664596273292,0.4180064308681672,0.505922165820643,0.28365384615384615,0.38880248833592534,0.3388704318936877,0.39800995024875624,0.49056603773584906,0.4729064039408867,0.38287560581583197,0.3189102564102564,0.36304700162074555,0.3076923076923077,0.3955094991364421,0.2961082910321489,0.2652388797364086,0.4886731391585761,0.4096989966555184,0.41233766233766234,0.42476489028213166,0.4735099337748344,0.4643423137876387,0.41396933560477,0.3637846655791191,0.3859060402684564,0.31833333333333336,0.41515650741350907,0.20450885668276972,0.15359477124183007,0.18403908794788273,0.12238325281803543,0.0943683409436834,0.20846905537459284
2011,1,9,prevalence,0.3104,0.36437908496732024,0.255,0.48976109215017066,0.506514657980456,0.5242718446601942,0.3953098827470687,0.349025974025974,0.30049261083743845,0.33553719008264465,0.37976782752902155,0.44276094276094274,0.5846394984326019,0.5594855305466238,0.3525423728813559,0.36220472440944884,0.3961352657004831,0.4430379746835443,0.2743801652892562,0.5413153456998314,0.4769475357710652,0.43890675241157556,0.33665008291873966,0.20766773162939298,0.45084745762711864,0.13114754098360656,0.5174129353233831,0.4527363184079602,0.49508196721311476,0.47393364928909953,0.44991511035653653,0.3965785381026439,0.49673202614379086,0.23854660347551343,0.2694805194805195,0.5311475409836065,0.49369085173501576,0.4459665144596651,0.35842880523731585,0.2922077922077922,0.41402337228714525,0.4422187981510015,0.5,0.2433774834437086,0.26533742331288346,0.5076142131979695,0.38524590163934425,0.1883614088820827,0.45234248788368336,0.36348684210526316,0.5459098497495827,0.364951768488746,0.16302521008403362,0.2936378466557912,0.3519736842105263,0.4883720930232558,0.36075949367088606,0.4524207011686144,0.33548387096774196,0.4368932038834951,0.4938704028021016,0.4239316239316239,0.4169329073482428,0.5176470588235295,0.27104377104377103,0.3059210526315789,0.31107491856677527,0.5159128978224455,0.28378378378378377,0.2975206611570248,0.5200698080279232,0.37104825291181365,0.3913738019169329,0.5425170068027211,0.4,0.30971993410214166,0.42735042735042733,0.49841772151898733,0.3694581280788177,0.3183183183183183,0.4263959390862944,0.3256198347107438,0.4470198675496689,0.42269736842105265,0.26048951048951047,0.2540453074433657,0.42601626016260163,0.3354943273905997,0.3990306946688207,0.2532258064516129,0.41373801916932906,0.3768595041322314,0.34804753820033957,0.4064,0.34991974317817015,0.46112115732368897,0.4211382113821138,0.391304347826087,0.3763440860215054,0.3480916030534351,0.32087227414330216,0.4124809741248097,0.4305555555555556,0.5231481481481481,0.4740973312401884,0.4497444633730835,0.383739837398374,0.47634069400630913,0.4311774461028192,0.38752052545155996,0.3764135702746365,0.4192,0.2980769230769231,0.4069400630914827,0.40341880341880343,0.3844984802431611,0.2604340567612688,0.3052959501557632,0.14403973509933773,0.4423076923076923,0.42784380305602715,0.42729970326409494,0.415748031496063,0.20632279534109818,0.4879154078549849,0.3707865168539326,0.3909657320872274,0.44816053511705684,0.3500784929356358,0.3794788273615635,0.35782747603833864,0.4584717607973422,0.4953416149068323,0.4336569579288026,0.3669421487603306,0.416260162601626,0.38087774294670845,0.3645320197044335,0.4793650793650794,0.46243739565943237,0.5256609642301711,0.4084967320261438,0.2929936305732484,0.5207373271889401,0.4112,0.46405228758169936,0.45614035087719296,0.3648255813953488,0.4596651445966514,0.1781512605042017,0.4037854889589905,0.30781758957654726,0.4319620253164557,0.3931888544891641,0.4523076923076923,0.4546952224052718,0.22345483359746435,0.49411764705882355,0.45016611295681064,0.3378151260504202,0.2928082191780822,0.5282131661442007,0.40353697749196143,0.4069400630914827,0.34459459459459457,0.4872611464968153,0.3907185628742515,0.42834890965732086,0.47596153846153844,0.5404040404040404,0.3279742765273312,0.40337423312883436,0.3957654723127036,0.39933444259567386,0.5076452599388379,0.5408496732026143,0.36319218241042345,0.3274478330658106,0.33223684210526316,0.34271523178807944,0.37606837606837606,0.3593220338983051,0.3187919463087248,0.4059561128526646,0.4735945485519591,0.3421487603305785,0.4779299847792998,0.46204620462046203,0.4223300970873786,0.3516666666666667,0.34121621621621623,0.30201342281879195,0.41914191419141916,0.44200626959247646,0.2145214521452145,0.15544871794871795,0.2427652733118971,0.15085536547433903,0.10973724884080371,0.20228384991843393
2012,1,9,prevalence,0.3370429252782194,0.33544303797468356,0.26533996683250416,0.4266666666666667,0.509375,0.5103338632750397,0.42644628099173554,0.30491803278688523,0.36348408710217756,0.46611570247933887,0.4046434494195688,0.4723127035830619,0.55625,0.5939490445859873,0.28522920203735147,0.3792,0.4170692431561997,0.44375,0.22975206611570248,0.5501672240802675,0.47126436781609193,0.37315875613747956,0.27454242928452577,0.2568659127625202,0.43252595155709345,0.2109500805152979,0.5448613376835236,0.4594155844155844,0.5174129353233831,0.3941267387944359,0.43944636678200694,0.3691588785046729,0.5540983606557377,0.23227752639517346,0.2313915857605178,0.5016501650165016,0.5075987841945289,0.43759630200308164,0.36129032258064514,0.35691318327974275,0.43548387096774194,0.42048929663608564,0.5055467511885895,0.2157190635451505,0.2586750788643533,0.5495652173913044,0.4257748776508972,0.18769716088328076,0.49417637271214643,0.3974358974358974,0.526742301458671,0.3723577235772358,0.16524701873935263,0.39285714285714285,0.37859424920127793,0.4947916666666667,0.3813291139240506,0.42033898305084744,0.2932692307692308,0.41362916006339145,0.48951048951048953,0.4126126126126126,0.36220472440944884,0.511437908496732,0.3243697478991597,0.3768595041322314,0.3581847649918963,0.5118483412322274,0.3316412859560068,0.3383084577114428,0.5273037542662116,0.37479541734860883,0.4141732283464567,0.5542763157894737,0.38510301109350237,0.3241491085899514,0.4319327731092437,0.5811023622047244,0.3081967213114754,0.38402457757296465,0.3739967897271268,0.343801652892562,0.4512,0.3617021276595745,0.2781818181818182,0.23174603174603176,0.35379644588045234,0.35514018691588783,0.32222222222222224,0.2781456953642384,0.38041733547351525,0.44189852700491,0.3942470389170897,0.3333333333333333,0.2786377708978328,0.4153846153846154,0.4639865996649916,0.3333333333333333,0.3098159509202454,0.4474885844748858,0.3420647149460709,0.33483483483483484,0.4133545310015898,0.4788519637462236,0.49053627760252366,0.4793814432989691,0.3946932006633499,0.48822605965463106,0.3787878787878788,0.35090609555189456,0.33610648918469216,0.410828025477707,0.2693548387096774,0.41732283464566927,0.4825291181364393,0.34755134281200634,0.25383304940374785,0.2979397781299525,0.25833333333333336,0.5105008077544426,0.4688581314878893,0.41448382126348227,0.44178628389154706,0.24701873935264054,0.4327917282127031,0.43106180665610144,0.49201277955271566,0.4372937293729373,0.3306581059390048,0.40691927512355847,0.38673139158576053,0.40630182421227196,0.45241809672386896,0.37766830870279144,0.36486486486486486,0.39072847682119205,0.33174603174603173,0.4033333333333333,0.4718196457326892,0.4288079470198676,0.546142208774584,0.4152823920265781,0.29606299212598425,0.45317220543806647,0.43103448275862066,0.47952218430034127,0.5064308681672026,0.35267857142857145,0.3358547655068079,0.24701873935264054,0.36288998357963875,0.3300813008130081,0.4296998420221169,0.39090909090909093,0.4327666151468315,0.44680851063829785,0.2823712948517941,0.5163511187607573,0.43842364532019706,0.2864406779661017,0.3768844221105528,0.4601910828025478,0.4154351395730706,0.47737909516380655,0.30398671096345514,0.45893719806763283,0.36128048780487804,0.46677215189873417,0.4003215434083601,0.44873949579831934,0.3953125,0.3343701399688958,0.3748006379585327,0.42949756888168555,0.3684210526315789,0.5058043117744611,0.3951219512195122,0.40282131661442006,0.3766025641025641,0.4184168012924071,0.3943894389438944,0.3590163934426229,0.40229885057471265,0.42105263157894735,0.417910447761194,0.3986820428336079,0.4591194968553459,0.46601941747572817,0.405,0.3754152823920266,0.41435562805872755,0.27347611202635913,0.336038961038961,0.38673139158576053,0.2508532423208191,0.16071428571428573,0.2113144758735441,0.25462962962962965,0.19500780031201248,0.1915966386554622
2013,1,9,prevalence,0.3563402889245586,0.37341772151898733,0.3231292517006803,0.5153473344103393,0.48847926267281105,0.4695121951219512,0.4768976897689769,0.37579617834394907,0.40847457627118644,0.31732418524871353,0.4859038142620232,0.46895424836601307,0.5745341614906833,0.6230031948881789,0.33835845896147404,0.35714285714285715,0.41,0.4085173501577287,0.37375415282392027,0.5633116883116883,0.45161290322580644,0.34285714285714286,0.3271186440677966,0.28917609046849757,0.3686868686868687,0.3187702265372168,0.4917763157894737,0.39579967689822293,0.44073455759599334,0.4056603773584906,0.4740484429065744,0.3349358974358974,0.5024311183144247,0.3216995447647951,0.24217462932454695,0.5058430717863105,0.46390168970814133,0.41037735849056606,0.319935691318328,0.3617693522906793,0.42105263157894735,0.4142194744976816,0.5054773082942097,0.25295109612141653,0.27813504823151125,0.5301418439716312,0.3877221324717286,0.21474358974358973,0.37436762225969644,0.41352201257861637,0.4864433811802233,0.4512396694214876,0.23367697594501718,0.3487603305785124,0.41214057507987223,0.519327731092437,0.42276422764227645,0.4449760765550239,0.3201267828843106,0.38825448613376834,0.5659432387312187,0.4195804195804196,0.36348949919224555,0.5235772357723577,0.3747927031509121,0.3121869782971619,0.28760330578512394,0.5080645161290323,0.34557595993322204,0.30971993410214166,0.5042301184433164,0.3088235294117647,0.3302611367127496,0.5442834138486312,0.44357366771159873,0.38980263157894735,0.40625,0.5464926590538336,0.32066115702479336,0.4088050314465409,0.42105263157894735,0.3562091503267974,0.49348534201954397,0.4395424836601307,0.2884955752212389,0.2939297124600639,0.3783783783783784,0.37285491419656785,0.4022082018927445,0.4174917491749175,0.434375,0.3525641025641026,0.4307178631051753,0.28664495114006516,0.3208137715179969,0.30743243243243246,0.45081967213114754,0.34009360374414976,0.36391912908242613,0.42121684867394693,0.4116743471582181,0.31211180124223603,0.4179566563467492,0.43843843843843844,0.5763239875389408,0.4826446280991736,0.4280936454849498,0.4864864864864865,0.43492586490939045,0.328525641025641,0.3221476510067114,0.44336569579288027,0.3142389525368249,0.42457231726283046,0.3895253682487725,0.3565640194489465,0.322061191626409,0.4835680751173709,0.385502471169687,0.513911620294599,0.45233968804159447,0.44427001569858715,0.4009508716323296,0.28171334431630973,0.3874425727411945,0.3524720893141946,0.4350547730829421,0.47029702970297027,0.3532182103610675,0.3695299837925446,0.380327868852459,0.35800344234079173,0.46788990825688076,0.4393939393939394,0.3741258741258741,0.36019736842105265,0.45648604269293924,0.42642140468227424,0.5080128205128205,0.40491803278688526,0.518796992481203,0.3933884297520661,0.3544715447154472,0.44461077844311375,0.5007849293563579,0.5033444816053512,0.47368421052631576,0.4085545722713864,0.4083204930662558,0.3397887323943662,0.4536741214057508,0.3577371048252912,0.4430379746835443,0.38930163447251115,0.424886191198786,0.3944353518821604,0.22626582278481014,0.5472972972972973,0.4842454394693201,0.28739495798319326,0.38673139158576053,0.4090909090909091,0.4388609715242881,0.45839874411302983,0.3832236842105263,0.3824503311258278,0.3071104387291982,0.4919614147909968,0.4602649006622517,0.4899328859060403,0.38801261829652994,0.3649754500818331,0.409967845659164,0.4423380726698262,0.4265402843601896,0.5253682487725041,0.37643207855973815,0.43478260869565216,0.37315875613747956,0.36977491961414793,0.34471544715447155,0.3227953410981697,0.3629032258064516,0.3889763779527559,0.4439102564102564,0.2953020134228188,0.40993788819875776,0.43602693602693604,0.4135593220338983,0.41898527004909986,0.3185550082101806,0.33170731707317075,0.4274447949526814,0.44462540716612375,0.24108658743633277,0.2576985413290113,0.23244147157190637,0.37537091988130566,0.3001555209953344,0.2052980132450331
2014,1,9,prevalence,0.43709677419354837,0.3937984496124031,0.3161397670549085,0.4729299363057325,0.44875776397515527,0.5108024691358025,0.4219269102990033,0.31761006289308175,0.3528428093645485,0.39067524115755625,0.4262295081967213,0.4782608695652174,0.5229793977812995,0.5504,0.41818181818181815,0.3172302737520129,0.4085667215815486,0.3841166936790924,0.35760517799352753,0.5249597423510467,0.429042904290429,0.31001589825119236,0.415973377703827,0.32114467408585057,0.39232053422370616,0.3365695792880259,0.4829821717990275,0.38688524590163936,0.4595959595959596,0.4207221350078493,0.4119718309859155,0.3259493670886076,0.46254071661237783,0.3328402366863905,0.2680921052631579,0.42549668874172186,0.462015503875969,0.44104134762633995,0.34824281150159747,0.3322884012539185,0.4028892455858748,0.4549689440993789,0.4630225080385852,0.30807248764415157,0.39556962025316456,0.488013698630137,0.31869918699186994,0.32263242375601925,0.44194107452339687,0.3412322274881517,0.46266233766233766,0.37018425460636517,0.3316062176165803,0.4505672609400324,0.3524720893141946,0.5209380234505863,0.3705501618122977,0.41830065359477125,0.35837245696400627,0.4075286415711948,0.44370860927152317,0.4055459272097054,0.4876847290640394,0.5384615384615384,0.38372093023255816,0.32348111658456485,0.337152209492635,0.45527156549520764,0.37337662337662336,0.36981757877280264,0.4827018121911038,0.3449920508744038,0.38304552590266877,0.5411392405063291,0.38284839203675347,0.3311036789297659,0.4697986577181208,0.5612903225806452,0.35067114093959734,0.43585780525502316,0.49421487603305786,0.33495934959349594,0.42948717948717946,0.42833333333333334,0.3090277777777778,0.297427652733119,0.39834710743801655,0.3996865203761755,0.40224358974358976,0.34554140127388533,0.45085803432137284,0.3926282051282051,0.36231884057971014,0.2996688741721854,0.340625,0.27627118644067794,0.43666666666666665,0.27917981072555204,0.35139318885448917,0.4106060606060606,0.39280125195618154,0.35714285714285715,0.42879256965944273,0.5097744360902255,0.44753086419753085,0.42642140468227424,0.424190800681431,0.5095238095238095,0.44648829431438125,0.33226324237560195,0.3026315789473684,0.3841166936790924,0.322061191626409,0.39602446483180426,0.4782608695652174,0.362012987012987,0.31170886075949367,0.4258064516129032,0.32669983416252074,0.434991974317817,0.4880546075085324,0.3686708860759494,0.3198707592891761,0.21510673234811165,0.4551083591331269,0.36231884057971014,0.42362204724409447,0.47163695299837927,0.350547730829421,0.4464,0.48776508972267535,0.38513513513513514,0.5357710651828299,0.42833607907743,0.4188034188034188,0.36688311688311687,0.4436974789915966,0.3873581847649919,0.5385852090032154,0.44193548387096776,0.49537037037037035,0.4250814332247557,0.3839869281045752,0.4510703363914373,0.4129746835443038,0.4571917808219178,0.457286432160804,0.3978658536585366,0.4322678843226788,0.30122591943957966,0.4352,0.4245901639344262,0.45,0.3718518518518519,0.40310077519379844,0.4423076923076923,0.290519877675841,0.5,0.4311475409836066,0.36617405582922824,0.33223684210526316,0.4,0.4288107202680067,0.48829953198127923,0.3532258064516129,0.43492586490939045,0.36085626911314983,0.48105436573311366,0.45203252032520325,0.37416107382550334,0.36875,0.4396825396825397,0.31746031746031744,0.4146341463414634,0.4815950920245399,0.499194847020934,0.3066884176182708,0.37735849056603776,0.3864734299516908,0.3155339805825243,0.3225283630470016,0.2857142857142857,0.3727422003284072,0.3896940418679549,0.40093603744149764,0.3953871499176277,0.45511811023622045,0.42642140468227424,0.42164781906300486,0.34775641025641024,0.34299516908212563,0.2537313432835821,0.3648,0.3920265780730897,0.3250414593698176,0.34039087947882735,0.38358458961474035,0.33024691358024694,0.3474025974025974,0.3239202657807309
2015,1,9,prevalence,0.40226171243941844,0.39184952978056425,0.39398998330550916,0.43573667711598746,0.4685099846390169,0.45858895705521474,0.47753743760399336,0.3265940902021773,0.37860780984719866,0.3777429467084639,0.46885245901639344,0.4467408585055644,0.5638977635782748,0.5475040257648953,0.3865546218487395,0.30153846153846153,0.3760262725779967,0.47920133111480867,0.32459016393442625,0.5781758957654723,0.4459234608985025,0.373015873015873,0.39267886855241263,0.3144758735440932,0.43140495867768597,0.27495908346972175,0.5122349102773246,0.391025641025641,0.4297658862876254,0.3902053712480253,0.46153846153846156,0.30917874396135264,0.5335515548281505,0.28826151560178304,0.2496,0.4718543046357616,0.4668769716088328,0.4620253164556962,0.3228346456692913,0.291866028708134,0.39700996677740863,0.4125,0.4466338259441708,0.33816425120772947,0.3422712933753943,0.5402504472271914,0.3140495867768595,0.308562197092084,0.40827338129496404,0.3242811501597444,0.4510433386837881,0.4320785597381342,0.3559027777777778,0.4207920792079208,0.33858267716535434,0.473257698541329,0.34831460674157305,0.482484076433121,0.3244929797191888,0.43265993265993263,0.5050335570469798,0.42549668874172186,0.4057239057239057,0.5039001560062403,0.32066115702479336,0.3258064516129032,0.32338308457711445,0.4926829268292683,0.26009693053311794,0.380327868852459,0.5369774919614148,0.3758064516129032,0.36589147286821705,0.5015822784810127,0.3878504672897196,0.41776315789473684,0.4864864864864865,0.6028708133971292,0.3174872665534805,0.3937984496124031,0.4163934426229508,0.26384364820846906,0.4037854889589905,0.4442675159235669,0.34395973154362414,0.22986577181208054,0.349025974025974,0.3796875,0.31239935587761675,0.26418152350081037,0.43890675241157556,0.405320813771518,0.35864297253634897,0.4119601328903654,0.3230293663060278,0.18600682593856654,0.45395799676898224,0.29475308641975306,0.34384384384384387,0.4009146341463415,0.4178628389154705,0.32710280373831774,0.43898573692551507,0.5128593040847201,0.4991922455573506,0.4074675324675325,0.41127694859038144,0.4864433811802233,0.45588235294117646,0.31260229132569556,0.23178807947019867,0.4373983739837398,0.34615384615384615,0.37947122861586313,0.4642857142857143,0.32137030995106036,0.3715170278637771,0.39109697933227344,0.27182866556836904,0.48881789137380194,0.411864406779661,0.39325842696629215,0.3673805601317957,0.1761904761904762,0.4344512195121951,0.33004926108374383,0.3744075829383886,0.45016077170418006,0.34134615384615385,0.40916271721958924,0.4546925566343042,0.45819935691318325,0.4538087520259319,0.5024793388429752,0.34686971235194586,0.35084745762711866,0.38250428816466553,0.40219092331768386,0.5179407176287052,0.41252006420545745,0.463302752293578,0.407108239095315,0.2956810631229236,0.49226006191950467,0.4158730158730159,0.4312393887945671,0.5016447368421053,0.39285714285714285,0.41140215716486905,0.4318181818181818,0.38362760834670945,0.3375,0.47392638036809814,0.33853354134165364,0.4256,0.4478330658105939,0.2778649921507064,0.5084745762711864,0.4557377049180328,0.3583061889250814,0.31840796019900497,0.43221690590111644,0.42907801418439717,0.4355083459787557,0.3713355048859935,0.43636363636363634,0.3708206686930091,0.494949494949495,0.43137254901960786,0.4340567612687813,0.34277198211624443,0.4326923076923077,0.3685897435897436,0.42197452229299365,0.4257871064467766,0.5379537953795379,0.28846153846153844,0.31516936671575846,0.3198051948051948,0.27608346709470305,0.2961165048543689,0.3195364238410596,0.35914332784184516,0.3987341772151899,0.4349157733537519,0.3648424543946932,0.463452566096423,0.3876871880199667,0.4576547231270358,0.5046728971962616,0.3466453674121406,0.3649754500818331,0.3501628664495114,0.4320388349514563,0.26436781609195403,0.34941763727121466,0.30066445182724255,0.2703125,0.27503974562798095,0.3464696223316913
2016,1,9,prevalence,0.39907550077041604,0.34923076923076923,0.3596774193548387,0.4346456692913386,0.4276827371695179,0.5015723270440252,0.4165316045380875,0.33700787401574805,0.35,0.36321483771251933,0.5023771790808241,0.45088566827697263,0.5468998410174881,0.5741935483870968,0.34219269102990035,0.31504702194357365,0.364951768488746,0.47019867549668876,0.3587140439932318,0.5523809523809524,0.448566610455312,0.36553945249597425,0.3873581847649919,0.24958949096880131,0.40192926045016075,0.26391096979332274,0.4751203852327448,0.36885245901639346,0.5227272727272727,0.4692556634304207,0.44745762711864406,0.291866028708134,0.5123152709359606,0.20268256333830104,0.2630718954248366,0.48217317487266553,0.45440494590417313,0.41601255886970173,0.33814102564102566,0.31496062992125984,0.35889070146818924,0.48171701112877585,0.500823723228995,0.29200652528548127,0.28322784810126583,0.5499092558983666,0.4121510673234811,0.23114754098360657,0.4632867132867133,0.36044657097288674,0.5,0.3896321070234114,0.3128205128205128,0.36198347107438017,0.3632075471698113,0.45718901453957994,0.47275641025641024,0.40916271721958924,0.26452599388379205,0.3814935064935065,0.5303776683087028,0.441747572815534,0.45454545454545453,0.5079365079365079,0.20352564102564102,0.30806451612903224,0.41407528641571195,0.510236220472441,0.32131147540983607,0.31561996779388085,0.46006389776357826,0.389937106918239,0.38729198184568836,0.49445324881141045,0.35772357723577236,0.3563218390804598,0.5058823529411764,0.5141955835962145,0.3310810810810811,0.37245696400625977,0.39052287581699346,0.29605263157894735,0.41214057507987223,0.38485804416403785,0.2704507512520868,0.25040650406504067,0.37521222410865873,0.4169329073482428,0.3725806451612903,0.32405891980360063,0.44631901840490795,0.4720496894409938,0.3338735818476499,0.33766233766233766,0.29709035222052066,0.23786407766990292,0.4440894568690096,0.34520123839009287,0.3554868624420402,0.32547169811320753,0.43993506493506496,0.2725880551301684,0.4326465927099842,0.5128593040847201,0.4576547231270358,0.4629032258064516,0.33111480865224624,0.4755905511811024,0.4258064516129032,0.3027375201288245,0.2752442996742671,0.3715670436187399,0.2688679245283019,0.33798449612403103,0.3676703645007924,0.3723916532905297,0.3490136570561457,0.4278688524590164,0.20880913539967375,0.49517684887459806,0.3905429071803853,0.4431818181818182,0.4820261437908497,0.18111455108359134,0.43759398496240604,0.3691275167785235,0.3913713405238829,0.43859649122807015,0.357487922705314,0.31259720062208396,0.4129746835443038,0.43914473684210525,0.45410628019323673,0.4750830564784053,0.32220367278797996,0.4088669950738916,0.42857142857142855,0.39206349206349206,0.53156146179402,0.4,0.5424528301886793,0.3774193548387097,0.3717105263157895,0.48103186646433993,0.43670886075949367,0.4308231173380035,0.5217391304347826,0.41304347826086957,0.3616,0.3787610619469027,0.4214046822742475,0.3094512195121951,0.4790697674418605,0.4206471494607088,0.39705882352941174,0.4144,0.2606060606060606,0.5520661157024793,0.4755700325732899,0.2996688741721854,0.3630573248407643,0.48562300319488816,0.40569395017793597,0.4560862865947612,0.3031301482701812,0.42158516020236086,0.37248840803709427,0.4735099337748344,0.4098639455782313,0.4868421052631579,0.3364485981308411,0.44711538461538464,0.4274447949526814,0.42356687898089174,0.4343283582089552,0.5324232081911263,0.2980456026058632,0.3056768558951965,0.3448844884488449,0.3235772357723577,0.31695721077654515,0.39663865546218485,0.28802588996763756,0.4095394736842105,0.36363636363636365,0.3589315525876461,0.4796875,0.4500818330605565,0.40589198036006546,0.4104134762633997,0.34290271132376393,0.4444444444444444,0.31727574750830567,0.3621533442088091,0.24668874172185432,0.2462809917355372,0.3200663349917081,0.17896389324960754,0.25434439178515006,0.288961038961039
2017,1,9,prevalence,0.3850837138508371,0.37267080745341613,0.2645161290322581,0.5,0.44929797191887677,0.5094043887147336,0.42483660130718953,0.4147465437788018,0.2962962962962963,0.4009433962264151,0.4303599374021909,0.4184168012924071,0.4896988906497623,0.5671406003159558,0.3295081967213115,0.3475609756097561,0.4604200323101777,0.4362745098039216,0.371900826446281,0.5482815057283142,0.5,0.3841166936790924,0.3652037617554859,0.2540983606557377,0.435126582278481,0.24222585924713586,0.4667697063369397,0.4744408945686901,0.49763779527559054,0.4208860759493671,0.40476190476190477,0.2047244094488189,0.5106035889070146,0.17364341085271318,0.29411764705882354,0.5516074450084603,0.4876543209876543,0.4352,0.3871473354231975,0.31181102362204727,0.487012987012987,0.4927302100161551,0.5008077544426495,0.26677577741407527,0.3103448275862069,0.5108695652173914,0.30844155844155846,0.21322314049586777,0.4191304347826087,0.3453689167974882,0.459546925566343,0.3685950413223141,0.26424870466321243,0.3344262295081967,0.32436708860759494,0.4966996699669967,0.4492063492063492,0.4296998420221169,0.2684766214177979,0.34262295081967215,0.4934210526315789,0.4429530201342282,0.4774624373956594,0.4857142857142857,0.1637239165329053,0.32786885245901637,0.39280125195618154,0.5171288743882545,0.3365695792880259,0.3504823151125402,0.48992248062015503,0.3328173374613003,0.3786259541984733,0.4493464052287582,0.4345718901453958,0.33996683250414594,0.43986820428336076,0.6160130718954249,0.3989983305509182,0.34009360374414976,0.419672131147541,0.3141945773524721,0.41225165562913907,0.42745709828393136,0.2538860103626943,0.32148626817447495,0.36717428087986465,0.40381558028616854,0.36553945249597425,0.4117647058823529,0.41203703703703703,0.47832817337461303,0.2743801652892562,0.33816425120772947,0.2676056338028169,0.32247557003257327,0.5,0.39589905362776023,0.3634920634920635,0.34,0.35152487961476725,0.3113496932515337,0.42946708463949845,0.4890282131661442,0.5387149917627677,0.4544,0.3918918918918919,0.484375,0.42483660130718953,0.31513260530421217,0.3217821782178218,0.32636655948553056,0.22641509433962265,0.33490566037735847,0.46440129449838186,0.3082077051926298,0.3637702503681885,0.3815789473684211,0.18823529411764706,0.44426229508196724,0.44815465729349735,0.3811074918566775,0.4224,0.10047095761381476,0.39365079365079364,0.4576,0.4261006289308176,0.46915584415584416,0.275,0.34,0.33962264150943394,0.4386792452830189,0.49834983498349833,0.46140939597315433,0.3934959349593496,0.45585874799357945,0.44905008635578586,0.3526570048309179,0.5241264559068219,0.428343949044586,0.5116279069767442,0.37018425460636517,0.36515912897822445,0.42686567164179107,0.4840764331210191,0.45500848896434637,0.5245098039215687,0.48085758039816234,0.3903225806451613,0.32642487046632124,0.4827586206896552,0.26615384615384613,0.40030911901081917,0.41294298921417566,0.49506578947368424,0.4392220421393841,0.26146788990825687,0.4850498338870432,0.4208860759493671,0.35392320534223703,0.34591194968553457,0.44178628389154706,0.5017482517482518,0.43431221020092736,0.32377740303541314,0.4557377049180328,0.28794992175273865,0.5016556291390728,0.461038961038961,0.47145187601957583,0.25039123630672927,0.39087947882736157,0.46367851622874806,0.40858505564387915,0.4542728635682159,0.5487603305785124,0.3371150729335494,0.26527570789865873,0.40894568690095845,0.30952380952380953,0.322884012539185,0.3486088379705401,0.308868501529052,0.4590443686006826,0.41317365269461076,0.37080536912751677,0.44657097288676234,0.3825396825396825,0.4369885433715221,0.43098159509202455,0.3483670295489891,0.37209302325581395,0.27197346600331673,0.445859872611465,0.20135363790186125,0.21473354231974923,0.23166666666666666,0.16199376947040497,0.2128,0.24600638977635783
2018,1,9,prevalence,0.3712948517940718,0.3993759750390016,0.2300469483568075,0.4869431643625192,0.4893292682926829,0.47360248447204967,0.5232198142414861,0.29985007496251875,0.34710743801652894,0.449438202247191,0.47737909516380655,0.4051863857374392,0.5673534072900158,0.5849056603773585,0.34181240063593005,0.37094281298299847,0.48465266558966075,0.4472843450479233,0.24212271973466004,0.5482315112540193,0.5596774193548387,0.36,0.315955766192733,0.2819672131147541,0.3677621283255086,0.14098360655737704,0.5128205128205128,0.4215686274509804,0.4960127591706539,0.3734375,0.3672787979966611,0.2708978328173375,0.5240384615384616,0.14174454828660435,0.30874785591766724,0.5551948051948052,0.4908256880733945,0.4857142857142857,0.3712948517940718,0.32919254658385094,0.4746031746031746,0.49216300940438873,0.4437299035369775,0.2032520325203252,0.34201954397394135,0.46964285714285714,0.2816,0.2184873949579832,0.43738977072310403,0.3684210526315789,0.5489566613162119,0.36319218241042345,0.24201680672268908,0.3116883116883117,0.3446601941747573,0.371900826446281,0.39906832298136646,0.39280125195618154,0.26594090202177295,0.4022082018927445,0.5307443365695793,0.4339622641509434,0.4724540901502504,0.45741324921135645,0.22966507177033493,0.305111821086262,0.322884012539185,0.5517774343122102,0.24552845528455283,0.3068362480127186,0.4583333333333333,0.3603053435114504,0.37915407854984895,0.47619047619047616,0.43146417445482865,0.3487261146496815,0.4479338842975207,0.6035031847133758,0.3798319327731092,0.356120826709062,0.43381180223285487,0.35873015873015873,0.5041459369817579,0.46129541864139023,0.29716193656093487,0.2957074721780604,0.3885245901639344,0.334913112164297,0.35842880523731585,0.3085808580858086,0.4078740157480315,0.4266666666666667,0.33986928104575165,0.3338762214983713,0.3274760383386581,0.30842607313195547,0.46551724137931033,0.3024390243902439,0.29185867895545314,0.4401244167962675,0.3556280587275693,0.31981279251170047,0.42105263157894735,0.4775641025641026,0.5402298850574713,0.48049921996879874,0.44039735099337746,0.46445497630331756,0.4110929853181077,0.3161094224924012,0.34628378378378377,0.3873581847649919,0.20253164556962025,0.319935691318328,0.42649434571890144,0.26788685524126454,0.24233576642335766,0.4185667752442997,0.1326530612244898,0.3979933110367893,0.4484536082474227,0.4482200647249191,0.4269293924466338,0.10648148148148148,0.421474358974359,0.4042207792207792,0.4012539184952978,0.40253565768621236,0.32084690553745926,0.39197530864197533,0.3119266055045872,0.44832826747720367,0.4750830564784053,0.45754716981132076,0.38102893890675243,0.3517915309446254,0.4335548172757475,0.34715821812596004,0.5174050632911392,0.4194577352472089,0.46825396825396826,0.38562091503267976,0.3772954924874791,0.44976816074188564,0.49447077409162715,0.5218120805369127,0.4621710526315789,0.46417445482866043,0.4133986928104575,0.2571428571428571,0.46869983948635635,0.32978723404255317,0.4356589147286822,0.38794435857805254,0.43929712460063897,0.4444444444444444,0.16138763197586728,0.4891846921797005,0.40435458786936235,0.2625607779578606,0.3287878787878788,0.39903846153846156,0.48342059336823734,0.4307692307692308,0.3047138047138047,0.49429037520391517,0.375,0.5,0.3791390728476821,0.5467980295566502,0.20155038759689922,0.3888,0.3878504672897196,0.406099518459069,0.4228395061728395,0.4967845659163987,0.37720706260032105,0.291350531107739,0.3652037617554859,0.2879045996592845,0.35403726708074534,0.3446601941747573,0.296969696969697,0.5016949152542373,0.3707533234859675,0.44745762711864406,0.4726134585289515,0.4249201277955272,0.42528735632183906,0.4434250764525994,0.3411214953271028,0.3408360128617363,0.3655737704918033,0.406807131280389,0.1742957746478873,0.1312,0.23089700996677742,0.16962843295638125,0.2032,0.19935691318327975
2019,1,9,prevalence,0.4062992125984252,0.31402439024390244,0.21864951768488747,0.4296875,0.44427244582043346,0.4868217054263566,0.4486571879936809,0.2684766214177979,0.3770764119601329,0.35443037974683544,0.5140625,0.39865996649916247,0.529886914378029,0.6142857142857143,0.3637795275590551,0.34802431610942247,0.4481132075471698,0.3425324675324675,0.23450586264656617,0.47962382445141066,0.5260663507109005,0.3542319749216301,0.3270735524256651,0.34724540901502504,0.3790322580645161,0.127831715210356,0.4920886075949367,0.4605873261205564,0.4816,0.35893416927899685,0.47715736040609136,0.26742301458670986,0.5334394904458599,0.14355628058727568,0.2633390705679862,0.5297029702970297,0.4645061728395062,0.5192307692307693,0.2958860759493671,0.37668161434977576,0.46474358974358976,0.4887459807073955,0.5604026845637584,0.19269102990033224,0.3135048231511254,0.5641025641025641,0.3605220228384992,0.2012987012987013,0.47368421052631576,0.3610271903323263,0.453525641025641,0.3528481012658228,0.1949579831932773,0.3564356435643564,0.3984,0.5033783783783784,0.42857142857142855,0.4423380726698262,0.34651898734177217,0.4305555555555556,0.5365079365079365,0.4546979865771812,0.43865546218487395,0.4215686274509804,0.34913112164297,0.2459016393442623,0.2826086956521739,0.524024024024024,0.2685624012638231,0.33878887070376434,0.45896656534954405,0.3110773899848255,0.338368580060423,0.48657187993680884,0.4166666666666667,0.3424,0.505,0.576,0.3652892561983471,0.39436619718309857,0.43585780525502316,0.32653061224489793,0.4482758620689655,0.40222575516693165,0.33835845896147404,0.33858267716535434,0.36942675159235666,0.3497615262321145,0.3719806763285024,0.3140096618357488,0.4519685039370079,0.42089093701996927,0.3360128617363344,0.39166666666666666,0.3104,0.2737341772151899,0.4688473520249221,0.33653846153846156,0.21144674085850557,0.3765625,0.4074074074074074,0.26479750778816197,0.4248062015503876,0.5596026490066225,0.5187713310580204,0.5216049382716049,0.37437603993344426,0.5229793977812995,0.41680395387149916,0.3193403298350825,0.2715008431703204,0.3431372549019608,0.23417721518987342,0.3877221324717286,0.3943894389438944,0.31794871794871793,0.24107142857142858,0.4806451612903226,0.12931034482758622,0.39072847682119205,0.44166666666666665,0.44407345575959933,0.40397350993377484,0.08874801901743265,0.39303482587064675,0.42812006319115326,0.3333333333333333,0.43622047244094486,0.34925864909390447,0.33540372670807456,0.3677811550151976,0.44925373134328356,0.531986531986532,0.5248447204968945,0.3475409836065574,0.44983818770226536,0.40235690235690236,0.3601236476043277,0.5592417061611374,0.4218009478672986,0.4975767366720517,0.4267716535433071,0.33558178752107926,0.4577572964669739,0.43690851735015773,0.5716694772344013,0.4907563025210084,0.44145569620253167,0.38632478632478634,0.20913884007029876,0.4317817014446228,0.2559241706161137,0.4294573643410853,0.39906832298136646,0.5152979066022544,0.43256578947368424,0.154434250764526,0.5138662316476346,0.470404984423676,0.19370078740157481,0.35585585585585583,0.5355987055016181,0.4196277495769882,0.47425897035881437,0.31414473684210525,0.5165016501650165,0.3807266982622433,0.48519736842105265,0.4621710526315789,0.48509933774834435,0.24228395061728394,0.38362760834670945,0.3821752265861027,0.41017488076311603,0.446676970633694,0.5102040816326531,0.35206611570247937,0.3261205564142195,0.3141524105754277,0.3434343434343434,0.3487261146496815,0.3958333333333333,0.26697530864197533,0.4634551495016611,0.4330827067669173,0.41459074733096085,0.5046439628482973,0.40408805031446543,0.4077181208053691,0.4033485540334855,0.3717948717948718,0.3232484076433121,0.3033175355450237,0.4418238993710692,0.12586206896551724,0.10064935064935066,0.18512396694214875,0.18831168831168832,0.16974789915966387,0.1734860883797054
2020,1,9,prevalence,0.42615384615384616,0.3562691131498471,0.19547657512116318,0.4703125,0.5015060240963856,0.45527156549520764,0.5070643642072213,0.2825112107623318,0.3891625615763547,0.3560371517027864,0.3854660347551343,0.39669421487603307,0.5850556438791733,0.6254019292604501,0.3232484076433121,0.3287878787878788,0.4946070878274268,0.4861788617886179,0.2441860465116279,0.5368589743589743,0.599388379204893,0.43450479233226835,0.31338582677165355,0.3027823240589198,0.44745222929936307,0.12680577849117175,0.47266881028938906,0.4498432601880878,0.521311475409836,0.5047619047619047,0.49393414211438474,0.28,0.5047318611987381,0.11074380165289256,0.22448979591836735,0.5108153078202995,0.47874015748031495,0.4608150470219436,0.25996810207336524,0.3097744360902256,0.408,0.5114754098360655,0.5201938610662359,0.1875,0.36075949367088606,0.4886561954624782,0.44871794871794873,0.19547657512116318,0.512589928057554,0.35944700460829493,0.47419354838709676,0.4135090609555189,0.1915966386554622,0.3274760383386581,0.3376,0.4831081081081081,0.47155688622754494,0.5362095531587057,0.2931854199683043,0.4603421461897356,0.49216300940438873,0.48519736842105265,0.511744966442953,0.5355987055016181,0.3163934426229508,0.26540284360189575,0.31521739130434784,0.5712166172106825,0.3074484944532488,0.2905844155844156,0.5170807453416149,0.41500765696784075,0.31296572280178836,0.46710526315789475,0.3826771653543307,0.39589905362776023,0.5211267605633803,0.5131147540983606,0.37245696400625977,0.4401840490797546,0.4620253164556962,0.297339593114241,0.45395799676898224,0.4616588419405321,0.357495881383855,0.2861635220125786,0.328525641025641,0.3378787878787879,0.3808,0.36038961038961037,0.46697388632872505,0.45864661654135336,0.3772652388797364,0.39767054908485855,0.2922077922077922,0.29541864139020535,0.554531490015361,0.3051948051948052,0.21508828250401285,0.4549689440993789,0.37402190923317685,0.2720125786163522,0.3978658536585366,0.5423452768729642,0.4856175972927242,0.4798807749627422,0.4891846921797005,0.5374800637958532,0.41423948220064727,0.3015151515151515,0.31841652323580033,0.44136807817589574,0.24600638977635783,0.37886178861788616,0.4975609756097561,0.3730834752981261,0.24633431085043989,0.49056603773584906,0.17152658662092624,0.4560260586319218,0.4700996677740864,0.4711864406779661,0.4685908319185059,0.0679304897314376,0.47157190635451507,0.443217665615142,0.3630769230769231,0.3943217665615142,0.34602649006622516,0.3560371517027864,0.39263803680981596,0.38095238095238093,0.5622895622895623,0.5015873015873016,0.304635761589404,0.3996789727126806,0.44568690095846647,0.3380281690140845,0.5663430420711975,0.4171779141104294,0.5889261744966443,0.43402225755166934,0.3299492385786802,0.4728682170542636,0.48822605965463106,0.4703891708967851,0.5279187817258884,0.4697452229299363,0.4867549668874172,0.19793459552495696,0.5537720706260032,0.20652173913043478,0.45884146341463417,0.4363929146537842,0.49841772151898733,0.551948051948052,0.15220700152207,0.5586319218241043,0.47213622291021673,0.20846905537459284,0.29876160990712075,0.4723127035830619,0.4696969696969697,0.42457231726283046,0.37101910828025475,0.5123558484349259,0.4009584664536741,0.521594684385382,0.482258064516129,0.4560810810810811,0.23529411764705882,0.3890728476821192,0.35714285714285715,0.40415335463258784,0.54375,0.5211267605633803,0.33442088091353994,0.3181818181818182,0.31811023622047246,0.38860971524288107,0.41849529780564265,0.35993485342019543,0.2787136294027565,0.45791245791245794,0.4330827067669173,0.47368421052631576,0.4967532467532468,0.5150078988941548,0.43790849673202614,0.36349693251533743,0.3415765069551777,0.35348837209302325,0.3971518987341772,0.4676145339652449,0.10652920962199312,0.07389162561576355,0.17892976588628762,0.20655737704918034,0.14497528830313014,0.13673805601317957
2021,1,9,prevalence,0.386094674556213,0.4550989345509893,0.1705790297339593,0.4437299035369775,0.43478260869565216,0.560064935064935,0.44631901840490795,0.3102409638554217,0.4410828025477707,0.44670846394984326,0.5178849144634525,0.525,0.598705501618123,0.612012987012987,0.338006230529595,0.2857142857142857,0.4611872146118721,0.43243243243243246,0.33112582781456956,0.5340909090909091,0.5404580152671755,0.3926282051282051,0.2859375,0.33116883116883117,0.4561128526645768,0.12151067323481117,0.5256198347107438,0.49230769230769234,0.45648604269293924,0.5421303656597775,0.4573913043478261,0.26174496644295303,0.5494505494505495,0.18781725888324874,0.19491525423728814,0.5886287625418061,0.4620355411954766,0.47974068071312803,0.26198083067092653,0.3058470764617691,0.4958813838550247,0.5176470588235295,0.5540765391014975,0.19047619047619047,0.32761310452418096,0.5332197614991482,0.40549273021001614,0.18801996672212978,0.5826235093696763,0.4027777777777778,0.498371335504886,0.3847402597402597,0.1308562197092084,0.31761006289308175,0.41737649063032367,0.4831649831649832,0.3985185185185185,0.5220125786163522,0.30130293159609123,0.4915254237288136,0.5392,0.512987012987013,0.47315436241610737,0.5040257648953301,0.26721311475409837,0.2861685214626391,0.2872340425531915,0.5237366003062787,0.358609794628752,0.3180327868852459,0.5136363636363637,0.4270516717325228,0.4915254237288136,0.5637583892617449,0.3579277864992151,0.4308176100628931,0.42170542635658914,0.5629032258064516,0.4083850931677019,0.3922480620155039,0.41118421052631576,0.31336405529953915,0.501628664495114,0.5220030349013657,0.35771065182829886,0.30818619582664525,0.42971246006389774,0.38284839203675347,0.37717908082408874,0.28548123980424145,0.38028169014084506,0.3623853211009174,0.46740858505564387,0.4096,0.34527687296416937,0.30393700787401573,0.5937984496124031,0.34094616639477976,0.2467741935483871,0.5292307692307693,0.43010752688172044,0.3072,0.5532544378698225,0.5108514190317195,0.43986254295532645,0.44832826747720367,0.4533333333333333,0.5251215559157212,0.32894736842105265,0.29652042360060515,0.2857142857142857,0.4707792207792208,0.27892234548335976,0.3295081967213115,0.43790849673202614,0.34628378378378377,0.22255192878338279,0.5208655332302936,0.17252931323283083,0.4869281045751634,0.44810543657331137,0.4258373205741627,0.43844856661045534,0.05801526717557252,0.43333333333333335,0.4375,0.3536,0.5135566188197768,0.3288364249578415,0.433587786259542,0.4105754276827372,0.41455696202531644,0.580327868852459,0.45141065830721006,0.28407224958949095,0.44145569620253167,0.4215530903328051,0.3662420382165605,0.5611285266457681,0.4642313546423135,0.6029654036243822,0.4484375,0.399673735725938,0.49923195084485406,0.5078125,0.4958813838550247,0.5373134328358209,0.49293563579277866,0.49506578947368424,0.24196277495769883,0.46141479099678456,0.29283489096573206,0.42615384615384616,0.3927392739273927,0.49921259842519683,0.5080128205128205,0.12106918238993711,0.5456,0.48517940717628705,0.23630672926447574,0.2748091603053435,0.5688816855753647,0.47068403908794787,0.49144634525660963,0.3260135135135135,0.5162866449511401,0.4171974522292994,0.5222405271828665,0.48154093097913325,0.5365448504983389,0.25691056910569104,0.4407051282051282,0.4015625,0.5055821371610846,0.470679012345679,0.5728,0.37225042301184436,0.32896890343698854,0.41341653666146644,0.35294117647058826,0.3279742765273312,0.4448051948051948,0.240625,0.4326923076923077,0.42089093701996927,0.510569105691057,0.5429936305732485,0.5,0.4595879556259905,0.3870481927710843,0.29790660225442833,0.39751552795031053,0.43295638126009695,0.3858520900321543,0.08892617449664429,0.06301824212271974,0.1758957654723127,0.24581939799331104,0.12520593080724876,0.16693418940609953
2022,1,9,prevalence,0.4024024024024024,0.512743628185907,0.2081377151799687,0.5008291873963516,0.5069337442218799,0.5415986949429038,0.43034055727554177,0.3264094955489614,0.33225806451612905,0.4893292682926829,0.4953560371517028,0.46709470304975925,0.5787781350482315,0.5909822866344605,0.32339089481946626,0.3392857142857143,0.3827534039334342,0.5626043405676127,0.3278955954323002,0.5401929260450161,0.5410557184750733,0.4317817014446228,0.2732919254658385,0.3248811410459588,0.5007874015748032,0.11314475873544093,0.5049180327868853,0.49228395061728397,0.5082508250825083,0.5337620578778135,0.4948630136986301,0.23993288590604026,0.5263157894736842,0.32901134521880065,0.19491525423728814,0.5751633986928104,0.48503937007874015,0.5024311183144247,0.3095623987034036,0.3835616438356164,0.4706814580031696,0.5107794361525705,0.5888324873096447,0.17052980132450332,0.34312210200927357,0.5540308747855918,0.3780687397708674,0.20228384991843393,0.4884488448844885,0.4394409937888199,0.4917763157894737,0.397708674304419,0.11024844720496894,0.41835147744945567,0.38747884940778343,0.5367521367521367,0.41750358680057387,0.5023847376788553,0.3419354838709677,0.48502994011976047,0.5385852090032154,0.5258899676375405,0.4073455759599332,0.5359375,0.2895174708818636,0.3108728943338438,0.2867756315007429,0.5349544072948328,0.3789308176100629,0.3154471544715447,0.5547112462006079,0.35444947209653094,0.4787234042553192,0.5391014975041597,0.4326923076923077,0.4054878048780488,0.4449612403100775,0.5474683544303798,0.37538940809968846,0.44200626959247646,0.463884430176565,0.29465648854961835,0.45063694267515925,0.4880239520958084,0.322061191626409,0.22240527182866557,0.424,0.41479099678456594,0.42671009771986973,0.29833333333333334,0.5008103727714749,0.36517719568567025,0.4085173501577287,0.46845425867507884,0.3273615635179153,0.27899686520376177,0.6031496062992125,0.4218009478672986,0.3539967373572594,0.5367762128325508,0.3215926493108729,0.40249609984399376,0.4080370942812983,0.5627009646302251,0.5388513513513513,0.5146831530139103,0.4205298013245033,0.49920255183413076,0.39398998330550916,0.30243161094224924,0.2894736842105263,0.4634146341463415,0.2659235668789809,0.39316239316239315,0.42857142857142855,0.33503401360544216,0.28,0.5329249617151608,0.21512605042016808,0.5442834138486312,0.4824120603015075,0.529505582137161,0.49434571890145396,0.04487179487179487,0.4991652754590985,0.4421875,0.4272,0.48856209150326796,0.3855421686746988,0.3835616438356164,0.4532488114104596,0.43644716692189894,0.5725806451612904,0.47295208655332305,0.3360655737704918,0.4755905511811024,0.440809968847352,0.3391167192429022,0.5234375,0.46987951807228917,0.6166666666666667,0.4798136645962733,0.4391785150078989,0.4826021180030257,0.539906103286385,0.48914858096828046,0.5496575342465754,0.47327044025157233,0.4691358024691358,0.2947019867549669,0.4871382636655949,0.39619651347068147,0.4254658385093168,0.38564273789649417,0.48346456692913387,0.5266558966074314,0.13990461049284578,0.5245641838351822,0.5337620578778135,0.364741641337386,0.32102728731942215,0.5754716981132075,0.45585874799357945,0.4945054945054945,0.36833333333333335,0.47783251231527096,0.4594155844155844,0.529126213592233,0.49528301886792453,0.5098360655737705,0.2588996763754045,0.558641975308642,0.4354587869362364,0.4504792332268371,0.48291233283803864,0.5576619273301737,0.30258899676375406,0.4035656401944895,0.4563552833078101,0.46258503401360546,0.39553429027113235,0.4276729559748428,0.2834890965732087,0.4223300970873786,0.4638364779874214,0.424390243902439,0.5126182965299685,0.48244274809160304,0.4588045234248788,0.5105421686746988,0.37756714060031593,0.3322475570032573,0.4078303425774878,0.46215780998389694,0.07337883959044368,0.05591054313099041,0.13833333333333334,0.3241852487135506,0.10561056105610561,0.1540983606557377
2023,1,9,prevalence,0.43609022556390975,0.5182370820668692,0.2923076923076923,0.4489112227805695,0.4372163388804841,0.5351437699680511,0.4281437125748503,0.3884673748103187,0.3926282051282051,0.43879173290937995,0.4869431643625192,0.4735973597359736,0.5555555555555556,0.5491143317230274,0.3160377358490566,0.3688888888888889,0.39906832298136646,0.5409836065573771,0.4176182707993475,0.5854838709677419,0.4419306184012066,0.526148969889065,0.3789954337899543,0.27287066246056785,0.5507936507936508,0.12458471760797342,0.4966996699669967,0.422360248447205,0.45346869712351945,0.5410628019323671,0.571917808219178,0.2337228714524207,0.47417840375586856,0.3810316139767055,0.24873096446700507,0.5499207606973059,0.46439628482972134,0.4796084828711256,0.488,0.4647239263803681,0.5093457943925234,0.5344262295081967,0.47474747474747475,0.2795341098169717,0.3453125,0.5459098497495827,0.3580645161290323,0.28217821782178215,0.4276422764227642,0.4385432473444613,0.4975206611570248,0.3580441640378549,0.13282442748091602,0.3488,0.4295190713101161,0.46221441124780316,0.4220314735336195,0.5023255813953489,0.3193548387096774,0.4505327245053272,0.49447077409162715,0.5154975530179445,0.5167224080267558,0.43478260869565216,0.38190954773869346,0.40570522979397783,0.32326283987915405,0.5120845921450151,0.35071090047393366,0.5434782608695652,0.5525114155251142,0.35857805255023184,0.4229607250755287,0.48198970840480276,0.36995153473344106,0.35758513931888547,0.4401244167962675,0.5604395604395604,0.3427230046948357,0.4693548387096774,0.4640625,0.30745341614906835,0.4738562091503268,0.44285714285714284,0.35096153846153844,0.2434640522875817,0.4528,0.4305993690851735,0.4246353322528363,0.4134948096885813,0.4416,0.45539906103286387,0.47249190938511326,0.41025641025641024,0.3622704507512521,0.31695721077654515,0.5023547880690737,0.512539184952978,0.5490506329113924,0.458128078817734,0.4370015948963317,0.4459016393442623,0.4494556765163297,0.5016233766233766,0.5033557046979866,0.4214501510574018,0.45723684210526316,0.5481727574750831,0.445,0.4748858447488584,0.39373970345963755,0.5193548387096775,0.4029126213592233,0.423407917383821,0.494195688225539,0.3918032786885246,0.2950310559006211,0.5189681335356601,0.25205930807248766,0.5031948881789138,0.42905405405405406,0.42718446601941745,0.5434439178515008,0.03937007874015748,0.45645161290322583,0.4186413902053712,0.5778816199376947,0.5040916530278232,0.39070567986230637,0.4234930448222566,0.47471451876019577,0.3922480620155039,0.5448818897637795,0.5069767441860465,0.41435562805872755,0.4828711256117455,0.5015243902439024,0.4438943894389439,0.494488188976378,0.4456035767511177,0.5090609555189456,0.41849529780564265,0.5297805642633229,0.525,0.4811320754716981,0.5,0.5481727574750831,0.5053929121725732,0.43661971830985913,0.45289256198347105,0.4479338842975207,0.40728476821192056,0.5,0.46293245469522243,0.5178849144634525,0.46410684474123537,0.2433774834437086,0.4927536231884058,0.5214626391096979,0.5993788819875776,0.39082278481012656,0.4928,0.3902027027027027,0.5414012738853503,0.4834983498349835,0.5269168026101142,0.5007874015748032,0.46078431372549017,0.5238095238095238,0.5176848874598071,0.37359098228663445,0.5379746835443038,0.5215311004784688,0.4111111111111111,0.4785932721712538,0.5364667747163695,0.38915470494417864,0.5041322314049587,0.4471299093655589,0.4781144781144781,0.3762057877813505,0.37799043062200954,0.35736196319018404,0.4701130856219709,0.4551282051282051,0.4292682926829268,0.5440494590417311,0.4523449319213313,0.5345394736842105,0.47320061255742724,0.37816455696202533,0.3926282051282051,0.5152487961476726,0.4799357945425361,0.056338028169014086,0.08507223113964688,0.14918032786885246,0.34,0.1325503355704698,0.21011058451816747
2024,1,9,prevalence,0.4211332312404288,0.4883720930232558,0.36106750392464676,0.47840531561461797,0.39274924471299094,0.5545023696682464,0.4042232277526395,0.41321044546851,0.3142857142857143,0.4922360248447205,0.4725609756097561,0.4768976897689769,0.5810593900481541,0.5942492012779552,0.36492890995260663,0.3550834597875569,0.3653250773993808,0.4741100323624595,0.43630573248407645,0.528830313014827,0.4110429447852761,0.4968944099378882,0.4230769230769231,0.250788643533123,0.5255591054313099,0.15934959349593497,0.47106109324758844,0.3684210526315789,0.4691780821917808,0.48859934853420195,0.4724137931034483,0.2955665024630542,0.5165876777251185,0.34782608695652173,0.32295081967213113,0.5154798761609907,0.4567307692307692,0.4935897435897436,0.47775947281713343,0.45329249617151607,0.5022900763358779,0.5130293159609121,0.5291095890410958,0.34105960264900664,0.31504702194357365,0.5564648117839607,0.31766612641815234,0.30505709624796085,0.4509493670886076,0.4,0.5350734094616639,0.3627450980392157,0.20417287630402384,0.3611111111111111,0.3542009884678748,0.498220640569395,0.41654357459379615,0.5134281200631912,0.30434782608695654,0.375,0.5454545454545454,0.5464926590538336,0.4817880794701987,0.478330658105939,0.41254125412541254,0.3740340030911901,0.40746268656716417,0.5245398773006135,0.31761006289308175,0.5801526717557252,0.5037593984962406,0.4074074074074074,0.42749244712990936,0.5571895424836601,0.3716535433070866,0.3343949044585987,0.4350547730829421,0.5496794871794872,0.34006211180124224,0.42567567567567566,0.39838709677419354,0.3881278538812785,0.41818181818181815,0.42625368731563423,0.3066884176182708,0.33766233766233766,0.4546925566343042,0.41352201257861637,0.3275039745627981,0.4329896907216495,0.4317817014446228,0.38880248833592534,0.4446227929373997,0.392914653784219,0.385502471169687,0.358814352574103,0.5170731707317073,0.48242811501597443,0.51875,0.4769736842105263,0.40222575516693165,0.4192,0.4692913385826772,0.5584415584415584,0.5481727574750831,0.4253048780487805,0.47333333333333333,0.531810766721044,0.3936348408710218,0.47754491017964074,0.4049586776859504,0.5089722675367048,0.44155844155844154,0.3771043771043771,0.49755301794453505,0.3923841059602649,0.31442463533225284,0.4635258358662614,0.31900826446280994,0.449685534591195,0.4524590163934426,0.4204724409448819,0.4798136645962733,0.03164556962025317,0.4588045234248788,0.4254658385093168,0.4870229007633588,0.4382207578253707,0.41333333333333333,0.3637795275590551,0.5131578947368421,0.44773790951638065,0.5714285714285714,0.4296875,0.48863636363636365,0.42628205128205127,0.44274809160305345,0.45454545454545453,0.5258899676375405,0.38461538461538464,0.6038961038961039,0.34789391575663026,0.49770290964777947,0.49053627760252366,0.4447900466562986,0.49022801302931596,0.5597381342062193,0.42242703533026116,0.4,0.46115702479338844,0.45395799676898224,0.44013490725126475,0.425,0.44552845528455287,0.4393700787401575,0.47603305785123967,0.2870967741935484,0.6037735849056604,0.4991896272285251,0.4984520123839009,0.384375,0.4873417721518987,0.42358803986710963,0.5358306188925082,0.4159869494290375,0.4827586206896552,0.4287949921752739,0.5007874015748032,0.48717948717948717,0.4678456591639871,0.49740034662045063,0.46634615384615385,0.5097087378640777,0.46141975308641975,0.4869431643625192,0.5238095238095238,0.46855345911949686,0.48465266558966075,0.4310077519379845,0.3525423728813559,0.39486356340288925,0.3502377179080824,0.3291731669266771,0.4622792937399679,0.46266233766233766,0.42673107890499196,0.45329249617151607,0.4841628959276018,0.4154103852596315,0.42604501607717044,0.3828125,0.38338658146964855,0.5062111801242236,0.4799357945425361,0.05,0.13043478260869565,0.17128874388254486,0.3446601941747573,0.16526138279932545,0.32273449920508746
2025,1,9,prevalence,0.42362204724409447,0.4283513097072419,0.4307931570762053,0.5470494417862839,0.4345146379044684,0.48992248062015503,0.39781591263650545,0.34615384615384615,0.4009508716323296,0.43478260869565216,0.5174506828528073,0.4919614147909968,0.5816164817749604,0.6050955414012739,0.5023255813953489,0.3040847201210287,0.36809815950920244,0.5275080906148867,0.384251968503937,0.5626016260162602,0.44753086419753085,0.43164362519201227,0.4432348367029549,0.26003210272873195,0.5,0.1890547263681592,0.5885245901639344,0.33713355048859933,0.5457627118644067,0.46835443037974683,0.5495652173913044,0.4444444444444444,0.5401574803149606,0.29821717990275526,0.36816720257234725,0.48297213622291024,0.48983050847457626,0.4774193548387097,0.40425531914893614,0.41037735849056606,0.4556765163297045,0.5264026402640264,0.5859106529209622,0.39178515007898895,0.3627760252365931,0.5487012987012987,0.3180327868852459,0.2802653399668325,0.5545023696682464,0.3726993865030675,0.4975767366720517,0.39869281045751637,0.272863568215892,0.362095531587057,0.4685430463576159,0.5769911504424778,0.38685015290519875,0.4513556618819777,0.24623115577889448,0.4625748502994012,0.5622119815668203,0.5640599001663894,0.4844517184942717,0.5007824726134585,0.40327868852459015,0.32872503840245776,0.42105263157894735,0.5162790697674419,0.35478806907378335,0.5423728813559322,0.5219364599092284,0.35857805255023184,0.35403726708074534,0.5504132231404959,0.48973143759873616,0.34290271132376393,0.4538216560509554,0.5321543408360129,0.4065934065934066,0.44745762711864406,0.42164781906300486,0.4442815249266862,0.4809917355371901,0.4086181277860327,0.3701923076923077,0.3191489361702128,0.3813291139240506,0.3575949367088608,0.3146964856230032,0.4229452054794521,0.46787479406919275,0.449685534591195,0.3787638668779715,0.3996815286624204,0.37628865979381443,0.33547351524879615,0.5688524590163935,0.4437299035369775,0.3317901234567901,0.4301948051948052,0.34201954397394135,0.31921824104234525,0.4757433489827856,0.5387096774193548,0.5008103727714749,0.45288753799392095,0.4724025974025974,0.5584415584415584,0.4610169491525424,0.439209726443769,0.42225859247135844,0.49427168576104746,0.36650082918739635,0.3811129848229342,0.5252032520325203,0.37268128161888703,0.3550488599348534,0.43730886850152906,0.27941176470588236,0.4748427672955975,0.48220064724919093,0.46445497630331756,0.5,0.024232633279483037,0.4415156507413509,0.39473684210526316,0.47874015748031495,0.44680851063829785,0.43645484949832775,0.3729903536977492,0.48403361344537815,0.3554868624420402,0.586687306501548,0.43962848297213625,0.5199362041467305,0.4384,0.46543778801843316,0.3691588785046729,0.48242811501597443,0.37972768532526474,0.567741935483871,0.3767885532591415,0.4799382716049383,0.5047770700636943,0.4393241167434716,0.46614173228346456,0.5,0.5147286821705427,0.415625,0.41080196399345337,0.5221518987341772,0.42574257425742573,0.48073959938366717,0.4904153354632588,0.4234375,0.4983388704318937,0.34359805510534847,0.5363924050632911,0.5354200988467874,0.38125,0.34894991922455576,0.5670926517571885,0.4115702479338843,0.5282392026578073,0.4281150159744409,0.47106109324758844,0.4222222222222222,0.5265625,0.468944099378882,0.5031847133757962,0.4176372712146423,0.4890282131661442,0.4186046511627907,0.3451043338683788,0.42879019908116384,0.555205047318612,0.35893416927899685,0.4426229508196721,0.41731066460587324,0.3741721854304636,0.3209076175040519,0.3758064516129032,0.3317307692307692,0.4190938511326861,0.4287974683544304,0.4345718901453958,0.4786053882725832,0.4627092846270928,0.4663382594417077,0.47106109324758844,0.2808988764044944,0.33124018838304553,0.4015384615384615,0.45682888540031397,0.043333333333333335,0.14353312302839116,0.18314424635332252,0.35917721518987344,0.21475409836065573,0.36633663366336633
