Time,age_start,age_end,measure,draw_0,draw_1,draw_2,draw_3,draw_4,draw_5,draw_6,draw_7,draw_8,draw_9,draw_10,draw_11,draw_12,draw_13,draw_14,draw_15,draw_16,draw_17,draw_18,draw_19,draw_20,draw_21,draw_22,draw_23,draw_24,draw_25,draw_26,draw_27,draw_28,draw_29,draw_30,draw_31,draw_32,draw_33,draw_34,draw_35,draw_36,draw_37,draw_38,draw_39,draw_40,draw_41,draw_42,draw_43,draw_44,draw_45,draw_46,draw_47,draw_48,draw_49,draw_50,draw_51,draw_52,draw_53,draw_54,draw_55,draw_56,draw_57,draw_58,draw_59,draw_60,draw_61,draw_62,draw_63,draw_64,draw_65,draw_66,draw_67,draw_68,draw_69,draw_70,draw_71,draw_72,draw_73,draw_74,draw_75,draw_76,draw_77,draw_78,draw_79,draw_80,draw_81,draw_82,draw_83,draw_84,draw_85,draw_86,draw_87,draw_88,draw_89,draw_90,draw_91,draw_92,draw_93,draw_94,draw_95,draw_96,draw_97,draw_98,draw_99,draw_100,draw_101,draw_102,draw_103,draw_104,draw_105,draw_106,draw_107,draw_108,draw_109,draw_110,draw_111,draw_112,draw_113,draw_114,draw_115,draw_116,draw_117,draw_118,draw_119,draw_120,draw_121,draw_122,draw_123,draw_124,draw_125,draw_126,draw_127,draw_128,draw_129,draw_130,draw_131,draw_132,draw_133,draw_134,draw_135,draw_136,draw_137,draw_138,draw_139,draw_140,draw_141,draw_142,draw_143,draw_144,draw_145,draw_146,draw_147,draw_148,draw_149,draw_150,draw_151,draw_152,draw_153,draw_154,draw_155,draw_156,draw_157,draw_158,draw_159,draw_160,draw_161,draw_162,draw_163,draw_164,draw_165,draw_166,draw_167,draw_168,draw_169,draw_170,draw_171,draw_172,draw_173,draw_174,draw_175,draw_176,draw_177,draw_178,draw_179,draw_180,draw_181,draw_182,draw_183,draw_184,draw_185,draw_186,draw_187,draw_188,draw_189,draw_190,draw_191,draw_192,draw_193,draw_194,draw_195,draw_196,draw_197,draw_198,draw_199
1996,1,9,prevalence,0.00463678516228748,0.0015455950540958269,0.1951219512195122,0.0,0.0,0.0015873015873015873,0.0,0.00315955766192733,0.0,0.0,0.0048,0.0,0.0,0.0061823802163833074,0.0,0.0,0.0,0.0015174506828528073,0.0015600624024961,0.0016313213703099511,0.0,0.001557632398753894,0.0,0.005050505050505051,0.0,0.0,0.1926163723916533,0.0,0.06060606060606061,0.0,0.0,0.12218649517684887,0.0,0.0,0.0015105740181268882,0.004580152671755725,0.006289308176100629,0.0,0.0016051364365971107,0.1518987341772152,0.0,0.03715670436187399,0.17156105100463678,0.00315955766192733,0.001564945226917058,0.0,0.0015455950540958269,0.05837173579109063,0.027820710973724884,0.048859934853420196,0.0,0.003418803418803419,0.03164556962025317,0.07142857142857142,0.004792332268370607,0.1515625,0.0,0.0015455950540958269,0.003115264797507788,0.027565084226646247,0.0,0.0,0.002967359050445104,0.0,0.0,0.003189792663476874,0.00463678516228748,0.08062015503875969,0.0031201248049922,0.0016155088852988692,0.0015290519877675841,0.004651162790697674,0.0014792899408284023,0.001564945226917058,0.009375,0.0015408320493066256,0.0015267175572519084,0.0033222591362126247,0.0,0.05443234836702955,0.0015105740181268882,0.0,0.026397515527950312,0.0,0.09375,0.03474320241691843,0.06995230524642289,0.0,0.0,0.023547880690737835,0.1189358372456964,0.0,0.11563517915309446,0.004470938897168405,0.0,0.0,0.009708737864077669,0.0,0.0032414910858995136,0.014771048744460856,0.0,0.004665629860031105,0.03949447077409163,0.0206794682422452,0,0.0015313935681470138,0.0030864197530864196,0.0015360983102918587,0.0015723270440251573,0.0016,0.016420361247947456,0.0,0.0,0.0,0.06912442396313365,0.0,0.0,0.010071942446043165,0.0380952380952381,0.0121580547112462,0.0,0.12480499219968799,0.06359300476947535,0.0,0.0,0.027777777777777776,0.004457652303120356,0.001519756838905775,0.014040561622464899,0.0032102728731942215,0.090625,0.003169572107765452,0.013071895424836602,0.003189792663476874,0.0,0.001610305958132045,0.004893964110929853,0.06840390879478828,0.0,0.0030441400304414,0.0015384615384615385,0.0,0.004838709677419355,0.147008547008547,0.0,0.057391304347826085,0.10737179487179487,0.1358609794628752,0.057692307692307696,0.0017211703958691911,0.0192,0.0,0.06990881458966565,0.05167173252279635,0.030944625407166124,0.0,0.011437908496732025,0.04636785162287481,0.014754098360655738,0.13664596273291926,0.06687402799377916,0.03894080996884735,0.0015360983102918587,0.04326923076923077,0.0140625,0.0031746031746031746,0.025196850393700787,0.14638157894736842,0.09049079754601227,0.0016891891891891893,0.10396039603960396,0.0015822784810126582,0.05349182763744428,0.03940886699507389,0.147239263803681,0.04813664596273292,0.08860759493670886,0.0,0.0045045045045045045,0.1491628614916286,0.06774193548387097,0.0015723270440251573,0.0015313935681470138,0.06333333333333334,0.01288244766505636,0.0,0.0,0.07198748043818466,0.004651162790697674,0.0,0.003110419906687403,0.0016129032258064516,0.003236245954692557,0.01938610662358643,0.026153846153846153,0.10117302052785923,0.0015220700152207,0.04120443740095087,0.007374631268436578,0.023112480739599383
1997,1,9,prevalence,0.004918032786885246,0.0031746031746031746,0.15472312703583063,0.0,0.0,0.001610305958132045,0.0,0.003246753246753247,0.0,0.0,0.006734006734006734,0.0,0.0,0.004694835680751174,0.0,0.0,0.0,0.0015772870662460567,0.0,0.0016835016835016834,0.0015923566878980893,0.001594896331738437,0.0030911901081916537,0.0017035775127768314,0.0,0.0,0.23387096774193547,0.0,0.05582137161084529,0.0,0.0017271157167530224,0.1386986301369863,0.0015873015873015873,0.001658374792703151,0.0015552099533437014,0.00482315112540193,0.001644736842105263,0.0034782608695652175,0.0033277870216306157,0.17350157728706625,0.0,0.02586206896551724,0.09921259842519685,0.0049504950495049506,0.001697792869269949,0.0,0.0016,0.058544303797468354,0.02403846153846154,0.04433497536945813,0.0,0.0036429872495446266,0.03064516129032258,0.05271084337349398,0.0016,0.1302250803858521,0.001639344262295082,0.0031201248049922,0.004918032786885246,0.023255813953488372,0.0,0.0,0.00315955766192733,0.001567398119122257,0.0,0.004918032786885246,0.0032102728731942215,0.10969793322734499,0.0016666666666666668,0.0,0.001644736842105263,0.006578947368421052,0.0015552099533437014,0.0016556291390728477,0.008130081300813009,0.0015772870662460567,0.001589825119236884,0.0017064846416382253,0.0,0.07371794871794872,0.001597444089456869,0.0,0.02047244094488189,0.0,0.09455128205128205,0.02923076923076923,0.07779578606158834,0.0,0.0,0.02800658978583196,0.12283464566929134,0.003372681281618887,0.125,0.0046801872074883,0.0,0.0,0.0,0.0,0.004934210526315789,0.01594896331738437,0.0,0.003236245954692557,0.04118616144975288,0.028400597907324365,0,0.0016025641025641025,0.0033444816053511705,0.0015923566878980893,0.010084033613445379,0.0,0.008143322475570033,0.0,0.0,0.0016366612111292963,0.053712480252764615,0.0,0.0016366612111292963,0.020618556701030927,0.04222972972972973,0.014492753623188406,0.001579778830963665,0.12341772151898735,0.06351791530944625,0.0,0.0032258064516129032,0.020537124802527645,0.004552352048558422,0.0016501650165016502,0.014084507042253521,0.0,0.09740259740259741,0.0016366612111292963,0.011608623548922056,0.0016891891891891893,0.0,0.001658374792703151,0.005244755244755245,0.09602649006622517,0.0,0.0015822784810126582,0.0,0.0,0.00505902192242833,0.13859649122807016,0.0,0.04114490161001789,0.07352941176470588,0.16611842105263158,0.06412213740458016,0.0018315018315018315,0.022569444444444444,0.0016863406408094434,0.05501618122977346,0.03852080123266564,0.013651877133105802,0.0,0.008695652173913044,0.0554675118858954,0.0052173913043478265,0.16833333333333333,0.052545155993431854,0.025196850393700787,0.0046875,0.053833605220228384,0.013114754098360656,0.0032733224222585926,0.0499194847020934,0.1684027777777778,0.11092985318107668,0.0017271157167530224,0.12605042016806722,0.0049833887043189366,0.0633693972179289,0.04522613065326633,0.17857142857142858,0.037337662337662336,0.07742998352553541,0.0,0.01765650080256822,0.137987012987013,0.06206896551724138,0.001597444089456869,0.001644736842105263,0.06217616580310881,0.009900990099009901,0.0,0.0,0.06785137318255251,0.009538950715421303,0.0,0.0016181229773462784,0.0016806722689075631,0.0032102728731942215,0.022336769759450172,0.036036036036036036,0.09803921568627451,0.0,0.024834437086092714,0.0045871559633027525,0.030959752321981424
1998,1,9,prevalence,0.001610305958132045,0.0015625,0.1140625,0.0,0.001639344262295082,0.001692047377326565,0.0,0.0032520325203252032,0.0,0.0,0.004901960784313725,0.0015527950310559005,0.0,0.003194888178913738,0.0,0.0,0.0,0.0,0.0,0.0,0.0015503875968992248,0.001579778830963665,0.0046875,0.001694915254237288,0.0017094017094017094,0.0,0.22792937399678972,0.0,0.05546492659053834,0.004531722054380665,0.0016501650165016502,0.12199312714776632,0.0015873015873015873,0.004942339373970346,0.001579778830963665,0.004807692307692308,0.003372681281618887,0.0017699115044247787,0.006269592476489028,0.15396825396825398,0.0,0.01592920353982301,0.0694006309148265,0.003278688524590164,0.0016611295681063123,0.0,0.0,0.07911392405063292,0.01751592356687898,0.03986710963455149,0.0,0.005309734513274336,0.03135313531353135,0.0452418096723869,0.001597444089456869,0.08520900321543408,0.0016420361247947454,0.0015698587127158557,0.0032102728731942215,0.017214397496087636,0.0,0.0,0.004622496147919877,0.0015503875968992248,0.003236245954692557,0.003246753246753247,0.0064,0.10917721518987342,0.0016666666666666668,0.0016501650165016502,0.0016313213703099511,0.004909983633387889,0.006359300476947536,0.001669449081803005,0.003257328990228013,0.0,0.001579778830963665,0.0032520325203252032,0.0016207455429497568,0.08359133126934984,0.0032679738562091504,0.0,0.03492063492063492,0.0,0.10252365930599369,0.017684887459807074,0.0944,0.001594896331738437,0.0,0.024509803921568627,0.11058451816745656,0.003395585738539898,0.14527027027027026,0.004777070063694267,0.0,0.0032679738562091504,0.0,0.0,0.0032679738562091504,0.02773246329526917,0.0,0.0032626427406199023,0.047058823529411764,0.03484848484848485,0,0.0,0.005050505050505051,0.001594896331738437,0.004918032786885246,0.0,0.013114754098360656,0.0015128593040847202,0.0,0.0016501650165016502,0.06070287539936102,0.0,0.0016155088852988692,0.0364741641337386,0.050505050505050504,0.011437908496732025,0.001610305958132045,0.1024390243902439,0.05714285714285714,0.0,0.00964630225080386,0.022222222222222223,0.00463678516228748,0.001644736842105263,0.014705882352941176,0.0016474464579901153,0.09238249594813615,0.0,0.01001669449081803,0.0016778523489932886,0.0,0.001639344262295082,0.003395585738539898,0.09866220735785954,0.0,0.00322061191626409,0.0,0.0,0.005042016806722689,0.12035398230088495,0.0016501650165016502,0.022968197879858657,0.08319738988580751,0.12376237623762376,0.08255451713395638,0.0017667844522968198,0.010434782608695653,0.006745362563237774,0.052884615384615384,0.04393939393939394,0.033003300330033,0.0,0.005119453924914676,0.04496124031007752,0.015025041736227046,0.21122112211221122,0.05457463884430177,0.03076923076923077,0.0047169811320754715,0.04318936877076412,0.009523809523809525,0.0032520325203252032,0.03531300160513644,0.1658119658119658,0.11290322580645161,0.0,0.08852459016393442,0.0033500837520938024,0.08422664624808576,0.03488372093023256,0.17540983606557378,0.03135313531353135,0.12579617834394904,0.0,0.013513513513513514,0.12111292962356793,0.07903780068728522,0.0016025641025641025,0.0016129032258064516,0.059800664451827246,0.0047694753577106515,0.0,0.0,0.08156606851549755,0.012519561815336464,0.0,0.00338409475465313,0.0016722408026755853,0.0031645569620253164,0.029159519725557463,0.029275808936825885,0.05740181268882175,0.0,0.03289473684210526,0.0141287284144427,0.04897314375987362
1999,1,9,prevalence,0.0,0.0,0.08201892744479496,0.0,0.0,0.0016474464579901153,0.0,0.0,0.0,0.0,0.0016260162601626016,0.001567398119122257,0.0,0.0033112582781456954,0.0016638935108153079,0.003179650238473768,0.0,0.0,0.0,0.0,0.0015625,0.0032733224222585926,0.00794912559618442,0.0016722408026755853,0.0017301038062283738,0.0,0.22345483359746435,0.0049504950495049506,0.05081967213114754,0.0029895366218236174,0.001607717041800643,0.14427860696517414,0.0016155088852988692,0.0032679738562091504,0.0015873015873015873,0.004838709677419355,0.001697792869269949,0.0017574692442882249,0.0031201248049922,0.1380952380952381,0.0,0.005263157894736842,0.05,0.0033003300330033004,0.001644736842105263,0.0,0.0,0.13738019169329074,0.02377179080824089,0.05546492659053834,0.0,0.0070052539404553416,0.037096774193548385,0.05521472392638037,0.001610305958132045,0.048154093097913325,0.0016778523489932886,0.001589825119236884,0.0016366612111292963,0.02147239263803681,0.0,0.0,0.0046439628482972135,0.001524390243902439,0.0032310177705977385,0.0046875,0.004830917874396135,0.12225705329153605,0.0032258064516129032,0.0016313213703099511,0.0016313213703099511,0.004815409309791332,0.010835913312693499,0.001652892561983471,0.004918032786885246,0.003115264797507788,0.0030911901081916537,0.0032626427406199023,0.0016638935108153079,0.06842923794712286,0.00338409475465313,0.0,0.04285714285714286,0.0,0.09779179810725552,0.009478672985781991,0.10147299509001637,0.0016638935108153079,0.0,0.017628205128205128,0.0766721044045677,0.003305785123966942,0.1541095890410959,0.007911392405063292,0.0,0.003205128205128205,0.0,0.0,0.003401360544217687,0.043333333333333335,0.0,0.0032679738562091504,0.03482587064676617,0.05303030303030303,0,0.0,0.004991680532445923,0.001644736842105263,0.0016181229773462784,0.0,0.0049261083743842365,0.0015267175572519084,0.001567398119122257,0.00333889816360601,0.07570977917981073,0.0,0.001652892561983471,0.03692762186115214,0.05363321799307959,0.015050167224080268,0.0016,0.10610932475884244,0.051364365971107544,0.0,0.009819967266775777,0.03875968992248062,0.0031201248049922,0.001607717041800643,0.00964630225080386,0.0016233766233766235,0.11198738170347003,0.0032733224222585926,0.006711409395973154,0.001639344262295082,0.0,0.0032102728731942215,0.0033613445378151263,0.12643678160919541,0.0,0.008210180623973728,0.0,0.0,0.0016806722689075631,0.09827586206896552,0.004830917874396135,0.030249110320284697,0.05638474295190713,0.08193979933110368,0.0892018779342723,0.0017667844522968198,0.010380622837370242,0.00667779632721202,0.059006211180124224,0.05511811023622047,0.04390243902439024,0.003169572107765452,0.006600660066006601,0.047987616099071206,0.016611295681063124,0.21393841166936792,0.03987240829346093,0.015600624024960999,0.009538950715421303,0.029605263157894735,0.011075949367088608,0.0049261083743842365,0.01597444089456869,0.17281879194630873,0.11258278145695365,0.0,0.07060755336617405,0.0033444816053511705,0.0787037037037037,0.06168831168831169,0.175787728026534,0.02857142857142857,0.14009661835748793,0.0,0.006734006734006734,0.11437908496732026,0.10754414125200643,0.0016129032258064516,0.001607717041800643,0.0333889816360601,0.011146496815286623,0.0031496062992125984,0.0,0.07234726688102894,0.004709576138147566,0.0,0.003418803418803419,0.001597444089456869,0.0016233766233766235,0.035058430717863104,0.02674591381872214,0.05067064083457526,0.0016155088852988692,0.06478405315614617,0.013803680981595092,0.064
2000,1,9,prevalence,0.0,0.0016129032258064516,0.07993730407523511,0.0,0.001692047377326565,0.0016611295681063123,0.0,0.0,0.0,0.0,0.0,0.0031397174254317113,0.0,0.0016501650165016502,0.0016155088852988692,0.003194888178913738,0.0,0.0,0.0,0.0,0.0,0.00333889816360601,0.008169934640522876,0.0016666666666666668,0.0016778523489932886,0.0,0.17591125198098256,0.0016556291390728477,0.03409090909090909,0.0015822784810126582,0.0,0.1835016835016835,0.001584786053882726,0.0016207455429497568,0.0,0.0016233766233766235,0.0016750418760469012,0.0016556291390728477,0.004709576138147566,0.1330049261083744,0.0,0.0034129692832764505,0.06230031948881789,0.003215434083601286,0.001607717041800643,0.0,0.0,0.1529968454258675,0.03035143769968051,0.049206349206349205,0.0,0.0070921985815602835,0.05246422893481717,0.0693815987933635,0.0016286644951140066,0.04383116883116883,0.003236245954692557,0.003179650238473768,0.003194888178913738,0.016819571865443424,0.0,0.0,0.007668711656441718,0.0015082956259426848,0.005,0.0,0.0049833887043189366,0.10344827586206896,0.00315955766192733,0.0016366612111292963,0.0032,0.004777070063694267,0.022151898734177215,0.0016666666666666668,0.004702194357366771,0.0030959752321981426,0.003048780487804878,0.003284072249589491,0.0016778523489932886,0.07849293563579278,0.0016638935108153079,0.0016474464579901153,0.0328125,0.0,0.06518282988871224,0.0272,0.0873015873015873,0.0016339869281045752,0.0,0.04186795491143317,0.0896,0.003236245954692557,0.1075085324232082,0.015748031496062992,0.0,0.0033333333333333335,0.008532423208191127,0.0017035775127768314,0.0017391304347826088,0.09813874788494077,0.0,0.0,0.06060606060606061,0.03714710252600297,0,0.0,0.003395585738539898,0.0031446540880503146,0.011182108626198083,0.0,0.005025125628140704,0.0031446540880503146,0.0015527950310559005,0.00338409475465313,0.060897435897435896,0.0,0.0,0.03007518796992481,0.04965753424657534,0.011494252873563218,0.001589825119236884,0.12480252764612954,0.059190031152647975,0.0016891891891891893,0.0049586776859504135,0.0249609984399376,0.0032414910858995136,0.0032626427406199023,0.004838709677419355,0.0,0.11147011308562198,0.004991680532445923,0.008347245409015025,0.0016778523489932886,0.0,0.0032733224222585926,0.006756756756756757,0.15763546798029557,0.0,0.006644518272425249,0.0,0.0,0.0,0.10033444816053512,0.006535947712418301,0.03345070422535211,0.04597701149425287,0.0749185667752443,0.08452950558213716,0.0017605633802816902,0.01721170395869191,0.006993006993006993,0.05573248407643312,0.06422018348623854,0.03820598006644518,0.003125,0.012924071082390954,0.041474654377880185,0.015050167224080268,0.16912972085385877,0.04590163934426229,0.0096,0.006172839506172839,0.03436988543371522,0.011058451816745656,0.0,0.014492753623188406,0.14751286449399656,0.10784313725490197,0.0,0.057755775577557754,0.003236245954692557,0.07232704402515723,0.05492730210016155,0.18739635157545606,0.013266998341625208,0.16097560975609757,0.0,0.01854974704890388,0.10679611650485436,0.13827993254637436,0.0,0.0015748031496062992,0.033707865168539325,0.017241379310344827,0.0031446540880503146,0.0,0.07,0.00946372239747634,0.0,0.004991680532445923,0.0,0.0,0.031825795644891124,0.046583850931677016,0.019402985074626865,0.0016750418760469012,0.08121827411167512,0.012403100775193798,0.0671875
2001,1,9,prevalence,0.0,0.003194888178913738,0.05564387917329094,0.0,0.0,0.0016806722689075631,0.001564945226917058,0.0,0.0,0.0,0.003205128205128205,0.003246753246753247,0.0,0.0,0.0015923566878980893,0.003169572107765452,0.0016806722689075631,0.0,0.0,0.0,0.0,0.0017123287671232876,0.006389776357827476,0.0016474464579901153,0.0017241379310344827,0.0,0.13782051282051283,0.001658374792703151,0.036303630363036306,0.00315955766192733,0.001557632398753894,0.15905245346869712,0.0015552099533437014,0.0,0.0,0.0,0.0033613445378151263,0.0016750418760469012,0.004746835443037975,0.0867430441898527,0.0,0.0051635111876075735,0.06403940886699508,0.0033222591362126247,0.0,0.0,0.0,0.1533442088091354,0.029411764705882353,0.08426073131955485,0.0032679738562091504,0.005244755244755245,0.07717569786535304,0.05829596412556054,0.0017391304347826088,0.042833607907743,0.003289473684210526,0.003205128205128205,0.001607717041800643,0.02157164869029276,0.0049261083743842365,0.0,0.007716049382716049,0.0015873015873015873,0.006578947368421052,0.0015290519877675841,0.006791171477079796,0.0995260663507109,0.0031397174254317113,0.001594896331738437,0.004807692307692308,0.0032102728731942215,0.024883359253499222,0.0033112582781456954,0.0048,0.0031201248049922,0.001579778830963665,0.003284072249589491,0.0016638935108153079,0.09233176838810642,0.001694915254237288,0.0016722408026755853,0.04472843450479233,0.0,0.06259780907668232,0.03354632587859425,0.10969793322734499,0.00322061191626409,0.0016181229773462784,0.0416,0.13930348258706468,0.0033112582781456954,0.10634648370497427,0.010852713178294573,0.0,0.0016778523489932886,0.004966887417218543,0.0,0.0017064846416382253,0.13532513181019332,0.0016286644951140066,0.0,0.05546218487394958,0.022590361445783132,0,0.0,0.001692047377326565,0.0032414910858995136,0.014423076923076924,0.0,0.013008130081300813,0.006289308176100629,0.0016051364365971107,0.003436426116838488,0.07941653160453808,0.0,0.0,0.0202808112324493,0.053082191780821915,0.02512562814070352,0.0016,0.09794628751974724,0.07154213036565978,0.001692047377326565,0.003372681281618887,0.02066772655007949,0.0016233766233766235,0.0033277870216306157,0.0016556291390728477,0.0,0.12654320987654322,0.009900990099009901,0.0033222591362126247,0.0,0.0,0.003205128205128205,0.004909983633387889,0.14119601328903655,0.0016638935108153079,0.008347245409015025,0.0,0.0,0.0,0.09274873524451939,0.003257328990228013,0.024305555555555556,0.026446280991735537,0.07679465776293823,0.06907894736842106,0.0017241379310344827,0.03281519861830743,0.008605851979345954,0.051118210862619806,0.048589341692789965,0.04013377926421405,0.0031746031746031746,0.011494252873563218,0.030257186081694403,0.015025041736227046,0.1423841059602649,0.10493827160493827,0.009724473257698542,0.006369426751592357,0.02847571189279732,0.01607717041800643,0.001763668430335097,0.008038585209003215,0.095,0.1111111111111111,0.0016474464579901153,0.0632279534109817,0.003215434083601286,0.10759493670886076,0.06677524429967427,0.16853932584269662,0.014729950900163666,0.1400329489291598,0.0,0.015,0.08051529790660225,0.12685337726523888,0.0,0.0031397174254317113,0.050080775444264945,0.025,0.007836990595611285,0.0,0.07003257328990228,0.026856240126382307,0.0,0.003194888178913738,0.0,0.0,0.032148900169204735,0.0490506329113924,0.007704160246533128,0.0033003300330033004,0.0711864406779661,0.0140625,0.05853658536585366
2002,1,9,prevalence,0.0,0.0015748031496062992,0.03576982892690513,0.0,0.0,0.0017211703958691911,0.0016129032258064516,0.0,0.0015723270440251573,0.0,0.0016155088852988692,0.00333889816360601,0.0,0.0,0.0031847133757961785,0.00322061191626409,0.001658374792703151,0.0,0.0,0.0,0.0,0.0016750418760469012,0.006389776357827476,0.0,0.0017123287671232876,0.0,0.15737704918032788,0.003169572107765452,0.03697478991596639,0.0,0.0,0.1421232876712329,0.001607717041800643,0.001644736842105263,0.0,0.006462035541195477,0.0016863406408094434,0.003367003367003367,0.001567398119122257,0.09016393442622951,0.0,0.005199306759098787,0.10272873194221509,0.003284072249589491,0.0,0.0,0.0,0.1691542288557214,0.029556650246305417,0.09538950715421304,0.001652892561983471,0.006837606837606838,0.0754414125200642,0.09259259259259259,0.0,0.06026058631921824,0.0032102728731942215,0.0,0.001644736842105263,0.02773246329526917,0.0032733224222585926,0.0,0.0078125,0.0031201248049922,0.0032679738562091504,0.003105590062111801,0.00684931506849315,0.09133858267716535,0.0031746031746031746,0.0032,0.004846526655896607,0.0016,0.02900763358778626,0.003424657534246575,0.009523809523809525,0.00315955766192733,0.003003003003003003,0.004878048780487805,0.0016835016835016834,0.07419354838709677,0.0016420361247947454,0.0,0.034976152623211444,0.0,0.071875,0.012738853503184714,0.12006319115323855,0.0032102728731942215,0.005128205128205128,0.027950310559006212,0.11414790996784566,0.0032948929159802307,0.08880994671403197,0.0061823802163833074,0.0,0.0017094017094017094,0.013289036544850499,0.0018281535648994515,0.0017035775127768314,0.17391304347826086,0.0016339869281045752,0.0,0.043993231810490696,0.026687598116169546,0,0.0,0.0016366612111292963,0.0033277870216306157,0.03577235772357724,0.0,0.03902439024390244,0.003367003367003367,0.0015772870662460567,0.0034482758620689655,0.07692307692307693,0.0,0.0,0.026729559748427674,0.0436241610738255,0.03140495867768595,0.0015503875968992248,0.07993730407523511,0.08150470219435736,0.0016806722689075631,0.0033003300330033004,0.01938610662358643,0.0016666666666666668,0.0016638935108153079,0.0016260162601626016,0.0,0.16181229773462782,0.010067114093959731,0.010238907849829351,0.0,0.0,0.0031545741324921135,0.0032258064516129032,0.12563667232597622,0.0016501650165016502,0.003289473684210526,0.0,0.0,0.0,0.0755336617405583,0.006633499170812604,0.019332161687170474,0.03454231433506045,0.06699346405228758,0.06197654941373534,0.0,0.03204047217537943,0.006872852233676976,0.03622047244094488,0.0794392523364486,0.0681063122923588,0.004807692307692308,0.001597444089456869,0.05572755417956656,0.013223140495867768,0.18288590604026847,0.12836767036450078,0.01932367149758454,0.011058451816745656,0.05309734513274336,0.0064516129032258064,0.0,0.00964630225080386,0.11330049261083744,0.11451612903225807,0.001652892561983471,0.06765676567656766,0.0032102728731942215,0.09149277688603531,0.09250398724082935,0.1180327868852459,0.009884678747940691,0.137987012987013,0.0,0.03184713375796178,0.0594059405940594,0.17264957264957265,0.0,0.003129890453834116,0.03782894736842105,0.016717325227963525,0.0032520325203252032,0.0,0.07,0.028391167192429023,0.0,0.0032258064516129032,0.0,0.0,0.029079159935379646,0.051118210862619806,0.015479876160990712,0.0033277870216306157,0.07537688442211055,0.018404907975460124,0.05098684210526316
2003,1,9,prevalence,0.0,0.0016025641025641025,0.026984126984126985,0.0,0.0,0.0,0.001584786053882726,0.0,0.0015432098765432098,0.00315955766192733,0.0,0.0016286644951140066,0.0,0.0,0.0,0.003194888178913738,0.0016778523489932886,0.0,0.0,0.0,0.0,0.0016474464579901153,0.0047169811320754715,0.0,0.001652892561983471,0.0,0.14332784184514002,0.0016129032258064516,0.011965811965811967,0.0,0.0,0.12100840336134454,0.001589825119236884,0.00482315112540193,0.0,0.001644736842105263,0.0017211703958691911,0.0032520325203252032,0.0015772870662460567,0.0998389694041868,0.001589825119236884,0.0033444816053511705,0.08530805687203792,0.0016420361247947454,0.004893964110929853,0.0,0.0016366612111292963,0.16778523489932887,0.032362459546925564,0.1184,0.0034662045060658577,0.006589785831960461,0.08225806451612903,0.09651898734177215,0.0,0.060556464811783964,0.004807692307692308,0.0,0.003246753246753247,0.03940886699507389,0.0033783783783783786,0.0016,0.00631911532385466,0.004615384615384616,0.0032102728731942215,0.0014970059880239522,0.0068143100511073255,0.088,0.003125,0.0031847133757961785,0.0033112582781456954,0.0016181229773462784,0.046948356807511735,0.0017241379310344827,0.01129032258064516,0.0015625,0.0030257186081694403,0.004777070063694267,0.0032733224222585926,0.0672,0.0016501650165016502,0.0,0.04153354632587859,0.0,0.08832807570977919,0.004893964110929853,0.15241057542768274,0.0016722408026755853,0.0034129692832764505,0.046474358974358976,0.11093247588424437,0.0,0.07256637168141593,0.004665629860031105,0.006896551724137931,0.003389830508474576,0.014563106796116505,0.001851851851851852,0.0017301038062283738,0.2088495575221239,0.001639344262295082,0.0016556291390728477,0.051926298157453935,0.0296875,0,0.0,0.0,0.004966887417218543,0.05750798722044728,0.0,0.03827751196172249,0.004909983633387889,0.0016025641025641025,0.0034662045060658577,0.07525083612040134,0.0,0.0,0.04617834394904458,0.028960817717206135,0.033783783783783786,0.0015455950540958269,0.0629800307219662,0.10810810810810811,0.0016420361247947454,0.0016181229773462784,0.029950083194675542,0.0,0.0016207455429497568,0.0,0.0,0.12050078247261346,0.0033222591362126247,0.02413793103448276,0.0016666666666666668,0.0,0.0030864197530864196,0.007911392405063292,0.1353135313531353,0.0016420361247947454,0.00338409475465313,0.0,0.0,0.0016313213703099511,0.09800664451827243,0.0049504950495049506,0.010344827586206896,0.03442340791738382,0.08207705192629816,0.07614213197969544,0.0,0.03284072249589491,0.008319467554076539,0.0336,0.07790143084260731,0.1,0.0049586776859504135,0.0031746031746031746,0.06456692913385827,0.012718600953895072,0.1423785594639866,0.14217252396166133,0.023809523809523808,0.02365930599369085,0.03690685413005272,0.004830917874396135,0.0017543859649122807,0.012841091492776886,0.11557788944723618,0.10806451612903226,0.001694915254237288,0.07375643224699828,0.0,0.10177705977382875,0.06698564593301436,0.1040268456375839,0.009836065573770493,0.14814814814814814,0.0016366612111292963,0.041666666666666664,0.08249158249158249,0.1407035175879397,0.0,0.003179650238473768,0.030716723549488054,0.020061728395061727,0.0,0.0,0.09401709401709402,0.024469820554649267,0.0,0.0032102728731942215,0.0,0.0,0.02332814930015552,0.05357142857142857,0.015360983102918587,0.0033333333333333335,0.06324786324786325,0.012841091492776886,0.052545155993431854
2004,1,9,prevalence,0.0,0.0016286644951140066,0.029595015576323987,0.0015772870662460567,0.006462035541195477,0.0,0.0016129032258064516,0.0,0.0016025641025641025,0.003129890453834116,0.0,0.0032414910858995136,0.0017152658662092624,0.0,0.0,0.0031746031746031746,0.0034071550255536627,0.0017452006980802793,0.0,0.0,0.0,0.0,0.007849293563579277,0.0,0.0016638935108153079,0.0033613445378151263,0.13157894736842105,0.0016181229773462784,0.02152317880794702,0.0,0.0,0.12837837837837837,0.001567398119122257,0.0032102728731942215,0.0015384615384615385,0.0016181229773462784,0.0016863406408094434,0.0016501650165016502,0.001589825119236884,0.09819967266775777,0.0016313213703099511,0.0033333333333333335,0.12401883830455258,0.0016181229773462784,0.003278688524590164,0.0,0.0016666666666666668,0.14646464646464646,0.03398058252427184,0.09740259740259741,0.0034904013961605585,0.0032,0.06420545746388442,0.1232,0.0,0.06677265500794913,0.003189792663476874,0.0016051364365971107,0.007987220447284345,0.03442622950819672,0.008431703204047217,0.0016,0.0064,0.004559270516717325,0.004724409448818898,0.0,0.0070921985815602835,0.07166666666666667,0.0031496062992125984,0.003194888178913738,0.0016891891891891893,0.001607717041800643,0.04784688995215311,0.0017391304347826088,0.0032310177705977385,0.0016556291390728477,0.0030303030303030303,0.004846526655896607,0.0032102728731942215,0.04433497536945813,0.0,0.0,0.07260726072607261,0.0,0.09501557632398754,0.001692047377326565,0.20031545741324921,0.0033003300330033004,0.0034904013961605585,0.022364217252396165,0.09693053311793215,0.0,0.0546448087431694,0.00473186119873817,0.008403361344537815,0.0050933786078098476,0.017133956386292833,0.0,0.0,0.22847100175746923,0.0016233766233766235,0.0016556291390728477,0.05912162162162162,0.0425531914893617,0,0.0016891891891891893,0.0032,0.004901960784313725,0.05844155844155844,0.0,0.04715447154471545,0.0049504950495049506,0.0016366612111292963,0.003424657534246575,0.07226890756302522,0.0,0.0,0.054140127388535034,0.0391156462585034,0.018487394957983194,0.0,0.08359133126934984,0.1700787401574803,0.0016835016835016834,0.0016501650165016502,0.03166666666666667,0.0017152658662092624,0.0016181229773462784,0.0,0.0,0.0985691573926868,0.0016611295681063123,0.029209621993127148,0.003257328990228013,0.0015220700152207,0.0015360983102918587,0.006369426751592357,0.16271186440677965,0.0016778523489932886,0.00482315112540193,0.0,0.0,0.003284072249589491,0.08439490445859872,0.0372168284789644,0.021996615905245348,0.04391891891891892,0.06468531468531469,0.06365159128978225,0.0,0.030303030303030304,0.006622516556291391,0.018867924528301886,0.08179012345679013,0.09618573797678276,0.014705882352941176,0.0016155088852988692,0.07911392405063292,0.007861635220125786,0.10909090909090909,0.17017828200972449,0.02618657937806874,0.01746031746031746,0.051926298157453935,0.01788617886178862,0.0017064846416382253,0.009693053311793215,0.11072664359861592,0.10823909531502424,0.00505902192242833,0.07894736842105263,0.0,0.13578274760383385,0.08320493066255778,0.057096247960848286,0.004830917874396135,0.1480865224625624,0.0016233766233766235,0.05362776025236593,0.08538587848932677,0.13468013468013468,0.0,0.003278688524590164,0.0297029702970297,0.010687022900763359,0.0016750418760469012,0.0,0.08401976935749589,0.03482587064676617,0.0,0.0032,0.0,0.001607717041800643,0.015360983102918587,0.05211726384364821,0.022900763358778626,0.003424657534246575,0.06462035541195477,0.018425460636515914,0.04462809917355372
2005,1,9,prevalence,0.0,0.0016181229773462784,0.0319634703196347,0.0015723270440251573,0.00322061191626409,0.0,0.0,0.0,0.001589825119236884,0.0015151515151515152,0.0,0.003289473684210526,0.001736111111111111,0.0,0.0015479876160990713,0.001597444089456869,0.003372681281618887,0.0017699115044247787,0.0,0.0,0.0,0.0,0.011272141706924315,0.0,0.0,0.0051635111876075735,0.11726384364820847,0.001658374792703151,0.019867549668874173,0.0,0.0,0.08538587848932677,0.0031397174254317113,0.006535947712418301,0.0030864197530864196,0.0016556291390728477,0.0016286644951140066,0.0016366612111292963,0.0,0.11589403973509933,0.001669449081803005,0.003278688524590164,0.1732283464566929,0.0,0.003257328990228013,0.0,0.0033112582781456954,0.12580645161290321,0.02750809061488673,0.09539473684210527,0.005253940455341506,0.0015698587127158557,0.13374805598755832,0.1377049180327869,0.0,0.0432,0.0048,0.0032310177705977385,0.0016129032258064516,0.02800658978583196,0.013136288998357963,0.001597444089456869,0.004838709677419355,0.0,0.004909983633387889,0.0,0.008695652173913044,0.06535947712418301,0.001564945226917058,0.003194888178913738,0.001607717041800643,0.0,0.040584415584415584,0.0016806722689075631,0.003257328990228013,0.0031746031746031746,0.004724409448818898,0.0032310177705977385,0.001564945226917058,0.043478260869565216,0.0,0.0,0.10526315789473684,0.0,0.10339506172839506,0.0050335570469798654,0.1731066460587326,0.0032520325203252032,0.0034662045060658577,0.021739130434782608,0.11290322580645161,0.0,0.04409171075837742,0.00487012987012987,0.00667779632721202,0.0035149384885764497,0.01726844583987441,0.0,0.001652892561983471,0.14882032667876588,0.001610305958132045,0.0016501650165016502,0.06199021207177814,0.02572347266881029,0,0.0017006802721088435,0.003067484662576687,0.003246753246753247,0.07739938080495357,0.0,0.024115755627009645,0.0032733224222585926,0.0016051364365971107,0.0034782608695652175,0.07717569786535304,0.0015479876160990713,0.0,0.07742998352553541,0.03898305084745763,0.01794453507340946,0.0,0.0847723704866562,0.17647058823529413,0.0,0.0016155088852988692,0.046153846153846156,0.0017301038062283738,0.0016313213703099511,0.0,0.0,0.08143322475570032,0.0016863406408094434,0.02268760907504363,0.004893964110929853,0.0015923566878980893,0.0015455950540958269,0.015748031496062992,0.20847457627118643,0.0017006802721088435,0.003215434083601286,0.003115264797507788,0.0016233766233766235,0.0032520325203252032,0.08268330733229329,0.057692307692307696,0.047697368421052634,0.025380710659898477,0.0564373897707231,0.06761565836298933,0.0,0.03789126853377265,0.018302828618968387,0.0265625,0.11477987421383648,0.11783960720130933,0.019933554817275746,0.0,0.08661417322834646,0.004629629629629629,0.13398692810457516,0.16639741518578352,0.01461038961038961,0.01910828025477707,0.04713804713804714,0.009708737864077669,0.0016666666666666668,0.006379585326953748,0.07204116638078903,0.08585055643879173,0.005110732538330494,0.07253886010362694,0.0,0.15905511811023623,0.09021406727828746,0.024311183144246355,0.0,0.14067796610169492,0.0,0.05087440381558029,0.10372771474878444,0.09364548494983277,0.0,0.0016286644951140066,0.043333333333333335,0.022189349112426034,0.012006861063464836,0.006369426751592357,0.06965174129353234,0.021207177814029365,0.0,0.0016051364365971107,0.0,0.0,0.012326656394453005,0.057003257328990226,0.03225806451612903,0.003430531732418525,0.0718954248366013,0.0380794701986755,0.030252100840336135
2006,1,9,prevalence,0.0,0.0016778523489932886,0.018838304552590265,0.003115264797507788,0.0016638935108153079,0.001869158878504673,0.0,0.0,0.0016129032258064516,0.0015174506828528073,0.0,0.003257328990228013,0.001694915254237288,0.0,0.0015527950310559005,0.0016286644951140066,0.003395585738539898,0.003401360544217687,0.0,0.0,0.0,0.001607717041800643,0.004878048780487805,0.0,0.0016501650165016502,0.005128205128205128,0.096,0.0016474464579901153,0.019867549668874173,0.0032626427406199023,0.0,0.07790143084260731,0.001607717041800643,0.004746835443037975,0.0031397174254317113,0.0033277870216306157,0.0016666666666666668,0.0016666666666666668,0.0,0.10034013605442177,0.0016339869281045752,0.003246753246753247,0.23604465709728867,0.0,0.0016129032258064516,0.0,0.003372681281618887,0.10697674418604651,0.02593192868719611,0.05910543130990415,0.005172413793103448,0.0,0.15590551181102363,0.16071428571428573,0.0,0.06710310965630115,0.008183306055646482,0.006329113924050633,0.0,0.05844155844155844,0.017828200972447326,0.0016313213703099511,0.003246753246753247,0.0,0.004807692307692308,0.0,0.005119453924914676,0.0784,0.0015290519877675841,0.004909983633387889,0.0,0.0,0.04361873990306947,0.0016750418760469012,0.00980392156862745,0.0032,0.0047169811320754715,0.003289473684210526,0.001652892561983471,0.04785478547854786,0.0,0.0,0.07550335570469799,0.0,0.10078740157480315,0.0016611295681063123,0.147239263803681,0.0032414910858995136,0.006734006734006734,0.01854714064914992,0.09475465313028765,0.001579778830963665,0.04440497335701599,0.003236245954692557,0.011513157894736841,0.0035087719298245615,0.01892744479495268,0.0,0.0033783783783783786,0.1169284467713787,0.0031645569620253164,0.0033333333333333335,0.07223113964686999,0.024077046548956663,0,0.001692047377326565,0.004552352048558422,0.001564945226917058,0.11969696969696969,0.0,0.02768729641693811,0.0016233766233766235,0.0,0.0017857142857142857,0.08387096774193549,0.0015503875968992248,0.0,0.06156405990016639,0.019933554817275746,0.014308426073131956,0.0,0.06885245901639345,0.16176470588235295,0.0,0.0015600624024961,0.048027444253859346,0.0018018018018018018,0.0016051364365971107,0.0,0.0,0.03129890453834116,0.00510204081632653,0.031141868512110725,0.0032102728731942215,0.0016181229773462784,0.0032310177705977385,0.02,0.18616144975288304,0.0016501650165016502,0.0,0.0015723270440251573,0.0,0.0016501650165016502,0.11901081916537867,0.10252100840336134,0.07487520798668885,0.01721170395869191,0.05719237435008666,0.05749128919860627,0.003115264797507788,0.06933744221879815,0.03865546218487395,0.021806853582554516,0.10426540284360189,0.13174603174603175,0.011513157894736841,0.0,0.09003215434083602,0.00909090909090909,0.15047021943573669,0.1901639344262295,0.026402640264026403,0.01726844583987441,0.0333889816360601,0.009630818619582664,0.0016806722689075631,0.0,0.04436860068259386,0.07298136645962733,0.0,0.05197132616487455,0.0,0.13237639553429026,0.09204368174726989,0.01468189233278956,0.001607717041800643,0.1157167530224525,0.0016501650165016502,0.03930817610062893,0.09886547811993517,0.08892617449664429,0.0,0.0015772870662460567,0.0436241610738255,0.0045662100456621,0.008605851979345954,0.0016339869281045752,0.05405405405405406,0.013245033112582781,0.0031545741324921135,0.001579778830963665,0.0,0.0,0.009104704097116844,0.08471760797342193,0.022970903522205207,0.003395585738539898,0.07679738562091504,0.03571428571428571,0.01652892561983471
2007,1,9,prevalence,0.0,0.0016891891891891893,0.00974025974025974,0.0031397174254317113,0.001652892561983471,0.0035971223021582736,0.0,0.0,0.0016260162601626016,0.0,0.0,0.0016260162601626016,0.0016556291390728477,0.0,0.001597444089456869,0.001584786053882726,0.005,0.0035335689045936395,0.0,0.0,0.0,0.0015625,0.004739336492890996,0.0,0.0032520325203252032,0.005042016806722689,0.14748784440842788,0.0,0.011254019292604502,0.0016260162601626016,0.0016366612111292963,0.09584664536741214,0.0016,0.0032414910858995136,0.004665629860031105,0.008223684210526315,0.0016420361247947454,0.0016207455429497568,0.0,0.0701468189233279,0.0015698587127158557,0.0032679738562091504,0.2807570977917981,0.0,0.0016420361247947454,0.0,0.0033613445378151263,0.09937888198757763,0.019448946515397084,0.07754442649434572,0.005076142131979695,0.0015772870662460567,0.1549079754601227,0.15873015873015872,0.0,0.09309791332263243,0.008156606851549755,0.008090614886731391,0.0,0.046251993620414676,0.01309328968903437,0.001579778830963665,0.0016,0.0,0.0032,0.0,0.006791171477079796,0.06869009584664537,0.0016,0.003246753246753247,0.0,0.0,0.03650793650793651,0.0016286644951140066,0.012441679626749611,0.004934210526315789,0.0064516129032258064,0.004901960784313725,0.0,0.05602716468590832,0.0,0.0,0.08221476510067115,0.0015873015873015873,0.0880503144654088,0.0,0.13109756097560976,0.001610305958132045,0.006779661016949152,0.021604938271604937,0.040268456375838924,0.0015923566878980893,0.03951890034364261,0.0032414910858995136,0.014754098360655738,0.0,0.011308562197092083,0.0,0.0,0.087248322147651,0.0016501650165016502,0.0033277870216306157,0.06379585326953748,0.022913256955810146,0,0.0017064846416382253,0.003110419906687403,0.0015698587127158557,0.13177159590043924,0.001589825119236884,0.02106969205834684,0.0,0.0,0.0017482517482517483,0.09951845906902086,0.0015060240963855422,0.0,0.058922558922558925,0.039603960396039604,0.015772870662460567,0.0,0.06984126984126984,0.15920398009950248,0.0,0.0,0.05235602094240838,0.0017857142857142857,0.0,0.0,0.0,0.025078369905956112,0.0069084628670120895,0.032590051457975985,0.0033112582781456954,0.0032948929159802307,0.003257328990228013,0.021538461538461538,0.22422258592471359,0.0,0.0,0.0,0.0,0.0016129032258064516,0.12345679012345678,0.0991869918699187,0.07142857142857142,0.01692047377326565,0.05084745762711865,0.024958402662229616,0.004784688995215311,0.06287425149700598,0.048013245033112585,0.03286384976525822,0.09018987341772151,0.14309210526315788,0.014657980456026058,0.0015625,0.06623586429725363,0.013595166163141994,0.14082278481012658,0.17455138662316477,0.02329450915141431,0.01746031746031746,0.037996545768566495,0.009900990099009901,0.0035149384885764497,0.0,0.050505050505050504,0.07424960505529225,0.001644736842105263,0.05734767025089606,0.0,0.1430817610062893,0.09567901234567901,0.007886435331230283,0.0032310177705977385,0.09369676320272573,0.0,0.024132730015082957,0.09206349206349207,0.07046979865771812,0.0,0.0,0.03431372549019608,0.0031397174254317113,0.001692047377326565,0.001579778830963665,0.05723905723905724,0.015050167224080268,0.011058451816745656,0.0,0.0,0.0,0.007518796992481203,0.10299003322259136,0.015105740181268883,0.0034662045060658577,0.08415841584158416,0.03650793650793651,0.02159468438538206
2008,1,9,prevalence,0.0,0.0,0.0016181229773462784,0.0048,0.001594896331738437,0.0037174721189591076,0.0,0.0,0.0016129032258064516,0.0015082956259426848,0.0,0.0032626427406199023,0.0016233766233766235,0.0,0.001610305958132045,0.0016025641025641025,0.004885993485342019,0.0017513134851138354,0.0,0.0,0.0016025641025641025,0.0015723270440251573,0.009554140127388535,0.0,0.0032414910858995136,0.004909983633387889,0.2022653721682848,0.0,0.012779552715654952,0.0016835016835016834,0.001694915254237288,0.13192182410423453,0.0015772870662460567,0.0032679738562091504,0.006389776357827476,0.004934210526315789,0.0,0.0016181229773462784,0.0,0.10097719869706841,0.0016025641025641025,0.0016051364365971107,0.23349436392914655,0.0,0.0016,0.0,0.0034071550255536627,0.07668231611893583,0.013136288998357963,0.05228758169934641,0.004878048780487805,0.0015723270440251573,0.1664050235478807,0.14935064935064934,0.0,0.12322274881516587,0.006557377049180328,0.0065252854812398045,0.0,0.016260162601626018,0.0033222591362126247,0.006220839813374806,0.0,0.0,0.00322061191626409,0.0,0.0033333333333333335,0.10929853181076672,0.0032733224222585926,0.003278688524590164,0.0,0.0,0.01732283464566929,0.0016129032258064516,0.012759170653907496,0.0032414910858995136,0.004838709677419355,0.003367003367003367,0.0,0.046357615894039736,0.0,0.0016666666666666668,0.08585858585858586,0.0015748031496062992,0.10593900481540931,0.0,0.11607142857142858,0.0016051364365971107,0.005190311418685121,0.014195583596214511,0.056572379367720464,0.001597444089456869,0.05351170568561873,0.0,0.016638935108153077,0.0,0.024,0.0,0.0,0.07718120805369127,0.0033500837520938024,0.003316749585406302,0.09032258064516129,0.02113821138211382,0,0.0017699115044247787,0.005925925925925926,0.0015772870662460567,0.17359050445103857,0.0015408320493066256,0.031096563011456628,0.0,0.0,0.0016863406408094434,0.09803921568627451,0.0015360983102918587,0.0,0.06303236797274275,0.0372168284789644,0.006389776357827476,0.0,0.08038585209003216,0.1206611570247934,0.001644736842105263,0.0,0.040492957746478875,0.0,0.0,0.0,0.0,0.03588907014681892,0.006700167504187605,0.02027027027027027,0.0032733224222585926,0.0016835016835016834,0.0033112582781456954,0.02321981424148607,0.2138047138047138,0.0,0.0,0.0,0.0,0.0016339869281045752,0.1778846153846154,0.11363636363636363,0.0723905723905724,0.0180623973727422,0.04915254237288136,0.02577319587628866,0.004746835443037975,0.0791044776119403,0.06807131280388978,0.03779527559055118,0.0761904761904762,0.2358642972536349,0.015,0.0016,0.07605177993527508,0.01355421686746988,0.14217252396166133,0.13731825525040386,0.03130434782608696,0.01589825119236884,0.03041144901610018,0.014729950900163666,0.0017123287671232876,0.0,0.05695142378559464,0.07776049766718507,0.003257328990228013,0.0843585237258348,0.0,0.13270142180094788,0.10110584518167456,0.012307692307692308,0.008064516129032258,0.08099173553719008,0.003246753246753247,0.030864197530864196,0.10634920634920635,0.058519793459552494,0.0016835016835016834,0.0,0.03870967741935484,0.003169572107765452,0.0033277870216306157,0.0,0.06920415224913495,0.01854974704890388,0.012678288431061807,0.0016155088852988692,0.0,0.0,0.008875739644970414,0.13192182410423453,0.013910355486862442,0.0017513134851138354,0.06765676567656766,0.03179650238473768,0.02321724709784411
2009,1,9,prevalence,0.0,0.0,0.0015873015873015873,0.0032948929159802307,0.003110419906687403,0.0018248175182481751,0.0,0.0,0.0032733224222585926,0.003048780487804878,0.0,0.004885993485342019,0.0,0.0,0.0032948929159802307,0.0015822784810126582,0.003125,0.0017699115044247787,0.0,0.0,0.001557632398753894,0.0015503875968992248,0.009523809523809525,0.0,0.003194888178913738,0.003215434083601286,0.2336,0.0,0.014778325123152709,0.008143322475570033,0.0017123287671232876,0.16825396825396827,0.001589825119236884,0.0016366612111292963,0.0032258064516129032,0.006711409395973154,0.0,0.001652892561983471,0.0,0.05873015873015873,0.0015290519877675841,0.003284072249589491,0.20093457943925233,0.0,0.0,0.0,0.0016611295681063123,0.046875,0.00819672131147541,0.057692307692307696,0.0016420361247947454,0.0032,0.1808,0.1497504159733777,0.0,0.17329093799682035,0.0049261083743842365,0.006514657980456026,0.0016207455429497568,0.006711409395973154,0.006734006734006734,0.004615384615384616,0.0,0.0,0.0032733224222585926,0.0,0.003246753246753247,0.09836065573770492,0.0033613445378151263,0.0032948929159802307,0.0,0.0016556291390728477,0.031746031746031744,0.001610305958132045,0.00641025641025641,0.0033444816053511705,0.006379585326953748,0.0033783783783783786,0.0,0.06209150326797386,0.0,0.001692047377326565,0.0632279534109817,0.0015432098765432098,0.08077544426494346,0.0,0.10979228486646884,0.0,0.008576329331046312,0.01757188498402556,0.055,0.004754358161648178,0.028960817717206135,0.0,0.018518518518518517,0.0,0.027914614121510674,0.0,0.0,0.0707070707070707,0.0016366612111292963,0.0016638935108153079,0.15224358974358973,0.03209459459459459,0,0.0017331022530329288,0.007541478129713424,0.0015923566878980893,0.18573551263001487,0.0015337423312883436,0.028145695364238412,0.00315955766192733,0.0016611295681063123,0.0,0.09787928221859707,0.0014970059880239522,0.0,0.06451612903225806,0.024793388429752067,0.007936507936507936,0.0,0.0778816199376947,0.13930348258706468,0.0016286644951140066,0.004665629860031105,0.036020583190394515,0.0,0.0,0.0,0.0,0.0322061191626409,0.003246753246753247,0.0136986301369863,0.0032948929159802307,0.0,0.0032948929159802307,0.013975155279503106,0.17532467532467533,0.0016501650165016502,0.0,0.0,0.0,0.0016474464579901153,0.24077046548956663,0.16559485530546625,0.06765676567656766,0.0196078431372549,0.04054054054054054,0.020066889632107024,0.004739336492890996,0.08157099697885196,0.07313195548489666,0.03054662379421222,0.05787781350482315,0.19230769230769232,0.0067226890756302525,0.0032520325203252032,0.06482982171799027,0.004658385093167702,0.1777059773828756,0.12335526315789473,0.02707275803722504,0.022116903633491312,0.02127659574468085,0.014218009478672985,0.0,0.0,0.04111842105263158,0.08466453674121406,0.006688963210702341,0.07481751824817519,0.0,0.13700787401574804,0.11755233494363929,0.010802469135802469,0.0067226890756302525,0.08637873754152824,0.0016155088852988692,0.030303030303030304,0.0765625,0.07179487179487179,0.0016806722689075631,0.0015873015873015873,0.04552845528455285,0.008077544426494346,0.0,0.0015455950540958269,0.08940397350993377,0.036303630363036306,0.006259780907668232,0.0016366612111292963,0.0,0.0,0.005763688760806916,0.13866231647634583,0.02034428794992175,0.0016891891891891893,0.08774834437086093,0.0416,0.0313588850174216
2010,1,9,prevalence,0.0,0.0,0.0015723270440251573,0.003257328990228013,0.0015873015873015873,0.0,0.0015105740181268882,0.0016181229773462784,0.001597444089456869,0.00303951367781155,0.0,0.004665629860031105,0.001639344262295082,0.0,0.003215434083601286,0.0016025641025641025,0.0032520325203252032,0.0,0.003115264797507788,0.0,0.0015432098765432098,0.0015174506828528073,0.011532125205930808,0.0,0.0030441400304414,0.004739336492890996,0.18506493506493507,0.0,0.023178807947019868,0.006600660066006601,0.0016420361247947454,0.1486697965571205,0.001589825119236884,0.0016339869281045752,0.0033277870216306157,0.0032679738562091504,0.0,0.0016556291390728477,0.0,0.05,0.0015600624024961,0.0032414910858995136,0.1728395061728395,0.0,0.0,0.0,0.0016835016835016834,0.02909647779479326,0.0049833887043189366,0.04390243902439024,0.003257328990228013,0.003179650238473768,0.1435483870967742,0.11960132890365449,0.0,0.25,0.003215434083601286,0.006379585326953748,0.0016474464579901153,0.008389261744966443,0.0017094017094017094,0.006051437216338881,0.0,0.0,0.0031201248049922,0.0,0.003257328990228013,0.08985024958402663,0.001718213058419244,0.001639344262295082,0.0,0.0,0.03536977491961415,0.0,0.012718600953895072,0.004991680532445923,0.006230529595015576,0.0052173913043478265,0.0,0.048903878583473864,0.0,0.0032520325203252032,0.06359300476947535,0.0015527950310559005,0.0379746835443038,0.0,0.07934131736526946,0.0,0.007029876977152899,0.027463651050080775,0.07525083612040134,0.0031496062992125984,0.011456628477905073,0.0017035775127768314,0.03,0.0,0.03,0.0017241379310344827,0.0,0.06988352745424292,0.0016313213703099511,0.0016286644951140066,0.11993517017828201,0.037953795379537955,0,0.00338409475465313,0.007518796992481203,0.0015873015873015873,0.18834080717488788,0.0015128593040847202,0.02707275803722504,0.003169572107765452,0.0,0.0,0.08493589743589744,0.0015082956259426848,0.0,0.058419243986254296,0.017628205128205128,0.009244992295839754,0.0,0.05642633228840126,0.11666666666666667,0.0016339869281045752,0.008051529790660225,0.03264604810996564,0.0,0.0,0.0,0.0,0.049342105263157895,0.0,0.016891891891891893,0.003305785123966942,0.0016339869281045752,0.0016806722689075631,0.0218408736349454,0.09379968203497616,0.001644736842105263,0.0,0.0,0.0,0.0017094017094017094,0.23868954758190328,0.13934426229508196,0.07177814029363784,0.031545741324921134,0.05546492659053834,0.018456375838926176,0.0015873015873015873,0.08472012102874432,0.07911392405063292,0.021035598705501618,0.031545741324921134,0.20733652312599682,0.008156606851549755,0.0064,0.06430868167202572,0.0109717868338558,0.20616883116883117,0.08247422680412371,0.03231292517006803,0.015455950540958269,0.022071307300509338,0.00949367088607595,0.0,0.0,0.03436988543371522,0.08255451713395638,0.020689655172413793,0.07903780068728522,0.0,0.13050314465408805,0.10147299509001637,0.007763975155279503,0.0017035775127768314,0.09775641025641026,0.0016556291390728477,0.045871559633027525,0.08553654743390357,0.08117443868739206,0.001669449081803005,0.0,0.033925686591276254,0.007886435331230283,0.0016129032258064516,0.001519756838905775,0.09933774834437085,0.029259896729776247,0.004754358161648178,0.0016778523489932886,0.0,0.0,0.0029239766081871343,0.1488673139158576,0.021505376344086023,0.0017391304347826088,0.09555189456342669,0.04395604395604396,0.03425774877650897
2011,1,9,prevalence,0.0,0.0,0.0015822784810126582,0.003289473684210526,0.0015527950310559005,0.0,0.0014903129657228018,0.0,0.0015873015873015873,0.0,0.0,0.003205128205128205,0.001669449081803005,0.0,0.00322061191626409,0.0,0.0032679738562091504,0.0,0.001557632398753894,0.0,0.0015698587127158557,0.0015082956259426848,0.017915309446254073,0.0,0.0030303030303030303,0.004784688995215311,0.19534883720930232,0.0,0.01644736842105263,0.0016313213703099511,0.0016611295681063123,0.19165378670788252,0.0015923566878980893,0.0016286644951140066,0.0,0.0017094017094017094,0.003316749585406302,0.0016420361247947454,0.0,0.0928,0.0015527950310559005,0.004862236628849271,0.17851500789889416,0.0,0.0,0.0,0.0016611295681063123,0.03338391502276176,0.0016806722689075631,0.048154093097913325,0.0016155088852988692,0.0016339869281045752,0.11147011308562198,0.0864600326264274,0.0,0.24302134646962234,0.0015923566878980893,0.003179650238473768,0.0016339869281045752,0.011532125205930808,0.0016666666666666668,0.004672897196261682,0.0,0.0,0.0,0.004702194357366771,0.001639344262295082,0.08153078202995008,0.0016778523489932886,0.0016722408026755853,0.0,0.0,0.030254777070063694,0.001584786053882726,0.01288244766505636,0.005067567567567568,0.0015923566878980893,0.006711409395973154,0.001564945226917058,0.04047217537942664,0.001652892561983471,0.0032520325203252032,0.05582137161084529,0.001594896331738437,0.036163522012578615,0.0,0.06497622820919176,0.0,0.018835616438356163,0.03125,0.09228187919463088,0.0031446540880503146,0.012779552715654952,0.0033500837520938024,0.03220338983050847,0.001607717041800643,0.01,0.0017391304347826088,0.001584786053882726,0.04697986577181208,0.0016313213703099511,0.0,0.10227272727272728,0.0464,0,0.0016806722689075631,0.006051437216338881,0.0,0.15315315315315314,0.0,0.01854974704890388,0.00315955766192733,0.0,0.0,0.07436708860759493,0.001557632398753894,0.0016181229773462784,0.03859060402684564,0.022364217252396165,0.006230529595015576,0.0,0.03924646781789639,0.10409556313993173,0.0016025641025641025,0.004830917874396135,0.05811965811965812,0.0,0.0,0.0,0.0,0.05337519623233909,0.0,0.032948929159802305,0.0033444816053511705,0.0016233766233766235,0.0,0.012558869701726845,0.06132075471698113,0.0016611295681063123,0.003316749585406302,0.0,0.0,0.0,0.22748815165876776,0.1392,0.05065359477124183,0.03715170278637771,0.06218487394957983,0.016611295681063124,0.0016155088852988692,0.058084772370486655,0.08571428571428572,0.013333333333333334,0.030595813204508857,0.1758957654723127,0.009584664536741214,0.0046439628482972135,0.0704,0.00967741935483871,0.1444805194805195,0.04852686308492201,0.03171953255425709,0.023006134969325152,0.021885521885521887,0.0015748031496062992,0.0,0.0,0.04194630872483222,0.10339256865912763,0.020869565217391306,0.08571428571428572,0.0,0.14946070878274267,0.10194174757281553,0.004724409448818898,0.0016611295681063123,0.11414790996784566,0.0,0.055205047318611984,0.07430340557275542,0.06825938566552901,0.0,0.0016155088852988692,0.022913256955810146,0.014634146341463415,0.0015748031496062992,0.0030211480362537764,0.10223642172523961,0.011705685618729096,0.004665629860031105,0.0034782608695652175,0.0,0.0,0.011834319526627219,0.1056,0.010819165378670788,0.0016835016835016834,0.08460236886632826,0.0282574568288854,0.04065040650406504
2012,1,9,prevalence,0.0,0.0,0.001589825119236884,0.004746835443037975,0.0030864197530864196,0.0,0.0014641288433382138,0.0016051364365971107,0.0016233766233766235,0.0,0.0,0.003305785123966942,0.0016420361247947454,0.001697792869269949,0.0016155088852988692,0.0,0.004830917874396135,0.0,0.0015772870662460567,0.0,0.0,0.0030581039755351682,0.011146496815286623,0.0015625,0.001524390243902439,0.004862236628849271,0.21141975308641975,0.0,0.011400651465798045,0.0016835016835016834,0.0016339869281045752,0.18153846153846154,0.0016155088852988692,0.0016286644951140066,0.0,0.001697792869269949,0.003278688524590164,0.0,0.0,0.10413223140495868,0.001597444089456869,0.0016722408026755853,0.18660287081339713,0.0,0.0015174506828528073,0.0,0.0016556291390728477,0.03474320241691843,0.00338409475465313,0.04777070063694268,0.001607717041800643,0.001607717041800643,0.08176100628930817,0.06578947368421052,0.0,0.20033112582781457,0.001607717041800643,0.0032626427406199023,0.004746835443037975,0.030844155844155844,0.004885993485342019,0.0046875,0.0016638935108153079,0.0,0.0,0.00625,0.001564945226917058,0.09646302250803858,0.0016891891891891893,0.0,0.0,0.0,0.020440251572327043,0.0,0.028846153846153848,0.0033112582781456954,0.0015822784810126582,0.004966887417218543,0.003134796238244514,0.022608695652173914,0.0016501650165016502,0.003389830508474576,0.05229793977812995,0.004792332268370607,0.04776579352850539,0.0,0.07656967840735068,0.0016025641025641025,0.021630615640599003,0.036544850498338874,0.07590759075907591,0.003189792663476874,0.0141287284144427,0.003395585738539898,0.043697478991596636,0.007776049766718507,0.014975041597337771,0.0017605633802816902,0.001564945226917058,0.04878048780487805,0.0016286644951140066,0.0,0.09531502423263329,0.07177814029363784,0,0.0,0.0060882800608828,0.0,0.08370702541106129,0.0015455950540958269,0.01353637901861252,0.0032414910858995136,0.0016863406408094434,0.0,0.051643192488262914,0.001584786053882726,0.001607717041800643,0.042662116040955635,0.011382113821138212,0.003134796238244514,0.0,0.03896103896103896,0.10598290598290598,0.0015625,0.004777070063694267,0.06414473684210527,0.0,0.0,0.0,0.001692047377326565,0.07692307692307693,0.0016233766233766235,0.028526148969889066,0.0033277870216306157,0.0016313213703099511,0.0,0.028125,0.0660377358490566,0.001692047377326565,0.0,0.0,0.0,0.001669449081803005,0.16719745222929935,0.12929623567921442,0.03577235772357724,0.028125,0.0761904761904762,0.022690437601296597,0.0016750418760469012,0.07097791798107256,0.07096774193548387,0.006493506493506494,0.026604068857589983,0.1322314049586777,0.011111111111111112,0.004658385093167702,0.04100946372239748,0.024630541871921183,0.07550335570469799,0.05843071786310518,0.02901023890784983,0.022187004754358162,0.028333333333333332,0.001564945226917058,0.0,0.0,0.06821963394342762,0.10696920583468396,0.01386481802426343,0.09411764705882353,0.0,0.13069908814589665,0.08731466227347612,0.0015625,0.0016835016835016834,0.14467408585055644,0.0,0.0662557781201849,0.05927051671732523,0.05410122164048865,0.0,0.001607717041800643,0.023255813953488372,0.008156606851549755,0.003179650238473768,0.0014577259475218659,0.13629160063391443,0.011705685618729096,0.0076103500761035,0.0035087719298245615,0.0,0.0,0.021116138763197588,0.09733124018838304,0.0046439628482972135,0.0017123287671232876,0.09951060358890701,0.030395136778115502,0.02823920265780731
2013,1,9,prevalence,0.0,0.0,0.0015772870662460567,0.00473186119873817,0.00315955766192733,0.0,0.0014858841010401188,0.0016366612111292963,0.0,0.001557632398753894,0.0,0.004893964110929853,0.0016556291390728477,0.0,0.001607717041800643,0.0,0.004754358161648178,0.0,0.0016,0.0,0.0,0.0030816640986132513,0.007911392405063292,0.001589825119236884,0.001519756838905775,0.009771986970684038,0.22376543209876543,0.003278688524590164,0.011824324324324325,0.005067567567567568,0.0,0.18153846153846154,0.001639344262295082,0.0,0.0,0.005,0.0016313213703099511,0.0,0.0,0.09455128205128205,0.00322061191626409,0.0016556291390728477,0.21221864951768488,0.0,0.0015290519877675841,0.0,0.0016207455429497568,0.04100946372239748,0.0052173913043478265,0.0703125,0.001567398119122257,0.0016025641025641025,0.07371794871794872,0.04612850082372323,0.0,0.1697792869269949,0.003189792663476874,0.0016025641025641025,0.007739938080495356,0.025510204081632654,0.008264462809917356,0.003115264797507788,0.0032310177705977385,0.0,0.0015479876160990713,0.004665629860031105,0.0015015015015015015,0.09409888357256778,0.0,0.0,0.001669449081803005,0.0,0.02996845425867508,0.0,0.036065573770491806,0.0016501650165016502,0.001557632398753894,0.006349206349206349,0.0031201248049922,0.026446280991735537,0.0016611295681063123,0.0033783783783783786,0.056074766355140186,0.003284072249589491,0.037037037037037035,0.0,0.033950617283950615,0.001610305958132045,0.021630615640599003,0.03064516129032258,0.08237232289950576,0.0016339869281045752,0.0110062893081761,0.0016750418760469012,0.06375838926174497,0.006125574272588055,0.015,0.001697792869269949,0.0015060240963855422,0.0457516339869281,0.0016611295681063123,0.0,0.12519809825673534,0.056291390728476824,0,0.0,0.0062402496099844,0.0,0.060092449922958396,0.0015600624024961,0.020654044750430294,0.003246753246753247,0.001652892561983471,0.0,0.052050473186119876,0.0,0.004862236628849271,0.025510204081632654,0.012759170653907496,0.011075949367088608,0.0,0.039735099337748346,0.09326424870466321,0.0,0.0015503875968992248,0.07540983606557378,0.0,0.0,0.0,0.001639344262295082,0.07177033492822966,0.003189792663476874,0.04231974921630094,0.001669449081803005,0.001607717041800643,0.0,0.03211009174311927,0.053208137715179966,0.0016474464579901153,0.0,0.0,0.0,0.0016666666666666668,0.11612903225806452,0.11004784688995216,0.033003300330033,0.03186646433990895,0.09455128205128205,0.033277870216306155,0.0016778523489932886,0.08069620253164557,0.05977382875605816,0.004739336492890996,0.0224,0.12479740680713128,0.014150943396226415,0.0031645569620253164,0.03685897435897436,0.01468189233278956,0.061461794019933555,0.05067567567567568,0.03015075376884422,0.01746031746031746,0.042662116040955635,0.0015772870662460567,0.0,0.0015600624024961,0.0912106135986733,0.09516129032258064,0.032148900169204735,0.061224489795918366,0.0016339869281045752,0.09399075500770417,0.08488964346349745,0.001589825119236884,0.001610305958132045,0.15286624203821655,0.0016420361247947454,0.0656,0.07401812688821752,0.04576271186440678,0.0,0.001594896331738437,0.014925373134328358,0.001607717041800643,0.008025682182985553,0.001466275659824047,0.09500805152979067,0.006633499170812604,0.0046439628482972135,0.005263157894736842,0.0,0.0,0.05023547880690738,0.09576138147566719,0.006462035541195477,0.0,0.06872852233676977,0.024539877300613498,0.024549918166939442
2014,1,9,prevalence,0.0,0.003305785123966942,0.0031007751937984496,0.003169572107765452,0.0015503875968992248,0.0,0.001488095238095238,0.0,0.0,0.0016051364365971107,0.0,0.0016611295681063123,0.0016501650165016502,0.0,0.001639344262295082,0.0,0.0015772870662460567,0.0,0.0016286644951140066,0.0,0.0,0.0031201248049922,0.0031496062992125984,0.0,0.0,0.006329113924050633,0.24154589371980675,0.0032310177705977385,0.0033500837520938024,0.0033444816053511705,0.0,0.13694267515923567,0.0017006802721088435,0.001639344262295082,0.0,0.0032520325203252032,0.0016611295681063123,0.0,0.0016313213703099511,0.09983633387888707,0.0031496062992125984,0.0016025641025641025,0.1735668789808917,0.0,0.0015772870662460567,0.0,0.0,0.04952076677316294,0.0,0.08191653786707882,0.001589825119236884,0.0016233766233766235,0.07190635451505016,0.02471169686985173,0.0,0.15878378378378377,0.003236245954692557,0.0015552099533437014,0.004746835443037975,0.011784511784511785,0.008291873963515755,0.004672897196261682,0.003278688524590164,0.0,0.001524390243902439,0.004846526655896607,0.001483679525222552,0.0746031746031746,0.0,0.0,0.0016806722689075631,0.0,0.05337519623233909,0.0015174506828528073,0.025806451612903226,0.00322061191626409,0.0030303030303030303,0.004792332268370607,0.0031496062992125984,0.02321724709784411,0.001692047377326565,0.003424657534246575,0.0377643504531722,0.0016722408026755853,0.02664576802507837,0.0,0.03379416282642089,0.0033003300330033004,0.02280130293159609,0.030448717948717948,0.07413509060955518,0.0032102728731942215,0.004792332268370607,0.0,0.07167235494880546,0.0030534351145038168,0.028523489932885907,0.0016260162601626016,0.0015552099533437014,0.049679487179487176,0.001669449081803005,0.0,0.1310452418096724,0.03966942148760331,0,0.0,0.003169572107765452,0.0,0.05582137161084529,0.001564945226917058,0.028380634390651086,0.0016181229773462784,0.0034904013961605585,0.0,0.05929487179487179,0.0,0.006546644844517185,0.01839464882943144,0.014218009478672985,0.014308426073131956,0.0,0.04662379421221865,0.0711864406779661,0.0,0.004739336492890996,0.0499194847020934,0.0,0.0,0.0,0.001594896331738437,0.06270096463022508,0.0015479876160990713,0.02304147465437788,0.0016501650165016502,0.001557632398753894,0.0,0.0416,0.05736434108527132,0.0016155088852988692,0.0,0.0,0.0,0.003395585738539898,0.09485530546623794,0.10158730158730159,0.025380710659898477,0.025185185185185185,0.09538950715421304,0.020569620253164556,0.0016750418760469012,0.07436708860759493,0.07717569786535304,0.0032,0.024154589371980676,0.10766721044045677,0.009202453987730062,0.0016207455429497568,0.04433497536945813,0.013071895424836602,0.04074702886247878,0.09966216216216216,0.04230118443316413,0.004807692307692308,0.05536912751677853,0.0015600624024961,0.0,0.004559270516717325,0.10490693739424704,0.07364975450081833,0.05387205387205387,0.06115702479338843,0.001697792869269949,0.10344827586206896,0.07730263157894737,0.0016181229773462784,0.001658374792703151,0.15275590551181104,0.0016181229773462784,0.06570512820512821,0.11550632911392406,0.03130148270181219,0.0,0.0015527950310559005,0.011647254575707155,0.005042016806722689,0.0048543689320388345,0.00145985401459854,0.0748829953198128,0.0033003300330033004,0.009244992295839754,0.006872852233676976,0.0,0.0,0.04153354632587859,0.06842923794712286,0.01929260450160772,0.0,0.03986710963455149,0.023734177215189875,0.024232633279483037
2015,1,9,prevalence,0.0,0.0031645569620253164,0.010736196319018405,0.0016366612111292963,0.0015037593984962407,0.0,0.0014727540500736377,0.0,0.0,0.0016155088852988692,0.0016286644951140066,0.0,0.0017006802721088435,0.0,0.0016722408026755853,0.0,0.0,0.0,0.0031746031746031746,0.0032310177705977385,0.0,0.004702194357366771,0.0,0.0,0.0,0.004901960784313725,0.1507293354943274,0.0033500837520938024,0.008375209380234505,0.003484320557491289,0.0,0.12077294685990338,0.0016666666666666668,0.0034129692832764505,0.0,0.0016556291390728477,0.0016366612111292963,0.001607717041800643,0.0016181229773462784,0.07933884297520662,0.0032733224222585926,0.007886435331230283,0.11235955056179775,0.0,0.0045871559633027525,0.0,0.0,0.057096247960848286,0.0,0.08146964856230032,0.0,0.001658374792703151,0.05405405405405406,0.026490066225165563,0.0,0.087248322147651,0.0032679738562091504,0.001607717041800643,0.0031645569620253164,0.0034071550255536627,0.00676818950930626,0.0015873015873015873,0.00322061191626409,0.0,0.0015479876160990713,0.004784688995215311,0.0014903129657228018,0.07221350078492936,0.0,0.0,0.0016835016835016834,0.0,0.04900459418070444,0.0014947683109118087,0.01800327332242226,0.0031397174254317113,0.0030211480362537764,0.001594896331738437,0.003134796238244514,0.020168067226890758,0.0016750418760469012,0.0,0.02047244094488189,0.0016313213703099511,0.034055727554179564,0.0,0.03265940902021773,0.003257328990228013,0.01507537688442211,0.041736227045075125,0.05929487179487179,0.0016611295681063123,0.001589825119236884,0.0,0.0273972602739726,0.0,0.03273322422258593,0.0,0.0015600624024961,0.075,0.0016233766233766235,0.0,0.17834394904458598,0.035058430717863104,0,0.0,0.0031645569620253164,0.0,0.0416,0.001579778830963665,0.028192371475953566,0.0,0.0034782608695652175,0.0,0.06341463414634146,0.0017301038062283738,0.004885993485342019,0.02287581699346405,0.014308426073131956,0.026604068857589983,0.0,0.04472843450479233,0.08626760563380281,0.0016051364365971107,0.020066889632107024,0.04784688995215311,0.0,0.0,0.001639344262295082,0.0015873015873015873,0.05081967213114754,0.0015455950540958269,0.02197802197802198,0.0016611295681063123,0.004724409448818898,0.0,0.0448,0.04952076677316294,0.0016051364365971107,0.0,0.0034782608695652175,0.0,0.0032733224222585926,0.08346972176759411,0.08333333333333333,0.018739352640545145,0.016897081413210446,0.09032258064516129,0.014516129032258065,0.0,0.06602254428341385,0.052969502407704656,0.0015748031496062992,0.03453689167974882,0.0799347471451876,0.0109717868338558,0.001644736842105263,0.03409090909090909,0.0032520325203252032,0.030508474576271188,0.058823529411764705,0.026936026936026935,0.0,0.05414551607445008,0.006172839506172839,0.0,0.00909090909090909,0.059113300492610835,0.0734094616639478,0.030456852791878174,0.06291390728476821,0.0016611295681063123,0.07465007776049767,0.06168831168831169,0.001639344262295082,0.0,0.10725552050473186,0.0016501650165016502,0.08077544426494346,0.12618296529968454,0.03492063492063492,0.0,0.0016129032258064516,0.0,0.0033003300330033004,0.0015748031496062992,0.0014641288433382138,0.06987577639751552,0.003215434083601286,0.028169014084507043,0.0017605633802816902,0.0,0.0,0.03645007923930269,0.08668730650154799,0.01951219512195122,0.0,0.03940886699507389,0.017350157728706624,0.02287581699346405
2016,1,9,prevalence,0.0,0.003236245954692557,0.01834862385321101,0.0015822784810126582,0.0015360983102918587,0.0,0.004545454545454545,0.0,0.0,0.001579778830963665,0.001644736842105263,0.0,0.0017513134851138354,0.0,0.001658374792703151,0.0,0.0,0.0,0.0031446540880503146,0.009419152276295133,0.0,0.0016286644951140066,0.007776049766718507,0.0,0.0,0.001639344262295082,0.09178743961352658,0.0031645569620253164,0.008389261744966443,0.0035650623885918,0.0,0.11058451816745656,0.0016750418760469012,0.0016313213703099511,0.0015723270440251573,0.001692047377326565,0.0016611295681063123,0.0016129032258064516,0.0015873015873015873,0.049342105263157895,0.0033500837520938024,0.012759170653907496,0.07903225806451612,0.0,0.004651162790697674,0.0,0.0015151515151515152,0.07313195548489666,0.0,0.04747320061255743,0.0,0.0016,0.06770833333333333,0.02030456852791878,0.0,0.049403747870528106,0.001639344262295082,0.0,0.003115264797507788,0.006920415224913495,0.00667779632721202,0.0031847133757961785,0.0032679738562091504,0.0,0.0015432098765432098,0.004885993485342019,0.0015527950310559005,0.06583072100313479,0.0,0.0,0.004885993485342019,0.0,0.0473186119873817,0.0,0.012131715771230503,0.0031201248049922,0.0015432098765432098,0.0015772870662460567,0.001594896331738437,0.02030456852791878,0.0016750418760469012,0.0,0.0078125,0.003194888178913738,0.04489164086687306,0.0,0.018461538461538463,0.003284072249589491,0.041666666666666664,0.047619047619047616,0.06677524429967427,0.0,0.0016556291390728477,0.0,0.011382113821138212,0.0015723270440251573,0.022082018927444796,0.0,0.006299212598425197,0.080370942812983,0.003169572107765452,0.0,0.19543973941368079,0.04317789291882556,0,0.0,0.0015873015873015873,0.0,0.03220338983050847,0.001607717041800643,0.023450586264656615,0.0016339869281045752,0.0017452006980802793,0.00322061191626409,0.06818181818181818,0.0017152658662092624,0.003372681281618887,0.03827751196172249,0.026016260162601626,0.02127659574468085,0.0,0.04897314375987362,0.08611599297012303,0.00315955766192733,0.02204724409448819,0.05564387917329094,0.0,0.0,0.0016891891891891893,0.003194888178913738,0.06946688206785137,0.003105590062111801,0.023547880690737835,0.001644736842105263,0.003129890453834116,0.0,0.04120443740095087,0.05087440381558029,0.0015748031496062992,0.0,0.0,0.0,0.0049504950495049506,0.05,0.07877813504823152,0.00847457627118644,0.02021772939346812,0.04051863857374392,0.006546644844517185,0.0,0.032948929159802305,0.05492730210016155,0.0015600624024961,0.03968253968253968,0.054313099041533544,0.006472491909385114,0.0,0.05090311986863711,0.006493506493506494,0.04462809917355372,0.05804311774461028,0.051364365971107544,0.0,0.03636363636363636,0.0046875,0.0,0.013824884792626729,0.051580698835274545,0.07028753993610223,0.01565217391304348,0.0656,0.0016750418760469012,0.046511627906976744,0.051666666666666666,0.0016260162601626016,0.0,0.11129032258064517,0.003257328990228013,0.06156405990016639,0.15711947626841244,0.0336,0.001694915254237288,0.001610305958132045,0.0,0.004815409309791332,0.003246753246753247,0.001466275659824047,0.06125574272588055,0.008130081300813009,0.048818897637795275,0.0017241379310344827,0.0,0.0,0.03409090909090909,0.08934169278996865,0.024429967426710098,0.001644736842105263,0.03697749196141479,0.0031847133757961785,0.0304
2017,1,9,prevalence,0.0,0.0032258064516129032,0.009104704097116844,0.0015772870662460567,0.0015220700152207,0.0,0.003067484662576687,0.0,0.0016420361247947454,0.0016207455429497568,0.0,0.0,0.0017793594306049821,0.0,0.003215434083601286,0.0,0.0,0.0,0.0031545741324921135,0.006259780907668232,0.0,0.0,0.014240506329113924,0.0,0.0,0.0,0.05687203791469194,0.003246753246753247,0.003316749585406302,0.001694915254237288,0.003246753246753247,0.10213414634146341,0.0017064846416382253,0.0016286644951140066,0.0016025641025641025,0.0016778523489932886,0.003401360544217687,0.0015923566878980893,0.001589825119236884,0.0425531914893617,0.003215434083601286,0.0180623973727422,0.052969502407704656,0.001607717041800643,0.004761904761904762,0.0,0.0015220700152207,0.08156606851549755,0.0,0.033123028391167195,0.0,0.0,0.06747404844290658,0.017713365539452495,0.0,0.05536912751677853,0.004893964110929853,0.0,0.00315955766192733,0.010101010101010102,0.018151815181518153,0.003215434083601286,0.0064,0.0,0.001524390243902439,0.004885993485342019,0.0015082956259426848,0.05030487804878049,0.001597444089456869,0.0,0.003205128205128205,0.0,0.046474358974358976,0.0,0.0017301038062283738,0.0031545741324921135,0.004754358161648178,0.0015128593040847202,0.0016,0.02023608768971332,0.0032258064516129032,0.0,0.007974481658692184,0.0048,0.04242424242424243,0.0,0.01901743264659271,0.0032626427406199023,0.024752475247524754,0.03577235772357724,0.06807131280388978,0.0,0.0016129032258064516,0.0,0.007861635220125786,0.0014992503748125937,0.027156549520766772,0.0016,0.006349206349206349,0.09256449165402124,0.0,0.0,0.16666666666666666,0.044444444444444446,0,0.0,0.001639344262295082,0.0,0.03372681281618887,0.0032679738562091504,0.032148900169204735,0.0016806722689075631,0.0017730496453900709,0.006688963210702341,0.0781758957654723,0.001669449081803005,0.001669449081803005,0.06790123456790123,0.030303030303030304,0.0171875,0.0,0.03565640194489465,0.06315789473684211,0.0015527950310559005,0.03211009174311927,0.05331179321486268,0.0,0.0,0.0016260162601626016,0.0032102728731942215,0.07028753993610223,0.004909983633387889,0.02377179080824089,0.0017006802721088435,0.0031645569620253164,0.0,0.0379746835443038,0.040453074433656956,0.0031446540880503146,0.0,0.0,0.0,0.00473186119873817,0.04285714285714286,0.042483660130718956,0.010033444816053512,0.029827315541601257,0.0430622009569378,0.014040561622464899,0.0,0.04628099173553719,0.05663430420711974,0.0015723270440251573,0.040257648953301126,0.031746031746031744,0.009419152276295133,0.0,0.03770491803278689,0.00631911532385466,0.04340567612687813,0.037520391517128875,0.050078247261345854,0.004862236628849271,0.049206349206349205,0.0031397174254317113,0.0,0.02147239263803681,0.03865546218487395,0.048465266558966075,0.021775544388609715,0.07981220657276995,0.0,0.0640625,0.027419354838709678,0.0,0.0,0.07154471544715447,0.0032948929159802307,0.043689320388349516,0.1053484602917342,0.02280130293159609,0.0016556291390728477,0.0016025641025641025,0.0,0.0047169811320754715,0.0032948929159802307,0.0015151515151515152,0.05687203791469194,0.006644518272425249,0.0514018691588785,0.0,0.0016260162601626016,0.001594896331738437,0.025889967637540454,0.07642276422764227,0.029850746268656716,0.0016420361247947454,0.020134228187919462,0.013201320132013201,0.03189792663476874
2018,1,9,prevalence,0.0,0.0032948929159802307,0.0046875,0.0016051364365971107,0.0,0.0,0.0030075187969924814,0.0,0.0,0.0016051364365971107,0.0,0.0,0.0,0.0,0.0032733224222585926,0.0,0.0,0.0,0.003129890453834116,0.0171875,0.0,0.0,0.006369426751592357,0.0,0.0,0.0,0.058084772370486655,0.0032258064516129032,0.008103727714748784,0.0017152658662092624,0.00322061191626409,0.0765625,0.001644736842105263,0.0016611295681063123,0.001589825119236884,0.0016051364365971107,0.0016233766233766235,0.0016,0.0031847133757961785,0.03514376996805112,0.0015873015873015873,0.015873015873015872,0.05592105263157895,0.0015923566878980893,0.004761904761904762,0.0,0.0015360983102918587,0.07301587301587302,0.0,0.04241435562805873,0.001697792869269949,0.0016025641025641025,0.0625,0.006557377049180328,0.0,0.03908794788273615,0.004942339373970346,0.0,0.0032733224222585926,0.014778325123152709,0.0196078431372549,0.004901960784313725,0.004754358161648178,0.0,0.0,0.013266998341625208,0.0,0.045871559633027525,0.001567398119122257,0.0016155088852988692,0.0016129032258064516,0.0,0.050473186119873815,0.0,0.005190311418685121,0.0015128593040847202,0.006379585326953748,0.0015105740181268882,0.001639344262295082,0.02027027027027027,0.0032,0.0,0.011128775834658187,0.006482982171799027,0.05112781954887218,0.0,0.018779342723004695,0.001658374792703151,0.017915309446254073,0.03531300160513644,0.05519480519480519,0.0,0.0031545741324921135,0.0,0.011111111111111112,0.0015772870662460567,0.03492063492063492,0.003194888178913738,0.009852216748768473,0.07530120481927711,0.0,0.0,0.0944,0.021630615640599003,0,0.0,0.0,0.0,0.02809917355371901,0.004909983633387889,0.04777070063694268,0.0032679738562091504,0.0017605633802816902,0.0033277870216306157,0.06578947368421052,0.0,0.0032679738562091504,0.0594855305466238,0.031446540880503145,0.031914893617021274,0.0,0.0288,0.057391304347826085,0.0015527950310559005,0.0192,0.05152979066022544,0.0,0.0,0.006379585326953748,0.003194888178913738,0.08201892744479496,0.009884678747940691,0.030206677265500796,0.0032102728731942215,0.0030864197530864196,0.0015479876160990713,0.049689440993788817,0.03225806451612903,0.0031746031746031746,0.0,0.0,0.0,0.004754358161648178,0.02750809061488673,0.050080775444264945,0.0391156462585034,0.02034428794992175,0.0384,0.0128,0.0,0.035830618892508145,0.0392156862745098,0.00463678516228748,0.03241491085899514,0.021875,0.006259780907668232,0.0,0.021241830065359478,0.012461059190031152,0.044142614601018676,0.031446540880503145,0.03533026113671275,0.0,0.049019607843137254,0.0015822784810126582,0.0,0.013677811550151976,0.02329450915141431,0.04769475357710652,0.02910958904109589,0.05666156202143951,0.0,0.052795031055900624,0.02181208053691275,0.0016366612111292963,0.0,0.07266982622432859,0.00333889816360601,0.02631578947368421,0.07214765100671142,0.027823240589198037,0.0016806722689075631,0.006756756756756757,0.0033613445378151263,0.003134796238244514,0.003436426116838488,0.0,0.052969502407704656,0.01692047377326565,0.04739336492890995,0.0,0.003246753246753247,0.0016420361247947454,0.025684931506849314,0.06507936507936508,0.015,0.0017064846416382253,0.022653721682847898,0.00966183574879227,0.017628205128205128
2019,1,9,prevalence,0.0,0.0033112582781456954,0.017628205128205128,0.0,0.001584786053882726,0.0,0.0029850746268656717,0.0015151515151515152,0.0,0.0015923566878980893,0.0,0.0,0.0,0.0033500837520938024,0.0033112582781456954,0.0,0.0,0.0,0.0032102728731942215,0.0167427701674277,0.0016286644951140066,0.0,0.011217948717948718,0.0,0.004658385093167702,0.0,0.059748427672955975,0.0048543689320388345,0.011456628477905073,0.0034482758620689655,0.003236245954692557,0.07269789983844911,0.0016750418760469012,0.0016260162601626016,0.0015151515151515152,0.0016313213703099511,0.0016260162601626016,0.0015337423312883436,0.006389776357827476,0.048154093097913325,0.0,0.006279434850863423,0.04918032786885246,0.0032258064516129032,0.0049586776859504135,0.0,0.001557632398753894,0.04897314375987362,0.0,0.038834951456310676,0.0,0.0015698587127158557,0.08235294117647059,0.01794453507340946,0.0,0.025889967637540454,0.0033277870216306157,0.0,0.001594896331738437,0.03588907014681892,0.01610305958132045,0.0016233766233766235,0.0,0.0016313213703099511,0.0,0.011532125205930808,0.0,0.05015197568389058,0.0015503875968992248,0.0,0.0016339869281045752,0.0,0.0421875,0.0015060240963855422,0.006779661016949152,0.0,0.006493506493506494,0.0,0.0016501650165016502,0.013071895424836602,0.003179650238473768,0.0,0.011363636363636364,0.006420545746388443,0.046875,0.0,0.021538461538461538,0.0016181229773462784,0.020440251572327043,0.022257551669316374,0.04411764705882353,0.0016722408026755853,0.009146341463414634,0.0,0.011182108626198083,0.0031201248049922,0.045454545454545456,0.001597444089456869,0.006644518272425249,0.06277372262773723,0.0,0.0,0.0448,0.04639175257731959,0,0.0,0.0,0.0,0.03672787979966611,0.0032520325203252032,0.03779527559055118,0.00482315112540193,0.0,0.0032102728731942215,0.058519793459552494,0.0,0.005,0.05732484076433121,0.052050473186119876,0.04930662557781202,0.0016806722689075631,0.03668261562998405,0.054635761589403975,0.0015748031496062992,0.02476780185758514,0.03600654664484452,0.0,0.0016051364365971107,0.012738853503184714,0.003236245954692557,0.07198748043818466,0.004862236628849271,0.0380794701986755,0.0016313213703099511,0.00303951367781155,0.0015625,0.03164556962025317,0.03565640194489465,0.003169572107765452,0.0,0.0,0.0,0.004665629860031105,0.015873015873015872,0.0296875,0.06414473684210527,0.021035598705501618,0.044585987261146494,0.01238390092879257,0.0,0.036605657237936774,0.02857142857142857,0.009508716323296355,0.04094488188976378,0.02843601895734597,0.009389671361502348,0.004754358161648178,0.011764705882352941,0.0121580547112462,0.04522613065326633,0.03296703296703297,0.026194144838212634,0.0,0.04738562091503268,0.0015432098765432098,0.0015384615384615385,0.008928571428571428,0.04643449419568822,0.019077901430842606,0.013311148086522463,0.041666666666666664,0.0,0.04236006051437216,0.011666666666666667,0.0016233766233766235,0.0031446540880503146,0.08319738988580751,0.004966887417218543,0.03482587064676617,0.05490848585690516,0.03140495867768595,0.001697792869269949,0.010186757215619695,0.013490725126475547,0.0032258064516129032,0.003418803418803419,0.0,0.0463258785942492,0.027597402597402596,0.04272151898734177,0.0,0.004862236628849271,0.0016155088852988692,0.026936026936026935,0.04205607476635514,0.015570934256055362,0.003305785123966942,0.03912363067292645,0.011345218800648298,0.01938610662358643
2020,1,9,prevalence,0.004739336492890996,0.0016778523489932886,0.03536977491961415,0.0,0.0016260162601626016,0.0,0.004622496147919877,0.0,0.0016286644951140066,0.0015384615384615385,0.0,0.0,0.0,0.0032520325203252032,0.0016835016835016834,0.0,0.0,0.0,0.0015698587127158557,0.009404388714733543,0.0,0.0,0.0064516129032258064,0.001564945226917058,0.0046801872074883,0.0,0.1126984126984127,0.004893964110929853,0.013071895424836602,0.003401360544217687,0.003110419906687403,0.0947867298578199,0.004901960784313725,0.001610305958132045,0.0030349013657056147,0.0,0.0,0.0015105740181268882,0.006359300476947536,0.07936507936507936,0.0,0.004658385093167702,0.08598726114649681,0.0032626427406199023,0.0032,0.0,0.0015220700152207,0.04487179487179487,0.0,0.030844155844155844,0.0,0.001567398119122257,0.08955223880597014,0.016286644951140065,0.001483679525222552,0.024193548387096774,0.006482982171799027,0.0,0.0015772870662460567,0.05379746835443038,0.006493506493506494,0.001597444089456869,0.0,0.0016207455429497568,0.0,0.017035775127768313,0.0,0.043348281016442454,0.0015772870662460567,0.0016155088852988692,0.0,0.0,0.02830188679245283,0.0015015015015015015,0.006791171477079796,0.0,0.0032948929159802307,0.0,0.0016611295681063123,0.00322061191626409,0.0016207455429497568,0.0,0.004901960784313725,0.006191950464396285,0.02450229709035222,0.0,0.019877675840978593,0.0016286644951140066,0.019077901430842606,0.00946372239747634,0.025682182985553772,0.0016313213703099511,0.009174311926605505,0.0,0.020537124802527645,0.0030864197530864196,0.039816232771822356,0.0015923566878980893,0.0051813471502590676,0.06489675516224189,0.0,0.001644736842105263,0.02727272727272727,0.05650684931506849,0,0.0,0.0,0.0,0.016420361247947456,0.0016501650165016502,0.0167427701674277,0.004966887417218543,0.0,0.0,0.0603448275862069,0.0,0.0033003300330033004,0.06807131280388978,0.03139717425431711,0.030864197530864196,0.0016638935108153079,0.025356576862123614,0.03966942148760331,0.0015748031496062992,0.027607361963190184,0.02508361204013378,0.0015748031496062992,0.003205128205128205,0.01732283464566929,0.003169572107765452,0.04019292604501608,0.003257328990228013,0.0380794701986755,0.0016129032258064516,0.0045662100456621,0.001557632398753894,0.022151898734177215,0.04769475357710652,0.003189792663476874,0.0,0.0,0.0,0.004511278195488722,0.014173228346456693,0.028985507246376812,0.06913183279742766,0.030063291139240507,0.05228758169934641,0.012232415902140673,0.0017421602787456446,0.028052805280528052,0.030944625407166124,0.00792393026941363,0.026113671274961597,0.022222222222222223,0.006144393241167435,0.008090614886731391,0.009884678747940691,0.007462686567164179,0.05057096247960848,0.039938556067588324,0.026113671274961597,0.0,0.053833605220228384,0.0014684287812041115,0.0014947683109118087,0.012012012012012012,0.07601351351351351,0.029079159935379646,0.016233766233766232,0.053516819571865444,0.0,0.029641185647425898,0.005084745762711864,0.003289473684210526,0.006339144215530904,0.10260586319218241,0.004862236628849271,0.02926829268292683,0.09225700164744646,0.04186795491143317,0.001652892561983471,0.01288244766505636,0.01206896551724138,0.00315955766192733,0.0033500837520938024,0.0,0.048859934853420196,0.014285714285714285,0.0430622009569378,0.0,0.004739336492890996,0.0016313213703099511,0.02910958904109589,0.03937007874015748,0.027491408934707903,0.0033112582781456954,0.048818897637795275,0.008347245409015025,0.006493506493506494
2021,1,9,prevalence,0.0031545741324921135,0.0016891891891891893,0.05065359477124183,0.0015384615384615385,0.001644736842105263,0.0,0.003110419906687403,0.0,0.0032102728731942215,0.0015060240963855422,0.004934210526315789,0.0,0.001763668430335097,0.00333889816360601,0.001644736842105263,0.0016474464579901153,0.0015151515151515152,0.0,0.0015360983102918587,0.0061633281972265025,0.003134796238244514,0.0016835016835016834,0.004815409309791332,0.0,0.0045662100456621,0.0,0.13964686998394862,0.004838709677419355,0.011686143572621035,0.0016778523489932886,0.0031645569620253164,0.0998389694041868,0.007987220447284345,0.0,0.0015015015015015015,0.0,0.0,0.0,0.006289308176100629,0.12861736334405144,0.0,0.0015267175572519084,0.1,0.0033222591362126247,0.0032679738562091504,0.0,0.001524390243902439,0.0631911532385466,0.0,0.050473186119873815,0.0,0.001607717041800643,0.08361204013377926,0.020537124802527645,0.0015015015015015015,0.0272,0.015698587127158554,0.0,0.0016233766233766235,0.08709677419354839,0.006546644844517185,0.0015873015873015873,0.0,0.0015772870662460567,0.0,0.019966722129783693,0.0,0.07174887892376682,0.001610305958132045,0.0016207455429497568,0.0,0.0,0.022187004754358162,0.0,0.013445378151260505,0.0,0.0033112582781456954,0.0,0.003316749585406302,0.023809523809523808,0.0016129032258064516,0.0,0.0016556291390728477,0.006211180124223602,0.02689873417721519,0.0,0.03987730061349693,0.001639344262295082,0.011075949367088608,0.009724473257698542,0.02912621359223301,0.001589825119236884,0.021604938271604937,0.0,0.017054263565891473,0.0030959752321981426,0.020249221183800622,0.0015748031496062992,0.005136986301369863,0.03714710252600297,0.0,0.0,0.01676829268292683,0.03204047217537943,0,0.0,0.0,0.0,0.004966887417218543,0.00322061191626409,0.020958083832335328,0.0032310177705977385,0.0,0.0016025641025641025,0.05719237435008666,0.0,0.0033783783783783786,0.0744336569579288,0.0282574568288854,0.04482225656877898,0.0016611295681063123,0.012841091492776886,0.06324786324786325,0.0016051364365971107,0.022257551669316374,0.029900332225913623,0.004709576138147566,0.0015625,0.029079159935379646,0.0016025641025641025,0.0359375,0.0016313213703099511,0.03130148270181219,0.0016,0.004594180704441042,0.001594896331738437,0.012759170653907496,0.06902086677367576,0.0015503875968992248,0.0016207455429497568,0.0,0.0,0.0014925373134328358,0.009419152276295133,0.0384,0.06557377049180328,0.061224489795918366,0.022508038585209004,0.015822784810126583,0.0017241379310344827,0.013311148086522463,0.0180623973727422,0.02564102564102564,0.037914691943127965,0.0220125786163522,0.006259780907668232,0.019261637239165328,0.02152317880794702,0.00909090909090909,0.049206349206349205,0.08722741433021806,0.007385524372230428,0.0,0.048154093097913325,0.001488095238095238,0.0015037593984962407,0.015432098765432098,0.08557046979865772,0.023474178403755867,0.0109375,0.0972644376899696,0.0,0.02576489533011272,0.0,0.0065252854812398045,0.001584786053882726,0.09421487603305785,0.0030816640986132513,0.03529411764705882,0.08809135399673736,0.05806451612903226,0.0016420361247947454,0.014173228346456693,0.0016611295681063123,0.00315955766192733,0.0017271157167530224,0.0,0.03801652892561983,0.015748031496062992,0.0512,0.0,0.0015723270440251573,0.0016025641025641025,0.021996615905245348,0.04019292604501608,0.017452006980802792,0.0032,0.06199021207177814,0.009836065573770493,0.012841091492776886
2022,1,9,prevalence,0.0015600624024961,0.0,0.04340567612687813,0.001466275659824047,0.0032310177705977385,0.0,0.0030627871362940277,0.0,0.003189792663476874,0.0,0.006379585326953748,0.0,0.0017152658662092624,0.003316749585406302,0.0,0.0016501650165016502,0.0015552099533437014,0.0,0.0,0.0029585798816568047,0.00625,0.004975124378109453,0.001610305958132045,0.0,0.00315955766192733,0.0,0.16037735849056603,0.0016750418760469012,0.006535947712418301,0.001692047377326565,0.0015772870662460567,0.06754530477759473,0.011041009463722398,0.0,0.0,0.0,0.0,0.0,0.0031446540880503146,0.13376835236541598,0.0,0.003110419906687403,0.13853503184713375,0.0016181229773462784,0.003205128205128205,0.0,0.0015174506828528073,0.0903522205206738,0.0,0.056179775280898875,0.0,0.001610305958132045,0.07603305785123966,0.01732283464566929,0.0,0.0282574568288854,0.03715170278637771,0.0,0.0016556291390728477,0.08439490445859872,0.011254019292604502,0.0,0.0,0.0032520325203252032,0.0,0.013675213675213675,0.0,0.07906295754026355,0.0016260162601626016,0.0016366612111292963,0.0,0.0,0.03398058252427184,0.0,0.026490066225165563,0.0,0.0016611295681063123,0.0,0.004893964110929853,0.0512,0.001607717041800643,0.0,0.0,0.004601226993865031,0.026604068857589983,0.0,0.0226928895612708,0.0015923566878980893,0.012578616352201259,0.008143322475570033,0.033277870216306155,0.0016051364365971107,0.03988183161004431,0.0,0.017054263565891473,0.001579778830963665,0.013910355486862442,0.001584786053882726,0.0034602076124567475,0.05621301775147929,0.0,0.0016129032258064516,0.02197802197802198,0.04942339373970346,0,0.001610305958132045,0.0,0.0,0.006482982171799027,0.0032626427406199023,0.014749262536873156,0.0,0.0,0.0,0.054673721340388004,0.001584786053882726,0.0016806722689075631,0.060842433697347896,0.0491283676703645,0.02631578947368421,0.0016366612111292963,0.03827751196172249,0.0727580372250423,0.0,0.02576489533011272,0.03322259136212625,0.0015772870662460567,0.0015455950540958269,0.02694136291600634,0.0016366612111292963,0.040123456790123455,0.0017211703958691911,0.012987012987012988,0.001589825119236884,0.004615384615384616,0.001564945226917058,0.007961783439490446,0.11093247588424437,0.0,0.001589825119236884,0.0,0.0,0.0014727540500736377,0.011182108626198083,0.05872756933115824,0.0656,0.06771653543307087,0.02472952086553323,0.009433962264150943,0.0,0.01192504258943782,0.01,0.04874213836477988,0.05076923076923077,0.03317535545023697,0.006172839506172839,0.03600654664484452,0.016233766233766232,0.005961251862891207,0.07741935483870968,0.11755485893416928,0.00894187779433681,0.0,0.0464,0.001445086705202312,0.0015082956259426848,0.0124804992199688,0.1140495867768595,0.0352,0.016286644951140065,0.10558069381598793,0.0,0.031198686371100164,0.0,0.001589825119236884,0.0032,0.11726384364820847,0.003129890453834116,0.040453074433656956,0.05852842809364549,0.10929853181076672,0.001589825119236884,0.014778325123152709,0.0016722408026755853,0.001610305958132045,0.0016778523489932886,0.0,0.0272,0.015873015873015872,0.046511627906976744,0.0,0.0,0.001597444089456869,0.016722408026755852,0.02702702702702703,0.03135313531353135,0.001564945226917058,0.06907378335949764,0.006633499170812604,0.008103727714748784
2023,1,9,prevalence,0.0031446540880503146,0.0,0.07305194805194805,0.0015037593984962407,0.004901960784313725,0.0,0.003115264797507788,0.0,0.003129890453834116,0.0,0.006230529595015576,0.0,0.0017331022530329288,0.004893964110929853,0.0,0.0016891891891891893,0.0015600624024961,0.0,0.0015479876160990713,0.009244992295839754,0.006430868167202572,0.0016366612111292963,0.006309148264984227,0.0,0.004658385093167702,0.0,0.1963470319634703,0.0016155088852988692,0.003257328990228013,0.001669449081803005,0.0015625,0.0642504118616145,0.018838304552590265,0.0,0.0,0.0015625,0.0015772870662460567,0.0,0.001557632398753894,0.13871951219512196,0.0,0.004784688995215311,0.16062992125984252,0.003215434083601286,0.003236245954692557,0.0,0.0,0.12888198757763975,0.0,0.04952076677316294,0.0,0.0,0.07535321821036106,0.022435897435897436,0.0,0.017432646592709985,0.05683563748079877,0.0,0.0016129032258064516,0.11305732484076433,0.013050570962479609,0.0,0.0,0.0,0.0,0.010101010101010102,0.0016286644951140066,0.07913669064748201,0.0016155088852988692,0.0016286644951140066,0.0,0.0,0.029641185647425898,0.0015479876160990713,0.03459637561779242,0.0,0.0017094017094017094,0.0,0.0032310177705977385,0.05901116427432217,0.001589825119236884,0.0,0.0,0.004431314623338257,0.028125,0.0,0.04457652303120357,0.0015723270440251573,0.014308426073131956,0.01282051282051282,0.043697478991596636,0.0016233766233766235,0.07017543859649122,0.0,0.020123839009287926,0.0,0.015337423312883436,0.001607717041800643,0.0016835016835016834,0.06917293233082707,0.001669449081803005,0.0033222591362126247,0.0440251572327044,0.03355704697986577,0,0.0,0.0,0.0,0.02572347266881029,0.003284072249589491,0.010819165378670788,0.0,0.0,0.0,0.09475465313028765,0.001597444089456869,0.0016806722689075631,0.05572755417956656,0.0421875,0.009523809523809525,0.0016366612111292963,0.04501607717041801,0.11056105610561057,0.0,0.04012841091492777,0.05128205128205128,0.0015748031496062992,0.004629629629629629,0.025848142164781908,0.0016051364365971107,0.02843601895734597,0.0017331022530329288,0.009917355371900827,0.003110419906687403,0.006211180124223602,0.0016155088852988692,0.017027863777089782,0.1567043618739903,0.0,0.001557632398753894,0.0015267175572519084,0.0,0.0014749262536873156,0.024115755627009645,0.053712480252764615,0.07020280811232449,0.05845181674565561,0.032357473035439135,0.007911392405063292,0.001658374792703151,0.0034662045060658577,0.0033003300330033004,0.052307692307692305,0.058823529411764705,0.05537459283387622,0.0030959752321981426,0.029173419773095625,0.01932367149758454,0.0030721966205837174,0.05872756933115824,0.1362940275650842,0.013313609467455622,0.0,0.06518282988871224,0.0014749262536873156,0.0,0.02694136291600634,0.12690355329949238,0.043478260869565216,0.022690437601296597,0.12654320987654322,0.0,0.04180064308681672,0.0,0.003215434083601286,0.0015873015873015873,0.14833333333333334,0.0,0.0368,0.05834683954619125,0.10586319218241043,0.0031847133757961785,0.008445945945945946,0.003215434083601286,0.001564945226917058,0.0,0.0,0.0512,0.03475513428120063,0.028744326777609682,0.0,0.0,0.0016129032258064516,0.0032733224222585926,0.03610675039246468,0.044850498338870434,0.0015625,0.06310679611650485,0.005050505050505051,0.00482315112540193
2024,1,9,prevalence,0.0015455950540958269,0.0,0.09816971713810316,0.001445086705202312,0.001639344262295082,0.0,0.0030816640986132513,0.0016339869281045752,0.0015503875968992248,0.0,0.010802469135802469,0.0,0.0017391304347826088,0.003289473684210526,0.0016181229773462784,0.0017152658662092624,0.0015625,0.0,0.0015772870662460567,0.013493253373313344,0.0032258064516129032,0.001607717041800643,0.011182108626198083,0.0,0.004724409448818898,0.0,0.20155038759689922,0.0016129032258064516,0.009836065573770493,0.0,0.0,0.10430463576158941,0.022292993630573247,0.0,0.0,0.0015313935681470138,0.0015625,0.0016051364365971107,0.0016207455429497568,0.12121212121212122,0.0015174506828528073,0.00315955766192733,0.15615141955835962,0.0031645569620253164,0.0016501650165016502,0.0015698587127158557,0.0,0.1608832807570978,0.0,0.026771653543307086,0.0,0.0,0.0738362760834671,0.035541195476575124,0.0,0.011456628477905073,0.06511627906976744,0.0,0.0,0.10618066561014262,0.02113821138211382,0.0,0.0,0.0,0.0,0.008375209380234505,0.0015923566878980893,0.06092124814264487,0.003129890453834116,0.0017035775127768314,0.0,0.0,0.07395498392282958,0.003105590062111801,0.026272577996715927,0.0,0.0017452006980802793,0.0,0.0015748031496062992,0.11501597444089456,0.0016474464579901153,0.0,0.0017064846416382253,0.004651162790697674,0.021705426356589147,0.0,0.0855457227138643,0.0,0.026856240126382307,0.012678288431061807,0.03833333333333333,0.0016207455429497568,0.09510086455331412,0.0,0.021341463414634148,0.0,0.015408320493066256,0.0,0.0016835016835016834,0.06006006006006006,0.0050335570469798654,0.006711409395973154,0.0781010719754977,0.024958402662229616,0,0.0,0.0,0.0,0.018151815181518153,0.003316749585406302,0.02040816326530612,0.0,0.0,0.0,0.0915032679738562,0.0016,0.0016611295681063123,0.03307086614173228,0.029595015576323987,0.015698587127158554,0.0016260162601626016,0.03481012658227848,0.1104,0.0,0.05901639344262295,0.08360655737704918,0.0030257186081694403,0.004491017964071856,0.022187004754358162,0.001564945226917058,0.01597444089456869,0.0017094017094017094,0.007874015748031496,0.003129890453834116,0.003105590062111801,0.0,0.02786377708978328,0.21144674085850557,0.0,0.0015360983102918587,0.0030075187969924814,0.0,0.001519756838905775,0.034108527131782945,0.03354632587859425,0.08832807570977919,0.05357142857142857,0.02147239263803681,0.012364760432766615,0.004815409309791332,0.0017574692442882249,0.005263157894736842,0.06752411575562701,0.12832550860719874,0.0633116883116883,0.0031446540880503146,0.017350157728706624,0.00631911532385466,0.0029895366218236174,0.055205047318611984,0.1664145234493192,0.013157894736842105,0.0,0.08628659476117104,0.0,0.0,0.0256,0.17755443886097153,0.06655844155844155,0.018151815181518153,0.11329305135951662,0.0,0.06891025641025642,0.0,0.003179650238473768,0.0015748031496062992,0.11900826446280992,0.0,0.028985507246376812,0.1032258064516129,0.09966777408637874,0.0047694753577106515,0.00847457627118644,0.006600660066006601,0.0015772870662460567,0.0,0.0,0.062193126022913256,0.030944625407166124,0.026438569206842923,0.001589825119236884,0.0,0.001597444089456869,0.006611570247933884,0.024,0.059931506849315065,0.0015748031496062992,0.0781758957654723,0.003401360544217687,0.0016
2025,1,9,prevalence,0.0030816640986132513,0.0,0.11260504201680673,0.0,0.0,0.0,0.0015313935681470138,0.0016286644951140066,0.0015151515151515152,0.0,0.0,0.0,0.0016863406408094434,0.0016286644951140066,0.0015822784810126582,0.0017064846416382253,0.001607717041800643,0.0,0.0015479876160990713,0.012102874432677761,0.0032,0.003115264797507788,0.006666666666666667,0.0,0.0032679738562091504,0.0,0.2334384858044164,0.0016313213703099511,0.011345218800648298,0.0,0.0,0.12790697674418605,0.030721966205837174,0.0,0.0,0.0014970059880239522,0.0015151515151515152,0.003236245954692557,0.0,0.15644171779141106,0.0014947683109118087,0.0015290519877675841,0.23909531502423265,0.003179650238473768,0.001694915254237288,0.001564945226917058,0.0,0.1792,0.0031496062992125984,0.03453689167974882,0.0016207455429497568,0.0,0.10048622366288493,0.04952076677316294,0.0014684287812041115,0.014539579967689823,0.0989345509893455,0.0,0.0,0.15789473684210525,0.024271844660194174,0.0,0.0,0.0015873015873015873,0.0,0.008319467554076539,0.0016,0.05606060606060606,0.0016025641025641025,0.001669449081803005,0.0,0.0,0.07098765432098765,0.0032733224222585926,0.0208,0.0,0.001692047377326565,0.0,0.001639344262295082,0.11700468018720749,0.001692047377326565,0.0,0.005154639175257732,0.0030816640986132513,0.010869565217391304,0.0015527950310559005,0.13161875945537066,0.0,0.0210016155088853,0.012618296529968454,0.026101141924959218,0.001644736842105263,0.10070921985815603,0.0,0.02047244094488189,0.0,0.022328548644338118,0.0016611295681063123,0.0,0.05709876543209876,0.003305785123966942,0.004830917874396135,0.08796296296296297,0.01990049751243781,0,0.0,0.0,0.0,0.03600654664484452,0.0032948929159802307,0.02127659574468085,0.0016286644951140066,0.0,0.0,0.11221122112211221,0.0016025641025641025,0.001644736842105263,0.03179650238473768,0.06210191082802548,0.028846153846153848,0.001610305958132045,0.03245749613601236,0.09951845906902086,0.001589825119236884,0.0448,0.10983606557377049,0.0030534351145038168,0.004524886877828055,0.026729559748427674,0.00315955766192733,0.03333333333333333,0.0016806722689075631,0.006259780907668232,0.001564945226917058,0.0030721966205837174,0.0,0.03205128205128205,0.19935691318327975,0.0,0.0015527950310559005,0.006097560975609756,0.0,0.0,0.03870967741935484,0.0288,0.09553158705701079,0.057283142389525366,0.024844720496894408,0.009538950715421303,0.00782472613458529,0.0017094017094017094,0.005272407732864675,0.07667731629392971,0.12206572769953052,0.0593900481540931,0.0046439628482972135,0.033707865168539325,0.008038585209003215,0.003110419906687403,0.0880503144654088,0.1731669266770671,0.005988023952095809,0.0,0.11755485893416928,0.0014619883040935672,0.0,0.0144,0.1588628762541806,0.07692307692307693,0.00819672131147541,0.11846153846153847,0.0,0.08346709470304976,0.0,0.008025682182985553,0.0016233766233766235,0.16474464579901152,0.0,0.024232633279483037,0.13291139240506328,0.09807073954983923,0.009569377990430622,0.005008347245409015,0.01589825119236884,0.0,0.0,0.0,0.07928802588996764,0.035256410256410256,0.04231974921630094,0.0015873015873015873,0.0,0.001597444089456869,0.006482982171799027,0.03184713375796178,0.07679180887372014,0.004792332268370607,0.06991869918699187,0.0017006802721088435,0.0
