Time,age_start,age_end,measure,draw_0,draw_1,draw_2,draw_3,draw_4,draw_5,draw_6,draw_7,draw_8,draw_9,draw_10,draw_11,draw_12,draw_13,draw_14,draw_15,draw_16,draw_17,draw_18,draw_19,draw_20,draw_21,draw_22,draw_23,draw_24,draw_25,draw_26,draw_27,draw_28,draw_29,draw_30,draw_31,draw_32,draw_33,draw_34,draw_35,draw_36,draw_37,draw_38,draw_39,draw_40,draw_41,draw_42,draw_43,draw_44,draw_45,draw_46,draw_47,draw_48,draw_49,draw_50,draw_51,draw_52,draw_53,draw_54,draw_55,draw_56,draw_57,draw_58,draw_59,draw_60,draw_61,draw_62,draw_63,draw_64,draw_65,draw_66,draw_67,draw_68,draw_69,draw_70,draw_71,draw_72,draw_73,draw_74,draw_75,draw_76,draw_77,draw_78,draw_79,draw_80,draw_81,draw_82,draw_83,draw_84,draw_85,draw_86,draw_87,draw_88,draw_89,draw_90,draw_91,draw_92,draw_93,draw_94,draw_95,draw_96,draw_97,draw_98,draw_99,draw_100,draw_101,draw_102,draw_103,draw_104,draw_105,draw_106,draw_107,draw_108,draw_109,draw_110,draw_111,draw_112,draw_113,draw_114,draw_115,draw_116,draw_117,draw_118,draw_119,draw_120,draw_121,draw_122,draw_123,draw_124,draw_125,draw_126,draw_127,draw_128,draw_129,draw_130,draw_131,draw_132,draw_133,draw_134,draw_135,draw_136,draw_137,draw_138,draw_139,draw_140,draw_141,draw_142,draw_143,draw_144,draw_145,draw_146,draw_147,draw_148,draw_149,draw_150,draw_151,draw_152,draw_153,draw_154,draw_155,draw_156,draw_157,draw_158,draw_159,draw_160,draw_161,draw_162,draw_163,draw_164,draw_165,draw_166,draw_167,draw_168,draw_169,draw_170,draw_171,draw_172,draw_173,draw_174,draw_175,draw_176,draw_177,draw_178,draw_179,draw_180,draw_181,draw_182,draw_183,draw_184,draw_185,draw_186,draw_187,draw_188,draw_189,draw_190,draw_191,draw_192,draw_193,draw_194,draw_195,draw_196,draw_197,draw_198,draw_199
1996,1,9,prevalence,0.0,0.0014947683109118087,0.001579778830963665,0.0016025641025641025,0.14461538461538462,0.0658682634730539,0.0,0.0033277870216306157,0.12012480499219969,0.006211180124223602,0.006578947368421052,0.084375,0.0701219512195122,0.05341246290801187,0,0.022727272727272728,0.003179650238473768,0.04918032786885246,0.0,0.001589825119236884,0.10445468509984639,0.027950310559006212,0.03592814371257485,0.0873015873015873,0.0,0.0,0.08320493066255778,0.0,0.004754358161648178,0.005025125628140704,0.026813880126182965,0.03296703296703297,0.1695447409733124,0.0425531914893617,0.07523510971786834,0.1594896331738437,0.0943683409436834,0.004658385093167702,0.02666666666666667,0.0,0.0754414125200642,0.1266025641025641,0.009302325581395349,0.09341500765696784,0.009448818897637795,0.0,0.04430379746835443,0.004739336492890996,0.0732899022801303,0.2032258064516129,0.02527646129541864,0.022727272727272728,0.003129890453834116,0.012987012987012988,0.021103896103896104,0.06880733944954129,0.1178343949044586,0.0016233766233766235,0.04220779220779221,0.0,0.14580031695721077,0.10220125786163523,0.020249221183800622,0.021739130434782608,0.0030816640986132513,0.022508038585209004,0.008183306055646482,0.020895522388059702,0.06944444444444445,0.020766773162939296,0.034055727554179564,0.03471074380165289,0.14660493827160495,0.09104258443465492,0.03785488958990536,0.022187004754358162,0.0304,0.14331210191082802,0.034375,0.0,0.060514372163388806,0.06677018633540373,0.20300751879699247,0.006069802731411229,0.0,0.0031397174254317113,0.007668711656441718,0.12560386473429952,0.026627218934911243,0.11367127496159754,0.0015037593984962407,0.020569620253164556,0.08497723823975721,0.0,0.11022364217252396,0.057660626029654036,0.0483619344773791,0.00315955766192733,0.030894308943089432,0.04612850082372323,0.0016,0.07455429497568881,0.020602218700475437,0.019448946515397084,0.004878048780487805,0.0015822784810126582,0.025,0.0015552099533437014,0.021505376344086023,0.0698005698005698,0.10366826156299841,0.088,0.0848,0.004608294930875576,0.027565084226646247,0.06942392909896603,0.11305732484076433,0.015455950540958269,0.003115264797507788,0.003110419906687403,0.00949367088607595,0.0064,0.0219435736677116,0.2638888888888889,0.0,0.050974512743628186,0.0065040650406504065,0.0,0.19476268412438624,0.022617124394184167,0.0,0.13078149920255183,0.047619047619047616,0.047540983606557376,0.018018018018018018,0.003129890453834116,0.013493253373313344,0.0015923566878980893,0.21153846153846154,0.027522935779816515,0.022838499184339316,0.1407528641571195,0.1419457735247209,0.0,0.003289473684210526,0.11773940345368916,0.05636070853462158,0.14012738853503184,0.003236245954692557,0.030694668820678513,0.0031645569620253164,0.07658321060382917,0.0,0.056962025316455694,0.0,0.08683068017366136,0.01839464882943144,0.0,0.03488372093023256,0.003189792663476874,0.0,0.012066365007541479,0.055284552845528454,0.08864696734059098,0.07657657657657657,0.006700167504187605,0.014802631578947368,0.09785932721712538,0.026604068857589983,0.0,0.03076923076923077,0.02003338898163606,0.09953343701399689,0.04,0.0,0.005988023952095809,0.05608974358974359,0.07898658718330849,0.016,0.0,0.16040955631399317,0.06708268330733229,0.0,0.05726872246696035,0.0,0.07986688851913477,0.08294209702660407,0.1182108626198083,0.0,0.09697933227344992,0.04185351270553064,0.036163522012578615,0.0033444816053511705,0.05466237942122187,0.0031545741324921135,0.022187004754358162,0.0109204368174727,0.04192546583850932,0.06635802469135803,0.001557632398753894
1997,1,9,prevalence,0.0,0.0015290519877675841,0.00333889816360601,0.0016806722689075631,0.15580286168521462,0.06891025641025642,0.0,0.001692047377326565,0.10210696920583469,0.006259780907668232,0.005076142131979695,0.06902356902356903,0.07827476038338659,0.06818181818181818,0,0.02471169686985173,0.0033613445378151263,0.037606837606837605,0.0,0.0016313213703099511,0.14553990610328638,0.040257648953301126,0.060790273556231005,0.10474631751227496,0.0,0.0,0.10305958132045089,0.0,0.00487012987012987,0.005263157894736842,0.04067796610169491,0.03231017770597738,0.1685214626391097,0.031825795644891124,0.05422647527910686,0.1724137931034483,0.08737864077669903,0.0065040650406504065,0.031201248049921998,0.0,0.07640067911714771,0.0959349593495935,0.019138755980861243,0.08794788273615635,0.006462035541195477,0.0,0.02321724709784411,0.004901960784313725,0.07288135593220339,0.1857379767827529,0.060655737704918035,0.028125,0.00322061191626409,0.006745362563237774,0.027070063694267517,0.07350689127105667,0.12186978297161936,0.0016474464579901153,0.029900332225913623,0.0,0.12310286677908938,0.10561056105610561,0.03486529318541997,0.01487603305785124,0.001652892561983471,0.028523489932885907,0.016835016835016835,0.01757188498402556,0.06493506493506493,0.015050167224080268,0.03889789303079417,0.02023608768971332,0.13615023474178403,0.06334841628959276,0.03098106712564544,0.029605263157894735,0.033277870216306155,0.16695352839931152,0.01901743264659271,0.0,0.04340836012861737,0.05555555555555555,0.15798045602605862,0.006269592476489028,0.00644122383252818,0.003179650238473768,0.00482315112540193,0.12116316639741519,0.0421216848673947,0.11696869851729819,0.0015267175572519084,0.024834437086092714,0.07550077041602465,0.0,0.08427876823338736,0.06462585034013606,0.04107424960505529,0.0017035775127768314,0.02586206896551724,0.04304635761589404,0.004942339373970346,0.10149750415973377,0.022435897435897436,0.00819672131147541,0.0049261083743842365,0.0,0.01751592356687898,0.0046801872074883,0.02280130293159609,0.05918057663125948,0.08571428571428572,0.08360128617363344,0.09485530546623794,0.0015923566878980893,0.009404388714733543,0.06944444444444445,0.07432432432432433,0.022082018927444796,0.006745362563237774,0.0016233766233766235,0.013513513513513514,0.005,0.009983361064891847,0.24358974358974358,0.0,0.04672897196261682,0.0052173913043478265,0.0,0.18686868686868688,0.02195945945945946,0.0,0.09060955518945635,0.06774193548387097,0.028192371475953566,0.020833333333333332,0.0033112582781456954,0.010954616588419406,0.0016778523489932886,0.23557692307692307,0.03869969040247678,0.018803418803418803,0.1226890756302521,0.08445945945945946,0.0,0.009950248756218905,0.10561056105610561,0.07201309328968904,0.1781512605042017,0.0033277870216306157,0.04051863857374392,0.0033003300330033004,0.07465007776049767,0.0,0.03156146179401993,0.0,0.06547619047619048,0.015202702702702704,0.0,0.0387858347386172,0.001644736842105263,0.0,0.026194144838212634,0.03436426116838488,0.07804878048780488,0.0794392523364486,0.00505902192242833,0.011705685618729096,0.1389776357827476,0.014657980456026058,0.0,0.04654895666131621,0.037800687285223365,0.06891025641025642,0.048986486486486486,0.0,0.007518796992481203,0.03403565640194489,0.06334841628959276,0.004893964110929853,0.0,0.11359724612736662,0.05873015873015873,0.0,0.0382262996941896,0.0,0.09661016949152543,0.08585055643879173,0.10673234811165845,0.0,0.11239669421487604,0.0409711684370258,0.03668261562998405,0.005226480836236934,0.07333333333333333,0.0,0.0224,0.006734006734006734,0.03896103896103896,0.06902086677367576,0.0016313213703099511
1998,1,9,prevalence,0.0,0.001557632398753894,0.004885993485342019,0.001694915254237288,0.22052067381316998,0.08766233766233766,0.0,0.0,0.09090909090909091,0.004777070063694267,0.0017667844522968198,0.04833333333333333,0.08133971291866028,0.04682779456193353,0,0.026016260162601626,0.003389830508474576,0.025295109612141653,0.0,0.0016025641025641025,0.12363067292644757,0.06270096463022508,0.07280832095096583,0.12520325203252033,0.0,0.0,0.15522875816993464,0.0,0.006589785831960461,0.001736111111111111,0.039603960396039604,0.03205128205128205,0.13001605136436598,0.026490066225165563,0.06539074960127592,0.15136876006441224,0.09836065573770492,0.011382113821138212,0.01935483870967742,0.006493506493506494,0.11092150170648464,0.07188498402555911,0.02037617554858934,0.07455429497568881,0.00487012987012987,0.0016025641025641025,0.013050570962479609,0.004777070063694267,0.06610169491525424,0.16101694915254236,0.07876712328767123,0.030254777070063694,0.0031645569620253164,0.00505902192242833,0.009615384615384616,0.059790732436472344,0.12312811980033278,0.0033222591362126247,0.016891891891891893,0.0,0.11282051282051282,0.08703071672354949,0.016025641025641024,0.019448946515397084,0.0033112582781456954,0.021848739495798318,0.050788091068301226,0.006514657980456026,0.07097791798107256,0.008547008547008548,0.03755868544600939,0.01644736842105263,0.1288244766505636,0.08128834355828221,0.039383561643835614,0.04227642276422764,0.028192371475953566,0.1660958904109589,0.009569377990430622,0.0,0.0438871473354232,0.04576271186440678,0.08169934640522876,0.004739336492890996,0.01644736842105263,0.003076923076923077,0.006535947712418301,0.1629032258064516,0.0297339593114241,0.10197368421052631,0.0015128593040847202,0.014827018121911038,0.09244992295839753,0.0,0.11609907120743033,0.03685092127303183,0.03328050713153724,0.010273972602739725,0.04201680672268908,0.040983606557377046,0.01155115511551155,0.09045226130653267,0.025039123630672927,0.00676818950930626,0.0049261083743842365,0.0,0.017543859649122806,0.007716049382716049,0.027777777777777776,0.058823529411764705,0.06208053691275168,0.06466876971608833,0.08441558441558442,0.0015748031496062992,0.007656967840735069,0.05727554179566564,0.06335616438356165,0.02593192868719611,0.005067567567567568,0.0016474464579901153,0.011824324324324325,0.0050335570469798654,0.014634146341463415,0.27044025157232704,0.0,0.08450704225352113,0.02356902356902357,0.0,0.19795221843003413,0.0214168039538715,0.001597444089456869,0.08970099667774087,0.07120253164556962,0.019230769230769232,0.02037617554858934,0.005016722408026756,0.01059001512859304,0.0017094017094017094,0.21647819063004847,0.05763239875389408,0.021922428330522766,0.10152284263959391,0.07190635451505016,0.0,0.011686143572621035,0.12038523274478331,0.07281553398058252,0.16034482758620688,0.0032679738562091504,0.03156146179401993,0.0032733224222585926,0.055130168453292494,0.0016207455429497568,0.021103896103896104,0.0,0.06304985337243402,0.008488964346349746,0.0,0.031932773109243695,0.001652892561983471,0.0033613445378151263,0.01263823064770932,0.04288164665523156,0.05324459234608985,0.07849293563579278,0.010084033613445379,0.011235955056179775,0.10177705977382875,0.017973856209150325,0.0,0.03863987635239567,0.052364864864864864,0.06581059390048154,0.056818181818181816,0.0,0.0045871559633027525,0.03453947368421053,0.04075235109717868,0.008090614886731391,0.0,0.08768971332209106,0.06372549019607843,0.0,0.03645007923930269,0.0,0.037037037037037035,0.10517799352750809,0.09181969949916527,0.0,0.1357615894039735,0.0654490106544901,0.02564102564102564,0.006980802792321117,0.07537688442211055,0.0016722408026755853,0.04472843450479233,0.011345218800648298,0.039936102236421724,0.07855973813420622,0.0015873015873015873
1999,1,9,prevalence,0.0,0.0015748031496062992,0.003278688524590164,0.001697792869269949,0.23311897106109325,0.10509031198686371,0.0,0.0,0.0667779632721202,0.006568144499178982,0.0,0.03684210526315789,0.06645569620253164,0.04595879556259905,0,0.03355704697986577,0.005025125628140704,0.0224,0.0,0.0016025641025641025,0.11507293354943274,0.07026143790849673,0.0736196319018405,0.104199066874028,0.0,0.0,0.13468013468013468,0.0,0.01129032258064516,0.0017006802721088435,0.050080775444264945,0.028846153846153848,0.14238952536824878,0.017973856209150325,0.09872611464968153,0.14064914992272023,0.09886547811993517,0.0033500837520938024,0.019448946515397084,0.014492753623188406,0.11438474870017332,0.06309148264984227,0.02664576802507837,0.05246422893481717,0.008305647840531562,0.0016181229773462784,0.006379585326953748,0.004792332268370607,0.05,0.07781456953642384,0.10154905335628227,0.03508771929824561,0.0016286644951140066,0.004991680532445923,0.013029315960912053,0.05405405405405406,0.14864864864864866,0.006568144499178982,0.02972027972027972,0.0,0.09866220735785954,0.085667215815486,0.014354066985645933,0.018363939899833055,0.003372681281618887,0.016863406408094434,0.050933786078098474,0.004909983633387889,0.06521739130434782,0.008375209380234505,0.03987240829346093,0.015202702702702704,0.1192368839427663,0.08925869894099848,0.07389162561576355,0.06528662420382166,0.07026143790849673,0.1157167530224525,0.003278688524590164,0.0,0.05087440381558029,0.042662116040955635,0.06721311475409836,0.0047169811320754715,0.004815409309791332,0.0046875,0.0015698587127158557,0.1179245283018868,0.028037383177570093,0.09262435677530018,0.0015337423312883436,0.009983361064891847,0.12305295950155763,0.0,0.21638330757341576,0.04326123128119801,0.02127659574468085,0.01549053356282272,0.044850498338870434,0.04643449419568822,0.013008130081300813,0.06359300476947535,0.04375,0.00505902192242833,0.006734006734006734,0.0015772870662460567,0.03420195439739414,0.006042296072507553,0.02936378466557912,0.07186544342507645,0.035,0.0576,0.13183279742765272,0.0015527950310559005,0.013595166163141994,0.04516129032258064,0.04948805460750853,0.016129032258064516,0.001718213058419244,0.0,0.013745704467353952,0.01001669449081803,0.012698412698412698,0.20793650793650795,0.003424657534246575,0.08072487644151564,0.028892455858747994,0.0016750418760469012,0.1558219178082192,0.031096563011456628,0.001610305958132045,0.07641196013289037,0.05374592833876222,0.022435897435897436,0.021035598705501618,0.00338409475465313,0.013392857142857142,0.001736111111111111,0.13838550247116968,0.02865761689291101,0.04612850082372323,0.07640067911714771,0.04326123128119801,0.0,0.0049261083743842365,0.10634920634920635,0.07095709570957096,0.14214046822742474,0.0016260162601626016,0.03529411764705882,0.0033003300330033004,0.05891472868217054,0.0032948929159802307,0.01746031746031746,0.0,0.05504587155963303,0.014729950900163666,0.0,0.03541315345699832,0.0016233766233766235,0.001652892561983471,0.0064,0.05201342281879195,0.047775947281713346,0.09389671361502347,0.013582342954159592,0.016025641025641024,0.06807131280388978,0.019169329073482427,0.0,0.03210272873194221,0.05509181969949917,0.07617504051863858,0.053833605220228384,0.00333889816360601,0.004702194357366771,0.024154589371980676,0.021739130434782608,0.009819967266775777,0.0,0.09411764705882353,0.0889967637540453,0.0016233766233766235,0.03508771929824561,0.0015873015873015873,0.023178807947019868,0.10144927536231885,0.06942148760330578,0.0,0.14149443561208266,0.08042488619119878,0.017713365539452495,0.007194244604316547,0.05360134003350084,0.0016891891891891893,0.03697996918335902,0.016420361247947456,0.0701468189233279,0.08133971291866028,0.0
2000,1,9,prevalence,0.0,0.0016420361247947454,0.0016666666666666668,0.0,0.2775974025974026,0.12283464566929134,0.0,0.0,0.0690846286701209,0.004792332268370607,0.0,0.020761245674740483,0.05582137161084529,0.04213938411669368,0,0.04390243902439024,0.003284072249589491,0.01335559265442404,0.0,0.0,0.10114192495921696,0.061872909698996656,0.10697674418604651,0.09584664536741214,0.0,0.0,0.12020033388981637,0.0,0.01155115511551155,0.0017094017094017094,0.06840390879478828,0.046875,0.1500815660685155,0.00819672131147541,0.08333333333333333,0.14774494556765164,0.11993243243243243,0.0,0.019543973941368076,0.016286644951140065,0.11703958691910499,0.05287713841368585,0.03943217665615142,0.02384737678855326,0.008264462809917356,0.0016260162601626016,0.0109717868338558,0.004724409448818898,0.06324786324786325,0.06229508196721312,0.08561643835616438,0.04739336492890995,0.0032733224222585926,0.006578947368421052,0.005,0.05365126676602087,0.10696095076400679,0.010033444816053512,0.0297723292469352,0.0015128593040847202,0.08448275862068966,0.09661016949152543,0.019639934533551555,0.016286644951140065,0.003424657534246575,0.015202702702702704,0.02702702702702703,0.005076142131979695,0.07164634146341463,0.010084033613445379,0.022364217252396165,0.012718600953895072,0.08888888888888889,0.06944444444444445,0.047619047619047616,0.0633116883116883,0.07213114754098361,0.08585858585858586,0.009819967266775777,0.0,0.044657097288676235,0.01697792869269949,0.05815831987075929,0.0,0.0015822784810126582,0.0077279752704791345,0.006389776357827476,0.12307692307692308,0.026813880126182965,0.06666666666666667,0.0015625,0.011456628477905073,0.13132911392405064,0.0,0.3018292682926829,0.02356902356902357,0.012139605462822459,0.022435897435897436,0.036243822075782535,0.04361873990306947,0.02875399361022364,0.04739336492890995,0.04747320061255743,0.009917355371900827,0.008103727714748784,0.001589825119236884,0.05245901639344262,0.0045385779122541605,0.02666666666666667,0.07981220657276995,0.03727714748784441,0.050314465408805034,0.15698587127158556,0.0015698587127158557,0.013657056145675266,0.04430379746835443,0.04230118443316413,0.017543859649122806,0.006734006734006734,0.0,0.006482982171799027,0.0067226890756302525,0.006462035541195477,0.12954186413902052,0.005119453924914676,0.060655737704918035,0.020569620253164556,0.0016750418760469012,0.125,0.030894308943089432,0.0016051364365971107,0.07450331125827815,0.030844155844155844,0.0202808112324493,0.02694136291600634,0.0035335689045936395,0.01238390092879257,0.003436426116838488,0.12175324675324675,0.022123893805309734,0.033216783216783216,0.08774834437086093,0.03125,0.0,0.001669449081803005,0.0670926517571885,0.06403940886699508,0.11507293354943274,0.0,0.039655172413793106,0.0032414910858995136,0.06416275430359937,0.0016474464579901153,0.02377179080824089,0.0,0.057926829268292686,0.006688963210702341,0.0,0.04817275747508306,0.0016556291390728477,0.0,0.0049504950495049506,0.07058823529411765,0.04194630872483222,0.12691131498470948,0.037096774193548385,0.02689873417721519,0.07809847198641766,0.01340033500837521,0.0,0.03189792663476874,0.078125,0.047619047619047616,0.03642384105960265,0.0017006802721088435,0.004629629629629629,0.03215434083601286,0.014331210191082803,0.006557377049180328,0.0,0.12027491408934708,0.06885245901639345,0.001589825119236884,0.01938610662358643,0.001594896331738437,0.020066889632107024,0.08832807570977919,0.0779436152570481,0.0,0.1256198347107438,0.0995260663507109,0.0032258064516129032,0.007017543859649123,0.053156146179401995,0.0033277870216306157,0.02254428341384863,0.009819967266775777,0.08038585209003216,0.09001636661211129,0.0
2001,1,9,prevalence,0.0,0.0016339869281045752,0.0,0.0,0.284329563812601,0.09597523219814241,0.0,0.0,0.0681063122923588,0.004665629860031105,0.0,0.011804384485666104,0.0655226209048362,0.04304635761589404,0,0.03494176372712146,0.003278688524590164,0.005,0.001658374792703151,0.0,0.12414965986394558,0.07575757575757576,0.09967320261437909,0.07075471698113207,0.0,0.004966887417218543,0.10499139414802065,0.0,0.02356902356902357,0.0033222591362126247,0.07487520798668885,0.05161290322580645,0.17412140575079874,0.0,0.08006279434850863,0.1721958925750395,0.1423841059602649,0.0,0.019736842105263157,0.016863406408094434,0.10998307952622674,0.04754601226993865,0.05379746835443038,0.02254428341384863,0.021739130434782608,0.0031545741324921135,0.003257328990228013,0.0016129032258064516,0.039182282793867124,0.04792332268370607,0.08922558922558922,0.04313099041533546,0.0032626427406199023,0.005128205128205128,0.01565217391304348,0.04434250764525994,0.07899159663865546,0.008183306055646482,0.03793103448275862,0.0014925373134328358,0.11912751677852348,0.1357615894039735,0.006688963210702341,0.014308426073131956,0.0017271157167530224,0.017094017094017096,0.03156146179401993,0.013513513513513514,0.0680786686838124,0.004966887417218543,0.013289036544850499,0.020440251572327043,0.05930807248764415,0.09582689335394126,0.038461538461538464,0.06329113924050633,0.054098360655737705,0.08130081300813008,0.014516129032258065,0.0,0.06060606060606061,0.006711409395973154,0.08169934640522876,0.0,0.003129890453834116,0.020123839009287926,0.0016835016835016834,0.15203761755485892,0.042993630573248405,0.06878306878306878,0.0,0.0064516129032258064,0.10593900481540931,0.0016806722689075631,0.29402756508422667,0.01174496644295302,0.018575851393188854,0.027243589743589744,0.02329450915141431,0.031496062992125984,0.029079159935379646,0.04258675078864353,0.03538461538461538,0.00974025974025974,0.01751592356687898,0.009584664536741214,0.03993344425956739,0.004518072289156626,0.022950819672131147,0.050955414012738856,0.044596912521440824,0.03785488958990536,0.1645367412140575,0.0032258064516129032,0.02706766917293233,0.04032258064516129,0.0547945205479452,0.024154589371980676,0.006920415224913495,0.0016863406408094434,0.0016474464579901153,0.01854974704890388,0.0,0.0940032414910859,0.003367003367003367,0.06907894736842106,0.029185867895545316,0.0,0.07947019867549669,0.0249609984399376,0.0016233766233766235,0.0991869918699187,0.02127659574468085,0.006299212598425197,0.027463651050080775,0.0017331022530329288,0.006220839813374806,0.0016806722689075631,0.10927152317880795,0.018922852983988356,0.02861952861952862,0.13028764805414553,0.03608247422680412,0.0,0.0,0.0609375,0.05670103092783505,0.0984375,0.0,0.029668411867364748,0.0032626427406199023,0.06230031948881789,0.001607717041800643,0.017857142857142856,0.0,0.05846153846153846,0.008403361344537815,0.0,0.02847571189279732,0.001652892561983471,0.003236245954692557,0.013582342954159592,0.06,0.03889789303079417,0.13765822784810128,0.04411764705882353,0.03715670436187399,0.08521739130434783,0.02181208053691275,0.0,0.02664576802507837,0.09771986970684039,0.045234248788368334,0.04376012965964344,0.0016611295681063123,0.004524886877828055,0.03464566929133858,0.014308426073131956,0.003289473684210526,0.0,0.09847198641765705,0.05177993527508091,0.0016286644951140066,0.01594896331738437,0.0048,0.03559322033898305,0.0875796178343949,0.07885906040268456,0.0,0.12560386473429952,0.11057692307692307,0.004709576138147566,0.012280701754385965,0.07575757575757576,0.003205128205128205,0.026101141924959218,0.013201320132013201,0.0463258785942492,0.11038961038961038,0.001584786053882726
2002,1,9,prevalence,0.0,0.0016025641025641025,0.0,0.0,0.25925925925925924,0.11764705882352941,0.0,0.0,0.061258278145695365,0.0031007751937984496,0.0,0.01174496644295302,0.06060606060606061,0.02321724709784411,0,0.042692939244663386,0.0016835016835016834,0.008038585209003215,0.0016556291390728477,0.0,0.1264957264957265,0.05902192242833052,0.12641815235008103,0.0717628705148206,0.0,0.006535947712418301,0.1,0.0,0.03431372549019608,0.00338409475465313,0.047217537942664416,0.04983922829581994,0.3022508038585209,0.001589825119236884,0.05511811023622047,0.18638573743922204,0.14285714285714285,0.0,0.03225806451612903,0.008547008547008548,0.07601351351351351,0.049689440993788817,0.06842923794712286,0.025039123630672927,0.03764320785597381,0.0031397174254317113,0.004862236628849271,0.0016129032258064516,0.023972602739726026,0.05329153605015674,0.11359724612736662,0.038461538461538464,0.0015748031496062992,0.004966887417218543,0.017006802721088437,0.027950310559006212,0.0723905723905724,0.013029315960912053,0.03709949409780776,0.0015128593040847202,0.10082644628099173,0.12807881773399016,0.008103727714748784,0.012759170653907496,0.0017271157167530224,0.01353637901861252,0.040584415584415584,0.004862236628849271,0.06055900621118013,0.0032733224222585926,0.009868421052631578,0.018151815181518153,0.03322259136212625,0.08791208791208792,0.043973941368078175,0.07142857142857142,0.041050903119868636,0.10064935064935066,0.014308426073131956,0.0,0.05672609400324149,0.004966887417218543,0.11513157894736842,0.0,0.006359300476947536,0.027950310559006212,0.0,0.13884555382215288,0.03650793650793651,0.055357142857142855,0.0015822784810126582,0.004909983633387889,0.10952380952380952,0.0016863406408094434,0.19083969465648856,0.022298456260720412,0.0265210608424337,0.03289473684210526,0.018121911037891267,0.01288244766505636,0.03140495867768595,0.054140127388535034,0.0202808112324493,0.004724409448818898,0.02090032154340836,0.011382113821138212,0.04690117252931323,0.0030165912518853697,0.013157894736842105,0.03605015673981191,0.054817275747508304,0.03610675039246468,0.18459069020866772,0.004862236628849271,0.04341317365269461,0.059870550161812294,0.06293706293706294,0.02287581699346405,0.0034482758620689655,0.003257328990228013,0.001610305958132045,0.015151515151515152,0.004672897196261682,0.07954545454545454,0.0016556291390728477,0.06375838926174497,0.03816793893129771,0.0,0.1035653650254669,0.03486529318541997,0.0016501650165016502,0.1111111111111111,0.012965964343598054,0.0031201248049922,0.024671052631578948,0.0034071550255536627,0.006144393241167435,0.0016313213703099511,0.07755775577557755,0.01361573373676248,0.028481012658227847,0.10561056105610561,0.030508474576271188,0.0016207455429497568,0.0033277870216306157,0.04180064308681672,0.045454545454545456,0.08990536277602523,0.0031746031746031746,0.02385008517887564,0.003246753246753247,0.046031746031746035,0.0016474464579901153,0.011254019292604502,0.001697792869269949,0.06748466257668712,0.01507537688442211,0.0,0.03209459459459459,0.0032733224222585926,0.004991680532445923,0.02030456852791878,0.0756578947368421,0.048859934853420196,0.15275590551181104,0.0625,0.04538341158059468,0.07368421052631578,0.026981450252951095,0.001594896331738437,0.04292527821939587,0.10491803278688525,0.04361873990306947,0.08549618320610687,0.0016863406408094434,0.004580152671755725,0.055130168453292494,0.0032948929159802307,0.0032310177705977385,0.0,0.08163265306122448,0.03803486529318542,0.001589825119236884,0.035256410256410256,0.0192,0.051666666666666666,0.09333333333333334,0.060995184590690206,0.0,0.09320695102685624,0.12274959083469722,0.0016313213703099511,0.013793103448275862,0.061258278145695365,0.003169572107765452,0.03135313531353135,0.0368,0.03349282296650718,0.12241653418124006,0.001597444089456869
2003,1,9,prevalence,0.0,0.0016,0.0,0.0,0.18360655737704917,0.08761329305135952,0.0,0.0,0.06010016694490818,0.0031496062992125984,0.0015503875968992248,0.014950166112956811,0.08244274809160305,0.01644736842105263,0,0.033707865168539325,0.0,0.009917355371900827,0.003257328990228013,0.001589825119236884,0.08492201039861352,0.06218487394957983,0.14376996805111822,0.07846153846153846,0.001644736842105263,0.004761904761904762,0.08482871125611746,0.0,0.03672787979966611,0.003401360544217687,0.05432937181663837,0.03815580286168521,0.3411949685534591,0.0016260162601626016,0.03821656050955414,0.2084639498432602,0.14915254237288136,0.0,0.015025041736227046,0.008445945945945946,0.027257240204429302,0.03599374021909233,0.08878504672897196,0.01892744479495268,0.07516339869281045,0.0,0.008130081300813009,0.0016286644951140066,0.026490066225165563,0.0633693972179289,0.11544991511035653,0.035830618892508145,0.001584786053882726,0.005136986301369863,0.01174496644295302,0.02336448598130841,0.07236842105263158,0.009708737864077669,0.037162162162162164,0.0015267175572519084,0.08833333333333333,0.09630818619582665,0.008064516129032258,0.013245033112582781,0.0017094017094017094,0.02195945945945946,0.05872756933115824,0.006688963210702341,0.057750759878419454,0.003278688524590164,0.011382113821138212,0.02113821138211382,0.02321724709784411,0.08695652173913043,0.038461538461538464,0.056856187290969896,0.04697986577181208,0.08623548922056384,0.014423076923076924,0.0032626427406199023,0.03715670436187399,0.006568144499178982,0.11092985318107668,0.0,0.004909983633387889,0.013996889580093312,0.004909983633387889,0.14701378254211334,0.025,0.04931972789115646,0.003169572107765452,0.008291873963515755,0.10641627543035993,0.005042016806722689,0.1469265367316342,0.021164021164021163,0.03286384976525822,0.0347682119205298,0.03099510603588907,0.006837606837606838,0.03054662379421222,0.028052805280528052,0.01834862385321101,0.014354066985645933,0.026533996683250415,0.0049833887043189366,0.026143790849673203,0.0045871559633027525,0.011041009463722398,0.0304,0.08401976935749589,0.04024767801857585,0.1902439024390244,0.003169572107765452,0.07715582450832073,0.07266982622432859,0.0547945205479452,0.019736842105263157,0.0017241379310344827,0.0,0.0015748031496062992,0.013377926421404682,0.010574018126888218,0.08496732026143791,0.0016611295681063123,0.06495726495726496,0.0563165905631659,0.0,0.11754966887417219,0.02377179080824089,0.003316749585406302,0.08386075949367089,0.016260162601626018,0.006230529595015576,0.03361344537815126,0.0017035775127768314,0.006006006006006006,0.001644736842105263,0.08528428093645485,0.025757575757575757,0.03503184713375796,0.09415584415584416,0.0625,0.0016129032258064516,0.004893964110929853,0.022187004754358162,0.05181347150259067,0.06462035541195477,0.0015698587127158557,0.013468013468013467,0.0,0.04560260586319218,0.0016556291390728477,0.001579778830963665,0.0016233766233766235,0.06687898089171974,0.02,0.0,0.04983388704318937,0.0,0.005110732538330494,0.022222222222222223,0.05950413223140496,0.06581059390048154,0.18095238095238095,0.061611374407582936,0.029141104294478526,0.09298245614035087,0.024054982817869417,0.0015772870662460567,0.031446540880503145,0.07920792079207921,0.07407407407407407,0.0784,0.0,0.0015267175572519084,0.07975460122699386,0.0016260162601626016,0.004862236628849271,0.001692047377326565,0.07537688442211055,0.031746031746031744,0.0,0.03286384976525822,0.008064516129032258,0.08196721311475409,0.09106239460370995,0.09562398703403566,0.0,0.1069182389937107,0.13866231647634583,0.017133956386292833,0.008488964346349746,0.04292527821939587,0.004739336492890996,0.042071197411003236,0.05573770491803279,0.026687598116169546,0.11624203821656051,0.004754358161648178
2004,1,9,prevalence,0.0,0.0,0.0,0.0,0.13776337115072934,0.06738131699846861,0.0,0.0015822784810126582,0.07939189189189189,0.004777070063694267,0.0015220700152207,0.01904761904761905,0.06891271056661562,0.029459901800327332,0,0.0171875,0.0,0.010291595197255575,0.0033112582781456954,0.001579778830963665,0.05008635578583765,0.07321131447587355,0.12836767036450078,0.08809891808346214,0.0016339869281045752,0.0032102728731942215,0.0946843853820598,0.0,0.05175292153589316,0.0016835016835016834,0.058922558922558925,0.02936630602782071,0.31715210355987056,0.009819967266775777,0.05263157894736842,0.19165378670788252,0.17275747508305647,0.0,0.010309278350515464,0.00676818950930626,0.0067226890756302525,0.029780564263322883,0.10307692307692308,0.012861736334405145,0.09508196721311475,0.0,0.006493506493506494,0.0016339869281045752,0.057096247960848286,0.10597014925373134,0.11925042589437819,0.040268456375838924,0.001564945226917058,0.005076142131979695,0.008264462809917356,0.021875,0.055284552845528454,0.006482982171799027,0.026936026936026935,0.0015873015873015873,0.0903010033444816,0.06656101426307448,0.009852216748768473,0.0392156862745098,0.003418803418803419,0.03541315345699832,0.06698564593301436,0.008291873963515755,0.0668693009118541,0.0047694753577106515,0.010344827586206896,0.027642276422764227,0.009950248756218905,0.05901639344262295,0.04433497536945813,0.05823627287853577,0.049069373942470386,0.09688013136288999,0.01620745542949757,0.00964630225080386,0.04411764705882353,0.003257328990228013,0.14597315436241612,0.0,0.0034129692832764505,0.009554140127388535,0.0050933786078098476,0.15926493108728942,0.01788617886178862,0.06993006993006994,0.00315955766192733,0.008090614886731391,0.09163987138263666,0.0016750418760469012,0.12686567164179105,0.020833333333333332,0.028526148969889066,0.0297029702970297,0.052884615384615384,0.015625,0.03571428571428571,0.01461038961038961,0.01834862385321101,0.01584786053882726,0.0288,0.0034482758620689655,0.046357615894039736,0.009389671361502348,0.004615384615384616,0.01282051282051282,0.05619834710743802,0.03554868624420402,0.18195956454121306,0.0015479876160990713,0.0915915915915916,0.08580343213728549,0.04498269896193772,0.03079416531604538,0.0017452006980802793,0.0,0.004559270516717325,0.023140495867768594,0.02204724409448819,0.06504065040650407,0.0016863406408094434,0.07450331125827815,0.049924357034795766,0.0,0.10509031198686371,0.03610675039246468,0.0033112582781456954,0.07606973058637084,0.01875,0.00916030534351145,0.023255813953488372,0.001697792869269949,0.004518072289156626,0.0016286644951140066,0.09983633387888707,0.024464831804281346,0.025518341307814992,0.11605723370429252,0.08818635607321132,0.0016556291390728477,0.0,0.018575851393188854,0.09187279151943463,0.046052631578947366,0.001610305958132045,0.0231023102310231,0.004942339373970346,0.028052805280528052,0.004878048780487805,0.006289308176100629,0.0016286644951140066,0.07232704402515723,0.026101141924959218,0.0016891891891891893,0.05627009646302251,0.004815409309791332,0.005084745762711864,0.03523489932885906,0.0627062706270627,0.05910543130990415,0.1610305958132045,0.06379585326953748,0.03840245775729647,0.1,0.017271157167530225,0.0015128593040847202,0.03821656050955414,0.05785123966942149,0.0754414125200642,0.07255520504731862,0.0,0.0,0.07395993836671803,0.0016366612111292963,0.0015748031496062992,0.0034602076124567475,0.08305647840531562,0.018518518518518517,0.0,0.027070063694267517,0.012861736334405145,0.09448818897637795,0.0919931856899489,0.11745513866231648,0.0,0.11919504643962849,0.18226600985221675,0.0375,0.008576329331046312,0.036334913112164295,0.00975609756097561,0.02903225806451613,0.05546492659053834,0.02800658978583196,0.10333333333333333,0.009174311926605505
2005,1,9,prevalence,0.0,0.0,0.0,0.0,0.10445205479452055,0.045171339563862926,0.0,0.0016129032258064516,0.07941653160453808,0.003205128205128205,0.0015290519877675841,0.025396825396825397,0.062402496099843996,0.021666666666666667,0,0.023622047244094488,0.0,0.008561643835616438,0.0016181229773462784,0.001564945226917058,0.03571428571428571,0.06756756756756757,0.12261146496815287,0.08823529411764706,0.003284072249589491,0.001610305958132045,0.08798646362098139,0.0,0.07717569786535304,0.001639344262295082,0.05509181969949917,0.0406885758998435,0.23114754098360657,0.024834437086092714,0.05263157894736842,0.16825396825396827,0.1952054794520548,0.0,0.01601423487544484,0.011844331641285956,0.0032520325203252032,0.020700636942675158,0.13078149920255183,0.008517887563884156,0.12166666666666667,0.0,0.001607717041800643,0.0,0.07507987220447285,0.12269938650306748,0.10961214165261383,0.04047217537942664,0.0016129032258064516,0.0049833887043189366,0.001639344262295082,0.02021772939346812,0.04975124378109453,0.011647254575707155,0.04145936981757877,0.001589825119236884,0.10851419031719532,0.05339805825242718,0.006493506493506494,0.044189852700491,0.0034129692832764505,0.036544850498338874,0.04936305732484077,0.003316749585406302,0.06055900621118013,0.006379585326953748,0.010309278350515464,0.0380952380952381,0.011532125205930808,0.06060606060606061,0.04567699836867863,0.07628524046434494,0.04590163934426229,0.11755233494363929,0.011217948717948718,0.006802721088435374,0.056818181818181816,0.004807692307692308,0.16639477977161501,0.0,0.008264462809917356,0.0125,0.005008347245409015,0.11182108626198083,0.024154589371980676,0.0735042735042735,0.014240506329113924,0.004807692307692308,0.12460063897763578,0.0017211703958691911,0.12012012012012012,0.033783783783783786,0.012364760432766615,0.03966942148760331,0.04032258064516129,0.023769100169779286,0.05073649754500818,0.01001669449081803,0.01225114854517611,0.026813880126182965,0.04313099041533546,0.006535947712418301,0.05564648117839607,0.007874015748031496,0.00463678516228748,0.012841091492776886,0.051364365971107544,0.03125,0.1850079744816587,0.0015408320493066256,0.11585365853658537,0.09984152139461172,0.033807829181494664,0.029605263157894735,0.0016891891891891893,0.0016501650165016502,0.0029850746268656717,0.044481054365733116,0.016,0.09223300970873786,0.001658374792703151,0.10281923714759536,0.04559270516717325,0.0,0.12755102040816327,0.03328050713153724,0.003316749585406302,0.06027820710973725,0.050955414012738856,0.012139605462822459,0.060755336617405585,0.0016750418760469012,0.0015455950540958269,0.0016366612111292963,0.10420168067226891,0.021604938271604937,0.03343949044585987,0.10603588907014681,0.11237785016286644,0.0016806722689075631,0.0,0.009375,0.09330985915492958,0.048859934853420196,0.0015873015873015873,0.034653465346534656,0.0,0.024509803921568627,0.004918032786885246,0.00631911532385466,0.0015923566878980893,0.054187192118226604,0.02127659574468085,0.003316749585406302,0.041935483870967745,0.03145695364238411,0.0016835016835016834,0.03541315345699832,0.05950413223140496,0.07232704402515723,0.1566068515497553,0.07028753993610223,0.037037037037037035,0.07796610169491526,0.012006861063464836,0.0015360983102918587,0.056818181818181816,0.0547008547008547,0.05787781350482315,0.08823529411764706,0.0017513134851138354,0.0,0.05246422893481717,0.003289473684210526,0.012578616352201259,0.0051635111876075735,0.09380234505862646,0.02021772939346812,0.0,0.020602218700475437,0.006600660066006601,0.08828250401284109,0.10465116279069768,0.11935483870967742,0.0,0.08031496062992126,0.18019480519480519,0.03265940902021773,0.008375209380234505,0.04090909090909091,0.0214168039538715,0.03035143769968051,0.06612903225806452,0.03140495867768595,0.10437710437710437,0.009419152276295133
2006,1,9,prevalence,0.0,0.0,0.0,0.0,0.11844331641285956,0.06646525679758308,0.0,0.0016233766233766235,0.08496732026143791,0.004784688995215311,0.0014903129657228018,0.0358814352574103,0.029275808936825885,0.010067114093959731,0,0.0234009360374415,0.0,0.006688963210702341,0.0016,0.0016025641025641025,0.022988505747126436,0.05813953488372093,0.14968152866242038,0.0625,0.005084745762711864,0.0015923566878980893,0.07296849087893864,0.0,0.0993485342019544,0.0,0.07496012759170653,0.02527646129541864,0.15980230642504117,0.015050167224080268,0.05910543130990415,0.2021604938271605,0.1951219512195122,0.0,0.024263431542461005,0.008403361344537815,0.0031446540880503146,0.022292993630573247,0.11986863711001643,0.008319467554076539,0.13400335008375208,0.0,0.0,0.0,0.07419354838709677,0.16512345679012347,0.08085808580858085,0.028960817717206135,0.0,0.0033500837520938024,0.001718213058419244,0.03241491085899514,0.05016722408026756,0.011570247933884297,0.03636363636363636,0.0031847133757961785,0.14502529510961215,0.038461538461538464,0.009966777408637873,0.06451612903225806,0.006688963210702341,0.03801652892561983,0.06973058637083994,0.0015748031496062992,0.05443234836702955,0.0,0.0016750418760469012,0.030395136778115502,0.015384615384615385,0.0695364238410596,0.03821656050955414,0.06655844155844155,0.041666666666666664,0.07941653160453808,0.0,0.006557377049180328,0.07234726688102894,0.009569377990430622,0.1488673139158576,0.0,0.01468189233278956,0.012698412698412698,0.008143322475570033,0.12277867528271405,0.024390243902439025,0.046357615894039736,0.01584786053882726,0.003134796238244514,0.15551839464882944,0.0,0.10551181102362205,0.023728813559322035,0.015337423312883436,0.05608974358974359,0.04354587869362364,0.03559870550161812,0.08173076923076923,0.001669449081803005,0.010736196319018405,0.03164556962025317,0.0397456279809221,0.008237232289950576,0.0457516339869281,0.017488076311605722,0.001567398119122257,0.011093502377179081,0.09162717219589257,0.04416403785488959,0.14492753623188406,0.006220839813374806,0.14241001564945227,0.09163987138263666,0.03247863247863248,0.05314009661835749,0.0016260162601626016,0.0032679738562091504,0.004341534008683068,0.06291390728476821,0.015625,0.0959349593495935,0.0016863406408094434,0.09197324414715718,0.042042042042042045,0.0,0.09949409780775717,0.03110419906687403,0.003436426116838488,0.03969465648854962,0.046104928457869634,0.0045871559633027525,0.04145936981757877,0.0,0.0015552099533437014,0.0015923566878980893,0.10679611650485436,0.00967741935483871,0.038461538461538464,0.08631921824104234,0.10593900481540931,0.001652892561983471,0.0,0.012779552715654952,0.08362369337979095,0.03099510603588907,0.0016025641025641025,0.034653465346534656,0.0016778523489932886,0.015100671140939598,0.008169934640522876,0.009584664536741214,0.001607717041800643,0.0633116883116883,0.02073365231259968,0.005076142131979695,0.06393442622950819,0.01854974704890388,0.0017241379310344827,0.04658901830282862,0.048252911813643926,0.1,0.13029315960912052,0.09937888198757763,0.03376205787781351,0.07166666666666667,0.01487603305785124,0.0030211480362537764,0.03833333333333333,0.0492091388400703,0.07525083612040134,0.08575803981623277,0.0017452006980802793,0.0,0.03650793650793651,0.006589785831960461,0.013996889580093312,0.005016722408026756,0.13728813559322034,0.04730831973898858,0.0,0.01957585644371941,0.001652892561983471,0.08333333333333333,0.1141396933560477,0.12071778140293637,0.0016501650165016502,0.04823151125401929,0.12769485903814262,0.01938610662358643,0.008403361344537815,0.04084720121028744,0.011666666666666667,0.03715670436187399,0.0858085808580858,0.03648424543946932,0.09933774834437085,0.009419152276295133
2007,1,9,prevalence,0.0017035775127768314,0.0,0.0,0.0,0.10580204778156997,0.07339449541284404,0.0,0.0017094017094017094,0.07371794871794872,0.0031545741324921135,0.0014858841010401188,0.053125,0.021604938271604937,0.013628620102214651,0,0.029503105590062112,0.0,0.00676818950930626,0.0032948929159802307,0.00315955766192733,0.02127659574468085,0.05619834710743802,0.16583747927031509,0.06677018633540373,0.0034423407917383822,0.0015748031496062992,0.07179487179487179,0.001564945226917058,0.09935897435897435,0.0,0.0633116883116883,0.03668261562998405,0.10685805422647528,0.01155115511551155,0.04617834394904458,0.19874804381846636,0.1546875,0.0,0.01507537688442211,0.005119453924914676,0.0,0.02040816326530612,0.13442622950819672,0.00980392156862745,0.15609756097560976,0.0,0.0,0.0,0.08099173553719008,0.17095310136157338,0.06403940886699508,0.022727272727272728,0.001639344262295082,0.0016366612111292963,0.0033277870216306157,0.01870748299319728,0.04697986577181208,0.008403361344537815,0.03215434083601286,0.0031746031746031746,0.14950166112956811,0.05239520958083832,0.009852216748768473,0.10806451612903226,0.004918032786885246,0.03636363636363636,0.0514018691588785,0.0016025641025641025,0.0707395498392283,0.0016339869281045752,0.003430531732418525,0.037209302325581395,0.010398613518197574,0.05175292153589316,0.019138755980861243,0.036303630363036306,0.05654281098546042,0.05348460291734198,0.0,0.008077544426494346,0.07874015748031496,0.017543859649122806,0.14285714285714285,0.0,0.024077046548956663,0.014446227929373997,0.006514657980456026,0.11737089201877934,0.023140495867768594,0.04599659284497445,0.028616852146263912,0.003215434083601286,0.15254237288135594,0.0,0.12116316639741519,0.030874785591766724,0.010819165378670788,0.05457463884430177,0.07006369426751592,0.02090032154340836,0.08888888888888889,0.0016420361247947454,0.0031201248049922,0.032407407407407406,0.034482758620689655,0.008319467554076539,0.04019292604501608,0.01800327332242226,0.0015479876160990713,0.007961783439490446,0.09702660406885759,0.04038772213247173,0.104,0.0046801872074883,0.14285714285714285,0.10440456769983687,0.048013245033112585,0.048465266558966075,0.0016339869281045752,0.001669449081803005,0.0,0.057283142389525366,0.03205128205128205,0.1206611570247934,0.0033277870216306157,0.08666666666666667,0.0219435736677116,0.0,0.1001669449081803,0.03486529318541997,0.0033112582781456954,0.03167420814479638,0.06635071090047394,0.0030911901081916537,0.03642384105960265,0.0,0.001584786053882726,0.001584786053882726,0.09965635738831616,0.02912621359223301,0.04462809917355372,0.11686143572621036,0.1111111111111111,0.0032679738562091504,0.0,0.031055900621118012,0.05821917808219178,0.034482758620689655,0.0015923566878980893,0.04715447154471545,0.0017513134851138354,0.02155887230514096,0.006389776357827476,0.008431703204047217,0.0015625,0.0898876404494382,0.02572347266881029,0.006802721088435374,0.0864,0.02159468438538206,0.0017006802721088435,0.028052805280528052,0.03697749196141479,0.06605222734254992,0.121875,0.10188087774294671,0.0463258785942492,0.10774410774410774,0.02145214521452145,0.0030075187969924814,0.06440677966101695,0.06770833333333333,0.05432937181663837,0.07981220657276995,0.0,0.0,0.030063291139240507,0.007961783439490446,0.012441679626749611,0.0,0.1765704584040747,0.05396825396825397,0.0,0.024,0.001652892561983471,0.0915032679738562,0.125,0.08038585209003216,0.0016339869281045752,0.024,0.10149750415973377,0.03307086614173228,0.005042016806722689,0.06,0.005050505050505051,0.04451510333863275,0.11018363939899833,0.05245901639344262,0.09577922077922078,0.013975155279503106
2008,1,9,prevalence,0.0016891891891891893,0.0,0.0,0.0,0.13287904599659284,0.07573415765069552,0.0,0.001697792869269949,0.07467532467532467,0.0030959752321981426,0.0029895366218236174,0.07255520504731862,0.039938556067588324,0.008237232289950576,0,0.023112480739599383,0.0,0.01015228426395939,0.003401360544217687,0.001594896331738437,0.037037037037037035,0.05608974358974359,0.12643678160919541,0.05172413793103448,0.003389830508474576,0.0015600624024961,0.06788079470198675,0.0015408320493066256,0.08077544426494346,0.0,0.05958132045088567,0.022653721682847898,0.12111292962356793,0.008103727714748784,0.05910543130990415,0.1664145234493192,0.1480916030534351,0.0,0.008319467554076539,0.0017006802721088435,0.0015432098765432098,0.01732283464566929,0.14309484193011648,0.016051364365971106,0.1338709677419355,0.0,0.0015698587127158557,0.0,0.0738255033557047,0.20451127819548873,0.05016181229773463,0.010327022375215147,0.0031397174254317113,0.0016051364365971107,0.0016638935108153079,0.01870748299319728,0.053156146179401995,0.012738853503184714,0.03271028037383177,0.004784688995215311,0.12,0.04281345565749235,0.009900990099009901,0.14733542319749215,0.0033277870216306157,0.03764320785597381,0.04574132492113565,0.003189792663476874,0.11056910569105691,0.001597444089456869,0.00847457627118644,0.05555555555555555,0.01415929203539823,0.0784313725490196,0.00964630225080386,0.05115511551155116,0.07120253164556962,0.04508856682769726,0.008130081300813009,0.0065040650406504065,0.08201892744479496,0.01948051948051948,0.10873146622734761,0.0,0.016638935108153077,0.008103727714748784,0.006700167504187605,0.08931419457735247,0.02564102564102564,0.03130148270181219,0.03686635944700461,0.012519561815336464,0.1494057724957555,0.0,0.1900958466453674,0.02707275803722504,0.012461059190031152,0.054838709677419356,0.06825396825396825,0.024232633279483037,0.0748829953198128,0.00667779632721202,0.0030816640986132513,0.02635658914728682,0.03273322422258593,0.012987012987012988,0.030063291139240507,0.021241830065359478,0.0014903129657228018,0.009615384615384616,0.08702531645569621,0.0641025641025641,0.06168831168831169,0.0015748031496062992,0.14332784184514002,0.0825242718446602,0.07095709570957096,0.04692556634304207,0.0032258064516129032,0.001718213058419244,0.0029542097488921715,0.04942339373970346,0.02866779089376054,0.1393841166936791,0.0017482517482517483,0.09075907590759076,0.02254428341384863,0.0,0.128500823723229,0.028662420382165606,0.003372681281618887,0.019402985074626865,0.09621451104100946,0.0046875,0.041736227045075125,0.0015105740181268882,0.001639344262295082,0.0015723270440251573,0.06937394247038917,0.03210272873194221,0.05756578947368421,0.132890365448505,0.18037974683544303,0.0032679738562091504,0.001557632398753894,0.016897081413210446,0.04957264957264957,0.03125,0.0015873015873015873,0.032679738562091505,0.0017331022530329288,0.008116883116883116,0.0015527950310559005,0.0033613445378151263,0.0,0.0873015873015873,0.03414634146341464,0.0069084628670120895,0.14802631578947367,0.019064124783362217,0.0017035775127768314,0.05237315875613748,0.04404567699836868,0.050381679389312976,0.08450704225352113,0.09621451104100946,0.06829268292682927,0.13675213675213677,0.018272425249169437,0.0015151515151515152,0.0425531914893617,0.0779896013864818,0.07357859531772576,0.07605177993527508,0.0,0.0,0.028662420382165606,0.009966777408637873,0.009433962264150943,0.0016339869281045752,0.19805194805194806,0.057233704292527825,0.0,0.013223140495867768,0.003372681281618887,0.06988352745424292,0.163575042158516,0.04785478547854786,0.0032258064516129032,0.03284072249589491,0.08828522920203735,0.062402496099843996,0.003367003367003367,0.0655226209048362,0.005067567567567568,0.046104928457869634,0.11920529801324503,0.05714285714285714,0.06829268292682927,0.013782542113323124
2009,1,9,prevalence,0.0,0.001607717041800643,0.0,0.0,0.09661016949152543,0.08018867924528301,0.0015082956259426848,0.0,0.09294871794871795,0.0016260162601626016,0.0043859649122807015,0.06507936507936508,0.03283582089552239,0.00975609756097561,0,0.022364217252396165,0.0,0.01644736842105263,0.003284072249589491,0.0032310177705977385,0.03732503888024884,0.05388272583201268,0.11345218800648298,0.04900459418070444,0.00510204081632653,0.0,0.05970149253731343,0.0016051364365971107,0.076158940397351,0.0,0.07177814029363784,0.0096,0.12337662337662338,0.004807692307692308,0.05396825396825397,0.15160796324655437,0.1394658753709199,0.003316749585406302,0.003372681281618887,0.0017123287671232876,0.00631911532385466,0.01779935275080906,0.17235772357723578,0.024390243902439025,0.11075441412520064,0.0,0.009419152276295133,0.0,0.048859934853420196,0.1781874039938556,0.06776859504132231,0.010084033613445379,0.003236245954692557,0.0,0.0,0.006779661016949152,0.03425774877650897,0.012461059190031152,0.024691358024691357,0.00315955766192733,0.15577889447236182,0.06354009077155824,0.004918032786885246,0.1901840490797546,0.0016,0.024793388429752067,0.05501618122977346,0.0031496062992125984,0.10149750415973377,0.001597444089456869,0.001669449081803005,0.0392156862745098,0.00686106346483705,0.08637873754152824,0.01631321370309951,0.03376205787781351,0.08695652173913043,0.05466237942122187,0.01129032258064516,0.006666666666666667,0.07728706624605679,0.02086677367576244,0.14402618657937807,0.0,0.009868421052631578,0.01282051282051282,0.008064516129032258,0.10231023102310231,0.015600624024960999,0.02459016393442623,0.04395604395604396,0.02631578947368421,0.1691542288557214,0.0,0.21163166397415187,0.03262642740619902,0.00933125972006221,0.04738562091503268,0.09235668789808917,0.018151815181518153,0.07717041800643087,0.015126050420168067,0.010752688172043012,0.0445468509984639,0.03904923599320883,0.012841091492776886,0.04231974921630094,0.01957585644371941,0.004497751124437781,0.008169934640522876,0.08095238095238096,0.04333868378812199,0.06969205834683954,0.003134796238244514,0.12224108658743633,0.07236842105263158,0.043689320388349516,0.03273322422258593,0.0015822784810126582,0.003389830508474576,0.0,0.05723905723905724,0.04006677796327212,0.16775244299674266,0.001697792869269949,0.11688311688311688,0.027777777777777776,0.0,0.15875613747954173,0.028125,0.0050933786078098476,0.008888888888888889,0.13787638668779714,0.014754098360655738,0.0429042904290429,0.001483679525222552,0.0033613445378151263,0.0,0.04982817869415808,0.02508361204013378,0.06389776357827476,0.15780730897009967,0.19158878504672897,0.001607717041800643,0.009077155824508321,0.006339144215530904,0.043478260869565216,0.03559870550161812,0.0031545741324921135,0.03409090909090909,0.010714285714285714,0.011308562197092083,0.0015625,0.011784511784511785,0.0,0.10078740157480315,0.03079416531604538,0.005067567567567568,0.19448946515397084,0.03758169934640523,0.0,0.06386292834890965,0.045307443365695796,0.06800618238021638,0.07317073170731707,0.08688783570300158,0.06230031948881789,0.13728813559322034,0.016129032258064516,0.0031397174254317113,0.04738562091503268,0.04317789291882556,0.08783783783783784,0.06050955414012739,0.0,0.0,0.03129890453834116,0.020100502512562814,0.009230769230769232,0.001652892561983471,0.22058823529411764,0.08121019108280254,0.0,0.009787928221859706,0.006535947712418301,0.09703947368421052,0.15946843853820597,0.048252911813643926,0.0031847133757961785,0.08978328173374613,0.08813559322033898,0.07436708860759493,0.0033277870216306157,0.06153846153846154,0.01206896551724138,0.030959752321981424,0.09764309764309764,0.06957928802588997,0.049766718506998445,0.018404907975460124
2010,1,9,prevalence,0.0016155088852988692,0.0016129032258064516,0.0,0.0,0.08503401360544217,0.06041335453100159,0.0,0.0,0.11386138613861387,0.0016051364365971107,0.004373177842565598,0.07051282051282051,0.04090909090909091,0.017684887459807074,0,0.03398058252427184,0.0,0.023026315789473683,0.001584786053882726,0.0031545741324921135,0.0487062404870624,0.045171339563862926,0.08239095315024232,0.06918238993710692,0.005,0.0,0.04091653027823241,0.0015923566878980893,0.06546644844517185,0.001658374792703151,0.05152979066022544,0.026984126984126985,0.12861736334405144,0.009419152276295133,0.10789049919484701,0.16589861751152074,0.121875,0.006756756756756757,0.0,0.0033613445378151263,0.004777070063694267,0.014586709886547812,0.1700787401574803,0.02875399361022364,0.11525974025974026,0.0,0.00473186119873817,0.001557632398753894,0.05785123966942149,0.17535545023696683,0.09090909090909091,0.008445945945945946,0.0032258064516129032,0.0,0.0,0.008210180623973728,0.03678929765886288,0.008090614886731391,0.04643962848297214,0.0016722408026755853,0.16083916083916083,0.09833585476550681,0.0016181229773462784,0.24170616113744076,0.001610305958132045,0.02618657937806874,0.040783034257748776,0.0015625,0.08524590163934426,0.0015822784810126582,0.006644518272425249,0.031096563011456628,0.005084745762711864,0.10048622366288493,0.011986301369863013,0.03140495867768595,0.07088989441930618,0.06688417618270799,0.014469453376205787,0.009724473257698542,0.0932475884244373,0.02631578947368421,0.17263843648208468,0.0,0.01721170395869191,0.007974481658692184,0.006462035541195477,0.08631921824104234,0.006201550387596899,0.02459016393442623,0.035256410256410256,0.0379746835443038,0.18016528925619835,0.0,0.21283255086071987,0.04333868378812199,0.007886435331230283,0.023696682464454975,0.1206896551724138,0.008756567425569177,0.06869009584664537,0.02030456852791878,0.022900763358778626,0.047244094488188976,0.03666666666666667,0.011235955056179775,0.04709576138147567,0.017377567140600316,0.013196480938416423,0.011217948717948718,0.06422018348623854,0.0484375,0.05040650406504065,0.0031397174254317113,0.10847457627118644,0.07060755336617405,0.04375,0.04194630872483222,0.0016025641025641025,0.003246753246753247,0.0,0.03482587064676617,0.04455445544554455,0.19175911251980982,0.0016778523489932886,0.12605042016806722,0.019704433497536946,0.0016556291390728477,0.18407960199004975,0.03475513428120063,0.003372681281618887,0.011816838995568686,0.16483516483516483,0.017770597738287562,0.056666666666666664,0.0015105740181268882,0.004893964110929853,0.0,0.06551724137931035,0.032679738562091505,0.08373590982286634,0.13990461049284578,0.19808306709265175,0.0,0.0045045045045045045,0.004754358161648178,0.02666666666666667,0.03343949044585987,0.009569377990430622,0.024232633279483037,0.007142857142857143,0.009900990099009901,0.0016155088852988692,0.011570247933884297,0.0,0.07072368421052631,0.025437201907790145,0.005172413793103448,0.22929936305732485,0.04470198675496689,0.0,0.05105105105105105,0.0528,0.06270096463022508,0.06436420722135008,0.08874801901743265,0.08265802269043761,0.14143094841930118,0.01,0.003134796238244514,0.058919803600654665,0.03614457831325301,0.07178631051752922,0.03745928338762215,0.001692047377326565,0.001607717041800643,0.0264797507788162,0.009917355371900827,0.0125,0.0,0.19805194805194806,0.0732899022801303,0.0,0.0068143100511073255,0.008012820512820512,0.08852459016393442,0.14869281045751634,0.08441558441558442,0.003194888178913738,0.07255520504731862,0.07563025210084033,0.10658307210031348,0.0032626427406199023,0.0764525993883792,0.013559322033898305,0.018867924528301886,0.125,0.09268292682926829,0.0440251572327044,0.013888888888888888
2011,1,9,prevalence,0.0016051364365971107,0.0016286644951140066,0.0,0.0,0.10756302521008404,0.060955518945634266,0.0,0.0,0.08306709265175719,0.001594896331738437,0.004531722054380665,0.08207705192629816,0.05052005943536404,0.030595813204508857,0,0.016,0.0015015015015015015,0.018835616438356163,0.0015479876160990713,0.004694835680751174,0.05443234836702955,0.049679487179487176,0.06589785831960461,0.07974481658692185,0.004966887417218543,0.0,0.035483870967741936,0.0031446540880503146,0.07401315789473684,0.001644736842105263,0.06105610561056106,0.020569620253164556,0.14518760195758565,0.011182108626198083,0.1150855365474339,0.19400630914826497,0.0794912559618442,0.0034071550255536627,0.0016835016835016834,0.006535947712418301,0.0016025641025641025,0.028662420382165606,0.14308426073131955,0.008156606851549755,0.10327868852459017,0.001607717041800643,0.0030816640986132513,0.0015748031496062992,0.05365853658536585,0.1724137931034483,0.062402496099843996,0.0034071550255536627,0.003305785123966942,0.0,0.0,0.010033444816053512,0.040268456375838924,0.009419152276295133,0.05368098159509203,0.009900990099009901,0.19478260869565217,0.0959119496855346,0.0016286644951140066,0.19076923076923077,0.0016207455429497568,0.023026315789473683,0.03273322422258593,0.0,0.1301482701812191,0.001579778830963665,0.0033222591362126247,0.0208,0.003316749585406302,0.15384615384615385,0.019064124783362217,0.0196078431372549,0.0747800586510264,0.0749185667752443,0.011111111111111112,0.008305647840531562,0.1020066889632107,0.03494176372712146,0.1775244299674267,0.0,0.03583617747440273,0.01938610662358643,0.011437908496732025,0.08401976935749589,0.013782542113323124,0.0432,0.02689873417721519,0.027243589743589744,0.14802631578947367,0.0,0.2684887459807074,0.04313099041533546,0.006153846153846154,0.018867924528301886,0.14420062695924765,0.01056338028169014,0.09379968203497616,0.01335559265442404,0.0202808112324493,0.04823151125401929,0.021103896103896104,0.006359300476947536,0.0864,0.007961783439490446,0.01451378809869376,0.009615384615384616,0.03669724770642202,0.03755868544600939,0.032520325203252036,0.0,0.10398613518197573,0.06799336650082918,0.06666666666666667,0.033277870216306155,0.003246753246753247,0.0033500837520938024,0.0,0.05115511551155116,0.04355108877721943,0.1951219512195122,0.005050505050505051,0.12521440823327615,0.02023608768971332,0.0016778523489932886,0.19370860927152317,0.03358778625954199,0.0016474464579901153,0.020802377414561663,0.15942028985507245,0.023255813953488372,0.056782334384858045,0.0015337423312883436,0.001692047377326565,0.0,0.0564373897707231,0.02936378466557912,0.0713128038897893,0.16346153846153846,0.15348101265822786,0.0,0.0014792899408284023,0.00792393026941363,0.03600654664484452,0.049766718506998445,0.01129032258064516,0.02181208053691275,0.008912655971479501,0.011456628477905073,0.0016025641025641025,0.005084745762711864,0.0,0.08193979933110368,0.026813880126182965,0.006802721088435374,0.18006430868167203,0.05555555555555555,0.0,0.06144393241167435,0.061128526645768025,0.06570512820512821,0.06260032102728733,0.07507987220447285,0.10016420361247948,0.13696369636963696,0.004918032786885246,0.0032,0.04612850082372323,0.05067567567567568,0.07979626485568761,0.03130148270181219,0.0016474464579901153,0.0016366612111292963,0.02384737678855326,0.01,0.017432646592709985,0.0,0.20853858784893267,0.10437710437710437,0.0,0.013675213675213675,0.007849293563579277,0.06504065040650407,0.15847860538827258,0.08986928104575163,0.001567398119122257,0.06220095693779904,0.06622516556291391,0.0703125,0.006430868167202572,0.07858243451463791,0.013445378151260505,0.02572347266881029,0.14505119453924914,0.13278688524590163,0.056451612903225805,0.014084507042253521
2012,1,9,prevalence,0.001584786053882726,0.0016313213703099511,0.0,0.0,0.19205298013245034,0.04692556634304207,0.0,0.0,0.0840064620355412,0.0016129032258064516,0.0030257186081694403,0.11400651465798045,0.0608,0.03317535545023697,0,0.014354066985645933,0.0014925373134328358,0.021848739495798318,0.001567398119122257,0.0060790273556231,0.05221518987341772,0.06918238993710692,0.054009819967266774,0.08062015503875969,0.0034423407917383822,0.0,0.06435643564356436,0.0015822784810126582,0.10366826156299841,0.0016420361247947454,0.040983606557377046,0.02204724409448819,0.15296052631578946,0.008,0.13458528951486698,0.20064724919093851,0.12738853503184713,0.005050505050505051,0.0,0.0016420361247947454,0.009538950715421303,0.02047244094488189,0.1270358306188925,0.017628205128205128,0.08717105263157894,0.003179650238473768,0.0032310177705977385,0.0015128593040847202,0.061872909698996656,0.1478405315614618,0.06666666666666667,0.008210180623973728,0.004975124378109453,0.0,0.0,0.011965811965811967,0.061511423550087874,0.017241379310344827,0.039755351681957186,0.009950248756218905,0.2003454231433506,0.088,0.003215434083601286,0.1875968992248062,0.001567398119122257,0.03697749196141479,0.025848142164781908,0.0,0.1371527777777778,0.0015822784810126582,0.006791171477079796,0.020134228187919462,0.008347245409015025,0.18870967741935485,0.018518518518518517,0.020967741935483872,0.07587253414264036,0.07278481012658228,0.01584786053882726,0.00819672131147541,0.1026936026936027,0.021311475409836064,0.1557377049180328,0.0,0.046357615894039736,0.020967741935483872,0.021885521885521887,0.0587248322147651,0.02476780185758514,0.04186795491143317,0.026604068857589983,0.033925686591276254,0.1423728813559322,0.001597444089456869,0.2917341977309562,0.03902439024390244,0.003134796238244514,0.00949367088607595,0.13446676970633695,0.018456375838926176,0.09819967266775777,0.026016260162601626,0.012658227848101266,0.04582651391162029,0.0420032310177706,0.006578947368421052,0.08623548922056384,0.009569377990430622,0.023880597014925373,0.004629629629629629,0.0286144578313253,0.028346456692913385,0.017432646592709985,0.0,0.07586206896551724,0.049342105263157895,0.06918238993710692,0.032948929159802305,0.003205128205128205,0.003430531732418525,0.001557632398753894,0.04597701149425287,0.033101045296167246,0.1969439728353141,0.004991680532445923,0.11940298507462686,0.013513513513513514,0.0016722408026755853,0.23247863247863249,0.03283582089552239,0.0,0.020588235294117647,0.12698412698412698,0.018691588785046728,0.05564648117839607,0.0015313935681470138,0.0051813471502590676,0.0,0.05123674911660778,0.017828200972447326,0.04983388704318937,0.19736842105263158,0.12363067292644757,0.0016051364365971107,0.0014925373134328358,0.01584786053882726,0.03814262023217247,0.08549618320610687,0.003257328990228013,0.021885521885521887,0.012367491166077738,0.024509803921568627,0.00487012987012987,0.003367003367003367,0.0016286644951140066,0.07603305785123966,0.03125,0.006920415224913495,0.14754098360655737,0.04430379746835443,0.0,0.0571870170015456,0.08099688473520249,0.07692307692307693,0.07755775577557755,0.06514657980456026,0.10873146622734761,0.14662273476112025,0.003257328990228013,0.0032414910858995136,0.03403565640194489,0.05901639344262295,0.059322033898305086,0.03877221324717286,0.001594896331738437,0.0,0.037383177570093455,0.008305647840531562,0.030448717948717948,0.0,0.1185064935064935,0.08375209380234507,0.0,0.029876977152899824,0.014586709886547812,0.06666666666666667,0.20125786163522014,0.13029315960912052,0.0031201248049922,0.04146730462519936,0.09380234505862646,0.03459119496855346,0.0093603744149766,0.0430622009569378,0.008503401360544218,0.02936378466557912,0.1048252911813644,0.11129032258064517,0.053125,0.0141287284144427
2013,1,9,prevalence,0.001557632398753894,0.0017123287671232876,0.0,0.0,0.262987012987013,0.03864734299516908,0.0,0.001644736842105263,0.084375,0.0046801872074883,0.0031397174254317113,0.1669449081803005,0.08681672025723473,0.05144694533762058,0,0.014754098360655738,0.001519756838905775,0.01652892561983471,0.0015772870662460567,0.0060790273556231,0.043478260869565216,0.06041335453100159,0.037037037037037035,0.06687898089171974,0.019097222222222224,0.0,0.057692307692307696,0.0015772870662460567,0.09872611464968153,0.0,0.054365733113673806,0.025157232704402517,0.21498371335504887,0.006359300476947536,0.13771517996870108,0.2279874213836478,0.14308426073131955,0.0049504950495049506,0.0,0.0016638935108153079,0.014539579967689823,0.020440251572327043,0.11437908496732026,0.025236593059936908,0.09646302250803858,0.0015698587127158557,0.0,0.0015384615384615385,0.051580698835274545,0.11461794019933555,0.07120743034055728,0.013050570962479609,0.0049261083743842365,0.0,0.0032679738562091504,0.02142857142857143,0.04529616724738676,0.029503105590062112,0.03328290468986384,0.019448946515397084,0.1724137931034483,0.09350237717908082,0.0015822784810126582,0.12480499219968799,0.0,0.037096774193548385,0.047775947281713346,0.0,0.12437810945273632,0.0016313213703099511,0.003257328990228013,0.01818181818181818,0.013223140495867768,0.14516129032258066,0.021848739495798318,0.02384737678855326,0.0734632683658171,0.0749185667752443,0.024,0.008090614886731391,0.08040201005025126,0.019736842105263157,0.1630971993410214,0.0,0.04091653027823241,0.0192,0.0210016155088853,0.03305785123966942,0.021212121212121213,0.083596214511041,0.018092105263157895,0.039538714991762765,0.11774461028192372,0.0016,0.23026315789473684,0.037096774193548385,0.0016,0.01726844583987441,0.14748784440842788,0.01,0.12581699346405228,0.027642276422764227,0.0016366612111292963,0.03225806451612903,0.05365853658536585,0.006514657980456026,0.08319467554076539,0.0078125,0.019345238095238096,0.00631911532385466,0.030534351145038167,0.030120481927710843,0.016260162601626018,0.0016806722689075631,0.078397212543554,0.06105610561056106,0.05564142194744977,0.02922077922077922,0.003289473684210526,0.0016666666666666668,0.007974481658692184,0.05073649754500818,0.016778523489932886,0.2096505823627288,0.004918032786885246,0.1258741258741259,0.006745362563237774,0.0017035775127768314,0.21232876712328766,0.0487062404870624,0.0,0.02467343976777939,0.08917197452229299,0.020569620253164556,0.04297520661157025,0.0015220700152207,0.006968641114982578,0.0,0.0338680926916221,0.016181229773462782,0.04707792207792208,0.19365609348914858,0.09220985691573927,0.001584786053882726,0.0015503875968992248,0.014354066985645933,0.05852842809364549,0.08948194662480377,0.004942339373970346,0.01824212271973466,0.019748653500897665,0.01461038961038961,0.00964630225080386,0.003436426116838488,0.0016366612111292963,0.038523274478330656,0.04451510333863275,0.001692047377326565,0.09212730318257957,0.05443234836702955,0.0015698587127158557,0.04746835443037975,0.060653188180404355,0.07119205298013245,0.058823529411764705,0.04538087520259319,0.1018363939899833,0.17252931323283083,0.0016025641025641025,0.0032310177705977385,0.03475513428120063,0.0576,0.043697478991596636,0.03284072249589491,0.0015873015873015873,0.0,0.040498442367601244,0.019064124783362217,0.024154589371980676,0.0,0.1,0.070446735395189,0.0,0.033628318584070796,0.02090032154340836,0.07830342577487764,0.2370486656200942,0.1291390728476821,0.0014970059880239522,0.06372549019607843,0.10049423393739704,0.026813880126182965,0.0045662100456621,0.03827751196172249,0.00819672131147541,0.021487603305785124,0.06711409395973154,0.13344051446945338,0.048286604361370715,0.03618421052631579
2014,1,9,prevalence,0.0,0.0033333333333333335,0.0015552099533437014,0.0,0.35545023696682465,0.032,0.0015698587127158557,0.001564945226917058,0.1185064935064935,0.0031746031746031746,0.0016051364365971107,0.13658536585365855,0.09404388714733543,0.05263157894736842,0,0.017741935483870968,0.0015408320493066256,0.021035598705501618,0.0,0.008982035928143712,0.04153354632587859,0.0384,0.03273322422258593,0.03889789303079417,0.022569444444444444,0.0,0.07075471698113207,0.006430868167202572,0.09409888357256778,0.0,0.053833605220228384,0.04179566563467492,0.2629032258064516,0.00487012987012987,0.12538699690402477,0.27086614173228346,0.14125200642054575,0.001597444089456869,0.0033003300330033004,0.0017123287671232876,0.026845637583892617,0.01263823064770932,0.11900826446280992,0.02304147465437788,0.07086614173228346,0.0015527950310559005,0.0016556291390728477,0.0032258064516129032,0.04455445544554455,0.12164296998420221,0.04354587869362364,0.0049261083743842365,0.003289473684210526,0.0,0.004815409309791332,0.021164021164021163,0.03236797274275979,0.053929121725731895,0.0219435736677116,0.01631321370309951,0.11301369863013698,0.09033280507131537,0.012718600953895072,0.0703125,0.0,0.0368,0.034129692832764506,0.0015873015873015873,0.12289562289562289,0.0016420361247947454,0.00949367088607595,0.026143790849673203,0.017857142857142856,0.11146496815286625,0.024179620034542316,0.026397515527950312,0.0715372907153729,0.0946843853820598,0.038338658146964855,0.006191950464396285,0.11202635914332784,0.021630615640599003,0.16333333333333333,0.0,0.04132231404958678,0.030744336569579287,0.030844155844155844,0.016420361247947456,0.018604651162790697,0.09630818619582665,0.03225806451612903,0.04006677796327212,0.09228187919463088,0.0016207455429497568,0.1705685618729097,0.03241491085899514,0.0016313213703099511,0.02254428341384863,0.11419249592169657,0.006711409395973154,0.13793103448275862,0.017828200972447326,0.008333333333333333,0.037914691943127965,0.024311183144246355,0.010398613518197574,0.10227272727272728,0.021705426356589147,0.018292682926829267,0.013996889580093312,0.03968253968253968,0.03215926493108729,0.01485148514851485,0.006589785831960461,0.10207612456747404,0.05619834710743802,0.04938271604938271,0.03927986906710311,0.0033333333333333335,0.0017301038062283738,0.01485148514851485,0.0732899022801303,0.014729950900163666,0.18887015177065766,0.003284072249589491,0.10291595197255575,0.005,0.0016778523489932886,0.18166383701188454,0.07587253414264036,0.0,0.007374631268436578,0.13680781758957655,0.0140625,0.03739837398373984,0.0015384615384615385,0.008912655971479501,0.0,0.026595744680851064,0.014729950900163666,0.0718954248366013,0.163575042158516,0.06307692307692307,0.0015873015873015873,0.0,0.012578616352201259,0.03523489932885906,0.12302839116719243,0.004846526655896607,0.019639934533551555,0.012389380530973451,0.012965964343598054,0.009508716323296355,0.003367003367003367,0.003236245954692557,0.019448946515397084,0.03225806451612903,0.0,0.0701468189233279,0.030627871362940276,0.006259780907668232,0.05180533751962323,0.042748091603053436,0.06456953642384106,0.06016260162601626,0.04091653027823241,0.11148648648648649,0.12416107382550336,0.00487012987012987,0.0031645569620253164,0.038880248833592534,0.04285714285714286,0.056666666666666664,0.033444816053511704,0.0,0.0,0.0410958904109589,0.0142602495543672,0.020933977455716585,0.0,0.0759493670886076,0.0817391304347826,0.0016181229773462784,0.034071550255536626,0.0352,0.08032786885245902,0.21372854914196568,0.11317567567567567,0.0015360983102918587,0.08372827804107424,0.10101010101010101,0.044374009508716325,0.0015267175572519084,0.021103896103896104,0.01594896331738437,0.016722408026755852,0.06132879045996593,0.1045016077170418,0.05846153846153846,0.030595813204508857
2015,1,9,prevalence,0.0,0.0032626427406199023,0.0015698587127158557,0.001597444089456869,0.33986928104575165,0.022187004754358162,0.0015479876160990713,0.001594896331738437,0.0943089430894309,0.0032733224222585926,0.0016286644951140066,0.12395309882747069,0.09984152139461172,0.04012841091492777,0,0.017684887459807074,0.0016,0.021487603305785124,0.0,0.009202453987730062,0.01658374792703151,0.04807692307692308,0.023809523809523808,0.030303030303030304,0.02226027397260274,0.0,0.08976377952755905,0.0031545741324921135,0.05245901639344262,0.0,0.05472636815920398,0.03230769230769231,0.3573667711598746,0.017543859649122806,0.098256735340729,0.2859375,0.132569558101473,0.0015772870662460567,0.010050251256281407,0.003389830508474576,0.008403361344537815,0.001564945226917058,0.13245033112582782,0.0264797507788162,0.056,0.0,0.00819672131147541,0.0016611295681063123,0.046849757673667204,0.09767441860465116,0.028616852146263912,0.0016313213703099511,0.0033500837520938024,0.0,0.012364760432766615,0.018612521150592216,0.03180212014134275,0.04236006051437216,0.018633540372670808,0.014586709886547812,0.066006600660066,0.09365079365079365,0.012578616352201259,0.041401273885350316,0.0,0.027597402597402596,0.03298611111111111,0.001597444089456869,0.11226252158894647,0.0016611295681063123,0.025518341307814992,0.03145695364238411,0.017713365539452495,0.08888888888888889,0.02348993288590604,0.024154589371980676,0.08128834355828221,0.10932475884244373,0.028892455858747994,0.007836990595611285,0.10912052117263844,0.01669449081803005,0.11855670103092783,0.0,0.027633851468048358,0.05573248407643312,0.053833605220228384,0.014469453376205787,0.0196078431372549,0.0998389694041868,0.025889967637540454,0.06030150753768844,0.05365853658536585,0.0016129032258064516,0.13490725126475547,0.0176,0.0033222591362126247,0.03064516129032258,0.07352941176470588,0.01916376306620209,0.14026402640264027,0.022653721682847898,0.018363939899833055,0.02021772939346812,0.01951219512195122,0.016474464579901153,0.08917197452229299,0.022151898734177215,0.030257186081694403,0.02631578947368421,0.03761755485893417,0.033690658499234305,0.008278145695364239,0.020066889632107024,0.09966216216216216,0.048414023372287146,0.02735562310030395,0.02385008517887564,0.0033444816053511705,0.003430531732418525,0.014900662251655629,0.06493506493506493,0.014469453376205787,0.13562091503267973,0.006379585326953748,0.08614864864864864,0.0065040650406504065,0.0,0.15217391304347827,0.06220095693779904,0.003194888178913738,0.01225114854517611,0.10543657331136738,0.02040816326530612,0.04723127035830619,0.0016129032258064516,0.008680555555555556,0.0,0.02333931777378815,0.022292993630573247,0.07472178060413355,0.13474025974025974,0.06018518518518518,0.001610305958132045,0.0,0.003169572107765452,0.03135313531353135,0.1766612641815235,0.008051529790660225,0.007776049766718507,0.008787346221441126,0.00792393026941363,0.006389776357827476,0.003284072249589491,0.003257328990228013,0.03376205787781351,0.028391167192429023,0.0,0.057003257328990226,0.03816793893129771,0.00911854103343465,0.025682182985553772,0.030911901081916538,0.09650582362728785,0.05806451612903226,0.03986710963455149,0.0625,0.08666666666666667,0.01015228426395939,0.0016051364365971107,0.03303303303303303,0.05825242718446602,0.05186385737439222,0.025210084033613446,0.0,0.0,0.03816793893129771,0.029616724738675958,0.01794453507340946,0.0,0.060092449922958396,0.07279029462738301,0.0,0.02702702702702703,0.02843601895734597,0.06393442622950819,0.2009273570324575,0.07588532883642496,0.003129890453834116,0.08647798742138364,0.09609120521172639,0.0594679186228482,0.004545454545454545,0.02159468438538206,0.026058631921824105,0.011884550084889643,0.03409090909090909,0.0878594249201278,0.03622047244094488,0.04276315789473684
2016,1,9,prevalence,0.0,0.0032733224222585926,0.0,0.0016155088852988692,0.2652388797364086,0.011093502377179081,0.0015527950310559005,0.0015408320493066256,0.07085346215780998,0.0016750418760469012,0.001584786053882726,0.08848080133555926,0.12460063897763578,0.027463651050080775,0,0.030110935023771792,0.0015772870662460567,0.014754098360655738,0.0,0.0045871559633027525,0.00473186119873817,0.03864734299516908,0.028831562974203338,0.01549053356282272,0.011705685618729096,0.0,0.10778443113772455,0.0032414910858995136,0.04146730462519936,0.004807692307692308,0.060755336617405585,0.022970903522205207,0.3697996918335901,0.02377179080824089,0.0768,0.3124042879019908,0.15753424657534246,0.0015503875968992248,0.006568144499178982,0.016835016835016835,0.014802631578947368,0.003134796238244514,0.18272425249169436,0.014018691588785047,0.05705229793977813,0.0,0.006482982171799027,0.0,0.04595879556259905,0.12341772151898735,0.02190923317683881,0.014285714285714285,0.001692047377326565,0.004784688995215311,0.00631911532385466,0.01877133105802048,0.03411131059245961,0.045180722891566265,0.017432646592709985,0.0033003300330033004,0.06135986733001658,0.09291338582677165,0.0140625,0.03492063492063492,0.0,0.03328050713153724,0.017361111111111112,0.001567398119122257,0.12251655629139073,0.0050933786078098476,0.03980891719745223,0.019704433497536946,0.022328548644338118,0.0662557781201849,0.016666666666666666,0.026856240126382307,0.06635071090047394,0.07467532467532467,0.028616852146263912,0.004694835680751174,0.12274959083469722,0.029900332225913623,0.10416666666666667,0.0,0.020066889632107024,0.05388272583201268,0.03531300160513644,0.013179571663920923,0.010542168674698794,0.10248447204968944,0.016,0.08045977011494253,0.036334913112164295,0.0015772870662460567,0.14261460101867574,0.027642276422764227,0.003316749585406302,0.03139717425431711,0.07559055118110236,0.011608623548922056,0.11519198664440734,0.012924071082390954,0.0192,0.018691588785046728,0.021035598705501618,0.00819672131147541,0.0713128038897893,0.035114503816793895,0.048818897637795275,0.03488372093023256,0.03821656050955414,0.037481259370314844,0.017713365539452495,0.018998272884283247,0.10947712418300654,0.07211538461538461,0.047021943573667714,0.023333333333333334,0.006546644844517185,0.003316749585406302,0.011844331641285956,0.04975922953451043,0.0032102728731942215,0.07804878048780488,0.007704160246533128,0.04276315789473684,0.004754358161648178,0.0,0.16295025728987994,0.07085346215780998,0.0032733224222585926,0.016845329249617153,0.12312811980033278,0.03709428129829984,0.052980132450331126,0.0,0.015570934256055362,0.001610305958132045,0.018835616438356163,0.03940886699507389,0.07472178060413355,0.08469055374592833,0.0578125,0.0016722408026755853,0.0,0.009569377990430622,0.025466893039049237,0.10947712418300654,0.008,0.0030816640986132513,0.013136288998357963,0.011128775834658187,0.006279434850863423,0.003246753246753247,0.0032679738562091504,0.04582651391162029,0.0189873417721519,0.0,0.052969502407704656,0.03260869565217391,0.007692307692307693,0.030744336569579287,0.028391167192429023,0.10535117056856187,0.05314009661835749,0.03166666666666667,0.06341463414634146,0.040268456375838924,0.0033613445378151263,0.001607717041800643,0.021439509954058193,0.04817275747508306,0.05901116427432217,0.008183306055646482,0.0,0.0,0.03412462908011869,0.01415929203539823,0.018272425249169437,0.0,0.061068702290076333,0.07419898819561552,0.0016420361247947454,0.025684931506849314,0.05709876543209876,0.0642504118616145,0.17684887459807075,0.06408094435075885,0.0015772870662460567,0.07882534775888717,0.06403940886699508,0.06366459627329192,0.004518072289156626,0.025477707006369428,0.02926829268292683,0.026490066225165563,0.01932367149758454,0.06991869918699187,0.05354330708661417,0.05676126878130217
2017,1,9,prevalence,0.0,0.0065040650406504065,0.0,0.001579778830963665,0.21207177814029363,0.016129032258064516,0.0031201248049922,0.001524390243902439,0.05448717948717949,0.0034542314335060447,0.0,0.0940032414910859,0.13106796116504854,0.025974025974025976,0,0.035483870967741936,0.001567398119122257,0.008389261744966443,0.0,0.004580152671755725,0.014218009478672985,0.03494176372712146,0.026813880126182965,0.014234875444839857,0.01015228426395939,0.0015290519877675841,0.1263318112633181,0.0032414910858995136,0.04430379746835443,0.0016260162601626016,0.04674457429048414,0.03732503888024884,0.24461538461538462,0.016181229773462782,0.0593900481540931,0.22580645161290322,0.16379310344827586,0.0,0.03588907014681892,0.017035775127768313,0.02459016393442623,0.006309148264984227,0.12706270627062707,0.012461059190031152,0.05132192846034215,0.0,0.008116883116883116,0.0,0.06289308176100629,0.10967741935483871,0.02694136291600634,0.020933977455716585,0.0017211703958691911,0.00644122383252818,0.004672897196261682,0.013628620102214651,0.029876977152899824,0.03492063492063492,0.01740506329113924,0.003389830508474576,0.06754530477759473,0.10124610591900311,0.02377179080824089,0.01929260450160772,0.0,0.03531300160513644,0.010221465076660987,0.0016207455429497568,0.08374384236453201,0.006644518272425249,0.02702702702702703,0.016474464579901153,0.027070063694267517,0.04930662557781202,0.008403361344537815,0.01948051948051948,0.05211726384364821,0.0873015873015873,0.02996845425867508,0.007849293563579277,0.08333333333333333,0.019077901430842606,0.07758620689655173,0.004934210526315789,0.0214168039538715,0.057283142389525366,0.029801324503311258,0.0165016501650165,0.004694835680751174,0.08166409861325115,0.013179571663920923,0.06301824212271974,0.037096774193548385,0.001557632398753894,0.11904761904761904,0.025889967637540454,0.0016339869281045752,0.030254777070063694,0.07919254658385093,0.009917355371900827,0.09917355371900827,0.004838709677419355,0.01589825119236884,0.0202808112324493,0.019138755980861243,0.009852216748768473,0.054365733113673806,0.02635658914728682,0.050080775444264945,0.05306799336650083,0.026687598116169546,0.041033434650455926,0.026856240126382307,0.02608695652173913,0.07448494453248812,0.10294117647058823,0.07877813504823152,0.014925373134328358,0.009615384615384616,0.0016666666666666668,0.006734006734006734,0.06635071090047394,0.0031645569620253164,0.04472843450479233,0.005997001499250375,0.022950819672131147,0.01866251944012442,0.0,0.11558669001751314,0.0492845786963434,0.0016233766233766235,0.01732283464566929,0.08415841584158416,0.041666666666666664,0.03776683087027915,0.0,0.01549053356282272,0.001589825119236884,0.008445945945945946,0.023140495867768594,0.0770440251572327,0.08032786885245902,0.054773082942097026,0.0,0.0,0.02247191011235955,0.044293015332197615,0.085,0.00967741935483871,0.004665629860031105,0.013513513513513514,0.0032414910858995136,0.006379585326953748,0.006472491909385114,0.001644736842105263,0.05872756933115824,0.012779552715654952,0.0,0.03918495297805643,0.03987730061349693,0.006259780907668232,0.037096774193548385,0.020569620253164556,0.12717770034843207,0.05592105263157895,0.0333889816360601,0.049441786283891544,0.02866779089376054,0.0016474464579901153,0.001597444089456869,0.048818897637795275,0.031198686371100164,0.048701298701298704,0.0016129032258064516,0.0,0.0,0.03676470588235294,0.017094017094017096,0.025848142164781908,0.0,0.039634146341463415,0.0738255033557047,0.0015873015873015873,0.02508361204013378,0.048286604361370715,0.0463258785942492,0.1362179487179487,0.03927986906710311,0.001597444089456869,0.08201892744479496,0.056105610561056105,0.06591639871382636,0.009174311926605505,0.03265940902021773,0.0304,0.018487394957983194,0.0343213728549142,0.04878048780487805,0.046104928457869634,0.06879194630872483
2018,1,9,prevalence,0.0,0.0064516129032258064,0.0015625,0.004777070063694267,0.12919463087248323,0.020602218700475437,0.00315955766192733,0.0015060240963855422,0.0432,0.0,0.0,0.06913183279742766,0.11274509803921569,0.03398058252427184,0,0.0202808112324493,0.0016,0.006756756756756757,0.001519756838905775,0.0015408320493066256,0.01461038961038961,0.03666666666666667,0.023696682464454975,0.023381294964028777,0.011804384485666104,0.0,0.0882800608828006,0.003205128205128205,0.04043545878693624,0.0,0.03927986906710311,0.03531300160513644,0.14021571648690292,0.035483870967741936,0.051696284329563816,0.10029940119760479,0.11301369863013698,0.0,0.040257648953301126,0.013311148086522463,0.03691813804173355,0.009584664536741214,0.11745513866231648,0.026033690658499236,0.03400309119010819,0.0,0.02800658978583196,0.0,0.06201550387596899,0.0929853181076672,0.026813880126182965,0.014446227929373997,0.0017064846416382253,0.0015503875968992248,0.013996889580093312,0.022033898305084745,0.04247787610619469,0.024,0.015552099533437015,0.019097222222222224,0.04838709677419355,0.12324492979719189,0.022116903633491312,0.008375209380234505,0.0,0.0315955766192733,0.020066889632107024,0.0,0.06482982171799027,0.01870748299319728,0.03115264797507788,0.014705882352941176,0.024630541871921183,0.04504504504504504,0.011784511784511785,0.025,0.032520325203252036,0.07580645161290323,0.028169014084507043,0.006259780907668232,0.0734094616639478,0.019543973941368076,0.0975609756097561,0.011419249592169658,0.029315960912052116,0.06020066889632107,0.026058631921824105,0.02800658978583196,0.004846526655896607,0.06717557251908397,0.029459901800327332,0.05670103092783505,0.022988505747126436,0.0015698587127158557,0.09012131715771231,0.03870967741935484,0.001584786053882726,0.031496062992125984,0.08846761453396525,0.011456628477905073,0.12479740680713128,0.001610305958132045,0.024671052631578948,0.026771653543307086,0.02564102564102564,0.011475409836065573,0.044850498338870434,0.013996889580093312,0.03908794788273615,0.045234248788368334,0.024311183144246355,0.0638930163447251,0.03296703296703297,0.010344827586206896,0.09627329192546584,0.1008,0.06988352745424292,0.021702838063439065,0.0032520325203252032,0.0034129692832764505,0.005076142131979695,0.08846761453396525,0.012578616352201259,0.04838709677419355,0.006060606060606061,0.022950819672131147,0.022727272727272728,0.0,0.1070811744386874,0.03333333333333333,0.0015723270440251573,0.028391167192429023,0.08688524590163935,0.025437201907790145,0.02572347266881029,0.0,0.013179571663920923,0.0016501650165016502,0.006745362563237774,0.02287581699346405,0.0759493670886076,0.05815831987075929,0.046474358974358976,0.0017241379310344827,0.0,0.04133545310015898,0.05281090289608177,0.07868852459016394,0.0180623973727422,0.007751937984496124,0.01658374792703151,0.004878048780487805,0.0032,0.012841091492776886,0.0016863406408094434,0.05324459234608985,0.017684887459807074,0.0029806259314456036,0.040061633281972264,0.046104928457869634,0.0031496062992125984,0.01877133105802048,0.04393939393939394,0.11519198664440734,0.06752411575562701,0.032362459546925564,0.04942339373970346,0.03316749585406302,0.0,0.0015772870662460567,0.04179566563467492,0.03486529318541997,0.036741214057507986,0.00975609756097561,0.0,0.0,0.030303030303030304,0.009950248756218905,0.02030456852791878,0.0,0.043209876543209874,0.085,0.0015723270440251573,0.018581081081081082,0.05417956656346749,0.03225806451612903,0.0928,0.029605263157894735,0.001594896331738437,0.10097719869706841,0.06800618238021638,0.06623586429725363,0.01228878648233487,0.04153354632587859,0.03387096774193549,0.02847571189279732,0.0379746835443038,0.05654281098546042,0.04390243902439024,0.0738255033557047
2019,1,9,prevalence,0.0,0.0031397174254317113,0.001567398119122257,0.006329113924050633,0.09046052631578948,0.0176,0.003215434083601286,0.0,0.031545741324921134,0.0,0.0017152658662092624,0.07516339869281045,0.09061488673139159,0.028481012658227847,0,0.0171875,0.0016155088852988692,0.0049504950495049506,0.006172839506172839,0.001524390243902439,0.016129032258064516,0.030612244897959183,0.023734177215189875,0.010714285714285714,0.01507537688442211,0.0,0.09009009009009009,0.001639344262295082,0.047987616099071206,0.0016474464579901153,0.02903225806451613,0.027463651050080775,0.09576138147566719,0.049342105263157895,0.05172413793103448,0.08545727136431784,0.10726072607260725,0.0,0.04241435562805873,0.016638935108153077,0.03650793650793651,0.014778325123152709,0.085,0.022187004754358162,0.022187004754358162,0.0,0.056910569105691054,0.0,0.04573170731707317,0.06698564593301436,0.030448717948717948,0.009523809523809525,0.0,0.007587253414264037,0.018808777429467086,0.024096385542168676,0.056140350877192984,0.03400309119010819,0.009345794392523364,0.02003338898163606,0.04313099041533546,0.0914826498422713,0.042071197411003236,0.0069084628670120895,0.0,0.0112,0.016420361247947456,0.0015923566878980893,0.05519480519480519,0.006802721088435374,0.0406885758998435,0.020933977455716585,0.019834710743801654,0.061746987951807226,0.014586709886547812,0.041666666666666664,0.014827018121911038,0.0633116883116883,0.014331210191082803,0.009302325581395349,0.0576,0.014634146341463415,0.11694915254237288,0.00641025641025641,0.03827751196172249,0.03424657534246575,0.023026315789473683,0.009836065573770493,0.01011804384485666,0.050746268656716415,0.01800327332242226,0.05432937181663837,0.03542673107890499,0.001579778830963665,0.09217391304347826,0.03715670436187399,0.0015923566878980893,0.03514376996805112,0.107981220657277,0.01726844583987441,0.07729468599033816,0.0,0.02090032154340836,0.025,0.02287581699346405,0.011345218800648298,0.03908794788273615,0.027960526315789474,0.02901023890784983,0.04560260586319218,0.024834437086092714,0.07230769230769231,0.04234527687296417,0.013311148086522463,0.09021406727828746,0.09220985691573927,0.04501607717041801,0.014729950900163666,0.019230769230769232,0.0034129692832764505,0.01721170395869191,0.09335443037974683,0.006379585326953748,0.06785137318255251,0.004629629629629629,0.01932367149758454,0.024205748865355523,0.0,0.08710217755443886,0.030448717948717948,0.0015772870662460567,0.02857142857142857,0.08112582781456953,0.025682182985553772,0.022082018927444796,0.0032310177705977385,0.012903225806451613,0.004966887417218543,0.01001669449081803,0.021666666666666667,0.07431340872374798,0.052547770700636945,0.05745341614906832,0.005190311418685121,0.0015527950310559005,0.04807692307692308,0.06060606060606061,0.0425531914893617,0.01824212271973466,0.010903426791277258,0.011164274322169059,0.006472491909385114,0.004746835443037975,0.022082018927444796,0.0017006802721088435,0.03409090909090909,0.02711323763955343,0.005865102639296188,0.05015197568389058,0.057722308892355696,0.003129890453834116,0.022847100175746926,0.04945904173106646,0.07628524046434494,0.0528,0.04582651391162029,0.05863192182410423,0.019933554817275746,0.0,0.0031496062992125984,0.0344311377245509,0.03130148270181219,0.058919803600654665,0.00792393026941363,0.0,0.0,0.029780564263322883,0.022764227642276424,0.03571428571428571,0.0,0.054858934169279,0.06754530477759473,0.0,0.03104575163398693,0.048286604361370715,0.023529411764705882,0.08695652173913043,0.03826955074875208,0.001597444089456869,0.10210696920583469,0.06402439024390244,0.08085808580858085,0.0031496062992125984,0.03278688524590164,0.03079416531604538,0.03322259136212625,0.04936305732484077,0.04874213836477988,0.03642384105960265,0.07419898819561552
2020,1,9,prevalence,0.0,0.0016129032258064516,0.001567398119122257,0.007680491551459293,0.07802547770700637,0.012678288431061807,0.0032733224222585926,0.0,0.041666666666666664,0.0016863406408094434,0.0,0.04669887278582931,0.0664451827242525,0.046849757673667204,0,0.02106969205834684,0.0016207455429497568,0.003278688524590164,0.01579778830963665,0.001597444089456869,0.017857142857142856,0.01854974704890388,0.029780564263322883,0.010380622837370242,0.02,0.0,0.05116279069767442,0.0016420361247947454,0.03815580286168521,0.0016129032258064516,0.030110935023771792,0.027156549520766772,0.06426332288401254,0.03889789303079417,0.0698051948051948,0.07033639143730887,0.06091370558375635,0.0,0.03471074380165289,0.014754098360655738,0.044444444444444446,0.020933977455716585,0.04404567699836868,0.03278688524590164,0.01948051948051948,0.0,0.054276315789473686,0.0,0.053763440860215055,0.05642633228840126,0.04220779220779221,0.007936507936507936,0.0,0.013761467889908258,0.026234567901234566,0.02003338898163606,0.044905008635578586,0.02287581699346405,0.011456628477905073,0.035058430717863104,0.054455445544554455,0.07384615384615385,0.030063291139240507,0.008680555555555556,0.0,0.026113671274961597,0.022727272727272728,0.006359300476947536,0.04272151898734177,0.006589785831960461,0.03307086614173228,0.0265625,0.04304635761589404,0.03939393939393939,0.026729559748427674,0.03789126853377265,0.008223684210526315,0.04936305732484077,0.025848142164781908,0.010670731707317074,0.047244094488188976,0.02358490566037736,0.11631944444444445,0.00782472613458529,0.023809523809523808,0.03833333333333333,0.011608623548922056,0.014331210191082803,0.012048192771084338,0.04918032786885246,0.028145695364238412,0.027538726333907058,0.0220125786163522,0.0,0.08247422680412371,0.01740506329113924,0.0015772870662460567,0.014150943396226415,0.07258064516129033,0.0109204368174727,0.07886435331230283,0.0,0.008319467554076539,0.02050473186119874,0.026402640264026403,0.010954616588419406,0.04662379421221865,0.017377567140600316,0.019230769230769232,0.04552845528455285,0.040584415584415584,0.05222734254992319,0.05194805194805195,0.021207177814029365,0.057488653555219364,0.06329113924050633,0.07086614173228346,0.032948929159802305,0.031746031746031744,0.0033277870216306157,0.02434782608695652,0.06750392464678179,0.0016286644951140066,0.07852564102564102,0.0015151515151515152,0.030448717948717948,0.018950437317784258,0.0,0.056962025316455694,0.032362459546925564,0.004830917874396135,0.03054662379421222,0.0429042904290429,0.024193548387096774,0.03169572107765452,0.004909983633387889,0.01610305958132045,0.004807692307692308,0.023178807947019868,0.024793388429752067,0.06765676567656766,0.0499194847020934,0.07298136645962733,0.008818342151675485,0.0030959752321981426,0.04936305732484077,0.04609929078014184,0.04065040650406504,0.032467532467532464,0.01098901098901099,0.016897081413210446,0.0064516129032258064,0.004724409448818898,0.0265210608424337,0.0016891891891891893,0.039473684210526314,0.02773246329526917,0.001466275659824047,0.0481203007518797,0.04936305732484077,0.004559270516717325,0.022413793103448276,0.05124223602484472,0.07507987220447285,0.04723127035830619,0.038338658146964855,0.057755775577557754,0.020967741935483872,0.0,0.003105590062111801,0.037821482602118005,0.022435897435897436,0.07085346215780998,0.011272141706924315,0.0,0.0,0.023633677991137372,0.03307086614173228,0.024793388429752067,0.004830917874396135,0.06875,0.06389776357827476,0.0,0.033816425120772944,0.044444444444444446,0.020442930153321975,0.0970873786407767,0.0333889816360601,0.0,0.05073649754500818,0.048558421851289835,0.06397306397306397,0.006420545746388443,0.03420195439739414,0.01765650080256822,0.02512562814070352,0.03864734299516908,0.05069124423963134,0.02329450915141431,0.05342237061769616
2021,1,9,prevalence,0.0,0.003215434083601286,0.0015698587127158557,0.00881057268722467,0.08133971291866028,0.014802631578947368,0.003316749585406302,0.0,0.041666666666666664,0.0016286644951140066,0.0,0.05342237061769616,0.051696284329563816,0.04690117252931323,0,0.022116903633491312,0.001584786053882726,0.0048,0.01564945226917058,0.0031847133757961785,0.013333333333333334,0.02054794520547945,0.03869969040247678,0.013888888888888888,0.02280130293159609,0.0,0.032507739938080496,0.001567398119122257,0.020833333333333332,0.0,0.03508771929824561,0.017915309446254073,0.062402496099843996,0.0420032310177706,0.06525285481239804,0.09553158705701079,0.058419243986254296,0.0,0.028616852146263912,0.01658374792703151,0.03481012658227848,0.02459016393442623,0.02073365231259968,0.0473186119873817,0.012738853503184714,0.0,0.06497622820919176,0.0,0.03167420814479638,0.040625,0.039538714991762765,0.011217948717948718,0.0,0.0273972602739726,0.05092592592592592,0.01309328968903437,0.04713804713804714,0.027642276422764227,0.021922428330522766,0.03642384105960265,0.042483660130718956,0.07098765432098765,0.02694136291600634,0.01730103806228374,0.0,0.031446540880503145,0.02512562814070352,0.00949367088607595,0.03481012658227848,0.016339869281045753,0.030534351145038167,0.03565891472868217,0.054009819967266774,0.027439024390243903,0.019261637239165328,0.0432,0.003189792663476874,0.048859934853420196,0.024390243902439025,0.006191950464396285,0.03389830508474576,0.03508771929824561,0.13471502590673576,0.011111111111111112,0.020249221183800622,0.0436241610738255,0.024752475247524754,0.0272,0.022413793103448276,0.040238450074515646,0.018581081081081082,0.02443280977312391,0.02735562310030395,0.0,0.07964601769911504,0.02009273570324575,0.0,0.014308426073131956,0.04409448818897638,0.007861635220125786,0.05388272583201268,0.0,0.0032414910858995136,0.018779342723004695,0.019736842105263157,0.01361573373676248,0.030894308943089432,0.012598425196850394,0.01576182136602452,0.0587248322147651,0.04538087520259319,0.054602184087363496,0.04658901830282862,0.01592356687898089,0.06069802731411229,0.051070840197693576,0.05305466237942122,0.02572347266881029,0.044481054365733116,0.003289473684210526,0.03098106712564544,0.04716981132075472,0.009724473257698542,0.05337519623233909,0.001579778830963665,0.027642276422764227,0.020348837209302327,0.0,0.06200317965023847,0.02152317880794702,0.0032258064516129032,0.03758169934640523,0.02226027397260274,0.024077046548956663,0.026397515527950312,0.006802721088435374,0.015313935681470138,0.011764705882352941,0.03488372093023256,0.02459016393442623,0.03436988543371522,0.06310679611650485,0.04669887278582931,0.0034904013961605585,0.0030349013657056147,0.06528662420382166,0.029310344827586206,0.03803486529318542,0.02388535031847134,0.009771986970684038,0.023880597014925373,0.013136288998357963,0.006172839506172839,0.02996845425867508,0.0017006802721088435,0.04595879556259905,0.03284072249589491,0.004392386530014641,0.05623100303951368,0.05834683954619125,0.0015060240963855422,0.01990049751243781,0.061128526645768025,0.03758169934640523,0.07754442649434572,0.03076923076923077,0.04983388704318937,0.01610305958132045,0.0,0.009259259259259259,0.03610675039246468,0.0231023102310231,0.04897314375987362,0.01557632398753894,0.0,0.001692047377326565,0.02391629297458894,0.02635658914728682,0.016556291390728478,0.004878048780487805,0.08503937007874016,0.07590759075907591,0.0016051364365971107,0.032407407407407406,0.044374009508716325,0.030100334448160536,0.0757825370675453,0.04152823920265781,0.0,0.054187192118226604,0.027439024390243903,0.03482587064676617,0.013179571663920923,0.03645007923930269,0.037037037037037035,0.041050903119868636,0.03715670436187399,0.046224961479198766,0.024752475247524754,0.049342105263157895
2022,1,9,prevalence,0.0015600624024961,0.0031201248049922,0.0015552099533437014,0.01694915254237288,0.10142630744849446,0.019867549668874173,0.003215434083601286,0.0,0.040880503144654086,0.0016722408026755853,0.0,0.06389776357827476,0.052202283849918436,0.06070826306913996,0,0.017713365539452495,0.0015873015873015873,0.007886435331230283,0.02197802197802198,0.0032,0.01,0.011884550084889643,0.05194805194805195,0.02364864864864865,0.03333333333333333,0.0,0.01732283464566929,0.0,0.011128775834658187,0.0,0.03896103896103896,0.008361204013377926,0.07956318252730109,0.06109324758842444,0.05950413223140496,0.1347068145800317,0.03806228373702422,0.0,0.03968253968253968,0.009819967266775777,0.060126582278481014,0.03241491085899514,0.03365384615384615,0.07109737248840804,0.006546644844517185,0.0,0.07165109034267912,0.0,0.04360902255639098,0.04395604395604396,0.06220095693779904,0.003134796238244514,0.0,0.027607361963190184,0.047987616099071206,0.003115264797507788,0.05073649754500818,0.015050167224080268,0.015280135823429542,0.0380794701986755,0.030944625407166124,0.06698564593301436,0.02152317880794702,0.022298456260720412,0.0,0.01751592356687898,0.03565640194489465,0.01592356687898089,0.03896103896103896,0.040880503144654086,0.03184713375796178,0.02388535031847134,0.05823627287853577,0.03293413173652695,0.02197802197802198,0.06482982171799027,0.003179650238473768,0.05081967213114754,0.022838499184339316,0.004608294930875576,0.029185867895545316,0.03618421052631579,0.12054329371816638,0.0032626427406199023,0.020155038759689922,0.04697986577181208,0.01990049751243781,0.02576489533011272,0.036020583190394515,0.0658682634730539,0.0033500837520938024,0.024475524475524476,0.041033434650455926,0.0030627871362940277,0.09269162210338681,0.01904761904761905,0.0,0.011058451816745656,0.030534351145038167,0.0144,0.03685897435897436,0.0,0.0,0.0358814352574103,0.022988505747126436,0.01529051987767584,0.027243589743589744,0.012618296529968454,0.02422145328719723,0.08304498269896193,0.06290322580645161,0.08227848101265822,0.08401976935749589,0.01757188498402556,0.03614457831325301,0.028052805280528052,0.07484076433121019,0.021739130434782608,0.06290322580645161,0.0016666666666666668,0.03904923599320883,0.03426791277258567,0.009708737864077669,0.06070287539936102,0.0,0.03685897435897436,0.023564064801178203,0.0,0.06220095693779904,0.01788617886178862,0.0015822784810126582,0.0192,0.029950083194675542,0.03425774877650897,0.017214397496087636,0.0066555740432612314,0.021244309559939303,0.011513157894736841,0.028938906752411574,0.028428093645484948,0.02618657937806874,0.08221476510067115,0.059190031152647975,0.0017035775127768314,0.004518072289156626,0.08520900321543408,0.021666666666666667,0.058637083993660855,0.01751592356687898,0.009950248756218905,0.034934497816593885,0.028052805280528052,0.006420545746388443,0.02384737678855326,0.0017391304347826088,0.04854368932038835,0.038523274478330656,0.0014771048744460858,0.034954407294832825,0.06229508196721312,0.0015408320493066256,0.017915309446254073,0.06687402799377916,0.02127659574468085,0.07333333333333333,0.03650793650793651,0.07296849087893864,0.028708133971291867,0.0,0.00463678516228748,0.03618421052631579,0.01174496644295302,0.043689320388349516,0.030063291139240507,0.001692047377326565,0.003552397868561279,0.030627871362940276,0.0182370820668693,0.016638935108153077,0.003367003367003367,0.0935483870967742,0.08482871125611746,0.0016,0.03426791277258567,0.027331189710610933,0.021487603305785124,0.0910569105691057,0.03425774877650897,0.0,0.0449438202247191,0.022328548644338118,0.020933977455716585,0.01487603305785124,0.03536977491961415,0.03241491085899514,0.04833333333333333,0.03260869565217391,0.060514372163388806,0.027597402597402596,0.028052805280528052
2023,1,9,prevalence,0.0,0.001564945226917058,0.001567398119122257,0.012326656394453005,0.10742496050552923,0.018425460636515914,0.0,0.0,0.050078247261345854,0.0016778523489932886,0.0,0.0593900481540931,0.032948929159802305,0.03494176372712146,0,0.014586709886547812,0.001579778830963665,0.0047694753577106515,0.04314329738058552,0.0016051364365971107,0.015228426395939087,0.011589403973509934,0.05128205128205128,0.014705882352941176,0.030303030303030304,0.0,0.006220839813374806,0.0,0.009433962264150943,0.0,0.04936305732484077,0.013201320132013201,0.12599681020733652,0.05511811023622047,0.08731466227347612,0.1664,0.0663265306122449,0.0,0.036163522012578615,0.003194888178913738,0.050393700787401574,0.03966942148760331,0.02631578947368421,0.0848,0.0033333333333333335,0.0,0.08742331288343558,0.003048780487804878,0.05279034690799397,0.0781758957654723,0.0734375,0.006033182503770739,0.0016260162601626016,0.022222222222222223,0.05837173579109063,0.009389671361502348,0.07907742998352553,0.009950248756218905,0.005016722408026756,0.02,0.03801652892561983,0.07740916271721959,0.023961661341853034,0.014059753954305799,0.0,0.008064516129032258,0.03079416531604538,0.009724473257698542,0.0583596214511041,0.03937007874015748,0.024350649350649352,0.018272425249169437,0.05967741935483871,0.03770739064856712,0.0202808112324493,0.0845771144278607,0.004739336492890996,0.05518394648829431,0.027960526315789474,0.0,0.04285714285714286,0.030254777070063694,0.12709030100334448,0.0032948929159802307,0.012987012987012988,0.06942148760330578,0.009917355371900827,0.014331210191082803,0.041025641025641026,0.10558069381598793,0.006734006734006734,0.025684931506849314,0.05564387917329094,0.00303951367781155,0.11151079136690648,0.012269938650306749,0.0,0.012364760432766615,0.029141104294478526,0.01929260450160772,0.023696682464454975,0.0,0.0,0.042993630573248405,0.019169329073482427,0.011940298507462687,0.030497592295345103,0.006379585326953748,0.027491408934707903,0.06745362563237774,0.06003159557661927,0.10832025117739404,0.11980830670926518,0.016286644951140065,0.02450229709035222,0.016129032258064516,0.0724191063174114,0.01794453507340946,0.07631160572337042,0.0,0.025041736227045076,0.028938906752411574,0.006482982171799027,0.1035031847133758,0.0,0.06085526315789474,0.01037037037037037,0.0,0.07754442649434572,0.012924071082390954,0.0015748031496062992,0.02086677367576244,0.03156146179401993,0.03005008347245409,0.02564102564102564,0.008680555555555556,0.01225114854517611,0.006578947368421052,0.04983922829581994,0.01765650080256822,0.016556291390728478,0.09375,0.04830917874396135,0.0017094017094017094,0.004524886877828055,0.11822660098522167,0.016778523489932886,0.042789223454833596,0.024115755627009645,0.0067226890756302525,0.017366136034732273,0.023961661341853034,0.0015698587127158557,0.017857142857142856,0.0017152658662092624,0.04213938411669368,0.040257648953301126,0.002976190476190476,0.024615384615384615,0.049099836333878884,0.0015384615384615385,0.01615508885298869,0.05,0.013628620102214651,0.09836065573770492,0.04472843450479233,0.1064516129032258,0.01901743264659271,0.0,0.0047694753577106515,0.040453074433656956,0.008090614886731391,0.0804416403785489,0.0406885758998435,0.0017123287671232876,0.005366726296958855,0.04231974921630094,0.015082956259426848,0.013201320132013201,0.003430531732418525,0.12063492063492064,0.07716535433070866,0.0016611295681063123,0.041401273885350316,0.030303030303030304,0.012738853503184714,0.1056,0.0234009360374415,0.0,0.08032786885245902,0.02073365231259968,0.01904761904761905,0.013136288998357963,0.0420032310177706,0.03471074380165289,0.058823529411764705,0.0515625,0.06505295007564296,0.03642384105960265,0.0214168039538715
2024,1,9,prevalence,0.0,0.001579778830963665,0.0015723270440251573,0.009345794392523364,0.162754303599374,0.01877133105802048,0.0,0.0,0.04179566563467492,0.0016260162601626016,0.0,0.05718954248366013,0.02321724709784411,0.04498269896193772,0,0.016,0.0015923566878980893,0.012232415902140673,0.05214723926380368,0.0015822784810126582,0.01487603305785124,0.005025125628140704,0.03820598006644518,0.03536977491961415,0.023255813953488372,0.0,0.012441679626749611,0.0,0.01584786053882726,0.0,0.04081632653061224,0.01675041876046901,0.2568218298555377,0.10289389067524116,0.13114754098360656,0.2725806451612903,0.10221465076660988,0.0032520325203252032,0.028391167192429023,0.0,0.04472843450479233,0.021241830065359478,0.036418816388467376,0.071875,0.0033613445378151263,0.0,0.103397341211226,0.0030581039755351682,0.05417956656346749,0.06372549019607843,0.07492354740061162,0.0030534351145038168,0.006369426751592357,0.02848575712143928,0.10307692307692308,0.006389776357827476,0.09018987341772151,0.0032626427406199023,0.011382113821138212,0.019966722129783693,0.06354515050167224,0.10914927768860354,0.03918495297805643,0.006980802792321117,0.0,0.009302325581395349,0.028938906752411574,0.009787928221859706,0.06790123456790123,0.02664576802507837,0.012944983818770227,0.010084033613445379,0.08223684210526316,0.06891271056661562,0.022292993630573247,0.045813586097946286,0.006389776357827476,0.0462046204620462,0.026490066225165563,0.0,0.056782334384858045,0.03987240829346093,0.1157556270096463,0.0,0.017241379310344827,0.05132450331125828,0.003215434083601286,0.0096,0.03763440860215054,0.11922503725782414,0.011532125205930808,0.018425460636515914,0.03987240829346093,0.003076923076923077,0.13059033989266547,0.006230529595015576,0.0,0.01524390243902439,0.027149321266968326,0.02190923317683881,0.020440251572327043,0.0,0.0015625,0.042993630573248405,0.03486529318541997,0.015197568389057751,0.032,0.0016,0.013333333333333334,0.06040268456375839,0.05448717948717949,0.11370716510903427,0.14968152866242038,0.018151815181518153,0.022900763358778626,0.00482315112540193,0.0985691573926868,0.0144,0.06416275430359937,0.0,0.03535353535353535,0.037337662337662336,0.011627906976744186,0.10586319218241043,0.0016556291390728477,0.048414023372287146,0.015060240963855422,0.0,0.11612903225806452,0.010852713178294573,0.003129890453834116,0.015873015873015872,0.05396290050590219,0.021996615905245348,0.023026315789473683,0.003367003367003367,0.01818181818181818,0.006734006734006734,0.0630048465266559,0.008012820512820512,0.01680672268907563,0.07023411371237458,0.07364975450081833,0.0016891891891891893,0.004464285714285714,0.16721311475409836,0.021666666666666667,0.03761755485893417,0.04213938411669368,0.012110726643598616,0.01741654571843251,0.039538714991762765,0.0031446540880503146,0.015503875968992248,0.0017241379310344827,0.046357615894039736,0.02465331278890601,0.0,0.016793893129770993,0.06645056726094004,0.0014992503748125937,0.009523809523809525,0.059541984732824425,0.006745362563237774,0.12012987012987013,0.037914691943127965,0.10231023102310231,0.011182108626198083,0.0,0.006557377049180328,0.028985507246376812,0.012598425196850394,0.11782945736434108,0.030497592295345103,0.0016891891891891893,0.0,0.04094488188976378,0.007739938080495356,0.026622296173044926,0.001639344262295082,0.17757009345794392,0.06782334384858044,0.001669449081803005,0.043076923076923075,0.038461538461538464,0.007961783439490446,0.1232,0.026771653543307086,0.0015873015873015873,0.09180327868852459,0.027649769585253458,0.030063291139240507,0.009584664536741214,0.049441786283891544,0.033707865168539325,0.04817275747508306,0.09446254071661238,0.08141321044546851,0.028052805280528052,0.01
2025,1,9,prevalence,0.0,0.0015360983102918587,0.0015923566878980893,0.006279434850863423,0.22919937205651492,0.01644736842105263,0.0,0.0,0.04468412942989214,0.001594896331738437,0.0016666666666666668,0.05065359477124183,0.005016722408026756,0.041666666666666664,0,0.014705882352941176,0.0016286644951140066,0.009316770186335404,0.07480916030534351,0.0015698587127158557,0.003305785123966942,0.006644518272425249,0.031825795644891124,0.0449438202247191,0.006711409395973154,0.0,0.009523809523809525,0.0,0.03864734299516908,0.0,0.03245749613601236,0.030595813204508857,0.3054662379421222,0.08745874587458746,0.1412151067323481,0.245,0.11716171617161716,0.0048543689320388345,0.014173228346456693,0.0,0.028145695364238412,0.014563106796116505,0.012269938650306749,0.08782742681047766,0.00684931506849315,0.0,0.08144796380090498,0.0030864197530864196,0.04573170731707317,0.07868852459016394,0.06356589147286822,0.00764525993883792,0.004792332268370607,0.016224188790560472,0.1490015360983103,0.0065252854812398045,0.07298136645962733,0.0,0.01631321370309951,0.02975206611570248,0.0713128038897893,0.12741935483870967,0.023734177215189875,0.008375209380234505,0.0,0.011111111111111112,0.03035143769968051,0.014705882352941176,0.06699346405228758,0.04141104294478527,0.013008130081300813,0.009819967266775777,0.09197324414715718,0.11690363349131122,0.0288,0.040257648953301126,0.0015479876160990713,0.046357615894039736,0.022071307300509338,0.0,0.06995230524642289,0.0463258785942492,0.11961722488038277,0.0,0.014195583596214511,0.060126582278481014,0.012738853503184714,0.01468189233278956,0.056838365896980464,0.10387596899224806,0.01174496644295302,0.016891891891891893,0.024883359253499222,0.0015432098765432098,0.1371527777777778,0.0030816640986132513,0.0030075187969924814,0.012030075187969926,0.030211480362537766,0.009478672985781991,0.014195583596214511,0.0,0.0,0.039619651347068144,0.056451612903225805,0.021116138763197588,0.029874213836477988,0.001584786053882726,0.011705685618729096,0.035175879396984924,0.04153354632587859,0.10618066561014262,0.12459546925566344,0.013050570962479609,0.009375,0.014950166112956811,0.0995405819295559,0.00964630225080386,0.05271084337349398,0.0,0.06085526315789474,0.0375,0.02003338898163606,0.1841680129240711,0.0016638935108153079,0.05460750853242321,0.016666666666666666,0.0,0.14896988906497624,0.007575757575757576,0.0032,0.006578947368421052,0.05823627287853577,0.006557377049180328,0.03902439024390244,0.0017271157167530224,0.03474320241691843,0.00676818950930626,0.11367380560131796,0.001567398119122257,0.006791171477079796,0.041254125412541254,0.08852459016393442,0.003284072249589491,0.0045045045045045045,0.22885572139303484,0.025806451612903226,0.030303030303030304,0.03079416531604538,0.010033444816053512,0.01624815361890694,0.0512396694214876,0.0031446540880503146,0.013719512195121951,0.0017094017094017094,0.03588907014681892,0.031914893617021274,0.0,0.0196078431372549,0.06646058732612056,0.0015151515151515152,0.02336448598130841,0.08461538461538462,0.009836065573770493,0.12171052631578948,0.028081123244929798,0.06711409395973154,0.03296703296703297,0.0016638935108153079,0.004862236628849271,0.0384,0.015037593984962405,0.10675039246467818,0.042692939244663386,0.003424657534246575,0.0,0.026729559748427674,0.01694915254237288,0.033277870216306155,0.0016611295681063123,0.29439252336448596,0.061191626409017714,0.001652892561983471,0.0438871473354232,0.03571428571428571,0.007680491551459293,0.1143317230273752,0.027820710973724884,0.001579778830963665,0.07131011608623548,0.04029850746268657,0.031096563011456628,0.009404388714733543,0.05057096247960848,0.025806451612903226,0.05161290322580645,0.07820299500831947,0.06518518518518518,0.04501607717041801,0.011513157894736841
