Time,age_start,age_end,measure,draw_0,draw_1,draw_2,draw_3,draw_4,draw_5,draw_6,draw_7,draw_8,draw_9,draw_10,draw_11,draw_12,draw_13,draw_14,draw_15,draw_16,draw_17,draw_18,draw_19,draw_20,draw_21,draw_22,draw_23,draw_24,draw_25,draw_26,draw_27,draw_28,draw_29,draw_30,draw_31,draw_32,draw_33,draw_34,draw_35,draw_36,draw_37,draw_38,draw_39,draw_40,draw_41,draw_42,draw_43,draw_44,draw_45,draw_46,draw_47,draw_48,draw_49,draw_50,draw_51,draw_52,draw_53,draw_54,draw_55,draw_56,draw_57,draw_58,draw_59,draw_60,draw_61,draw_62,draw_63,draw_64,draw_65,draw_66,draw_67,draw_68,draw_69,draw_70,draw_71,draw_72,draw_73,draw_74,draw_75,draw_76,draw_77,draw_78,draw_79,draw_80,draw_81,draw_82,draw_83,draw_84,draw_85,draw_86,draw_87,draw_88,draw_89,draw_90,draw_91,draw_92,draw_93,draw_94,draw_95,draw_96,draw_97,draw_98,draw_99,draw_100,draw_101,draw_102,draw_103,draw_104,draw_105,draw_106,draw_107,draw_108,draw_109,draw_110,draw_111,draw_112,draw_113,draw_114,draw_115,draw_116,draw_117,draw_118,draw_119,draw_120,draw_121,draw_122,draw_123,draw_124,draw_125,draw_126,draw_127,draw_128,draw_129,draw_130,draw_131,draw_132,draw_133,draw_134,draw_135,draw_136,draw_137,draw_138,draw_139,draw_140,draw_141,draw_142,draw_143,draw_144,draw_145,draw_146,draw_147,draw_148,draw_149,draw_150,draw_151,draw_152,draw_153,draw_154,draw_155,draw_156,draw_157,draw_158,draw_159,draw_160,draw_161,draw_162,draw_163,draw_164,draw_165,draw_166,draw_167,draw_168,draw_169,draw_170,draw_171,draw_172,draw_173,draw_174,draw_175,draw_176,draw_177,draw_178,draw_179,draw_180,draw_181,draw_182,draw_183,draw_184,draw_185,draw_186,draw_187,draw_188,draw_189,draw_190,draw_191,draw_192,draw_193,draw_194,draw_195,draw_196,draw_197,draw_198,draw_199
1996,1,9,prevalence,0.0,0.05365853658536585,0.12079510703363915,0.0,0.0949367088607595,0.0015432098765432098,0.017915309446254073,0.0031746031746031746,0.0015267175572519084,0.0,0.0015822784810126582,0.0,0.011058451816745656,0.017107309486780714,0.0015360983102918587,0.004709576138147566,0.0,0.04430379746835443,0.012965964343598054,0.030816640986132512,0.039936102236421724,0.01916376306620209,0.0,0.04559270516717325,0.05092592592592592,0.0,0.006051437216338881,0.02247191011235955,0.00625,0.0943089430894309,0.0,0.08507223113964688,0.0904836193447738,0.050080775444264945,0.041990668740279936,0.006172839506172839,0.05619834710743802,0.051036682615629984,0.001669449081803005,0.0015772870662460567,0.003215434083601286,0.0016750418760469012,0.02113821138211382,0.11092715231788079,0.10197368421052631,0.021035598705501618,0.01732283464566929,0.11982248520710059,0.11982248520710059,0.04792332268370607,0.0,0.027331189710610933,0.003278688524590164,0.12727272727272726,0.006514657980456026,0.0016051364365971107,0.12804878048780488,0.11853088480801335,0.0050335570469798654,0.00482315112540193,0.08695652173913043,0.06995230524642289,0.006191950464396285,0.11459968602825746,0.0,0.0,0.0,0.03538461538461538,0.21646341463414634,0.010494752623688156,0.05373134328358209,0.0015360983102918587,0.0192,0.001607717041800643,0.060955518945634266,0.035555555555555556,0.00482315112540193,0.020618556701030927,0.017684887459807074,0.03099510603588907,0.0,0.03939393939393939,0.0014705882352941176,0.0,0.0016025641025641025,0.05417956656346749,0.041990668740279936,0.01129032258064516,0.1130030959752322,0.060842433697347896,0.09390444810543658,0.05175292153589316,0.06441717791411043,0.1557632398753894,0.0029850746268656717,0.055105348460291734,0.02050473186119874,0.031446540880503145,0.10789049919484701,0.0047169811320754715,0.0030721966205837174,0.0,0.004909983633387889,0.0746031746031746,0.06220095693779904,0.0066555740432612314,0.0030581039755351682,0.10361067503924647,0.0015822784810126582,0.0016366612111292963,0.010606060606060607,0.05229793977812995,0.003115264797507788,0.004966887417218543,0.0,0.046801872074883,0.060897435897435896,0.05454545454545454,0.03475513428120063,0.003179650238473768,0.032467532467532464,0.15350223546944858,0.011382113821138212,0.0425531914893617,0.012012012012012012,0.017488076311605722,0.012861736334405145,0.004418262150220913,0.08856682769726248,0.0015600624024961,0.06677265500794913,0.02337228714524207,0.0374414976599064,0.054858934169279,0.09076433121019108,0.03770739064856712,0.02735042735042735,0.013975155279503106,0.10048622366288493,0.026533996683250415,0.0032310177705977385,0.02572347266881029,0.10223642172523961,0.0016778523489932886,0.009216589861751152,0.028700906344410877,0.04961240310077519,0.017027863777089782,0.04134762633996937,0.16536661466458658,0.12759170653907495,0.02127659574468085,0.0,0.0421875,0.026438569206842923,0.06624605678233439,0.0015748031496062992,0.0,0.07308970099667775,0.059654631083202514,0.03156146179401993,0.05057096247960848,0.07679738562091504,0.0031645569620253164,0.0382262996941896,0.0015313935681470138,0.08818897637795275,0.05263157894736842,0.014150943396226415,0.12121212121212122,0.0,0.0049261083743842365,0.006482982171799027,0.008431703204047217,0.0015698587127158557,0.037953795379537955,0.11827956989247312,0.0448,0.061488673139158574,0.11912225705329153,0.0016207455429497568,0.18494271685761046,0.02526002971768202,0.037209302325581395,0.0805921052631579,0.04777070063694268,0.0121765601217656,0.056451612903225805,0.0068846815834767644,0.012861736334405145,0.06504065040650407,0.0031746031746031746,0.12582781456953643,0.13009404388714735,0.08133971291866028,0.2507418397626113,0.007763975155279503,0.026984126984126985,0.0016025641025641025,0.01984732824427481
1997,1,9,prevalence,0.0,0.049019607843137254,0.1060842433697348,0.0,0.08623548922056384,0.0016,0.020442930153321975,0.003355704697986577,0.003134796238244514,0.0,0.0016313213703099511,0.0,0.01468189233278956,0.035541195476575124,0.001610305958132045,0.003289473684210526,0.0,0.038834951456310676,0.006633499170812604,0.030844155844155844,0.033925686591276254,0.01048951048951049,0.001644736842105263,0.05457463884430177,0.05396290050590219,0.0,0.009259259259259259,0.0196078431372549,0.0049586776859504135,0.087893864013267,0.0,0.07859531772575251,0.07754442649434572,0.035541195476575124,0.04658901830282862,0.004862236628849271,0.05378151260504202,0.058823529411764705,0.003289473684210526,0.003284072249589491,0.0032310177705977385,0.0,0.03571428571428571,0.10998307952622674,0.1273344651952462,0.01594896331738437,0.009523809523809525,0.12537764350453173,0.12537764350453173,0.04942339373970346,0.0,0.041935483870967745,0.0033333333333333335,0.1306532663316583,0.01644736842105263,0.0017123287671232876,0.1410459587955626,0.07692307692307693,0.0052173913043478265,0.006734006734006734,0.09162717219589257,0.08306709265175719,0.0065040650406504065,0.13793103448275862,0.0,0.0,0.0,0.048589341692789965,0.1930379746835443,0.0109717868338558,0.0484375,0.0015923566878980893,0.02631578947368421,0.011570247933884297,0.0891089108910891,0.04134762633996937,0.004966887417218543,0.021374045801526718,0.017543859649122806,0.025996533795493933,0.0,0.03610675039246468,0.0015503875968992248,0.0,0.0015923566878980893,0.04272151898734177,0.03966942148760331,0.013223140495867768,0.12579617834394904,0.051118210862619806,0.07008547008547009,0.06568144499178982,0.057283142389525366,0.16639741518578352,0.0015748031496062992,0.05804311774461028,0.0224,0.022950819672131147,0.10526315789473684,0.003367003367003367,0.0031746031746031746,0.0065252854812398045,0.0,0.10333333333333333,0.038338658146964855,0.0,0.004815409309791332,0.10492845786963434,0.0016474464579901153,0.001736111111111111,0.015432098765432098,0.08760330578512397,0.0046875,0.004934210526315789,0.0016420361247947454,0.029508196721311476,0.03966942148760331,0.048109965635738834,0.03833333333333333,0.010033444816053512,0.04931972789115646,0.12401883830455258,0.005050505050505051,0.04568527918781726,0.013910355486862442,0.013377926421404682,0.028145695364238412,0.006201550387596899,0.06260296540362438,0.0,0.04118616144975288,0.02385008517887564,0.03278688524590164,0.0514018691588785,0.14675767918088736,0.020155038759689922,0.02097902097902098,0.03431372549019608,0.07263513513513513,0.034050179211469536,0.0,0.05348460291734198,0.07058823529411765,0.0017513134851138354,0.004777070063694267,0.03912363067292645,0.048,0.022690437601296597,0.04538341158059468,0.17483660130718953,0.08538587848932677,0.0282574568288854,0.0017211703958691911,0.027287319422150885,0.025559105431309903,0.0576271186440678,0.003205128205128205,0.0,0.07017543859649122,0.061872909698996656,0.03135313531353135,0.07537688442211055,0.153184165232358,0.0016556291390728477,0.04404567699836868,0.004746835443037975,0.07188498402555911,0.045307443365695796,0.023026315789473683,0.12680577849117175,0.0,0.0049833887043189366,0.006493506493506494,0.0017391304347826088,0.0,0.027538726333907058,0.10096153846153846,0.05527638190954774,0.04942339373970346,0.1566068515497553,0.005,0.12395309882747069,0.02321981424148607,0.06426332288401254,0.12216404886561955,0.04,0.004878048780487805,0.06891025641025642,0.005172413793103448,0.011666666666666667,0.07836456558773425,0.006430868167202572,0.13322368421052633,0.08780487804878048,0.08415841584158416,0.16483516483516483,0.0032414910858995136,0.0210016155088853,0.001644736842105263,0.03296703296703297
1998,1,9,prevalence,0.0,0.07741935483870968,0.09259259259259259,0.0,0.08085808580858085,0.001589825119236884,0.027463651050080775,0.0033444816053511705,0.0016207455429497568,0.0,0.0033222591362126247,0.0,0.014308426073131956,0.019834710743801654,0.0031847133757961785,0.003246753246753247,0.0,0.04084967320261438,0.011705685618729096,0.0208,0.026578073089700997,0.012110726643598616,0.0,0.058823529411764705,0.06291390728476821,0.0,0.012519561815336464,0.019834710743801654,0.006837606837606838,0.1064516129032258,0.0,0.10350584307178631,0.06309148264984227,0.025210084033613446,0.02936378466557912,0.0016233766233766235,0.06333333333333334,0.07253886010362694,0.003179650238473768,0.0032,0.00322061191626409,0.0,0.028145695364238412,0.0993485342019544,0.12012987012987013,0.00967741935483871,0.03015873015873016,0.16304347826086957,0.16304347826086957,0.06418918918918919,0.0,0.04612850082372323,0.001607717041800643,0.1510673234811166,0.020967741935483872,0.0017035775127768314,0.1375,0.05545927209705372,0.00338409475465313,0.008503401360544218,0.09936908517350158,0.06666666666666667,0.004909983633387889,0.19471947194719472,0.0,0.0016313213703099511,0.0,0.06456692913385827,0.17665615141955837,0.0258751902587519,0.05817610062893082,0.001594896331738437,0.02711864406779661,0.00847457627118644,0.1038961038961039,0.04608294930875576,0.013513513513513514,0.026033690658499236,0.016025641025641024,0.027874564459930314,0.0,0.04186795491143317,0.0015698587127158557,0.0,0.001594896331738437,0.0515625,0.0718954248366013,0.008169934640522876,0.1573208722741433,0.05625,0.07758620689655173,0.055077452667814115,0.10586319218241043,0.14606741573033707,0.001594896331738437,0.061872909698996656,0.026101141924959218,0.027463651050080775,0.08153078202995008,0.0034782608695652175,0.003169572107765452,0.013071895424836602,0.0,0.08153078202995008,0.025078369905956112,0.010256410256410256,0.004885993485342019,0.08018867924528301,0.0016750418760469012,0.001652892561983471,0.0125,0.0975609756097561,0.0030816640986132513,0.009933774834437087,0.005084745762711864,0.03305785123966942,0.04118616144975288,0.07993197278911565,0.052980132450331126,0.003278688524590164,0.05813953488372093,0.06902086677367576,0.015202702702702704,0.052364864864864864,0.007836990595611285,0.017035775127768313,0.03859060402684564,0.008982035928143712,0.056451612903225805,0.0,0.04590163934426229,0.015,0.019639934533551555,0.05339805825242718,0.14886164623467601,0.028358208955223882,0.021015761821366025,0.03745928338762215,0.08907563025210084,0.027491408934707903,0.006578947368421052,0.04854368932038835,0.05008347245409015,0.0017331022530329288,0.01288244766505636,0.032208588957055216,0.03035413153456998,0.03577235772357724,0.04654895666131621,0.1984,0.08360128617363344,0.04313099041533546,0.0017513134851138354,0.02508361204013378,0.04792332268370607,0.050761421319796954,0.0032310177705977385,0.0,0.07508532423208192,0.05823627287853577,0.04658901830282862,0.07226890756302522,0.19930675909878684,0.0,0.07357859531772576,0.008051529790660225,0.06393442622950819,0.07894736842105263,0.019261637239165328,0.1260096930533118,0.0,0.0,0.003179650238473768,0.0017152658662092624,0.0,0.02079722703639515,0.09713375796178345,0.05008347245409015,0.05901639344262295,0.18524590163934426,0.004975124378109453,0.11348684210526316,0.032208588957055216,0.09253246753246754,0.14629948364888123,0.03079416531604538,0.014423076923076924,0.0641025641025641,0.0035211267605633804,0.019867549668874173,0.0657439446366782,0.0032102728731942215,0.11219512195121951,0.08183306055646482,0.11375212224108659,0.11981566820276497,0.011627906976744186,0.011146496815286623,0.0016129032258064516,0.04918032786885246
1999,1,9,prevalence,0.001584786053882726,0.09838709677419355,0.137987012987013,0.0,0.09698996655518395,0.0015455950540958269,0.0304,0.0016501650165016502,0.0016556291390728477,0.0017094017094017094,0.005,0.0,0.021035598705501618,0.023529411764705882,0.003389830508474576,0.0,0.0,0.04785478547854786,0.02054794520547945,0.016778523489932886,0.030405405405405407,0.032534246575342464,0.0016501650165016502,0.048465266558966075,0.09966777408637874,0.0,0.018867924528301886,0.01680672268907563,0.006644518272425249,0.10526315789473684,0.0,0.08762886597938144,0.050156739811912224,0.02287581699346405,0.07496012759170653,0.008103727714748784,0.06754530477759473,0.052100840336134456,0.0030959752321981426,0.003236245954692557,0.0032948929159802307,0.0017953321364452424,0.05663430420711974,0.07952622673434856,0.10801963993453355,0.00792393026941363,0.0297339593114241,0.12168486739469579,0.12168486739469579,0.05912162162162162,0.0,0.03514376996805112,0.0016420361247947454,0.1890145395799677,0.014218009478672985,0.0017006802721088435,0.13112164296998421,0.041884816753926704,0.0050933786078098476,0.02922077922077922,0.11251980982567353,0.07253086419753087,0.005042016806722689,0.18403908794788273,0.0,0.0016,0.0016,0.06339144215530904,0.16097560975609757,0.015600624024960999,0.058544303797468354,0.0015600624024961,0.028145695364238412,0.0034071550255536627,0.10673234811165845,0.027149321266968326,0.021346469622331693,0.04229607250755287,0.004739336492890996,0.029982363315696647,0.0,0.04936305732484077,0.0016286644951140066,0.0,0.0,0.04153354632587859,0.049099836333878884,0.03559870550161812,0.19659442724458204,0.049019607843137254,0.07731958762886598,0.044673539518900345,0.10355987055016182,0.1237785016286645,0.0,0.09515260323159784,0.03481012658227848,0.0372168284789644,0.0676818950930626,0.0017761989342806395,0.003125,0.016863406408094434,0.0,0.08265802269043761,0.011272141706924315,0.013445378151260505,0.009852216748768473,0.10810810810810811,0.003305785123966942,0.0,0.017241379310344827,0.07967479674796749,0.00778816199376947,0.006568144499178982,0.0049261083743842365,0.027868852459016394,0.05405405405405406,0.07836456558773425,0.05863192182410423,0.009852216748768473,0.057724957555178265,0.05872756933115824,0.02348993288590604,0.06484641638225255,0.006546644844517185,0.02364864864864865,0.021487603305785124,0.010752688172043012,0.051364365971107544,0.0,0.037337662337662336,0.029173419773095625,0.027287319422150885,0.06645056726094004,0.16267123287671234,0.034055727554179564,0.017094017094017096,0.04311774461028192,0.087893864013267,0.02861952861952862,0.010309278350515464,0.07855973813420622,0.04501607717041801,0.001697792869269949,0.012944983818770227,0.019077901430842606,0.027868852459016394,0.02768729641693811,0.049099836333878884,0.14285714285714285,0.060897435897435896,0.05958132045088567,0.0017123287671232876,0.04355108877721943,0.03697749196141479,0.03430531732418525,0.0033222591362126247,0.0,0.06324786324786325,0.04658901830282862,0.060064935064935064,0.0728476821192053,0.2441077441077441,0.0032,0.10598290598290598,0.006611570247933884,0.06935483870967742,0.08250825082508251,0.019261637239165328,0.10440456769983687,0.0,0.0,0.0015723270440251573,0.0017006802721088435,0.0,0.035175879396984924,0.10112359550561797,0.09137931034482759,0.05392156862745098,0.2036727879799666,0.003305785123966942,0.09379968203497616,0.03543913713405239,0.057660626029654036,0.21016949152542372,0.031198686371100164,0.008,0.06814580031695722,0.0017331022530329288,0.020202020202020204,0.044905008635578586,0.0031746031746031746,0.10737179487179487,0.1254071661237785,0.11451612903225807,0.09501557632398754,0.01675041876046901,0.006600660066006601,0.0015455950540958269,0.048701298701298704
2000,1,9,prevalence,0.0,0.1098546042003231,0.1935483870967742,0.0,0.07742998352553541,0.0015432098765432098,0.03691813804173355,0.0016474464579901153,0.0016313213703099511,0.0016501650165016502,0.003134796238244514,0.0,0.023622047244094488,0.04317789291882556,0.0016233766233766235,0.0,0.0,0.05149501661129568,0.037800687285223365,0.019736842105263157,0.03588907014681892,0.034013605442176874,0.0016233766233766235,0.049342105263157895,0.11129568106312292,0.0,0.020186335403726708,0.005119453924914676,0.003257328990228013,0.10837438423645321,0.0,0.11666666666666667,0.04141104294478527,0.025423728813559324,0.09047619047619047,0.007936507936507936,0.05573248407643312,0.08417508417508418,0.0031446540880503146,0.0033500837520938024,0.0015432098765432098,0.0,0.05057096247960848,0.11256117455138662,0.08139534883720931,0.004838709677419355,0.01929260450160772,0.14088820826952528,0.14088820826952528,0.058925476603119586,0.0,0.025039123630672927,0.0065252854812398045,0.1935483870967742,0.012658227848101266,0.0034542314335060447,0.14959349593495935,0.043782837127845885,0.01718213058419244,0.047933884297520664,0.103125,0.08628659476117104,0.006872852233676976,0.1857379767827529,0.0016666666666666668,0.001589825119236884,0.003189792663476874,0.044274809160305344,0.12437810945273632,0.031545741324921134,0.05255023183925812,0.0016286644951140066,0.01155115511551155,0.006837606837606838,0.14754098360655737,0.01848998459167951,0.02348993288590604,0.04866562009419152,0.003179650238473768,0.018998272884283247,0.0,0.03821656050955414,0.0016260162601626016,0.0,0.0,0.054187192118226604,0.05098684210526316,0.03908794788273615,0.1801526717557252,0.040783034257748776,0.08768971332209106,0.03924914675767918,0.15175718849840256,0.11274509803921569,0.0,0.07652173913043478,0.025356576862123614,0.05921052631578947,0.0732899022801303,0.0017241379310344827,0.0,0.011400651465798045,0.0,0.0967741935483871,0.011363636363636364,0.004909983633387889,0.00966183574879227,0.13003095975232198,0.004709576138147566,0.0,0.02945736434108527,0.07072368421052631,0.019261637239165328,0.01309328968903437,0.003215434083601286,0.03194888178913738,0.088379705400982,0.0831918505942275,0.08183306055646482,0.009569377990430622,0.06965174129353234,0.04838709677419355,0.018487394957983194,0.06666666666666667,0.0,0.015410958904109588,0.043706293706293704,0.00625,0.052545155993431854,0.0,0.0576,0.024875621890547265,0.014240506329113924,0.0632279534109817,0.13651877133105803,0.030721966205837174,0.01386481802426343,0.046104928457869634,0.07718120805369127,0.028862478777589132,0.021848739495798318,0.07605177993527508,0.02694136291600634,0.00333889816360601,0.013008130081300813,0.029780564263322883,0.03666666666666667,0.024793388429752067,0.08709677419354839,0.09693053311793215,0.05705229793977813,0.07766990291262135,0.006872852233676976,0.04091653027823241,0.04508856682769726,0.029310344827586206,0.004777070063694267,0.0,0.06112054329371817,0.027375201288244767,0.0583596214511041,0.06633499170812604,0.24166666666666667,0.0,0.11784511784511785,0.004838709677419355,0.0995260663507109,0.08180300500834725,0.01875,0.1045531197301855,0.0,0.0,0.0015772870662460567,0.0016501650165016502,0.0,0.04384485666104553,0.08931419457735247,0.07796610169491526,0.08524590163934426,0.19145299145299147,0.0016420361247947454,0.12581699346405228,0.03177004538577912,0.06414473684210527,0.2564991334488735,0.02622950819672131,0.012759170653907496,0.07154213036565978,0.0017123287671232876,0.030508474576271188,0.05982905982905983,0.003278688524590164,0.09477124183006536,0.11461794019933555,0.14668769716088328,0.0673076923076923,0.01487603305785124,0.0016806722689075631,0.0,0.035256410256410256
2001,1,9,prevalence,0.0,0.17174959871589085,0.19778481012658228,0.0,0.0812603648424544,0.0,0.024834437086092714,0.0,0.0016501650165016502,0.0,0.004746835443037975,0.0,0.014516129032258065,0.03893805309734513,0.0,0.0031397174254317113,0.0,0.05912162162162162,0.041666666666666664,0.024350649350649352,0.018581081081081082,0.03806228373702422,0.0016339869281045752,0.04426229508196721,0.11129032258064517,0.0,0.01848998459167951,0.0017152658662092624,0.008116883116883116,0.10578512396694215,0.0,0.14691151919866444,0.026771653543307086,0.028985507246376812,0.1008130081300813,0.007836990595611285,0.060653188180404355,0.07413509060955518,0.001579778830963665,0.005008347245409015,0.0015082956259426848,0.0,0.06535947712418301,0.13553719008264462,0.08666666666666667,0.003169572107765452,0.019543973941368076,0.17436661698956782,0.17436661698956782,0.07008547008547009,0.0,0.018633540372670808,0.008223684210526315,0.17857142857142858,0.02040816326530612,0.0067226890756302525,0.1630971993410214,0.025728987993138937,0.013377926421404682,0.04065040650406504,0.052884615384615384,0.06615384615384616,0.0066555740432612314,0.12214983713355049,0.004934210526315789,0.0015873015873015873,0.0031397174254317113,0.041666666666666664,0.0903010033444816,0.04416403785488959,0.04380664652567976,0.0031397174254317113,0.019639934533551555,0.0017123287671232876,0.12962962962962962,0.006201550387596899,0.022222222222222223,0.05245901639344262,0.007974481658692184,0.021775544388609715,0.0,0.04700162074554295,0.0,0.0,0.0016233766233766235,0.05862646566164154,0.04713804713804714,0.05329153605015674,0.18818040435458788,0.01468189233278956,0.07226890756302522,0.034904013961605584,0.1416803953871499,0.1070840197693575,0.0,0.045454545454545456,0.023961661341853034,0.13781512605042018,0.05862646566164154,0.001697792869269949,0.0,0.0033003300330033004,0.0016835016835016834,0.08255451713395638,0.018121911037891267,0.0016339869281045752,0.0096,0.09612403100775194,0.009508716323296355,0.0,0.03328050713153724,0.06050420168067227,0.025,0.01854974704890388,0.0032102728731942215,0.037096774193548385,0.08653846153846154,0.06412478336221837,0.08517350157728706,0.009630818619582664,0.05065359477124183,0.04487179487179487,0.014729950900163666,0.03356890459363958,0.0016778523489932886,0.010050251256281407,0.04145936981757877,0.008012820512820512,0.05902192242833052,0.004830917874396135,0.055379746835443035,0.01824212271973466,0.011382113821138212,0.04746317512274959,0.12563667232597622,0.03918495297805643,0.019064124783362217,0.0249609984399376,0.0975609756097561,0.028286189683860232,0.04411764705882353,0.05699481865284974,0.03715170278637771,0.005226480836236934,0.01779935275080906,0.04113924050632911,0.05098684210526316,0.045,0.1185064935064935,0.08196721311475409,0.05196850393700787,0.11019736842105263,0.020761245674740483,0.043333333333333335,0.040257648953301126,0.03986710963455149,0.003194888178913738,0.0,0.04713804713804714,0.006514657980456026,0.08791208791208792,0.087248322147651,0.21839080459770116,0.0,0.12116316639741519,0.017770597738287562,0.08280254777070063,0.07952622673434856,0.01848998459167951,0.0889967637540453,0.0,0.0,0.0047169811320754715,0.0016474464579901153,0.0,0.02564102564102564,0.09247648902821316,0.10286677908937605,0.06045751633986928,0.15689655172413794,0.0016638935108153079,0.10784313725490197,0.020186335403726708,0.07479674796747968,0.18181818181818182,0.046052631578947366,0.025236593059936908,0.07570977917981073,0.0068846815834767644,0.041666666666666664,0.03945111492281304,0.0032948929159802307,0.1070840197693575,0.10396039603960396,0.1330128205128205,0.05422647527910686,0.010221465076660987,0.005025125628140704,0.0,0.03161397670549085
2002,1,9,prevalence,0.0,0.18166939443535188,0.1926163723916533,0.0,0.05564924114671164,0.0,0.027777777777777776,0.0,0.0016611295681063123,0.0,0.004601226993865031,0.0,0.017828200972447326,0.0189328743545611,0.0,0.0030627871362940277,0.0,0.065,0.059674502712477394,0.029459901800327332,0.028070175438596492,0.03747870528109029,0.007898894154818325,0.032467532467532464,0.088379705400982,0.0,0.020537124802527645,0.0032733224222585926,0.013071895424836602,0.10430463576158941,0.0,0.13659359190556492,0.01694915254237288,0.025,0.07974481658692185,0.006369426751592357,0.06790123456790123,0.07507987220447285,0.001639344262295082,0.003367003367003367,0.0015174506828528073,0.0,0.05016181229773463,0.13884297520661157,0.06467661691542288,0.0031645569620253164,0.04251700680272109,0.17138599105812222,0.17138599105812222,0.065,0.0016,0.02127659574468085,0.03015075376884422,0.14728682170542637,0.014285714285714285,0.0016778523489932886,0.1477832512315271,0.01549053356282272,0.006666666666666667,0.03436988543371522,0.06451612903225806,0.08487654320987655,0.004991680532445923,0.11260504201680673,0.0,0.0016501650165016502,0.0031545741324921135,0.033386327503974564,0.05747126436781609,0.030063291139240507,0.0344311377245509,0.003189792663476874,0.02680067001675042,0.005338078291814947,0.10016420361247948,0.0,0.021922428330522766,0.04715447154471545,0.010084033613445379,0.04770017035775128,0.0,0.06003159557661927,0.0,0.0,0.0016420361247947454,0.04983922829581994,0.07881773399014778,0.05063291139240506,0.1643192488262911,0.021705426356589147,0.05527638190954774,0.02456140350877193,0.1050080775444265,0.08723747980613894,0.0,0.0313588850174216,0.03104575163398693,0.14431239388794567,0.04186795491143317,0.001718213058419244,0.0,0.0,0.0032679738562091504,0.07258064516129033,0.03284072249589491,0.008051529790660225,0.011419249592169658,0.08214849921011058,0.014563106796116505,0.0,0.04205607476635514,0.06666666666666667,0.016286644951140065,0.02027027027027027,0.004838709677419355,0.061128526645768025,0.0992,0.04591836734693878,0.09075907590759076,0.014354066985645933,0.0608,0.03225806451612903,0.02329450915141431,0.05650684931506849,0.0,0.0208,0.037037037037037035,0.01631321370309951,0.04013377926421405,0.001639344262295082,0.0463258785942492,0.011254019292604502,0.006379585326953748,0.04227642276422764,0.09283387622149837,0.030534351145038167,0.013311148086522463,0.015748031496062992,0.11505922165820642,0.03541315345699832,0.033112582781456956,0.05199306759098787,0.03054662379421222,0.0016666666666666668,0.03064516129032258,0.040453074433656956,0.043478260869565216,0.043478260869565216,0.09854604200323101,0.05211726384364821,0.037914691943127965,0.09628378378378379,0.028070175438596492,0.04145936981757877,0.04662379421221865,0.0380794701986755,0.0032102728731942215,0.0,0.0361247947454844,0.004909983633387889,0.12050078247261346,0.07979626485568761,0.15206611570247933,0.0,0.13141025641025642,0.0208,0.0704,0.06688417618270799,0.039097744360902256,0.09134615384615384,0.0,0.0016129032258064516,0.0091324200913242,0.0016025641025641025,0.0,0.021630615640599003,0.09268292682926829,0.1001669449081803,0.04785478547854786,0.1413793103448276,0.0016339869281045752,0.11165048543689321,0.025373134328358207,0.08346709470304976,0.14608695652173914,0.04065040650406504,0.03431372549019608,0.09461663947797716,0.001763668430335097,0.034782608695652174,0.033628318584070796,0.0034129692832764505,0.09313725490196079,0.08360655737704918,0.14308426073131955,0.05872756933115824,0.01692047377326565,0.015306122448979591,0.0,0.06896551724137931
2003,1,9,prevalence,0.0,0.17733990147783252,0.223950233281493,0.0,0.029209621993127148,0.0,0.03745928338762215,0.0,0.001644736842105263,0.0016501650165016502,0.003105590062111801,0.0,0.03481012658227848,0.023593466424682397,0.0,0.003110419906687403,0.0,0.05317324185248713,0.07678571428571429,0.02254428341384863,0.025817555938037865,0.050335570469798654,0.01129032258064516,0.03054662379421222,0.10188087774294671,0.0,0.03930817610062893,0.0032733224222585926,0.011235955056179775,0.11148086522462562,0.0,0.14629948364888123,0.021244309559939303,0.020168067226890758,0.06309148264984227,0.012598425196850394,0.04665629860031104,0.06070287539936102,0.001584786053882726,0.0016474464579901153,0.001564945226917058,0.0,0.04084967320261438,0.11754966887417219,0.05271828665568369,0.0032,0.059931506849315065,0.19369369369369369,0.19369369369369369,0.04607508532423208,0.0016181229773462784,0.03283582089552239,0.026578073089700997,0.2087912087912088,0.022257551669316374,0.001658374792703151,0.11754966887417219,0.010186757215619695,0.007987220447284345,0.05016181229773463,0.06060606060606061,0.06880733944954129,0.006546644844517185,0.07,0.0016722408026755853,0.001658374792703151,0.0031446540880503146,0.044585987261146494,0.06677524429967427,0.06446540880503145,0.03265940902021773,0.0032,0.040268456375838924,0.005172413793103448,0.0825242718446602,0.0,0.02847571189279732,0.042071197411003236,0.0016750418760469012,0.05115511551155116,0.0,0.0703125,0.0,0.0,0.001658374792703151,0.052202283849918436,0.06677524429967427,0.05379746835443038,0.12461059190031153,0.022187004754358162,0.041736227045075125,0.015517241379310345,0.11793214862681745,0.09775641025641026,0.0016233766233766235,0.03571428571428571,0.03420195439739414,0.1476510067114094,0.030844155844155844,0.005145797598627788,0.001579778830963665,0.0,0.0016286644951140066,0.07395498392282958,0.05593220338983051,0.009389671361502348,0.025889967637540454,0.07301587301587302,0.012618296529968454,0.0015625,0.05365853658536585,0.039735099337748346,0.03425774877650897,0.027463651050080775,0.012924071082390954,0.07882534775888717,0.12006319115323855,0.05228758169934641,0.07107438016528926,0.01904761904761905,0.0421875,0.03104575163398693,0.014950166112956811,0.06197654941373534,0.006711409395973154,0.014492753623188406,0.05188679245283019,0.016611295681063124,0.04051863857374392,0.0,0.04213938411669368,0.024429967426710098,0.0,0.03262642740619902,0.07550335570469799,0.015600624024960999,0.015126050420168067,0.022082018927444796,0.1360544217687075,0.05387205387205387,0.029411764705882353,0.08191126279863481,0.02106969205834684,0.0,0.029780564263322883,0.04047217537942664,0.035175879396984924,0.05592105263157895,0.08279220779220779,0.038525963149078725,0.02127659574468085,0.08849557522123894,0.017035775127768313,0.0453781512605042,0.050955414012738856,0.05787781350482315,0.006557377049180328,0.0,0.040983606557377046,0.00686106346483705,0.13862928348909656,0.07106598984771574,0.12965964343598055,0.0,0.1328,0.02,0.07592891760904685,0.061389337641357025,0.03554868624420402,0.08051529790660225,0.0,0.001589825119236884,0.0125,0.0016233766233766235,0.0,0.02090032154340836,0.10333863275039745,0.10197368421052631,0.03189792663476874,0.07603305785123966,0.0,0.13249211356466878,0.02710843373493976,0.07852564102564102,0.13926174496644295,0.039603960396039604,0.038397328881469114,0.08667736757624397,0.01384083044982699,0.0387858347386172,0.05982905982905983,0.0016750418760469012,0.06708268330733229,0.07072368421052631,0.11538461538461539,0.05454545454545454,0.013377926421404682,0.013377926421404682,0.0,0.06741573033707865
2004,1,9,prevalence,0.0,0.14263074484944532,0.26996805111821087,0.0,0.021702838063439065,0.0,0.038461538461538464,0.0,0.0,0.003205128205128205,0.003110419906687403,0.0,0.044444444444444446,0.023636363636363636,0.0,0.003129890453834116,0.0,0.05679862306368331,0.08944543828264759,0.011475409836065573,0.030201342281879196,0.040955631399317405,0.01740506329113924,0.042692939244663386,0.10191082802547771,0.008012820512820512,0.03785488958990536,0.006462035541195477,0.017080745341614908,0.09780775716694773,0.0,0.11519198664440734,0.02373887240356083,0.029508196721311476,0.03727714748784441,0.019448946515397084,0.03852080123266564,0.04918032786885246,0.0,0.0,0.0,0.0,0.023255813953488372,0.0532258064516129,0.03420195439739414,0.00487012987012987,0.06206896551724138,0.22397476340694006,0.22397476340694006,0.03814262023217247,0.0,0.01957831325301205,0.03409090909090909,0.21798780487804878,0.020440251572327043,0.011128775834658187,0.09391304347826086,0.00676818950930626,0.00482315112540193,0.043478260869565216,0.029556650246305417,0.09891808346213292,0.006644518272425249,0.0899830220713073,0.006633499170812604,0.0016638935108153079,0.003169572107765452,0.042993630573248405,0.04838709677419355,0.08439490445859872,0.025196850393700787,0.0015923566878980893,0.04208754208754209,0.01015228426395939,0.06351791530944625,0.0,0.029616724738675958,0.03169572107765452,0.0,0.04983388704318937,0.0,0.05069124423963134,0.0,0.0,0.0016155088852988692,0.049206349206349205,0.0499194847020934,0.048154093097913325,0.0875796178343949,0.028481012658227847,0.03420195439739414,0.006837606837606838,0.11023622047244094,0.12046204620462046,0.0016339869281045752,0.03140495867768595,0.06109324758842444,0.23064250411861614,0.024350649350649352,0.008576329331046312,0.0031201248049922,0.003169572107765452,0.0032414910858995136,0.05806451612903226,0.05843071786310518,0.010835913312693499,0.03442622950819672,0.06645569620253164,0.014173228346456693,0.0015267175572519084,0.028846153846153848,0.02622950819672131,0.028662420382165606,0.028428093645484948,0.018151815181518153,0.07120743034055728,0.12721417069243157,0.039473684210526314,0.0628099173553719,0.01129032258064516,0.04923076923076923,0.017741935483870968,0.023333333333333334,0.05203252032520325,0.006779661016949152,0.011345218800648298,0.04636785162287481,0.01864406779661017,0.03980099502487562,0.0,0.05229793977812995,0.0288,0.0016366612111292963,0.036605657237936774,0.09380234505862646,0.0096,0.02155887230514096,0.040498442367601244,0.14770797962648557,0.046474358974358976,0.02145214521452145,0.04452054794520548,0.017684887459807074,0.0,0.03322784810126582,0.06164383561643835,0.021775544388609715,0.05454545454545454,0.0888529886914378,0.032362459546925564,0.003257328990228013,0.10070671378091872,0.03741496598639456,0.04361873990306947,0.03179650238473768,0.04111842105263158,0.0032520325203252032,0.0,0.051666666666666666,0.01610305958132045,0.19937205651491366,0.08803986710963455,0.10078740157480315,0.0,0.0935483870967742,0.01557632398753894,0.028985507246376812,0.05161290322580645,0.0234009360374415,0.0630048465266559,0.0,0.001639344262295082,0.017241379310344827,0.0015527950310559005,0.001607717041800643,0.032679738562091505,0.11308562197092084,0.10586319218241043,0.031201248049921998,0.06199021207177814,0.001658374792703151,0.139937106918239,0.027149321266968326,0.08443708609271523,0.0728476821192053,0.03436988543371522,0.03642384105960265,0.078003120124805,0.04560810810810811,0.03608247422680412,0.05912162162162162,0.0016638935108153079,0.0515625,0.07095709570957096,0.10990712074303406,0.05901639344262295,0.006611570247933884,0.014975041597337771,0.0015748031496062992,0.0707395498392283
2005,1,9,prevalence,0.0,0.16981132075471697,0.3364485981308411,0.0,0.02356902356902357,0.0,0.04838709677419355,0.0016722408026755853,0.0,0.003257328990228013,0.003110419906687403,0.0,0.06462035541195477,0.017543859649122806,0.0,0.0015337423312883436,0.0,0.06153846153846154,0.10052910052910052,0.014469453376205787,0.032148900169204735,0.03745928338762215,0.027914614121510674,0.022913256955810146,0.11388455538221529,0.008090614886731391,0.0372168284789644,0.013245033112582781,0.018779342723004695,0.05573770491803279,0.0,0.11074918566775244,0.0206794682422452,0.027419354838709678,0.056782334384858045,0.0067226890756302525,0.045171339563862926,0.03594771241830065,0.0,0.004991680532445923,0.0,0.0,0.029950083194675542,0.03987240829346093,0.02066772655007949,0.004878048780487805,0.056239015817223195,0.13924050632911392,0.13924050632911392,0.03934426229508197,0.0,0.006211180124223602,0.04251968503937008,0.15499254843517138,0.01195814648729447,0.011023622047244094,0.09777015437392796,0.014900662251655629,0.003115264797507788,0.026016260162601626,0.030716723549488054,0.10835913312693499,0.005016722408026756,0.07972270363951472,0.0016556291390728477,0.0032948929159802307,0.0016025641025641025,0.04019292604501608,0.02247191011235955,0.09615384615384616,0.044585987261146494,0.0,0.03284072249589491,0.018211920529801324,0.07754442649434572,0.0,0.04786324786324787,0.05392156862745098,0.0,0.06528662420382166,0.0,0.03987730061349693,0.0,0.0,0.001567398119122257,0.0576,0.03934426229508197,0.03588907014681892,0.05977382875605816,0.02773246329526917,0.038523274478330656,0.005226480836236934,0.10702875399361023,0.07465277777777778,0.001669449081803005,0.01990049751243781,0.0752,0.19734660033167495,0.04716981132075472,0.008417508417508417,0.0031746031746031746,0.006369426751592357,0.009554140127388535,0.04692556634304207,0.06925675675675676,0.01386748844375963,0.026359143327841845,0.050314465408805034,0.012903225806451613,0.0015552099533437014,0.03727714748784441,0.02847571189279732,0.04559748427672956,0.028523489932885907,0.02385008517887564,0.1140625,0.12038523274478331,0.024271844660194174,0.06060606060606061,0.001652892561983471,0.04205607476635514,0.004909983633387889,0.013008130081300813,0.05872756933115824,0.006779661016949152,0.008291873963515755,0.059282371294851796,0.005136986301369863,0.03135313531353135,0.0,0.050314465408805034,0.022617124394184167,0.0016313213703099511,0.03559870550161812,0.08346972176759411,0.01564945226917058,0.0049261083743842365,0.035541195476575124,0.18974358974358974,0.03425774877650897,0.028333333333333332,0.04695652173913043,0.018032786885245903,0.0,0.0421875,0.06913996627318718,0.02631578947368421,0.041666666666666664,0.12300319488817892,0.048414023372287146,0.012861736334405145,0.09615384615384616,0.05351170568561873,0.06729264475743349,0.034482758620689655,0.05065359477124183,0.0032258064516129032,0.0,0.04915254237288136,0.03215434083601286,0.19032761310452417,0.07628524046434494,0.05521472392638037,0.0,0.08634222919937205,0.029079159935379646,0.029950083194675542,0.04107424960505529,0.0265625,0.07570977917981073,0.0,0.0015923566878980893,0.007874015748031496,0.0030441400304414,0.0,0.046474358974358976,0.13915857605177995,0.06143344709897611,0.029275808936825885,0.035483870967741936,0.0016835016835016834,0.1189710610932476,0.02177293934681182,0.07201309328968904,0.08249158249158249,0.03231017770597738,0.02040816326530612,0.06320907617504051,0.04713804713804714,0.034722222222222224,0.04132231404958678,0.0016420361247947454,0.054602184087363496,0.07470288624787776,0.08346456692913386,0.03980099502487562,0.006688963210702341,0.01794453507340946,0.0015873015873015873,0.07532051282051282
2006,1,9,prevalence,0.0015360983102918587,0.13636363636363635,0.26978998384491115,0.0,0.021775544388609715,0.0016260162601626016,0.050955414012738856,0.003316749585406302,0.0,0.0033333333333333335,0.003194888178913738,0.0,0.04823151125401929,0.0347985347985348,0.0,0.0047169811320754715,0.0,0.04553415061295972,0.12367491166077739,0.014516129032258065,0.020202020202020204,0.04241435562805873,0.0165016501650165,0.023064250411861616,0.09312977099236641,0.009724473257698542,0.044481054365733116,0.011272141706924315,0.03260869565217391,0.055,0.003305785123966942,0.09075907590759076,0.028831562974203338,0.027914614121510674,0.0546875,0.001644736842105263,0.034976152623211444,0.02875399361022364,0.0,0.004934210526315789,0.0,0.0,0.013245033112582781,0.02936378466557912,0.023734177215189875,0.01174496644295302,0.06540447504302926,0.09921259842519685,0.09921259842519685,0.028391167192429023,0.0,0.015772870662460567,0.04830917874396135,0.10977443609022557,0.013595166163141994,0.007704160246533128,0.10437710437710437,0.026936026936026935,0.007936507936507936,0.025806451612903226,0.013651877133105802,0.10158730158730159,0.0032520325203252032,0.07093425605536333,0.0033500837520938024,0.008116883116883116,0.0015822784810126582,0.07479674796747968,0.017214397496087636,0.09003215434083602,0.05591054313099041,0.001557632398753894,0.011128775834658187,0.01675041876046901,0.05442176870748299,0.0049833887043189366,0.046232876712328765,0.038338658146964855,0.003418803418803419,0.052132701421800945,0.0,0.042879019908116385,0.0,0.0,0.001669449081803005,0.05128205128205128,0.02337228714524207,0.06176961602671119,0.057692307692307696,0.020766773162939296,0.055205047318611984,0.008756567425569177,0.09247648902821316,0.0657672849915683,0.0016286644951140066,0.01174496644295302,0.09744408945686901,0.1724709784411277,0.04468412942989214,0.017094017094017096,0.0031847133757961785,0.009708737864077669,0.014150943396226415,0.03645007923930269,0.06701030927835051,0.015748031496062992,0.03262642740619902,0.06491499227202473,0.011146496815286623,0.0,0.04516129032258064,0.024350649350649352,0.04038772213247173,0.027960526315789474,0.05982905982905983,0.13858267716535433,0.12175324675324675,0.032948929159802305,0.05186385737439222,0.004878048780487805,0.05591054313099041,0.0016233766233766235,0.020569620253164556,0.027823240589198037,0.01192504258943782,0.009836065573770493,0.047619047619047616,0.005084745762711864,0.02512562814070352,0.0,0.04173354735152488,0.014705882352941176,0.003236245954692557,0.031141868512110725,0.09917355371900827,0.011023622047244094,0.003257328990228013,0.03915171288743882,0.1870748299319728,0.0359375,0.05025125628140704,0.08900523560209424,0.006514657980456026,0.0,0.0544,0.06239460370994941,0.03278688524590164,0.049019607843137254,0.1111111111111111,0.033925686591276254,0.008278145695364239,0.08695652173913043,0.03764320785597381,0.08031496062992126,0.046031746031746035,0.07507987220447285,0.003284072249589491,0.0,0.04013377926421405,0.03924646781789639,0.17034700315457413,0.07432432432432433,0.0405616224648986,0.0,0.047619047619047616,0.04361873990306947,0.022336769759450172,0.039936102236421724,0.032915360501567396,0.06289308176100629,0.0,0.0016339869281045752,0.00825082508250825,0.0014903129657228018,0.0,0.03398058252427184,0.13344051446945338,0.06290322580645161,0.027820710973724884,0.0265210608424337,0.0017094017094017094,0.11356466876971609,0.03421461897356143,0.06016260162601626,0.06622516556291391,0.027914614121510674,0.0416,0.06688963210702341,0.04521739130434783,0.04878048780487805,0.04508856682769726,0.0016260162601626016,0.04107424960505529,0.09634551495016612,0.06379585326953748,0.02773246329526917,0.004975124378109453,0.014778325123152709,0.0031645569620253164,0.06741573033707865
2007,1,9,prevalence,0.0015360983102918587,0.17704918032786884,0.20435510887772193,0.001589825119236884,0.019834710743801654,0.001658374792703151,0.055105348460291734,0.0032258064516129032,0.0,0.006557377049180328,0.00644122383252818,0.0,0.06050955414012739,0.030575539568345324,0.0,0.0031645569620253164,0.0,0.03833333333333333,0.11815068493150685,0.025806451612903226,0.011627906976744186,0.024232633279483037,0.014634146341463415,0.026490066225165563,0.09722222222222222,0.023333333333333334,0.03764320785597381,0.006568144499178982,0.03852080123266564,0.047775947281713346,0.0033333333333333335,0.0594059405940594,0.0265210608424337,0.03645007923930269,0.03210272873194221,0.013289036544850499,0.03354632587859425,0.01644736842105263,0.0,0.0033277870216306157,0.0,0.0,0.01011804384485666,0.04746317512274959,0.036163522012578615,0.019769357495881382,0.07508532423208192,0.07936507936507936,0.07936507936507936,0.030959752321981424,0.0033112582781456954,0.03469079939668175,0.06312292358803986,0.09228441754916793,0.01263823064770932,0.019817073170731708,0.08798646362098139,0.03104575163398693,0.00473186119873817,0.026984126984126985,0.010221465076660987,0.09470304975922954,0.0016666666666666668,0.0547008547008547,0.01001669449081803,0.016420361247947456,0.0016207455429497568,0.10841423948220065,0.012598425196850394,0.10118043844856661,0.09485530546623794,0.003115264797507788,0.008077544426494346,0.010256410256410256,0.049586776859504134,0.008291873963515755,0.028716216216216218,0.05263157894736842,0.015228426395939087,0.06220095693779904,0.0,0.046130952380952384,0.0,0.0,0.0016286644951140066,0.048818897637795275,0.03626943005181347,0.08448275862068966,0.037520391517128875,0.01729559748427673,0.0694006309148265,0.02364864864864865,0.06521739130434782,0.054817275747508304,0.0016260162601626016,0.014469453376205787,0.10551948051948051,0.10214168039538715,0.04251968503937008,0.01335559265442404,0.0032733224222585926,0.007936507936507936,0.01386748844375963,0.0296875,0.06495726495726496,0.009287925696594427,0.026622296173044926,0.07009345794392523,0.006153846153846154,0.0,0.04038772213247173,0.010256410256410256,0.0264797507788162,0.030744336569579287,0.056218057921635436,0.1021671826625387,0.11726384364820847,0.05149501661129568,0.03877221324717286,0.008090614886731391,0.06050955414012739,0.006514657980456026,0.018604651162790697,0.04873949579831933,0.006688963210702341,0.013422818791946308,0.03645007923930269,0.0035149384885764497,0.023728813559322035,0.0,0.014516129032258065,0.014469453376205787,0.0032626427406199023,0.041379310344827586,0.09646302250803858,0.01615508885298869,0.011308562197092083,0.033444816053511704,0.1646655231560892,0.017133956386292833,0.06312292358803986,0.10344827586206896,0.014705882352941176,0.0,0.05714285714285714,0.05802047781569966,0.04567699836867863,0.03648424543946932,0.10651828298887123,0.01929260450160772,0.008431703204047217,0.06734006734006734,0.05194805194805195,0.04173106646058733,0.07060755336617405,0.06060606060606061,0.003246753246753247,0.0,0.03993344425956739,0.056,0.23889739663093415,0.10666666666666667,0.017027863777089782,0.0,0.04709576138147567,0.057692307692307696,0.028716216216216218,0.046875,0.02511773940345369,0.043010752688172046,0.0,0.006201550387596899,0.009724473257698542,0.0015455950540958269,0.0,0.025889967637540454,0.1076158940397351,0.05314009661835749,0.018779342723004695,0.023547880690737835,0.001639344262295082,0.0910569105691057,0.028169014084507043,0.06624605678233439,0.03993344425956739,0.019736842105263157,0.04051863857374392,0.041935483870967745,0.06260575296108291,0.052100840336134456,0.030110935023771792,0.0016778523489932886,0.040584415584415584,0.08085808580858085,0.05546492659053834,0.025,0.004942339373970346,0.01990049751243781,0.0112,0.07993730407523511
2008,1,9,prevalence,0.0015337423312883436,0.1461794019933555,0.10031847133757962,0.0032948929159802307,0.01487603305785124,0.0016638935108153079,0.033816425120772944,0.0,0.0,0.006259780907668232,0.006633499170812604,0.0,0.0672,0.03436426116838488,0.001644736842105263,0.0030864197530864196,0.0,0.028938906752411574,0.12244897959183673,0.022222222222222223,0.010033444816053512,0.036605657237936774,0.008130081300813009,0.032362459546925564,0.09175738724727839,0.014308426073131956,0.04340836012861737,0.011254019292604502,0.030744336569579287,0.03210272873194221,0.0016556291390728477,0.056910569105691054,0.01875,0.03508771929824561,0.024549918166939442,0.03333333333333333,0.04146730462519936,0.00819672131147541,0.0016556291390728477,0.001639344262295082,0.0,0.0,0.008445945945945946,0.054187192118226604,0.039816232771822356,0.02027027027027027,0.05527638190954774,0.05910543130990415,0.05910543130990415,0.03469079939668175,0.0,0.03987730061349693,0.06456953642384106,0.10077519379844961,0.009508716323296355,0.018072289156626505,0.07011686143572621,0.06260032102728733,0.020440251572327043,0.024115755627009645,0.010291595197255575,0.07643312101910828,0.0016051364365971107,0.026223776223776224,0.005128205128205128,0.01340033500837521,0.0,0.09409888357256778,0.005997001499250375,0.09183673469387756,0.05098684210526316,0.0048543689320388345,0.0047169811320754715,0.005,0.0361247947454844,0.003305785123966942,0.01718213058419244,0.03776683087027915,0.02023608768971332,0.04900459418070444,0.0032679738562091504,0.05943536404160475,0.0,0.0,0.0016260162601626016,0.05222734254992319,0.03453947368421053,0.10535405872193437,0.03870967741935484,0.00949367088607595,0.0632279534109817,0.03608247422680412,0.047400611620795105,0.04639175257731959,0.0016051364365971107,0.011254019292604502,0.07462686567164178,0.05263157894736842,0.04747320061255743,0.008,0.004893964110929853,0.007874015748031496,0.01746031746031746,0.01620745542949757,0.059931506849315065,0.011182108626198083,0.030100334448160536,0.0496,0.020833333333333332,0.0,0.030201342281879196,0.01697792869269949,0.023291925465838508,0.03241491085899514,0.04318936877076412,0.11912225705329153,0.08427876823338736,0.06372549019607843,0.04051863857374392,0.011164274322169059,0.0688,0.006578947368421052,0.05229793977812995,0.033444816053511704,0.026755852842809364,0.008143322475570033,0.03134796238244514,0.008756567425569177,0.027419354838709678,0.0,0.011111111111111112,0.00975609756097561,0.0015923566878980893,0.05782312925170068,0.12052117263843648,0.022653721682847898,0.016339869281045753,0.04297520661157025,0.11222780569514237,0.02403846153846154,0.0384,0.06440677966101695,0.01597444089456869,0.003257328990228013,0.061788617886178863,0.06239460370994941,0.042833607907743,0.05115511551155116,0.05901116427432217,0.0359375,0.0033277870216306157,0.04194630872483222,0.045307443365695796,0.03605015673981191,0.052547770700636945,0.03365384615384615,0.001579778830963665,0.0,0.04118616144975288,0.05993690851735016,0.2071097372488408,0.10472972972972973,0.03058103975535168,0.0017953321364452424,0.04595879556259905,0.06869009584664537,0.024916943521594685,0.03627760252365931,0.03210272873194221,0.04878048780487805,0.0,0.007680491551459293,0.014469453376205787,0.0015290519877675841,0.0,0.022364217252396165,0.0794912559618442,0.03459119496855346,0.007692307692307693,0.04012841091492777,0.0,0.06393442622950819,0.016339869281045753,0.098256735340729,0.05853658536585366,0.008064516129032258,0.03,0.028145695364238412,0.06140350877192982,0.05073649754500818,0.03194888178913738,0.0,0.040453074433656956,0.06622516556291391,0.0743801652892562,0.024916943521594685,0.02622950819672131,0.021311475409836064,0.015100671140939598,0.057722308892355696
2009,1,9,prevalence,0.001584786053882726,0.15024232633279483,0.05466237942122187,0.0,0.00974025974025974,0.0,0.03542673107890499,0.0,0.0,0.004651162790697674,0.006622516556291391,0.0016666666666666668,0.048939641109298535,0.01487603305785124,0.001658374792703151,0.001579778830963665,0.0,0.02875399361022364,0.09238249594813615,0.023923444976076555,0.029159519725557463,0.031198686371100164,0.0214168039538715,0.03164556962025317,0.07620528771384137,0.009419152276295133,0.0631911532385466,0.01729559748427673,0.04730831973898858,0.017741935483870968,0.0016722408026755853,0.08955223880597014,0.025196850393700787,0.04032258064516129,0.026058631921824105,0.03618421052631579,0.040983606557377046,0.013114754098360656,0.001607717041800643,0.0032679738562091504,0.0,0.0,0.008532423208191127,0.03367003367003367,0.043076923076923075,0.015410958904109588,0.053833605220228384,0.0673076923076923,0.0673076923076923,0.03508771929824561,0.0016420361247947454,0.05443234836702955,0.04590163934426229,0.09345794392523364,0.012861736334405145,0.025835866261398176,0.043689320388349516,0.05853658536585366,0.044657097288676235,0.008210180623973728,0.017094017094017096,0.09697933227344992,0.0,0.029462738301559793,0.006546644844517185,0.008460236886632826,0.0,0.09771986970684039,0.004518072289156626,0.08374384236453201,0.03678929765886288,0.004739336492890996,0.0032414910858995136,0.016778523489932886,0.0210016155088853,0.003401360544217687,0.0165016501650165,0.02564102564102564,0.02040816326530612,0.041666666666666664,0.00315955766192733,0.06,0.001669449081803005,0.0,0.00482315112540193,0.0421216848673947,0.019077901430842606,0.07570422535211267,0.043478260869565216,0.0112,0.06521739130434782,0.03754266211604096,0.03129890453834116,0.04886561954624782,0.0,0.0078003120124804995,0.05306799336650083,0.04966887417218543,0.03571428571428571,0.009933774834437087,0.004754358161648178,0.012861736334405145,0.029921259842519685,0.014754098360655738,0.050505050505050504,0.00946372239747634,0.041390728476821195,0.05040650406504065,0.013071895424836602,0.0016666666666666668,0.019704433497536946,0.023026315789473683,0.015151515151515152,0.04404567699836868,0.03442340791738382,0.11455108359133127,0.09076175040518639,0.048701298701298704,0.03858520900321544,0.008064516129032258,0.08387096774193549,0.009900990099009901,0.05069124423963134,0.045454545454545456,0.03904923599320883,0.008130081300813009,0.059790732436472344,0.006872852233676976,0.030254777070063694,0.0,0.017214397496087636,0.003257328990228013,0.003169572107765452,0.07973421926910298,0.09076175040518639,0.02086677367576244,0.024232633279483037,0.049069373942470386,0.08862876254180602,0.021604938271604937,0.06190476190476191,0.07575757575757576,0.009708737864077669,0.003278688524590164,0.07980456026058631,0.03577235772357724,0.04833333333333333,0.05527638190954774,0.051036682615629984,0.029641185647425898,0.009819967266775777,0.03535353535353535,0.06501547987616099,0.03215434083601286,0.03668261562998405,0.0288,0.0015772870662460567,0.0,0.01957585644371941,0.04173354735152488,0.16108452950558214,0.10437710437710437,0.0218408736349454,0.0017006802721088435,0.034482758620689655,0.054635761589403975,0.0338409475465313,0.03912363067292645,0.018032786885245903,0.07526881720430108,0.0,0.004709576138147566,0.016339869281045753,0.0015479876160990713,0.0,0.028346456692913385,0.06190476190476191,0.033950617283950615,0.01866251944012442,0.03400309119010819,0.0,0.0499194847020934,0.009693053311793215,0.07301587301587302,0.058544303797468354,0.0033222591362126247,0.03304347826086956,0.024509803921568627,0.060658578856152515,0.041666666666666664,0.0203125,0.0,0.03980891719745223,0.06752411575562701,0.06060606060606061,0.02975206611570248,0.03284072249589491,0.030595813204508857,0.03035143769968051,0.07987220447284345
2010,1,9,prevalence,0.006369426751592357,0.15048543689320387,0.05263157894736842,0.0,0.022222222222222223,0.0,0.021705426356589147,0.0,0.0,0.0030534351145038168,0.004792332268370607,0.005110732538330494,0.030254777070063694,0.021346469622331693,0.0016366612111292963,0.0016233766233766235,0.0,0.025477707006369428,0.080370942812983,0.017488076311605722,0.03801652892561983,0.03189792663476874,0.023026315789473683,0.031055900621118012,0.05422647527910686,0.012519561815336464,0.07275541795665634,0.03260869565217391,0.04262295081967213,0.02138157894736842,0.003367003367003367,0.09379968203497616,0.028481012658227847,0.06320907617504051,0.04081632653061224,0.056782334384858045,0.03140495867768595,0.014563106796116505,0.001610305958132045,0.003189792663476874,0.0,0.0047694753577106515,0.0165016501650165,0.026359143327841845,0.04100946372239748,0.023529411764705882,0.054945054945054944,0.07855973813420622,0.07855973813420622,0.03254437869822485,0.0016638935108153079,0.06289308176100629,0.059800664451827246,0.10161290322580645,0.018333333333333333,0.018838304552590265,0.03668261562998405,0.0701468189233279,0.04854368932038835,0.011382113821138212,0.02666666666666667,0.07290015847860538,0.0,0.018900343642611683,0.013050570962479609,0.016835016835016835,0.0016181229773462784,0.05475040257648953,0.007680491551459293,0.06995230524642289,0.045,0.008143322475570033,0.00964630225080386,0.013266998341625208,0.041401273885350316,0.008431703204047217,0.011382113821138212,0.040625,0.016260162601626018,0.03470031545741325,0.0,0.03709428129829984,0.001607717041800643,0.0,0.004594180704441042,0.03442879499217527,0.01228878648233487,0.044326241134751775,0.030894308943089432,0.004975124378109453,0.048701298701298704,0.03773584905660377,0.03389830508474576,0.04,0.0015748031496062992,0.00463678516228748,0.03541315345699832,0.02321724709784411,0.022970903522205207,0.01001669449081803,0.0031201248049922,0.01098901098901099,0.04574132492113565,0.017770597738287562,0.06260575296108291,0.006472491909385114,0.03161397670549085,0.04361873990306947,0.015723270440251572,0.0017152658662092624,0.02576489533011272,0.014634146341463415,0.019461077844311378,0.051118210862619806,0.05782312925170068,0.11198738170347003,0.07142857142857142,0.03915171288743882,0.03642384105960265,0.00967741935483871,0.0732899022801303,0.009852216748768473,0.023696682464454975,0.038461538461538464,0.04310344827586207,0.021035598705501618,0.0717628705148206,0.008291873963515755,0.027070063694267517,0.006482982171799027,0.03470031545741325,0.009724473257698542,0.004754358161648178,0.07679465776293823,0.06451612903225806,0.008077544426494346,0.0347682119205298,0.026041666666666668,0.04975922953451043,0.018867924528301886,0.05492730210016155,0.041050903119868636,0.014950166112956811,0.003125,0.05863192182410423,0.04,0.05333333333333334,0.044444444444444446,0.05087440381558029,0.01901743264659271,0.009615384615384616,0.03754266211604096,0.08125,0.0392156862745098,0.037267080745341616,0.01948051948051948,0.0015748031496062992,0.0,0.012678288431061807,0.04186046511627907,0.12460063897763578,0.08278145695364239,0.03286384976525822,0.001718213058419244,0.0392156862745098,0.030252100840336135,0.03460207612456748,0.03067484662576687,0.02403846153846154,0.07606973058637084,0.0,0.006329113924050633,0.011475409836065573,0.006289308176100629,0.0,0.025954198473282442,0.04897314375987362,0.0319634703196347,0.01854714064914992,0.027314112291350532,0.0,0.039619651347068144,0.008130081300813009,0.05625,0.03307086614173228,0.004942339373970346,0.042662116040955635,0.040983606557377046,0.05970149253731343,0.030894308943089432,0.03307086614173228,0.0,0.03481012658227848,0.060897435897435896,0.048859934853420196,0.028192371475953566,0.04100946372239748,0.05501618122977346,0.03588907014681892,0.05362776025236593
2011,1,9,prevalence,0.008143322475570033,0.11345218800648298,0.04024767801857585,0.0,0.020440251572327043,0.0,0.01729559748427673,0.0,0.0,0.0030303030303030303,0.004878048780487805,0.012152777777777778,0.0187207488299532,0.036303630363036306,0.0032258064516129032,0.0016891891891891893,0.001524390243902439,0.007936507936507936,0.06646525679758308,0.019138755980861243,0.037037037037037035,0.025559105431309903,0.03442622950819672,0.046948356807511735,0.04617834394904458,0.012718600953895072,0.0669710806697108,0.019969278033794162,0.04032258064516129,0.01652892561983471,0.0051635111876075735,0.0664451827242525,0.014150943396226415,0.05426356589147287,0.030441400304414,0.0624,0.021172638436482084,0.024509803921568627,0.0015290519877675841,0.0016233766233766235,0.0,0.014354066985645933,0.030456852791878174,0.027642276422764227,0.040372670807453416,0.02680067001675042,0.038109756097560975,0.07281553398058252,0.07281553398058252,0.036585365853658534,0.0016420361247947454,0.04952076677316294,0.044189852700491,0.10227272727272728,0.014657980456026058,0.02830188679245283,0.049206349206349205,0.05573248407643312,0.03821656050955414,0.012759170653907496,0.04065040650406504,0.0491283676703645,0.0,0.02772963604852686,0.024549918166939442,0.021775544388609715,0.001597444089456869,0.04409448818897638,0.006125574272588055,0.05492730210016155,0.0423728813559322,0.011437908496732025,0.006153846153846154,0.017857142857142856,0.01951219512195122,0.012965964343598054,0.014563106796116505,0.045307443365695796,0.03322259136212625,0.05581395348837209,0.0,0.0272,0.001639344262295082,0.0,0.0030959752321981426,0.03471074380165289,0.0171875,0.03819444444444445,0.05331179321486268,0.0050933786078098476,0.03278688524590164,0.03220338983050847,0.028081123244929798,0.0375,0.001567398119122257,0.003105590062111801,0.03257328990228013,0.026622296173044926,0.0140625,0.00667779632721202,0.0030959752321981426,0.015479876160990712,0.0359375,0.008210180623973728,0.057724957555178265,0.01309328968903437,0.029850746268656716,0.03125,0.020440251572327043,0.003395585738539898,0.02090032154340836,0.024232633279483037,0.0377643504531722,0.0464,0.05190311418685121,0.07042253521126761,0.04231974921630094,0.0392156862745098,0.04738562091503268,0.011513157894736841,0.036243822075782535,0.029315960912052116,0.034375,0.030944625407166124,0.046153846153846156,0.02618657937806874,0.046031746031746035,0.009787928221859706,0.03210272873194221,0.004991680532445923,0.03442879499217527,0.006369426751592357,0.003236245954692557,0.06440677966101695,0.048414023372287146,0.014492753623188406,0.035058430717863104,0.006968641114982578,0.05392156862745098,0.017001545595054096,0.0627062706270627,0.032948929159802305,0.0096,0.003278688524590164,0.04153354632587859,0.04567699836867863,0.045454545454545456,0.045454545454545456,0.032362459546925564,0.015432098765432098,0.016420361247947456,0.02809917355371901,0.0770440251572327,0.028985507246376812,0.0421216848673947,0.027642276422764227,0.0015698587127158557,0.0,0.018779342723004695,0.0390015600624025,0.09630818619582665,0.04361873990306947,0.043410852713178294,0.0034542314335060447,0.03398058252427184,0.03247863247863248,0.027777777777777776,0.026813880126182965,0.027823240589198037,0.08223684210526316,0.0015479876160990713,0.015873015873015872,0.011363636363636364,0.012738853503184714,0.0,0.01694915254237288,0.025078369905956112,0.040061633281972264,0.02457757296466974,0.03636363636363636,0.0,0.03464566929133858,0.015202702702702704,0.030694668820678513,0.01729559748427673,0.013136288998357963,0.037606837606837605,0.02113821138211382,0.04628099173553719,0.03618421052631579,0.03912363067292645,0.0,0.02821316614420063,0.05345911949685535,0.05032467532467533,0.027419354838709678,0.02090032154340836,0.05329153605015674,0.023890784982935155,0.04051863857374392
2012,1,9,prevalence,0.0065040650406504065,0.07479674796747968,0.061389337641357025,0.0,0.012578616352201259,0.0,0.013888888888888888,0.0,0.0,0.010852713178294573,0.0047694753577106515,0.012152777777777778,0.025682182985553772,0.04180064308681672,0.0031545741324921135,0.0016611295681063123,0.0015384615384615385,0.01579778830963665,0.0529595015576324,0.02047244094488189,0.029508196721311476,0.03421461897356143,0.043973941368078175,0.04617834394904458,0.03333333333333333,0.011235955056179775,0.05071315372424723,0.017054263565891473,0.03908794788273615,0.0322061191626409,0.005076142131979695,0.050393700787401574,0.01610305958132045,0.03571428571428571,0.0343213728549142,0.046583850931677016,0.01597444089456869,0.024311183144246355,0.0,0.0031847133757961785,0.0,0.01746031746031746,0.03145695364238411,0.016366612111292964,0.03732503888024884,0.022508038585209004,0.0696969696969697,0.03588907014681892,0.03588907014681892,0.02674591381872214,0.0016556291390728477,0.06210191082802548,0.03125,0.062402496099843996,0.011513157894736841,0.03622047244094488,0.038338658146964855,0.04251968503937008,0.028938906752411574,0.02903225806451613,0.046849757673667204,0.05466237942122187,0.001639344262295082,0.027874564459930314,0.0144,0.021172638436482084,0.001594896331738437,0.03064516129032258,0.01567398119122257,0.052969502407704656,0.04628099173553719,0.011041009463722398,0.028391167192429023,0.029654036243822075,0.022292993630573247,0.02348993288590604,0.014308426073131956,0.04355108877721943,0.024630541871921183,0.05396825396825397,0.008,0.0144,0.0,0.0,0.0030627871362940277,0.03140495867768595,0.00933125972006221,0.057003257328990226,0.05627009646302251,0.008547008547008548,0.044444444444444446,0.03333333333333333,0.029315960912052116,0.03626943005181347,0.0030911901081916537,0.004709576138147566,0.034482758620689655,0.021775544388609715,0.0109375,0.014900662251655629,0.0015455950540958269,0.025078369905956112,0.03322784810126582,0.0032102728731942215,0.06112054329371817,0.011437908496732025,0.03482587064676617,0.02226027397260274,0.020155038759689922,0.005128205128205128,0.03409090909090909,0.02113821138211382,0.02599388379204893,0.05339805825242718,0.057391304347826085,0.06572769953051644,0.02821316614420063,0.047377326565143825,0.051696284329563816,0.01800327332242226,0.03745928338762215,0.03864734299516908,0.040498442367601244,0.025806451612903226,0.04584040747028863,0.02471169686985173,0.05705229793977813,0.01129032258064516,0.03915171288743882,0.011686143572621035,0.02358490566037736,0.0064516129032258064,0.01854714064914992,0.046052631578947366,0.05778491171749599,0.0218408736349454,0.022033898305084745,0.005291005291005291,0.0608,0.012759170653907496,0.054009819967266774,0.04492512479201331,0.029315960912052116,0.0033112582781456954,0.03940886699507389,0.04769475357710652,0.025041736227045076,0.047697368421052634,0.030448717948717948,0.015479876160990712,0.009630818619582664,0.023026315789473683,0.05901116427432217,0.027070063694267517,0.03134796238244514,0.03414634146341464,0.001584786053882726,0.003205128205128205,0.012441679626749611,0.049689440993788817,0.07890499194847021,0.03588907014681892,0.047021943573667714,0.005291005291005291,0.025889967637540454,0.05759162303664921,0.01864406779661017,0.042993630573248405,0.014778325123152709,0.057755775577557754,0.0015082956259426848,0.024916943521594685,0.018575851393188854,0.022187004754358162,0.0,0.0171875,0.02843601895734597,0.03343465045592705,0.02631578947368421,0.030534351145038167,0.0,0.06614173228346457,0.009950248756218905,0.02003338898163606,0.019138755980861243,0.008291873963515755,0.015463917525773196,0.008431703204047217,0.03145695364238411,0.02750809061488673,0.028662420382165606,0.0,0.01951219512195122,0.05846153846153846,0.06535947712418301,0.017915309446254073,0.03870967741935484,0.06984126984126984,0.02226027397260274,0.04215851602023609
2013,1,9,prevalence,0.00644122383252818,0.07377049180327869,0.0733652312599681,0.0,0.0096,0.0,0.009554140127388535,0.0,0.0,0.011093502377179081,0.00473186119873817,0.0034542314335060447,0.020933977455716585,0.050078247261345854,0.00322061191626409,0.0,0.0015873015873015873,0.009523809523809525,0.043209876543209874,0.02040816326530612,0.023450586264656615,0.0265210608424337,0.04051863857374392,0.04567699836867863,0.0296875,0.00974025974025974,0.028481012658227847,0.019908116385911178,0.039655172413793106,0.04503105590062112,0.005110732538330494,0.03425774877650897,0.018092105263157895,0.0358814352574103,0.03265940902021773,0.040880503144654086,0.01765650080256822,0.020933977455716585,0.0,0.003169572107765452,0.0,0.012232415902140673,0.030448717948717948,0.011532125205930808,0.04231974921630094,0.02066772655007949,0.09658246656760773,0.03739837398373984,0.03739837398373984,0.022590361445783132,0.0016638935108153079,0.06041335453100159,0.030405405405405407,0.0438871473354232,0.016666666666666666,0.036334913112164295,0.016717325227963525,0.05354330708661417,0.027642276422764227,0.03145695364238411,0.03488372093023256,0.06144393241167435,0.0015748031496062992,0.027633851468048358,0.022257551669316374,0.024390243902439025,0.0015455950540958269,0.025559105431309903,0.0416,0.04975922953451043,0.049019607843137254,0.008,0.0234009360374415,0.021207177814029365,0.0315955766192733,0.040584415584415584,0.0218408736349454,0.02631578947368421,0.030201342281879196,0.06070287539936102,0.011075949367088608,0.021172638436482084,0.0,0.0,0.0046801872074883,0.029459901800327332,0.020249221183800622,0.0583596214511041,0.07479674796747968,0.013816925734024179,0.03231017770597738,0.03161397670549085,0.021630615640599003,0.09523809523809523,0.00315955766192733,0.018867924528301886,0.04654895666131621,0.012987012987012988,0.012213740458015267,0.011345218800648298,0.0,0.012779552715654952,0.031096563011456628,0.006430868167202572,0.0730050933786078,0.020933977455716585,0.03789126853377265,0.010101010101010102,0.023734177215189875,0.00510204081632653,0.05573248407643312,0.041050903119868636,0.02748091603053435,0.07580645161290323,0.05460750853242321,0.07153965785381027,0.021604938271604937,0.07131011608623548,0.04,0.03257328990228013,0.03125,0.05194805194805195,0.04258675078864353,0.03169572107765452,0.05102040816326531,0.037520391517128875,0.03514376996805112,0.012924071082390954,0.03436988543371522,0.011589403973509934,0.0463258785942492,0.011308562197092083,0.0289193302891933,0.0512396694214876,0.05348460291734198,0.028169014084507043,0.014975041597337771,0.008403361344537815,0.08412698412698413,0.006359300476947536,0.056105610561056105,0.03398058252427184,0.035541195476575124,0.0032310177705977385,0.0667779632721202,0.0328125,0.03418803418803419,0.053156146179401995,0.02912621359223301,0.01932367149758454,0.004615384615384616,0.024115755627009645,0.09004739336492891,0.024311183144246355,0.02090032154340836,0.04777070063694268,0.0048,0.0016181229773462784,0.01854714064914992,0.05405405405405406,0.0778816199376947,0.02768729641693811,0.050078247261345854,0.0034071550255536627,0.023923444976076555,0.03333333333333333,0.023728813559322035,0.030063291139240507,0.013179571663920923,0.07954545454545454,0.0,0.029079159935379646,0.0109717868338558,0.027287319422150885,0.0,0.0140625,0.04538341158059468,0.04461538461538461,0.02786377708978328,0.025,0.0,0.061389337641357025,0.0137221269296741,0.027960526315789474,0.011111111111111112,0.0065040650406504065,0.02337228714524207,0.003355704697986577,0.02533783783783784,0.03565891472868217,0.04084967320261438,0.0,0.030694668820678513,0.05504587155963303,0.07809847198641766,0.02254428341384863,0.04133545310015898,0.054602184087363496,0.030303030303030304,0.03741496598639456
2014,1,9,prevalence,0.0049504950495049506,0.088379705400982,0.08702531645569621,0.0,0.0048543689320388345,0.0,0.00964630225080386,0.0,0.0,0.0078003120124804995,0.0032948929159802307,0.0017543859649122807,0.023961661341853034,0.029459901800327332,0.00315955766192733,0.0017301038062283738,0.0015873015873015873,0.009584664536741214,0.07234726688102894,0.027649769585253458,0.022838499184339316,0.025396825396825397,0.03821656050955414,0.030844155844155844,0.030595813204508857,0.006600660066006601,0.04709576138147567,0.00909090909090909,0.036605657237936774,0.05030487804878049,0.003355704697986577,0.0420032310177706,0.022764227642276424,0.0401854714064915,0.03115264797507788,0.038338658146964855,0.019169329073482427,0.04455445544554455,0.0,0.001567398119122257,0.0,0.010769230769230769,0.021311475409836064,0.018121911037891267,0.05422647527910686,0.02857142857142857,0.0849194729136164,0.022617124394184167,0.022617124394184167,0.0226928895612708,0.003316749585406302,0.07301587301587302,0.025167785234899327,0.055379746835443035,0.006896551724137931,0.03531300160513644,0.01694915254237288,0.05977382875605816,0.027463651050080775,0.055031446540880505,0.03387096774193549,0.09021406727828746,0.0016286644951140066,0.029950083194675542,0.025477707006369428,0.021311475409836064,0.0015408320493066256,0.050078247261345854,0.049206349206349205,0.05305466237942122,0.05454545454545454,0.017713365539452495,0.019448946515397084,0.021739130434782608,0.0375,0.029173419773095625,0.01751592356687898,0.014729950900163666,0.0380794701986755,0.06045751633986928,0.017432646592709985,0.022328548644338118,0.0,0.0,0.00322061191626409,0.03398058252427184,0.016541353383458645,0.08242612752721618,0.08038585209003216,0.013745704467353952,0.04590163934426229,0.04084967320261438,0.026359143327841845,0.12622950819672132,0.004629629629629629,0.023696682464454975,0.078003120124805,0.02572347266881029,0.013996889580093312,0.01620745542949757,0.0,0.006309148264984227,0.024077046548956663,0.0032520325203252032,0.06734006734006734,0.015698587127158554,0.028938906752411574,0.018363939899833055,0.022292993630573247,0.0032520325203252032,0.0499219968798752,0.027070063694267517,0.036585365853658534,0.06168831168831169,0.05154639175257732,0.08870967741935484,0.0243161094224924,0.051666666666666666,0.040453074433656956,0.03015873015873016,0.024390243902439025,0.0397456279809221,0.02204724409448819,0.024922118380062305,0.07849829351535836,0.03395585738539898,0.0330188679245283,0.006600660066006601,0.03442622950819672,0.009933774834437087,0.030844155844155844,0.006379585326953748,0.036163522012578615,0.0625,0.0528,0.025518341307814992,0.024469820554649267,0.013136288998357963,0.11180124223602485,0.006299212598425197,0.06930693069306931,0.0416,0.06230031948881789,0.0031397174254317113,0.065,0.025796661608497723,0.034013605442176874,0.04809286898839138,0.046474358974358976,0.0096,0.0015723270440251573,0.017684887459807074,0.12241653418124006,0.029459901800327332,0.016233766233766232,0.07278481012658228,0.008038585209003215,0.0032520325203252032,0.01529051987767584,0.06907378335949764,0.10764430577223089,0.02631578947368421,0.04220779220779221,0.003284072249589491,0.02127659574468085,0.03764320785597381,0.028380634390651086,0.04746835443037975,0.010084033613445379,0.0898876404494382,0.0030816640986132513,0.029459901800327332,0.0032102728731942215,0.049441786283891544,0.0,0.032407407407407406,0.06289308176100629,0.03338391502276176,0.025835866261398176,0.03015873015873016,0.0,0.04107424960505529,0.040268456375838924,0.0272,0.017713365539452495,0.008130081300813009,0.027874564459930314,0.0016051364365971107,0.01658374792703151,0.026984126984126985,0.05718954248366013,0.0,0.020933977455716585,0.061746987951807226,0.0957983193277311,0.011111111111111112,0.03420195439739414,0.04552590266875981,0.044444444444444446,0.039792387543252594
2015,1,9,prevalence,0.005145797598627788,0.09630818619582665,0.16232771822358347,0.0,0.004724409448818898,0.0,0.017628205128205128,0.0,0.0,0.004709576138147566,0.0016025641025641025,0.001718213058419244,0.042692939244663386,0.05815831987075929,0.003246753246753247,0.001692047377326565,0.0015698587127158557,0.011308562197092083,0.044374009508716325,0.027439024390243903,0.03210272873194221,0.014150943396226415,0.03387096774193549,0.03727714748784441,0.03459119496855346,0.001610305958132045,0.041158536585365856,0.007776049766718507,0.047933884297520664,0.07350689127105667,0.0016313213703099511,0.029595015576323987,0.03317535545023697,0.07275541795665634,0.028892455858747994,0.04361873990306947,0.01765650080256822,0.06239737274220033,0.0,0.0015723270440251573,0.0,0.006153846153846154,0.013333333333333334,0.021702838063439065,0.052547770700636945,0.028846153846153848,0.06184012066365008,0.02773246329526917,0.02773246329526917,0.04153846153846154,0.0,0.07961783439490445,0.026446280991735537,0.06929133858267716,0.010050251256281407,0.024390243902439025,0.007763975155279503,0.0762987012987013,0.03877221324717286,0.0821256038647343,0.05970149253731343,0.10445468509984639,0.0016,0.059113300492610835,0.03317535545023697,0.021207177814029365,0.0015552099533437014,0.08530805687203792,0.09313725490196079,0.048252911813643926,0.05263157894736842,0.042833607907743,0.006462035541195477,0.021103896103896104,0.025236593059936908,0.020933977455716585,0.012718600953895072,0.025684931506849314,0.05741626794258373,0.048939641109298535,0.0224,0.014469453376205787,0.0,0.0,0.003134796238244514,0.05040650406504065,0.01347305389221557,0.09486780715396578,0.10714285714285714,0.021922428330522766,0.03896103896103896,0.037162162162162164,0.033112582781456956,0.12214983713355049,0.004709576138147566,0.015432098765432098,0.07865168539325842,0.02177293934681182,0.016025641025641024,0.022435897435897436,0.0,0.0015479876160990713,0.014285714285714285,0.001644736842105263,0.11745513866231648,0.01804511278195489,0.03503184713375796,0.021311475409836064,0.033123028391167195,0.00684931506849315,0.06750392464678179,0.019169329073482427,0.03177004538577912,0.056572379367720464,0.027633851468048358,0.11612903225806452,0.029940119760479042,0.041736227045075125,0.027375201288244767,0.02204724409448819,0.02254428341384863,0.030303030303030304,0.01910828025477707,0.008064516129032258,0.09090909090909091,0.02891156462585034,0.020700636942675158,0.011608623548922056,0.03934426229508197,0.010169491525423728,0.0330188679245283,0.001584786053882726,0.03514376996805112,0.05186385737439222,0.05573248407643312,0.03536977491961415,0.026272577996715927,0.01597444089456869,0.15396578538102643,0.001594896331738437,0.04032258064516129,0.060897435897435896,0.0754414125200642,0.0030303030303030303,0.05806451612903226,0.01943198804185351,0.0411663807890223,0.047933884297520664,0.05669291338582677,0.014729950900163666,0.0015174506828528073,0.00967741935483871,0.11812297734627832,0.016366612111292964,0.009724473257698542,0.08163265306122448,0.006359300476947536,0.003205128205128205,0.012422360248447204,0.07667731629392971,0.1040650406504065,0.016366612111292964,0.042692939244663386,0.0016474464579901153,0.04477611940298507,0.04697986577181208,0.05254237288135593,0.0514820592823713,0.0050335570469798654,0.13015873015873017,0.010954616588419406,0.01620745542949757,0.0032414910858995136,0.06833333333333333,0.0016051364365971107,0.03755868544600939,0.08095238095238096,0.04272151898734177,0.02147239263803681,0.02622950819672131,0.001488095238095238,0.02936630602782071,0.06930693069306931,0.024469820554649267,0.014195583596214511,0.009419152276295133,0.025996533795493933,0.003189792663476874,0.008064516129032258,0.022187004754358162,0.04194630872483222,0.0,0.0304,0.05389221556886228,0.1226890756302521,0.01579778830963665,0.016260162601626018,0.050955414012738856,0.05169340463458111,0.05199306759098787
2016,1,9,prevalence,0.005008347245409015,0.11216429699842022,0.24731182795698925,0.0,0.007898894154818325,0.0,0.02403846153846154,0.0,0.0016129032258064516,0.003179650238473768,0.003284072249589491,0.0017152658662092624,0.02891156462585034,0.0736,0.0030959752321981426,0.003430531732418525,0.001594896331738437,0.00975609756097561,0.03531300160513644,0.03313253012048193,0.032507739938080496,0.014173228346456693,0.0322061191626409,0.0594855305466238,0.026813880126182965,0.012779552715654952,0.04489164086687306,0.015220700152207,0.03758169934640523,0.07219662058371736,0.001644736842105263,0.023474178403755867,0.04489164086687306,0.06869009584664537,0.02106969205834684,0.019230769230769232,0.014423076923076924,0.056962025316455694,0.0,0.0015105740181268882,0.0,0.00933125972006221,0.006745362563237774,0.03005008347245409,0.08864696734059098,0.020537124802527645,0.042105263157894736,0.03322259136212625,0.03322259136212625,0.0496,0.0,0.07568438003220612,0.02073365231259968,0.06291390728476821,0.00946372239747634,0.04173354735152488,0.0015527950310559005,0.09165302782324058,0.05152979066022544,0.07352941176470588,0.07679738562091504,0.12324492979719189,0.0,0.06239460370994941,0.02912621359223301,0.013008130081300813,0.0015267175572519084,0.08888888888888889,0.10327868852459017,0.037037037037037035,0.06168831168831169,0.048859934853420196,0.0,0.016025641025641024,0.0272,0.022727272727272728,0.003215434083601286,0.018487394957983194,0.06158833063209076,0.05337519623233909,0.028192371475953566,0.006546644844517185,0.0016339869281045752,0.0,0.0031847133757961785,0.05705229793977813,0.014285714285714285,0.08217054263565891,0.17540983606557378,0.009900990099009901,0.050080775444264945,0.03793103448275862,0.042444821731748725,0.12643678160919541,0.001519756838905775,0.02875399361022364,0.06765676567656766,0.03943217665615142,0.025806451612903226,0.030206677265500796,0.0,0.0060790273556231,0.028985507246376812,0.0,0.12919463087248323,0.01694915254237288,0.04213938411669368,0.024630541871921183,0.04258675078864353,0.008116883116883116,0.059907834101382486,0.016897081413210446,0.03115264797507788,0.046104928457869634,0.016339869281045753,0.10416666666666667,0.025914634146341462,0.03927986906710311,0.022690437601296597,0.028662420382165606,0.019448946515397084,0.044753086419753084,0.014263074484944533,0.0015873015873015873,0.04786324786324787,0.02195945945945946,0.02066772655007949,0.008347245409015025,0.04950495049504951,0.01507537688442211,0.03980891719745223,0.0015923566878980893,0.030015797788309637,0.0593900481540931,0.05333333333333334,0.0449438202247191,0.040983606557377046,0.007874015748031496,0.1421875,0.0,0.026272577996715927,0.04862236628849271,0.10284810126582279,0.0015151515151515152,0.051118210862619806,0.019696969696969695,0.02707275803722504,0.03859060402684564,0.07894736842105263,0.010033444816053512,0.0030721966205837174,0.008156606851549755,0.11198738170347003,0.014925373134328358,0.004909983633387889,0.12828438948995363,0.006578947368421052,0.001597444089456869,0.010638297872340425,0.06918238993710692,0.05843071786310518,0.022913256955810146,0.05090311986863711,0.006734006734006734,0.03902439024390244,0.06050420168067227,0.09507640067911714,0.04113924050632911,0.013422818791946308,0.1263823064770932,0.00764525993883792,0.013223140495867768,0.00510204081632653,0.1098546042003231,0.0016051364365971107,0.04292527821939587,0.12225705329153605,0.021207177814029365,0.021439509954058193,0.024193548387096774,0.0015360983102918587,0.05417956656346749,0.07308970099667775,0.029173419773095625,0.03636363636363636,0.00463678516228748,0.024263431542461005,0.0032679738562091504,0.006622516556291391,0.032679738562091505,0.041390728476821195,0.0,0.05374592833876222,0.057488653555219364,0.10526315789473684,0.02664576802507837,0.01597444089456869,0.08250825082508251,0.06842105263157895,0.040268456375838924
2017,1,9,prevalence,0.004942339373970346,0.12121212121212122,0.3384615384615385,0.0,0.01098901098901099,0.0,0.033386327503974564,0.0016155088852988692,0.0,0.0,0.001594896331738437,0.003395585738539898,0.03361344537815126,0.053833605220228384,0.006299212598425197,0.0034782608695652175,0.0015360983102918587,0.008038585209003215,0.021035598705501618,0.029940119760479042,0.026397515527950312,0.004629629629629629,0.047619047619047616,0.07479674796747968,0.0224,0.038461538461538464,0.02377179080824089,0.016541353383458645,0.03715670436187399,0.07275541795665634,0.0016025641025641025,0.01524390243902439,0.0464,0.06456692913385827,0.019230769230769232,0.016420361247947456,0.020700636942675158,0.06549520766773163,0.0,0.001519756838905775,0.0,0.02365930599369085,0.0033277870216306157,0.03431372549019608,0.11698717948717949,0.02768729641693811,0.06047197640117994,0.07371794871794872,0.07371794871794872,0.0448,0.0,0.07903225806451612,0.021705426356589147,0.05016181229773463,0.004746835443037975,0.03827751196172249,0.0015432098765432098,0.10231023102310231,0.05448717948717949,0.04674457429048414,0.15146831530139104,0.1206896551724138,0.0,0.07653910149750416,0.015625,0.0016181229773462784,0.0015503875968992248,0.07283763277693475,0.1686541737649063,0.03782894736842105,0.04376012965964344,0.05314009661835749,0.0,0.006289308176100629,0.01579778830963665,0.026113671274961597,0.0016051364365971107,0.027914614121510674,0.05970149253731343,0.035256410256410256,0.035256410256410256,0.0016611295681063123,0.0016155088852988692,0.0015220700152207,0.0032258064516129032,0.06591639871382636,0.01300578034682081,0.08575803981623277,0.19141914191419143,0.018302828618968387,0.0698051948051948,0.03758169934640523,0.02861952861952862,0.15421303656597773,0.0015479876160990713,0.030448717948717948,0.09046052631578948,0.03803486529318542,0.0189328743545611,0.02936378466557912,0.0,0.0,0.050393700787401574,0.003316749585406302,0.13486842105263158,0.016717325227963525,0.03054662379421222,0.017770597738287562,0.024691358024691357,0.004830917874396135,0.06583072100313479,0.010670731707317074,0.04416403785488959,0.052884615384615384,0.013136288998357963,0.08280254777070063,0.04128440366972477,0.026622296173044926,0.028346456692913385,0.01461038961038961,0.027463651050080775,0.06288343558282208,0.01557632398753894,0.004909983633387889,0.06418918918918919,0.010471204188481676,0.011235955056179775,0.003205128205128205,0.040955631399317405,0.01680672268907563,0.04862236628849271,0.0,0.025889967637540454,0.06752411575562701,0.053691275167785234,0.06466876971608833,0.04019292604501608,0.009433962264150943,0.14467408585055644,0.0,0.02622950819672131,0.06135986733001658,0.15333333333333332,0.0,0.04107424960505529,0.03474320241691843,0.029654036243822075,0.023255813953488372,0.06965174129353234,0.008445945945945946,0.007861635220125786,0.00644122383252818,0.12111801242236025,0.026058631921824105,0.0,0.1689497716894977,0.005008347245409015,0.003129890453834116,0.004672897196261682,0.0589171974522293,0.04778156996587031,0.01468189233278956,0.03273322422258593,0.0016556291390728477,0.039538714991762765,0.0392156862745098,0.13745704467353953,0.025518341307814992,0.01335559265442404,0.13672496025437203,0.006269592476489028,0.016666666666666666,0.0016891891891891893,0.125,0.0016155088852988692,0.05958132045088567,0.1616,0.006779661016949152,0.014285714285714285,0.03289473684210526,0.0015873015873015873,0.05701078582434515,0.10317460317460317,0.025848142164781908,0.05042016806722689,0.0167427701674277,0.01730103806228374,0.0016155088852988692,0.004846526655896607,0.03125,0.04333868378812199,0.0,0.09076175040518639,0.056074766355140186,0.08762886597938144,0.03912363067292645,0.020569620253164556,0.07305194805194805,0.0979381443298969,0.0391156462585034
2018,1,9,prevalence,0.0065252854812398045,0.11587301587301588,0.35276532137518685,0.0,0.008183306055646482,0.0,0.049079754601226995,0.0016233766233766235,0.0,0.0,0.0,0.00505902192242833,0.01309328968903437,0.05245901639344262,0.006309148264984227,0.0034423407917383822,0.0015625,0.0,0.019077901430842606,0.03129657228017884,0.020249221183800622,0.015503875968992248,0.04258675078864353,0.08401976935749589,0.03278688524590164,0.03508771929824561,0.0218408736349454,0.02450229709035222,0.02086677367576244,0.08662613981762918,0.0016,0.006051437216338881,0.03622047244094488,0.06531881804043546,0.02247191011235955,0.02356902356902357,0.01225114854517611,0.0991869918699187,0.0,0.0015220700152207,0.0,0.0219435736677116,0.009868421052631578,0.01757188498402556,0.104,0.03145695364238411,0.04134762633996937,0.08319738988580751,0.08319738988580751,0.022690437601296597,0.0,0.0944,0.02066772655007949,0.0686427457098284,0.0032310177705977385,0.05778491171749599,0.0015408320493066256,0.12762520193861066,0.06103286384976526,0.04983388704318937,0.2138364779874214,0.10443037974683544,0.0016501650165016502,0.07947019867549669,0.007961783439490446,0.0032,0.0015527950310559005,0.07961783439490445,0.22586206896551725,0.02385008517887564,0.014634146341463415,0.03508771929824561,0.0,0.01866251944012442,0.014469453376205787,0.041990668740279936,0.003215434083601286,0.00825082508250825,0.07166666666666667,0.038523274478330656,0.06408094435075885,0.0031645569620253164,0.0032626427406199023,0.0,0.0016501650165016502,0.08598726114649681,0.010432190760059613,0.07846153846153846,0.14285714285714285,0.022653721682847898,0.07166123778501629,0.05271828665568369,0.02671118530884808,0.14331210191082802,0.0015723270440251573,0.02,0.07855973813420622,0.031201248049921998,0.019130434782608695,0.02527646129541864,0.0,0.0,0.04595879556259905,0.0031645569620253164,0.1485148514851485,0.029921259842519685,0.021172638436482084,0.029801324503311258,0.013910355486862442,0.0015873015873015873,0.08373590982286634,0.0136986301369863,0.04566929133858268,0.059375,0.01129032258064516,0.06698564593301436,0.05666156202143951,0.03833333333333333,0.0096,0.018867924528301886,0.02403846153846154,0.07906976744186046,0.008,0.011456628477905073,0.05098684210526316,0.020168067226890758,0.004792332268370607,0.0031847133757961785,0.06060606060606061,0.008237232289950576,0.028380634390651086,0.0,0.022950819672131147,0.0624,0.03898305084745763,0.056,0.020537124802527645,0.007886435331230283,0.16692426584234932,0.0,0.013179571663920923,0.0392156862745098,0.13764510779436154,0.0015060240963855422,0.0272,0.02511773940345369,0.015151515151515152,0.024671052631578948,0.0859106529209622,0.00338409475465313,0.008,0.003246753246753247,0.10256410256410256,0.03376205787781351,0.0,0.17511520737327188,0.008319467554076539,0.00315955766192733,0.003134796238244514,0.037096774193548385,0.06799336650082918,0.01938610662358643,0.054858934169279,0.001658374792703151,0.04071661237785016,0.03858520900321544,0.19,0.02593192868719611,0.006420545746388443,0.11251980982567353,0.003115264797507788,0.016129032258064516,0.00333889816360601,0.17478991596638654,0.003246753246753247,0.1111111111111111,0.21129032258064517,0.008605851979345954,0.014423076923076924,0.02707275803722504,0.001589825119236884,0.09020217729393468,0.09433962264150944,0.0210016155088853,0.03642384105960265,0.013293943870014771,0.016863406408094434,0.009787928221859706,0.0032258064516129032,0.020700636942675158,0.03776683087027915,0.0,0.18760195758564438,0.05591054313099041,0.07450331125827815,0.039619651347068144,0.02050473186119874,0.04304635761589404,0.09183673469387756,0.04013377926421405
2019,1,9,prevalence,0.003205128205128205,0.14263074484944532,0.25118483412322273,0.0,0.009868421052631578,0.0015527950310559005,0.06230031948881789,0.0016313213703099511,0.0,0.0,0.0,0.003316749585406302,0.011666666666666667,0.07166123778501629,0.004807692307692308,0.003289473684210526,0.001589825119236884,0.0,0.011326860841423949,0.029542097488921712,0.02009273570324575,0.006389776357827476,0.04404567699836868,0.13106796116504854,0.049019607843137254,0.019543973941368076,0.018404907975460124,0.03184713375796178,0.012965964343598054,0.0790273556231003,0.0,0.00625,0.012718600953895072,0.06969205834683954,0.014285714285714285,0.04020100502512563,0.010869565217391304,0.11551155115511551,0.0,0.0015105740181268882,0.0,0.03064516129032258,0.006791171477079796,0.006369426751592357,0.13987138263665594,0.04975124378109453,0.0375,0.09951060358890701,0.09951060358890701,0.006493506493506494,0.0,0.08503937007874016,0.017241379310344827,0.07836990595611286,0.014218009478672985,0.0673076923076923,0.0015772870662460567,0.12956810631229235,0.07384615384615385,0.05342237061769616,0.17197452229299362,0.09523809523809523,0.0032679738562091504,0.09404388714733543,0.012903225806451613,0.007836990595611285,0.0,0.0706436420722135,0.24567474048442905,0.03236797274275979,0.011419249592169658,0.037037037037037035,0.0,0.0189873417721519,0.007974481658692184,0.04538341158059468,0.004807692307692308,0.006578947368421052,0.12333333333333334,0.05669291338582677,0.060240963855421686,0.0031746031746031746,0.003395585738539898,0.0,0.0,0.08878504672897196,0.00911854103343465,0.07547169811320754,0.1309328968903437,0.010769230769230769,0.04918032786885246,0.029315960912052116,0.03,0.14539579967689822,0.0016233766233766235,0.01929260450160772,0.05144694533762058,0.045454545454545456,0.007155635062611807,0.031746031746031744,0.0,0.0,0.04792332268370607,0.0016339869281045752,0.17763157894736842,0.0192,0.03739837398373984,0.030303030303030304,0.02,0.0015723270440251573,0.15422077922077923,0.022900763358778626,0.01579778830963665,0.054628224582701064,0.008305647840531562,0.03785488958990536,0.08841463414634146,0.04297520661157025,0.0031201248049922,0.03571428571428571,0.026058631921824105,0.10454545454545454,0.0093603744149766,0.005128205128205128,0.05245901639344262,0.025041736227045076,0.0015698587127158557,0.0016420361247947454,0.040955631399317405,0.008361204013377926,0.03177257525083612,0.0,0.017857142857142856,0.06614173228346457,0.06010016694490818,0.06942148760330578,0.03307086614173228,0.012441679626749611,0.1296875,0.0,0.02337228714524207,0.05263157894736842,0.1134185303514377,0.0,0.020967741935483872,0.009389671361502348,0.008319467554076539,0.0176,0.0831889081455806,0.0,0.012738853503184714,0.0016025641025641025,0.07009345794392523,0.05348460291734198,0.0,0.17220543806646527,0.01485148514851485,0.0015479876160990713,0.006430868167202572,0.04118616144975288,0.06645056726094004,0.016339869281045753,0.07814992025518341,0.0016863406408094434,0.03789126853377265,0.035256410256410256,0.2192,0.018032786885245903,0.003189792663476874,0.0865533230293663,0.0030534351145038168,0.01824212271973466,0.0,0.15630252100840336,0.003205128205128205,0.1396103896103896,0.20888157894736842,0.011945392491467578,0.005025125628140704,0.03442340791738382,0.0016181229773462784,0.10328638497652583,0.08990536277602523,0.039603960396039604,0.043478260869565216,0.01639344262295082,0.03531300160513644,0.00825082508250825,0.00966183574879227,0.032507739938080496,0.028380634390651086,0.0,0.271523178807947,0.0698051948051948,0.06925675675675676,0.05,0.01461038961038961,0.059800664451827246,0.07872696817420435,0.052545155993431854
2020,1,9,prevalence,0.0016286644951140066,0.16878980891719744,0.19682539682539682,0.0,0.011254019292604502,0.003134796238244514,0.06031746031746032,0.0,0.0,0.0,0.0,0.003194888178913738,0.008278145695364239,0.047933884297520664,0.0032258064516129032,0.004846526655896607,0.0,0.0,0.01751592356687898,0.03731343283582089,0.00916030534351145,0.004846526655896607,0.044407894736842105,0.11456628477905073,0.053833605220228384,0.004846526655896607,0.018518518518518517,0.019138755980861243,0.016129032258064516,0.07109737248840804,0.0,0.0030120481927710845,0.012678288431061807,0.07885906040268456,0.008012820512820512,0.03715670436187399,0.004739336492890996,0.08006814310051108,0.001564945226917058,0.0015037593984962407,0.001658374792703151,0.02332814930015552,0.008547008547008548,0.009433962264150943,0.12277867528271405,0.05672609400324149,0.021439509954058193,0.1605960264900662,0.1605960264900662,0.013029315960912053,0.0016260162601626016,0.056910569105691054,0.004694835680751174,0.11867088607594936,0.009375,0.07177033492822966,0.0015698587127158557,0.15270935960591134,0.0671875,0.05853658536585366,0.1761827079934747,0.14645669291338584,0.0032626427406199023,0.12093023255813953,0.01935483870967742,0.02531645569620253,0.0,0.07006369426751592,0.20418848167539266,0.06301824212271974,0.00482315112540193,0.02768729641693811,0.0,0.03903903903903904,0.0032679738562091504,0.03508771929824561,0.013136288998357963,0.008305647840531562,0.12965964343598055,0.03779527559055118,0.05902192242833052,0.0046439628482972135,0.003401360544217687,0.0,0.0016638935108153079,0.08018867924528301,0.001519756838905775,0.07911392405063292,0.12398042414355628,0.023291925465838508,0.036065573770491806,0.0491283676703645,0.016611295681063124,0.12087912087912088,0.001644736842105263,0.021487603305785124,0.03571428571428571,0.07476635514018691,0.01584507042253521,0.03821656050955414,0.0,0.0,0.03425774877650897,0.0016339869281045752,0.14424635332252836,0.006309148264984227,0.0432,0.026578073089700997,0.018575851393188854,0.0031007751937984496,0.14754098360655737,0.021638330757341576,0.02768729641693811,0.0514820592823713,0.014950166112956811,0.024115755627009645,0.08482871125611746,0.04213938411669368,0.0015822784810126582,0.041666666666666664,0.02152317880794702,0.12195121951219512,0.00782472613458529,0.001692047377326565,0.03316749585406302,0.027868852459016394,0.0,0.0,0.028145695364238412,0.006369426751592357,0.035897435897435895,0.0,0.00966183574879227,0.06477093206951026,0.08347245409015025,0.06776859504132231,0.0483619344773791,0.01866251944012442,0.1078125,0.0,0.016835016835016835,0.032520325203252036,0.07017543859649122,0.0,0.013289036544850499,0.0125,0.011182108626198083,0.0066555740432612314,0.0865874363327674,0.0,0.017107309486780714,0.0,0.07108239095315025,0.06525285481239804,0.0,0.14837712519319937,0.015,0.0030441400304414,0.014423076923076924,0.03442622950819672,0.08240887480190175,0.008264462809917356,0.10015649452269171,0.0,0.01938610662358643,0.02280130293159609,0.2108626198083067,0.027552674230145867,0.0032310177705977385,0.06646525679758308,0.0,0.013422818791946308,0.0,0.19934102141680396,0.001594896331738437,0.15245901639344261,0.2119205298013245,0.006825938566552901,0.01839464882943144,0.052364864864864864,0.0016260162601626016,0.12913385826771653,0.0953125,0.048465266558966075,0.035,0.02262443438914027,0.02576489533011272,0.01951219512195122,0.009569377990430622,0.029411764705882353,0.01779935275080906,0.0,0.27740863787375414,0.06935483870967742,0.05227655986509275,0.059654631083202514,0.008025682182985553,0.058919803600654665,0.057096247960848286,0.05564387917329094
2021,1,9,prevalence,0.0016233766233766235,0.15955766192733017,0.14173228346456693,0.0,0.00819672131147541,0.0031746031746031746,0.0746031746031746,0.0,0.0,0.0,0.0,0.0031545741324921135,0.008090614886731391,0.03305785123966942,0.004893964110929853,0.0031496062992125984,0.0016750418760469012,0.0017123287671232876,0.02457757296466974,0.03903903903903904,0.008928571428571428,0.0016366612111292963,0.035830618892508145,0.09888357256778309,0.04213938411669368,0.0128,0.02262443438914027,0.0176,0.018779342723004695,0.07692307692307693,0.0,0.0121765601217656,0.006462035541195477,0.10552763819095477,0.006289308176100629,0.024793388429752067,0.0031201248049922,0.07032590051457976,0.001557632398753894,0.001524390243902439,0.0016420361247947454,0.03554868624420402,0.0050335570469798654,0.0015552099533437014,0.10897435897435898,0.03349282296650718,0.01228878648233487,0.17096774193548386,0.17096774193548386,0.024469820554649267,0.0016366612111292963,0.06403940886699508,0.009419152276295133,0.12116316639741519,0.0110062893081761,0.06836248012718601,0.0,0.1390728476821192,0.07042253521126761,0.05993690851735016,0.18108974358974358,0.14626391096979333,0.0032679738562091504,0.11635220125786164,0.026771653543307086,0.03035143769968051,0.0,0.06201550387596899,0.17217391304347826,0.06418918918918919,0.0046801872074883,0.030894308943089432,0.0,0.02865761689291101,0.006462035541195477,0.03260869565217391,0.012903225806451613,0.0016207455429497568,0.16108452950558214,0.03715170278637771,0.0657672849915683,0.01848998459167951,0.0017006802721088435,0.0,0.006688963210702341,0.09567901234567901,0.0015082956259426848,0.0915032679738562,0.12091503267973856,0.029895366218236172,0.023140495867768594,0.06200317965023847,0.014657980456026058,0.14356435643564355,0.0016339869281045752,0.011608623548922056,0.030894308943089432,0.11059190031152648,0.013793103448275862,0.0304,0.001652892561983471,0.0,0.020168067226890758,0.00338409475465313,0.11869918699186992,0.006493506493506494,0.03594771241830065,0.028985507246376812,0.01282051282051282,0.0031545741324921135,0.1513157894736842,0.019490254872563718,0.02471169686985173,0.045171339563862926,0.014975041597337771,0.017107309486780714,0.06879194630872483,0.02945736434108527,0.0,0.056338028169014086,0.013490725126475547,0.1614420062695925,0.012441679626749611,0.003395585738539898,0.03376205787781351,0.027552674230145867,0.0,0.0049586776859504135,0.03064516129032258,0.003205128205128205,0.02533783783783784,0.0,0.011400651465798045,0.05705229793977813,0.07432432432432433,0.07575757575757576,0.050156739811912224,0.02040816326530612,0.09409888357256778,0.0,0.014975041597337771,0.03459637561779242,0.04716981132075472,0.0,0.017973856209150325,0.015748031496062992,0.009630818619582664,0.0,0.08089500860585198,0.0,0.015384615384615385,0.0,0.06782334384858044,0.06190476190476191,0.0,0.09597523219814241,0.006472491909385114,0.0014992503748125937,0.024311183144246355,0.024271844660194174,0.09872611464968153,0.011589403973509934,0.12401883830455258,0.0,0.009819967266775777,0.013910355486862442,0.183739837398374,0.049679487179487176,0.0016181229773462784,0.08307692307692308,0.0,0.0210016155088853,0.001658374792703151,0.21568627450980393,0.001658374792703151,0.1414790996784566,0.19736842105263158,0.009983361064891847,0.00847457627118644,0.05619834710743802,0.0,0.13658536585365855,0.0888208269525268,0.06329113924050633,0.023178807947019868,0.013761467889908258,0.012903225806451613,0.01984732824427481,0.014240506329113924,0.037209302325581395,0.027463651050080775,0.0,0.2413793103448276,0.05186385737439222,0.051666666666666666,0.06842923794712286,0.003189792663476874,0.08514190317195326,0.05654281098546042,0.07646176911544228
2022,1,9,prevalence,0.0016260162601626016,0.13628899835796388,0.093603744149766,0.0015552099533437014,0.011326860841423949,0.003305785123966942,0.07431340872374798,0.0016051364365971107,0.0,0.0,0.0,0.0031746031746031746,0.004807692307692308,0.037520391517128875,0.004885993485342019,0.003134796238244514,0.0016420361247947454,0.0016806722689075631,0.0093603744149766,0.024464831804281346,0.004524886877828055,0.0016778523489932886,0.04091653027823241,0.09206349206349207,0.040453074433656956,0.014354066985645933,0.01687116564417178,0.026016260162601626,0.012461059190031152,0.07931570762052877,0.0,0.0045871559633027525,0.011217948717948718,0.11683848797250859,0.0015923566878980893,0.0128,0.003134796238244514,0.06688963210702341,0.0015360983102918587,0.0,0.0017152658662092624,0.037914691943127965,0.005110732538330494,0.004573170731707317,0.10416666666666667,0.03542673107890499,0.014018691588785047,0.18167202572347266,0.18167202572347266,0.025510204081632654,0.0016611295681063123,0.08278145695364239,0.015625,0.16501650165016502,0.006191950464396285,0.05778491171749599,0.0016181229773462784,0.1297208538587849,0.05727554179566564,0.0706436420722135,0.1600609756097561,0.14539579967689822,0.003289473684210526,0.08950617283950617,0.023547880690737835,0.02066772655007949,0.0,0.040310077519379844,0.1408695652173913,0.060755336617405585,0.0015772870662460567,0.04012841091492777,0.0,0.041666666666666664,0.012718600953895072,0.0436817472698908,0.011419249592169658,0.0016155088852988692,0.15220949263502456,0.027777777777777776,0.06020066889632107,0.0171875,0.001697792869269949,0.0,0.006472491909385114,0.08695652173913043,0.0015455950540958269,0.06688963210702341,0.11092985318107668,0.03417533432392273,0.018302828618968387,0.09335443037974683,0.014331210191082803,0.08439490445859872,0.0033003300330033004,0.009917355371900827,0.033707865168539325,0.11812297734627832,0.010416666666666666,0.02800658978583196,0.001669449081803005,0.0,0.03166666666666667,0.0017064846416382253,0.08412698412698413,0.00667779632721202,0.04983922829581994,0.041050903119868636,0.00964630225080386,0.003115264797507788,0.16555183946488294,0.03463855421686747,0.013223140495867768,0.060092449922958396,0.01631321370309951,0.004754358161648178,0.07105719237435008,0.045813586097946286,0.0,0.0374414976599064,0.011884550084889643,0.15653495440729484,0.0109375,0.0034129692832764505,0.032520325203252036,0.019769357495881382,0.0015923566878980893,0.0033003300330033004,0.03179650238473768,0.0016181229773462784,0.028145695364238412,0.0,0.012903225806451613,0.025,0.09539473684210527,0.05472636815920398,0.04451510333863275,0.0176,0.10094637223974763,0.0,0.01631321370309951,0.026533996683250415,0.07667731629392971,0.0,0.017133956386292833,0.007587253414264037,0.007704160246533128,0.010101010101010102,0.08644067796610169,0.0015873015873015873,0.011023622047244094,0.0,0.03164556962025317,0.0641025641025641,0.0,0.09733124018838304,0.011128775834658187,0.0015408320493066256,0.024875621890547265,0.024630541871921183,0.1573208722741433,0.004807692307692308,0.11624203821656051,0.0,0.0033112582781456954,0.020537124802527645,0.1547049441786284,0.06862745098039216,0.001610305958132045,0.055130168453292494,0.0,0.019230769230769232,0.006600660066006601,0.19701986754966888,0.0016155088852988692,0.15654952076677317,0.15146579804560262,0.009884678747940691,0.0017094017094017094,0.05331179321486268,0.0,0.10897435897435898,0.10401188707280833,0.05221518987341772,0.04074702886247878,0.006144393241167435,0.011111111111111112,0.007656967840735069,0.0093603744149766,0.03169572107765452,0.0214168039538715,0.0,0.2003338898163606,0.07305194805194805,0.052100840336134456,0.06521739130434782,0.011182108626198083,0.09433962264150944,0.06593406593406594,0.06554878048780488
2023,1,9,prevalence,0.0015625,0.13964686998394862,0.06763285024154589,0.0015552099533437014,0.014634146341463415,0.003289473684210526,0.07062600321027288,0.0032626427406199023,0.0,0.0,0.0015290519877675841,0.0015698587127158557,0.0031397174254317113,0.05845181674565561,0.0032679738562091504,0.0015503875968992248,0.0016835016835016834,0.0016806722689075631,0.013392857142857142,0.02177293934681182,0.0015552099533437014,0.0016722408026755853,0.03908794788273615,0.0749185667752443,0.04552590266875981,0.011382113821138212,0.009508716323296355,0.030944625407166124,0.01228878648233487,0.064,0.0,0.0015600624024961,0.00974025974025974,0.13020833333333334,0.003278688524590164,0.015873015873015872,0.011023622047244094,0.08623548922056384,0.0015455950540958269,0.0,0.001694915254237288,0.0203125,0.0033500837520938024,0.0243161094224924,0.10708661417322834,0.028616852146263912,0.011075949367088608,0.18354430379746836,0.18354430379746836,0.01694915254237288,0.005008347245409015,0.07865168539325842,0.031446540880503145,0.15789473684210525,0.0196078431372549,0.046849757673667204,0.0,0.125,0.03903903903903904,0.05271828665568369,0.1232876712328767,0.08607198748043818,0.0015723270440251573,0.07951070336391437,0.006220839813374806,0.0109717868338558,0.0,0.06060606060606061,0.11205432937181664,0.05747126436781609,0.0,0.04426229508196721,0.0,0.058734939759036146,0.022617124394184167,0.03987730061349693,0.008103727714748784,0.0,0.18600953895071543,0.03840245775729647,0.059800664451827246,0.02627511591962906,0.0017152658662092624,0.0015384615384615385,0.009771986970684038,0.09419152276295134,0.0015698587127158557,0.0587248322147651,0.07846410684474124,0.02635431918008785,0.016666666666666666,0.06497622820919176,0.012759170653907496,0.07371794871794872,0.0016806722689075631,0.006756756756756757,0.035058430717863104,0.1291866028708134,0.0017421602787456446,0.038525963149078725,0.001718213058419244,0.0,0.03035413153456998,0.0,0.06446540880503145,0.005042016806722689,0.0372168284789644,0.041390728476821195,0.007936507936507936,0.0031645569620253164,0.1815068493150685,0.05421686746987952,0.011725293132328308,0.07004470938897168,0.008169934640522876,0.0031007751937984496,0.03866432337434095,0.04075235109717868,0.0,0.04807692307692308,0.00980392156862745,0.17151607963246554,0.0031201248049922,0.00505902192242833,0.01889763779527559,0.014423076923076924,0.0032679738562091504,0.0015625,0.04126984126984127,0.003179650238473768,0.02471169686985173,0.0,0.008012820512820512,0.015625,0.09313725490196079,0.0698051948051948,0.046251993620414676,0.012987012987012988,0.09193548387096774,0.0016556291390728477,0.011904761904761904,0.04588607594936709,0.07418856259659969,0.0,0.009287925696594427,0.0015600624024961,0.004622496147919877,0.010101010101010102,0.1153184165232358,0.0015527950310559005,0.004702194357366771,0.0,0.030257186081694403,0.08387096774193549,0.0,0.06635071090047394,0.015723270440251572,0.001524390243902439,0.021630615640599003,0.02459016393442623,0.19444444444444445,0.0031645569620253164,0.13990461049284578,0.0,0.0,0.030844155844155844,0.13076923076923078,0.07003257328990228,0.0,0.06491499227202473,0.0,0.009708737864077669,0.006622516556291391,0.19344262295081968,0.001658374792703151,0.09682539682539683,0.10593900481540931,0.0032626427406199023,0.008680555555555556,0.05396825396825397,0.0017094017094017094,0.12755905511811025,0.10692771084337349,0.05642633228840126,0.041379310344827586,0.0015082956259426848,0.006339144215530904,0.004658385093167702,0.006259780907668232,0.03680981595092025,0.024390243902439025,0.0,0.17229729729729729,0.08552631578947369,0.04180602006688963,0.056818181818181816,0.02384737678855326,0.11037891268533773,0.09105180533751962,0.08054711246200608
2024,1,9,prevalence,0.0015220700152207,0.13987138263665594,0.09180327868852459,0.0015432098765432098,0.06699346405228758,0.003289473684210526,0.08223684210526316,0.004862236628849271,0.0,0.0,0.003076923076923077,0.0,0.0030303030303030303,0.05434782608695652,0.0032310177705977385,0.0,0.001644736842105263,0.0017035775127768314,0.027565084226646247,0.02332814930015552,0.009478672985781991,0.0016420361247947454,0.0368,0.090311986863711,0.04251968503937008,0.013136288998357963,0.004878048780487805,0.034161490683229816,0.01910828025477707,0.04205607476635514,0.0,0.0,0.009933774834437087,0.10286677908937605,0.003189792663476874,0.02106969205834684,0.01129032258064516,0.07293354943273905,0.0015105740181268882,0.0,0.0017331022530329288,0.021604938271604937,0.0,0.039589442815249266,0.06729264475743349,0.0359375,0.012461059190031152,0.1624203821656051,0.1624203821656051,0.020442930153321975,0.005008347245409015,0.048513302034428794,0.0296875,0.1652892561983471,0.021671826625386997,0.03129890453834116,0.0,0.09046849757673667,0.03508771929824561,0.0473186119873817,0.15088757396449703,0.08163265306122448,0.0015625,0.08258258258258258,0.0109375,0.01615508885298869,0.0,0.06481481481481481,0.0905982905982906,0.03471074380165289,0.0,0.050793650793650794,0.0,0.041791044776119404,0.02377179080824089,0.0598159509202454,0.009523809523809525,0.0,0.19902912621359223,0.0380517503805175,0.043973941368078175,0.013846153846153847,0.0034904013961605585,0.0014925373134328358,0.010067114093959731,0.07210031347962383,0.0015552099533437014,0.06260869565217392,0.06700167504187604,0.03543913713405239,0.017152658662092625,0.04043545878693624,0.023178807947019868,0.05608974358974359,0.0016501650165016502,0.008445945945945946,0.0322061191626409,0.09523809523809523,0.005172413793103448,0.019801980198019802,0.0,0.0,0.02533783783783784,0.0,0.07592891760904685,0.0033613445378151263,0.013422818791946308,0.047619047619047616,0.008,0.0016025641025641025,0.16470588235294117,0.05349182763744428,0.015025041736227046,0.061946902654867256,0.00482315112540193,0.0,0.03436426116838488,0.060842433697347896,0.0,0.04107424960505529,0.011363636363636364,0.16174183514774496,0.0015552099533437014,0.003305785123966942,0.010606060606060607,0.01597444089456869,0.008038585209003215,0.0031496062992125984,0.042789223454833596,0.0031201248049922,0.022988505747126436,0.0,0.004665629860031105,0.01848998459167951,0.06752411575562701,0.08306188925081433,0.04938271604938271,0.008223684210526315,0.10679611650485436,0.0,0.005110732538330494,0.031746031746031744,0.07033639143730887,0.0,0.012779552715654952,0.001557632398753894,0.013761467889908258,0.012195121951219513,0.10677966101694915,0.0015037593984962407,0.019448946515397084,0.0,0.024427480916030534,0.06289308176100629,0.0,0.07258064516129033,0.009448818897637795,0.001524390243902439,0.013114754098360656,0.02508361204013378,0.17725258493353027,0.003134796238244514,0.125,0.0015174506828528073,0.0,0.0448,0.09487951807228916,0.0799347471451876,0.0,0.053125,0.0,0.022727272727272728,0.004893964110929853,0.2102728731942215,0.001594896331738437,0.06918238993710692,0.12297734627831715,0.001557632398753894,0.005110732538330494,0.059967585089141004,0.0017241379310344827,0.1321656050955414,0.1044776119402985,0.051643192488262914,0.04852686308492201,0.0,0.009584664536741214,0.009404388714733543,0.00315955766192733,0.026194144838212634,0.03307086614173228,0.0,0.14720812182741116,0.10887772194304858,0.0272,0.05825242718446602,0.03343465045592705,0.10526315789473684,0.07535321821036106,0.09009009009009009
2025,1,9,prevalence,0.0,0.13043478260869565,0.20751633986928106,0.003048780487804878,0.12168486739469579,0.003289473684210526,0.06557377049180328,0.006220839813374806,0.0,0.0,0.0015625,0.0,0.005925925925925926,0.02050473186119874,0.001639344262295082,0.0,0.0,0.0017006802721088435,0.03255813953488372,0.02572347266881029,0.018838304552590265,0.0016155088852988692,0.026813880126182965,0.10403726708074534,0.0848,0.009868421052631578,0.00819672131147541,0.02034428794992175,0.02066772655007949,0.0336,0.0,0.0,0.011437908496732025,0.08207705192629816,0.00967741935483871,0.014492753623188406,0.001589825119236884,0.06867671691792294,0.0015698587127158557,0.003105590062111801,0.0016863406408094434,0.01529051987767584,0.0,0.06146926536731634,0.051364365971107544,0.046296296296296294,0.012698412698412698,0.16773162939297126,0.16773162939297126,0.021922428330522766,0.004966887417218543,0.05384615384615385,0.03135313531353135,0.1872,0.03554868624420402,0.03442879499217527,0.006578947368421052,0.06583072100313479,0.03216374269005848,0.03937007874015748,0.13146233382570163,0.078003120124805,0.0,0.125,0.015600624024960999,0.008116883116883116,0.0,0.08452950558213716,0.11148648648648649,0.03286384976525822,0.0015698587127158557,0.045454545454545456,0.0,0.047407407407407405,0.04133545310015898,0.07119205298013245,0.01589825119236884,0.0031847133757961785,0.1294851794071763,0.05359877488514548,0.0272,0.02050473186119874,0.0017271157167530224,0.0014792899408284023,0.0032948929159802307,0.04952076677316294,0.0,0.05985915492957746,0.05490848585690516,0.04186046511627907,0.018456375838926176,0.018433179723502304,0.021346469622331693,0.05186385737439222,0.001644736842105263,0.0033277870216306157,0.0125,0.10900473933649289,0.010084033613445379,0.013490725126475547,0.0,0.0,0.036605657237936774,0.0,0.07492354740061162,0.00338409475465313,0.0033444816053511705,0.06991869918699187,0.004777070063694267,0.0016051364365971107,0.16838487972508592,0.05100463678516229,0.011456628477905073,0.06959152798789713,0.006379585326953748,0.001519756838905775,0.05843071786310518,0.047619047619047616,0.0016722408026755853,0.03889789303079417,0.014106583072100314,0.13741721854304637,0.0015220700152207,0.005172413793103448,0.0045871559633027525,0.016181229773462782,0.0049504950495049506,0.009389671361502348,0.04272151898734177,0.006144393241167435,0.027642276422764227,0.0015174506828528073,0.003067484662576687,0.0189873417721519,0.0794912559618442,0.08870967741935484,0.05674846625766871,0.01129032258064516,0.11556982343499198,0.0,0.0,0.030864197530864196,0.06006006006006006,0.0,0.004838709677419355,0.0015337423312883436,0.02245508982035928,0.006896551724137931,0.0779436152570481,0.0015384615384615385,0.014802631578947368,0.0,0.03374233128834356,0.08188976377952756,0.0,0.07154213036565978,0.013824884792626729,0.0014970059880239522,0.011456628477905073,0.018333333333333333,0.16053019145802652,0.003115264797507788,0.13029315960912052,0.0,0.0,0.024193548387096774,0.06666666666666667,0.07290015847860538,0.0,0.04326923076923077,0.0,0.03668261562998405,0.004702194357366771,0.1437908496732026,0.0015625,0.06787330316742081,0.10016155088852989,0.0,0.00510204081632653,0.07868852459016394,0.0016778523489932886,0.1648,0.07429420505200594,0.07779578606158834,0.09317803660565724,0.0,0.009404388714733543,0.006299212598425197,0.003169572107765452,0.020155038759689922,0.02531645569620253,0.0,0.13036303630363036,0.0944,0.02247191011235955,0.07188498402555911,0.04054054054054054,0.09235668789808917,0.08253968253968254,0.11846153846153847
