Time,age_start,age_end,measure,draw_0,draw_1,draw_2,draw_3,draw_4,draw_5,draw_6,draw_7,draw_8,draw_9,draw_10,draw_11,draw_12,draw_13,draw_14,draw_15,draw_16,draw_17,draw_18,draw_19,draw_20,draw_21,draw_22,draw_23,draw_24,draw_25,draw_26,draw_27,draw_28,draw_29,draw_30,draw_31,draw_32,draw_33,draw_34,draw_35,draw_36,draw_37,draw_38,draw_39,draw_40,draw_41,draw_42,draw_43,draw_44,draw_45,draw_46,draw_47,draw_48,draw_49,draw_50,draw_51,draw_52,draw_53,draw_54,draw_55,draw_56,draw_57,draw_58,draw_59,draw_60,draw_61,draw_62,draw_63,draw_64,draw_65,draw_66,draw_67,draw_68,draw_69,draw_70,draw_71,draw_72,draw_73,draw_74,draw_75,draw_76,draw_77,draw_78,draw_79,draw_80,draw_81,draw_82,draw_83,draw_84,draw_85,draw_86,draw_87,draw_88,draw_89,draw_90,draw_91,draw_92,draw_93,draw_94,draw_95,draw_96,draw_97,draw_98,draw_99,draw_100,draw_101,draw_102,draw_103,draw_104,draw_105,draw_106,draw_107,draw_108,draw_109,draw_110,draw_111,draw_112,draw_113,draw_114,draw_115,draw_116,draw_117,draw_118,draw_119,draw_120,draw_121,draw_122,draw_123,draw_124,draw_125,draw_126,draw_127,draw_128,draw_129,draw_130,draw_131,draw_132,draw_133,draw_134,draw_135,draw_136,draw_137,draw_138,draw_139,draw_140,draw_141,draw_142,draw_143,draw_144,draw_145,draw_146,draw_147,draw_148,draw_149,draw_150,draw_151,draw_152,draw_153,draw_154,draw_155,draw_156,draw_157,draw_158,draw_159,draw_160,draw_161,draw_162,draw_163,draw_164,draw_165,draw_166,draw_167,draw_168,draw_169,draw_170,draw_171,draw_172,draw_173,draw_174,draw_175,draw_176,draw_177,draw_178,draw_179,draw_180,draw_181,draw_182,draw_183,draw_184,draw_185,draw_186,draw_187,draw_188,draw_189,draw_190,draw_191,draw_192,draw_193,draw_194,draw_195,draw_196,draw_197,draw_198,draw_199
1996,1,9,prevalence,0.0,0.18840579710144928,0.0,0.0031746031746031746,0.0,0.0016051364365971107,0.06446540880503145,0.0,0.0,0.0856269113149847,0.001557632398753894,0.027419354838709678,0.0,0.0016863406408094434,0.0,0.018838304552590265,0.0,0.18140243902439024,0.06741573033707865,0.0029806259314456036,0.0182648401826484,0.04225352112676056,0.0015723270440251573,0.0,0.016591251885369532,0.06135986733001658,0.004709576138147566,0.0015479876160990713,0.0016556291390728477,0.06593406593406594,0.0228310502283105,0.0,0.08463949843260188,0.07532051282051282,0.05053598774885146,0.003110419906687403,0.0030581039755351682,0.008333333333333333,0.0950920245398773,0.07321131447587355,0.0,0.0015479876160990713,0.0,0.021630615640599003,0.0366412213740458,0.03296703296703297,0.045171339563862926,0.001589825119236884,0.0014534883720930232,0.001589825119236884,0.0,0.0,0.0,0.07298136645962733,0.1372854914196568,0.03644314868804665,0.0014577259475218659,0.001607717041800643,0.0,0.04340836012861737,0.0,0.04874213836477988,0.1267387944358578,0.004777070063694267,0.04889589905362776,0.001610305958132045,0.08229813664596274,0.08193979933110368,0.0049586776859504135,0.07020280811232449,0.03614457831325301,0.12808641975308643,0.043478260869565216,0.0947867298578199,0.014950166112956811,0.0015625,0.05674846625766871,0.07987711213517665,0.10397553516819572,0.0015455950540958269,0.0015822784810126582,0.10534351145038168,0.014469453376205787,0.0,0.003189792663476874,0.02050473186119874,0.0,0.0015503875968992248,0.0,0.0,0.0032733224222585926,0.028764805414551606,0.11842105263157894,0.08885542168674698,0.09175738724727839,0.02377179080824089,0.0265210608424337,0.11521418020679468,0.049766718506998445,0.0,0.008130081300813009,0.02601156069364162,0.09841269841269841,0.05601317957166392,0.025295109612141653,0.06666666666666667,0.10610932475884244,0.05263157894736842,0.03968253968253968,0.12227805695142378,0.00782472613458529,0.041401273885350316,0.09618320610687023,0.11682242990654206,0.11485451761102604,0.0061823802163833074,0.083596214511041,0.052552552552552555,0.025295109612141653,0.04806201550387597,0.09433962264150944,0.0096,0.03067484662576687,0.18578352180936994,0.09461663947797716,0.07528641571194762,0.05538922155688623,0.032520325203252036,0.010752688172043012,0.05128205128205128,0.001658374792703151,0.08688783570300158,0.15396825396825398,0.09715242881072027,0.06230031948881789,0.04830917874396135,0.06132075471698113,0.06260575296108291,0.10510948905109489,0.019867549668874173,0.11043872919818457,0.052083333333333336,0.024464831804281346,0.02694136291600634,0.031914893617021274,0.0451505016722408,0.06847133757961783,0.0015037593984962407,0.008012820512820512,0.05409582689335394,0.03761755485893417,0.0,0.05152979066022544,0.022151898734177215,0.01675041876046901,0.0015220700152207,0.030959752321981424,0.05669291338582677,0.08717105263157894,0.04024767801857585,0.06176961602671119,0.004694835680751174,0.06769230769230769,0.08121019108280254,0.04426229508196721,0.01904761904761905,0.019801980198019802,0.0060790273556231,0.1111111111111111,0.007974481658692184,0.07512520868113523,0.0,0.004934210526315789,0.13793103448275862,0.06317411402157165,0.014331210191082803,0.0015174506828528073,0.001579778830963665,0.10776545166402536,0.046104928457869634,0.05128205128205128,0.017857142857142856,0.01188707280832095,0.07774390243902439,0.042682926829268296,0.0202808112324493,0.09647779479326186,0.13500784929356358,0.042692939244663386,0.0350609756097561,0.00473186119873817,0.0124804992199688,0.0282574568288854,0.017915309446254073,0.0,0.0015360983102918587,0.0,0.0,0.13740458015267176,0.07465007776049767
1997,1,9,prevalence,0.0071301247771836,0.23684210526315788,0.0,0.0016286644951140066,0.0,0.0016474464579901153,0.04201680672268908,0.0,0.0,0.0963302752293578,0.0016420361247947454,0.02066772655007949,0.0016233766233766235,0.0,0.0,0.011686143572621035,0.0,0.1488673139158576,0.04918032786885246,0.003105590062111801,0.03286384976525822,0.039936102236421724,0.0016233766233766235,0.0,0.02304147465437788,0.06620209059233449,0.009615384615384616,0.0,0.0017094017094017094,0.042692939244663386,0.03169572107765452,0.0016286644951140066,0.0819935691318328,0.07590759075907591,0.03896103896103896,0.0016420361247947454,0.00482315112540193,0.010582010582010581,0.0544,0.0757825370675453,0.0,0.004846526655896607,0.0,0.03114754098360656,0.03333333333333333,0.012944983818770227,0.050488599348534204,0.001652892561983471,0.0015015015015015015,0.0016286644951140066,0.0,0.0,0.0015723270440251573,0.07131537242472266,0.11589403973509933,0.028963414634146343,0.0015503875968992248,0.0032948929159802307,0.0015337423312883436,0.033112582781456956,0.0,0.051118210862619806,0.14215686274509803,0.0065040650406504065,0.060221870047543584,0.0016366612111292963,0.076158940397351,0.09265734265734266,0.006756756756756757,0.08108108108108109,0.046875,0.15171288743882544,0.0449438202247191,0.09208400646203554,0.0297029702970297,0.0,0.03054662379421222,0.0890302066772655,0.09733124018838304,0.0016233766233766235,0.0016313213703099511,0.12597200622083982,0.015100671140939598,0.0,0.0034542314335060447,0.014634146341463415,0.0,0.0016313213703099511,0.0016286644951140066,0.0,0.0016556291390728477,0.024734982332155476,0.1440677966101695,0.09345794392523364,0.12732919254658384,0.01485148514851485,0.03940886699507389,0.06595092024539877,0.03650793650793651,0.0015625,0.0017006802721088435,0.0239880059970015,0.13170731707317074,0.03372681281618887,0.03103448275862069,0.06965174129353234,0.08717105263157894,0.056105610561056105,0.03739837398373984,0.10896309314586995,0.009345794392523364,0.04582651391162029,0.12044374009508717,0.1184,0.14309210526315788,0.011254019292604502,0.14285714285714285,0.06514657980456026,0.005208333333333333,0.04508856682769726,0.09967845659163987,0.01020408163265306,0.04487179487179487,0.18136439267886856,0.08660130718954248,0.06722689075630252,0.047400611620795105,0.03355704697986577,0.007911392405063292,0.054365733113673806,0.0017241379310344827,0.11234177215189874,0.13946117274167988,0.09777015437392796,0.07049180327868852,0.0868824531516184,0.09872611464968153,0.06756756756756757,0.07692307692307693,0.03430531732418525,0.12980769230769232,0.03442879499217527,0.025396825396825397,0.035058430717863104,0.0304,0.033101045296167246,0.04918032786885246,0.0,0.023140495867768594,0.03782894736842105,0.046849757673667204,0.0016313213703099511,0.05676126878130217,0.024630541871921183,0.015625,0.0015625,0.024,0.05329153605015674,0.06622516556291391,0.06103286384976526,0.037102473498233215,0.0049504950495049506,0.088,0.04778156996587031,0.05272108843537415,0.024916943521594685,0.039723661485319514,0.0031201248049922,0.11645962732919254,0.009836065573770493,0.08034188034188035,0.0017699115044247787,0.004975124378109453,0.15265866209262435,0.08427876823338736,0.016286644951140065,0.0015432098765432098,0.00322061191626409,0.11163522012578617,0.0707395498392283,0.06132075471698113,0.012903225806451613,0.0078125,0.05714285714285714,0.027906976744186046,0.02003338898163606,0.09016393442622951,0.12769485903814262,0.052364864864864864,0.0330188679245283,0.004918032786885246,0.02086677367576244,0.04234527687296417,0.0049833887043189366,0.0,0.007911392405063292,0.0,0.0,0.11942675159235669,0.06935483870967742
1998,1,9,prevalence,0.008865248226950355,0.26480836236933797,0.0,0.0,0.0,0.0015822784810126582,0.05245901639344262,0.0,0.0,0.06726457399103139,0.001652892561983471,0.014950166112956811,0.0032258064516129032,0.0,0.0,0.011764705882352941,0.0016806722689075631,0.1402936378466558,0.037337662337662336,0.0030816640986132513,0.020061728395061727,0.03565640194489465,0.0016722408026755853,0.0,0.019667170953101363,0.06132879045996593,0.0015772870662460567,0.0,0.001697792869269949,0.04071661237785016,0.03453947368421053,0.0016666666666666668,0.07467532467532467,0.09286898839137644,0.0397456279809221,0.0016611295681063123,0.004942339373970346,0.005366726296958855,0.01935483870967742,0.09210526315789473,0.0,0.004862236628849271,0.0,0.032467532467532464,0.03475513428120063,0.0049261083743842365,0.06105610561056106,0.0016313213703099511,0.0,0.0016155088852988692,0.0,0.0,0.001594896331738437,0.06851549755301795,0.09900990099009901,0.027820710973724884,0.0015552099533437014,0.006379585326953748,0.0015479876160990713,0.018302828618968387,0.0,0.03986710963455149,0.12698412698412698,0.017432646592709985,0.06962025316455696,0.001639344262295082,0.08803986710963455,0.07796610169491526,0.009852216748768473,0.0784,0.02358490566037736,0.16805324459234608,0.03286384976525822,0.0765625,0.020967741935483872,0.0,0.011041009463722398,0.11007751937984496,0.0984375,0.0016155088852988692,0.0,0.11023622047244094,0.01192504258943782,0.0,0.006920415224913495,0.01818181818181818,0.0,0.0,0.006514657980456026,0.001658374792703151,0.0032948929159802307,0.018803418803418803,0.14357262103505844,0.08837209302325581,0.11217948717948718,0.012965964343598054,0.07730263157894737,0.045171339563862926,0.04173354735152488,0.0015822784810126582,0.0032733224222585926,0.0406015037593985,0.16474464579901152,0.028333333333333332,0.024793388429752067,0.06643952299829642,0.08552631578947369,0.03425774877650897,0.028985507246376812,0.0797872340425532,0.009389671361502348,0.04361873990306947,0.09886547811993517,0.1464968152866242,0.2180327868852459,0.024311183144246355,0.1470113085621971,0.1301482701812191,0.013793103448275862,0.03889789303079417,0.05970149253731343,0.022452504317789293,0.04234527687296417,0.15666666666666668,0.0589171974522293,0.09562398703403566,0.03374233128834356,0.03270223752151463,0.006299212598425197,0.04492512479201331,0.001652892561983471,0.10845295055821372,0.08466453674121406,0.04658901830282862,0.03668261562998405,0.09965635738831616,0.11827956989247312,0.07947019867549669,0.07053291536050156,0.0313588850174216,0.11661341853035144,0.02926829268292683,0.03715670436187399,0.018518518518518517,0.040783034257748776,0.026845637583892617,0.051666666666666666,0.0,0.02,0.03204047217537943,0.05843071786310518,0.0,0.05660377358490566,0.019077901430842606,0.008503401360544218,0.0015723270440251573,0.02090032154340836,0.037209302325581395,0.05922165820642978,0.060126582278481014,0.0351493848857645,0.003372681281618887,0.14262820512820512,0.07966101694915254,0.06514084507042253,0.033783783783783786,0.06354515050167224,0.0031645569620253164,0.11214953271028037,0.011475409836065573,0.07666666666666666,0.00865051903114187,0.008417508417508417,0.1317157712305026,0.10457516339869281,0.004739336492890996,0.0015267175572519084,0.007974481658692184,0.14540059347181009,0.05778491171749599,0.09195402298850575,0.0032258064516129032,0.0187207488299532,0.05016181229773463,0.010719754977029096,0.013605442176870748,0.0932475884244373,0.11241610738255034,0.10894308943089431,0.04071661237785016,0.006482982171799027,0.024193548387096774,0.05073649754500818,0.003169572107765452,0.0016313213703099511,0.02073365231259968,0.0,0.0,0.12520325203252033,0.05229793977812995
1999,1,9,prevalence,0.022569444444444444,0.2264808362369338,0.0,0.0,0.0,0.0015600624024961,0.03859060402684564,0.0,0.0,0.04685212298682284,0.0016501650165016502,0.02622950819672131,0.0032,0.0,0.0016750418760469012,0.011589403973509934,0.001644736842105263,0.12106135986733002,0.02,0.003125,0.024691358024691357,0.032915360501567396,0.0,0.0,0.027565084226646247,0.059422750424448216,0.0015337423312883436,0.0015432098765432098,0.0,0.028052805280528052,0.039538714991762765,0.001607717041800643,0.08374384236453201,0.04983388704318937,0.03761755485893417,0.0,0.006482982171799027,0.0036101083032490976,0.021207177814029365,0.13781512605042018,0.0,0.015772870662460567,0.0,0.02090032154340836,0.0328125,0.005042016806722689,0.07792207792207792,0.0,0.0,0.0015822784810126582,0.0,0.0,0.00473186119873817,0.07011686143572621,0.1212624584717608,0.037821482602118005,0.001557632398753894,0.006430868167202572,0.0015822784810126582,0.011400651465798045,0.0,0.027823240589198037,0.1,0.01567398119122257,0.0722495894909688,0.0016722408026755853,0.09016393442622951,0.09137931034482759,0.02086677367576244,0.06016260162601626,0.008051529790660225,0.183739837398374,0.0213089802130898,0.06891025641025642,0.009554140127388535,0.0,0.006622516556291391,0.08386075949367089,0.06153846153846154,0.0,0.0,0.1111111111111111,0.012089810017271158,0.0,0.006611570247933884,0.011570247933884297,0.0,0.0,0.006535947712418301,0.0016313213703099511,0.003305785123966942,0.005128205128205128,0.10887772194304858,0.08320493066255778,0.12355848434925865,0.01740506329113924,0.07642276422764227,0.06461538461538462,0.0448,0.001579778830963665,0.008103727714748784,0.04281345565749235,0.18760195758564438,0.039473684210526314,0.02912621359223301,0.06495726495726496,0.09747899159663866,0.0352,0.03559870550161812,0.07876712328767123,0.004784688995215311,0.04492512479201331,0.09935897435897435,0.18699186991869918,0.2019704433497537,0.019417475728155338,0.15434083601286175,0.1254071661237785,0.01669449081803005,0.028333333333333332,0.06115702479338843,0.020168067226890758,0.029459901800327332,0.10894308943089431,0.054635761589403975,0.09819967266775777,0.03486529318541997,0.02413793103448276,0.006279434850863423,0.04508856682769726,0.004909983633387889,0.0768,0.06677524429967427,0.02385008517887564,0.025196850393700787,0.08304498269896193,0.08012326656394453,0.10344827586206896,0.05714285714285714,0.030874785591766724,0.10855263157894737,0.03064516129032258,0.02922077922077922,0.015126050420168067,0.018456375838926176,0.03361344537815126,0.05140961857379768,0.0,0.025510204081632654,0.0576271186440678,0.04582651391162029,0.0,0.051839464882943144,0.02050473186119874,0.027303754266211604,0.0015822784810126582,0.0214168039538715,0.02021772939346812,0.04159733777038269,0.04945904173106646,0.04047217537942664,0.003430531732418525,0.18821603927986907,0.0547945205479452,0.1001727115716753,0.03130148270181219,0.08571428571428572,0.0016051364365971107,0.14563106796116504,0.013008130081300813,0.07394957983193277,0.003436426116838488,0.014925373134328358,0.09913043478260869,0.10423452768729642,0.0016474464579901153,0.0015455950540958269,0.0032679738562091504,0.13293051359516617,0.05844155844155844,0.09060955518945635,0.006269592476489028,0.03286384976525822,0.032948929159802305,0.02465331278890601,0.0156794425087108,0.06589785831960461,0.10344827586206896,0.12317666126418152,0.03387096774193549,0.0016155088852988692,0.030254777070063694,0.041254125412541254,0.009615384615384616,0.0016207455429497568,0.022653721682847898,0.0,0.0016181229773462784,0.10378912685337727,0.0496
2000,1,9,prevalence,0.02385008517887564,0.1888111888111888,0.0,0.0,0.0,0.0,0.026936026936026935,0.0016286644951140066,0.0,0.06427503736920777,0.0016025641025641025,0.03414634146341464,0.0030721966205837174,0.0,0.003215434083601286,0.005016722408026756,0.0,0.1518578352180937,0.028892455858747994,0.003048780487804878,0.0336,0.055130168453292494,0.0,0.0,0.03110419906687403,0.07807308970099668,0.004497751124437781,0.001524390243902439,0.0,0.03464566929133858,0.04433497536945813,0.003284072249589491,0.06188925081433225,0.03486529318541997,0.03354632587859425,0.0,0.006734006734006734,0.005263157894736842,0.02106969205834684,0.1254071661237785,0.0,0.0128,0.0,0.017713365539452495,0.02702702702702703,0.008532423208191127,0.09621451104100946,0.0,0.0,0.001658374792703151,0.0,0.0016420361247947454,0.004901960784313725,0.057755775577557754,0.07617504051863858,0.03538461538461538,0.0015151515151515152,0.003179650238473768,0.003236245954692557,0.011513157894736841,0.0,0.011075949367088608,0.06389776357827476,0.011345218800648298,0.05457463884430177,0.0016233766233766235,0.08445945945945946,0.11186440677966102,0.040453074433656956,0.05221518987341772,0.01929260450160772,0.1596774193548387,0.022590361445783132,0.06132075471698113,0.014040561622464899,0.0,0.01288244766505636,0.0672,0.0592,0.0,0.0016339869281045752,0.0904836193447738,0.011884550084889643,0.0,0.004918032786885246,0.00510204081632653,0.0045385779122541605,0.0,0.0049261083743842365,0.0032948929159802307,0.0033277870216306157,0.0017452006980802793,0.13344887348353554,0.0935483870967742,0.11037891268533773,0.011146496815286623,0.09001636661211129,0.036334913112164295,0.0336,0.001584786053882726,0.0049586776859504135,0.02996845425867508,0.1650485436893204,0.06539074960127592,0.051118210862619806,0.0958904109589041,0.090311986863711,0.04019292604501608,0.08166666666666667,0.09734513274336283,0.004601226993865031,0.0451505016722408,0.09165302782324058,0.17017828200972449,0.13983739837398373,0.022838499184339316,0.15873015873015872,0.09609120521172639,0.018092105263157895,0.030664395229982964,0.03945111492281304,0.01020408163265306,0.03152364273204904,0.08892617449664429,0.060995184590690206,0.10754414125200643,0.028892455858747994,0.035650623885918005,0.004484304932735426,0.04738562091503268,0.004885993485342019,0.0609375,0.04628099173553719,0.030874785591766724,0.017713365539452495,0.06655574043261231,0.09375,0.11423841059602649,0.04451510333863275,0.037162162162162164,0.08427876823338736,0.03627760252365931,0.027823240589198037,0.01794453507340946,0.020654044750430294,0.05098684210526316,0.0864600326264274,0.0,0.03966942148760331,0.05102040816326531,0.048252911813643926,0.0,0.08089500860585198,0.0288,0.03904923599320883,0.0,0.05057096247960848,0.024615384615384615,0.02258064516129032,0.0397456279809221,0.025728987993138937,0.006932409012131715,0.24006622516556292,0.06153846153846154,0.05695142378559464,0.04462809917355372,0.10726072607260725,0.001597444089456869,0.15584415584415584,0.004739336492890996,0.04865771812080537,0.003367003367003367,0.02023608768971332,0.09913043478260869,0.16039279869067102,0.006568144499178982,0.001607717041800643,0.007763975155279503,0.12613981762917933,0.09090909090909091,0.09344262295081968,0.009478672985781991,0.06477093206951026,0.023255813953488372,0.03622047244094488,0.012089810017271158,0.061788617886178863,0.11276948590381426,0.1323283082077052,0.046052631578947366,0.0,0.0109204368174727,0.03035143769968051,0.013311148086522463,0.0016051364365971107,0.02138157894736842,0.0,0.0030959752321981426,0.13957307060755336,0.04146730462519936
2001,1,9,prevalence,0.030252100840336135,0.2024432809773124,0.0015822784810126582,0.0,0.0016155088852988692,0.0,0.0165016501650165,0.0049833887043189366,0.0017482517482517483,0.07751937984496124,0.0,0.027331189710610933,0.004608294930875576,0.0,0.0015625,0.0033613445378151263,0.0016806722689075631,0.19902912621359223,0.030456852791878174,0.001519756838905775,0.049019607843137254,0.046511627906976744,0.0,0.0,0.037383177570093455,0.07431340872374798,0.013846153846153847,0.0016129032258064516,0.0,0.04241435562805873,0.03826955074875208,0.0032626427406199023,0.06976744186046512,0.03803486529318542,0.028662420382165606,0.0,0.003430531732418525,0.013888888888888888,0.017857142857142856,0.11532125205930807,0.0,0.008116883116883116,0.0,0.016051364365971106,0.013888888888888888,0.006920415224913495,0.11056910569105691,0.0,0.001597444089456869,0.0,0.0,0.001594896331738437,0.0032626427406199023,0.07106598984771574,0.06862745098039216,0.017080745341614908,0.0,0.001652892561983471,0.0015772870662460567,0.013245033112582781,0.0,0.003067484662576687,0.06935483870967742,0.007763975155279503,0.05555555555555555,0.0016313213703099511,0.07321131447587355,0.09,0.03104575163398693,0.060092449922958396,0.016420361247947456,0.12087912087912088,0.02666666666666667,0.06612903225806452,0.039755351681957186,0.0,0.019969278033794162,0.0912,0.04153354632587859,0.0,0.0016260162601626016,0.0625,0.0068143100511073255,0.0,0.006462035541195477,0.0017543859649122807,0.004622496147919877,0.0,0.008169934640522876,0.00322061191626409,0.0016891891891891893,0.0,0.15771812080536912,0.08538587848932677,0.09262166405023547,0.012965964343598054,0.11833333333333333,0.03035143769968051,0.03610675039246468,0.0,0.006557377049180328,0.03140495867768595,0.134185303514377,0.08566978193146417,0.04487179487179487,0.1111111111111111,0.10655737704918032,0.044753086419753084,0.1134185303514377,0.08377896613190731,0.013595166163141994,0.049019607843137254,0.09555189456342669,0.13744075829383887,0.11235955056179775,0.0189873417721519,0.18849840255591055,0.07729468599033816,0.025974025974025976,0.021775544388609715,0.04568527918781726,0.009009009009009009,0.03220338983050847,0.061258278145695365,0.06891025641025642,0.11677631578947369,0.025974025974025976,0.05263157894736842,0.0045385779122541605,0.03582554517133956,0.0047694753577106515,0.06055900621118013,0.04690117252931323,0.02910958904109589,0.018518518518518517,0.03927986906710311,0.08755760368663594,0.08695652173913043,0.045307443365695796,0.042483660130718956,0.06312292358803986,0.02365930599369085,0.040584415584415584,0.028892455858747994,0.013628620102214651,0.06435643564356436,0.10543130990415335,0.0031496062992125984,0.09913043478260869,0.07105719237435008,0.06188925081433225,0.0,0.07809847198641766,0.0593900481540931,0.03747870528109029,0.0,0.05714285714285714,0.025437201907790145,0.011254019292604502,0.04854368932038835,0.013675213675213675,0.005067567567567568,0.26622296173044924,0.06208053691275168,0.065,0.02689075630252101,0.1323283082077052,0.0016420361247947454,0.17903225806451614,0.004702194357366771,0.029411764705882353,0.006493506493506494,0.025041736227045076,0.1113013698630137,0.19141914191419143,0.008012820512820512,0.001589825119236884,0.011075949367088608,0.11212121212121212,0.09735973597359736,0.06578947368421052,0.00782472613458529,0.1302250803858521,0.04220779220779221,0.03328050713153724,0.014109347442680775,0.07425742574257425,0.10517529215358931,0.11147540983606558,0.03481012658227848,0.0,0.004754358161648178,0.0226928895612708,0.01340033500837521,0.0031645569620253164,0.024958402662229616,0.0016,0.0015923566878980893,0.13976705490848584,0.059870550161812294
2002,1,9,prevalence,0.0695364238410596,0.16724137931034483,0.001584786053882726,0.0,0.0016207455429497568,0.0,0.01335559265442404,0.009950248756218905,0.0,0.08507223113964688,0.0,0.01910828025477707,0.006289308176100629,0.0,0.0,0.012259194395796848,0.0016556291390728477,0.2025931928687196,0.02631578947368421,0.0015479876160990713,0.045454545454545456,0.07025411061285501,0.0016025641025641025,0.0033783783783783786,0.025974025974025976,0.06645056726094004,0.0109717868338558,0.001607717041800643,0.0,0.040584415584415584,0.04918032786885246,0.003305785123966942,0.04597701149425287,0.03343949044585987,0.016233766233766232,0.0,0.001658374792703151,0.0137221269296741,0.028380634390651086,0.11036789297658862,0.0,0.0049586776859504135,0.0,0.0128,0.01263823064770932,0.013816925734024179,0.11568938193343899,0.0,0.0015822784810126582,0.0,0.0,0.0015748031496062992,0.003305785123966942,0.05723905723905724,0.0928,0.02,0.0,0.001658374792703151,0.001519756838905775,0.008264462809917356,0.0015432098765432098,0.006299212598425197,0.05289256198347107,0.003205128205128205,0.06563039723661486,0.001669449081803005,0.05804311774461028,0.09437086092715231,0.042483660130718956,0.057971014492753624,0.0033112582781456954,0.06288343558282208,0.02654867256637168,0.044374009508716325,0.031446540880503145,0.0,0.014858841010401188,0.07177033492822966,0.04180064308681672,0.0,0.001610305958132045,0.04738562091503268,0.006779661016949152,0.0,0.006557377049180328,0.011647254575707155,0.004724409448818898,0.003205128205128205,0.0034129692832764505,0.0015822784810126582,0.0017035775127768314,0.0,0.1342281879194631,0.10310965630114566,0.08709175738724728,0.011363636363636364,0.14754098360655737,0.019448946515397084,0.032467532467532464,0.0,0.01935483870967742,0.04111842105263158,0.12106135986733002,0.09291338582677165,0.044374009508716325,0.12436974789915967,0.09165302782324058,0.03104575163398693,0.11237785016286644,0.053475935828877004,0.01225114854517611,0.05342237061769616,0.08149405772495756,0.10952380952380952,0.09807073954983923,0.019448946515397084,0.1634304207119741,0.08360655737704918,0.026490066225165563,0.030664395229982964,0.03745928338762215,0.0088339222614841,0.05008635578583765,0.041666666666666664,0.05448717948717949,0.10234899328859061,0.015772870662460567,0.05423728813559322,0.0029940119760479044,0.05076923076923077,0.010574018126888218,0.056074766355140186,0.03642384105960265,0.019704433497536946,0.041666666666666664,0.0392156862745098,0.1189358372456964,0.08431703204047218,0.04716981132075472,0.05654281098546042,0.051926298157453935,0.017377567140600316,0.04383116883116883,0.03531300160513644,0.022108843537414966,0.08278145695364239,0.0985691573926868,0.006389776357827476,0.09572649572649573,0.056838365896980464,0.03656597774244833,0.0,0.0802675585284281,0.09195402298850575,0.03,0.0,0.048414023372287146,0.02531645569620253,0.008051529790660225,0.05853658536585366,0.017006802721088437,0.008264462809917356,0.24552845528455283,0.06260575296108291,0.04778156996587031,0.025423728813559324,0.1297208538587849,0.001644736842105263,0.16910569105691056,0.0031446540880503146,0.032948929159802305,0.003236245954692557,0.03210272873194221,0.09847198641765705,0.24232633279483037,0.014729950900163666,0.001589825119236884,0.009554140127388535,0.09146341463414634,0.14285714285714285,0.061461794019933555,0.0203125,0.17467948717948717,0.06581059390048154,0.026113671274961597,0.0071301247771836,0.13651315789473684,0.11375212224108659,0.12333333333333334,0.0265625,0.0,0.0016051364365971107,0.04580152671755725,0.013008130081300813,0.004909983633387889,0.05306799336650083,0.001579778830963665,0.006369426751592357,0.1423728813559322,0.036741214057507986
2003,1,9,prevalence,0.08928571428571429,0.21452702702702703,0.0015552099533437014,0.0,0.0016,0.0,0.01485148514851485,0.01001669449081803,0.0017094017094017094,0.11882716049382716,0.0,0.017684887459807074,0.0047169811320754715,0.0,0.0,0.02555366269165247,0.001658374792703151,0.2411467116357504,0.02680067001675042,0.0,0.04230118443316413,0.06101190476190476,0.0016556291390728477,0.001652892561983471,0.02204724409448819,0.06965174129353234,0.009345794392523364,0.0,0.0,0.02922077922077922,0.04067796610169491,0.003367003367003367,0.03559322033898305,0.025396825396825397,0.03130148270181219,0.0,0.0016556291390728477,0.011475409836065573,0.033112582781456956,0.05872756933115824,0.0,0.018518518518518517,0.0,0.006622516556291391,0.009433962264150943,0.012048192771084338,0.11916264090177134,0.0,0.008012820512820512,0.0,0.0,0.0030911901081916537,0.0033500837520938024,0.047619047619047616,0.0889967637540453,0.029780564263322883,0.0,0.0,0.001567398119122257,0.013289036544850499,0.0015527950310559005,0.020602218700475437,0.05331179321486268,0.0016260162601626016,0.06260869565217392,0.0,0.07395498392282958,0.06456953642384106,0.03459637561779242,0.07877813504823152,0.008517887563884156,0.09574468085106383,0.03111111111111111,0.04897314375987362,0.02576489533011272,0.006289308176100629,0.022556390977443608,0.08374384236453201,0.025889967637540454,0.0,0.007961783439490446,0.06070287539936102,0.005042016806722689,0.0,0.006493506493506494,0.018032786885245903,0.0016051364365971107,0.0031847133757961785,0.0034482758620689655,0.001639344262295082,0.003355704697986577,0.0,0.1212624584717608,0.12046204620462046,0.10670731707317073,0.022913256955810146,0.16833333333333333,0.022690437601296597,0.017741935483870968,0.0,0.035256410256410256,0.03642384105960265,0.13744075829383887,0.09828393135725429,0.033386327503974564,0.10613598673300166,0.09061488673139159,0.04213938411669368,0.15397350993377484,0.033628318584070796,0.01088646967340591,0.06030150753768844,0.10015898251192369,0.08256880733944955,0.10737179487179487,0.01957585644371941,0.13029315960912052,0.08514190317195326,0.022071307300509338,0.04040404040404041,0.05305466237942122,0.00909090909090909,0.03728813559322034,0.024793388429752067,0.060653188180404355,0.08202443280977312,0.014423076923076924,0.06335616438356165,0.0015128593040847202,0.06269592476489028,0.00906344410876133,0.040453074433656956,0.02750809061488673,0.011326860841423949,0.032507739938080496,0.04560260586319218,0.12106918238993711,0.06456953642384106,0.04716981132075472,0.08,0.0457516339869281,0.020766773162939296,0.03436988543371522,0.03420195439739414,0.02443280977312391,0.1001669449081803,0.08069620253164557,0.003278688524590164,0.08717948717948718,0.08433734939759036,0.022116903633491312,0.0,0.041025641025641026,0.15772357723577235,0.03350083752093802,0.0,0.03220338983050847,0.027375201288244767,0.006430868167202572,0.061788617886178863,0.01011804384485666,0.006482982171799027,0.1553398058252427,0.06745362563237774,0.06260869565217392,0.01692047377326565,0.119281045751634,0.0033613445378151263,0.17706576728499157,0.004746835443037975,0.03099510603588907,0.004885993485342019,0.030894308943089432,0.11352253756260434,0.18167456556082148,0.004942339373970346,0.0032310177705977385,0.009188361408882083,0.10975609756097561,0.22495894909688013,0.04012841091492777,0.02875399361022364,0.20516962843295639,0.06156405990016639,0.030911901081916538,0.010398613518197574,0.13636363636363635,0.1070811744386874,0.09693877551020408,0.03079416531604538,0.0,0.00473186119873817,0.045871559633027525,0.0033444816053511705,0.009884678747940691,0.08249158249158249,0.0015748031496062992,0.004807692307692308,0.14782608695652175,0.02843601895734597
2004,1,9,prevalence,0.0926517571884984,0.2633333333333333,0.0016155088852988692,0.0,0.001589825119236884,0.0,0.024875621890547265,0.013377926421404682,0.0017064846416382253,0.14696969696969697,0.0016835016835016834,0.004761904761904762,0.004792332268370607,0.0,0.0,0.03247863247863248,0.0016806722689075631,0.25506756756756754,0.021739130434782608,0.0,0.035653650254668934,0.052870090634441085,0.0032626427406199023,0.0,0.03464566929133858,0.06710310965630115,0.006191950464396285,0.0016778523489932886,0.0,0.025041736227045076,0.058922558922558925,0.006589785831960461,0.03571428571428571,0.0031645569620253164,0.03735144312393888,0.0,0.003284072249589491,0.017741935483870968,0.027960526315789474,0.059113300492610835,0.0,0.03553299492385787,0.0014925373134328358,0.0032948929159802307,0.006201550387596899,0.01730103806228374,0.10112359550561797,0.0,0.00794912559618442,0.0,0.0,0.0015625,0.0,0.035541195476575124,0.08485856905158069,0.03814262023217247,0.0,0.0016181229773462784,0.0,0.02337228714524207,0.0,0.027070063694267517,0.05374592833876222,0.0016366612111292963,0.06457242582897033,0.0016339869281045752,0.0593900481540931,0.07512520868113523,0.038461538461538464,0.0762987012987013,0.01903114186851211,0.057057057057057055,0.03869047619047619,0.0392156862745098,0.046948356807511735,0.006666666666666667,0.03206106870229008,0.0912,0.01854714064914992,0.0,0.004777070063694267,0.04032258064516129,0.008278145695364239,0.0,0.004761904761904762,0.023178807947019868,0.003215434083601286,0.0031397174254317113,0.0033277870216306157,0.0,0.0034482758620689655,0.0,0.14026402640264027,0.13322884012539185,0.10232558139534884,0.026578073089700997,0.16498316498316498,0.016339869281045753,0.026981450252951095,0.0,0.04792332268370607,0.030252100840336135,0.12561174551386622,0.07210031347962383,0.027070063694267517,0.10837438423645321,0.10466988727858294,0.046474358974358976,0.1598694942903752,0.01507537688442211,0.010819165378670788,0.06446280991735537,0.11639344262295082,0.0729483282674772,0.10191082802547771,0.027914614121510674,0.16393442622950818,0.10569105691056911,0.020477815699658702,0.027463651050080775,0.060655737704918035,0.02018348623853211,0.030716723549488054,0.041666666666666664,0.07716049382716049,0.04770318021201413,0.0272,0.08873720136518772,0.0029985007496251873,0.04790419161676647,0.015267175572519083,0.05087440381558029,0.027823240589198037,0.012618296529968454,0.03785488958990536,0.042071197411003236,0.1637239165329053,0.07109004739336493,0.07535321821036106,0.09967845659163987,0.029850746268656716,0.029850746268656716,0.02823920265780731,0.03171953255425709,0.043029259896729774,0.11423841059602649,0.07961783439490445,0.0032733224222585926,0.08333333333333333,0.10350877192982456,0.02618657937806874,0.0,0.023608768971332208,0.132890365448505,0.04340836012861737,0.0,0.027303754266211604,0.057233704292527825,0.014150943396226415,0.08223684210526316,0.012965964343598054,0.0033003300330033004,0.11551155115511551,0.09628378378378379,0.05140961857379768,0.016233766233766232,0.14465408805031446,0.003316749585406302,0.10634648370497427,0.007776049766718507,0.03414634146341464,0.006430868167202572,0.0231023102310231,0.12027491408934708,0.17065390749601275,0.008183306055646482,0.0033003300330033004,0.012759170653907496,0.08782742681047766,0.19230769230769232,0.020766773162939296,0.0390015600624025,0.26424050632911394,0.09344262295081968,0.028081123244929798,0.011864406779661017,0.1345514950166113,0.09710391822827939,0.10396039603960396,0.029900332225913623,0.0,0.001607717041800643,0.053125,0.009584664536741214,0.02155887230514096,0.09228187919463088,0.003134796238244514,0.022988505747126436,0.131175468483816,0.02996845425867508
2005,1,9,prevalence,0.10062893081761007,0.25040916530278234,0.0015625,0.0,0.001589825119236884,0.0,0.03782894736842105,0.011570247933884297,0.0017123287671232876,0.18153846153846154,0.0017152658662092624,0.00819672131147541,0.00819672131147541,0.0,0.0,0.03716814159292035,0.0016420361247947454,0.21739130434782608,0.014634146341463415,0.0,0.035897435897435895,0.0803030303030303,0.0016778523489932886,0.0,0.07234726688102894,0.06,0.010574018126888218,0.0,0.0,0.024958402662229616,0.06349206349206349,0.00676818950930626,0.021885521885521887,0.006430868167202572,0.03535353535353535,0.0,0.0049261083743842365,0.023696682464454975,0.030612244897959183,0.052547770700636945,0.0016181229773462784,0.040336134453781515,0.0015060240963855422,0.003236245954692557,0.014516129032258065,0.02577319587628866,0.07556270096463022,0.0,0.0016181229773462784,0.0,0.0,0.0031847133757961785,0.0,0.025889967637540454,0.060064935064935064,0.059422750424448216,0.001567398119122257,0.0016260162601626016,0.0,0.021630615640599003,0.0,0.030694668820678513,0.06270096463022508,0.0,0.0839041095890411,0.0016025641025641025,0.03993344425956739,0.07872696817420435,0.01901743264659271,0.06343906510851419,0.019400352733686066,0.03680981595092025,0.0377643504531722,0.04333868378812199,0.05799373040752351,0.019834710743801654,0.0563165905631659,0.0496,0.02037617554858934,0.0,0.0062402496099844,0.03205128205128205,0.016722408026755852,0.0,0.00322061191626409,0.03241491085899514,0.00487012987012987,0.00322061191626409,0.0016181229773462784,0.0,0.0034423407917383822,0.0,0.1343042071197411,0.11885895404120443,0.08832807570977919,0.021311475409836064,0.1141396933560477,0.0203125,0.021702838063439065,0.0,0.08667736757624397,0.023529411764705882,0.14146341463414633,0.07765451664025357,0.017080745341614908,0.15548281505728315,0.08652246256239601,0.0770440251572327,0.14653784219001612,0.004838709677419355,0.0109204368174727,0.0657672849915683,0.09210526315789473,0.08446455505279035,0.10823909531502424,0.024834437086092714,0.13843648208469056,0.1563573883161512,0.014010507880910683,0.02618657937806874,0.07580645161290323,0.02882882882882883,0.029209621993127148,0.03618421052631579,0.051775147928994084,0.05381944444444445,0.016129032258064516,0.09364548494983277,0.0,0.059790732436472344,0.01729559748427673,0.08056872037914692,0.009819967266775777,0.013996889580093312,0.030015797788309637,0.06220095693779904,0.15849673202614378,0.07062600321027288,0.10130718954248366,0.07704654895666131,0.041935483870967745,0.02936096718480138,0.020700636942675158,0.04643449419568822,0.05862646566164154,0.1043338683788122,0.07131782945736434,0.006546644844517185,0.052545155993431854,0.1103448275862069,0.030201342281879196,0.0015698587127158557,0.02127659574468085,0.13728813559322034,0.08507223113964688,0.0,0.027257240204429302,0.05823627287853577,0.0192,0.0991869918699187,0.011182108626198083,0.0065252854812398045,0.11942675159235669,0.12216404886561955,0.05825242718446602,0.015600624024960999,0.11867088607594936,0.0016722408026755853,0.13651877133105803,0.006230529595015576,0.01461038961038961,0.007739938080495356,0.034482758620689655,0.1127946127946128,0.12578616352201258,0.019769357495881382,0.00338409475465313,0.01932367149758454,0.06363636363636363,0.16833333333333333,0.04628099173553719,0.0440251572327044,0.2463768115942029,0.08914100486223663,0.041401273885350316,0.02138157894736842,0.10166666666666667,0.05912162162162162,0.11869918699186992,0.026402640264026403,0.0016233766233766235,0.0,0.08163265306122448,0.009771986970684038,0.037162162162162164,0.14675767918088736,0.006060606060606061,0.03205128205128205,0.1163575042158516,0.03442879499217527
2006,1,9,prevalence,0.11912225705329153,0.21658206429780033,0.0015698587127158557,0.0,0.0015723270440251573,0.0,0.0347682119205298,0.0224,0.001639344262295082,0.21207430340557276,0.001697792869269949,0.00847457627118644,0.007961783439490446,0.0,0.0,0.03292894280762565,0.0,0.1693548387096774,0.016129032258064516,0.0030959752321981426,0.03872053872053872,0.07620528771384137,0.0016666666666666668,0.0,0.0943089430894309,0.052545155993431854,0.0046875,0.0,0.0,0.025974025974025976,0.0892018779342723,0.0050933786078098476,0.020654044750430294,0.018518518518518517,0.0297029702970297,0.0016556291390728477,0.00322061191626409,0.03323262839879154,0.06060606060606061,0.05073649754500818,0.0031746031746031746,0.06292517006802721,0.0015015015015015015,0.004975124378109453,0.017543859649122806,0.024054982817869417,0.0594855305466238,0.0,0.004792332268370607,0.0,0.0,0.004777070063694267,0.008116883116883116,0.02073365231259968,0.05,0.07903780068728522,0.0015527950310559005,0.0016420361247947454,0.0,0.017152658662092625,0.0,0.03582554517133956,0.03560371517027864,0.0,0.053156146179401995,0.003169572107765452,0.042483660130718956,0.06208053691275168,0.01594896331738437,0.04516129032258064,0.024778761061946902,0.0358814352574103,0.06046511627906977,0.036334913112164295,0.08227848101265822,0.01951219512195122,0.07320872274143302,0.046801872074883,0.026687598116169546,0.0016638935108153079,0.014106583072100314,0.033816425120772944,0.017006802721088437,0.0,0.001607717041800643,0.01631321370309951,0.0032520325203252032,0.003134796238244514,0.001597444089456869,0.0016366612111292963,0.0034542314335060447,0.0,0.13687600644122383,0.12302839116719243,0.0975609756097561,0.01487603305785124,0.09060955518945635,0.02857142857142857,0.03826955074875208,0.0,0.1216,0.05714285714285714,0.16878980891719744,0.0873634945397816,0.018604651162790697,0.11974110032362459,0.09135399673735727,0.09149277688603531,0.128500823723229,0.001594896331738437,0.025518341307814992,0.06734006734006734,0.09703947368421052,0.11360239162929746,0.10220125786163523,0.024115755627009645,0.11582381729200653,0.17406143344709898,0.0068846815834767644,0.02459016393442623,0.08667736757624397,0.02613240418118467,0.023255813953488372,0.048494983277591976,0.038880248833592534,0.06571936056838366,0.01669449081803005,0.10526315789473684,0.004792332268370607,0.07727272727272727,0.017377567140600316,0.08731466227347612,0.009933774834437087,0.021116138763197588,0.020766773162939296,0.06635071090047394,0.13087248322147652,0.08225806451612903,0.11166666666666666,0.07177033492822966,0.0352,0.021015761821366025,0.03915171288743882,0.07744107744107744,0.06821963394342762,0.11993243243243243,0.0842433697347894,0.01610305958132045,0.06135986733001658,0.14839797639123103,0.04426229508196721,0.0064516129032258064,0.03927986906710311,0.14576271186440679,0.12264150943396226,0.0,0.030560271646859084,0.0432,0.0189873417721519,0.14967105263157895,0.0031645569620253164,0.00487012987012987,0.08780487804878048,0.12,0.06612903225806452,0.012598425196850394,0.08934169278996865,0.0,0.14675767918088736,0.010954616588419406,0.01910828025477707,0.004580152671755725,0.043478260869565216,0.11073825503355705,0.10248447204968944,0.009983361064891847,0.0016750418760469012,0.014150943396226415,0.09076682316118936,0.1821247892074199,0.062193126022913256,0.03980891719745223,0.15335463258785942,0.1056,0.048939641109298535,0.03328050713153724,0.09531772575250837,0.04326123128119801,0.12987012987012986,0.03284072249589491,0.001639344262295082,0.0016260162601626016,0.06748466257668712,0.013050570962479609,0.04311774461028192,0.14695945945945946,0.006069802731411229,0.0701468189233279,0.10204081632653061,0.06779661016949153
2007,1,9,prevalence,0.14615384615384616,0.23397435897435898,0.001564945226917058,0.0,0.001579778830963665,0.0,0.024390243902439025,0.028985507246376812,0.001607717041800643,0.21069182389937108,0.0017094017094017094,0.020066889632107024,0.006420545746388443,0.0,0.0015600624024961,0.025295109612141653,0.0,0.19594594594594594,0.00975609756097561,0.0015313935681470138,0.039655172413793106,0.09316770186335403,0.004918032786885246,0.0,0.1188118811881188,0.05967741935483871,0.004580152671755725,0.001718213058419244,0.0,0.019801980198019802,0.11616954474097331,0.0032414910858995136,0.0034662045060658577,0.031496062992125984,0.02155887230514096,0.0032520325203252032,0.0031397174254317113,0.07078313253012049,0.10409556313993173,0.0867430441898527,0.0032520325203252032,0.06375838926174497,0.0015432098765432098,0.003284072249589491,0.014586709886547812,0.015126050420168067,0.0421216848673947,0.0,0.003257328990228013,0.0,0.0,0.001652892561983471,0.003236245954692557,0.020537124802527645,0.06721311475409836,0.10445205479452055,0.0015527950310559005,0.0016339869281045752,0.0,0.02905982905982906,0.0,0.043478260869565216,0.03459119496855346,0.0016129032258064516,0.04965753424657534,0.004702194357366771,0.03666666666666667,0.07325383304940375,0.00819672131147541,0.054602184087363496,0.03484320557491289,0.028963414634146343,0.08201892744479496,0.04313099041533546,0.08077544426494346,0.011326860841423949,0.09984639016897082,0.052050473186119876,0.042789223454833596,0.0016286644951140066,0.015772870662460567,0.02073365231259968,0.008389261744966443,0.0016339869281045752,0.0,0.037914691943127965,0.006600660066006601,0.0030581039755351682,0.0,0.001607717041800643,0.0017543859649122807,0.0,0.1332263242375602,0.12872841444270017,0.10771704180064309,0.0049504950495049506,0.06699346405228758,0.025518341307814992,0.03166666666666667,0.0,0.13268608414239483,0.0743801652892562,0.16485225505443235,0.07109004739336493,0.0208,0.10501567398119123,0.1053484602917342,0.1088,0.1497584541062802,0.001610305958132045,0.02996845425867508,0.0722495894909688,0.09,0.10329985652797705,0.09133858267716535,0.020833333333333332,0.09872611464968153,0.16412859560067683,0.01929824561403509,0.04567699836867863,0.10075187969924812,0.04915254237288136,0.01990049751243781,0.04230118443316413,0.0528,0.04909090909090909,0.01948051948051948,0.13853503184713375,0.011345218800648298,0.07657657657657657,0.020967741935483872,0.14796747967479676,0.006600660066006601,0.025078369905956112,0.01487603305785124,0.09020217729393468,0.17457627118644067,0.11544715447154472,0.11185308848080133,0.0732484076433121,0.022653721682847898,0.013628620102214651,0.04730831973898858,0.10367892976588629,0.0734094616639478,0.08695652173913043,0.06987577639751552,0.009584664536741214,0.05555555555555555,0.15666666666666668,0.060556464811783964,0.007987220447284345,0.035830618892508145,0.0912106135986733,0.11182108626198083,0.005042016806722689,0.03436426116838488,0.03727714748784441,0.030257186081694403,0.13225806451612904,0.004815409309791332,0.0015772870662460567,0.06493506493506493,0.13810316139767054,0.06825396825396825,0.00764525993883792,0.10015898251192369,0.0,0.14309764309764308,0.0047694753577106515,0.0192,0.0031007751937984496,0.042692939244663386,0.07251264755480608,0.10301109350237718,0.015517241379310345,0.001669449081803005,0.014173228346456693,0.07479674796747968,0.14745762711864407,0.04455445544554455,0.04113924050632911,0.08934169278996865,0.10142630744849446,0.04118616144975288,0.04281345565749235,0.08681672025723473,0.03764320785597381,0.10606060606060606,0.025974025974025976,0.0016313213703099511,0.004991680532445923,0.05564142194744977,0.016863406408094434,0.04383116883116883,0.14189189189189189,0.010819165378670788,0.09286898839137644,0.0657672849915683,0.09034267912772585
2008,1,9,prevalence,0.18,0.18571428571428572,0.0016313213703099511,0.0,0.0015625,0.0,0.03104575163398693,0.04730831973898858,0.001579778830963665,0.18441971383147854,0.003418803418803419,0.03583617747440273,0.008051529790660225,0.0,0.0,0.009852216748768473,0.0,0.21212121212121213,0.0046801872074883,0.0015220700152207,0.04498269896193772,0.15702479338842976,0.003316749585406302,0.0033222591362126247,0.14123376623376624,0.04983922829581994,0.012422360248447204,0.001736111111111111,0.0,0.024958402662229616,0.1206896551724138,0.0033333333333333335,0.001736111111111111,0.04409448818897638,0.028052805280528052,0.0032520325203252032,0.004761904761904762,0.08662613981762918,0.18635607321131448,0.08783783783783784,0.0015822784810126582,0.06229508196721312,0.0015723270440251573,0.0032948929159802307,0.013029315960912053,0.023026315789473683,0.05343511450381679,0.0,0.0015822784810126582,0.0,0.0,0.003289473684210526,0.0015600624024961,0.014173228346456693,0.09546925566343042,0.12953367875647667,0.004559270516717325,0.0015923566878980893,0.0,0.03535353535353535,0.0,0.04107424960505529,0.02450229709035222,0.0015873015873015873,0.029565217391304348,0.012618296529968454,0.030694668820678513,0.061389337641357025,0.010067114093959731,0.03875968992248062,0.02831858407079646,0.028346456692913385,0.0919175911251981,0.049766718506998445,0.09884678747940692,0.009950248756218905,0.13069908814589665,0.0715372907153729,0.04854368932038835,0.001669449081803005,0.024193548387096774,0.03577235772357724,0.012924071082390954,0.0015822784810126582,0.0033112582781456954,0.03968253968253968,0.005145797598627788,0.005943536404160475,0.0,0.0016025641025641025,0.0017211703958691911,0.0,0.13707165109034267,0.1406003159557662,0.13672496025437203,0.0034129692832764505,0.030303030303030304,0.03785488958990536,0.0297029702970297,0.0,0.13853503184713375,0.1127946127946128,0.17891373801916932,0.1015625,0.021346469622331693,0.1182108626198083,0.08928571428571429,0.11842105263157894,0.1064516129032258,0.0,0.024464831804281346,0.07814992025518341,0.09437086092715231,0.10056657223796034,0.1050080775444265,0.012618296529968454,0.09803921568627451,0.2019704433497537,0.02768166089965398,0.05929487179487179,0.1111111111111111,0.048903878583473864,0.013179571663920923,0.03350083752093802,0.053833605220228384,0.08561643835616438,0.0180623973727422,0.1421647819063005,0.01615508885298869,0.08018154311649017,0.029850746268656716,0.15384615384615385,0.008210180623973728,0.01393188854489164,0.030716723549488054,0.10534591194968554,0.1649659863945578,0.12046204620462046,0.1338709677419355,0.06836248012718601,0.03697749196141479,0.022530329289428077,0.060655737704918035,0.12478920741989882,0.0864,0.10049423393739704,0.08062015503875969,0.006837606837606838,0.06156405990016639,0.1644295302013423,0.04590163934426229,0.012759170653907496,0.03666666666666667,0.06867671691792294,0.0932475884244373,0.0032679738562091504,0.020202020202020204,0.03691813804173355,0.043478260869565216,0.09427609427609428,0.010101010101010102,0.0,0.048154093097913325,0.1309328968903437,0.042789223454833596,0.004580152671755725,0.1024390243902439,0.0,0.1541038525963149,0.004815409309791332,0.020766773162939296,0.0030534351145038168,0.03727714748784441,0.09046849757673667,0.08179012345679013,0.025,0.0016806722689075631,0.025039123630672927,0.06885245901639345,0.12459546925566344,0.03459637561779242,0.052547770700636945,0.0671875,0.10063897763578275,0.057660626029654036,0.028831562974203338,0.10158730158730159,0.04477611940298507,0.09838709677419355,0.020933977455716585,0.0016286644951140066,0.004975124378109453,0.0452418096723869,0.011217948717948718,0.060955518945634266,0.15577889447236182,0.0234009360374415,0.17796610169491525,0.06382978723404255,0.10248447204968944
2009,1,9,prevalence,0.16485225505443235,0.21766561514195584,0.0016835016835016834,0.0,0.0,0.0,0.02773246329526917,0.024193548387096774,0.0016025641025641025,0.1677115987460815,0.0034482758620689655,0.01867572156196944,0.006557377049180328,0.0,0.0,0.019448946515397084,0.0015408320493066256,0.19642857142857142,0.004702194357366771,0.0031446540880503146,0.032148900169204735,0.1685575364667747,0.006756756756756757,0.00644122383252818,0.13694267515923567,0.04376012965964344,0.004784688995215311,0.001736111111111111,0.0,0.028286189683860232,0.13722397476340695,0.0,0.0017543859649122807,0.04874213836477988,0.024429967426710098,0.0031746031746031746,0.003215434083601286,0.1491628614916286,0.20462046204620463,0.11130742049469965,0.001567398119122257,0.03764320785597381,0.0016025641025641025,0.00487012987012987,0.008223684210526315,0.06301824212271974,0.05421686746987952,0.0,0.0031007751937984496,0.0016806722689075631,0.0,0.003189792663476874,0.003189792663476874,0.013803680981595092,0.09630818619582665,0.11168384879725086,0.004724409448818898,0.0016313213703099511,0.0,0.03754266211604096,0.0,0.028662420382165606,0.009375,0.001589825119236884,0.026362038664323375,0.014263074484944533,0.022187004754358162,0.05457463884430177,0.006462035541195477,0.030063291139240507,0.03225806451612903,0.03943217665615142,0.10210696920583469,0.04746835443037975,0.06907894736842106,0.011254019292604502,0.12556732223903178,0.09370199692780339,0.07559055118110236,0.0016420361247947454,0.0490506329113924,0.03215434083601286,0.024469820554649267,0.001610305958132045,0.0,0.051643192488262914,0.013605442176870748,0.006042296072507553,0.0,0.0064516129032258064,0.0016806722689075631,0.0,0.11587301587301588,0.14906832298136646,0.11869918699186992,0.005199306759098787,0.03194888178913738,0.046224961479198766,0.026755852842809364,0.0,0.1448382126348228,0.11589403973509933,0.13942307692307693,0.10305958132045089,0.025210084033613446,0.08090614886731391,0.04830917874396135,0.14950166112956811,0.0935483870967742,0.0,0.044444444444444446,0.060755336617405585,0.08702791461412152,0.11669128508124077,0.14192495921696574,0.008,0.09744408945686901,0.1658291457286432,0.03722504230118443,0.06269592476489028,0.12130177514792899,0.03727714748784441,0.007898894154818325,0.03594771241830065,0.04792332268370607,0.09364548494983277,0.029801324503311258,0.14035087719298245,0.043478260869565216,0.07286821705426356,0.03789126853377265,0.15763546798029557,0.00487012987012987,0.009146341463414634,0.03885135135135135,0.10305958132045089,0.12457912457912458,0.1376,0.15025041736227046,0.10110584518167456,0.0944,0.01854974704890388,0.033003300330033,0.09983079526226735,0.08688783570300158,0.08112582781456953,0.06842923794712286,0.015126050420168067,0.059726962457337884,0.15079365079365079,0.05392156862745098,0.01732283464566929,0.02593192868719611,0.03691275167785235,0.06528662420382166,0.0016420361247947454,0.017064846416382253,0.028662420382165606,0.05287713841368585,0.07692307692307693,0.013114754098360656,0.00473186119873817,0.022151898734177215,0.0993485342019544,0.04173354735152488,0.0031007751937984496,0.11290322580645161,0.0,0.13911620294599017,0.0,0.02689873417721519,0.0032,0.017741935483870968,0.12222222222222222,0.06605222734254992,0.01818181818181818,0.0032948929159802307,0.016129032258064516,0.07973421926910298,0.11908646003262642,0.01839464882943144,0.05357142857142857,0.0499219968798752,0.08530805687203792,0.05592105263157895,0.03969465648854962,0.08006279434850863,0.047619047619047616,0.1130298273155416,0.015625,0.009966777408637873,0.006633499170812604,0.04,0.014285714285714285,0.05392156862745098,0.14502529510961215,0.025396825396825397,0.2762237762237762,0.08520900321543408,0.12012012012012012
2010,1,9,prevalence,0.10920436817472699,0.19069767441860466,0.0,0.0,0.0,0.0,0.04227642276422764,0.011041009463722398,0.0,0.16062992125984252,0.005050505050505051,0.011608623548922056,0.004901960784313725,0.0,0.0,0.012738853503184714,0.0015408320493066256,0.2132701421800948,0.010510510510510511,0.0031645569620253164,0.03459637561779242,0.14238952536824878,0.006825938566552901,0.005076142131979695,0.12598425196850394,0.03833333333333333,0.00315955766192733,0.005025125628140704,0.0,0.029850746268656716,0.15912636505460218,0.0,0.0017730496453900709,0.07097791798107256,0.023696682464454975,0.0032626427406199023,0.00322061191626409,0.1290824261275272,0.2528548123980424,0.12395309882747069,0.0016,0.04477611940298507,0.0016025641025641025,0.003205128205128205,0.003289473684210526,0.06873977086743044,0.03687315634218289,0.0,0.007587253414264037,0.0017391304347826088,0.0032310177705977385,0.001594896331738437,0.0,0.02599388379204893,0.10987261146496816,0.07692307692307693,0.0015923566878980893,0.0016051364365971107,0.0,0.03626943005181347,0.0,0.04100946372239748,0.003115264797507788,0.0016501650165016502,0.01839464882943144,0.01589825119236884,0.0110062893081761,0.06309148264984227,0.009724473257698542,0.0144,0.03152364273204904,0.058823529411764705,0.08196721311475409,0.07223113964686999,0.07807308970099668,0.001579778830963665,0.1152,0.05368098159509203,0.06842923794712286,0.0016207455429497568,0.11305732484076433,0.03189792663476874,0.018121911037891267,0.001594896331738437,0.0033500837520938024,0.060514372163388806,0.015100671140939598,0.006172839506172839,0.0,0.009538950715421303,0.0016366612111292963,0.0,0.11290322580645161,0.13132911392405064,0.11544991511035653,0.0033783783783783786,0.022151898734177215,0.04354587869362364,0.029900332225913623,0.0,0.11477987421383648,0.1254125412541254,0.13853503184713375,0.08455284552845528,0.03350083752093802,0.08617886178861789,0.04508856682769726,0.16887417218543047,0.09328968903436989,0.0,0.03150912106135987,0.06280193236714976,0.07445008460236886,0.11538461538461539,0.12599681020733652,0.0128,0.112,0.1717687074829932,0.02702702702702703,0.06507936507936508,0.09062980030721966,0.024922118380062305,0.02365930599369085,0.033444816053511704,0.05475040257648953,0.07260726072607261,0.03079416531604538,0.1184,0.061016949152542375,0.088,0.026755852842809364,0.13474025974025974,0.0,0.016541353383458645,0.03924914675767918,0.09904153354632587,0.08053691275167785,0.121875,0.12908496732026145,0.10806451612903226,0.0941358024691358,0.021666666666666667,0.027552674230145867,0.07296849087893864,0.12025316455696203,0.0728476821192053,0.05511811023622047,0.01487603305785124,0.039735099337748346,0.17156105100463678,0.05333333333333334,0.009868421052631578,0.02152317880794702,0.04462809917355372,0.07911392405063292,0.0016835016835016834,0.02138157894736842,0.07313195548489666,0.09394904458598727,0.08888888888888889,0.011764705882352941,0.00473186119873817,0.013910355486862442,0.09866220735785954,0.03773584905660377,0.0015408320493066256,0.10651828298887123,0.0,0.15409309791332262,0.0,0.014634146341463415,0.0032626427406199023,0.01288244766505636,0.1650485436893204,0.03333333333333333,0.02023608768971332,0.0033500837520938024,0.014586709886547812,0.08139534883720931,0.05025125628140704,0.011705685618729096,0.054838709677419356,0.06416275430359937,0.07096774193548387,0.07704918032786885,0.03235294117647059,0.053208137715179966,0.048154093097913325,0.08229813664596274,0.04643449419568822,0.0017211703958691911,0.008561643835616438,0.02702702702702703,0.017628205128205128,0.09385113268608414,0.12080536912751678,0.028938906752411574,0.35517241379310344,0.10634920634920635,0.11485451761102604
2011,1,9,prevalence,0.07656967840735068,0.17337461300309598,0.0,0.0,0.0,0.0,0.053691275167785234,0.012658227848101266,0.0,0.1287758346581876,0.006611570247933884,0.023255813953488372,0.0049261083743842365,0.0,0.0,0.007861635220125786,0.0015384615384615385,0.2173202614379085,0.013677811550151976,0.001589825119236884,0.02711323763955343,0.12054329371816638,0.010291595197255575,0.0033003300330033004,0.14037854889589904,0.03865546218487395,0.0015748031496062992,0.00684931506849315,0.0,0.025380710659898477,0.12305295950155763,0.0,0.0017825311942959,0.10702875399361023,0.026729559748427674,0.00322061191626409,0.001607717041800643,0.12898089171974522,0.25241157556270094,0.14918032786885246,0.0016051364365971107,0.04091653027823241,0.001567398119122257,0.003194888178913738,0.011532125205930808,0.08264462809917356,0.02599388379204893,0.0,0.004601226993865031,0.0,0.0015748031496062992,0.0016286644951140066,0.0,0.022935779816513763,0.11374407582938388,0.06357388316151202,0.0,0.0062402496099844,0.0,0.03904923599320883,0.0,0.0228310502283105,0.0030627871362940277,0.001607717041800643,0.02127659574468085,0.0141287284144427,0.014354066985645933,0.06441717791411043,0.014218009478672985,0.006269592476489028,0.025,0.09238249594813615,0.07580645161290323,0.052547770700636945,0.0768,0.003205128205128205,0.10631229235880399,0.05666156202143951,0.053712480252764615,0.001607717041800643,0.1873065015479876,0.026687598116169546,0.01658374792703151,0.0016556291390728477,0.0048543689320388345,0.04807692307692308,0.008237232289950576,0.004754358161648178,0.0,0.007874015748031496,0.001644736842105263,0.0,0.0673076923076923,0.11267605633802817,0.11608623548922056,0.006734006734006734,0.027156549520766772,0.020440251572327043,0.027552674230145867,0.0,0.10912052117263844,0.10909090909090909,0.1473851030110935,0.09090909090909091,0.039473684210526314,0.06634304207119741,0.027642276422764227,0.13183279742765272,0.059800664451827246,0.0,0.03015873015873016,0.05718954248366013,0.06164383561643835,0.11861861861861862,0.1308562197092084,0.007836990595611285,0.10912052117263844,0.13969335604770017,0.023769100169779286,0.0904836193447738,0.06896551724137931,0.0234375,0.04126984126984127,0.028428093645484948,0.06301824212271974,0.0784313725490196,0.025167785234899327,0.10551948051948051,0.05602716468590832,0.08860759493670886,0.01694915254237288,0.1396103896103896,0.0048543689320388345,0.017080745341614908,0.024549918166939442,0.09090909090909091,0.09121621621621621,0.10906298003072197,0.12479201331114809,0.08548387096774193,0.10708661417322834,0.03636363636363636,0.03257328990228013,0.066006600660066,0.13622291021671826,0.07377049180327869,0.05573248407643312,0.010084033613445379,0.05016181229773463,0.15644171779141106,0.05360134003350084,0.004942339373970346,0.034904013961605584,0.0336,0.06310679611650485,0.0,0.01932367149758454,0.11146496815286625,0.09744408945686901,0.06891025641025642,0.017006802721088437,0.0032679738562091504,0.011217948717948718,0.08180300500834725,0.039334341906202726,0.0,0.12087912087912088,0.001589825119236884,0.1328,0.0,0.01437699680511182,0.0031847133757961785,0.00482315112540193,0.19169329073482427,0.03245749613601236,0.023255813953488372,0.003316749585406302,0.01639344262295082,0.1185064935064935,0.04753820033955857,0.013445378151260505,0.04081632653061224,0.06230529595015576,0.07006369426751592,0.09136212624584718,0.032305433186490456,0.03271028037383177,0.06060606060606061,0.0704647676161919,0.06611570247933884,0.001694915254237288,0.006837606837606838,0.02857142857142857,0.018032786885245903,0.11885895404120443,0.08360655737704918,0.03079416531604538,0.40407470288624786,0.15683229813664595,0.12480739599383667
2012,1,9,prevalence,0.09186746987951808,0.2089783281733746,0.001652892561983471,0.0,0.0,0.0,0.04674457429048414,0.012403100775193798,0.0016233766233766235,0.11038961038961038,0.0049833887043189366,0.0214168039538715,0.004893964110929853,0.0,0.0,0.013953488372093023,0.0030911901081916537,0.24191063174114022,0.020123839009287926,0.001579778830963665,0.022257551669316374,0.1020066889632107,0.00865051903114187,0.0033112582781456954,0.11942675159235669,0.03885135135135135,0.009508716323296355,0.019064124783362217,0.0015527950310559005,0.038917089678511,0.0781010719754977,0.0,0.0,0.1907051282051282,0.031007751937984496,0.003194888178913738,0.0015822784810126582,0.13722397476340695,0.25573770491803277,0.12828947368421054,0.001579778830963665,0.02821316614420063,0.0016207455429497568,0.0,0.014950166112956811,0.09703947368421052,0.021148036253776436,0.0,0.003134796238244514,0.0,0.0015723270440251573,0.003284072249589491,0.0,0.02050473186119874,0.12421383647798742,0.0777027027027027,0.0,0.0015625,0.0016666666666666668,0.04377104377104377,0.0,0.02147239263803681,0.004451038575667656,0.0015772870662460567,0.029921259842519685,0.018838304552590265,0.017857142857142856,0.05945121951219512,0.00778816199376947,0.0015923566878980893,0.02138157894736842,0.10696920583468396,0.08108108108108109,0.10372771474878444,0.09061488673139159,0.0015748031496062992,0.09531772575250837,0.053763440860215055,0.08496732026143791,0.003189792663476874,0.1934477379095164,0.011235955056179775,0.022913256955810146,0.0016313213703099511,0.008210180623973728,0.054945054945054944,0.03145695364238411,0.0061633281972265025,0.0,0.01238390092879257,0.0016778523489932886,0.001597444089456869,0.06239737274220033,0.12796208530805686,0.08774834437086093,0.008223684210526315,0.03685897435897436,0.020569620253164556,0.014492753623188406,0.0,0.10367892976588629,0.1390284757118928,0.1951219512195122,0.06799336650082918,0.043478260869565216,0.09577922077922078,0.019639934533551555,0.09609120521172639,0.07321131447587355,0.0,0.040372670807453416,0.06913183279742766,0.10412926391382406,0.10883280757097792,0.09409888357256778,0.006211180124223602,0.10466988727858294,0.13050570962479607,0.02823920265780731,0.10610932475884244,0.07177033492822966,0.029503105590062112,0.048465266558966075,0.02127659574468085,0.056218057921635436,0.06168831168831169,0.04081632653061224,0.13570274636510501,0.04251700680272109,0.14285714285714285,0.023178807947019868,0.17160686427457097,0.011513157894736841,0.007911392405063292,0.026058631921824105,0.08576051779935275,0.09655172413793103,0.0794392523364486,0.07796610169491526,0.08346709470304976,0.10891089108910891,0.05414551607445008,0.01932367149758454,0.049403747870528106,0.10236220472440945,0.046474358974358976,0.054313099041533544,0.011494252873563218,0.04462809917355372,0.1043872919818457,0.022913256955810146,0.0016722408026755853,0.044142614601018676,0.027823240589198037,0.09003215434083602,0.0,0.02384737678855326,0.1763779527559055,0.14125200642054575,0.10317460317460317,0.0165016501650165,0.0,0.009375,0.06965174129353234,0.034954407294832825,0.0,0.13657770800627944,0.006369426751592357,0.13636363636363635,0.0,0.030744336569579287,0.0016207455429497568,0.003215434083601286,0.1983739837398374,0.027597402597402596,0.024793388429752067,0.0016501650165016502,0.01353637901861252,0.0970873786407767,0.04865771812080537,0.014802631578947368,0.03924646781789639,0.05246422893481717,0.07264296754250386,0.06837606837606838,0.03288490284005979,0.030534351145038167,0.0392156862745098,0.040419161676646706,0.05910543130990415,0.008090614886731391,0.006825938566552901,0.038917089678511,0.015772870662460567,0.1648,0.06351791530944625,0.02912621359223301,0.30067567567567566,0.16352201257861634,0.10742496050552923
2013,1,9,prevalence,0.09384615384615384,0.21875,0.0016339869281045752,0.0,0.0,0.0,0.0681063122923588,0.010687022900763359,0.0016260162601626016,0.13474025974025974,0.003236245954692557,0.023728813559322035,0.004830917874396135,0.0,0.0,0.0234009360374415,0.003067484662576687,0.19171779141104295,0.01238390092879257,0.003194888178913738,0.01901743264659271,0.09090909090909091,0.0035087719298245615,0.0016420361247947454,0.1178343949044586,0.050761421319796954,0.00794912559618442,0.022375215146299483,0.0015698587127158557,0.0425531914893617,0.05076923076923077,0.0,0.0,0.2802547770700637,0.03815580286168521,0.0016155088852988692,0.0,0.15789473684210525,0.2003257328990228,0.14214876033057852,0.0016260162601626016,0.030303030303030304,0.0016260162601626016,0.0,0.01644736842105263,0.12300319488817892,0.030395136778115502,0.0,0.0064516129032258064,0.0,0.0015290519877675841,0.0032948929159802307,0.001607717041800643,0.03278688524590164,0.12480252764612954,0.0825242718446602,0.0,0.0016339869281045752,0.0016891891891891893,0.04118616144975288,0.0,0.021994134897360705,0.006069802731411229,0.0016181229773462784,0.027950310559006212,0.0202808112324493,0.014539579967689823,0.06485671191553545,0.012345679012345678,0.0032,0.011272141706924315,0.09609120521172639,0.09968354430379747,0.09935897435897435,0.08080808080808081,0.0031746031746031746,0.11824324324324324,0.021103896103896104,0.0932475884244373,0.0032414910858995136,0.274294670846395,0.011513157894736841,0.022838499184339316,0.001589825119236884,0.003316749585406302,0.04936305732484077,0.02508361204013378,0.0121580547112462,0.0,0.012345679012345678,0.0016638935108153079,0.001610305958132045,0.0685805422647528,0.0898876404494382,0.061224489795918366,0.0048,0.027156549520766772,0.00946372239747634,0.015822784810126583,0.0031847133757961785,0.08040201005025126,0.15736040609137056,0.19623233908948196,0.06840390879478828,0.054313099041533544,0.10737179487179487,0.02809917355371901,0.11054421768707483,0.06532663316582915,0.0,0.0440251572327044,0.048414023372287146,0.10582010582010581,0.10742496050552923,0.0987460815047022,0.012598425196850394,0.0889967637540453,0.15798319327731092,0.03177257525083612,0.08186195826645265,0.0282574568288854,0.029320987654320986,0.04,0.012987012987012988,0.05326460481099656,0.05365853658536585,0.021164021164021163,0.13162118780096307,0.05263157894736842,0.15625,0.03650793650793651,0.18322981366459629,0.019801980198019802,0.011111111111111112,0.04966887417218543,0.11717495987158909,0.08710801393728224,0.06230031948881789,0.06745362563237774,0.06946688206785137,0.17647058823529413,0.06420545746388442,0.02388535031847134,0.03773584905660377,0.08227848101265822,0.05362776025236593,0.029780564263322883,0.004942339373970346,0.04411764705882353,0.10898379970544919,0.01639344262295082,0.010033444816053512,0.059726962457337884,0.03409090909090909,0.09405940594059406,0.0,0.022364217252396165,0.14705882352941177,0.1309328968903437,0.09922480620155039,0.01639344262295082,0.0,0.01834862385321101,0.06602254428341385,0.04354354354354354,0.001564945226917058,0.10845295055821372,0.008237232289950576,0.1192368839427663,0.0,0.06291390728476821,0.003205128205128205,0.008077544426494346,0.1964856230031949,0.01461038961038961,0.031096563011456628,0.0049261083743842365,0.013136288998357963,0.08305647840531562,0.03691813804173355,0.0165016501650165,0.029411764705882353,0.07213114754098361,0.06962025316455696,0.07859531772575251,0.029498525073746312,0.036753445635528334,0.028052805280528052,0.0390015600624025,0.04754358161648178,0.004909983633387889,0.009917355371900827,0.018272425249169437,0.02365930599369085,0.168,0.04607508532423208,0.0180623973727422,0.24369747899159663,0.16246056782334384,0.06708268330733229
2014,1,9,prevalence,0.0985691573926868,0.27607361963190186,0.0016638935108153079,0.0,0.0,0.0,0.047933884297520664,0.0030349013657056147,0.001652892561983471,0.11272141706924316,0.0032626427406199023,0.04047217537942664,0.0032258064516129032,0.0,0.0,0.03230769230769231,0.0015360983102918587,0.24962178517397882,0.007716049382716049,0.0016313213703099511,0.030303030303030304,0.12521440823327615,0.001763668430335097,0.005110732538330494,0.10823909531502424,0.04655172413793104,0.009554140127388535,0.03691275167785235,0.001557632398753894,0.029079159935379646,0.05714285714285714,0.0,0.0,0.24758842443729903,0.017241379310344827,0.0016181229773462784,0.0,0.14423076923076922,0.16449511400651465,0.09230769230769231,0.0016313213703099511,0.023064250411861616,0.0,0.0,0.006339144215530904,0.15594855305466238,0.0319634703196347,0.001639344262295082,0.01098901098901099,0.0016891891891891893,0.0015479876160990713,0.0032,0.0016722408026755853,0.027375201288244767,0.12071778140293637,0.07827476038338659,0.0,0.0016155088852988692,0.0,0.05813953488372093,0.0,0.023154848046309694,0.007621951219512195,0.001610305958132045,0.015360983102918587,0.018867924528301886,0.01732283464566929,0.05714285714285714,0.01228878648233487,0.006420545746388443,0.017770597738287562,0.07967479674796749,0.06739811912225706,0.06655844155844155,0.07947019867549669,0.0015360983102918587,0.11904761904761904,0.0218408736349454,0.10097719869706841,0.004846526655896607,0.28139904610492844,0.008210180623973728,0.011146496815286623,0.0015527950310559005,0.004792332268370607,0.013740458015267175,0.026578073089700997,0.006006006006006006,0.0,0.009433962264150943,0.006600660066006601,0.0016260162601626016,0.10702875399361023,0.0912,0.040268456375838924,0.004709576138147566,0.018575851393188854,0.01309328968903437,0.028169014084507043,0.0078003120124804995,0.07885906040268456,0.1636060100166945,0.1763779527559055,0.08214849921011058,0.052545155993431854,0.15689381933438987,0.02476780185758514,0.09475465313028765,0.1310116086235489,0.0,0.02909647779479326,0.04612850082372323,0.1445993031358885,0.07903225806451612,0.08888888888888889,0.00946372239747634,0.06633499170812604,0.16282894736842105,0.02903225806451613,0.07631160572337042,0.027156549520766772,0.03343465045592705,0.023961661341853034,0.013266998341625208,0.02072538860103627,0.057233704292527825,0.017064846416382253,0.13810316139767054,0.06333333333333334,0.1458670988654781,0.03459119496855346,0.18354430379746836,0.01839464882943144,0.023923444976076555,0.07119205298013245,0.10126582278481013,0.07179487179487179,0.044374009508716325,0.07445008460236886,0.05608974358974359,0.2176759410801964,0.06962025316455696,0.006546644844517185,0.05818181818181818,0.08723747980613894,0.057722308892355696,0.019169329073482427,0.009836065573770493,0.03927986906710311,0.08100147275405008,0.0192,0.015100671140939598,0.05862646566164154,0.025196850393700787,0.08681672025723473,0.0,0.020602218700475437,0.1974921630094044,0.14354066985645933,0.09375,0.017973856209150325,0.0,0.023474178403755867,0.0681063122923588,0.06116207951070336,0.0,0.07849293563579278,0.0032948929159802307,0.08253968253968254,0.0016891891891891893,0.10048622366288493,0.0016025641025641025,0.006600660066006601,0.15814696485623003,0.03130148270181219,0.04404567699836868,0.001692047377326565,0.014729950900163666,0.07809847198641766,0.06220095693779904,0.02364864864864865,0.023006134969325152,0.07178631051752922,0.05329153605015674,0.08925619834710743,0.042879019908116385,0.029940119760479042,0.03565640194489465,0.03076923076923077,0.07717041800643087,0.006688963210702341,0.01507537688442211,0.021241830065359478,0.01238390092879257,0.15698587127158556,0.03350083752093802,0.020066889632107024,0.13866231647634583,0.18489984591679506,0.06995230524642289
2015,1,9,prevalence,0.078003120124805,0.3231240428790199,0.0016722408026755853,0.0,0.0,0.0,0.04576271186440678,0.004545454545454545,0.0016420361247947454,0.11147011308562198,0.003179650238473768,0.04006410256410257,0.0031446540880503146,0.0,0.0,0.03863987635239567,0.0015698587127158557,0.2606060606060606,0.009787928221859706,0.0031645569620253164,0.05379746835443038,0.11333333333333333,0.0017513134851138354,0.005067567567567568,0.08455284552845528,0.05612244897959184,0.01437699680511182,0.03236797274275979,0.0029717682020802376,0.024,0.0457516339869281,0.0,0.0,0.23557692307692307,0.02664576802507837,0.0,0.0,0.1053484602917342,0.11494252873563218,0.09747899159663866,0.0,0.00946372239747634,0.0,0.0,0.004761904761904762,0.14402618657937807,0.030303030303030304,0.0016129032258064516,0.009554140127388535,0.0,0.001564945226917058,0.003179650238473768,0.001644736842105263,0.030894308943089432,0.08589951377633712,0.054945054945054944,0.0,0.007936507936507936,0.003110419906687403,0.05977382875605816,0.0016233766233766235,0.02295552367288379,0.014240506329113924,0.0,0.012461059190031152,0.0141287284144427,0.011182108626198083,0.03048780487804878,0.012678288431061807,0.0032733224222585926,0.030844155844155844,0.07119205298013245,0.052547770700636945,0.05115511551155116,0.08803986710963455,0.008156606851549755,0.08121827411167512,0.027156549520766772,0.07281553398058252,0.0016611295681063123,0.28526148969889065,0.0064516129032258064,0.0061633281972265025,0.0015455950540958269,0.006369426751592357,0.010869565217391304,0.020338983050847456,0.004573170731707317,0.0,0.015822784810126583,0.014754098360655738,0.0047694753577106515,0.11308562197092084,0.07142857142857142,0.02090032154340836,0.009819967266775777,0.027070063694267517,0.01910828025477707,0.019261637239165328,0.007911392405063292,0.09693877551020408,0.1455160744500846,0.14756671899529042,0.08346709470304976,0.04739336492890995,0.15883306320907617,0.019637462235649546,0.09800664451827243,0.19131832797427653,0.0,0.018838304552590265,0.03054662379421222,0.13903743315508021,0.06655844155844155,0.07814992025518341,0.011627906976744186,0.034071550255536626,0.18760195758564438,0.02823920265780731,0.07580645161290323,0.021638330757341576,0.032407407407407406,0.0125,0.026402640264026403,0.02512562814070352,0.06230529595015576,0.03547297297297297,0.1323283082077052,0.0664451827242525,0.11147011308562198,0.03943217665615142,0.15644171779141106,0.024429967426710098,0.025559105431309903,0.06557377049180328,0.0782472613458529,0.07296849087893864,0.03761755485893417,0.06942148760330578,0.04071661237785016,0.20098846787479407,0.05837173579109063,0.0096,0.06228373702422145,0.05144694533762058,0.059907834101382486,0.019169329073482427,0.017543859649122806,0.03503184713375796,0.06015037593984962,0.022727272727272728,0.03198653198653199,0.03459637561779242,0.03286384976525822,0.09950248756218906,0.001607717041800643,0.025196850393700787,0.24100156494522693,0.12939297124600638,0.07332293291731669,0.016722408026755852,0.0016155088852988692,0.018518518518518517,0.08524590163934426,0.07680491551459294,0.0015772870662460567,0.11374407582938388,0.0052173913043478265,0.06060606060606061,0.003436426116838488,0.08609271523178808,0.0016129032258064516,0.00964630225080386,0.11624203821656051,0.03289473684210526,0.043478260869565216,0.0017094017094017094,0.020942408376963352,0.06960950764006792,0.05511811023622047,0.03614457831325301,0.026687598116169546,0.06666666666666667,0.07255520504731862,0.10679611650485436,0.04885496183206107,0.0243161094224924,0.04220779220779221,0.012441679626749611,0.06035889070146819,0.017915309446254073,0.01990049751243781,0.014900662251655629,0.007861635220125786,0.1449044585987261,0.031932773109243695,0.03236797274275979,0.1045958795562599,0.15765069551777433,0.05592105263157895
2016,1,9,prevalence,0.06200317965023847,0.28217054263565894,0.001658374792703151,0.0,0.0,0.0,0.0338409475465313,0.0015151515151515152,0.0017064846416382253,0.07987220447284345,0.003215434083601286,0.035483870967741936,0.001584786053882726,0.0,0.0,0.03387096774193549,0.0015600624024961,0.24962630792227206,0.0096,0.001607717041800643,0.044657097288676235,0.12106135986733002,0.0016750418760469012,0.003289473684210526,0.07717569786535304,0.05042016806722689,0.01282051282051282,0.015517241379310345,0.0030349013657056147,0.02358490566037736,0.05663430420711974,0.0,0.0,0.18600953895071543,0.0430622009569378,0.0,0.0,0.07142857142857142,0.09693053311793215,0.08,0.0015873015873015873,0.007861635220125786,0.001594896331738437,0.0,0.016516516516516516,0.13179571663920922,0.03840245775729647,0.001579778830963665,0.008130081300813009,0.001610305958132045,0.003048780487804878,0.0032102728731942215,0.0017064846416382253,0.029508196721311476,0.06655844155844155,0.038338658146964855,0.0,0.013311148086522463,0.00906344410876133,0.036334913112164295,0.0016778523489932886,0.02582496413199426,0.009448818897637795,0.0017035775127768314,0.013392857142857142,0.009478672985781991,0.0046875,0.02945736434108527,0.007849293563579277,0.00487012987012987,0.0214168039538715,0.06403940886699508,0.046251993620414676,0.06722689075630252,0.056451612903225805,0.009554140127388535,0.05442176870748299,0.019261637239165328,0.07281553398058252,0.0016501650165016502,0.17174959871589085,0.004893964110929853,0.004622496147919877,0.0,0.01129032258064516,0.0176,0.02385008517887564,0.003115264797507788,0.0015552099533437014,0.012987012987012988,0.0032626427406199023,0.001584786053882726,0.10543130990415335,0.054635761589403975,0.027243589743589744,0.01485148514851485,0.034161490683229816,0.01732283464566929,0.0124804992199688,0.006493506493506494,0.09484193011647254,0.15268456375838926,0.14037854889589904,0.11726384364820847,0.03599374021909233,0.15942028985507245,0.019667170953101363,0.07588532883642496,0.21394611727416799,0.0016638935108153079,0.007874015748031496,0.02622950819672131,0.1686541737649063,0.08681135225375626,0.06270096463022508,0.02113821138211382,0.027874564459930314,0.13122923588039867,0.021172638436482084,0.08143322475570032,0.014446227929373997,0.046948356807511735,0.012598425196850394,0.03361344537815126,0.01485148514851485,0.10220125786163523,0.04991394148020654,0.10631229235880399,0.08925619834710743,0.11423841059602649,0.061389337641357025,0.12349397590361445,0.038461538461538464,0.018292682926829267,0.08095238095238096,0.09888357256778309,0.0728476821192053,0.01901743264659271,0.05388272583201268,0.025974025974025976,0.1895424836601307,0.051643192488262914,0.009216589861751152,0.06842105263157895,0.04730831973898858,0.02511773940345369,0.023510971786833857,0.014263074484944533,0.028938906752411574,0.05185185185185185,0.021346469622331693,0.03270223752151463,0.02711864406779661,0.012718600953895072,0.09656301145662848,0.003194888178913738,0.029411764705882353,0.21798780487804878,0.1339712918660287,0.06184012066365008,0.023931623931623933,0.0,0.03338391502276176,0.08429752066115702,0.07132018209408195,0.0031847133757961785,0.14331210191082802,0.005154639175257732,0.04,0.003401360544217687,0.08250825082508251,0.0016129032258064516,0.012841091492776886,0.08038585209003216,0.027868852459016394,0.056179775280898875,0.0017271157167530224,0.010344827586206896,0.044142614601018676,0.05754276827371695,0.03672787979966611,0.017214397496087636,0.05811965811965812,0.09733124018838304,0.10909090909090909,0.06309148264984227,0.018292682926829267,0.05750798722044728,0.012102874432677761,0.04426229508196721,0.019639934533551555,0.012759170653907496,0.011686143572621035,0.009036144578313253,0.09693053311793215,0.041254125412541254,0.03608247422680412,0.06074766355140187,0.14683153013910355,0.06818181818181818
2017,1,9,prevalence,0.0878594249201278,0.328149300155521,0.001658374792703151,0.0,0.003115264797507788,0.0,0.01800327332242226,0.0,0.0017035775127768314,0.07009345794392523,0.0016181229773462784,0.038338658146964855,0.0,0.0,0.0,0.023450586264656615,0.0016129032258064516,0.2188449848024316,0.011705685618729096,0.0,0.033925686591276254,0.11986863711001643,0.001652892561983471,0.008103727714748784,0.0755336617405583,0.05396290050590219,0.011326860841423949,0.02027027027027027,0.004497751124437781,0.017001545595054096,0.03662420382165605,0.0,0.0,0.1600633914421553,0.028985507246376812,0.0,0.0,0.06708268330733229,0.06035889070146819,0.0594855305466238,0.0016155088852988692,0.01461038961038961,0.003134796238244514,0.004761904761904762,0.03770739064856712,0.11960132890365449,0.044753086419753084,0.0015772870662460567,0.00644122383252818,0.013050570962479609,0.007530120481927711,0.0016129032258064516,0.0016638935108153079,0.033123028391167195,0.03864734299516908,0.04019292604501608,0.0,0.013179571663920923,0.009009009009009009,0.0352,0.0016556291390728477,0.018518518518518517,0.02576489533011272,0.0016638935108153079,0.012030075187969926,0.011075949367088608,0.009478672985781991,0.03015873015873016,0.00933125972006221,0.009724473257698542,0.023064250411861616,0.07364975450081833,0.028526148969889066,0.07885906040268456,0.06741573033707865,0.00964630225080386,0.046052631578947366,0.022508038585209004,0.051118210862619806,0.0016556291390728477,0.1332263242375602,0.025437201907790145,0.009316770186335404,0.0,0.011272141706924315,0.0224,0.02823920265780731,0.009433962264150943,0.006389776357827476,0.030254777070063694,0.014705882352941176,0.0,0.06829268292682927,0.0429042904290429,0.03398058252427184,0.029173419773095625,0.0288,0.022082018927444796,0.012403100775193798,0.0033112582781456954,0.0735042735042735,0.13953488372093023,0.10166919575113809,0.11631663974151858,0.03426791277258567,0.1372854914196568,0.01812688821752266,0.07980456026058631,0.21518987341772153,0.0033222591362126247,0.0032258064516129032,0.02113821138211382,0.1686746987951807,0.09417808219178082,0.04006410256410257,0.04590163934426229,0.03316749585406302,0.09134615384615384,0.0224,0.0816,0.01584786053882726,0.044444444444444446,0.02047244094488189,0.035175879396984924,0.001594896331738437,0.1060126582278481,0.04591836734693878,0.09516129032258064,0.07214765100671142,0.11056105610561057,0.049441786283891544,0.08358662613981763,0.03594771241830065,0.013782542113323124,0.0784,0.0768,0.0812603648424544,0.01238390092879257,0.05422647527910686,0.01192504258943782,0.15359477124183007,0.043478260869565216,0.012326656394453005,0.06401384083044982,0.05472636815920398,0.035483870967741936,0.01584786053882726,0.012213740458015267,0.025157232704402517,0.02753623188405797,0.006472491909385114,0.019672131147540985,0.030201342281879196,0.02037617554858934,0.09271523178807947,0.00980392156862745,0.04314329738058552,0.18935837245696402,0.10078740157480315,0.048484848484848485,0.038397328881469114,0.0,0.022796352583586626,0.06622516556291391,0.08031496062992126,0.004761904761904762,0.10837438423645321,0.013513513513513514,0.03531300160513644,0.0033112582781456954,0.09149277688603531,0.0016286644951140066,0.01579778830963665,0.06756756756756757,0.015100671140939598,0.048701298701298704,0.0017064846416382253,0.012280701754385965,0.05647840531561462,0.07255520504731862,0.039473684210526314,0.030959752321981424,0.06196213425129088,0.0565149136577708,0.11488673139158576,0.07062600321027288,0.018433179723502304,0.05672609400324149,0.01676829268292683,0.037953795379537955,0.025806451612903226,0.0096,0.009708737864077669,0.011217948717948718,0.10256410256410256,0.029900332225913623,0.0378657487091222,0.043076923076923075,0.12218649517684887,0.08143322475570032
2018,1,9,prevalence,0.06807131280388978,0.2251552795031056,0.0,0.0,0.003134796238244514,0.0,0.03064516129032258,0.0,0.0,0.07484076433121019,0.0016207455429497568,0.03645007923930269,0.0,0.0,0.0,0.025,0.0,0.12691131498470948,0.011824324324324325,0.0,0.0464,0.07272727272727272,0.0,0.016181229773462782,0.0732899022801303,0.07072368421052631,0.012861736334405145,0.01957585644371941,0.003110419906687403,0.022116903633491312,0.038338658146964855,0.0,0.006578947368421052,0.1189358372456964,0.024232633279483037,0.0,0.0,0.0594855305466238,0.038461538461538464,0.044233807266982623,0.0016129032258064516,0.011345218800648298,0.004622496147919877,0.02254428341384863,0.03259259259259259,0.0890302066772655,0.0440251572327044,0.0031645569620253164,0.014925373134328358,0.011235955056179775,0.006299212598425197,0.0016025641025641025,0.0049261083743842365,0.03642384105960265,0.05305466237942122,0.03864734299516908,0.0016501650165016502,0.017713365539452495,0.021052631578947368,0.03129890453834116,0.001652892561983471,0.021367521367521368,0.039936102236421724,0.003305785123966942,0.007575757575757576,0.017713365539452495,0.017377567140600316,0.030497592295345103,0.021604938271604937,0.00967741935483871,0.04111842105263158,0.0451505016722408,0.03125,0.08896210873146623,0.06343906510851419,0.008038585209003215,0.03715670436187399,0.01615508885298869,0.039936102236421724,0.0017064846416382253,0.08064516129032258,0.011164274322169059,0.012718600953895072,0.0,0.0192,0.03328050713153724,0.026490066225165563,0.011075949367088608,0.0015873015873015873,0.025889967637540454,0.018092105263157895,0.0015923566878980893,0.05246422893481717,0.019417475728155338,0.04516129032258064,0.02593192868719611,0.022292993630573247,0.009523809523809525,0.018633540372670808,0.0017211703958691911,0.059931506849315065,0.09849749582637729,0.11392405063291139,0.08387096774193549,0.031007751937984496,0.1035548686244204,0.012139605462822459,0.06462035541195477,0.1480891719745223,0.0016155088852988692,0.004807692307692308,0.02287581699346405,0.132996632996633,0.10034013605442177,0.04404567699836868,0.026016260162601626,0.02054794520547945,0.07053291536050156,0.04186795491143317,0.05492730210016155,0.006299212598425197,0.027375201288244767,0.027287319422150885,0.0512396694214876,0.004909983633387889,0.09838709677419355,0.026622296173044926,0.12598425196850394,0.058823529411764705,0.11822660098522167,0.05714285714285714,0.03840245775729647,0.05518394648829431,0.0062402496099844,0.0685805422647528,0.05144694533762058,0.050488599348534204,0.004665629860031105,0.045454545454545456,0.016835016835016835,0.13114754098360656,0.044850498338870434,0.034108527131782945,0.07583774250440917,0.04658901830282862,0.02702702702702703,0.0048543689320388345,0.00764525993883792,0.012345679012345678,0.023809523809523808,0.009836065573770493,0.01680672268907563,0.011764705882352941,0.020186335403726708,0.09075907590759076,0.01529051987767584,0.02034428794992175,0.15132605304212168,0.08169934640522876,0.04791344667697063,0.025423728813559324,0.004838709677419355,0.015455950540958269,0.052969502407704656,0.07378335949764521,0.006289308176100629,0.0805921052631579,0.018425460636515914,0.04582651391162029,0.0033444816053511705,0.07729468599033816,0.003205128205128205,0.03358778625954199,0.0657672849915683,0.01877133105802048,0.0624,0.0,0.017421602787456445,0.05098684210526316,0.06376360808709176,0.026101141924959218,0.0392156862745098,0.06597222222222222,0.040625,0.13344051446945338,0.0492845786963434,0.03134796238244514,0.08443708609271523,0.020155038759689922,0.02533783783783784,0.04501607717041801,0.009630818619582664,0.0032102728731942215,0.009615384615384616,0.09313725490196079,0.027597402597402596,0.01697792869269949,0.030303030303030304,0.08856682769726248,0.06976744186046512
2019,1,9,prevalence,0.07223113964686999,0.16377952755905512,0.0,0.0,0.001584786053882726,0.0,0.03398058252427184,0.0030257186081694403,0.0,0.07668231611893583,0.0031746031746031746,0.02857142857142857,0.0,0.0,0.0,0.0333889816360601,0.005050505050505051,0.07728706624605679,0.00505902192242833,0.0,0.028391167192429023,0.07401574803149606,0.0032310177705977385,0.022292993630573247,0.0688,0.05950413223140496,0.02768729641693811,0.014423076923076924,0.001584786053882726,0.0208,0.0315955766192733,0.0,0.004777070063694267,0.11146496815286625,0.017713365539452495,0.0016155088852988692,0.0,0.05177993527508091,0.0322061191626409,0.03764320785597381,0.0016420361247947454,0.011217948717948718,0.004665629860031105,0.025682182985553772,0.04185351270553064,0.08054711246200608,0.04508856682769726,0.0031201248049922,0.03130148270181219,0.014240506329113924,0.006220839813374806,0.0016339869281045752,0.006589785831960461,0.04,0.03316749585406302,0.03622047244094488,0.001652892561983471,0.022727272727272728,0.014925373134328358,0.023622047244094488,0.0016556291390728477,0.01881331403762663,0.04272151898734177,0.003284072249589491,0.0106544901065449,0.014586709886547812,0.014634146341463415,0.03503184713375796,0.024193548387096774,0.01910828025477707,0.0490506329113924,0.02631578947368421,0.03577235772357724,0.05392156862745098,0.05263157894736842,0.0196078431372549,0.03459637561779242,0.014354066985645933,0.05627009646302251,0.0,0.05642633228840126,0.03697749196141479,0.009230769230769232,0.0,0.03278688524590164,0.024193548387096774,0.01935483870967742,0.014018691588785047,0.0,0.01877133105802048,0.014900662251655629,0.0096,0.050473186119873815,0.027419354838709678,0.04700162074554295,0.04019292604501608,0.019169329073482427,0.00966183574879227,0.02599388379204893,0.0049586776859504135,0.05432937181663837,0.06610169491525424,0.09247648902821316,0.0594855305466238,0.04409448818897638,0.10108864696734059,0.009244992295839754,0.04697986577181208,0.11616954474097331,0.007680491551459293,0.0078125,0.01620745542949757,0.0766721044045677,0.06949152542372881,0.03179650238473768,0.024793388429752067,0.021996615905245348,0.04791344667697063,0.03668261562998405,0.022653721682847898,0.006299212598425197,0.0180623973727422,0.028145695364238412,0.050080775444264945,0.0016474464579901153,0.0932475884244373,0.015151515151515152,0.09984152139461172,0.06451612903225806,0.09650582362728785,0.0484375,0.022796352583586626,0.04785478547854786,0.014218009478672985,0.037520391517128875,0.03350083752093802,0.05329153605015674,0.006230529595015576,0.050314465408805034,0.006600660066006601,0.11371237458193979,0.022653721682847898,0.02527646129541864,0.06631762652705062,0.03993344425956739,0.01904761904761905,0.0031397174254317113,0.011146496815286623,0.011041009463722398,0.02616279069767442,0.012944983818770227,0.02891156462585034,0.016474464579901153,0.019908116385911178,0.09932659932659933,0.015128593040847202,0.011093502377179081,0.09133858267716535,0.07496012759170653,0.049206349206349205,0.014975041597337771,0.006269592476489028,0.02465331278890601,0.05683563748079877,0.050080775444264945,0.011570247933884297,0.06,0.012006861063464836,0.033277870216306155,0.005042016806722689,0.06687898089171974,0.004846526655896607,0.06103286384976526,0.07933884297520662,0.020134228187919462,0.04285714285714286,0.0,0.015570934256055362,0.05161290322580645,0.060842433697347896,0.02155887230514096,0.039634146341463415,0.02040816326530612,0.027993779160186624,0.10049423393739704,0.048939641109298535,0.05180533751962323,0.07325383304940375,0.014308426073131956,0.030456852791878174,0.04225352112676056,0.01932367149758454,0.0,0.00782472613458529,0.06851549755301795,0.020833333333333332,0.011363636363636364,0.015197568389057751,0.07692307692307693,0.05140961857379768
2020,1,9,prevalence,0.07601351351351351,0.08763693270735524,0.0,0.0,0.0,0.0,0.034161490683229816,0.010835913312693499,0.0,0.07418397626112759,0.0,0.021666666666666667,0.001579778830963665,0.0,0.0,0.03361344537815126,0.006700167504187605,0.05076923076923077,0.004909983633387889,0.0,0.02254428341384863,0.08682170542635659,0.0031397174254317113,0.01779935275080906,0.06369426751592357,0.051070840197693576,0.0463258785942492,0.016025641025641024,0.0015873015873015873,0.027950310559006212,0.018461538461538463,0.0,0.003278688524590164,0.0816,0.0112,0.004777070063694267,0.0,0.030944625407166124,0.04739336492890995,0.03739837398373984,0.00676818950930626,0.011532125205930808,0.004792332268370607,0.027419354838709678,0.026825633383010434,0.0705521472392638,0.029411764705882353,0.004615384615384616,0.027777777777777776,0.012403100775193798,0.006289308176100629,0.0016339869281045752,0.004846526655896607,0.0392156862745098,0.03600654664484452,0.034976152623211444,0.001652892561983471,0.02155887230514096,0.006069802731411229,0.024844720496894408,0.0016835016835016834,0.016058394160583942,0.03987240829346093,0.0034129692832764505,0.02066772655007949,0.013157894736842105,0.019261637239165328,0.04862236628849271,0.0210016155088853,0.013029315960912053,0.06329113924050633,0.009771986970684038,0.04145936981757877,0.04152823920265781,0.03685092127303183,0.017628205128205128,0.022435897435897436,0.04889589905362776,0.03697996918335902,0.001694915254237288,0.0467741935483871,0.01935483870967742,0.0106544901065449,0.0,0.024429967426710098,0.019867549668874173,0.016611295681063124,0.01661631419939577,0.0,0.02702702702702703,0.016420361247947456,0.022913256955810146,0.03803486529318542,0.05324459234608985,0.04071661237785016,0.03980891719745223,0.024271844660194174,0.014150943396226415,0.04953560371517028,0.012110726643598616,0.0429042904290429,0.03664921465968586,0.06018518518518518,0.03442622950819672,0.06141732283464567,0.08268330733229329,0.012598425196850394,0.051580698835274545,0.0875796178343949,0.019817073170731708,0.0210016155088853,0.011164274322169059,0.05654281098546042,0.05823627287853577,0.0359375,0.02773246329526917,0.03471074380165289,0.03442879499217527,0.03767660910518053,0.012965964343598054,0.02047244094488189,0.014802631578947368,0.022913256955810146,0.05806451612903226,0.0061823802163833074,0.06085526315789474,0.014446227929373997,0.06220095693779904,0.07108239095315025,0.08196721311475409,0.037914691943127965,0.02009273570324575,0.03130148270181219,0.027243589743589744,0.027597402597402596,0.03161397670549085,0.0405616224648986,0.011075949367088608,0.049206349206349205,0.018092105263157895,0.08443708609271523,0.026446280991735537,0.02627511591962906,0.047872340425531915,0.03273322422258593,0.03134796238244514,0.008064516129032258,0.024844720496894408,0.011111111111111112,0.02702702702702703,0.01589825119236884,0.028523489932885907,0.01584786053882726,0.03067484662576687,0.0594059405940594,0.015432098765432098,0.00967741935483871,0.05625,0.07281553398058252,0.024539877300613498,0.02023608768971332,0.009584664536741214,0.0218408736349454,0.033950617283950615,0.05172413793103448,0.01155115511551155,0.028286189683860232,0.011804384485666104,0.03316749585406302,0.006546644844517185,0.05977382875605816,0.003401360544217687,0.06976744186046512,0.05218855218855219,0.015100671140939598,0.04503105590062112,0.0,0.014109347442680775,0.04065040650406504,0.07283763277693475,0.019769357495881382,0.043410852713178294,0.001718213058419244,0.03599374021909233,0.07907742998352553,0.03639240506329114,0.04813664596273292,0.06506849315068493,0.0192,0.023809523809523808,0.06818181818181818,0.014331210191082803,0.014563106796116505,0.008051529790660225,0.03934426229508197,0.016260162601626018,0.01732283464566929,0.01854714064914992,0.08493589743589744,0.05084745762711865
2021,1,9,prevalence,0.05123674911660778,0.08176100628930817,0.0,0.0,0.0,0.0,0.040498442367601244,0.011128775834658187,0.0,0.06470588235294118,0.0,0.011475409836065573,0.003110419906687403,0.0,0.0,0.055077452667814115,0.014950166112956811,0.0336,0.004901960784313725,0.0015600624024961,0.03896103896103896,0.03918495297805643,0.007621951219512195,0.02066772655007949,0.0448,0.041025641025641026,0.01932367149758454,0.015313935681470138,0.0,0.03840245775729647,0.009389671361502348,0.0,0.004878048780487805,0.058084772370486655,0.011419249592169658,0.0031496062992125984,0.0,0.029508196721311476,0.04784688995215311,0.026446280991735537,0.0051813471502590676,0.021346469622331693,0.004724409448818898,0.030911901081916538,0.03840245775729647,0.056074766355140186,0.026813880126182965,0.0030816640986132513,0.029173419773095625,0.01729559748427673,0.0032626427406199023,0.0,0.003205128205128205,0.03354632587859425,0.022617124394184167,0.020766773162939296,0.003395585738539898,0.034653465346534656,0.008862629246676515,0.025682182985553772,0.0016750418760469012,0.005805515239477504,0.052545155993431854,0.0033500837520938024,0.024806201550387597,0.01794453507340946,0.012779552715654952,0.0361247947454844,0.011456628477905073,0.02847571189279732,0.07827476038338659,0.011164274322169059,0.03722504230118443,0.03403565640194489,0.024469820554649267,0.024271844660194174,0.024806201550387597,0.04711246200607903,0.05100463678516229,0.005110732538330494,0.043548387096774194,0.0196078431372549,0.01188707280832095,0.0,0.02321724709784411,0.018272425249169437,0.013245033112582781,0.0109717868338558,0.0,0.021666666666666667,0.008237232289950576,0.01866251944012442,0.03184713375796178,0.030405405405405407,0.029508196721311476,0.029780564263322883,0.03400309119010819,0.029641185647425898,0.047839506172839504,0.016891891891891893,0.02809917355371901,0.026845637583892617,0.08294209702660407,0.04878048780487805,0.0440251572327044,0.03379416282642089,0.008077544426494346,0.04,0.053712480252764615,0.028081123244929798,0.01594896331738437,0.008130081300813009,0.059907834101382486,0.03355704697986577,0.027243589743589744,0.03980099502487562,0.021172638436482084,0.04472843450479233,0.05521472392638037,0.012618296529968454,0.03164556962025317,0.019834710743801654,0.01957585644371941,0.046104928457869634,0.01866251944012442,0.03639240506329114,0.007874015748031496,0.050078247261345854,0.04241435562805873,0.04304635761589404,0.018691588785046728,0.009538950715421303,0.0210016155088853,0.05573248407643312,0.030694668820678513,0.012965964343598054,0.030395136778115502,0.02050473186119874,0.05229793977812995,0.023026315789473683,0.057660626029654036,0.022913256955810146,0.027156549520766772,0.046232876712328765,0.039538714991762765,0.03328050713153724,0.011111111111111112,0.03129890453834116,0.006144393241167435,0.040310077519379844,0.020061728395061727,0.03664921465968586,0.014195583596214511,0.03903903903903904,0.03536977491961415,0.009316770186335404,0.019230769230769232,0.05100463678516229,0.04566929133858268,0.047839506172839504,0.012048192771084338,0.012738853503184714,0.0196078431372549,0.0358814352574103,0.06366459627329192,0.013333333333333334,0.029654036243822075,0.006666666666666667,0.022838499184339316,0.008156606851549755,0.047933884297520664,0.003372681281618887,0.03951367781155015,0.06166666666666667,0.020967741935483872,0.02945736434108527,0.0,0.0387858347386172,0.06430868167202572,0.07275541795665634,0.021103896103896104,0.033950617283950615,0.006837606837606838,0.044585987261146494,0.04051863857374392,0.03864734299516908,0.07668711656441718,0.08006814310051108,0.01597444089456869,0.03208556149732621,0.06280193236714976,0.0109717868338558,0.031496062992125984,0.012924071082390954,0.019417475728155338,0.021487603305785124,0.029595015576323987,0.039816232771822356,0.071875,0.05704697986577181
2022,1,9,prevalence,0.04280821917808219,0.05396825396825397,0.0,0.0,0.0,0.0,0.05606060606060606,0.009693053311793215,0.0,0.08433734939759036,0.0032948929159802307,0.011182108626198083,0.004761904761904762,0.0,0.0,0.05115511551155116,0.01800327332242226,0.0467741935483871,0.00487012987012987,0.0015384615384615385,0.0463258785942492,0.03949447077409163,0.01088646967340591,0.011182108626198083,0.0491283676703645,0.025380710659898477,0.019230769230769232,0.006230529595015576,0.0,0.03755868544600939,0.012364760432766615,0.0,0.0032679738562091504,0.028481012658227847,0.019448946515397084,0.0031847133757961785,0.0,0.032948929159802305,0.03184713375796178,0.0448,0.0068846815834767644,0.01729559748427673,0.004777070063694267,0.042488619119878605,0.03576982892690513,0.03650793650793651,0.029548989113530325,0.0031201248049922,0.04081632653061224,0.017107309486780714,0.003355704697986577,0.0,0.0016286644951140066,0.04078549848942598,0.02694136291600634,0.039936102236421724,0.0033112582781456954,0.029411764705882353,0.007342143906020558,0.028616852146263912,0.003284072249589491,0.010510510510510511,0.0759493670886076,0.003424657534246575,0.012578616352201259,0.013136288998357963,0.004909983633387889,0.03656597774244833,0.024834437086092714,0.033003300330033,0.09328968903436989,0.014705882352941176,0.047697368421052634,0.04487179487179487,0.016366612111292964,0.02190923317683881,0.01726844583987441,0.040123456790123455,0.0832,0.0,0.03333333333333333,0.021775544388609715,0.0076103500761035,0.0015503875968992248,0.018272425249169437,0.02922077922077922,0.013201320132013201,0.009708737864077669,0.0,0.020134228187919462,0.008333333333333333,0.027950310559006212,0.04723127035830619,0.04288164665523156,0.020602218700475437,0.03474320241691843,0.03054662379421222,0.04897314375987362,0.04747320061255743,0.03177257525083612,0.04132231404958678,0.04318936877076412,0.0921875,0.08774834437086093,0.02511773940345369,0.05817610062893082,0.0031496062992125984,0.06290322580645161,0.05,0.025039123630672927,0.009478672985781991,0.0176,0.053516819571865444,0.03577512776831346,0.014218009478672985,0.027960526315789474,0.05967741935483871,0.059748427672955975,0.07248520710059171,0.014754098360655738,0.028616852146263912,0.017828200972447326,0.011400651465798045,0.06821705426356589,0.0265210608424337,0.034976152623211444,0.015873015873015872,0.07121212121212121,0.03636363636363636,0.030894308943089432,0.01935483870967742,0.0047694753577106515,0.00322061191626409,0.040453074433656956,0.02403846153846154,0.008375209380234505,0.025602409638554216,0.012539184952978056,0.06129032258064516,0.0176,0.02155887230514096,0.018211920529801324,0.04426229508196721,0.07094594594594594,0.035653650254668934,0.045454545454545456,0.011272141706924315,0.030744336569579287,0.010622154779969651,0.06646058732612056,0.04113924050632911,0.042833607907743,0.018575851393188854,0.038348082595870206,0.0234375,0.0030911901081916537,0.01620745542949757,0.04707792207792208,0.04361873990306947,0.05763239875389408,0.012110726643598616,0.020766773162939296,0.019867549668874173,0.02531645569620253,0.07877813504823152,0.01669449081803005,0.02040816326530612,0.003418803418803419,0.027331189710610933,0.006279434850863423,0.05967741935483871,0.0017331022530329288,0.0344311377245509,0.0451505016722408,0.04173354735152488,0.028125,0.0,0.045060658578856154,0.10426540284360189,0.13198757763975155,0.009884678747940691,0.031545741324921134,0.01559792027729636,0.033950617283950615,0.04020100502512563,0.027419354838709678,0.1297709923664122,0.09106239460370995,0.006389776357827476,0.02992957746478873,0.0484375,0.018691588785046728,0.035256410256410256,0.010736196319018405,0.01620745542949757,0.01779935275080906,0.042789223454833596,0.0405616224648986,0.06528662420382166,0.06281833616298811
2023,1,9,prevalence,0.05360134003350084,0.06807131280388978,0.0,0.0,0.0016260162601626016,0.0,0.06959152798789713,0.01675041876046901,0.0,0.11485451761102604,0.003289473684210526,0.0031446540880503146,0.004651162790697674,0.001519756838905775,0.0015408320493066256,0.041254125412541254,0.021207177814029365,0.0733652312599681,0.004975124378109453,0.0,0.036303630363036306,0.0358814352574103,0.009174311926605505,0.018957345971563982,0.07981220657276995,0.011532125205930808,0.030694668820678513,0.0015408320493066256,0.0,0.04984423676012461,0.00906344410876133,0.0,0.003205128205128205,0.01567398119122257,0.019448946515397084,0.0,0.0,0.026936026936026935,0.03230769230769231,0.03508771929824561,0.003472222222222222,0.01818181818181818,0.003236245954692557,0.03522205206738132,0.025,0.035256410256410256,0.024844720496894408,0.0031201248049922,0.04792332268370607,0.014423076923076924,0.003316749585406302,0.0,0.0031645569620253164,0.03609022556390978,0.029503105590062112,0.0432,0.001652892561983471,0.022988505747126436,0.002890173410404624,0.029780564263322883,0.0032679738562091504,0.010638297872340425,0.10492845786963434,0.0016863406408094434,0.00473186119873817,0.019801980198019802,0.015,0.019138755980861243,0.027642276422764227,0.009615384615384616,0.09001636661211129,0.00964630225080386,0.04084967320261438,0.061514195583596214,0.029654036243822075,0.00980392156862745,0.019138755980861243,0.0631911532385466,0.07608695652173914,0.0,0.041935483870967745,0.014778325123152709,0.013910355486862442,0.0031545741324921135,0.01818181818181818,0.01507537688442211,0.01615508885298869,0.0128,0.0,0.024193548387096774,0.004934210526315789,0.053763440860215055,0.07974481658692185,0.04208754208754209,0.014469453376205787,0.046686746987951805,0.06239737274220033,0.06310679611650485,0.04122137404580153,0.04794520547945205,0.0457516339869281,0.036303630363036306,0.12153846153846154,0.08695652173913043,0.036585365853658534,0.08411214953271028,0.006546644844517185,0.058823529411764705,0.03934426229508197,0.0289193302891933,0.011382113821138212,0.019672131147540985,0.05238828967642527,0.02666666666666667,0.015503875968992248,0.03896103896103896,0.07418856259659969,0.0761904761904762,0.0858433734939759,0.011804384485666104,0.025974025974025976,0.022727272727272728,0.016233766233766232,0.06595092024539877,0.04251968503937008,0.05186385737439222,0.012903225806451613,0.08766716196136701,0.032520325203252036,0.029605263157894735,0.025889967637540454,0.006299212598425197,0.004901960784313725,0.046251993620414676,0.025039123630672927,0.011844331641285956,0.04866562009419152,0.006259780907668232,0.0828125,0.011146496815286623,0.006557377049180328,0.023140495867768594,0.0624,0.07568438003220612,0.03741496598639456,0.07087827426810478,0.027331189710610933,0.030694668820678513,0.006211180124223602,0.0729483282674772,0.04897314375987362,0.04530201342281879,0.02511773940345369,0.04393939393939394,0.015313935681470138,0.003125,0.02254428341384863,0.02809917355371901,0.026813880126182965,0.04,0.015202702702702704,0.026058631921824105,0.0333889816360601,0.016025641025641024,0.08346972176759411,0.01818181818181818,0.03865546218487395,0.0032626427406199023,0.02903225806451613,0.0032310177705977385,0.059967585089141004,0.0017391304347826088,0.0638930163447251,0.05582922824302135,0.052132701421800945,0.033950617283950615,0.0,0.058419243986254296,0.10939907550077041,0.18195956454121306,0.006379585326953748,0.0315955766192733,0.017006802721088437,0.02631578947368421,0.05414551607445008,0.012861736334405145,0.15838509316770186,0.08635578583765112,0.009771986970684038,0.018739352640545145,0.06729264475743349,0.04128440366972477,0.03536977491961415,0.006125574272588055,0.0144,0.013114754098360656,0.03930817610062893,0.061806656101426306,0.06935483870967742,0.07035175879396985
2024,1,9,prevalence,0.06303236797274275,0.1201923076923077,0.0,0.0,0.0,0.0,0.05092592592592592,0.011705685618729096,0.0,0.12658227848101267,0.0050335570469798654,0.001597444089456869,0.0048,0.0014925373134328358,0.0015503875968992248,0.01680672268907563,0.007974481658692184,0.05930807248764415,0.008143322475570033,0.0,0.029315960912052116,0.03821656050955414,0.003129890453834116,0.025889967637540454,0.09647779479326186,0.014634146341463415,0.044407894736842105,0.004594180704441042,0.0,0.046224961479198766,0.02857142857142857,0.0,0.003215434083601286,0.012678288431061807,0.014729950900163666,0.0,0.0,0.010344827586206896,0.06202723146747353,0.02021772939346812,0.005172413793103448,0.017241379310344827,0.0016207455429497568,0.042748091603053436,0.0265210608424337,0.034482758620689655,0.049689440993788817,0.003215434083601286,0.06818181818181818,0.015873015873015872,0.004739336492890996,0.0,0.004746835443037975,0.05092592592592592,0.03459119496855346,0.06624605678233439,0.0016722408026755853,0.02903225806451613,0.006051437216338881,0.024024024024024024,0.001610305958132045,0.006230529595015576,0.12559618441971382,0.0016420361247947454,0.016025641025641024,0.028892455858747994,0.016722408026755852,0.037037037037037035,0.0368,0.01751592356687898,0.09569377990430622,0.012578616352201259,0.04071661237785016,0.046251993620414676,0.03262642740619902,0.008064516129032258,0.012861736334405145,0.05801526717557252,0.07085346215780998,0.0,0.03896103896103896,0.008291873963515755,0.014173228346456693,0.0016155088852988692,0.008431703204047217,0.028428093645484948,0.01788617886178862,0.03565640194489465,0.0016611295681063123,0.030595813204508857,0.023333333333333334,0.0811232449297972,0.10063897763578275,0.05537459283387622,0.01155115511551155,0.05674846625766871,0.07425742574257425,0.04472843450479233,0.03927492447129909,0.040268456375838924,0.05081967213114754,0.08347245409015025,0.1150855365474339,0.09672131147540984,0.021875,0.103125,0.008130081300813009,0.08025682182985554,0.04276315789473684,0.052795031055900624,0.0,0.026359143327841845,0.05067064083457526,0.035897435897435895,0.018404907975460124,0.03262642740619902,0.10185185185185185,0.10725552050473186,0.09523809523809523,0.033112582781456956,0.023140495867768594,0.011217948717948718,0.01818181818181818,0.08628659476117104,0.0732484076433121,0.0358814352574103,0.006493506493506494,0.08345752608047691,0.022838499184339316,0.028892455858747994,0.032362459546925564,0.014263074484944533,0.008576329331046312,0.07131537242472266,0.033123028391167195,0.005253940455341506,0.0598159509202454,0.003076923076923077,0.09004739336492891,0.012698412698412698,0.0016129032258064516,0.03145695364238411,0.07631160572337042,0.0756578947368421,0.051194539249146756,0.06,0.0528,0.025559105431309903,0.004739336492890996,0.07906976744186046,0.05787781350482315,0.04084967320261438,0.02106969205834684,0.06116207951070336,0.019817073170731708,0.004739336492890996,0.02050473186119874,0.026533996683250415,0.01589825119236884,0.026113671274961597,0.010067114093959731,0.024271844660194174,0.056856187290969896,0.007936507936507936,0.09516129032258064,0.016722408026755852,0.06197654941373534,0.00482315112540193,0.05016181229773463,0.0030959752321981426,0.06462035541195477,0.0017667844522968198,0.10136157337367625,0.07779578606158834,0.053833605220228384,0.03265940902021773,0.0,0.03902439024390244,0.12693498452012383,0.2006220839813375,0.0046875,0.047021943573667714,0.02152317880794702,0.038580246913580245,0.06228956228956229,0.01592356687898089,0.19938650306748465,0.0681063122923588,0.011254019292604502,0.025167785234899327,0.04866562009419152,0.054602184087363496,0.02254428341384863,0.007575757575757576,0.011182108626198083,0.019448946515397084,0.04715447154471545,0.11057692307692307,0.07535321821036106,0.059900166389351084
2025,1,9,prevalence,0.03709949409780776,0.17684887459807075,0.0,0.0,0.0,0.0033277870216306157,0.03481012658227848,0.008237232289950576,0.0,0.1393841166936791,0.0048,0.0016420361247947454,0.003179650238473768,0.0030120481927710845,0.0015432098765432098,0.022653721682847898,0.003169572107765452,0.10784313725490197,0.008130081300813009,0.0,0.02050473186119874,0.055284552845528454,0.0061068702290076335,0.033112582781456956,0.10339506172839506,0.01620745542949757,0.04311774461028192,0.004665629860031105,0.0,0.0441400304414003,0.0395738203957382,0.0,0.003257328990228013,0.015873015873015872,0.006359300476947536,0.0,0.0,0.012110726643598616,0.07538461538461538,0.024844720496894408,0.0069084628670120895,0.012578616352201259,0.0,0.0409711684370258,0.022727272727272728,0.012738853503184714,0.037267080745341616,0.0031847133757961785,0.08038585209003216,0.030110935023771792,0.0032679738562091504,0.0,0.003236245954692557,0.06870229007633588,0.04134762633996937,0.08571428571428572,0.001652892561983471,0.025039123630672927,0.013636363636363636,0.016923076923076923,0.0015625,0.0030534351145038168,0.1147011308562197,0.0,0.014754098360655738,0.033707865168539325,0.0273972602739726,0.029411764705882353,0.0463258785942492,0.021705426356589147,0.0761904761904762,0.006514657980456026,0.027642276422764227,0.040880503144654086,0.02254428341384863,0.013311148086522463,0.01282051282051282,0.04573170731707317,0.09472049689440994,0.0,0.04051863857374392,0.031825795644891124,0.01564945226917058,0.0015923566878980893,0.008375209380234505,0.03877221324717286,0.011023622047244094,0.052805280528052806,0.001644736842105263,0.04107424960505529,0.013179571663920923,0.11145510835913312,0.12202852614896989,0.07974481658692185,0.022988505747126436,0.08141321044546851,0.059900166389351084,0.025518341307814992,0.025718608169440244,0.06867671691792294,0.08842443729903537,0.09274873524451939,0.1391035548686244,0.10967741935483871,0.02047244094488189,0.14330708661417324,0.015600624024960999,0.08064516129032258,0.030844155844155844,0.0696969696969697,0.003179650238473768,0.02707275803722504,0.03343465045592705,0.03885135135135135,0.015313935681470138,0.02847571189279732,0.11801242236024845,0.12480499219968799,0.09287925696594428,0.03,0.020100502512562814,0.02197802197802198,0.008090614886731391,0.07530120481927711,0.09291338582677165,0.05828220858895705,0.012924071082390954,0.09558823529411764,0.02936378466557912,0.022328548644338118,0.02009273570324575,0.020833333333333332,0.01487603305785124,0.10112359550561797,0.03980891719745223,0.008319467554076539,0.05564142194744977,0.001564945226917058,0.06896551724137931,0.007874015748031496,0.0,0.025848142164781908,0.0625,0.04262295081967213,0.03986710963455149,0.05740181268882175,0.06070287539936102,0.03594771241830065,0.004622496147919877,0.09748427672955975,0.061611374407582936,0.030497592295345103,0.020537124802527645,0.08372093023255814,0.03582554517133956,0.004784688995215311,0.022082018927444796,0.02631578947368421,0.01990049751243781,0.03134796238244514,0.01610305958132045,0.0047169811320754715,0.06070826306913996,0.0,0.0896,0.01485148514851485,0.09208400646203554,0.0016051364365971107,0.040880503144654086,0.0031746031746031746,0.04340836012861737,0.0017391304347826088,0.1047040971168437,0.07246376811594203,0.12929623567921442,0.0352760736196319,0.0,0.03727714748784441,0.15076923076923077,0.17784711388455537,0.012403100775193798,0.03231017770597738,0.023450586264656615,0.024464831804281346,0.0576,0.029827315541601257,0.2241112828438949,0.08952702702702703,0.011456628477905073,0.02,0.04672897196261682,0.0859375,0.026402640264026403,0.007763975155279503,0.014423076923076924,0.013201320132013201,0.0304,0.12741935483870967,0.11538461538461539,0.061461794019933555
