Time,age_start,age_end,measure,draw_0,draw_1,draw_2,draw_3,draw_4,draw_5,draw_6,draw_7,draw_8,draw_9,draw_10,draw_11,draw_12,draw_13,draw_14,draw_15,draw_16,draw_17,draw_18,draw_19,draw_20,draw_21,draw_22,draw_23,draw_24,draw_25,draw_26,draw_27,draw_28,draw_29,draw_30,draw_31,draw_32,draw_33,draw_34,draw_35,draw_36,draw_37,draw_38,draw_39,draw_40,draw_41,draw_42,draw_43,draw_44,draw_45,draw_46,draw_47,draw_48,draw_49,draw_50,draw_51,draw_52,draw_53,draw_54,draw_55,draw_56,draw_57,draw_58,draw_59,draw_60,draw_61,draw_62,draw_63,draw_64,draw_65,draw_66,draw_67,draw_68,draw_69,draw_70,draw_71,draw_72,draw_73,draw_74,draw_75,draw_76,draw_77,draw_78,draw_79,draw_80,draw_81,draw_82,draw_83,draw_84,draw_85,draw_86,draw_87,draw_88,draw_89,draw_90,draw_91,draw_92,draw_93,draw_94,draw_95,draw_96,draw_97,draw_98,draw_99,draw_100,draw_101,draw_102,draw_103,draw_104,draw_105,draw_106,draw_107,draw_108,draw_109,draw_110,draw_111,draw_112,draw_113,draw_114,draw_115,draw_116,draw_117,draw_118,draw_119,draw_120,draw_121,draw_122,draw_123,draw_124,draw_125,draw_126,draw_127,draw_128,draw_129,draw_130,draw_131,draw_132,draw_133,draw_134,draw_135,draw_136,draw_137,draw_138,draw_139,draw_140,draw_141,draw_142,draw_143,draw_144,draw_145,draw_146,draw_147,draw_148,draw_149,draw_150,draw_151,draw_152,draw_153,draw_154,draw_155,draw_156,draw_157,draw_158,draw_159,draw_160,draw_161,draw_162,draw_163,draw_164,draw_165,draw_166,draw_167,draw_168,draw_169,draw_170,draw_171,draw_172,draw_173,draw_174,draw_175,draw_176,draw_177,draw_178,draw_179,draw_180,draw_181,draw_182,draw_183,draw_184,draw_185,draw_186,draw_187,draw_188,draw_189,draw_190,draw_191,draw_192,draw_193,draw_194,draw_195,draw_196,draw_197,draw_198,draw_199
1996,1,9,prevalence,0.00315955766192733,0.0,0.002936857562408223,0.0031545741324921135,0.004373177842565598,0.0016155088852988692,0.0,0.0,0.0015105740181268882,0.0016181229773462784,0.0015105740181268882,0.0031645569620253164,0.004622496147919877,0.0,0.15434083601286175,0.003194888178913738,0.0,0.0,0.0,0.0,0.0032733224222585926,0.0,0.002894356005788712,0.0033333333333333335,0.0,0.0016051364365971107,0.0014947683109118087,0.017770597738287562,0.0,0.001607717041800643,0.09178743961352658,0.0,0.0015527950310559005,0.0,0.0016025641025641025,0.003215434083601286,0.0,0.0016155088852988692,0.0032258064516129032,0.0,0.002976190476190476,0.001597444089456869,0.03464566929133858,0.10333863275039745,0.0,0.0015723270440251573,0.00303951367781155,0.0030581039755351682,0.0015698587127158557,0.0030534351145038168,0.0015772870662460567,0.0031496062992125984,0.07407407407407407,0.002967359050445104,0.11216429699842022,0.0,0.0030534351145038168,0.0075528700906344415,0.0,0.023961661341853034,0.0032733224222585926,0.0015723270440251573,0.003215434083601286,0.0,0.00463678516228748,0.00980392156862745,0.0,0.008532423208191127,0.09457364341085271,0.0014903129657228018,0.0,0.001639344262295082,0.06838905775075987,0.003110419906687403,0.0,0.004651162790697674,0.0430622009569378,0.0031645569620253164,0.0015151515151515152,0.009554140127388535,0.0015625,0.00482315112540193,0.0392156862745098,0.001564945226917058,0.06678082191780822,0.0,0.0031496062992125984,0.09075907590759076,0.0,0.0,0.0061823802163833074,0.11290322580645161,0.0016286644951140066,0.005873715124816446,0.0,0.0015082956259426848,0.12598425196850394,0.004709576138147566,0.0016260162601626016,0.046199701937406856,0.004651162790697674,0.0016501650165016502,0.21693907875185736,0.0379746835443038,0.0192,0.0015873015873015873,0.1291866028708134,0.0015822784810126582,0.029459901800327332,0.0031847133757961785,0.0,0.09601181683899557,0.011834319526627219,0.06456692913385827,0.0352,0.034375,0.03669724770642202,0.13505311077389984,0.0,0.06125574272588055,0.0219435736677116,0.06426332288401254,0.0015698587127158557,0.07886435331230283,0.07578008915304606,0.0015552099533437014,0.0109375,0.09584664536741214,0.0,0.0,0.0651085141903172,0.08566978193146417,0.05654281098546042,0.0,0.09350237717908082,0.008156606851549755,0.10909090909090909,0.04051863857374392,0.0,0.030015797788309637,0.0453781512605042,0.017064846416382253,0.0,0.02875399361022364,0.03605015673981191,0.0315955766192733,0.0016,0.019077901430842606,0.03559870550161812,0.0,0.012598425196850394,0.15294117647058825,0.024853801169590642,0.10328638497652583,0.0016556291390728477,0.10015898251192369,0.03934426229508197,0.11024844720496894,0.0016207455429497568,0.08398133748055987,0.08388157894736842,0.11645962732919254,0.05396825396825397,0.0109375,0.09090909090909091,0.15868263473053892,0.0,0.0032102728731942215,0.07390648567119155,0.026687598116169546,0.01854714064914992,0.1076923076923077,0.0445468509984639,0.035483870967741936,0.14193548387096774,0.0,0.023140495867768594,0.1050080775444265,0.13400335008375208,0.004651162790697674,0.1029641185647426,0.0,0.027565084226646247,0.025078369905956112,0.084375,0.011824324324324325,0.008103727714748784,0.0670926517571885,0.09782608695652174,0.0,0.17246596066565809,0.07974481658692185,0.07228915662650602,0.022328548644338118,0.0880503144654088,0.03353658536585366,0.0,0.030015797788309637,0,0.001519756838905775
1997,1,9,prevalence,0.0,0.0017391304347826088,0.0,0.001692047377326565,0.004524886877828055,0.0,0.0,0.0,0.0015625,0.0017006802721088435,0.0015822784810126582,0.003194888178913738,0.003305785123966942,0.0,0.1830065359477124,0.0032626427406199023,0.0,0.0,0.0,0.0,0.0034482758620689655,0.0,0.002962962962962963,0.003372681281618887,0.0,0.001669449081803005,0.0015060240963855422,0.024232633279483037,0.0,0.0017241379310344827,0.08277027027027027,0.0,0.0,0.0,0.001644736842105263,0.0032258064516129032,0.0,0.0016806722689075631,0.0016207455429497568,0.0,0.0031201248049922,0.0,0.015600624024960999,0.0782312925170068,0.0015822784810126582,0.001589825119236884,0.003125,0.00322061191626409,0.0016339869281045752,0.0016129032258064516,0.0032102728731942215,0.003236245954692557,0.056140350877192984,0.004746835443037975,0.08709677419354839,0.0,0.004784688995215311,0.0046439628482972135,0.0,0.014900662251655629,0.003418803418803419,0.0016233766233766235,0.0016556291390728477,0.0,0.004862236628849271,0.006700167504187605,0.001594896331738437,0.00530035335689046,0.07849293563579278,0.0,0.0,0.001694915254237288,0.045813586097946286,0.003401360544217687,0.001697792869269949,0.0032310177705977385,0.03722504230118443,0.004702194357366771,0.0,0.009538950715421303,0.0,0.004942339373970346,0.021311475409836064,0.00322061191626409,0.04537521815008726,0.0,0.00641025641025641,0.059602649006622516,0.0017064846416382253,0.0,0.012944983818770227,0.1508828250401284,0.0016638935108153079,0.005847953216374269,0.0,0.0,0.13001605136436598,0.0032,0.003372681281618887,0.02197802197802198,0.0033112582781456954,0.001697792869269949,0.1809672386895476,0.03204047217537943,0.021035598705501618,0.0016722408026755853,0.12418300653594772,0.0016,0.023769100169779286,0.0017123287671232876,0.0,0.09174311926605505,0.015723270440251572,0.06591639871382636,0.05733558178752108,0.036605657237936774,0.04340836012861737,0.12808641975308643,0.0,0.048414023372287146,0.021848739495798318,0.043478260869565216,0.001607717041800643,0.08860759493670886,0.05061349693251534,0.0015923566878980893,0.009884678747940691,0.06799336650082918,0.0017094017094017094,0.0,0.047058823529411764,0.09577922077922078,0.04462809917355372,0.0,0.07177814029363784,0.006968641114982578,0.11375212224108659,0.0676818950930626,0.0,0.022690437601296597,0.034071550255536626,0.01386481802426343,0.0,0.04051863857374392,0.06565656565656566,0.0192,0.0016207455429497568,0.020066889632107024,0.03924914675767918,0.0,0.013223140495867768,0.1404320987654321,0.05105105105105105,0.09162717219589257,0.0017301038062283738,0.11822660098522167,0.02750809061488673,0.1320450885668277,0.0,0.07037643207855974,0.0586145648312611,0.12214983713355049,0.06451612903225806,0.009448818897637795,0.10102739726027397,0.2203125,0.0,0.006622516556291391,0.040498442367601244,0.022690437601296597,0.009900990099009901,0.15179968701095461,0.05654281098546042,0.05365853658536585,0.17898193760262726,0.0,0.02218430034129693,0.08433734939759036,0.11805555555555555,0.0016051364365971107,0.1185064935064935,0.0016339869281045752,0.038523274478330656,0.018779342723004695,0.0718954248366013,0.008361204013377926,0.003472222222222222,0.0633116883116883,0.10932475884244373,0.0,0.139937106918239,0.09060955518945635,0.058823529411764705,0.034482758620689655,0.09763779527559055,0.02945736434108527,0.0,0.025974025974025976,0,0.001557632398753894
1998,1,9,prevalence,0.0,0.0034423407917383822,0.0016025641025641025,0.0017064846416382253,0.00303951367781155,0.0,0.0,0.001597444089456869,0.001589825119236884,0.0017094017094017094,0.0015479876160990713,0.0031545741324921135,0.0016366612111292963,0.0,0.19484702093397746,0.003246753246753247,0.0,0.0,0.0016051364365971107,0.0,0.0,0.0,0.003003003003003003,0.0016611295681063123,0.0016835016835016834,0.0,0.001483679525222552,0.009917355371900827,0.0,0.0,0.05733558178752108,0.0,0.0,0.0,0.006611570247933884,0.0016155088852988692,0.0,0.0,0.003246753246753247,0.0,0.0016051364365971107,0.0,0.022435897435897436,0.06228956228956229,0.003215434083601286,0.0031397174254317113,0.003179650238473768,0.004893964110929853,0.0,0.0032258064516129032,0.004918032786885246,0.0016313213703099511,0.07325383304940375,0.008012820512820512,0.08652246256239601,0.0,0.004709576138147566,0.0015290519877675841,0.0,0.026272577996715927,0.0,0.001594896331738437,0.001692047377326565,0.0,0.004909983633387889,0.006589785831960461,0.0016313213703099511,0.005025125628140704,0.08062015503875969,0.0,0.0,0.0016286644951140066,0.06320907617504051,0.0017482517482517483,0.0016891891891891893,0.0031746031746031746,0.01353637901861252,0.0015503875968992248,0.0,0.004746835443037975,0.0,0.00487012987012987,0.03898305084745763,0.003194888178913738,0.04107142857142857,0.0,0.006472491909385114,0.04227642276422764,0.0017211703958691911,0.0,0.00966183574879227,0.211864406779661,0.001736111111111111,0.005988023952095809,0.0,0.0,0.13731825525040386,0.0016366612111292963,0.005154639175257732,0.024549918166939442,0.014975041597337771,0.0016666666666666668,0.19904458598726116,0.033783783783783786,0.011058451816745656,0.004975124378109453,0.08294930875576037,0.001607717041800643,0.03350083752093802,0.0016638935108153079,0.0,0.10244648318042814,0.01892744479495268,0.0467741935483871,0.0690846286701209,0.03672787979966611,0.04051863857374392,0.12202852614896989,0.0,0.050243111831442464,0.03281519861830743,0.05405405405405406,0.0032102728731942215,0.1056,0.05434782608695652,0.001607717041800643,0.009917355371900827,0.06549520766773163,0.00684931506849315,0.0,0.023728813559322035,0.07166123778501629,0.032534246575342464,0.0031397174254317113,0.08183306055646482,0.006779661016949152,0.11616161616161616,0.07705192629815745,0.0,0.02066772655007949,0.014802631578947368,0.008635578583765112,0.0,0.0449438202247191,0.05813953488372093,0.030744336569579287,0.0032520325203252032,0.0165016501650165,0.03535353535353535,0.0,0.008183306055646482,0.14637904468412943,0.06811145510835913,0.07606973058637084,0.0017482517482517483,0.12086092715231789,0.025,0.11642743221690591,0.00315955766192733,0.11428571428571428,0.045936395759717315,0.12357723577235773,0.06200317965023847,0.006349206349206349,0.07666666666666666,0.17337461300309598,0.0015290519877675841,0.00667779632721202,0.037267080745341616,0.022364217252396165,0.01174496644295302,0.16363636363636364,0.06166666666666667,0.05228758169934641,0.1791044776119403,0.0,0.03395585738539898,0.08290155440414508,0.1486013986013986,0.0016207455429497568,0.08983050847457627,0.0016155088852988692,0.013513513513513514,0.028037383177570093,0.0781758957654723,0.00980392156862745,0.006944444444444444,0.04746317512274959,0.09787928221859707,0.0,0.14683153013910355,0.11686143572621036,0.030063291139240507,0.0397456279809221,0.11661341853035144,0.020123839009287926,0.0,0.021487603305785124,0,0.0015698587127158557
1999,1,9,prevalence,0.001579778830963665,0.0051813471502590676,0.001584786053882726,0.00333889816360601,0.0015174506828528073,0.0,0.0,0.001589825119236884,0.0016474464579901153,0.0017035775127768314,0.0015625,0.0032520325203252032,0.0016611295681063123,0.0,0.21725239616613418,0.0032733224222585926,0.0,0.0,0.004754358161648178,0.0,0.0,0.0,0.003110419906687403,0.0033333333333333335,0.001607717041800643,0.0,0.0014771048744460858,0.02023608768971332,0.0,0.0017064846416382253,0.0627062706270627,0.0,0.0,0.0,0.008488964346349746,0.0016155088852988692,0.0,0.0,0.003110419906687403,0.0,0.0016260162601626016,0.0,0.024509803921568627,0.044293015332197615,0.0032733224222585926,0.003076923076923077,0.001594896331738437,0.0064,0.0,0.0033277870216306157,0.004901960784313725,0.0016611295681063123,0.11570247933884298,0.0112,0.14357262103505844,0.0,0.004878048780487805,0.0015037593984962407,0.0,0.03204047217537943,0.0,0.0016286644951140066,0.0016666666666666668,0.0,0.0032310177705977385,0.003305785123966942,0.0016366612111292963,0.004966887417218543,0.0583596214511041,0.0,0.0,0.001658374792703151,0.07131011608623548,0.0,0.0017035775127768314,0.0,0.03278688524590164,0.006309148264984227,0.0016339869281045752,0.003134796238244514,0.0,0.0032679738562091504,0.030944625407166124,0.003205128205128205,0.035523978685612786,0.0016286644951140066,0.0033444816053511705,0.03328050713153724,0.0016611295681063123,0.0,0.009216589861751152,0.19932998324958123,0.0016722408026755853,0.00463678516228748,0.0,0.0,0.10841423948220065,0.001607717041800643,0.004909983633387889,0.02287581699346405,0.015280135823429542,0.0016778523489932886,0.15798045602605862,0.03767123287671233,0.007874015748031496,0.01517706576728499,0.045813586097946286,0.0,0.029462738301559793,0.0016722408026755853,0.0,0.08936825885978428,0.0078125,0.05672609400324149,0.044293015332197615,0.04482758620689655,0.04501607717041801,0.09717868338557993,0.0,0.024630541871921183,0.027586206896551724,0.0672,0.0,0.10032894736842106,0.05581395348837209,0.0016,0.008503401360544218,0.03727714748784441,0.008880994671403197,0.0015748031496062992,0.004966887417218543,0.05163511187607573,0.04965753424657534,0.00631911532385466,0.061788617886178863,0.006514657980456026,0.08389261744966443,0.0587248322147651,0.0016129032258064516,0.017828200972447326,0.01309328968903437,0.013651877133105802,0.0,0.08265802269043761,0.06229508196721312,0.030015797788309637,0.0031847133757961785,0.023026315789473683,0.028523489932885907,0.0016286644951140066,0.004746835443037975,0.1471927162367223,0.05128205128205128,0.0762987012987013,0.0017331022530329288,0.1433389544688027,0.013029315960912053,0.09888357256778309,0.006339144215530904,0.11728395061728394,0.039568345323741004,0.12903225806451613,0.04313099041533546,0.006339144215530904,0.05601317957166392,0.15030674846625766,0.00778816199376947,0.0049586776859504135,0.03779527559055118,0.014240506329113924,0.006666666666666667,0.16030534351145037,0.06747404844290658,0.09178743961352658,0.14238952536824878,0.0016313213703099511,0.02054794520547945,0.0743801652892562,0.10291595197255575,0.0015723270440251573,0.08703071672354949,0.001669449081803005,0.018333333333333333,0.04265402843601896,0.1040650406504065,0.003205128205128205,0.005110732538330494,0.038834951456310676,0.1070840197693575,0.0,0.15683229813664595,0.08051529790660225,0.029185867895545316,0.046104928457869634,0.1050080775444265,0.02276176024279211,0.0,0.021172638436482084,0,0.0015174506828528073
2000,1,9,prevalence,0.0016025641025641025,0.0034423407917383822,0.0015748031496062992,0.0049504950495049506,0.001567398119122257,0.0,0.0,0.001567398119122257,0.0032948929159802307,0.0,0.0015360983102918587,0.004830917874396135,0.001669449081803005,0.0016207455429497568,0.27704918032786885,0.005,0.0,0.003284072249589491,0.001584786053882726,0.0,0.0,0.0,0.0,0.0016155088852988692,0.0015552099533437014,0.0,0.0014814814814814814,0.0032626427406199023,0.0,0.0016778523489932886,0.05299145299145299,0.0,0.001669449081803005,0.0,0.013582342954159592,0.003257328990228013,0.0,0.0,0.0031007751937984496,0.0,0.0,0.0,0.02321724709784411,0.044293015332197615,0.006611570247933884,0.003115264797507788,0.003305785123966942,0.004777070063694267,0.0,0.0016611295681063123,0.003284072249589491,0.0016313213703099511,0.13548387096774195,0.014975041597337771,0.15476190476190477,0.0,0.004909983633387889,0.0031201248049922,0.0,0.03993055555555555,0.0,0.004878048780487805,0.001639344262295082,0.0,0.003316749585406302,0.008130081300813009,0.003316749585406302,0.0016233766233766235,0.056910569105691054,0.0,0.0,0.001639344262295082,0.07792207792207792,0.0,0.001639344262295082,0.0016025641025641025,0.030612244897959183,0.00644122383252818,0.0016420361247947454,0.0077279752704791345,0.0,0.0016339869281045752,0.039473684210526314,0.0031746031746031746,0.03152364273204904,0.0031201248049922,0.003424657534246575,0.03918495297805643,0.0016806722689075631,0.0016339869281045752,0.009508716323296355,0.12376237623762376,0.0016,0.004702194357366771,0.0,0.0,0.0641025641025641,0.0016260162601626016,0.003246753246753247,0.03140495867768595,0.02586206896551724,0.0017241379310344827,0.14983164983164984,0.04288164665523156,0.009419152276295133,0.011589403973509934,0.06528662420382166,0.0,0.02735042735042735,0.0016556291390728477,0.0,0.09062980030721966,0.006535947712418301,0.05573770491803279,0.05442176870748299,0.05245346869712352,0.05825242718446602,0.06924315619967794,0.0,0.033444816053511704,0.036458333333333336,0.06969205834683954,0.0,0.0722495894909688,0.04390243902439024,0.0,0.01011804384485666,0.03826955074875208,0.0071174377224199285,0.001597444089456869,0.0016474464579901153,0.10481099656357389,0.048109965635738834,0.0047694753577106515,0.05901116427432217,0.00641025641025641,0.07933884297520662,0.07885906040268456,0.0015772870662460567,0.014285714285714285,0.005199306759098787,0.02608695652173913,0.0,0.09492635024549918,0.07035175879396985,0.028346456692913385,0.0030816640986132513,0.021775544388609715,0.02321724709784411,0.011419249592169658,0.0031446540880503146,0.16640746500777606,0.05339805825242718,0.05289256198347107,0.001694915254237288,0.08149405772495756,0.01468189233278956,0.10207336523125997,0.00641025641025641,0.1043872919818457,0.039655172413793106,0.119281045751634,0.03770491803278689,0.003115264797507788,0.06426332288401254,0.14040561622464898,0.012578616352201259,0.006666666666666667,0.016025641025641024,0.0093603744149766,0.0017123287671232876,0.12539184952978055,0.13477537437603992,0.08745874587458746,0.10578512396694215,0.0,0.029801324503311258,0.05357142857142857,0.06700167504187604,0.0015105740181268882,0.08153078202995008,0.001669449081803005,0.015025041736227046,0.0490506329113924,0.09775641025641026,0.0032,0.0032733224222585926,0.0180623973727422,0.11038961038961038,0.0,0.15132605304212168,0.037953795379537955,0.040310077519379844,0.023622047244094488,0.11251980982567353,0.03106508875739645,0.0,0.01644736842105263,0,0.002967359050445104
2001,1,9,prevalence,0.0,0.00338409475465313,0.001564945226917058,0.005050505050505051,0.0015748031496062992,0.0,0.0,0.0031746031746031746,0.0016778523489932886,0.0,0.0015267175572519084,0.004784688995215311,0.0016638935108153079,0.00315955766192733,0.2286634460547504,0.0049586776859504135,0.0,0.003257328990228013,0.0016,0.0,0.0,0.0,0.0,0.004901960784313725,0.0015698587127158557,0.0,0.0,0.006379585326953748,0.0,0.0016260162601626016,0.08061749571183534,0.0,0.0016474464579901153,0.0,0.006756756756756757,0.0,0.0,0.0,0.0015220700152207,0.0,0.0,0.0,0.024232633279483037,0.05254237288135593,0.011608623548922056,0.003067484662576687,0.004724409448818898,0.0032520325203252032,0.0,0.0016556291390728477,0.003284072249589491,0.0,0.139937106918239,0.014900662251655629,0.13095238095238096,0.0,0.003389830508474576,0.0031496062992125984,0.0,0.04448398576512456,0.0,0.0048543689320388345,0.0016286644951140066,0.0,0.0016638935108153079,0.0032626427406199023,0.005008347245409015,0.0016501650165016502,0.051118210862619806,0.003189792663476874,0.0,0.0016556291390728477,0.05573248407643312,0.0,0.0016501650165016502,0.0,0.03709949409780776,0.0016638935108153079,0.0016666666666666668,0.009404388714733543,0.001644736842105263,0.0016129032258064516,0.01824212271973466,0.0032258064516129032,0.043327556325823226,0.0015772870662460567,0.0033500837520938024,0.031201248049921998,0.0017152658662092624,0.0016863406408094434,0.0061633281972265025,0.10774410774410774,0.0,0.003215434083601286,0.0032733224222585926,0.0,0.06,0.004878048780487805,0.001697792869269949,0.024509803921568627,0.017152658662092625,0.0016207455429497568,0.12080536912751678,0.05244755244755245,0.006144393241167435,0.008264462809917356,0.032362459546925564,0.0,0.020869565217391306,0.0017482517482517483,0.0,0.060653188180404355,0.003367003367003367,0.050080775444264945,0.056666666666666664,0.06980802792321117,0.04180064308681672,0.05778491171749599,0.003115264797507788,0.030405405405405407,0.0421792618629174,0.0457516339869281,0.0,0.051926298157453935,0.03764320785597381,0.0033613445378151263,0.009900990099009901,0.029801324503311258,0.0017513134851138354,0.001584786053882726,0.003284072249589491,0.13402061855670103,0.0333889816360601,0.0015822784810126582,0.021705426356589147,0.011382113821138212,0.06589785831960461,0.07457627118644068,0.0015748031496062992,0.015772870662460567,0.0033500837520938024,0.029876977152899824,0.003189792663476874,0.0781758957654723,0.04363001745200698,0.014263074484944533,0.0031397174254317113,0.02280130293159609,0.0176,0.009615384615384616,0.004615384615384616,0.17418351477449456,0.057233704292527825,0.054365733113673806,0.001644736842105263,0.10420168067226891,0.014218009478672985,0.11488673139158576,0.004761904761904762,0.09803921568627451,0.017452006980802792,0.07941653160453808,0.039473684210526314,0.00625,0.05666156202143951,0.13230769230769232,0.007874015748031496,0.006791171477079796,0.019077901430842606,0.011058451816745656,0.01694915254237288,0.10483870967741936,0.1500815660685155,0.06896551724137931,0.06554621848739496,0.0,0.01957585644371941,0.048701298701298704,0.05647840531561462,0.0015082956259426848,0.07154742096505824,0.003401360544217687,0.005008347245409015,0.047933884297520664,0.09693053311793215,0.0,0.0,0.01461038961038961,0.15248796147672553,0.0,0.13902053712480253,0.039936102236421724,0.02786377708978328,0.020634920634920634,0.08791208791208792,0.0453125,0.0,0.03231017770597738,0,0.0015479876160990713
2002,1,9,prevalence,0.0,0.001607717041800643,0.0016155088852988692,0.004934210526315789,0.004739336492890996,0.004746835443037975,0.0,0.003125,0.001652892561983471,0.0,0.0015337423312883436,0.0016155088852988692,0.0,0.003179650238473768,0.20064724919093851,0.006493506493506494,0.0,0.0016286644951140066,0.0,0.0016129032258064516,0.0,0.003316749585406302,0.0,0.00482315112540193,0.0,0.0,0.0,0.00631911532385466,0.0,0.001652892561983471,0.048939641109298535,0.0,0.0015822784810126582,0.0,0.005190311418685121,0.0,0.0032310177705977385,0.0017006802721088435,0.0029282576866764276,0.0,0.0016474464579901153,0.0016181229773462784,0.023026315789473683,0.04983388704318937,0.015,0.004601226993865031,0.004792332268370607,0.0016778523489932886,0.0,0.0016233766233766235,0.001639344262295082,0.0,0.12577639751552794,0.00819672131147541,0.12647554806070826,0.0,0.0015873015873015873,0.0031746031746031746,0.0,0.03204047217537943,0.0,0.0032948929159802307,0.0,0.0,0.0032626427406199023,0.003215434083601286,0.003305785123966942,0.0016129032258064516,0.024271844660194174,0.0015822784810126582,0.0,0.0016420361247947454,0.05271317829457364,0.0,0.0016474464579901153,0.0,0.02434782608695652,0.0017211703958691911,0.0016207455429497568,0.0046875,0.0016835016835016834,0.0016722408026755853,0.008169934640522876,0.0032520325203252032,0.028380634390651086,0.0030349013657056147,0.00333889816360601,0.03442879499217527,0.0034542314335060447,0.0016806722689075631,0.003067484662576687,0.07807308970099668,0.0,0.001564945226917058,0.0033222591362126247,0.003289473684210526,0.06436420722135008,0.003246753246753247,0.0016806722689075631,0.014563106796116505,0.017123287671232876,0.001639344262295082,0.0784313725490196,0.04745166959578207,0.003169572107765452,0.009983361064891847,0.06035889070146819,0.0015503875968992248,0.023890784982935155,0.0,0.0015625,0.05063291139240506,0.016778523489932886,0.037914691943127965,0.04942339373970346,0.08185053380782918,0.025236593059936908,0.06003159557661927,0.0030627871362940277,0.017857142857142856,0.03620689655172414,0.03966942148760331,0.0033277870216306157,0.05238095238095238,0.05263157894736842,0.0034071550255536627,0.0017006802721088435,0.028380634390651086,0.0017953321364452424,0.0015408320493066256,0.0047169811320754715,0.10738255033557047,0.04067796610169491,0.0016025641025641025,0.01078582434514638,0.012924071082390954,0.04051863857374392,0.08503401360544217,0.0,0.021374045801526718,0.01015228426395939,0.032423208191126277,0.003289473684210526,0.12438625204582651,0.041811846689895474,0.014240506329113924,0.0031201248049922,0.03709949409780776,0.014657980456026058,0.003257328990228013,0.0110062893081761,0.15076923076923077,0.046801872074883,0.06611570247933884,0.0016233766233766235,0.07704918032786885,0.011217948717948718,0.1256198347107438,0.003179650238473768,0.12145110410094637,0.015254237288135594,0.10084033613445378,0.037337662337662336,0.0031496062992125984,0.060882800608828,0.10413476263399694,0.007692307692307693,0.006589785831960461,0.024752475247524754,0.019938650306748466,0.024054982817869417,0.1045016077170418,0.15711947626841244,0.07305194805194805,0.0779436152570481,0.0,0.008156606851549755,0.04361873990306947,0.037337662337662336,0.0014792899408284023,0.09106239460370995,0.003389830508474576,0.006837606837606838,0.047697368421052634,0.12206572769953052,0.0,0.0,0.008169934640522876,0.11390284757118928,0.0,0.0926517571884984,0.05271828665568369,0.03680981595092025,0.01228878648233487,0.06070287539936102,0.04821150855365474,0.0,0.04930662557781202,0,0.003194888178913738
2003,1,9,prevalence,0.0,0.0031645569620253164,0.001639344262295082,0.0016420361247947454,0.004702194357366771,0.0031397174254317113,0.0,0.0031397174254317113,0.0016806722689075631,0.0,0.0015432098765432098,0.001579778830963665,0.0,0.0033222591362126247,0.1444991789819376,0.003189792663476874,0.0,0.0016638935108153079,0.0,0.0016313213703099511,0.0016501650165016502,0.001639344262295082,0.0,0.003169572107765452,0.0,0.0,0.0,0.0,0.0016611295681063123,0.001597444089456869,0.05647840531561462,0.0,0.001519756838905775,0.0,0.0052173913043478265,0.0,0.003355704697986577,0.001652892561983471,0.0030165912518853697,0.0,0.0032679738562091504,0.0032626427406199023,0.01938610662358643,0.042071197411003236,0.01353637901861252,0.004651162790697674,0.0048,0.0,0.0,0.0,0.0016611295681063123,0.0,0.10873146622734761,0.004901960784313725,0.095,0.0015873015873015873,0.0015923566878980893,0.0031397174254317113,0.0017421602787456446,0.03125,0.0,0.0016051364365971107,0.0,0.0,0.001594896331738437,0.0031397174254317113,0.00487012987012987,0.001589825119236884,0.033925686591276254,0.0016339869281045752,0.0,0.0016260162601626016,0.04100946372239748,0.0,0.0016556291390728477,0.0,0.01020408163265306,0.0018018018018018018,0.001658374792703151,0.0,0.0016420361247947454,0.001694915254237288,0.0,0.0033333333333333335,0.037520391517128875,0.0015337423312883436,0.0050933786078098476,0.030349013657056147,0.0033783783783783786,0.0016501650165016502,0.003067484662576687,0.10281923714759536,0.0016420361247947454,0.0015698587127158557,0.003305785123966942,0.0,0.07894736842105263,0.003129890453834116,0.0016778523489932886,0.01910828025477707,0.025380710659898477,0.0016286644951140066,0.05977382875605816,0.057692307692307696,0.006379585326953748,0.010309278350515464,0.043548387096774194,0.0015220700152207,0.031088082901554404,0.0,0.0015772870662460567,0.053156146179401995,0.03161397670549085,0.017628205128205128,0.0372168284789644,0.0784313725490196,0.022653721682847898,0.03179650238473768,0.0031397174254317113,0.024875621890547265,0.03620689655172414,0.02027027027027027,0.009966777408637873,0.042692939244663386,0.04975922953451043,0.0051635111876075735,0.0016806722689075631,0.030744336569579287,0.0,0.003105590062111801,0.012944983818770227,0.06949152542372881,0.04537521815008726,0.0,0.02909647779479326,0.015873015873015872,0.037337662337662336,0.10286677908937605,0.0,0.0234009360374415,0.013745704467353952,0.019933554817275746,0.003316749585406302,0.09405940594059406,0.04092526690391459,0.01263823064770932,0.0015408320493066256,0.02613240418118467,0.02280130293159609,0.0032679738562091504,0.015220700152207,0.13384615384615384,0.0660377358490566,0.10509031198686371,0.0,0.06546644844517185,0.014657980456026058,0.10961214165261383,0.003215434083601286,0.1308562197092084,0.012048192771084338,0.08866995073891626,0.04792332268370607,0.003189792663476874,0.04552352048558422,0.06987577639751552,0.007633587786259542,0.011437908496732025,0.03005008347245409,0.009345794392523364,0.03389830508474576,0.09313725490196079,0.1335559265442404,0.04707792207792208,0.08783783783783784,0.0,0.01746031746031746,0.041390728476821195,0.018808777429467086,0.0,0.06851549755301795,0.005145797598627788,0.006791171477079796,0.034653465346534656,0.0899390243902439,0.0,0.0032414910858995136,0.0065252854812398045,0.1302170283806344,0.0,0.10965630114566285,0.050955414012738856,0.03697996918335902,0.014195583596214511,0.0448,0.046224961479198766,0.0,0.0499219968798752,0,0.0016181229773462784
2004,1,9,prevalence,0.0,0.0015723270440251573,0.0,0.0,0.0030816640986132513,0.001584786053882726,0.0,0.0032,0.0016863406408094434,0.0,0.0016474464579901153,0.0,0.0,0.0032,0.09833333333333333,0.003289473684210526,0.0,0.001697792869269949,0.0,0.0,0.0016313213703099511,0.001584786053882726,0.0,0.0033003300330033004,0.0,0.0,0.0,0.0016474464579901153,0.0016474464579901153,0.0015600624024961,0.04746317512274959,0.0,0.001519756838905775,0.0,0.005076142131979695,0.0,0.00505902192242833,0.001579778830963665,0.003169572107765452,0.0,0.001697792869269949,0.003257328990228013,0.022690437601296597,0.03877221324717286,0.005042016806722689,0.007692307692307693,0.004777070063694267,0.0,0.001579778830963665,0.0,0.001607717041800643,0.0,0.07666666666666666,0.003316749585406302,0.08089500860585198,0.0016025641025641025,0.0016025641025641025,0.003129890453834116,0.0017094017094017094,0.027777777777777776,0.0,0.0016339869281045752,0.0,0.0,0.0015552099533437014,0.00322061191626409,0.004815409309791332,0.0016207455429497568,0.022988505747126436,0.0016666666666666668,0.0,0.001589825119236884,0.03265940902021773,0.0016233766233766235,0.0049833887043189366,0.0,0.006688963210702341,0.0017985611510791368,0.0016313213703099511,0.0,0.003236245954692557,0.0016806722689075631,0.0032,0.0017094017094017094,0.027156549520766772,0.0,0.0051635111876075735,0.05023547880690738,0.0,0.001652892561983471,0.0030165912518853697,0.11058451816745656,0.0033277870216306157,0.0015698587127158557,0.005084745762711864,0.0,0.05451713395638629,0.0015748031496062992,0.0016666666666666668,0.025889967637540454,0.035653650254668934,0.0,0.04326923076923077,0.057724957555178265,0.011456628477905073,0.005067567567567568,0.03662420382165605,0.00303951367781155,0.019064124783362217,0.0,0.001579778830963665,0.05289256198347107,0.02773246329526917,0.022151898734177215,0.033816425120772944,0.09838998211091235,0.01889763779527559,0.03639240506329114,0.001564945226917058,0.028764805414551606,0.04152249134948097,0.011589403973509934,0.01620745542949757,0.026604068857589983,0.04409448818897638,0.005357142857142857,0.0,0.026687598116169546,0.0,0.003189792663476874,0.01282051282051282,0.06825938566552901,0.0410958904109589,0.0016129032258064516,0.017001545595054096,0.02321724709784411,0.02857142857142857,0.09450171821305842,0.0,0.0234009360374415,0.010084033613445379,0.02857142857142857,0.0032679738562091504,0.09884678747940692,0.0375,0.018808777429467086,0.0032102728731942215,0.02975206611570248,0.019543973941368076,0.012618296529968454,0.027149321266968326,0.10031347962382445,0.05443234836702955,0.0914826498422713,0.0,0.07389162561576355,0.022435897435897436,0.11219512195121951,0.0016155088852988692,0.09724473257698542,0.025951557093425604,0.061788617886178863,0.03560371517027864,0.0047169811320754715,0.05007587253414264,0.05683563748079877,0.004792332268370607,0.007886435331230283,0.034722222222222224,0.018404907975460124,0.035175879396984924,0.07042253521126761,0.12292358803986711,0.054365733113673806,0.06957928802588997,0.0,0.03662420382165605,0.02364864864864865,0.03745928338762215,0.0,0.05853658536585366,0.003436426116838488,0.008695652173913044,0.02664576802507837,0.12210200927357033,0.0,0.007974481658692184,0.012698412698412698,0.08210180623973727,0.0015873015873015873,0.10161290322580645,0.049441786283891544,0.03479576399394856,0.00631911532385466,0.027597402597402596,0.030063291139240507,0.0,0.036163522012578615,0,0.001594896331738437
2005,1,9,prevalence,0.0,0.0016051364365971107,0.0,0.0,0.004672897196261682,0.0016051364365971107,0.0,0.003257328990228013,0.0016863406408094434,0.0,0.0016778523489932886,0.0,0.0,0.0031496062992125984,0.06565656565656566,0.0016313213703099511,0.0,0.001694915254237288,0.0,0.0,0.0015873015873015873,0.003194888178913738,0.0,0.00333889816360601,0.001607717041800643,0.0,0.0,0.003246753246753247,0.0016420361247947454,0.001567398119122257,0.06833333333333333,0.0,0.0,0.0,0.005025125628140704,0.0,0.006825938566552901,0.001584786053882726,0.004846526655896607,0.0016286644951140066,0.0,0.0016181229773462784,0.020766773162939296,0.03403565640194489,0.00847457627118644,0.004608294930875576,0.003246753246753247,0.0,0.0016,0.0,0.0,0.0016891891891891893,0.05405405405405406,0.0016835016835016834,0.0831889081455806,0.0016181229773462784,0.003169572107765452,0.0016366612111292963,0.0016666666666666668,0.027375201288244767,0.0,0.001658374792703151,0.0,0.0016207455429497568,0.0,0.0016025641025641025,0.004784688995215311,0.0016313213703099511,0.025,0.001692047377326565,0.0,0.0016366612111292963,0.02384737678855326,0.0032626427406199023,0.003289473684210526,0.0,0.003367003367003367,0.0,0.0,0.0,0.00322061191626409,0.0016501650165016502,0.0,0.0,0.04823151125401929,0.0,0.0033333333333333335,0.054602184087363496,0.0,0.0016722408026755853,0.0,0.09470304975922954,0.0034423407917383822,0.0,0.004909983633387889,0.0,0.056338028169014086,0.0015313935681470138,0.0,0.008103727714748784,0.03198653198653199,0.0,0.038523274478330656,0.03678929765886288,0.01461038961038961,0.0033444816053511705,0.03442879499217527,0.0029717682020802376,0.015332197614991482,0.003367003367003367,0.0015923566878980893,0.04599659284497445,0.030100334448160536,0.03054662379421222,0.03436988543371522,0.1,0.014240506329113924,0.03968253968253968,0.0015600624024961,0.04658901830282862,0.036020583190394515,0.008741258741258742,0.014827018121911038,0.024350649350649352,0.04333868378812199,0.0034542314335060447,0.0,0.014173228346456693,0.0,0.003289473684210526,0.019938650306748466,0.07260726072607261,0.05016722408026756,0.003316749585406302,0.03134796238244514,0.014778325123152709,0.019639934533551555,0.06565656565656566,0.001524390243902439,0.02190923317683881,0.015100671140939598,0.02533783783783784,0.0016666666666666668,0.09405940594059406,0.04891304347826087,0.014263074484944533,0.0015873015873015873,0.04470198675496689,0.024883359253499222,0.014469453376205787,0.033773861967694566,0.0919175911251981,0.055031446540880505,0.07253086419753087,0.0,0.05472636815920398,0.022764227642276424,0.11492281303602059,0.0016638935108153079,0.06623586429725363,0.04,0.04700162074554295,0.02358490566037736,0.0,0.035168195718654434,0.045925925925925926,0.004777070063694267,0.006259780907668232,0.04957264957264957,0.018376722817764167,0.020338983050847456,0.055031446540880505,0.1508828250401284,0.04568527918781726,0.05152979066022544,0.0,0.04094488188976378,0.013422818791946308,0.0464,0.0,0.04265402843601896,0.00333889816360601,0.010186757215619695,0.01751592356687898,0.09569377990430622,0.0,0.014308426073131956,0.01818181818181818,0.10032894736842106,0.004724409448818898,0.09046849757673667,0.04595879556259905,0.050381679389312976,0.0165016501650165,0.045,0.0425531914893617,0.0,0.03930817610062893,0,0.0
2006,1,9,prevalence,0.0,0.0,0.0,0.0,0.004746835443037975,0.0016501650165016502,0.0,0.003289473684210526,0.0017241379310344827,0.0,0.0016313213703099511,0.001567398119122257,0.0,0.0015873015873015873,0.04222972972972973,0.0016313213703099511,0.0,0.0,0.0,0.0,0.006359300476947536,0.0016155088852988692,0.0,0.0033333333333333335,0.003305785123966942,0.0,0.0032310177705977385,0.0,0.001669449081803005,0.0031545741324921135,0.07643312101910828,0.0,0.001557632398753894,0.0,0.00510204081632653,0.0016501650165016502,0.006837606837606838,0.001610305958132045,0.005025125628140704,0.0,0.0,0.0015625,0.025518341307814992,0.03503184713375796,0.008389261744966443,0.004594180704441042,0.0016501650165016502,0.0015698587127158557,0.001610305958132045,0.0,0.0016750418760469012,0.0016556291390728477,0.056856187290969896,0.0,0.07705479452054795,0.0016638935108153079,0.0031545741324921135,0.0016207455429497568,0.0016051364365971107,0.022292993630573247,0.0,0.0016260162601626016,0.0,0.001644736842105263,0.0,0.0,0.00487012987012987,0.001652892561983471,0.02030456852791878,0.0017064846416382253,0.0,0.0016750418760469012,0.0258751902587519,0.003179650238473768,0.001579778830963665,0.0,0.0,0.0,0.0,0.004918032786885246,0.00487012987012987,0.0016666666666666668,0.0,0.0,0.05692307692307692,0.0,0.0017035775127768314,0.03767660910518053,0.0,0.0016366612111292963,0.0014992503748125937,0.09061488673139159,0.0033444816053511705,0.0,0.00949367088607595,0.001594896331738437,0.07109004739336493,0.0,0.0016611295681063123,0.00967741935483871,0.03305785123966942,0.0,0.04133545310015898,0.04436860068259386,0.016129032258064516,0.0016863406408094434,0.025157232704402517,0.00303951367781155,0.006688963210702341,0.004878048780487805,0.0016366612111292963,0.029850746268656716,0.016778523489932886,0.029801324503311258,0.05448717948717949,0.07155322862129145,0.018808777429467086,0.04326923076923077,0.0,0.04145936981757877,0.032148900169204735,0.015544041450777202,0.013201320132013201,0.024077046548956663,0.0384,0.0034662045060658577,0.0,0.012578616352201259,0.0,0.0033003300330033004,0.018575851393188854,0.04830917874396135,0.04326123128119801,0.003169572107765452,0.020634920634920634,0.035,0.008278145695364239,0.04869565217391304,0.0015337423312883436,0.027070063694267517,0.011532125205930808,0.02564102564102564,0.0033277870216306157,0.09210526315789473,0.07118055555555555,0.008077544426494346,0.0016181229773462784,0.0392156862745098,0.011254019292604502,0.03064516129032258,0.05154639175257732,0.0794392523364486,0.053125,0.08176100628930817,0.0,0.07049180327868852,0.019169329073482427,0.06228956228956229,0.0017482517482517483,0.06026058631921824,0.04377104377104377,0.05608974358974359,0.04,0.0,0.0382262996941896,0.04499274310595065,0.00487012987012987,0.004702194357366771,0.04201680672268908,0.014749262536873156,0.010135135135135136,0.029556650246305417,0.09461663947797716,0.04384485666104553,0.033816425120772944,0.0,0.03656597774244833,0.005050505050505051,0.06514657980456026,0.0,0.04889589905362776,0.001658374792703151,0.008347245409015025,0.01892744479495268,0.08832807570977919,0.0,0.03376205787781351,0.003257328990228013,0.0802675585284281,0.004709576138147566,0.07642276422764227,0.0452418096723869,0.04024767801857585,0.02622950819672131,0.05025125628140704,0.05032467532467533,0.0,0.04692556634304207,0,0.0
2007,1,9,prevalence,0.0,0.0,0.0,0.0,0.003236245954692557,0.003179650238473768,0.0,0.0016750418760469012,0.001658374792703151,0.0,0.0033444816053511705,0.0015625,0.0,0.001589825119236884,0.03747870528109029,0.0016420361247947454,0.0,0.0,0.0016207455429497568,0.0,0.009771986970684038,0.0016051364365971107,0.0,0.0016025641025641025,0.0016366612111292963,0.0,0.004885993485342019,0.0,0.0016366612111292963,0.0033500837520938024,0.08415841584158416,0.0,0.001579778830963665,0.001607717041800643,0.0035087719298245615,0.004966887417218543,0.005226480836236934,0.001610305958132045,0.0016501650165016502,0.0016750418760469012,0.0,0.0016366612111292963,0.055900621118012424,0.02593192868719611,0.011570247933884297,0.007704160246533128,0.0016366612111292963,0.0031446540880503146,0.0016366612111292963,0.0,0.0016181229773462784,0.001652892561983471,0.08163265306122448,0.0,0.057755775577557754,0.0,0.001589825119236884,0.0016750418760469012,0.0016181229773462784,0.015873015873015872,0.0,0.0016420361247947454,0.0,0.0,0.0,0.0,0.0047169811320754715,0.0016806722689075631,0.02564102564102564,0.003424657534246575,0.0,0.003367003367003367,0.020123839009287926,0.006430868167202572,0.001584786053882726,0.0,0.0016806722689075631,0.0,0.0,0.006611570247933884,0.0016233766233766235,0.0017064846416382253,0.0,0.0,0.05972434915773354,0.0,0.001692047377326565,0.058823529411764705,0.0,0.0016155088852988692,0.0,0.060126582278481014,0.0015923566878980893,0.0,0.012345679012345678,0.004885993485342019,0.06046511627906977,0.0,0.0016420361247947454,0.010687022900763359,0.04411764705882353,0.0,0.04245283018867924,0.04241435562805873,0.016339869281045753,0.0016891891891891893,0.02258064516129032,0.0029895366218236174,0.011666666666666667,0.014754098360655738,0.001694915254237288,0.02891156462585034,0.02773246329526917,0.024193548387096774,0.057233704292527825,0.036395147313691506,0.029548989113530325,0.05669291338582677,0.003105590062111801,0.02711864406779661,0.04584040747028863,0.03880070546737213,0.012965964343598054,0.02365930599369085,0.04285714285714286,0.0016611295681063123,0.0,0.025889967637540454,0.0,0.006462035541195477,0.036163522012578615,0.02384737678855326,0.05901639344262295,0.006289308176100629,0.021671826625386997,0.041736227045075125,0.006700167504187605,0.033216783216783216,0.0015600624024961,0.02664576802507837,0.009693053311793215,0.04794520547945205,0.005110732538330494,0.0624,0.05326460481099656,0.0016181229773462784,0.0016366612111292963,0.02903225806451613,0.008025682182985553,0.027960526315789474,0.04918032786885246,0.05405405405405406,0.03697996918335902,0.08372827804107424,0.0,0.08548387096774193,0.015748031496062992,0.05518394648829431,0.0035149384885764497,0.042833607907743,0.040268456375838924,0.05023547880690738,0.03915171288743882,0.0,0.0336,0.044642857142857144,0.004975124378109453,0.003129890453834116,0.07003257328990228,0.022658610271903322,0.015025041736227046,0.018739352640545145,0.08985024958402663,0.045075125208681135,0.04038772213247173,0.0015748031496062992,0.041666666666666664,0.015358361774744027,0.052545155993431854,0.0,0.058084772370486655,0.006600660066006601,0.0016474464579901153,0.02702702702702703,0.07309486780715396,0.0016286644951140066,0.03343949044585987,0.014492753623188406,0.10016420361247948,0.0015408320493066256,0.07741935483870968,0.05319148936170213,0.0390015600624025,0.020202020202020204,0.026058631921824105,0.05203252032520325,0.0,0.0554675118858954,0,0.0
2008,1,9,prevalence,0.0,0.0015384615384615385,0.0,0.0,0.0032679738562091504,0.003179650238473768,0.0,0.0,0.0016207455429497568,0.0,0.005076142131979695,0.0015151515151515152,0.0,0.0015479876160990713,0.020202020202020204,0.0016420361247947454,0.0,0.0,0.0016181229773462784,0.0016233766233766235,0.011217948717948718,0.004777070063694267,0.0016366612111292963,0.0015748031496062992,0.006589785831960461,0.0,0.0048543689320388345,0.0,0.0,0.00333889816360601,0.061872909698996656,0.0,0.00315955766192733,0.0015503875968992248,0.0,0.008038585209003215,0.00338409475465313,0.001594896331738437,0.0034423407917383822,0.0016474464579901153,0.0,0.0016366612111292963,0.06396255850234009,0.024390243902439025,0.013201320132013201,0.0078003120124804995,0.001610305958132045,0.0030816640986132513,0.0016556291390728477,0.0015625,0.0016233766233766235,0.0015822784810126582,0.08869565217391304,0.0,0.0432,0.0,0.0,0.0016474464579901153,0.0,0.00933125972006221,0.0,0.0,0.0,0.0,0.0015822784810126582,0.0,0.0048543689320388345,0.0,0.019769357495881382,0.0033444816053511705,0.0,0.0033277870216306157,0.010510510510510511,0.008278145695364239,0.0032626427406199023,0.0,0.0017301038062283738,0.0,0.0,0.00333889816360601,0.001579778830963665,0.0016501650165016502,0.0,0.0,0.04672897196261682,0.0015455950540958269,0.0017006802721088435,0.07301587301587302,0.0,0.0,0.0015015015015015015,0.0380952380952381,0.0016155088852988692,0.0,0.010903426791277258,0.0016501650165016502,0.052307692307692305,0.0,0.0016778523489932886,0.009345794392523364,0.048939641109298535,0.0,0.04,0.028938906752411574,0.01620745542949757,0.0017006802721088435,0.022435897435897436,0.0030581039755351682,0.014516129032258065,0.013333333333333334,0.001658374792703151,0.03355704697986577,0.03328050713153724,0.03523489932885906,0.06699346405228758,0.02564102564102564,0.040625,0.08267090620031796,0.003194888178913738,0.02782608695652174,0.044142614601018676,0.03986135181975736,0.034482758620689655,0.03194888178913738,0.031496062992125984,0.0016666666666666668,0.0,0.04854368932038835,0.0,0.015822784810126583,0.03230769230769231,0.015723270440251572,0.08143322475570032,0.014173228346456693,0.02040816326530612,0.04568527918781726,0.0210016155088853,0.025684931506849314,0.0015923566878980893,0.009404388714733543,0.016129032258064516,0.02003338898163606,0.01384083044982699,0.04133545310015898,0.05114638447971781,0.0031847133757961785,0.001718213058419244,0.03656597774244833,0.01729559748427673,0.03231017770597738,0.038922155688622756,0.04559748427672956,0.03363914373088685,0.04503105590062112,0.0,0.0744336569579288,0.024806201550387597,0.044481054365733116,0.0017391304347826088,0.038525963149078725,0.04582651391162029,0.0512,0.03104575163398693,0.0,0.04508856682769726,0.053353658536585365,0.0033112582781456954,0.001610305958132045,0.06359300476947535,0.007621951219512195,0.018487394957983194,0.030456852791878174,0.046357615894039736,0.04054054054054054,0.03915171288743882,0.0016155088852988692,0.043548387096774194,0.0415944540727903,0.05454545454545454,0.0,0.0484375,0.008183306055646482,0.0016366612111292963,0.04777070063694268,0.06687402799377916,0.0,0.07849293563579278,0.011589403973509934,0.08153078202995008,0.0015723270440251573,0.06341463414634146,0.09119010819165378,0.03627760252365931,0.02901023890784983,0.0368,0.048576214405360134,0.0,0.056,0,0.0
2009,1,9,prevalence,0.0,0.0014947683109118087,0.0,0.0,0.0033003300330033004,0.0032258064516129032,0.0,0.0,0.0016611295681063123,0.0,0.005076142131979695,0.0015360983102918587,0.0,0.001610305958132045,0.046511627906976744,0.0016638935108153079,0.0,0.0016420361247947454,0.003289473684210526,0.001652892561983471,0.009478672985781991,0.0015503875968992248,0.001597444089456869,0.003179650238473768,0.011608623548922056,0.0,0.0032626427406199023,0.0,0.0,0.00333889816360601,0.056291390728476824,0.0,0.003205128205128205,0.0015337423312883436,0.0,0.007861635220125786,0.003418803418803419,0.0,0.0034071550255536627,0.0016181229773462784,0.0016863406408094434,0.0,0.0668693009118541,0.029411764705882353,0.008103727714748784,0.007530120481927711,0.0,0.006369426751592357,0.0016722408026755853,0.001564945226917058,0.0016129032258064516,0.001589825119236884,0.08422939068100359,0.0016051364365971107,0.04038772213247173,0.0,0.0,0.0,0.0,0.007518796992481203,0.0,0.0,0.0016501650165016502,0.0,0.0015360983102918587,0.0,0.004754358161648178,0.0,0.01485148514851485,0.0033333333333333335,0.0,0.003284072249589491,0.012139605462822459,0.008264462809917356,0.0015873015873015873,0.0,0.0017301038062283738,0.0,0.0,0.010050251256281407,0.0,0.001652892561983471,0.0,0.001697792869269949,0.040625,0.0016181229773462784,0.0016666666666666668,0.09105431309904154,0.0,0.0,0.0015128593040847202,0.04754358161648178,0.0016313213703099511,0.0,0.017350157728706624,0.001607717041800643,0.04716981132075472,0.0,0.003316749585406302,0.001579778830963665,0.05750798722044728,0.0,0.026234567901234566,0.02127659574468085,0.01335559265442404,0.0033613445378151263,0.02377179080824089,0.0031545741324921135,0.028938906752411574,0.011904761904761904,0.0016420361247947454,0.0273972602739726,0.025848142164781908,0.044444444444444446,0.061708860759493674,0.023972602739726026,0.03858520900321544,0.05180533751962323,0.0016181229773462784,0.040955631399317405,0.03114754098360656,0.03793103448275862,0.04574132492113565,0.01729559748427673,0.03184713375796178,0.0,0.0,0.04067796610169491,0.0,0.026856240126382307,0.02332814930015552,0.009419152276295133,0.11631663974151858,0.022222222222222223,0.03353658536585366,0.043697478991596636,0.023064250411861616,0.02249134948096886,0.003205128205128205,0.015600624024960999,0.02564102564102564,0.014263074484944533,0.005119453924914676,0.03317535545023697,0.05140961857379768,0.003205128205128205,0.0017094017094017094,0.03135313531353135,0.02247191011235955,0.0288,0.0290519877675841,0.06188925081433225,0.028963414634146343,0.01282051282051282,0.0,0.0898876404494382,0.027419354838709678,0.056291390728476824,0.0017064846416382253,0.03140495867768595,0.038525963149078725,0.04984423676012461,0.01794453507340946,0.0,0.036303630363036306,0.07078313253012049,0.0033222591362126247,0.0015923566878980893,0.07085346215780998,0.012232415902140673,0.022617124394184167,0.029459901800327332,0.039538714991762765,0.0380794701986755,0.047775947281713346,0.0015822784810126582,0.04936305732484077,0.0421792618629174,0.08013355592654424,0.0,0.03785488958990536,0.0033444816053511705,0.0,0.03079416531604538,0.06583072100313479,0.0,0.06847133757961783,0.013266998341625208,0.06960950764006792,0.001589825119236884,0.06168831168831169,0.09389671361502347,0.026729559748427674,0.013582342954159592,0.030110935023771792,0.05714285714285714,0.0,0.06902086677367576,0,0.0
2010,1,9,prevalence,0.0,0.0015151515151515152,0.0,0.0,0.0,0.0031446540880503146,0.0,0.0,0.0,0.0,0.0034965034965034965,0.0015455950540958269,0.0,0.0016286644951140066,0.1048252911813644,0.0017035775127768314,0.0,0.0,0.003289473684210526,0.0016207455429497568,0.0077279752704791345,0.0015479876160990713,0.001594896331738437,0.0031201248049922,0.008223684210526315,0.0,0.004901960784313725,0.0,0.0,0.003236245954692557,0.030303030303030304,0.0,0.001607717041800643,0.0,0.0,0.009302325581395349,0.003418803418803419,0.0,0.0035087719298245615,0.0,0.0016863406408094434,0.0,0.04489164086687306,0.028846153846153848,0.003367003367003367,0.004672897196261682,0.0,0.0061633281972265025,0.0016666666666666668,0.0016207455429497568,0.001652892561983471,0.0015723270440251573,0.06822262118491922,0.001589825119236884,0.04186795491143317,0.0,0.0,0.0,0.0,0.00744047619047619,0.0,0.0016339869281045752,0.001652892561983471,0.0,0.003115264797507788,0.001652892561983471,0.003169572107765452,0.0,0.014950166112956811,0.0016891891891891893,0.004792332268370607,0.0016286644951140066,0.0093603744149766,0.009708737864077669,0.003246753246753247,0.0015698587127158557,0.0,0.0,0.0,0.0068846815834767644,0.0,0.0016501650165016502,0.0,0.0017035775127768314,0.03333333333333333,0.0016474464579901153,0.0016891891891891893,0.09305993690851735,0.0,0.0,0.0,0.06991869918699187,0.0,0.0,0.03054662379421222,0.0,0.06426332288401254,0.0,0.0033500837520938024,0.0048543689320388345,0.04455445544554455,0.0,0.023734177215189875,0.016,0.009868421052631578,0.0,0.01557632398753894,0.001644736842105263,0.025806451612903226,0.017828200972447326,0.0016750418760469012,0.03690685413005272,0.04173354735152488,0.050173010380622836,0.06729264475743349,0.026981450252951095,0.03475513428120063,0.054365733113673806,0.0033112582781456954,0.03677758318739054,0.023140495867768594,0.03963963963963964,0.058544303797468354,0.0282574568288854,0.032679738562091505,0.0,0.0,0.02800658978583196,0.0,0.03536977491961415,0.030015797788309637,0.017713365539452495,0.1073170731707317,0.045454545454545456,0.03374233128834356,0.056451612903225805,0.012965964343598054,0.008503401360544218,0.001607717041800643,0.02037617554858934,0.05098684210526316,0.008025682182985553,0.010101010101010102,0.022292993630573247,0.06935483870967742,0.003205128205128205,0.0016638935108153079,0.032948929159802305,0.04433497536945813,0.034976152623211444,0.013996889580093312,0.06359300476947535,0.0258751902587519,0.024,0.0,0.11396468699839486,0.033816425120772944,0.10032362459546926,0.0017006802721088435,0.026272577996715927,0.04426229508196721,0.050156739811912224,0.016339869281045753,0.008077544426494346,0.03130148270181219,0.058637083993660855,0.0033003300330033004,0.0,0.05546492659053834,0.0029895366218236174,0.02254428341384863,0.030844155844155844,0.042692939244663386,0.029801324503311258,0.06995230524642289,0.001610305958132045,0.037037037037037035,0.01576182136602452,0.10696095076400679,0.0,0.03169572107765452,0.0033333333333333335,0.0,0.014492753623188406,0.06309148264984227,0.0016181229773462784,0.08360128617363344,0.019704433497536946,0.07167235494880546,0.0015873015873015873,0.07754442649434572,0.1192368839427663,0.02358490566037736,0.012411347517730497,0.03565640194489465,0.048903878583473864,0.0015923566878980893,0.05627009646302251,0,0.0015408320493066256
2011,1,9,prevalence,0.0,0.0015432098765432098,0.0,0.001589825119236884,0.0016806722689075631,0.006191950464396285,0.0,0.0,0.0,0.0,0.001718213058419244,0.0015337423312883436,0.0,0.0,0.1839080459770115,0.0,0.0,0.0,0.0033783783783783786,0.0016722408026755853,0.0106544901065449,0.0015600624024961,0.001584786053882726,0.001594896331738437,0.0016638935108153079,0.0,0.003316749585406302,0.0,0.0,0.005025125628140704,0.02512562814070352,0.0,0.001607717041800643,0.0015128593040847202,0.0,0.007598784194528876,0.001658374792703151,0.0,0.0017482517482517483,0.0,0.0033222591362126247,0.0,0.03761755485893417,0.024350649350649352,0.0016313213703099511,0.004694835680751174,0.0,0.006153846153846154,0.0,0.001644736842105263,0.0016556291390728477,0.0015360983102918587,0.04852686308492201,0.0,0.061488673139158574,0.0,0.0,0.0,0.0,0.015337423312883436,0.0,0.001652892561983471,0.001694915254237288,0.0,0.003125,0.0016835016835016834,0.0016025641025641025,0.0,0.019801980198019802,0.0,0.0031545741324921135,0.0016891891891891893,0.004784688995215311,0.008183306055646482,0.0016233766233766235,0.0015503875968992248,0.0,0.001639344262295082,0.0,0.010101010101010102,0.0015723270440251573,0.0016366612111292963,0.0,0.0016863406408094434,0.04854368932038835,0.0016806722689075631,0.0016750418760469012,0.09584664536741214,0.0,0.0,0.0,0.1088,0.0,0.0,0.016,0.0,0.06698564593301436,0.0,0.0017094017094017094,0.003278688524590164,0.03571428571428571,0.0,0.0499219968798752,0.015748031496062992,0.01468189233278956,0.0,0.015748031496062992,0.0,0.040783034257748776,0.02127659574468085,0.0016666666666666668,0.04251700680272109,0.030894308943089432,0.035398230088495575,0.07234726688102894,0.02364864864864865,0.03426791277258567,0.05081967213114754,0.003246753246753247,0.055456171735241505,0.014827018121911038,0.06082289803220036,0.0405616224648986,0.02694136291600634,0.022508038585209004,0.0,0.0,0.045454545454545456,0.0,0.06546644844517185,0.02702702702702703,0.01594896331738437,0.07766990291262135,0.02768729641693811,0.03333333333333333,0.05663430420711974,0.026856240126382307,0.00333889816360601,0.001607717041800643,0.008156606851549755,0.046511627906976744,0.004862236628849271,0.013266998341625208,0.023961661341853034,0.05501618122977346,0.001579778830963665,0.001669449081803005,0.02593192868719611,0.046357615894039736,0.07373271889400922,0.01875,0.05608974358974359,0.022865853658536585,0.021103896103896104,0.0,0.13183279742765272,0.06289308176100629,0.09636650868878358,0.0017035775127768314,0.023291925465838508,0.044481054365733116,0.04900459418070444,0.019933554817275746,0.012759170653907496,0.022690437601296597,0.06572769953051644,0.003367003367003367,0.0,0.054098360655737705,0.005988023952095809,0.02996845425867508,0.030448717948717948,0.03915171288743882,0.022033898305084745,0.0554675118858954,0.001597444089456869,0.04276315789473684,0.013651877133105802,0.141156462585034,0.0016835016835016834,0.03927986906710311,0.0033333333333333335,0.0,0.017915309446254073,0.042833607907743,0.004761904761904762,0.06591639871382636,0.012903225806451613,0.056910569105691054,0.0016,0.10474631751227496,0.13798449612403102,0.0203125,0.005415162454873646,0.01938610662358643,0.050173010380622836,0.0015552099533437014,0.05128205128205128,0,0.003129890453834116
2012,1,9,prevalence,0.0,0.0015337423312883436,0.0,0.001584786053882726,0.0016556291390728477,0.007849293563579277,0.0,0.0016835016835016834,0.0,0.0,0.0016891891891891893,0.0015267175572519084,0.0,0.0,0.2707993474714519,0.0,0.0,0.0016666666666666668,0.0032733224222585926,0.0017064846416382253,0.007751937984496124,0.001607717041800643,0.001589825119236884,0.0,0.001652892561983471,0.0,0.0032102728731942215,0.0,0.0,0.00510204081632653,0.02622950819672131,0.0,0.001589825119236884,0.001594896331738437,0.0,0.009230769230769232,0.0016474464579901153,0.001594896331738437,0.003395585738539898,0.0,0.003355704697986577,0.0,0.022257551669316374,0.024154589371980676,0.0016501650165016502,0.0032102728731942215,0.0,0.0045662100456621,0.0,0.003278688524590164,0.0016233766233766235,0.0014947683109118087,0.052100840336134456,0.0,0.06016260162601626,0.0,0.0,0.0,0.0,0.025411061285500747,0.0,0.0016611295681063123,0.001644736842105263,0.0,0.0032,0.0016556291390728477,0.0016778523489932886,0.0,0.015306122448979591,0.0,0.0030959752321981426,0.0,0.0015923566878980893,0.006622516556291391,0.0015600624024961,0.0032102728731942215,0.0,0.0016286644951140066,0.0,0.024834437086092714,0.001607717041800643,0.0016,0.0,0.001669449081803005,0.03015075376884422,0.0016722408026755853,0.0,0.08074534161490683,0.0,0.0,0.001607717041800643,0.13270142180094788,0.0,0.0,0.009538950715421303,0.0,0.05601317957166392,0.0032520325203252032,0.0016722408026755853,0.003389830508474576,0.052805280528052806,0.0,0.05087440381558029,0.006289308176100629,0.025396825396825397,0.0,0.019448946515397084,0.0,0.04838709677419355,0.012924071082390954,0.0016891891891891893,0.05546492659053834,0.026101141924959218,0.02486678507992895,0.08346972176759411,0.013333333333333334,0.03531300160513644,0.07846410684474124,0.003125,0.03333333333333333,0.01788617886178862,0.053726169844020795,0.0375,0.02040816326530612,0.014308426073131956,0.0,0.0,0.03459637561779242,0.003125,0.09105960264900662,0.06003159557661927,0.014354066985645933,0.0892018779342723,0.03140495867768595,0.031496062992125984,0.035541195476575124,0.04120443740095087,0.0033783783783783786,0.001610305958132045,0.02358490566037736,0.03776683087027915,0.015254237288135594,0.011400651465798045,0.03758169934640523,0.03889789303079417,0.0032626427406199023,0.003246753246753247,0.019230769230769232,0.04313099041533546,0.1277258566978193,0.0192,0.11746031746031746,0.015503875968992248,0.040783034257748776,0.0,0.1285475792988314,0.0805921052631579,0.08267090620031796,0.0017094017094017094,0.0218408736349454,0.05211726384364821,0.032915360501567396,0.019736842105263157,0.004901960784313725,0.01800327332242226,0.08450704225352113,0.0033112582781456954,0.0,0.04591836734693878,0.0015037593984962407,0.014634146341463415,0.03129890453834116,0.05929487179487179,0.01335559265442404,0.0436817472698908,0.0016474464579901153,0.04230118443316413,0.0033613445378151263,0.14554794520547945,0.0016233766233766235,0.0380952380952381,0.0050335570469798654,0.0,0.025848142164781908,0.059422750424448216,0.003278688524590164,0.0791599353796446,0.009538950715421303,0.0429042904290429,0.001567398119122257,0.11074918566775244,0.16057233704292528,0.02384737678855326,0.001669449081803005,0.024752475247524754,0.056105610561056105,0.006097560975609756,0.03054662379421222,0,0.007936507936507936
2013,1,9,prevalence,0.0,0.0015772870662460567,0.0,0.004594180704441042,0.0016666666666666668,0.0046439628482972135,0.0016638935108153079,0.0049504950495049506,0.0,0.0014992503748125937,0.0016233766233766235,0.0,0.0,0.0,0.25636942675159236,0.0,0.0,0.0016233766233766235,0.0032626427406199023,0.001694915254237288,0.007451564828614009,0.0016051364365971107,0.0015923566878980893,0.00482315112540193,0.001718213058419244,0.0,0.0032520325203252032,0.0,0.0,0.006968641114982578,0.02145214521452145,0.0,0.0016313213703099511,0.0016025641025641025,0.001607717041800643,0.007898894154818325,0.0,0.0016366612111292963,0.0017035775127768314,0.0,0.0032414910858995136,0.0,0.00631911532385466,0.034482758620689655,0.0,0.0016129032258064516,0.0,0.0030303030303030303,0.0,0.003367003367003367,0.0016129032258064516,0.0,0.06984667802385008,0.0,0.044444444444444446,0.0016778523489932886,0.0,0.0,0.0015748031496062992,0.03560830860534125,0.0,0.0016891891891891893,0.0,0.0,0.003169572107765452,0.0016666666666666668,0.0,0.004838709677419355,0.010050251256281407,0.0,0.0032733224222585926,0.0,0.0016366612111292963,0.0033333333333333335,0.0,0.0032520325203252032,0.0,0.0016181229773462784,0.0,0.030405405405405407,0.0015772870662460567,0.0031847133757961785,0.0,0.0016611295681063123,0.022222222222222223,0.0016835016835016834,0.0,0.08709175738724728,0.0,0.0,0.004815409309791332,0.13078149920255183,0.0,0.0,0.02190923317683881,0.0,0.06885245901639345,0.0049261083743842365,0.0016366612111292963,0.0016806722689075631,0.0467741935483871,0.0016501650165016502,0.05582137161084529,0.0016420361247947454,0.026856240126382307,0.0,0.016339869281045753,0.0,0.05813953488372093,0.020967741935483872,0.001697792869269949,0.052901023890784986,0.04132231404958678,0.011864406779661017,0.07211538461538461,0.009966777408637873,0.029605263157894735,0.12769485903814262,0.0031746031746031746,0.041884816753926704,0.024077046548956663,0.0674955595026643,0.08095238095238096,0.016181229773462782,0.0304,0.0,0.0,0.06976744186046512,0.0016207455429497568,0.1557377049180328,0.05845181674565561,0.0141287284144427,0.07961783439490445,0.03770491803278689,0.047619047619047616,0.035483870967741936,0.03179650238473768,0.003372681281618887,0.001567398119122257,0.03821656050955414,0.030944625407166124,0.014563106796116505,0.011494252873563218,0.03328050713153724,0.022222222222222223,0.0032310177705977385,0.003246753246753247,0.023026315789473683,0.05175292153589316,0.20926517571884984,0.0165016501650165,0.15055467511885895,0.0264797507788162,0.04785478547854786,0.0,0.1445578231292517,0.0975609756097561,0.10894308943089431,0.0016556291390728477,0.012558869701726845,0.06907378335949764,0.05564387917329094,0.03177257525083612,0.0,0.008183306055646482,0.10897435897435898,0.00333889816360601,0.0,0.044481054365733116,0.0,0.024834437086092714,0.030844155844155844,0.06929133858267716,0.01951219512195122,0.027914614121510674,0.001669449081803005,0.0387858347386172,0.001658374792703151,0.131175468483816,0.0016207455429497568,0.018633540372670808,0.0032679738562091504,0.0,0.036605657237936774,0.11486486486486487,0.0033613445378151263,0.09870550161812297,0.006279434850863423,0.04674457429048414,0.001594896331738437,0.10101010101010101,0.1952755905511811,0.03140495867768595,0.00859106529209622,0.037096774193548385,0.03889789303079417,0.0,0.04823151125401929,0,0.0046875
2014,1,9,prevalence,0.0,0.0015432098765432098,0.0,0.004524886877828055,0.001669449081803005,0.004451038575667656,0.0,0.0015923566878980893,0.0,0.0015455950540958269,0.003236245954692557,0.0,0.0,0.0,0.3102893890675241,0.0,0.001557632398753894,0.0016420361247947454,0.0030959752321981426,0.001697792869269949,0.0061068702290076335,0.0,0.0016155088852988692,0.0065040650406504065,0.0,0.0,0.003278688524590164,0.0,0.0,0.006896551724137931,0.029079159935379646,0.0,0.0016286644951140066,0.0016233766233766235,0.0016207455429497568,0.006289308176100629,0.0,0.0016233766233766235,0.001669449081803005,0.0,0.003205128205128205,0.0016420361247947454,0.0015337423312883436,0.03610675039246468,0.0016556291390728477,0.0,0.0,0.0031007751937984496,0.0,0.004918032786885246,0.0015873015873015873,0.0,0.061872909698996656,0.0,0.01661631419939577,0.0016750418760469012,0.0,0.0,0.001589825119236884,0.08444444444444445,0.0,0.0016313213703099511,0.0,0.0,0.003105590062111801,0.0033613445378151263,0.0,0.006211180124223602,0.013289036544850499,0.0,0.0033277870216306157,0.0,0.001579778830963665,0.00315955766192733,0.0,0.0016233766233766235,0.0016638935108153079,0.0,0.0,0.04477611940298507,0.0015748031496062992,0.003194888178913738,0.001567398119122257,0.0016051364365971107,0.05564648117839607,0.0032520325203252032,0.0,0.11041009463722397,0.0,0.0,0.006349206349206349,0.1305732484076433,0.0,0.0,0.030694668820678513,0.0,0.08156606851549755,0.003289473684210526,0.0016366612111292963,0.0016806722689075631,0.03685897435897436,0.0,0.07827476038338659,0.0016474464579901153,0.03169572107765452,0.0,0.024834437086092714,0.0,0.08333333333333333,0.019417475728155338,0.001658374792703151,0.056910569105691054,0.034976152623211444,0.006756756756756757,0.06477093206951026,0.0033333333333333335,0.02903225806451613,0.13389830508474576,0.0031545741324921135,0.050966608084358524,0.024154589371980676,0.06260575296108291,0.071875,0.028662420382165606,0.03225806451612903,0.0015873015873015873,0.0,0.06754530477759473,0.001589825119236884,0.20065789473684212,0.08681672025723473,0.0128,0.07777777777777778,0.04297520661157025,0.06528662420382166,0.03565891472868217,0.028169014084507043,0.02030456852791878,0.0015822784810126582,0.028662420382165606,0.036303630363036306,0.0192,0.011308562197092083,0.01579778830963665,0.013761467889908258,0.0016181229773462784,0.006309148264984227,0.031446540880503145,0.05405405405405406,0.20285261489698891,0.018092105263157895,0.15,0.021739130434782608,0.06365159128978225,0.0015600624024961,0.13311148086522462,0.0993485342019544,0.10063897763578275,0.0016051364365971107,0.007763975155279503,0.07655502392344497,0.0707395498392283,0.04006410256410257,0.004893964110929853,0.009724473257698542,0.11920529801324503,0.001594896331738437,0.0,0.04628099173553719,0.0,0.035830618892508145,0.03414634146341464,0.09090909090909091,0.024115755627009645,0.028333333333333332,0.0017301038062283738,0.048903878583473864,0.0016181229773462784,0.1464226289517471,0.001658374792703151,0.014285714285714285,0.003355704697986577,0.001607717041800643,0.06218487394957983,0.1675213675213675,0.003355704697986577,0.14959349593495935,0.004724409448818898,0.04753820033955857,0.001579778830963665,0.19720767888307156,0.2012779552715655,0.045454545454545456,0.02276707530647986,0.0296875,0.02247191011235955,0.0,0.051036682615629984,0,0.001597444089456869
2015,1,9,prevalence,0.0,0.0015748031496062992,0.0,0.0030303030303030303,0.0017006802721088435,0.004470938897168405,0.0,0.0015600624024961,0.0,0.0030534351145038168,0.0016638935108153079,0.0,0.0,0.0,0.3194888178913738,0.0,0.0015552099533437014,0.0049261083743842365,0.0015873015873015873,0.001694915254237288,0.006279434850863423,0.0,0.001652892561983471,0.006611570247933884,0.0,0.0,0.001610305958132045,0.0,0.0015748031496062992,0.005110732538330494,0.04477611940298507,0.0,0.0,0.001567398119122257,0.0016233766233766235,0.0031746031746031746,0.0,0.0,0.0016666666666666668,0.003194888178913738,0.0015873015873015873,0.0016750418760469012,0.0,0.030497592295345103,0.0032948929159802307,0.0,0.0,0.0016025641025641025,0.0016129032258064516,0.003305785123966942,0.0,0.001610305958132045,0.0496,0.0,0.010802469135802469,0.005050505050505051,0.0,0.0,0.0015772870662460567,0.08641975308641975,0.0,0.0,0.0,0.0,0.001564945226917058,0.001652892561983471,0.0016891891891891893,0.007680491551459293,0.009771986970684038,0.0,0.0033783783783783786,0.0,0.0016286644951140066,0.001589825119236884,0.001567398119122257,0.0017035775127768314,0.0033613445378151263,0.0,0.0,0.0633116883116883,0.0015479876160990713,0.001594896331738437,0.0015552099533437014,0.003215434083601286,0.04390243902439024,0.004918032786885246,0.0,0.11912225705329153,0.0016501650165016502,0.0,0.004885993485342019,0.13036565977742448,0.0,0.0,0.032,0.0,0.088379705400982,0.003179650238473768,0.0015527950310559005,0.0,0.0390625,0.0,0.11128775834658187,0.0,0.03636363636363636,0.0,0.024793388429752067,0.0,0.11130434782608696,0.017770597738287562,0.0,0.07165605095541401,0.03987240829346093,0.0017064846416382253,0.0685805422647528,0.003289473684210526,0.03079416531604538,0.17892976588628762,0.004934210526315789,0.04006968641114982,0.027777777777777776,0.04745762711864407,0.06376360808709176,0.0322061191626409,0.028481012658227847,0.001589825119236884,0.0,0.05519480519480519,0.0015772870662460567,0.22006472491909385,0.08018867924528301,0.016129032258064516,0.08188976377952756,0.07731958762886598,0.1140495867768595,0.03211009174311927,0.0430622009569378,0.004909983633387889,0.0015360983102918587,0.02689075630252101,0.05351170568561873,0.014308426073131956,0.021885521885521887,0.01788617886178862,0.027149321266968326,0.0,0.012345679012345678,0.04107424960505529,0.05378151260504202,0.20695102685624012,0.014469453376205787,0.1470113085621971,0.023148148148148147,0.06821963394342762,0.0015455950540958269,0.1592775041050903,0.11488673139158576,0.09046849757673667,0.0032258064516129032,0.004724409448818898,0.06688417618270799,0.0984375,0.0249609984399376,0.01615508885298869,0.003305785123966942,0.15397350993377484,0.0,0.0,0.04187604690117253,0.0,0.030448717948717948,0.03459119496855346,0.09794628751974724,0.022988505747126436,0.05317324185248713,0.0,0.06324786324786325,0.0015503875968992248,0.1187800963081862,0.0016051364365971107,0.011075949367088608,0.001718213058419244,0.001589825119236884,0.06818181818181818,0.1840277777777778,0.006745362563237774,0.12748344370860928,0.006289308176100629,0.077834179357022,0.0016155088852988692,0.23743500866551126,0.2,0.03442622950819672,0.02079722703639515,0.04205607476635514,0.025356576862123614,0.0,0.03803486529318542,0,0.0
2016,1,9,prevalence,0.0,0.0,0.0,0.0030441400304414,0.001589825119236884,0.0030120481927710845,0.0,0.001579778830963665,0.0,0.0030721966205837174,0.001594896331738437,0.0,0.0,0.0,0.24880382775119617,0.0,0.0,0.005050505050505051,0.0016233766233766235,0.0,0.006211180124223602,0.0015290519877675841,0.001669449081803005,0.00859106529209622,0.0,0.0,0.001610305958132045,0.0,0.0,0.00333889816360601,0.05695142378559464,0.0,0.0016051364365971107,0.009389671361502348,0.001564945226917058,0.001557632398753894,0.0,0.0,0.0032626427406199023,0.0015723270440251573,0.0015698587127158557,0.0015873015873015873,0.0,0.03571428571428571,0.004901960784313725,0.0,0.0,0.0,0.001589825119236884,0.0032948929159802307,0.0,0.0,0.051118210862619806,0.0,0.029548989113530325,0.006600660066006601,0.0,0.0,0.0015600624024961,0.09244992295839753,0.0,0.0,0.0,0.0016313213703099511,0.0015267175572519084,0.001644736842105263,0.0017241379310344827,0.0045045045045045045,0.003278688524590164,0.0,0.0033003300330033004,0.0,0.0016286644951140066,0.0015337423312883436,0.0015337423312883436,0.001692047377326565,0.0016750418760469012,0.0,0.0,0.07954545454545454,0.0015527950310559005,0.0016025641025641025,0.0015723270440251573,0.0015360983102918587,0.046849757673667204,0.005,0.0,0.10869565217391304,0.0016339869281045752,0.0,0.0049586776859504135,0.13629160063391443,0.0,0.0,0.04409448818897638,0.00315955766192733,0.0851063829787234,0.001607717041800643,0.0015600624024961,0.0,0.04192546583850932,0.0,0.11930926216640503,0.0,0.02750809061488673,0.0,0.040492957746478875,0.0016638935108153079,0.16753022452504318,0.017915309446254073,0.0,0.065625,0.052202283849918436,0.0017035775127768314,0.07108239095315025,0.001652892561983471,0.02857142857142857,0.13079470198675497,0.003246753246753247,0.030821917808219176,0.022187004754358162,0.059800664451827246,0.030864197530864196,0.022257551669316374,0.028662420382165606,0.0016181229773462784,0.0,0.05211726384364821,0.001564945226917058,0.17598684210526316,0.0916030534351145,0.015698587127158554,0.09076682316118936,0.08710217755443886,0.15562913907284767,0.03048780487804878,0.08038585209003216,0.0,0.0,0.03372681281618887,0.04455445544554455,0.022435897435897436,0.02003338898163606,0.014827018121911038,0.02900763358778626,0.0,0.0234375,0.04739336492890995,0.08680555555555555,0.18454258675078863,0.004901960784313725,0.17045454545454544,0.0384,0.09359605911330049,0.001557632398753894,0.12828947368421054,0.09060955518945635,0.10033444816053512,0.0016155088852988692,0.0048,0.04430379746835443,0.11058451816745656,0.026729559748427674,0.022727272727272728,0.0016806722689075631,0.1557377049180328,0.0,0.0016891891891891893,0.02512562814070352,0.0,0.03896103896103896,0.03709428129829984,0.09744408945686901,0.01584786053882726,0.048414023372287146,0.0016722408026755853,0.06700167504187604,0.0015455950540958269,0.1134185303514377,0.0032679738562091504,0.0048,0.0,0.001610305958132045,0.07941653160453808,0.1695501730103806,0.005,0.12295081967213115,0.0046875,0.12091503267973856,0.0016750418760469012,0.2623239436619718,0.19727891156462585,0.029411764705882353,0.02040816326530612,0.05116279069767442,0.023064250411861616,0.0,0.04326923076923077,0,0.0016313213703099511
2017,1,9,prevalence,0.0,0.0,0.001610305958132045,0.0015625,0.0,0.0030959752321981426,0.0,0.0016366612111292963,0.0,0.0031007751937984496,0.001597444089456869,0.0,0.0,0.0,0.18370607028753994,0.0,0.0032102728731942215,0.00510204081632653,0.0,0.0,0.0045871559633027525,0.0015408320493066256,0.0016722408026755853,0.013422818791946308,0.0,0.0,0.0015060240963855422,0.0,0.0,0.003472222222222222,0.04234527687296417,0.0,0.003246753246753247,0.007936507936507936,0.0015600624024961,0.0015600624024961,0.0,0.0,0.0049261083743842365,0.0015527950310559005,0.0016207455429497568,0.001607717041800643,0.0,0.03858520900321544,0.003395585738539898,0.0,0.0,0.0,0.004761904761904762,0.003189792663476874,0.001610305958132045,0.0,0.09147286821705426,0.0,0.04354587869362364,0.006611570247933884,0.0,0.0,0.0015408320493066256,0.1375579598145286,0.0,0.0016366612111292963,0.0,0.0016806722689075631,0.0,0.0016474464579901153,0.0,0.007656967840735069,0.0016666666666666668,0.0,0.0016420361247947454,0.0,0.0016260162601626016,0.0015037593984962407,0.001488095238095238,0.003289473684210526,0.0016556291390728477,0.0,0.003401360544217687,0.08524590163934426,0.0015625,0.001597444089456869,0.001597444089456869,0.001567398119122257,0.03215434083601286,0.0032948929159802307,0.0,0.12149532710280374,0.0016863406408094434,0.0,0.005145797598627788,0.13551401869158877,0.0,0.0,0.05757575757575758,0.006230529595015576,0.08169934640522876,0.001607717041800643,0.001597444089456869,0.0,0.04732824427480916,0.001557632398753894,0.15590551181102363,0.0,0.03184713375796178,0.003189792663476874,0.04130808950086059,0.001644736842105263,0.14655172413793102,0.01901743264659271,0.0,0.09320695102685624,0.03864734299516908,0.0,0.0784,0.0016207455429497568,0.03205128205128205,0.1232,0.004878048780487805,0.013816925734024179,0.03785488958990536,0.06655290102389079,0.035114503816793895,0.02664576802507837,0.03421461897356143,0.001610305958132045,0.001669449081803005,0.04983922829581994,0.0015337423312883436,0.1474036850921273,0.07006369426751592,0.031007751937984496,0.06687898089171974,0.09602649006622517,0.17447495961227788,0.04505813953488372,0.14502529510961215,0.0,0.0,0.048986486486486486,0.048465266558966075,0.026359143327841845,0.011513157894736841,0.011608623548922056,0.020155038759689922,0.0,0.045941807044410414,0.04043545878693624,0.09797297297297297,0.12229102167182662,0.0,0.15483870967741936,0.036605657237936774,0.11251980982567353,0.0016366612111292963,0.1189710610932476,0.13225806451612904,0.0667779632721202,0.0016,0.004807692307692308,0.044657097288676235,0.08774583963691376,0.038580246913580245,0.02511773940345369,0.0,0.14353312302839116,0.0,0.0016286644951140066,0.006734006734006734,0.0,0.058919803600654665,0.054858934169279,0.09744408945686901,0.009569377990430622,0.10034013605442177,0.003278688524590164,0.08983050847457627,0.0015873015873015873,0.09951845906902086,0.003305785123966942,0.003189792663476874,0.0,0.001584786053882726,0.09060955518945635,0.1226252158894646,0.001652892561983471,0.10552763819095477,0.004608294930875576,0.13464696223316913,0.0,0.2459605026929982,0.1806020066889632,0.034482758620689655,0.02106969205834684,0.05709876543209876,0.03099510603588907,0.0031446540880503146,0.04146730462519936,0,0.0032102728731942215
2018,1,9,prevalence,0.0,0.0,0.001610305958132045,0.001597444089456869,0.0,0.0015174506828528073,0.0,0.0,0.0,0.0030911901081916537,0.001597444089456869,0.0,0.0,0.0033277870216306157,0.13385826771653545,0.0,0.0032,0.006666666666666667,0.0,0.0,0.0031446540880503146,0.0015552099533437014,0.0,0.013245033112582781,0.0,0.0,0.0015455950540958269,0.0,0.0,0.0033444816053511705,0.046849757673667204,0.003134796238244514,0.008210180623973728,0.004777070063694267,0.0032102728731942215,0.0,0.0,0.0,0.00338409475465313,0.0015313935681470138,0.003189792663476874,0.0,0.0,0.035256410256410256,0.0016806722689075631,0.0,0.0,0.0,0.004665629860031105,0.003179650238473768,0.001557632398753894,0.0,0.11332312404287902,0.0,0.043410852713178294,0.008445945945945946,0.0,0.0,0.001567398119122257,0.1495176848874598,0.0,0.003257328990228013,0.0,0.0,0.0015384615384615385,0.0016155088852988692,0.0,0.003048780487804878,0.0,0.0,0.0,0.0,0.0016260162601626016,0.0,0.0015600624024961,0.0032948929159802307,0.0,0.0,0.003289473684210526,0.12292358803986711,0.0016,0.0047694753577106515,0.0015527950310559005,0.001644736842105263,0.027552674230145867,0.0031847133757961785,0.0,0.1360759493670886,0.0016233766233766235,0.0,0.005190311418685121,0.1490015360983103,0.0,0.0,0.1021671826625387,0.007836990595611285,0.05845181674565561,0.0016025641025641025,0.0,0.0,0.042682926829268296,0.0015267175572519084,0.216,0.0,0.030864197530864196,0.004702194357366771,0.028268551236749116,0.0016286644951140066,0.19966996699669967,0.009345794392523364,0.0,0.1267605633802817,0.03403565640194489,0.0,0.14054927302100162,0.0,0.030721966205837174,0.09841269841269841,0.006557377049180328,0.02249134948096886,0.03875968992248062,0.05374592833876222,0.03490136570561457,0.027156549520766772,0.023183925811437404,0.0,0.001607717041800643,0.051643192488262914,0.0016233766233766235,0.12312811980033278,0.08294930875576037,0.03571428571428571,0.048286604361370715,0.13355048859934854,0.1834710743801653,0.047128129602356406,0.2191780821917808,0.0,0.0,0.04895104895104895,0.05787781350482315,0.02,0.006688963210702341,0.006472491909385114,0.007874015748031496,0.0,0.07931570762052877,0.03129890453834116,0.08925619834710743,0.09262166405023547,0.0,0.1435483870967742,0.028052805280528052,0.14106583072100312,0.0017241379310344827,0.11494252873563218,0.17851500789889416,0.048939641109298535,0.0016025641025641025,0.0031496062992125984,0.05194805194805195,0.053125,0.015698587127158554,0.033386327503974564,0.0,0.1060126582278481,0.0,0.0016155088852988692,0.003355704697986577,0.0,0.05612244897959184,0.07559055118110236,0.10628019323671498,0.009630818619582664,0.0888529886914378,0.0016556291390728477,0.05172413793103448,0.003125,0.07765451664025357,0.00487012987012987,0.0015552099533437014,0.0,0.0016181229773462784,0.0736,0.13402061855670103,0.011725293132328308,0.08305647840531562,0.006125574272588055,0.12807881773399016,0.0,0.18771929824561404,0.17886178861788618,0.03210272873194221,0.018808777429467086,0.054140127388535034,0.025682182985553772,0.0031496062992125984,0.02664576802507837,0,0.0049261083743842365
2019,1,9,prevalence,0.0,0.0,0.0015698587127158557,0.001607717041800643,0.0,0.0,0.0,0.0,0.0,0.003110419906687403,0.0015748031496062992,0.0,0.0,0.0016501650165016502,0.0998439937597504,0.0,0.0015772870662460567,0.0033783783783783786,0.0016207455429497568,0.0,0.0049504950495049506,0.0,0.0,0.01020408163265306,0.0,0.0,0.0,0.0,0.0,0.003372681281618887,0.04662379421221865,0.0015822784810126582,0.0032948929159802307,0.0033003300330033004,0.006420545746388443,0.0,0.0,0.0,0.0032258064516129032,0.0015432098765432098,0.003115264797507788,0.0030911901081916537,0.0,0.06372549019607843,0.005076142131979695,0.0016806722689075631,0.0,0.0,0.0031746031746031746,0.004511278195488722,0.0015408320493066256,0.0,0.13734567901234568,0.0,0.06018518518518518,0.008305647840531562,0.0,0.0,0.004838709677419355,0.12519809825673534,0.0,0.0,0.0,0.0017035775127768314,0.0014903129657228018,0.0016313213703099511,0.0,0.0,0.0016339869281045752,0.0,0.0,0.0,0.0,0.0,0.0030627871362940277,0.0,0.0,0.0,0.0015923566878980893,0.1182108626198083,0.0,0.001589825119236884,0.0015455950540958269,0.001607717041800643,0.02403846153846154,0.0031496062992125984,0.0,0.152,0.001652892561983471,0.0,0.003389830508474576,0.1382488479262673,0.0,0.0,0.12191358024691358,0.004761904761904762,0.0825242718446602,0.001652892561983471,0.0,0.0,0.027314112291350532,0.0,0.2266881028938907,0.0,0.02878787878787879,0.004761904761904762,0.025906735751295335,0.0016181229773462784,0.18630573248407642,0.004754358161648178,0.0,0.17484662576687116,0.04361873990306947,0.0,0.13902053712480253,0.0,0.0426179604261796,0.11538461538461539,0.0047694753577106515,0.036303630363036306,0.019938650306748466,0.0491283676703645,0.05972434915773354,0.041666666666666664,0.02472952086553323,0.0,0.0015503875968992248,0.07469512195121951,0.0016155088852988692,0.11258278145695365,0.084375,0.05100463678516229,0.03955696202531646,0.17868852459016393,0.13793103448275862,0.05303030303030303,0.26633986928104575,0.0,0.0,0.05235602094240838,0.09375,0.029850746268656716,0.004991680532445923,0.007974481658692184,0.012738853503184714,0.0,0.10631741140215717,0.0377643504531722,0.07425742574257425,0.07961783439490445,0.0,0.1321656050955414,0.011686143572621035,0.09516380655226209,0.0016611295681063123,0.12682926829268293,0.16455696202531644,0.0636215334420881,0.0,0.0,0.04390243902439024,0.05053598774885146,0.00792393026941363,0.0589171974522293,0.0,0.08716323296354993,0.0,0.0016501650165016502,0.0033783783783783786,0.0,0.0392156862745098,0.07786259541984733,0.11201298701298701,0.016051364365971106,0.08940397350993377,0.001644736842105263,0.04666666666666667,0.001524390243902439,0.08320251177394035,0.0049261083743842365,0.003129890453834116,0.0,0.0,0.060995184590690206,0.12790697674418605,0.010067114093959731,0.10078740157480315,0.003134796238244514,0.13174603174603175,0.0,0.13556338028169015,0.16108452950558214,0.03387096774193549,0.027777777777777776,0.07165605095541401,0.014018691588785047,0.001584786053882726,0.030063291139240507,0,0.005050505050505051
2020,1,9,prevalence,0.0,0.0,0.0031397174254317113,0.0,0.0015600624024961,0.0,0.0,0.0,0.0,0.0030441400304414,0.0015527950310559005,0.0,0.0,0.0017241379310344827,0.08832807570977919,0.0,0.0015527950310559005,0.001694915254237288,0.001567398119122257,0.0,0.005,0.0,0.0,0.0049261083743842365,0.0,0.0,0.0,0.0,0.0,0.003205128205128205,0.06389776357827476,0.001610305958132045,0.001652892561983471,0.0033500837520938024,0.004746835443037975,0.0,0.0,0.0,0.0033222591362126247,0.0015174506828528073,0.003129890453834116,0.0,0.0,0.072,0.005008347245409015,0.008517887563884156,0.0,0.0,0.0030911901081916537,0.0045045045045045045,0.0015455950540958269,0.0016778523489932886,0.15085536547433903,0.0,0.06446776611694154,0.0065252854812398045,0.0,0.0016806722689075631,0.0049586776859504135,0.11885895404120443,0.0,0.0016129032258064516,0.0,0.0016891891891891893,0.0014970059880239522,0.001557632398753894,0.0,0.0015128593040847202,0.0016,0.0,0.0,0.0017271157167530224,0.0,0.0,0.0045871559633027525,0.0,0.0,0.0,0.0015873015873015873,0.14590163934426228,0.0,0.0,0.0015432098765432098,0.0016051364365971107,0.020569620253164556,0.0031397174254317113,0.0,0.12658227848101267,0.001694915254237288,0.0,0.00338409475465313,0.11942675159235669,0.0016556291390728477,0.0,0.11846153846153847,0.007874015748031496,0.06656101426307448,0.0,0.0,0.0,0.031818181818181815,0.0030211480362537764,0.23393739703459637,0.0,0.015313935681470138,0.0047694753577106515,0.030100334448160536,0.0016638935108153079,0.18425196850393702,0.0,0.0,0.18449612403100776,0.035483870967741936,0.001597444089456869,0.1625,0.0,0.031007751937984496,0.13364779874213836,0.0032414910858995136,0.06312292358803986,0.024922118380062305,0.0405616224648986,0.05354330708661417,0.0554675118858954,0.03260869565217391,0.0,0.0015479876160990713,0.10526315789473684,0.001658374792703151,0.11241610738255034,0.0694006309148265,0.0330188679245283,0.04390243902439024,0.1504,0.1282051282051282,0.05489614243323442,0.27580372250423013,0.0,0.0,0.05719237435008666,0.08818897637795275,0.030612244897959183,0.006514657980456026,0.003305785123966942,0.0046875,0.0,0.1415525114155251,0.051622418879056046,0.07941653160453808,0.03409090909090909,0.0015873015873015873,0.13738019169329074,0.0137221269296741,0.1109375,0.001639344262295082,0.10277324632952692,0.136,0.11467116357504216,0.0,0.0,0.05705229793977813,0.03881987577639751,0.006289308176100629,0.06103286384976526,0.0,0.12131147540983607,0.0,0.001607717041800643,0.0049261083743842365,0.0,0.04612850082372323,0.05188679245283019,0.10355987055016182,0.03140495867768595,0.12207357859531773,0.0,0.04833333333333333,0.0,0.07142857142857142,0.0016501650165016502,0.004615384615384616,0.0,0.0,0.051364365971107544,0.12254901960784313,0.008183306055646482,0.09062003179650238,0.007861635220125786,0.14012738853503184,0.0,0.14285714285714285,0.10294117647058823,0.018151815181518153,0.03522205206738132,0.08766233766233766,0.010903426791277258,0.0016181229773462784,0.04245283018867924,0,0.005025125628140704
2021,1,9,prevalence,0.0,0.0,0.003115264797507788,0.0,0.0015625,0.0015748031496062992,0.0,0.0015503875968992248,0.0,0.0030864197530864196,0.0015822784810126582,0.0,0.0,0.0016556291390728477,0.0662557781201849,0.001669449081803005,0.0032679738562091504,0.001669449081803005,0.001579778830963665,0.0,0.0049586776859504135,0.0,0.0017094017094017094,0.0,0.0,0.0,0.001589825119236884,0.0,0.0,0.0016286644951140066,0.05388272583201268,0.0016025641025641025,0.0016666666666666668,0.0016155088852988692,0.011128775834658187,0.0016181229773462784,0.0,0.0,0.0032414910858995136,0.0014992503748125937,0.0032258064516129032,0.0,0.0015360983102918587,0.06141732283464567,0.0050335570469798654,0.006734006734006734,0.0,0.0,0.0,0.002976190476190476,0.001579778830963665,0.0017241379310344827,0.14285714285714285,0.0,0.07817109144542773,0.004777070063694267,0.0015625,0.001692047377326565,0.0032626427406199023,0.12063492063492064,0.0,0.0015723270440251573,0.0,0.0,0.0015220700152207,0.0015479876160990713,0.0,0.0015105740181268882,0.0015479876160990713,0.0,0.0,0.0017605633802816902,0.0,0.0,0.0030441400304414,0.0,0.0,0.0016750418760469012,0.001597444089456869,0.15843270868824533,0.0,0.003194888178913738,0.0015527950310559005,0.001584786053882726,0.017214397496087636,0.0015503875968992248,0.0,0.11736334405144695,0.0016286644951140066,0.0,0.0016778523489932886,0.14937106918238993,0.001658374792703151,0.0,0.12903225806451613,0.011182108626198083,0.0694006309148265,0.0,0.0,0.0,0.03288490284005979,0.0045385779122541605,0.17993630573248406,0.0,0.010802469135802469,0.004694835680751174,0.03927986906710311,0.0016835016835016834,0.14446227929373998,0.0,0.0,0.15562403697996918,0.0457516339869281,0.001564945226917058,0.13364779874213836,0.0,0.03538461538461538,0.12202852614896989,0.001644736842105263,0.07508532423208192,0.015082956259426848,0.05374592833876222,0.05591054313099041,0.07582938388625593,0.0609375,0.0,0.0016025641025641025,0.10501567398119123,0.0,0.11824324324324324,0.08294209702660407,0.018575851393188854,0.03125,0.12939297124600638,0.13672496025437203,0.06716417910447761,0.22591362126245848,0.0,0.0,0.0584070796460177,0.0888208269525268,0.03145695364238411,0.006546644844517185,0.009584664536741214,0.0171875,0.0016501650165016502,0.16820987654320987,0.04747774480712166,0.07455429497568881,0.037096774193548385,0.0,0.13157894736842105,0.011725293132328308,0.07728706624605679,0.001669449081803005,0.09609120521172639,0.09302325581395349,0.12054329371816638,0.0,0.0,0.11128526645768025,0.043010752688172046,0.006578947368421052,0.0624,0.0,0.11258278145695365,0.0,0.00315955766192733,0.008051529790660225,0.0,0.04854368932038835,0.0832,0.07717569786535304,0.02809917355371901,0.1352253756260434,0.0,0.03877221324717286,0.0014684287812041115,0.08031496062992126,0.0016556291390728477,0.006472491909385114,0.0,0.0016051364365971107,0.03773584905660377,0.07540983606557378,0.014516129032258065,0.1111111111111111,0.007776049766718507,0.10387596899224806,0.0,0.1306532663316583,0.07401574803149606,0.02090032154340836,0.03650793650793651,0.07894736842105263,0.029827315541601257,0.0016474464579901153,0.050793650793650794,0,0.003367003367003367
2022,1,9,prevalence,0.0,0.0,0.00303951367781155,0.0,0.0015772870662460567,0.003169572107765452,0.0,0.0015748031496062992,0.0,0.0015552099533437014,0.0015503875968992248,0.0,0.0,0.001697792869269949,0.08809891808346214,0.0016474464579901153,0.0032258064516129032,0.0,0.001597444089456869,0.0,0.00510204081632653,0.0,0.0016806722689075631,0.0,0.0,0.0016420361247947454,0.003076923076923077,0.0,0.0,0.0016025641025641025,0.0679304897314376,0.0015698587127158557,0.0016611295681063123,0.006389776357827476,0.006430868167202572,0.0031545741324921135,0.001607717041800643,0.0,0.0015748031496062992,0.0,0.0015503875968992248,0.001519756838905775,0.001584786053882726,0.06239737274220033,0.0034423407917383822,0.01,0.0,0.0,0.0,0.0029498525073746312,0.0016051364365971107,0.001652892561983471,0.1486697965571205,0.0,0.07988165680473373,0.001597444089456869,0.001597444089456869,0.0016366612111292963,0.004862236628849271,0.13584288052373159,0.0,0.0015748031496062992,0.0016638935108153079,0.0,0.0015015015015015015,0.0,0.0,0.0,0.001567398119122257,0.0,0.0,0.003418803418803419,0.0030816640986132513,0.001483679525222552,0.0030211480362537764,0.0,0.0,0.0016750418760469012,0.0,0.13953488372093023,0.0,0.003179650238473768,0.001557632398753894,0.0015723270440251573,0.024806201550387597,0.0015220700152207,0.001736111111111111,0.084375,0.001610305958132045,0.0,0.0,0.104,0.0,0.0,0.08490566037735849,0.004739336492890996,0.08892355694227769,0.0,0.0,0.0,0.010574018126888218,0.0045045045045045045,0.13843648208469056,0.0,0.01393188854489164,0.003215434083601286,0.05815831987075929,0.0,0.17936507936507937,0.0046801872074883,0.0,0.12996941896024464,0.0464,0.001669449081803005,0.10641627543035993,0.0,0.05188679245283019,0.08557844690966719,0.0,0.08235294117647059,0.006134969325153374,0.035168195718654434,0.05228758169934641,0.08962264150943396,0.05030487804878049,0.0,0.0015432098765432098,0.09355828220858896,0.0,0.11428571428571428,0.0624,0.026234567901234566,0.031446540880503145,0.08320251177394035,0.12962962962962962,0.05373134328358209,0.12457912457912458,0.0,0.0,0.033277870216306155,0.10534351145038168,0.014705882352941176,0.004792332268370607,0.009538950715421303,0.015625,0.0016556291390728477,0.18814814814814815,0.05855855855855856,0.07728706624605679,0.04118616144975288,0.0031201248049922,0.12836767036450078,0.005042016806722689,0.08204334365325078,0.0016835016835016834,0.0912,0.08896210873146623,0.12317666126418152,0.0,0.0,0.11496062992125984,0.05909090909090909,0.019672131147540985,0.0554675118858954,0.0,0.10894308943089431,0.0,0.0032626427406199023,0.01948051948051948,0.001597444089456869,0.04126984126984127,0.05519480519480519,0.07717041800643087,0.033123028391167195,0.14355628058727568,0.0015923566878980893,0.022727272727272728,0.00145985401459854,0.0880503144654088,0.003246753246753247,0.009554140127388535,0.0,0.001584786053882726,0.0304,0.07455429497568881,0.007861635220125786,0.14285714285714285,0.00980392156862745,0.09034267912772585,0.0,0.11725293132328309,0.07556270096463022,0.011254019292604502,0.022935779816513763,0.09253246753246754,0.05071315372424723,0.0016339869281045752,0.0336,0,0.0034602076124567475
2023,1,9,prevalence,0.0,0.001644736842105263,0.003076923076923077,0.0,0.001597444089456869,0.003189792663476874,0.0016474464579901153,0.0016155088852988692,0.0,0.0,0.0,0.0,0.0,0.0,0.0907715582450832,0.0,0.001589825119236884,0.0,0.0016339869281045752,0.0,0.0016750418760469012,0.001607717041800643,0.001584786053882726,0.0,0.0,0.0015337423312883436,0.0015290519877675841,0.0014992503748125937,0.0,0.0,0.0662557781201849,0.0,0.0016207455429497568,0.0032102728731942215,0.00966183574879227,0.0032258064516129032,0.0016129032258064516,0.0,0.0016474464579901153,0.004518072289156626,0.0,0.0014992503748125937,0.0015923566878980893,0.07131537242472266,0.001692047377326565,0.008361204013377926,0.0,0.0,0.0,0.0015082956259426848,0.001589825119236884,0.0033222591362126247,0.14195583596214512,0.0,0.04043545878693624,0.0015698587127158557,0.0032102728731942215,0.0016638935108153079,0.003305785123966942,0.10696920583468396,0.001557632398753894,0.0016155088852988692,0.0,0.0,0.0014992503748125937,0.0,0.0,0.0,0.0,0.0,0.0,0.006578947368421052,0.0032102728731942215,0.0015015015015015015,0.0029806259314456036,0.0,0.0,0.0016260162601626016,0.0,0.11018363939899833,0.0,0.0031847133757961785,0.0,0.0015432098765432098,0.01984732824427481,0.0,0.0017761989342806395,0.07931570762052877,0.0,0.0,0.0,0.10015649452269171,0.0,0.0,0.09090909090909091,0.00782472613458529,0.08585055643879173,0.0,0.0014903129657228018,0.0,0.009202453987730062,0.0,0.11442786069651742,0.001589825119236884,0.012422360248447204,0.003246753246753247,0.04120443740095087,0.0,0.1527331189710611,0.004807692307692308,0.0,0.1098546042003231,0.044585987261146494,0.001652892561983471,0.11727416798732171,0.0,0.07504078303425775,0.06436420722135008,0.0,0.066006600660066,0.003076923076923077,0.031201248049921998,0.06375838926174497,0.14018691588785046,0.046104928457869634,0.0,0.0014970059880239522,0.09323308270676692,0.0,0.1050080775444265,0.05116279069767442,0.026397515527950312,0.023510971786833857,0.08176100628930817,0.13043478260869565,0.03162650602409638,0.09661016949152543,0.0,0.0,0.03284072249589491,0.08244274809160305,0.020967741935483872,0.004746835443037975,0.008,0.01288244766505636,0.0016556291390728477,0.1865203761755486,0.05116279069767442,0.04769475357710652,0.043478260869565216,0.0031007751937984496,0.12792511700468018,0.008264462809917356,0.07042253521126761,0.0016666666666666668,0.09584664536741214,0.08051529790660225,0.11563517915309446,0.0,0.0016051364365971107,0.10631741140215717,0.06222222222222222,0.016666666666666666,0.043478260869565216,0.0,0.1233974358974359,0.0,0.003125,0.020766773162939296,0.00315955766192733,0.04205607476635514,0.06351791530944625,0.06435643564356436,0.02564102564102564,0.10651828298887123,0.001564945226917058,0.028662420382165606,0.0015290519877675841,0.08090614886731391,0.0065252854812398045,0.011023622047244094,0.0,0.0015600624024961,0.03697996918335902,0.11367127496159754,0.018867924528301886,0.13428120063191154,0.022764227642276424,0.0852359208523592,0.0,0.09046849757673667,0.08702531645569621,0.0078125,0.013888888888888888,0.09667194928684628,0.07389937106918239,0.0,0.014469453376205787,0,0.0016638935108153079
2024,1,9,prevalence,0.0014749262536873156,0.001652892561983471,0.004559270516717325,0.0,0.003076923076923077,0.0,0.0016286644951140066,0.0,0.0,0.0,0.0,0.0015313935681470138,0.0,0.0016339869281045752,0.09538002980625931,0.001589825119236884,0.0016,0.0,0.0,0.0,0.005050505050505051,0.003284072249589491,0.003134796238244514,0.0,0.0,0.0015432098765432098,0.0015600624024961,0.0015748031496062992,0.0,0.0,0.047692307692307694,0.0,0.0016286644951140066,0.0,0.006420545746388443,0.003115264797507788,0.004739336492890996,0.0,0.0016051364365971107,0.003067484662576687,0.0,0.0015290519877675841,0.0015873015873015873,0.08566978193146417,0.0016835016835016834,0.013816925734024179,0.0,0.0,0.0,0.0,0.0031746031746031746,0.00322061191626409,0.08945686900958466,0.0,0.059541984732824425,0.0015408320493066256,0.0033222591362126247,0.0016051364365971107,0.003316749585406302,0.07886435331230283,0.0015723270440251573,0.003110419906687403,0.0,0.0,0.0014947683109118087,0.0,0.0,0.0,0.0,0.0,0.0,0.006644518272425249,0.007961783439490446,0.0015105740181268882,0.0029985007496251873,0.0015290519877675841,0.003067484662576687,0.0,0.0,0.09656301145662848,0.001669449081803005,0.001579778830963665,0.0,0.0015748031496062992,0.019817073170731708,0.0,0.0035650623885918,0.08069620253164557,0.0,0.0,0.0,0.11442006269592477,0.0,0.0,0.06041335453100159,0.014106583072100314,0.06677265500794913,0.0,0.003134796238244514,0.0,0.012738853503184714,0.0,0.08666666666666667,0.004792332268370607,0.01199400299850075,0.003257328990228013,0.048,0.0,0.08888888888888889,0.0046875,0.0,0.08709677419354839,0.03205128205128205,0.003236245954692557,0.11514195583596215,0.001597444089456869,0.09744408945686901,0.11214953271028037,0.0,0.06270096463022508,0.0015220700152207,0.0202808112324493,0.044481054365733116,0.16873065015479877,0.04952076677316294,0.0015600624024961,0.0015267175572519084,0.08409785932721713,0.0,0.07107438016528926,0.046875,0.03881987577639751,0.026101141924959218,0.08950617283950617,0.13679245283018868,0.027314112291350532,0.0903010033444816,0.0,0.0,0.03531300160513644,0.06269113149847094,0.028662420382165606,0.001567398119122257,0.010954616588419406,0.01485148514851485,0.0016260162601626016,0.1889763779527559,0.04043545878693624,0.047987616099071206,0.04643449419568822,0.0,0.11568938193343899,0.014729950900163666,0.09389671361502347,0.0,0.08169934640522876,0.09271523178807947,0.13112164296998421,0.0,0.001564945226917058,0.07587253414264036,0.05614567526555387,0.021739130434782608,0.048,0.0,0.1328,0.0,0.003105590062111801,0.019138755980861243,0.001597444089456869,0.030206677265500796,0.06365159128978225,0.0496,0.026397515527950312,0.07874015748031496,0.0015384615384615385,0.03179650238473768,0.0015337423312883436,0.10049423393739704,0.006688963210702341,0.007974481658692184,0.0,0.0,0.05591054313099041,0.1480916030534351,0.018292682926829267,0.10371517027863777,0.03767660910518053,0.0838235294117647,0.0,0.08173076923076923,0.09606299212598425,0.03255813953488372,0.03930817610062893,0.051036682615629984,0.0766721044045677,0.0,0.006389776357827476,0,0.001652892561983471
2025,1,9,prevalence,0.0014727540500736377,0.0016806722689075631,0.004658385093167702,0.0,0.0016051364365971107,0.0,0.0015748031496062992,0.0,0.0,0.0,0.0,0.0,0.0,0.0016207455429497568,0.12686567164179105,0.0015174506828528073,0.001610305958132045,0.0,0.0,0.0,0.003401360544217687,0.003355704697986577,0.0030816640986132513,0.0,0.0,0.0015527950310559005,0.0031746031746031746,0.001564945226917058,0.0,0.001607717041800643,0.027314112291350532,0.0,0.0,0.0,0.007898894154818325,0.00322061191626409,0.006420545746388443,0.0,0.0,0.0015432098765432098,0.0,0.0,0.0016051364365971107,0.047244094488188976,0.0017006802721088435,0.005263157894736842,0.0,0.0,0.0,0.0,0.007751937984496124,0.0016474464579901153,0.07496012759170653,0.0,0.06481481481481481,0.0015822784810126582,0.0033333333333333335,0.0015748031496062992,0.001669449081803005,0.09016393442622951,0.001579778830963665,0.0015723270440251573,0.0,0.0,0.0015037593984962407,0.0,0.0,0.0,0.0,0.0,0.0,0.00338409475465313,0.009787928221859706,0.0015748031496062992,0.0014903129657228018,0.0015267175572519084,0.0029940119760479044,0.0,0.0,0.10983606557377049,0.001658374792703151,0.001584786053882726,0.0,0.0016313213703099511,0.01361573373676248,0.0,0.0034482758620689655,0.07993730407523511,0.0,0.0,0.0016420361247947454,0.09472049689440994,0.0,0.0,0.052715654952076675,0.020249221183800622,0.06050955414012739,0.0,0.004615384615384616,0.0,0.004724409448818898,0.0,0.06208053691275168,0.015220700152207,0.01809954751131222,0.0,0.06376360808709176,0.0,0.0738362760834671,0.003179650238473768,0.0,0.0781758957654723,0.02086677367576244,0.001669449081803005,0.10381679389312977,0.0,0.09803921568627451,0.09457364341085271,0.001584786053882726,0.05555555555555555,0.0015313935681470138,0.02635658914728682,0.04280821917808219,0.1661392405063291,0.03770491803278689,0.001594896331738437,0.0015455950540958269,0.06706408345752608,0.0,0.05405405405405406,0.056074766355140186,0.054773082942097026,0.04692556634304207,0.08227848101265822,0.14626391096979333,0.025,0.07941653160453808,0.0,0.0016181229773462784,0.022690437601296597,0.05434782608695652,0.02593192868719611,0.006172839506172839,0.01098901098901099,0.01468189233278956,0.0015503875968992248,0.14195583596214512,0.059282371294851796,0.041033434650455926,0.04950495049504951,0.0046439628482972135,0.0928,0.003236245954692557,0.09339774557165861,0.0,0.09046052631578948,0.05872756933115824,0.09621451104100946,0.0,0.0,0.049689440993788817,0.06980273141122914,0.029950083194675542,0.07154213036565978,0.0,0.11942675159235669,0.0,0.0031746031746031746,0.020833333333333332,0.001607717041800643,0.03307086614173228,0.06050420168067227,0.07108239095315025,0.03376205787781351,0.07728706624605679,0.0015552099533437014,0.030497592295345103,0.0015384615384615385,0.10623946037099494,0.0032520325203252032,0.015772870662460567,0.001579778830963665,0.0,0.04430379746835443,0.10634920634920635,0.02727272727272727,0.10403726708074534,0.04146730462519936,0.07890743550834597,0.0,0.056818181818181816,0.04482225656877898,0.043076923076923075,0.03650793650793651,0.06699346405228758,0.0840064620355412,0.0,0.004754358161648178,0,0.001658374792703151
