Time,age_start,age_end,measure,draw_0,draw_1,draw_2,draw_3,draw_4,draw_5,draw_6,draw_7,draw_8,draw_9,draw_10,draw_11,draw_12,draw_13,draw_14,draw_15,draw_16,draw_17,draw_18,draw_19,draw_20,draw_21,draw_22,draw_23,draw_24,draw_25,draw_26,draw_27,draw_28,draw_29,draw_30,draw_31,draw_32,draw_33,draw_34,draw_35,draw_36,draw_37,draw_38,draw_39,draw_40,draw_41,draw_42,draw_43,draw_44,draw_45,draw_46,draw_47,draw_48,draw_49,draw_50,draw_51,draw_52,draw_53,draw_54,draw_55,draw_56,draw_57,draw_58,draw_59,draw_60,draw_61,draw_62,draw_63,draw_64,draw_65,draw_66,draw_67,draw_68,draw_69,draw_70,draw_71,draw_72,draw_73,draw_74,draw_75,draw_76,draw_77,draw_78,draw_79,draw_80,draw_81,draw_82,draw_83,draw_84,draw_85,draw_86,draw_87,draw_88,draw_89,draw_90,draw_91,draw_92,draw_93,draw_94,draw_95,draw_96,draw_97,draw_98,draw_99,draw_100,draw_101,draw_102,draw_103,draw_104,draw_105,draw_106,draw_107,draw_108,draw_109,draw_110,draw_111,draw_112,draw_113,draw_114,draw_115,draw_116,draw_117,draw_118,draw_119,draw_120,draw_121,draw_122,draw_123,draw_124,draw_125,draw_126,draw_127,draw_128,draw_129,draw_130,draw_131,draw_132,draw_133,draw_134,draw_135,draw_136,draw_137,draw_138,draw_139,draw_140,draw_141,draw_142,draw_143,draw_144,draw_145,draw_146,draw_147,draw_148,draw_149,draw_150,draw_151,draw_152,draw_153,draw_154,draw_155,draw_156,draw_157,draw_158,draw_159,draw_160,draw_161,draw_162,draw_163,draw_164,draw_165,draw_166,draw_167,draw_168,draw_169,draw_170,draw_171,draw_172,draw_173,draw_174,draw_175,draw_176,draw_177,draw_178,draw_179,draw_180,draw_181,draw_182,draw_183,draw_184,draw_185,draw_186,draw_187,draw_188,draw_189,draw_190,draw_191,draw_192,draw_193,draw_194,draw_195,draw_196,draw_197,draw_198,draw_199
1996,1,9,prevalence,0.0015600624024961,0.0,0.0015625,0.0,0.09105431309904154,0.0031201248049922,0.044444444444444446,0.0031397174254317113,0.0016,0.0,0.2693498452012384,0.0031446540880503146,0.027419354838709678,0.06018518518518518,0.0016260162601626016,0.003105590062111801,0.018838304552590265,0.06929133858267716,0.0050933786078098476,0.04776579352850539,0.024154589371980676,0.0,0.0,0.03732503888024884,0.0031201248049922,0.0075528700906344415,0.06135986733001658,0.004709576138147566,0.12206572769953052,0.05245901639344262,0.0,0.06741573033707865,0.14049586776859505,0.023474178403755867,0.03231292517006803,0.12100840336134454,0.035493827160493825,0.0,0.003194888178913738,0.011705685618729096,0.02996845425867508,0.016,0.0,0.0,0.03166666666666667,0.04961240310077519,0.05042016806722689,0.00744047619047619,0.0015625,0.061461794019933555,0.05115511551155116,0.001589825119236884,0.022764227642276424,0.1287758346581876,0.0532724505327245,0.0218408736349454,0.06376811594202898,0.025157232704402517,0.0239880059970015,0.001607717041800643,0.017741935483870968,0.00315955766192733,0.0430622009569378,0.05167173252279635,0.07258064516129033,0.009009009009009009,0.04889589905362776,0.0,0.0030349013657056147,0.014285714285714285,0.0049586776859504135,0.03255813953488372,0.02050473186119874,0.012102874432677761,0.0,0.03866432337434095,0.07535321821036106,0.031446540880503145,0.0016339869281045752,0.03125,0.21932515337423314,0.08503937007874016,0.0031397174254317113,0.0015552099533437014,0.04776579352850539,0.003125,0.003189792663476874,0.012944983818770227,0.0029895366218236174,0.0016666666666666668,0.007987220447284345,0.025477707006369428,0.0032733224222585926,0.0,0.09580838323353294,0.0729483282674772,0.0563165905631659,0.03115264797507788,0.02377179080824089,0.1263823064770932,0.08868501529051988,0.006289308176100629,0.03610675039246468,0.02601156069364162,0.0015822784810126582,0.0264797507788162,0.1832797427652733,0.11451612903225807,0.010401188707280832,0.01866251944012442,0.08814102564102565,0.2306451612903226,0.0,0.03554868624420402,0.0016233766233766235,0.11497730711043873,0.009104704097116844,0.0061823802163833074,0.083596214511041,0.06003159557661927,0.09104704097116843,0.055379746835443035,0.08422664624808576,0.0096,0.03067484662576687,0.01661631419939577,0.09841269841269841,0.012738853503184714,0.07165605095541401,0.03254437869822485,0.01904761904761905,0.1485148514851485,0.003110419906687403,0.06431852986217458,0.03815580286168521,0.0015772870662460567,0.01631321370309951,0.08291873963515754,0.013008130081300813,0.11574074074074074,0.030441400304414,0.07210031347962383,0.0016778523489932886,0.05331179321486268,0.03691813804173355,0.0438871473354232,0.05281090289608177,0.11267605633802817,0.01669195751138088,0.11603053435114503,0.04918032786885246,0.09702660406885759,0.03761755485893417,0.0,0.009630818619582664,0.07236842105263158,0.05337519623233909,0.0015220700152207,0.049253731343283584,0.19412724306688417,0.08848080133555926,0.07911392405063292,0.018404907975460124,0.07348242811501597,0.06050955414012739,0.07987711213517665,0.09172932330827067,0.01904761904761905,0.0076103500761035,0.0060790273556231,0.03484848484848485,0.0016420361247947454,0.07512520868113523,0.218562874251497,0.024691358024691357,0.024193548387096774,0.014331210191082803,0.09283387622149837,0.0,0.12345679012345678,0.08024691358024691,0.0633116883116883,0.0673076923076923,0.078003120124805,0.10566615620214395,0.08617886178861789,0.17862595419847327,0.17873651771956856,0.019230769230769232,0.09104477611940298,0.11182108626198083,0.0032258064516129032,0.07830342577487764,0.0282574568288854,0.037914691943127965,0.04559748427672956,0.045813586097946286,0.07590759075907591,0.0015313935681470138,0.13266998341625208
1997,1,9,prevalence,0.0015698587127158557,0.0,0.0016313213703099511,0.0,0.06291390728476821,0.003316749585406302,0.027375201288244767,0.0032733224222585926,0.0016233766233766235,0.001607717041800643,0.18932038834951456,0.001658374792703151,0.02066772655007949,0.05754276827371695,0.00505902192242833,0.0031645569620253164,0.011686143572621035,0.06369426751592357,0.008726003490401396,0.03927986906710311,0.01794453507340946,0.0,0.0,0.04574132492113565,0.003278688524590164,0.011217948717948718,0.06620209059233449,0.009615384615384616,0.12562814070351758,0.039182282793867124,0.0016313213703099511,0.07742998352553541,0.12289562289562289,0.02247191011235955,0.054385964912280704,0.10535405872193437,0.02711323763955343,0.0,0.001692047377326565,0.015544041450777202,0.03387096774193549,0.023178807947019868,0.0016474464579901153,0.0,0.016245487364620937,0.054187192118226604,0.02800658978583196,0.001594896331738437,0.0016501650165016502,0.05254237288135593,0.044407894736842105,0.0016286644951140066,0.03672787979966611,0.1361344537815126,0.05339805825242718,0.01579778830963665,0.081203007518797,0.024429967426710098,0.03114754098360656,0.0032948929159802307,0.014802631578947368,0.0033222591362126247,0.04472843450479233,0.07188498402555911,0.10666666666666667,0.006279434850863423,0.060221870047543584,0.0,0.0030816640986132513,0.006589785831960461,0.006756756756756757,0.023026315789473683,0.028716216216216218,0.014492753623188406,0.003401360544217687,0.06909090909090909,0.051839464882943144,0.024350649350649352,0.001658374792703151,0.038338658146964855,0.22366288492706646,0.06199021207177814,0.00322061191626409,0.0016233766233766235,0.056,0.004918032786885246,0.0034542314335060447,0.02058319039451115,0.004792332268370607,0.001658374792703151,0.008264462809917356,0.024630541871921183,0.0016556291390728477,0.0,0.08636363636363636,0.07234726688102894,0.06035889070146819,0.022913256955810146,0.01485148514851485,0.14427860696517414,0.0970873786407767,0.0,0.032467532467532464,0.0239880059970015,0.0016556291390728477,0.022653721682847898,0.19,0.1377551020408163,0.015432098765432098,0.01951219512195122,0.09731543624161074,0.18811881188118812,0.0,0.042483660130718956,0.003289473684210526,0.10172143974960876,0.015822784810126583,0.011254019292604502,0.14285714285714285,0.07617504051863858,0.08012820512820513,0.0673076923076923,0.08668730650154799,0.01020408163265306,0.04487179487179487,0.01282051282051282,0.1088646967340591,0.006535947712418301,0.08040201005025126,0.05,0.011456628477905073,0.12869565217391304,0.0015723270440251573,0.07009345794392523,0.05365853658536585,0.0015772870662460567,0.029315960912052116,0.08149405772495756,0.011666666666666667,0.15,0.04792332268370607,0.09165302782324058,0.001718213058419244,0.06902086677367576,0.07550335570469799,0.05339805825242718,0.03350970017636684,0.0819935691318328,0.012403100775193798,0.11128775834658187,0.034071550255536626,0.10675039246467818,0.046849757673667204,0.0016313213703099511,0.011686143572621035,0.04982817869415808,0.08051529790660225,0.0015625,0.05692307692307692,0.2235494880546075,0.05709342560553633,0.10738255033557047,0.024469820554649267,0.04792332268370607,0.042692939244663386,0.06885758998435054,0.05368098159509203,0.024916943521594685,0.01129032258064516,0.0031201248049922,0.03129890453834116,0.0017123287671232876,0.08034188034188035,0.1791530944625407,0.01935483870967742,0.018612521150592216,0.016286644951140065,0.054635761589403975,0.0,0.08818897637795275,0.09253246753246754,0.06174957118353345,0.06010016694490818,0.07236842105263158,0.11811023622047244,0.08374384236453201,0.13798449612403102,0.16639209225700163,0.027642276422764227,0.07963246554364471,0.10221465076660988,0.0032626427406199023,0.06645056726094004,0.04234527687296417,0.026981450252951095,0.06320907617504051,0.05663430420711974,0.09342560553633218,0.0015772870662460567,0.14869281045751634
1998,1,9,prevalence,0.0,0.0,0.0016181229773462784,0.0,0.0628099173553719,0.003424657534246575,0.044585987261146494,0.003316749585406302,0.001594896331738437,0.0016051364365971107,0.16326530612244897,0.0,0.014950166112956811,0.037383177570093455,0.011647254575707155,0.0060882800608828,0.011764705882352941,0.04889589905362776,0.01020408163265306,0.03220338983050847,0.03600654664484452,0.0,0.0016155088852988692,0.0848,0.0016666666666666668,0.03305785123966942,0.06132879045996593,0.0015772870662460567,0.1464226289517471,0.03614457831325301,0.0016638935108153079,0.09847198641765705,0.10396039603960396,0.02996845425867508,0.05,0.06621392190152801,0.03691813804173355,0.0,0.0,0.013513513513513514,0.026533996683250415,0.03171953255425709,0.0,0.0,0.021052631578947368,0.09060955518945635,0.03442340791738382,0.0031645569620253164,0.0016891891891891893,0.050505050505050504,0.03877221324717286,0.0016155088852988692,0.02689075630252101,0.14527027027027026,0.05087440381558029,0.009569377990430622,0.0783132530120482,0.01729559748427673,0.014925373134328358,0.006379585326953748,0.008103727714748784,0.0,0.049441786283891544,0.09208400646203554,0.18319327731092436,0.0045871559633027525,0.06962025316455696,0.0,0.001579778830963665,0.011513157894736841,0.009852216748768473,0.023923444976076555,0.011686143572621035,0.016863406408094434,0.001652892561983471,0.04528985507246377,0.06168831168831169,0.022988505747126436,0.0,0.03949447077409163,0.17777777777777778,0.05149501661129568,0.00482315112540193,0.0016666666666666668,0.05221518987341772,0.0016420361247947454,0.006920415224913495,0.01718213058419244,0.0032,0.001597444089456869,0.003305785123966942,0.02181208053691275,0.0032948929159802307,0.0,0.05909090909090909,0.06656101426307448,0.05186385737439222,0.025041736227045076,0.012965964343598054,0.18106312292358803,0.11764705882352941,0.0,0.054858934169279,0.0406015037593985,0.0016863406408094434,0.0492845786963434,0.17983193277310924,0.14358108108108109,0.02050473186119874,0.018302828618968387,0.11884550084889643,0.2178060413354531,0.0,0.061788617886178863,0.0016051364365971107,0.09119496855345911,0.014308426073131956,0.024311183144246355,0.1470113085621971,0.08455284552845528,0.0449438202247191,0.06546644844517185,0.04434250764525994,0.022452504317789293,0.04234527687296417,0.00975609756097561,0.10574018126888217,0.009900990099009901,0.0636215334420881,0.06188925081433225,0.011945392491467578,0.10207612456747404,0.0015723270440251573,0.06280193236714976,0.06688963210702341,0.0049504950495049506,0.04231974921630094,0.10034013605442177,0.013157894736842105,0.17647058823529413,0.03361344537815126,0.10032894736842106,0.0,0.06591639871382636,0.09650582362728785,0.0430622009569378,0.037800687285223365,0.07568438003220612,0.011164274322169059,0.09968354430379747,0.017241379310344827,0.10301109350237718,0.05843071786310518,0.0,0.010135135135135136,0.05612244897959184,0.10096153846153846,0.0015723270440251573,0.0445468509984639,0.22370617696160267,0.03614457831325301,0.13410596026490065,0.03442622950819672,0.046251993620414676,0.03565640194489465,0.08544303797468354,0.05891238670694864,0.033783783783783786,0.007849293563579277,0.0031645569620253164,0.028616852146263912,0.0017301038062283738,0.07666666666666666,0.15118110236220472,0.027960526315789474,0.02127659574468085,0.004739336492890996,0.04234527687296417,0.0,0.05701078582434515,0.07729468599033816,0.059130434782608696,0.07807308970099668,0.05374592833876222,0.10232558139534884,0.054009819967266774,0.11882716049382716,0.12828947368421054,0.03205128205128205,0.06605222734254992,0.08907563025210084,0.003372681281618887,0.05844155844155844,0.05073649754500818,0.015050167224080268,0.09621451104100946,0.06354515050167224,0.0945945945945946,0.003205128205128205,0.13562091503267973
1999,1,9,prevalence,0.0,0.0,0.0016129032258064516,0.0,0.08389261744966443,0.0017301038062283738,0.04292527821939587,0.0017094017094017094,0.0016,0.0,0.12933753943217666,0.0,0.02622950819672131,0.028662420382165606,0.015100671140939598,0.006230529595015576,0.011589403973509934,0.0438871473354232,0.008347245409015025,0.03986710963455149,0.04738562091503268,0.0,0.0016556291390728477,0.08524590163934426,0.0016638935108153079,0.03482587064676617,0.059422750424448216,0.0015337423312883436,0.11148086522462562,0.06112054329371817,0.0017211703958691911,0.1127946127946128,0.08652246256239601,0.03210272873194221,0.036020583190394515,0.06196213425129088,0.03767660910518053,0.0,0.0017152658662092624,0.018092105263157895,0.01652892561983471,0.04081632653061224,0.0016286644951140066,0.0017064846416382253,0.007054673721340388,0.12903225806451613,0.05719237435008666,0.0032,0.0016611295681063123,0.04340567612687813,0.03559870550161812,0.0015822784810126582,0.02226027397260274,0.13810316139767054,0.0694006309148265,0.004754358161648178,0.07518796992481203,0.009244992295839754,0.0136986301369863,0.006430868167202572,0.003246753246753247,0.0,0.03255813953488372,0.1098546042003231,0.21273031825795644,0.0030816640986132513,0.0722495894909688,0.0015748031496062992,0.0016025641025641025,0.013157894736842105,0.02086677367576244,0.03179650238473768,0.009950248756218905,0.018211920529801324,0.001639344262295082,0.02613240418118467,0.04590163934426229,0.022838499184339316,0.0,0.044233807266982623,0.07654723127035831,0.040955631399317405,0.008319467554076539,0.0016474464579901153,0.04241435562805873,0.0,0.006611570247933884,0.027633851468048358,0.0033500837520938024,0.0,0.006482982171799027,0.016638935108153077,0.003305785123966942,0.0,0.06706408345752608,0.04975124378109453,0.05392156862745098,0.03425774877650897,0.01740506329113924,0.15008431703204048,0.1001669449081803,0.0,0.02576489533011272,0.04281345565749235,0.0,0.0375,0.14169381107491857,0.11993243243243243,0.0288,0.024311183144246355,0.12396694214876033,0.19122257053291536,0.0,0.08347245409015025,0.0016420361247947454,0.11580594679186229,0.02471169686985173,0.019417475728155338,0.15434083601286175,0.06290322580645161,0.047933884297520664,0.04180602006688963,0.03605015673981191,0.020168067226890758,0.029459901800327332,0.007849293563579277,0.07963246554364471,0.014705882352941176,0.0732899022801303,0.05785123966942149,0.029310344827586206,0.08981001727115717,0.0015220700152207,0.06220095693779904,0.11092715231788079,0.0033613445378151263,0.0673076923076923,0.09913043478260869,0.018425460636515914,0.17335473515248795,0.03177257525083612,0.12289562289562289,0.0,0.07251264755480608,0.11301369863013698,0.0352,0.039792387543252594,0.07781456953642384,0.00975609756097561,0.07246376811594203,0.03577512776831346,0.1045016077170418,0.04582651391162029,0.0,0.019801980198019802,0.06842105263157895,0.1552,0.0015822784810126582,0.04866562009419152,0.2063758389261745,0.08480565371024736,0.08862876254180602,0.03064516129032258,0.030206677265500796,0.04792332268370607,0.08607198748043818,0.09118086696562033,0.03130148270181219,0.012441679626749611,0.0016051364365971107,0.030694668820678513,0.0016750418760469012,0.07394957983193277,0.14728682170542637,0.02910958904109589,0.03316749585406302,0.0016474464579901153,0.03536977491961415,0.0,0.05891472868217054,0.07475083056478406,0.037037037037037035,0.07807308970099668,0.04643449419568822,0.06046511627906977,0.08809135399673736,0.09748427672955975,0.10084033613445378,0.03125,0.0847457627118644,0.08103727714748785,0.001639344262295082,0.0698051948051948,0.041254125412541254,0.03145695364238411,0.11993769470404984,0.07894736842105263,0.10033444816053512,0.0016051364365971107,0.10947712418300654
2000,1,9,prevalence,0.0,0.0,0.0016286644951140066,0.0,0.1305785123966942,0.001697792869269949,0.03343949044585987,0.0,0.0016155088852988692,0.0,0.08333333333333333,0.0,0.03414634146341464,0.03317535545023697,0.014925373134328358,0.004511278195488722,0.005016722408026756,0.0210016155088853,0.009917355371900827,0.028523489932885907,0.06611570247933884,0.0,0.0,0.08455284552845528,0.0016129032258064516,0.03403565640194489,0.07807308970099668,0.004497751124437781,0.09015025041736227,0.06174957118353345,0.0017035775127768314,0.09359605911330049,0.08279220779220779,0.029595015576323987,0.07439446366782007,0.04597701149425287,0.057692307692307696,0.0016207455429497568,0.0,0.016339869281045753,0.020967741935483872,0.03424657534246575,0.0016181229773462784,0.001697792869269949,0.008726003490401396,0.08745874587458746,0.04092526690391459,0.0016260162601626016,0.0,0.025518341307814992,0.03398058252427184,0.001658374792703151,0.02195945945945946,0.1168,0.037520391517128875,0.001597444089456869,0.054491899852724596,0.01228878648233487,0.02735042735042735,0.003179650238473768,0.001584786053882726,0.0,0.05581395348837209,0.11488673139158576,0.21452702702702703,0.001524390243902439,0.05457463884430177,0.0015384615384615385,0.001584786053882726,0.017828200972447326,0.040453074433656956,0.015625,0.010101010101010102,0.025423728813559324,0.0033003300330033004,0.06357388316151202,0.06873977086743044,0.02768729641693811,0.0061823802163833074,0.05057096247960848,0.0766721044045677,0.0472027972027972,0.006837606837606838,0.0,0.026402640264026403,0.0,0.004918032786885246,0.01386481802426343,0.0033444816053511705,0.0,0.006514657980456026,0.009630818619582664,0.0033277870216306157,0.0,0.06402439024390244,0.03436988543371522,0.03648424543946932,0.019448946515397084,0.011146496815286623,0.16612903225806452,0.08681135225375626,0.0,0.021739130434782608,0.02996845425867508,0.0,0.08191653786707882,0.12077294685990338,0.10689655172413794,0.04128440366972477,0.01729559748427673,0.16557377049180327,0.18055555555555555,0.0,0.1095890410958904,0.0016722408026755853,0.07906976744186046,0.04213938411669368,0.022838499184339316,0.15873015873015872,0.08360128617363344,0.0728476821192053,0.05008635578583765,0.039936102236421724,0.01020408163265306,0.03152364273204904,0.01631321370309951,0.08018867924528301,0.004966887417218543,0.08090614886731391,0.07049180327868852,0.0274442538593482,0.07547169811320754,0.001488095238095238,0.05063291139240506,0.1476510067114094,0.006514657980456026,0.06546644844517185,0.0924092409240924,0.01639344262295082,0.23255813953488372,0.040336134453781515,0.10726072607260725,0.0016863406408094434,0.03739837398373984,0.10855263157894737,0.05132192846034215,0.024013722126929673,0.05040650406504065,0.0033112582781456954,0.07188498402555911,0.03614457831325301,0.1314935064935065,0.048252911813643926,0.0,0.03782894736842105,0.05821917808219178,0.1339712918660287,0.0,0.07275541795665634,0.2155887230514096,0.12780656303972365,0.08221476510067115,0.022151898734177215,0.036163522012578615,0.06393442622950819,0.1024793388429752,0.06201550387596899,0.04462809917355372,0.016286644951140065,0.001597444089456869,0.02576489533011272,0.0,0.04865771812080537,0.1406003159557662,0.021922428330522766,0.029508196721311476,0.006568144499178982,0.03514376996805112,0.0,0.09119496855345911,0.09256198347107437,0.03502626970227671,0.04738562091503268,0.05901639344262295,0.05864197530864197,0.10333333333333333,0.08874801901743265,0.06359300476947535,0.027375201288244767,0.10015649452269171,0.08143322475570032,0.0016129032258064516,0.0928,0.03035143769968051,0.03727714748784441,0.1095890410958904,0.054009819967266774,0.13366336633663367,0.007961783439490446,0.10749185667752444
2001,1,9,prevalence,0.0,0.0,0.0016286644951140066,0.0,0.07885906040268456,0.003372681281618887,0.029921259842519685,0.0,0.003305785123966942,0.0,0.08695652173913043,0.0,0.027331189710610933,0.025,0.004966887417218543,0.004694835680751174,0.0033613445378151263,0.020569620253164556,0.011608623548922056,0.02181208053691275,0.08403361344537816,0.006535947712418301,0.0,0.08180300500834725,0.0016207455429497568,0.022071307300509338,0.07431340872374798,0.013846153846153847,0.11092715231788079,0.06920415224913495,0.0017064846416382253,0.05834683954619125,0.07401574803149606,0.035493827160493825,0.09090909090909091,0.048701298701298704,0.05388272583201268,0.0016233766233766235,0.0,0.014729950900163666,0.0180623973727422,0.011864406779661017,0.001652892561983471,0.0,0.010869565217391304,0.09983079526226735,0.039285714285714285,0.006462035541195477,0.0,0.02631578947368421,0.03210272873194221,0.0,0.022375215146299483,0.07766990291262135,0.03559322033898305,0.0016051364365971107,0.08385093167701864,0.0075528700906344415,0.03454231433506045,0.001652892561983471,0.0032733224222585926,0.0,0.07765451664025357,0.07642276422764227,0.2243150684931507,0.003189792663476874,0.05555555555555555,0.0015625,0.0,0.02247191011235955,0.03104575163398693,0.010719754977029096,0.02159468438538206,0.01867572156196944,0.0032679738562091504,0.09028960817717206,0.03789126853377265,0.022617124394184167,0.020030816640986132,0.048,0.065,0.06303236797274275,0.0068143100511073255,0.0,0.020066889632107024,0.0,0.006462035541195477,0.008503401360544218,0.003424657534246575,0.0031201248049922,0.0078003120124804995,0.00819672131147541,0.0016891891891891893,0.0,0.08333333333333333,0.04628099173553719,0.058419243986254296,0.03588907014681892,0.012965964343598054,0.16556291390728478,0.06565656565656566,0.0016025641025641025,0.03328050713153724,0.03140495867768595,0.0,0.16377952755905512,0.1043338683788122,0.11774744027303755,0.04566929133858268,0.0112,0.12903225806451613,0.19248826291079812,0.0,0.12199312714776632,0.0,0.0572289156626506,0.0544,0.0189873417721519,0.18849840255591055,0.07704918032786885,0.05573770491803279,0.022336769759450172,0.041050903119868636,0.009009009009009009,0.03220338983050847,0.0297029702970297,0.06497622820919176,0.02003338898163606,0.10142630744849446,0.07308970099667775,0.03161397670549085,0.06678383128295255,0.0015151515151515152,0.046104928457869634,0.1824212271973466,0.0049833887043189366,0.07947019867549669,0.11688311688311688,0.016339869281045753,0.22903225806451613,0.03145695364238411,0.10596026490066225,0.0,0.04038772213247173,0.1551155115511551,0.036923076923076927,0.03523489932885906,0.0915032679738562,0.001669449081803005,0.0440251572327044,0.04655172413793104,0.12191103789126853,0.06188925081433225,0.0,0.03986710963455149,0.04599659284497445,0.1109350237717908,0.0,0.0406885758998435,0.19224283305227655,0.10787671232876712,0.056910569105691054,0.02694136291600634,0.05229793977812995,0.04817275747508306,0.11705685618729098,0.08153846153846153,0.02689075630252101,0.02086677367576244,0.0016420361247947454,0.05573770491803279,0.0,0.029411764705882353,0.11057692307692307,0.02337228714524207,0.03215434083601286,0.008012820512820512,0.0368,0.0,0.07320872274143302,0.08828522920203735,0.03559322033898305,0.03350083752093802,0.0736,0.05846153846153846,0.09932659932659933,0.06976744186046512,0.05379746835443038,0.0180623973727422,0.07667731629392971,0.07095709570957096,0.0,0.0688,0.0226928895612708,0.06320907617504051,0.11503067484662577,0.05929487179487179,0.13884297520661157,0.009584664536741214,0.07874015748031496
2002,1,9,prevalence,0.0,0.0,0.0016638935108153079,0.0,0.05821917808219178,0.0017271157167530224,0.04503105590062112,0.0,0.0016611295681063123,0.0,0.09004739336492891,0.001639344262295082,0.01910828025477707,0.01854974704890388,0.001669449081803005,0.006482982171799027,0.012259194395796848,0.01631321370309951,0.011363636363636364,0.026845637583892617,0.08538587848932677,0.011764705882352941,0.006369426751592357,0.06310679611650485,0.0016233766233766235,0.024096385542168676,0.06645056726094004,0.0109717868338558,0.09033280507131537,0.10051107325383304,0.0017035775127768314,0.05984251968503937,0.09606299212598425,0.022970903522205207,0.13518197573656845,0.04118616144975288,0.05238095238095238,0.003179650238473768,0.0,0.02280130293159609,0.006389776357827476,0.012987012987012988,0.00338409475465313,0.0,0.014010507880910683,0.13659359190556492,0.026881720430107527,0.016181229773462782,0.003401360544217687,0.016863406408094434,0.01592356687898089,0.0,0.02195945945945946,0.08064516129032258,0.05163511187607573,0.0,0.07424960505529225,0.01355421686746988,0.030201342281879196,0.001658374792703151,0.008077544426494346,0.0,0.093603744149766,0.05081967213114754,0.16055846422338568,0.003246753246753247,0.06563039723661486,0.0,0.0,0.021207177814029365,0.042483660130718956,0.020440251572327043,0.013628620102214651,0.020689655172413793,0.0015923566878980893,0.07575757575757576,0.021630615640599003,0.015050167224080268,0.023291925465838508,0.0565149136577708,0.051194539249146756,0.05378151260504202,0.005136986301369863,0.0,0.02054794520547945,0.0,0.006557377049180328,0.010135135135135136,0.003395585738539898,0.0015822784810126582,0.013975155279503106,0.016260162601626018,0.0017035775127768314,0.0,0.098256735340729,0.01652892561983471,0.08777969018932874,0.03672787979966611,0.011363636363636364,0.14710743801652892,0.03722504230118443,0.0032733224222585926,0.029173419773095625,0.04111842105263158,0.0032258064516129032,0.1669316375198728,0.088379705400982,0.1447587354409318,0.033925686591276254,0.013071895424836602,0.09485530546623794,0.1712962962962963,0.0,0.11813643926788686,0.0,0.08294209702660407,0.04830917874396135,0.019448946515397084,0.1634304207119741,0.10210696920583469,0.06197654941373534,0.02249134948096886,0.02800658978583196,0.0088339222614841,0.05008635578583765,0.04983922829581994,0.051643192488262914,0.02768729641693811,0.12145110410094637,0.07475083056478406,0.02337228714524207,0.07363013698630137,0.0014925373134328358,0.0384,0.17834394904458598,0.012965964343598054,0.08681135225375626,0.11128284389489954,0.02,0.21474358974358973,0.019672131147540985,0.11,0.009538950715421303,0.05331179321486268,0.15754560530679934,0.06635071090047394,0.03135313531353135,0.10383386581469649,0.0016474464579901153,0.047619047619047616,0.05823627287853577,0.11394557823129252,0.03656597774244833,0.0,0.028192371475953566,0.050173010380622836,0.09562398703403566,0.0,0.0416,0.14910858995137763,0.11243611584327087,0.047619047619047616,0.018032786885245903,0.052050473186119876,0.050590219224283306,0.09163987138263666,0.07981220657276995,0.025423728813559324,0.03442622950819672,0.001644736842105263,0.0628099173553719,0.0,0.032948929159802305,0.08585055643879173,0.025728987993138937,0.047540983606557376,0.014729950900163666,0.04094488188976378,0.0,0.09233176838810642,0.09028960817717206,0.03361344537815126,0.03636363636363636,0.0992,0.06790123456790123,0.1026936026936027,0.0700152207001522,0.030063291139240507,0.011164274322169059,0.07154471544715447,0.09193548387096774,0.0,0.05921052631578947,0.04580152671755725,0.08974358974358974,0.08641975308641975,0.05573248407643312,0.10372771474878444,0.014084507042253521,0.06466876971608833
2003,1,9,prevalence,0.0,0.0,0.0016260162601626016,0.0,0.06281833616298811,0.0017605633802816902,0.04173354735152488,0.0,0.0033003300330033004,0.0,0.12175324675324675,0.0,0.017684887459807074,0.01517706576728499,0.0,0.014754098360655738,0.02555366269165247,0.01757188498402556,0.01001669449081803,0.03826955074875208,0.08943089430894309,0.006688963210702341,0.001639344262295082,0.06050955414012739,0.0016,0.006956521739130435,0.06965174129353234,0.009345794392523364,0.11272141706924316,0.09715242881072027,0.0016891891891891893,0.08346709470304976,0.0926517571884984,0.041158536585365856,0.1254416961130742,0.023972602739726026,0.04945904173106646,0.003194888178913738,0.0,0.022653721682847898,0.017377567140600316,0.017770597738287562,0.003395585738539898,0.0,0.013675213675213675,0.16610738255033558,0.017543859649122806,0.01824212271973466,0.0016722408026755853,0.02195945945945946,0.014516129032258065,0.0,0.015025041736227046,0.08373590982286634,0.05245346869712352,0.0,0.09646302250803858,0.015384615384615385,0.01854974704890388,0.0,0.016051364365971106,0.004838709677419355,0.065625,0.06228956228956229,0.17881944444444445,0.0016556291390728477,0.06260869565217392,0.0,0.0,0.009868421052631578,0.03459637561779242,0.01564945226917058,0.011844331641285956,0.025817555938037865,0.001589825119236884,0.02800658978583196,0.019933554817275746,0.015126050420168067,0.06386292834890965,0.05,0.03664921465968586,0.06840390879478828,0.003472222222222222,0.0,0.010101010101010102,0.0,0.006493506493506494,0.016339869281045753,0.0017152658662092624,0.0015822784810126582,0.0075528700906344415,0.03355704697986577,0.003355704697986577,0.0,0.13722397476340695,0.006589785831960461,0.1157167530224525,0.06281833616298811,0.022913256955810146,0.08833333333333333,0.05378151260504202,0.0016722408026755853,0.030303030303030304,0.03642384105960265,0.0032310177705977385,0.1941747572815534,0.07107438016528926,0.1461794019933555,0.051070840197693576,0.013157894736842105,0.07730263157894737,0.13354037267080746,0.0,0.10152284263959391,0.001584786053882726,0.12149532710280374,0.0544,0.01957585644371941,0.13029315960912052,0.08739495798319327,0.06949152542372881,0.0328719723183391,0.019867549668874173,0.00909090909090909,0.03728813559322034,0.0625,0.03785488958990536,0.0380794701986755,0.09561128526645768,0.05454545454545454,0.014539579967689823,0.05405405405405406,0.0015503875968992248,0.0288,0.13871951219512196,0.020634920634920634,0.07846410684474124,0.13671274961597543,0.014492753623188406,0.16747181964573268,0.02287581699346405,0.11053540587219343,0.008130081300813009,0.07009345794392523,0.12376237623762376,0.07476635514018691,0.032362459546925564,0.1288244766505636,0.005067567567567568,0.03685897435897436,0.05527638190954774,0.10066006600660066,0.022116903633491312,0.0,0.03365384615384615,0.04529616724738676,0.07679738562091504,0.0,0.028346456692913385,0.14814814814814814,0.115,0.0392156862745098,0.012779552715654952,0.059870550161812294,0.052545155993431854,0.08,0.11916264090177134,0.01692047377326565,0.04038772213247173,0.0033613445378151263,0.059800664451827246,0.0,0.03099510603588907,0.09409888357256778,0.036458333333333336,0.06420545746388442,0.004942339373970346,0.03827751196172249,0.0,0.13249211356466878,0.08768971332209106,0.040336134453781515,0.03430531732418525,0.08972267536704731,0.05504587155963303,0.08695652173913043,0.060092449922958396,0.02138157894736842,0.003205128205128205,0.06902086677367576,0.1008,0.006220839813374806,0.04006410256410257,0.045871559633027525,0.1024,0.084375,0.05627009646302251,0.08201892744479496,0.004629629629629629,0.0891238670694864
2004,1,9,prevalence,0.0,0.0,0.0,0.0,0.08202443280977312,0.003395585738539898,0.06771653543307087,0.0,0.003169572107765452,0.0,0.13643659711075443,0.0,0.004761904761904762,0.0049833887043189366,0.008278145695364239,0.014950166112956811,0.03247863247863248,0.007861635220125786,0.008375209380234505,0.04666666666666667,0.09333333333333334,0.008460236886632826,0.0016891891891891893,0.08133971291866028,0.0015723270440251573,0.006968641114982578,0.06710310965630115,0.006191950464396285,0.1288244766505636,0.11314475873544093,0.0016638935108153079,0.09546165884194054,0.09570957095709572,0.04294478527607362,0.14310051107325383,0.02,0.0483619344773791,0.0030959752321981426,0.0,0.017241379310344827,0.03139717425431711,0.019769357495881382,0.003372681281618887,0.0,0.028286189683860232,0.13712374581939799,0.02348993288590604,0.011647254575707155,0.0,0.01517706576728499,0.011217948717948718,0.0,0.009708737864077669,0.05733558178752108,0.048986486486486486,0.0016666666666666668,0.10876623376623376,0.0031446540880503146,0.02972027972027972,0.0016181229773462784,0.012718600953895072,0.0047694753577106515,0.06761006289308176,0.07345575959933222,0.15862068965517243,0.001694915254237288,0.06457242582897033,0.0015384615384615385,0.0,0.0016501650165016502,0.038461538461538464,0.014331210191082803,0.018333333333333333,0.030560271646859084,0.001557632398753894,0.030944625407166124,0.008417508417508417,0.010084033613445379,0.0754414125200642,0.050156739811912224,0.03616636528028933,0.059967585089141004,0.0034542314335060447,0.0030721966205837174,0.02364864864864865,0.0,0.004761904761904762,0.028333333333333332,0.0016835016835016834,0.0015772870662460567,0.00933125972006221,0.04060913705583756,0.0034482758620689655,0.0,0.14125200642054575,0.00505902192242833,0.13879598662207357,0.09256198347107437,0.026578073089700997,0.07742998352553541,0.03885135135135135,0.001697792869269949,0.03179650238473768,0.030252100840336135,0.003189792663476874,0.1796116504854369,0.0457516339869281,0.14424635332252836,0.0304,0.025437201907790145,0.07301587301587302,0.11305732484076433,0.0016806722689075631,0.10423452768729642,0.001567398119122257,0.09800918836140889,0.0704,0.027914614121510674,0.16393442622950818,0.09966777408637874,0.07534246575342465,0.045454545454545456,0.024311183144246355,0.02018348623853211,0.030716723549488054,0.08415841584158416,0.03943217665615142,0.048859934853420196,0.06995230524642289,0.05749128919860627,0.025396825396825397,0.048494983277591976,0.0,0.01732283464566929,0.11690363349131122,0.014634146341463415,0.06752411575562701,0.10757575757575757,0.0224,0.18627450980392157,0.00847457627118644,0.09768211920529801,0.0,0.07097791798107256,0.1305732484076433,0.04675716440422323,0.03481012658227848,0.16585365853658537,0.006711409395973154,0.02247191011235955,0.053833605220228384,0.1188118811881188,0.02618657937806874,0.0,0.056105610561056105,0.055846422338568937,0.05175292153589316,0.0,0.010819165378670788,0.1305785123966942,0.19110378912685339,0.03365384615384615,0.012841091492776886,0.04830917874396135,0.0657672849915683,0.1043338683788122,0.12171052631578948,0.016233766233766232,0.0722495894909688,0.003316749585406302,0.03471074380165289,0.0,0.03414634146341464,0.14376996805111822,0.03907637655417407,0.06310679611650485,0.008183306055646482,0.08090614886731391,0.0,0.12942989214175654,0.07216494845360824,0.05218855218855219,0.018487394957983194,0.1104,0.06354009077155824,0.08828522920203735,0.05891472868217054,0.011326860841423949,0.001589825119236884,0.08485856905158069,0.09178743961352658,0.021116138763197588,0.0384,0.053125,0.1045016077170418,0.0989010989010989,0.029605263157894735,0.055379746835443035,0.013996889580093312,0.08761329305135952
2005,1,9,prevalence,0.0,0.0,0.0,0.0,0.12736660929432014,0.0017241379310344827,0.04081632653061224,0.0,0.0031847133757961785,0.0,0.19381107491856678,0.0,0.00819672131147541,0.0016474464579901153,0.005042016806722689,0.010101010101010102,0.03716814159292035,0.0031446540880503146,0.004966887417218543,0.04560810810810811,0.06554621848739496,0.01487603305785124,0.0016638935108153079,0.08409785932721713,0.0015408320493066256,0.010380622837370242,0.06,0.010574018126888218,0.11022364217252396,0.14950166112956811,0.0016286644951140066,0.0796875,0.08032786885245902,0.043154761904761904,0.1331168831168831,0.01,0.03715170278637771,0.003105590062111801,0.0,0.02531645569620253,0.03869969040247678,0.03453947368421053,0.0033613445378151263,0.0,0.035256410256410256,0.08858603066439523,0.01839464882943144,0.004942339373970346,0.0,0.00819672131147541,0.006493506493506494,0.0,0.014173228346456693,0.038461538461538464,0.03511705685618729,0.003367003367003367,0.11993517017828201,0.0015772870662460567,0.025906735751295335,0.0016260162601626016,0.011058451816745656,0.0032258064516129032,0.07348242811501597,0.06543624161073826,0.10427350427350428,0.0033500837520938024,0.0839041095890411,0.0015527950310559005,0.006791171477079796,0.013468013468013467,0.01901743264659271,0.009508716323296355,0.018272425249169437,0.02617801047120419,0.0015600624024961,0.048939641109298535,0.013245033112582781,0.010084033613445379,0.14397496087636932,0.038880248833592534,0.05486725663716814,0.06482982171799027,0.0034482758620689655,0.00322061191626409,0.02385008517887564,0.0,0.00322061191626409,0.04225352112676056,0.0,0.0015600624024961,0.007704160246533128,0.05342237061769616,0.0034423407917383822,0.0,0.12238325281803543,0.009933774834437087,0.10983606557377049,0.09688013136288999,0.021311475409836064,0.09539473684210527,0.05442176870748299,0.0016806722689075631,0.024232633279483037,0.023529411764705882,0.0031645569620253164,0.18770226537216828,0.043410852713178294,0.12317666126418152,0.03481012658227848,0.04617834394904458,0.07987711213517665,0.11428571428571428,0.003418803418803419,0.06260296540362438,0.0,0.109375,0.10752688172043011,0.024834437086092714,0.13843648208469056,0.08637873754152824,0.06196213425129088,0.05272108843537415,0.024509803921568627,0.02882882882882883,0.029209621993127148,0.0993485342019544,0.034976152623211444,0.0698051948051948,0.07419354838709677,0.05344827586206897,0.01740506329113924,0.03872053872053872,0.0,0.038338658146964855,0.10440456769983687,0.01740506329113924,0.0512,0.08242612752721618,0.02086677367576244,0.21018062397372742,0.013582342954159592,0.10327868852459017,0.0,0.0592,0.112,0.0234009360374415,0.03481012658227848,0.16831683168316833,0.0017301038062283738,0.023474178403755867,0.035483870967741936,0.09764309764309764,0.030201342281879196,0.0015698587127158557,0.03273322422258593,0.042444821731748725,0.03459637561779242,0.0,0.0,0.1378737541528239,0.21105527638190955,0.027419354838709678,0.024844720496894408,0.02830188679245283,0.05181347150259067,0.10294117647058823,0.11256117455138662,0.015600624024960999,0.06965174129353234,0.0016722408026755853,0.04145936981757877,0.0,0.01461038961038961,0.11616954474097331,0.055855855855855854,0.09032258064516129,0.019769357495881382,0.09210526315789473,0.0,0.1265625,0.035897435897435895,0.03171953255425709,0.015126050420168067,0.12624584717607973,0.08169440242057488,0.06446280991735537,0.07777777777777778,0.00482315112540193,0.004702194357366771,0.11688311688311688,0.09339774557165861,0.020802377414561663,0.028938906752411574,0.08163265306122448,0.0914826498422713,0.10989010989010989,0.01639344262295082,0.04326923076923077,0.017350157728706624,0.11314984709480122
2006,1,9,prevalence,0.0,0.0,0.0,0.0,0.18858131487889274,0.003418803418803419,0.03115264797507788,0.0,0.0032102728731942215,0.0,0.2562396006655574,0.0,0.00847457627118644,0.005025125628140704,0.003194888178913738,0.008756567425569177,0.03292894280762565,0.0032679738562091504,0.004918032786885246,0.0728476821192053,0.05227655986509275,0.011254019292604502,0.0,0.08087091757387248,0.0,0.03166666666666667,0.052545155993431854,0.0046875,0.051036682615629984,0.16938110749185667,0.0,0.07585139318885449,0.07084019769357495,0.03671071953010279,0.13942307692307693,0.0049261083743842365,0.0445468509984639,0.0029985007496251873,0.0,0.025356576862123614,0.03732503888024884,0.03535353535353535,0.0033444816053511705,0.0,0.03840245775729647,0.05714285714285714,0.006896551724137931,0.003278688524590164,0.0,0.02159468438538206,0.00819672131147541,0.0,0.019261637239165328,0.04091653027823241,0.025167785234899327,0.0033613445378151263,0.10810810810810811,0.003125,0.02608695652173913,0.0016420361247947454,0.01866251944012442,0.003194888178913738,0.05747126436781609,0.04186795491143317,0.10130718954248366,0.0033333333333333335,0.053156146179401995,0.0015723270440251573,0.0034071550255536627,0.02040816326530612,0.01594896331738437,0.006259780907668232,0.013468013468013467,0.03333333333333333,0.0,0.06109324758842444,0.014657980456026058,0.011784511784511785,0.1850079744816587,0.06666666666666667,0.03900709219858156,0.054635761589403975,0.0033613445378151263,0.003110419906687403,0.019966722129783693,0.0016501650165016502,0.001607717041800643,0.038523274478330656,0.0,0.003215434083601286,0.0031007751937984496,0.04560260586319218,0.0034542314335060447,0.0,0.18064516129032257,0.008319467554076539,0.07108239095315025,0.10180623973727422,0.01487603305785124,0.06929133858267716,0.04942339373970346,0.0016420361247947454,0.03987240829346093,0.05714285714285714,0.003134796238244514,0.2463295269168026,0.0514018691588785,0.11930926216640503,0.027960526315789474,0.03231017770597738,0.05993690851735016,0.11128775834658187,0.0035398230088495575,0.057003257328990226,0.0,0.11627906976744186,0.09422492401215805,0.024115755627009645,0.11582381729200653,0.07537688442211055,0.05555555555555555,0.04712041884816754,0.013422818791946308,0.02613240418118467,0.023255813953488372,0.15960912052117263,0.05057096247960848,0.08253968253968254,0.11916264090177134,0.0847457627118644,0.02050473186119874,0.03220338983050847,0.0,0.032467532467532464,0.10517799352750809,0.03642384105960265,0.04416403785488959,0.05255023183925812,0.011382113821138212,0.21103896103896103,0.027960526315789474,0.1412151067323481,0.0,0.0499194847020934,0.12721417069243157,0.020123839009287926,0.03286384976525822,0.19601328903654486,0.003372681281618887,0.023474178403755867,0.025518341307814992,0.09688581314878893,0.04426229508196721,0.0064516129032258064,0.03821656050955414,0.015437392795883362,0.04658901830282862,0.0,0.004665629860031105,0.13141025641025642,0.24793388429752067,0.03605015673981191,0.0327613104524181,0.030303030303030304,0.04047217537942664,0.09212730318257957,0.09375,0.012598425196850394,0.06565656565656566,0.0,0.057755775577557754,0.0,0.01910828025477707,0.0967741935483871,0.03783783783783784,0.13136288998357964,0.009983361064891847,0.09178743961352658,0.0,0.17004680187207488,0.04230118443316413,0.02857142857142857,0.0165016501650165,0.10032894736842106,0.09850746268656717,0.08235294117647059,0.04404567699836868,0.00641025641025641,0.006329113924050633,0.10294117647058823,0.08229813664596274,0.02666666666666667,0.022298456260720412,0.06748466257668712,0.11980830670926518,0.08204334365325078,0.030694668820678513,0.023622047244094488,0.011164274322169059,0.11128526645768025
2007,1,9,prevalence,0.0,0.0,0.0,0.0016051364365971107,0.18549747048903878,0.003372681281618887,0.030015797788309637,0.0,0.0032310177705977385,0.0,0.28688524590163933,0.0,0.020066889632107024,0.0,0.0031645569620253164,0.0034965034965034965,0.025295109612141653,0.00322061191626409,0.006430868167202572,0.08562197092084006,0.054365733113673806,0.009933774834437087,0.0,0.08255451713395638,0.0,0.0416,0.05967741935483871,0.004580152671755725,0.030303030303030304,0.18030050083472454,0.0,0.0804953560371517,0.0940032414910859,0.03988183161004431,0.1650485436893204,0.008223684210526315,0.03481012658227848,0.0,0.0,0.016181229773462782,0.045813586097946286,0.03865546218487395,0.003236245954692557,0.0016,0.030959752321981424,0.06208053691275168,0.0068143100511073255,0.006557377049180328,0.0,0.028391167192429023,0.015228426395939087,0.0,0.012422360248447204,0.06591639871382636,0.0429042904290429,0.0033003300330033004,0.07179487179487179,0.009419152276295133,0.04088586030664395,0.0016339869281045752,0.016975308641975308,0.0047169811320754715,0.04538087520259319,0.05339805825242718,0.08090614886731391,0.0017271157167530224,0.04965753424657534,0.0015455950540958269,0.003372681281618887,0.01559792027729636,0.00819672131147541,0.011272141706924315,0.016778523489932886,0.024271844660194174,0.0,0.07605177993527508,0.006493506493506494,0.013289036544850499,0.18548387096774194,0.08507223113964688,0.028419182948490232,0.024793388429752067,0.019197207678883072,0.009375,0.008375209380234505,0.0032102728731942215,0.0,0.056782334384858045,0.0,0.003257328990228013,0.0015748031496062992,0.04754358161648178,0.0017543859649122807,0.0017421602787456446,0.13866231647634583,0.011456628477905073,0.1266233766233766,0.1508828250401284,0.0049504950495049506,0.06230529595015576,0.029605263157894735,0.0,0.03145695364238411,0.0743801652892562,0.0015313935681470138,0.17792421746293247,0.05666156202143951,0.10785824345146379,0.04213938411669368,0.0432,0.06614173228346457,0.09090909090909091,0.0033783783783783786,0.05238095238095238,0.0,0.14946070878274267,0.11645962732919254,0.020833333333333332,0.09872611464968153,0.08108108108108109,0.07106598984771574,0.08576329331046312,0.01658374792703151,0.04915254237288136,0.01990049751243781,0.2059282371294852,0.026533996683250415,0.11335403726708075,0.11038961038961038,0.09932659932659933,0.016845329249617153,0.022838499184339316,0.0015267175572519084,0.03691813804173355,0.0754414125200642,0.025682182985553772,0.06441717791411043,0.05572755417956656,0.011608623548922056,0.17990275526742303,0.02155887230514096,0.1302250803858521,0.0,0.060064935064935064,0.12852664576802508,0.026194144838212634,0.029079159935379646,0.20559210526315788,0.00333889816360601,0.011058451816745656,0.024115755627009645,0.0657439446366782,0.060556464811783964,0.007987220447284345,0.05763239875389408,0.018612521150592216,0.04745762711864407,0.005042016806722689,0.0031545741324921135,0.13893376413570274,0.2251655629139073,0.0336,0.03912363067292645,0.04038772213247173,0.052545155993431854,0.07333333333333333,0.04991394148020654,0.00764525993883792,0.050522648083623695,0.0,0.06829268292682927,0.0,0.0192,0.11838006230529595,0.042704626334519574,0.12186978297161936,0.015517241379310345,0.10355987055016182,0.0,0.19085173501577288,0.04391891891891892,0.0333889816360601,0.006633499170812604,0.09060402684563758,0.10365853658536585,0.08443708609271523,0.0368,0.009569377990430622,0.009852216748768473,0.08852459016393442,0.08607198748043818,0.02533532041728763,0.016835016835016835,0.05564142194744977,0.10784313725490197,0.07981220657276995,0.03035143769968051,0.012718600953895072,0.02377179080824089,0.09175738724727839
2008,1,9,prevalence,0.0015873015873015873,0.0,0.0,0.0032102728731942215,0.15151515151515152,0.0032679738562091504,0.04784688995215311,0.0,0.0015822784810126582,0.0,0.22312703583061888,0.0,0.03583617747440273,0.0016778523489932886,0.004784688995215311,0.007067137809187279,0.009852216748768473,0.0033222591362126247,0.0078125,0.10016155088852989,0.06568144499178982,0.00847457627118644,0.004807692307692308,0.09846153846153846,0.0,0.03169572107765452,0.04983922829581994,0.012422360248447204,0.006482982171799027,0.20772946859903382,0.0015923566878980893,0.11009174311926606,0.08143322475570032,0.03988183161004431,0.15151515151515152,0.01001669449081803,0.022116903633491312,0.0,0.003278688524590164,0.02773246329526917,0.06918238993710692,0.031096563011456628,0.0032626427406199023,0.0015923566878980893,0.0219435736677116,0.0380794701986755,0.0016501650165016502,0.0032310177705977385,0.0,0.05492730210016155,0.010186757215619695,0.0,0.00916030534351145,0.06414473684210527,0.038525963149078725,0.0032310177705977385,0.057724957555178265,0.008237232289950576,0.041254125412541254,0.0015923566878980893,0.013953488372093023,0.007987220447284345,0.05057096247960848,0.0632279534109817,0.056074766355140186,0.003395585738539898,0.029565217391304348,0.0015479876160990713,0.005154639175257732,0.02434782608695652,0.010067114093959731,0.014240506329113924,0.02385008517887564,0.03636363636363636,0.0,0.10339256865912763,0.004901960784313725,0.010084033613445379,0.1625615763546798,0.08752025931928688,0.029565217391304348,0.01,0.018456375838926176,0.006172839506172839,0.006389776357827476,0.0016129032258064516,0.0033112582781456954,0.04900459418070444,0.0,0.004838709677419355,0.004754358161648178,0.04723127035830619,0.0017211703958691911,0.001697792869269949,0.1332263242375602,0.019448946515397084,0.13548387096774195,0.15166666666666667,0.0034129692832764505,0.041990668740279936,0.02152317880794702,0.0,0.030015797788309637,0.1127946127946128,0.0015552099533437014,0.11486486486486487,0.06481481481481481,0.15396341463414634,0.0499194847020934,0.03927986906710311,0.09394904458598727,0.06462035541195477,0.0034129692832764505,0.023622047244094488,0.0,0.15421303656597773,0.09408194233687406,0.012618296529968454,0.09803921568627451,0.06086956521739131,0.07859531772575251,0.09966216216216216,0.026755852842809364,0.048903878583473864,0.013179571663920923,0.23863636363636365,0.05203252032520325,0.11968503937007874,0.08940397350993377,0.05843071786310518,0.013888888888888888,0.03739837398373984,0.0015772870662460567,0.03536977491961415,0.048465266558966075,0.01957585644371941,0.06739811912225706,0.0694006309148265,0.012841091492776886,0.17903225806451614,0.014925373134328358,0.1389776357827476,0.0,0.037096774193548385,0.11058451816745656,0.018376722817764167,0.029503105590062112,0.22006472491909385,0.0016420361247947454,0.011041009463722398,0.02768729641693811,0.0429553264604811,0.04590163934426229,0.012759170653907496,0.06656580937972768,0.008417508417508417,0.055,0.0032679738562091504,0.0046439628482972135,0.15993537964458804,0.17587939698492464,0.04100946372239748,0.028346456692913385,0.03865546218487395,0.07814992025518341,0.06785137318255251,0.03559322033898305,0.004580152671755725,0.07375643224699828,0.0,0.06487341772151899,0.0016474464579901153,0.020766773162939296,0.1338709677419355,0.06055363321799308,0.11129568106312292,0.025,0.14332247557003258,0.0,0.2071097372488408,0.03859060402684564,0.01788617886178862,0.0050933786078098476,0.06655844155844155,0.13178294573643412,0.10851419031719532,0.05727554179566564,0.02711323763955343,0.013266998341625208,0.06446280991735537,0.10576923076923077,0.06288343558282208,0.02023608768971332,0.0452418096723869,0.09090909090909091,0.05409582689335394,0.029548989113530325,0.007861635220125786,0.04081632653061224,0.06431852986217458
2009,1,9,prevalence,0.0015698587127158557,0.0,0.0,0.0032102728731942215,0.12903225806451613,0.0016474464579901153,0.07084019769357495,0.0016891891891891893,0.0,0.0,0.2425249169435216,0.0,0.01867572156196944,0.006622516556291391,0.008347245409015025,0.003676470588235294,0.019448946515397084,0.0049261083743842365,0.00473186119873817,0.12280701754385964,0.03993344425956739,0.011456628477905073,0.008333333333333333,0.09076682316118936,0.0,0.024115755627009645,0.04376012965964344,0.004784688995215311,0.014150943396226415,0.18354430379746836,0.003189792663476874,0.09204368174726989,0.09461663947797716,0.030627871362940276,0.152,0.006896551724137931,0.025437201907790145,0.0,0.0033003300330033004,0.03833333333333333,0.055031446540880505,0.03577235772357724,0.006535947712418301,0.006389776357827476,0.024154589371980676,0.02512562814070352,0.0,0.011254019292604502,0.0,0.04227642276422764,0.008403361344537815,0.0016806722689075631,0.030816640986132512,0.06208053691275168,0.03915171288743882,0.0032679738562091504,0.09457092819614711,0.013157894736842105,0.026622296173044926,0.0016313213703099511,0.024539877300613498,0.001597444089456869,0.04754358161648178,0.07142857142857142,0.08069620253164557,0.006756756756756757,0.026362038664323375,0.0016025641025641025,0.006633499170812604,0.04436860068259386,0.006462035541195477,0.019230769230769232,0.020477815699658702,0.01951219512195122,0.0,0.13162118780096307,0.006482982171799027,0.009983361064891847,0.18298555377207062,0.06752411575562701,0.029462738301559793,0.02254428341384863,0.013071895424836602,0.004615384615384616,0.007974481658692184,0.008116883116883116,0.0,0.040880503144654086,0.0,0.003289473684210526,0.003179650238473768,0.06456953642384106,0.0016806722689075631,0.0033222591362126247,0.12082670906200318,0.009554140127388535,0.11736334405144695,0.12077294685990338,0.005199306759098787,0.040584415584415584,0.03927986906710311,0.0,0.037914691943127965,0.11589403973509933,0.0015432098765432098,0.090311986863711,0.052050473186119876,0.1263318112633181,0.05982905982905983,0.03,0.08626198083067092,0.11292962356792144,0.0033613445378151263,0.00782472613458529,0.0,0.15161290322580645,0.062402496099843996,0.008,0.09744408945686901,0.05281090289608177,0.06386554621848739,0.08981001727115717,0.039735099337748346,0.03727714748784441,0.007898894154818325,0.2523809523809524,0.0736,0.15873015873015872,0.08305084745762711,0.06397306397306397,0.006389776357827476,0.048013245033112585,0.001589825119236884,0.04,0.024390243902439025,0.01517706576728499,0.05426356589147287,0.06896551724137931,0.012903225806451613,0.1330128205128205,0.019672131147540985,0.12398042414355628,0.011400651465798045,0.04220779220779221,0.14238952536824878,0.02476780185758514,0.0264797507788162,0.20508744038155802,0.0,0.00631911532385466,0.02903225806451613,0.029462738301559793,0.05392156862745098,0.01732283464566929,0.06676783004552352,0.013490725126475547,0.05638474295190713,0.0016420361247947454,0.0030816640986132513,0.1390625,0.12626262626262627,0.03139717425431711,0.031746031746031744,0.0297029702970297,0.12101910828025478,0.02800658978583196,0.03951890034364261,0.0031007751937984496,0.08739495798319327,0.0,0.06525285481239804,0.006779661016949152,0.02689873417721519,0.1723027375201288,0.09169550173010381,0.06722689075630252,0.01818181818181818,0.15151515151515152,0.0,0.2076069730586371,0.04477611940298507,0.016260162601626018,0.005067567567567568,0.05823627287853577,0.14351851851851852,0.1306532663316583,0.07355242566510173,0.023450586264656615,0.011666666666666667,0.06382978723404255,0.10932475884244373,0.11059907834101383,0.018363939899833055,0.04,0.08925619834710743,0.04874213836477988,0.031818181818181815,0.01932367149758454,0.053712480252764615,0.0491283676703645
2010,1,9,prevalence,0.0015873015873015873,0.0,0.0,0.003284072249589491,0.14983164983164984,0.0016339869281045752,0.0679304897314376,0.0016474464579901153,0.0,0.0,0.16611295681063123,0.0,0.011608623548922056,0.003215434083601286,0.0096,0.003484320557491289,0.012738853503184714,0.004991680532445923,0.006269592476489028,0.15085536547433903,0.03015075376884422,0.012965964343598054,0.005042016806722689,0.1130030959752322,0.0,0.017350157728706624,0.03833333333333333,0.00315955766192733,0.012658227848101266,0.1724137931034483,0.0016313213703099511,0.09651898734177215,0.08452950558213716,0.029780564263322883,0.13322884012539185,0.008403361344537815,0.03650793650793651,0.0,0.0,0.03431372549019608,0.03328050713153724,0.01929260450160772,0.0048,0.004746835443037975,0.017432646592709985,0.028192371475953566,0.0015503875968992248,0.003189792663476874,0.0,0.0464,0.010344827586206896,0.0017391304347826088,0.018867924528301886,0.048252911813643926,0.04560260586319218,0.003418803418803419,0.09949409780775717,0.010169491525423728,0.030201342281879196,0.0016051364365971107,0.015408320493066256,0.0016155088852988692,0.04889589905362776,0.08940397350993377,0.08307210031347963,0.006462035541195477,0.01839464882943144,0.001567398119122257,0.009868421052631578,0.0547945205479452,0.009724473257698542,0.03453947368421053,0.008319467554076539,0.01610305958132045,0.0,0.1470113085621971,0.00644122383252818,0.01011804384485666,0.13679245283018868,0.06732348111658457,0.04713804713804714,0.016,0.012841091492776886,0.007739938080495356,0.0125,0.013114754098360656,0.0033500837520938024,0.03531300160513644,0.0,0.004846526655896607,0.0015723270440251573,0.035,0.0016366612111292963,0.003436426116838488,0.10252365930599369,0.009478672985781991,0.1536,0.08306188925081433,0.0033783783783783786,0.03514376996805112,0.056666666666666664,0.003289473684210526,0.03987240829346093,0.1254125412541254,0.0015408320493066256,0.08637873754152824,0.06748466257668712,0.1268882175226586,0.07512520868113523,0.03904923599320883,0.09567901234567901,0.11942675159235669,0.0033500837520938024,0.008103727714748784,0.0,0.13452188006482982,0.0706436420722135,0.0128,0.112,0.03924914675767918,0.0726643598615917,0.0681063122923588,0.04051863857374392,0.024922118380062305,0.02365930599369085,0.21221864951768488,0.0717628705148206,0.22257551669316375,0.07614213197969544,0.09427609427609428,0.0047694753577106515,0.04180602006688963,0.0016181229773462784,0.025806451612903226,0.0214168039538715,0.025423728813559324,0.0343213728549142,0.06365159128978225,0.01901743264659271,0.11858974358974358,0.017094017094017096,0.08156606851549755,0.00946372239747634,0.05161290322580645,0.14492753623188406,0.027692307692307693,0.04107424960505529,0.1767515923566879,0.0,0.01461038961038961,0.021103896103896104,0.026845637583892617,0.05333333333333334,0.009868421052631578,0.06990881458966565,0.010169491525423728,0.06209150326797386,0.0016835016835016834,0.01238390092879257,0.17262830482115085,0.1498371335504886,0.02177293934681182,0.025682182985553772,0.01990049751243781,0.11219512195121951,0.03940886699507389,0.03098106712564544,0.0015408320493066256,0.03866432337434095,0.0,0.05573770491803279,0.0068143100511073255,0.014634146341463415,0.20094936708860758,0.10671256454388985,0.07058823529411765,0.02023608768971332,0.13408723747980614,0.0014970059880239522,0.1592356687898089,0.01948051948051948,0.013311148086522463,0.001669449081803005,0.07413793103448275,0.13237639553429026,0.13192182410423453,0.07244094488188976,0.01576182136602452,0.009966777408637873,0.07190635451505016,0.09872611464968153,0.16358024691358025,0.01020408163265306,0.02702702702702703,0.128500823723229,0.05186385737439222,0.025411061285500747,0.01929260450160772,0.04952076677316294,0.017543859649122806
2011,1,9,prevalence,0.001607717041800643,0.0,0.0,0.00322061191626409,0.12141652613827993,0.0,0.042483660130718956,0.003205128205128205,0.0,0.0,0.1147011308562197,0.0,0.023255813953488372,0.0031645569620253164,0.014285714285714285,0.003395585738539898,0.007861635220125786,0.008025682182985553,0.0061633281972265025,0.184,0.03924914675767918,0.01910828025477707,0.003236245954692557,0.09480122324159021,0.0,0.02923076923076923,0.03865546218487395,0.0015748031496062992,0.004754358161648178,0.17569786535303777,0.0016129032258064516,0.09516129032258064,0.0766721044045677,0.017857142857142856,0.1181959564541213,0.003367003367003367,0.06507936507936508,0.0,0.0,0.0457516339869281,0.044233807266982623,0.009933774834437087,0.0046801872074883,0.00463678516228748,0.04006410256410257,0.015100671140939598,0.0031201248049922,0.006493506493506494,0.0,0.0583596214511041,0.006802721088435374,0.0,0.0219435736677116,0.017857142857142856,0.03171953255425709,0.0033222591362126247,0.06291390728476821,0.017094017094017096,0.0180623973727422,0.0062402496099844,0.02304147465437788,0.001652892561983471,0.05388272583201268,0.07003257328990228,0.07153965785381027,0.004746835443037975,0.02127659574468085,0.0,0.012987012987012988,0.05073649754500818,0.014218009478672985,0.030744336569579287,0.004838709677419355,0.012698412698412698,0.0,0.1734375,0.004966887417218543,0.016891891891891893,0.08557844690966719,0.057971014492753624,0.02254428341384863,0.01263823064770932,0.014040561622464899,0.014218009478672985,0.023148148148148147,0.011589403973509934,0.0048543689320388345,0.024115755627009645,0.0016611295681063123,0.003236245954692557,0.003246753246753247,0.023255813953488372,0.001644736842105263,0.003418803418803419,0.05958132045088567,0.006369426751592357,0.12903225806451613,0.08188976377952756,0.006734006734006734,0.02377179080824089,0.05619834710743802,0.004709576138147566,0.024922118380062305,0.10909090909090909,0.0,0.06446280991735537,0.08307692307692308,0.09922480620155039,0.07479674796747968,0.03945111492281304,0.10046367851622875,0.13657770800627944,0.003278688524590164,0.0066555740432612314,0.0,0.12374581939799331,0.08744038155802862,0.007836990595611285,0.10912052117263844,0.044596912521440824,0.056572379367720464,0.07352941176470588,0.02527646129541864,0.0234375,0.04126984126984127,0.1634304207119741,0.0733652312599681,0.2496,0.04786324786324787,0.08403361344537816,0.0015698587127158557,0.053082191780821915,0.001644736842105263,0.024154589371980676,0.02857142857142857,0.03595890410958904,0.037257824143070044,0.07204116638078903,0.015822784810126583,0.1508828250401284,0.016835016835016835,0.0804416403785489,0.0016181229773462784,0.056572379367720464,0.11147011308562198,0.022900763358778626,0.0297339593114241,0.13290113452188007,0.004966887417218543,0.02034428794992175,0.013445378151260505,0.031096563011456628,0.05360134003350084,0.004942339373970346,0.052552552552552555,0.011804384485666104,0.08112582781456953,0.0,0.026687598116169546,0.17543859649122806,0.10372771474878444,0.014173228346456693,0.03605015673981191,0.016181229773462782,0.11234177215189874,0.04809286898839138,0.032590051457975985,0.0,0.039586919104991396,0.001589825119236884,0.06026058631921824,0.010434782608695653,0.01437699680511182,0.2160392798690671,0.13344594594594594,0.058919803600654665,0.023255813953488372,0.10256410256410256,0.0,0.2,0.01461038961038961,0.02471169686985173,0.003305785123966942,0.05128205128205128,0.160828025477707,0.10714285714285714,0.06389776357827476,0.01864406779661017,0.013888888888888888,0.057003257328990226,0.10912052117263844,0.24613003095975233,0.014729950900163666,0.02857142857142857,0.1135593220338983,0.0352,0.026587887740029542,0.01951219512195122,0.04227642276422764,0.024
2012,1,9,prevalence,0.0015748031496062992,0.0,0.0,0.0015873015873015873,0.07475083056478406,0.0,0.029780564263322883,0.001589825119236884,0.0,0.0,0.08490566037735849,0.0,0.0214168039538715,0.00482315112540193,0.028846153846153848,0.0,0.013953488372093023,0.006644518272425249,0.00778816199376947,0.1648,0.03747870528109029,0.018604651162790697,0.013050570962479609,0.059375,0.003003003003003003,0.034055727554179564,0.03885135135135135,0.009508716323296355,0.009708737864077669,0.12583892617449666,0.0016420361247947454,0.13902053712480253,0.07060755336617405,0.008090614886731391,0.10785824345146379,0.003305785123966942,0.05582922824302135,0.0,0.0,0.04487179487179487,0.04950495049504951,0.013245033112582781,0.00473186119873817,0.0032414910858995136,0.07154213036565978,0.013490725126475547,0.006389776357827476,0.0047694753577106515,0.0,0.08860759493670886,0.001694915254237288,0.0,0.02090032154340836,0.020967741935483872,0.039735099337748346,0.0033222591362126247,0.054514480408858604,0.01864406779661017,0.012924071082390954,0.0015625,0.029827315541601257,0.0016474464579901153,0.023510971786833857,0.056962025316455694,0.2094488188976378,0.0031446540880503146,0.029921259842519685,0.0,0.00967741935483871,0.0467741935483871,0.00778816199376947,0.04081632653061224,0.003194888178913738,0.023510971786833857,0.0,0.1430817610062893,0.0,0.014950166112956811,0.07559055118110236,0.05823627287853577,0.025437201907790145,0.007911392405063292,0.012461059190031152,0.009615384615384616,0.025835866261398176,0.004909983633387889,0.008210180623973728,0.02356902356902357,0.006666666666666667,0.0032520325203252032,0.0032102728731942215,0.027552674230145867,0.0016778523489932886,0.0017094017094017094,0.06612903225806452,0.02177293934681182,0.11869918699186992,0.08268330733229329,0.008223684210526315,0.020634920634920634,0.05360134003350084,0.0110062893081761,0.027156549520766772,0.1390284757118928,0.0015772870662460567,0.09195402298850575,0.0890625,0.10200927357032458,0.06135986733001658,0.03826086956521739,0.0729483282674772,0.17038216560509553,0.004838709677419355,0.019639934533551555,0.0,0.11480865224625623,0.09618320610687023,0.006211180124223602,0.10466988727858294,0.05281090289608177,0.050080775444264945,0.0547945205479452,0.02190923317683881,0.029503105590062112,0.048465266558966075,0.11414790996784566,0.07472178060413355,0.2192429022082019,0.033628318584070796,0.07082630691399663,0.001579778830963665,0.05536912751677853,0.003246753246753247,0.02254428341384863,0.027303754266211604,0.02982456140350877,0.036418816388467376,0.06745362563237774,0.008223684210526315,0.18078175895765472,0.019704433497536946,0.09523809523809523,0.0015479876160990713,0.037606837606837605,0.07166666666666667,0.010719754977029096,0.01594896331738437,0.0975609756097561,0.008361204013377926,0.02857142857142857,0.014975041597337771,0.02577319587628866,0.022913256955810146,0.0016722408026755853,0.0445468509984639,0.015202702702702704,0.08441558441558442,0.0,0.01938610662358643,0.25241157556270094,0.0781758957654723,0.015600624024960999,0.03636363636363636,0.012987012987012988,0.1260096930533118,0.05410122164048865,0.043689320388349516,0.0,0.04974271012006861,0.006369426751592357,0.050955414012738856,0.0137221269296741,0.030744336569579287,0.22330097087378642,0.14915254237288136,0.0532258064516129,0.024793388429752067,0.07981220657276995,0.0,0.18225806451612903,0.0176,0.02926829268292683,0.0032520325203252032,0.04568527918781726,0.15548281505728315,0.10952380952380952,0.07882534775888717,0.005084745762711864,0.02456140350877193,0.045,0.1318864774624374,0.3074484944532488,0.015151515151515152,0.038917089678511,0.09183673469387756,0.02689873417721519,0.026277372262773723,0.01644736842105263,0.04552845528455285,0.022838499184339316
2013,1,9,prevalence,0.003169572107765452,0.0,0.0,0.0016025641025641025,0.07333333333333333,0.0,0.03464566929133858,0.0031446540880503146,0.0,0.0,0.1203125,0.0,0.023728813559322035,0.00975609756097561,0.020933977455716585,0.0,0.0234009360374415,0.008445945945945946,0.009244992295839754,0.14426229508196722,0.03350083752093802,0.020123839009287926,0.014040561622464899,0.05092592592592592,0.0014992503748125937,0.0109204368174727,0.050761421319796954,0.00794912559618442,0.003179650238473768,0.10491803278688525,0.001652892561983471,0.11811023622047244,0.054140127388535034,0.014729950900163666,0.0880503144654088,0.0016750418760469012,0.049099836333878884,0.0,0.0,0.05245901639344262,0.04111842105263158,0.0033112582781456954,0.004777070063694267,0.003194888178913738,0.071875,0.016051364365971106,0.0078125,0.0176,0.0,0.09621451104100946,0.008361204013377926,0.0,0.030694668820678513,0.023923444976076555,0.040783034257748776,0.0033444816053511705,0.030560271646859084,0.02003338898163606,0.012861736334405145,0.0016339869281045752,0.04936305732484077,0.006644518272425249,0.023622047244094488,0.04830917874396135,0.31768388106416273,0.006420545746388443,0.027950310559006212,0.0,0.009554140127388535,0.04220779220779221,0.012345679012345678,0.06466876971608833,0.001589825119236884,0.02377179080824089,0.0,0.14376996805111822,0.0016207455429497568,0.013157894736842105,0.04984894259818731,0.06735751295336788,0.03980891719745223,0.0,0.012364760432766615,0.004777070063694267,0.03720238095238095,0.01288244766505636,0.003316749585406302,0.03915171288743882,0.013289036544850499,0.0033277870216306157,0.0032,0.03697749196141479,0.0016638935108153079,0.0016638935108153079,0.03114754098360656,0.02037617554858934,0.10483870967741936,0.05379746835443038,0.0048,0.014285714285714285,0.05676126878130217,0.011075949367088608,0.01788617886178862,0.15736040609137056,0.007974481658692184,0.11960132890365449,0.11446740858505565,0.07099697885196375,0.0868824531516184,0.03292894280762565,0.05826771653543307,0.22113821138211381,0.00322061191626409,0.04576271186440678,0.0016722408026755853,0.10726072607260725,0.10668789808917198,0.012598425196850394,0.0889967637540453,0.05387205387205387,0.02631578947368421,0.05432937181663837,0.0128,0.029320987654320986,0.04,0.09775641025641026,0.06535947712418301,0.12199036918138041,0.02218430034129693,0.10214168039538715,0.0,0.04591836734693878,0.003246753246753247,0.019261637239165328,0.03220338983050847,0.030100334448160536,0.04225352112676056,0.0587248322147651,0.006493506493506494,0.24749163879598662,0.009933774834437087,0.09223300970873786,0.0015267175572519084,0.03236797274275979,0.04982817869415808,0.01889763779527559,0.007936507936507936,0.10491803278688525,0.01011804384485666,0.027156549520766772,0.0272,0.01824212271973466,0.01639344262295082,0.010033444816053512,0.043348281016442454,0.024958402662229616,0.10177705977382875,0.0,0.022913256955810146,0.20261437908496732,0.06414473684210527,0.01592356687898089,0.024469820554649267,0.003179650238473768,0.13395638629283488,0.06143344709897611,0.033816425120772944,0.001564945226917058,0.05442176870748299,0.008237232289950576,0.024154589371980676,0.012367491166077738,0.06291390728476821,0.1552,0.12033898305084746,0.03257328990228013,0.031096563011456628,0.10371517027863777,0.0,0.1492776886035313,0.022257551669316374,0.024469820554649267,0.0015698587127158557,0.025210084033613446,0.13666666666666666,0.10551181102362205,0.07395993836671803,0.010416666666666666,0.01733102253032929,0.02127659574468085,0.11764705882352941,0.24960505529225907,0.01011804384485666,0.018272425249169437,0.07718696397941681,0.03934426229508197,0.024390243902439025,0.019639934533551555,0.03902439024390244,0.021035598705501618
2014,1,9,prevalence,0.004665629860031105,0.0,0.0,0.003169572107765452,0.05025125628140704,0.0,0.05826771653543307,0.0015479876160990713,0.0,0.0,0.10920436817472699,0.0,0.04047217537942664,0.0214168039538715,0.02254428341384863,0.001652892561983471,0.03230769230769231,0.0032733224222585926,0.009077155824508321,0.11974110032362459,0.04297520661157025,0.011182108626198083,0.0062402496099844,0.03755868544600939,0.003110419906687403,0.0046875,0.04655172413793104,0.009554140127388535,0.0,0.11653543307086614,0.0016129032258064516,0.10550458715596331,0.033816425120772944,0.0196078431372549,0.0554675118858954,0.0,0.03442622950819672,0.0016286644951140066,0.0,0.03789126853377265,0.05718954248366013,0.008333333333333333,0.003194888178913738,0.0032,0.06055900621118013,0.026845637583892617,0.004761904761904762,0.01589825119236884,0.0,0.06814580031695722,0.014975041597337771,0.0016891891891891893,0.03257328990228013,0.020634920634920634,0.061191626409017714,0.0016638935108153079,0.058419243986254296,0.011647254575707155,0.004815409309791332,0.0016155088852988692,0.04285714285714286,0.004838709677419355,0.030721966205837174,0.05608974358974359,0.4169329073482428,0.004815409309791332,0.015360983102918587,0.0,0.01929260450160772,0.03758169934640523,0.01228878648233487,0.05555555555555555,0.0016051364365971107,0.01848998459167951,0.0,0.1360655737704918,0.0016420361247947454,0.011217948717948718,0.02909647779479326,0.04377104377104377,0.04231974921630094,0.003125,0.016417910447761194,0.003076923076923077,0.03828483920367534,0.006329113924050633,0.004792332268370607,0.043689320388349516,0.019736842105263157,0.0016638935108153079,0.0015923566878980893,0.022328548644338118,0.006600660066006601,0.006896551724137931,0.037037037037037035,0.0171875,0.07987220447284345,0.05331179321486268,0.004709576138147566,0.011494252873563218,0.07550335570469799,0.013782542113323124,0.006462035541195477,0.1636060100166945,0.00644122383252818,0.12251655629139073,0.08571428571428572,0.06615384615384616,0.07876712328767123,0.05102040816326531,0.049679487179487176,0.2829581993569132,0.0031545741324921135,0.03278688524590164,0.0016778523489932886,0.07792207792207792,0.09220985691573927,0.00946372239747634,0.06633499170812604,0.04081632653061224,0.019696969696969695,0.04145077720207254,0.010835913312693499,0.03343465045592705,0.023961661341853034,0.09682539682539683,0.061389337641357025,0.13964686998394862,0.02782608695652174,0.0651085141903172,0.0,0.04406779661016949,0.0016835016835016834,0.014331210191082803,0.027960526315789474,0.017006802721088437,0.04482225656877898,0.03986710963455149,0.009819967266775777,0.21114864864864866,0.004991680532445923,0.08702791461412152,0.0015220700152207,0.03776683087027915,0.04304635761589404,0.02450229709035222,0.014106583072100314,0.0707395498392283,0.008103727714748784,0.020700636942675158,0.02287581699346405,0.011308562197092083,0.0192,0.015100671140939598,0.045454545454545456,0.017684887459807074,0.08108108108108109,0.0,0.02512562814070352,0.18092105263157895,0.06129032258064516,0.017377567140600316,0.011904761904761904,0.0016181229773462784,0.10365853658536585,0.04723127035830619,0.04416403785488959,0.0,0.061872909698996656,0.0032948929159802307,0.022364217252396165,0.005084745762711864,0.10048622366288493,0.12151067323481117,0.07590759075907591,0.031096563011456628,0.04404567699836868,0.07413249211356467,0.0,0.13249211356466878,0.023140495867768594,0.018456375838926176,0.001610305958132045,0.04552845528455285,0.15448504983388706,0.0512396694214876,0.0565149136577708,0.010362694300518135,0.022298456260720412,0.025466893039049237,0.11442786069651742,0.21417565485362094,0.004942339373970346,0.021241830065359478,0.07329842931937172,0.038461538461538464,0.028985507246376812,0.014634146341463415,0.041254125412541254,0.04567699836867863
2015,1,9,prevalence,0.0047169811320754715,0.0,0.0,0.003134796238244514,0.03577235772357724,0.0,0.04936305732484077,0.0015772870662460567,0.0,0.0,0.11591962905718702,0.0,0.04006410256410257,0.024509803921568627,0.017857142857142856,0.003316749585406302,0.03863987635239567,0.004724409448818898,0.009316770186335404,0.07107438016528926,0.040336134453781515,0.01353637901861252,0.0047169811320754715,0.03225806451612903,0.003048780487804878,0.006201550387596899,0.05612244897959184,0.01437699680511182,0.0,0.1389776357827476,0.0016286644951140066,0.05172413793103448,0.030894308943089432,0.016611295681063124,0.048589341692789965,0.0,0.019417475728155338,0.0,0.0,0.027642276422764227,0.03896103896103896,0.021311475409836064,0.001589825119236884,0.0015923566878980893,0.04153354632587859,0.018998272884283247,0.004709576138147566,0.0078003120124804995,0.0032414910858995136,0.048818897637795275,0.02364864864864865,0.0,0.03542673107890499,0.0112,0.06656101426307448,0.005016722408026756,0.03859060402684564,0.01001669449081803,0.003179650238473768,0.007936507936507936,0.054635761589403975,0.001594896331738437,0.023696682464454975,0.06688417618270799,0.3257328990228013,0.003169572107765452,0.012461059190031152,0.0,0.012903225806451613,0.04118616144975288,0.012678288431061807,0.06309148264984227,0.001589825119236884,0.014173228346456693,0.0,0.07401315789473684,0.001658374792703151,0.014308426073131956,0.029641185647425898,0.04390243902439024,0.043548387096774194,0.006211180124223602,0.024390243902439025,0.003134796238244514,0.06172839506172839,0.01901743264659271,0.006369426751592357,0.05196850393700787,0.017973856209150325,0.0015923566878980893,0.003236245954692557,0.03436988543371522,0.014754098360655738,0.008532423208191127,0.030744336569579287,0.024539877300613498,0.0944,0.032,0.009819967266775777,0.0033333333333333335,0.06788079470198675,0.0218408736349454,0.004862236628849271,0.1455160744500846,0.00644122383252818,0.09151414309484193,0.1035031847133758,0.06270096463022508,0.0642504118616145,0.04833333333333333,0.05873015873015873,0.23627287853577372,0.0030257186081694403,0.030405405405405407,0.0016611295681063123,0.04153354632587859,0.10810810810810811,0.011627906976744186,0.034071550255536626,0.04628099173553719,0.039938556067588324,0.04006677796327212,0.009202453987730062,0.032407407407407406,0.0125,0.06441717791411043,0.059967585089141004,0.09787928221859707,0.03225806451612903,0.06357388316151202,0.0,0.053691275167785234,0.0016638935108153079,0.01757188498402556,0.04262295081967213,0.018121911037891267,0.05956112852664577,0.03872053872053872,0.005008347245409015,0.19256756756756757,0.018302828618968387,0.09060955518945635,0.004694835680751174,0.05448717948717949,0.05815831987075929,0.0213089802130898,0.014150943396226415,0.03789126853377265,0.009950248756218905,0.012779552715654952,0.04612850082372323,0.009554140127388535,0.022727272727272728,0.03198653198653199,0.047021943573667714,0.019261637239165328,0.07898894154818326,0.001607717041800643,0.013050570962479609,0.12374581939799331,0.06796116504854369,0.007911392405063292,0.008090614886731391,0.0016,0.0995405819295559,0.027914614121510674,0.03599374021909233,0.0015772870662460567,0.05472636815920398,0.0052173913043478265,0.0128,0.010273972602739725,0.08609271523178808,0.11073825503355705,0.06957928802588997,0.019966722129783693,0.043478260869565216,0.06109324758842444,0.0016155088852988692,0.12418300653594772,0.030694668820678513,0.03442622950819672,0.0015625,0.049679487179487176,0.1465076660988075,0.030694668820678513,0.051908396946564885,0.013651877133105802,0.0472972972972973,0.028764805414551606,0.10562180579216354,0.1784037558685446,0.012698412698412698,0.014900662251655629,0.06937394247038917,0.02671118530884808,0.02526002971768202,0.011456628477905073,0.05333333333333334,0.046052631578947366
2016,1,9,prevalence,0.004878048780487805,0.0,0.0,0.0015552099533437014,0.04333868378812199,0.0016474464579901153,0.022328548644338118,0.001557632398753894,0.0,0.0,0.11598746081504702,0.0,0.035483870967741936,0.023608768971332208,0.018272425249169437,0.0016863406408094434,0.03387096774193549,0.0031397174254317113,0.009389671361502348,0.07223113964686999,0.022950819672131147,0.016611295681063124,0.0031397174254317113,0.03686635944700461,0.007668711656441718,0.012718600953895072,0.05042016806722689,0.01282051282051282,0.0015337423312883436,0.09763779527559055,0.0015873015873015873,0.07219662058371736,0.03770491803278689,0.01517706576728499,0.03949447077409163,0.001694915254237288,0.020700636942675158,0.0049833887043189366,0.0,0.013803680981595092,0.03257328990228013,0.02258064516129032,0.0016129032258064516,0.0,0.043343653250773995,0.01721170395869191,0.0015873015873015873,0.015552099533437015,0.006191950464396285,0.06535947712418301,0.040983606557377046,0.001610305958132045,0.0297029702970297,0.00967741935483871,0.047619047619047616,0.006644518272425249,0.02356902356902357,0.016366612111292964,0.003205128205128205,0.013311148086522463,0.07204116638078903,0.0,0.02336448598130841,0.05546492659053834,0.20880913539967375,0.0,0.013392857142857142,0.0,0.014516129032258065,0.045,0.007849293563579277,0.07020280811232449,0.0016,0.014263074484944533,0.0015772870662460567,0.05601317957166392,0.001669449081803005,0.021346469622331693,0.024539877300613498,0.044407894736842105,0.02875399361022364,0.007776049766718507,0.03111111111111111,0.0031446540880503146,0.05674846625766871,0.004830917874396135,0.01129032258064516,0.05331179321486268,0.01788617886178862,0.001584786053882726,0.003179650238473768,0.03668261562998405,0.0032626427406199023,0.005016722408026756,0.021487603305785124,0.036308623298033284,0.06309148264984227,0.022222222222222223,0.01485148514851485,0.003305785123966942,0.07431340872374798,0.02711323763955343,0.004746835443037975,0.15268456375838926,0.003305785123966942,0.12111292962356793,0.12125984251968504,0.05672609400324149,0.06634304207119741,0.036303630363036306,0.056782334384858045,0.15,0.0015174506828528073,0.016286644951140065,0.0016286644951140066,0.040584415584415584,0.06976744186046512,0.02113821138211382,0.027874564459930314,0.03877221324717286,0.04732824427480916,0.03424657534246575,0.009419152276295133,0.046948356807511735,0.012598425196850394,0.08087091757387248,0.03278688524590164,0.06991869918699187,0.025684931506849314,0.06129597197898424,0.0,0.04923599320882852,0.0016863406408094434,0.019261637239165328,0.04051863857374392,0.03076923076923077,0.04608294930875576,0.018121911037891267,0.01487603305785124,0.09531772575250837,0.022033898305084745,0.06919275123558484,0.001564945226917058,0.0707395498392283,0.03709949409780776,0.01854714064914992,0.009569377990430622,0.04597701149425287,0.028145695364238412,0.020634920634920634,0.03471074380165289,0.009389671361502348,0.021346469622331693,0.03270223752151463,0.02190923317683881,0.032467532467532464,0.09968847352024922,0.003194888178913738,0.011475409836065573,0.10902896081771721,0.04213938411669368,0.01579778830963665,0.006557377049180328,0.0016129032258064516,0.08580343213728549,0.03166666666666667,0.046104928457869634,0.0031847133757961785,0.039538714991762765,0.005154639175257732,0.021875,0.0068143100511073255,0.08250825082508251,0.10998307952622674,0.06341463414634146,0.028192371475953566,0.056179775280898875,0.07792207792207792,0.0016181229773462784,0.08809135399673736,0.016366612111292964,0.03198653198653199,0.006359300476947536,0.06549520766773163,0.14751286449399656,0.03333333333333333,0.03767660910518053,0.02218430034129693,0.03872053872053872,0.05537459283387622,0.10291595197255575,0.12286158631415241,0.013029315960912053,0.011686143572621035,0.044142614601018676,0.02847571189279732,0.041033434650455926,0.01751592356687898,0.05289256198347107,0.05211726384364821
2017,1,9,prevalence,0.004942339373970346,0.0,0.001584786053882726,0.0,0.08752025931928688,0.0016611295681063123,0.03870967741935484,0.0,0.0,0.0,0.08056872037914692,0.0,0.038338658146964855,0.023608768971332208,0.01938610662358643,0.0016420361247947454,0.023450586264656615,0.004545454545454545,0.007849293563579277,0.06301824212271974,0.03215434083601286,0.006535947712418301,0.0015408320493066256,0.03968253968253968,0.012012012012012012,0.01904761904761905,0.05396290050590219,0.011326860841423949,0.010526315789473684,0.09405940594059406,0.0015723270440251573,0.07874015748031496,0.038834951456310676,0.024958402662229616,0.026856240126382307,0.0033500837520938024,0.022187004754358162,0.0034129692832764505,0.0,0.007633587786259542,0.024232633279483037,0.027642276422764227,0.0,0.0,0.046583850931677016,0.019332161687170474,0.00315955766192733,0.0219435736677116,0.0046439628482972135,0.07371794871794872,0.046357615894039736,0.013050570962479609,0.03735144312393888,0.013050570962479609,0.03955696202531646,0.006711409395973154,0.015202702702702704,0.018779342723004695,0.0,0.013179571663920923,0.0851063829787234,0.0,0.04024767801857585,0.06393442622950819,0.11714770797962648,0.0015772870662460567,0.012030075187969926,0.0,0.017770597738287562,0.05237315875613748,0.00933125972006221,0.07923930269413629,0.001589825119236884,0.019138755980861243,0.0015151515151515152,0.03782894736842105,0.006329113924050633,0.032520325203252036,0.013910355486862442,0.057283142389525366,0.02694136291600634,0.015197568389057751,0.03177004538577912,0.003115264797507788,0.07120253164556962,0.01098901098901099,0.011272141706924315,0.0628099173553719,0.02073365231259968,0.0,0.0032102728731942215,0.03955696202531646,0.014705882352941176,0.0068143100511073255,0.04865771812080537,0.026706231454005934,0.06539074960127592,0.03821656050955414,0.029173419773095625,0.006482982171799027,0.064,0.03582554517133956,0.00792393026941363,0.13953488372093023,0.0032948929159802307,0.08848080133555926,0.11544715447154472,0.06885245901639345,0.061389337641357025,0.03827751196172249,0.07119741100323625,0.11980033277870217,0.0014947683109118087,0.00980392156862745,0.0015923566878980893,0.03215434083601286,0.04482225656877898,0.04590163934426229,0.03316749585406302,0.020155038759689922,0.03610675039246468,0.05067567567567568,0.01059001512859304,0.044444444444444446,0.02047244094488189,0.0655226209048362,0.02471169686985173,0.064891846921797,0.03035413153456998,0.048986486486486486,0.0,0.025210084033613446,0.0016366612111292963,0.025974025974025976,0.039538714991762765,0.01669449081803005,0.05972434915773354,0.02138157894736842,0.016474464579901153,0.06622516556291391,0.030252100840336135,0.06260296540362438,0.0015723270440251573,0.0565149136577708,0.03409090909090909,0.022257551669316374,0.011363636363636364,0.03927986906710311,0.0462046204620462,0.018779342723004695,0.027960526315789474,0.0243531202435312,0.006472491909385114,0.019672131147540985,0.024390243902439025,0.048939641109298535,0.10061919504643962,0.00980392156862745,0.024350649350649352,0.06890756302521009,0.0544,0.022222222222222223,0.006493506493506494,0.0015748031496062992,0.04159733777038269,0.028764805414551606,0.09538950715421304,0.004761904761904762,0.028846153846153848,0.013513513513513514,0.01607717041800643,0.003372681281618887,0.09149277688603531,0.0775716694772344,0.06129032258064516,0.029950083194675542,0.048701298701298704,0.07928802588996764,0.0016420361247947454,0.04522613065326633,0.04666666666666667,0.025252525252525252,0.004573170731707317,0.04019292604501608,0.13435374149659865,0.023734177215189875,0.045454545454545456,0.01340033500837521,0.03442622950819672,0.05357142857142857,0.05432937181663837,0.11297709923664122,0.014634146341463415,0.009708737864077669,0.04513888888888889,0.02555366269165247,0.0380952380952381,0.014285714285714285,0.03350083752093802,0.0695364238410596
2018,1,9,prevalence,0.004893964110929853,0.0,0.006211180124223602,0.0,0.09570957095709572,0.0,0.04654895666131621,0.0,0.0,0.0,0.03949447077409163,0.0,0.03645007923930269,0.03345070422535211,0.0219435736677116,0.0016501650165016502,0.025,0.004665629860031105,0.015748031496062992,0.0535405872193437,0.03426791277258567,0.008116883116883116,0.0,0.04409448818897638,0.006015037593984963,0.0128,0.07072368421052631,0.012861736334405145,0.014240506329113924,0.06477093206951026,0.001607717041800643,0.05956112852664577,0.03376205787781351,0.027597402597402596,0.014586709886547812,0.003418803418803419,0.025682182985553772,0.003395585738539898,0.0,0.012102874432677761,0.006379585326953748,0.03349282296650718,0.0015723270440251573,0.0,0.03987730061349693,0.015437392795883362,0.0016025641025641025,0.010852713178294573,0.01078582434514638,0.07266982622432859,0.040983606557377046,0.011235955056179775,0.02905982905982906,0.008333333333333333,0.03271028037383177,0.01011804384485666,0.025210084033613446,0.03245749613601236,0.0016286644951140066,0.017713365539452495,0.04838709677419355,0.0,0.030864197530864196,0.04241435562805873,0.0735042735042735,0.0016025641025641025,0.007575757575757576,0.0,0.018363939899833055,0.03125,0.021604938271604937,0.06317411402157165,0.001644736842105263,0.014173228346456693,0.0,0.033925686591276254,0.0016051364365971107,0.030944625407166124,0.01461038961038961,0.06765676567656766,0.02635658914728682,0.04400606980273141,0.03426791277258567,0.0,0.0625,0.006339144215530904,0.0192,0.048859934853420196,0.03571428571428571,0.0,0.003205128205128205,0.04409448818897638,0.018092105263157895,0.015100671140939598,0.04809286898839138,0.035114503816793895,0.06902086677367576,0.0297029702970297,0.02593192868719611,0.02106969205834684,0.08617886178861789,0.0380952380952381,0.021172638436482084,0.09849749582637729,0.0032520325203252032,0.0658578856152513,0.07741935483870968,0.06856187290969899,0.05845181674565561,0.0449438202247191,0.04258675078864353,0.08264462809917356,0.0,0.020440251572327043,0.0015873015873015873,0.03099510603588907,0.04081632653061224,0.026016260162601626,0.02054794520547945,0.018779342723004695,0.04272151898734177,0.04340567612687813,0.016516516516516516,0.027375201288244767,0.027287319422150885,0.06531881804043546,0.02159468438538206,0.043333333333333335,0.037096774193548385,0.06239460370994941,0.0,0.021885521885521887,0.0016233766233766235,0.017828200972447326,0.05032467532467533,0.013223140495867768,0.049766718506998445,0.011456628477905073,0.01631321370309951,0.04355108877721943,0.03209459459459459,0.08576051779935275,0.004746835443037975,0.057722308892355696,0.023510971786833857,0.03426791277258567,0.0065252854812398045,0.045454545454545456,0.04560810810810811,0.01757188498402556,0.04582651391162029,0.03003003003003003,0.009836065573770493,0.01680672268907563,0.030015797788309637,0.05211726384364821,0.06269113149847094,0.01529051987767584,0.034653465346534656,0.05172413793103448,0.06698564593301436,0.023961661341853034,0.0015923566878980893,0.0016129032258064516,0.05601317957166392,0.022727272727272728,0.08412698412698413,0.006289308176100629,0.02750809061488673,0.018425460636515914,0.017543859649122806,0.01309328968903437,0.07729468599033816,0.04931972789115646,0.03328050713153724,0.02348993288590604,0.0624,0.060221870047543584,0.0,0.03316749585406302,0.051666666666666666,0.025,0.007598784194528876,0.02996845425867508,0.10120068610634649,0.015432098765432098,0.05853658536585366,0.009966777408637873,0.022913256955810146,0.03114754098360656,0.042662116040955635,0.08553654743390357,0.028192371475953566,0.0032102728731942215,0.058319039451114926,0.024,0.022082018927444796,0.0124804992199688,0.036065573770491806,0.0781758957654723
2019,1,9,prevalence,0.0032102728731942215,0.0016366612111292963,0.009174311926605505,0.0,0.06493506493506493,0.0,0.048414023372287146,0.0015552099533437014,0.0,0.0,0.03685897435897436,0.0016339869281045752,0.02857142857142857,0.02413793103448276,0.020933977455716585,0.0,0.0333889816360601,0.009375,0.03164556962025317,0.05765765765765766,0.034161490683229816,0.014492753623188406,0.001557632398753894,0.04595879556259905,0.0015625,0.016051364365971106,0.05950413223140496,0.02768729641693811,0.023696682464454975,0.0672782874617737,0.001594896331738437,0.064,0.03420195439739414,0.01904761904761905,0.019704433497536946,0.0034129692832764505,0.017628205128205128,0.004862236628849271,0.0,0.01676829268292683,0.009569377990430622,0.0359375,0.006389776357827476,0.0,0.0282574568288854,0.022336769759450172,0.0016129032258064516,0.0031545741324921135,0.015698587127158554,0.060126582278481014,0.0438871473354232,0.014240506329113924,0.027823240589198037,0.009724473257698542,0.034375,0.00949367088607595,0.03880070546737213,0.02472952086553323,0.0,0.022727272727272728,0.04071661237785016,0.0,0.03828483920367534,0.01932367149758454,0.027303754266211604,0.006462035541195477,0.0106544901065449,0.0,0.011041009463722398,0.04100946372239748,0.024193548387096774,0.057057057057057055,0.0016474464579901153,0.013888888888888888,0.0,0.03255813953488372,0.0032310177705977385,0.0384,0.009375,0.04862236628849271,0.02332814930015552,0.0625,0.03669724770642202,0.0,0.05354330708661417,0.023510971786833857,0.03278688524590164,0.03588907014681892,0.049441786283891544,0.0,0.0032258064516129032,0.037267080745341616,0.014900662251655629,0.01592356687898089,0.05672609400324149,0.03453453453453453,0.056179775280898875,0.0392156862745098,0.04019292604501608,0.01740506329113924,0.07345575959933222,0.03442879499217527,0.019933554817275746,0.06610169491525424,0.003189792663476874,0.060658578856152515,0.05573770491803279,0.06711409395973154,0.05069124423963134,0.04654895666131621,0.0219435736677116,0.06633499170812604,0.0,0.015772870662460567,0.0016051364365971107,0.03553299492385787,0.05188679245283019,0.024793388429752067,0.021996615905245348,0.021505376344086023,0.027993779160186624,0.03247863247863248,0.0203125,0.0180623973727422,0.028145695364238412,0.06687402799377916,0.015306122448979591,0.026936026936026935,0.039936102236421724,0.05631399317406143,0.0032626427406199023,0.027777777777777776,0.0015625,0.024429967426710098,0.03577235772357724,0.009852216748768473,0.052795031055900624,0.013245033112582781,0.024469820554649267,0.03114754098360656,0.022033898305084745,0.08731466227347612,0.004885993485342019,0.05846153846153846,0.010852713178294573,0.025718608169440244,0.02138157894736842,0.046474358974358976,0.057971014492753624,0.01866251944012442,0.047619047619047616,0.019696969696969695,0.012944983818770227,0.02891156462585034,0.017107309486780714,0.04643449419568822,0.05514157973174367,0.015128593040847202,0.03870967741935484,0.05227655986509275,0.043478260869565216,0.038461538461538464,0.006349206349206349,0.011217948717948718,0.033112582781456956,0.024429967426710098,0.08917197452229299,0.011570247933884297,0.02768729641693811,0.012006861063464836,0.030721966205837174,0.016366612111292964,0.06687898089171974,0.043973941368078175,0.035541195476575124,0.01610305958132045,0.04285714285714286,0.03426791277258567,0.0,0.04355108877721943,0.04251700680272109,0.020066889632107024,0.004629629629629629,0.03599374021909233,0.05718954248366013,0.026729559748427674,0.05660377358490566,0.00631911532385466,0.026755852842809364,0.01487603305785124,0.03424657534246575,0.05750798722044728,0.0448,0.0,0.044407894736842105,0.021538461538461538,0.04297520661157025,0.012738853503184714,0.03349282296650718,0.04777070063694268
2020,1,9,prevalence,0.001557632398753894,0.001669449081803005,0.00778816199376947,0.0,0.04451510333863275,0.0,0.06420545746388442,0.0015384615384615385,0.0,0.0,0.05,0.001639344262295082,0.021666666666666667,0.03677758318739054,0.01597444089456869,0.0,0.03361344537815126,0.009389671361502348,0.06436420722135008,0.061371841155234655,0.039634146341463415,0.004754358161648178,0.0015723270440251573,0.027375201288244767,0.0016260162601626016,0.019639934533551555,0.051070840197693576,0.0463258785942492,0.03289473684210526,0.05757575757575758,0.001584786053882726,0.03896103896103896,0.04065040650406504,0.007961783439490446,0.04318936877076412,0.003389830508474576,0.027156549520766772,0.0047169811320754715,0.0,0.03215926493108729,0.01631321370309951,0.011111111111111112,0.008012820512820512,0.0016181229773462784,0.029595015576323987,0.04991680532445923,0.0,0.0046801872074883,0.018292682926829267,0.0744336569579288,0.032915360501567396,0.012403100775193798,0.014925373134328358,0.05073649754500818,0.05053598774885146,0.009419152276295133,0.029259896729776247,0.042105263157894736,0.0,0.02155887230514096,0.03588907014681892,0.0,0.018779342723004695,0.020967741935483872,0.02910958904109589,0.011725293132328308,0.02066772655007949,0.0,0.014900662251655629,0.041990668740279936,0.0210016155088853,0.060882800608828,0.0016666666666666668,0.023510971786833857,0.0,0.041935483870967745,0.0032258064516129032,0.04146730462519936,0.018604651162790697,0.024671052631578948,0.02321981424148607,0.06666666666666667,0.03110419906687403,0.0,0.03260869565217391,0.031201248049921998,0.024429967426710098,0.022690437601296597,0.05016181229773463,0.0,0.001610305958132045,0.028125,0.016420361247947456,0.008025682182985553,0.04983922829581994,0.041237113402061855,0.043973941368078175,0.03767123287671233,0.03980891719745223,0.017741935483870968,0.06591639871382636,0.04643962848297214,0.0165016501650165,0.03664921465968586,0.019230769230769232,0.05128205128205128,0.04376012965964344,0.07960199004975124,0.026687598116169546,0.054858934169279,0.030911901081916538,0.051580698835274545,0.0,0.025477707006369428,0.0015432098765432098,0.05098684210526316,0.04416403785488959,0.02773246329526917,0.03471074380165289,0.05819295558958652,0.04595879556259905,0.039655172413793106,0.00625,0.014802631578947368,0.022913256955810146,0.0546875,0.015625,0.017770597738287562,0.019877675840978593,0.050173010380622836,0.0016474464579901153,0.016260162601626018,0.0030911901081916537,0.022950819672131147,0.030694668820678513,0.0031645569620253164,0.022364217252396165,0.018363939899833055,0.024271844660194174,0.009630818619582664,0.021172638436482084,0.07846410684474124,0.004909983633387889,0.06717557251908397,0.006051437216338881,0.028831562974203338,0.02922077922077922,0.038338658146964855,0.06339144215530904,0.00641025641025641,0.06761006289308176,0.0076103500761035,0.01589825119236884,0.028523489932885907,0.010736196319018405,0.03801652892561983,0.05,0.015432098765432098,0.06158833063209076,0.04975124378109453,0.03820598006644518,0.032948929159802305,0.004885993485342019,0.02113821138211382,0.032534246575342464,0.024469820554649267,0.07062600321027288,0.01155115511551155,0.019736842105263157,0.011804384485666104,0.04552590266875981,0.017713365539452495,0.05977382875605816,0.0315955766192733,0.017828200972447326,0.024232633279483037,0.04503105590062112,0.020155038759689922,0.0016129032258064516,0.04697986577181208,0.037037037037037035,0.03523489932885906,0.0030627871362940277,0.022187004754358162,0.04433497536945813,0.014040561622464899,0.06482982171799027,0.01129032258064516,0.030254777070063694,0.02218430034129693,0.05,0.043478260869565216,0.045,0.014563106796116505,0.03189792663476874,0.015698587127158554,0.03826955074875208,0.025518341307814992,0.03727714748784441,0.049441786283891544
2021,1,9,prevalence,0.0,0.0016666666666666668,0.0032310177705977385,0.0,0.026771653543307086,0.0,0.07768595041322314,0.0,0.0,0.0,0.0681063122923588,0.0,0.011475409836065573,0.06408094435075885,0.01564945226917058,0.0,0.055077452667814115,0.007961783439490446,0.059375,0.04735883424408015,0.038109756097560975,0.004838709677419355,0.0015337423312883436,0.03367003367003367,0.0033112582781456954,0.03727714748784441,0.041025641025641026,0.01932367149758454,0.009302325581395349,0.05555555555555555,0.0,0.05627009646302251,0.0578125,0.004702194357366771,0.0448,0.003372681281618887,0.0141287284144427,0.004784688995215311,0.0,0.02276176024279211,0.023696682464454975,0.007763975155279503,0.00463678516228748,0.001610305958132045,0.024,0.05073649754500818,0.003189792663476874,0.00631911532385466,0.022556390977443608,0.09477124183006536,0.05345911949685535,0.01729559748427673,0.018803418803418803,0.0512,0.07350689127105667,0.011041009463722398,0.050761421319796954,0.03522205206738132,0.0,0.034653465346534656,0.024429967426710098,0.001524390243902439,0.0297339593114241,0.013289036544850499,0.038869257950530034,0.00819672131147541,0.024806201550387597,0.0,0.008025682182985553,0.04838709677419355,0.011456628477905073,0.06912442396313365,0.0034129692832764505,0.027950310559006212,0.0,0.03215434083601286,0.012698412698412698,0.03577235772357724,0.018404907975460124,0.014827018121911038,0.021806853582554516,0.07961783439490445,0.034482758620689655,0.0,0.05203252032520325,0.0421216848673947,0.02321724709784411,0.006369426751592357,0.07532051282051282,0.0,0.0016286644951140066,0.026687598116169546,0.008237232289950576,0.0015552099533437014,0.06902086677367576,0.032640949554896145,0.0660377358490566,0.04931972789115646,0.029780564263322883,0.01437699680511182,0.033707865168539325,0.08099688473520249,0.026143790849673203,0.026845637583892617,0.023961661341853034,0.05025996533795494,0.028616852146263912,0.1352253756260434,0.018808777429467086,0.0453125,0.03732503888024884,0.0959119496855346,0.0,0.05750798722044728,0.001564945226917058,0.05324459234608985,0.04186795491143317,0.03980099502487562,0.021172638436482084,0.08763693270735524,0.04234527687296417,0.044481054365733116,0.0015600624024961,0.019834710743801654,0.01957585644371941,0.05909797822706065,0.02443280977312391,0.006369426751592357,0.04633781763826607,0.04923599320882852,0.0016233766233766235,0.006339144215530904,0.001564945226917058,0.013245033112582781,0.025889967637540454,0.0049261083743842365,0.0182370820668693,0.026101141924959218,0.02511773940345369,0.011326860841423949,0.03389830508474576,0.08374384236453201,0.004966887417218543,0.06366459627329192,0.011869436201780416,0.014106583072100314,0.02773246329526917,0.06158833063209076,0.09235668789808917,0.0047169811320754715,0.05023547880690738,0.013138686131386862,0.020061728395061727,0.03664921465968586,0.013636363636363636,0.07167235494880546,0.06416275430359937,0.009316770186335404,0.09283387622149837,0.04700162074554295,0.039383561643835614,0.043478260869565216,0.009836065573770493,0.016286644951140065,0.019801980198019802,0.03184713375796178,0.06557377049180328,0.013333333333333334,0.0096,0.006666666666666667,0.04654895666131621,0.014657980456026058,0.047933884297520664,0.054838709677419356,0.03110419906687403,0.00825082508250825,0.02945736434108527,0.01740506329113924,0.001652892561983471,0.06666666666666667,0.036303630363036306,0.03814262023217247,0.0015408320493066256,0.0290519877675841,0.05354330708661417,0.019908116385911178,0.07049180327868852,0.015822784810126583,0.017543859649122806,0.01718213058419244,0.06020066889632107,0.044753086419753084,0.05555555555555555,0.031496062992125984,0.037096774193548385,0.012213740458015267,0.035653650254668934,0.0593900481540931,0.02086677367576244,0.038580246913580245
2022,1,9,prevalence,0.0,0.0016666666666666668,0.006462035541195477,0.0,0.03125,0.0,0.06333333333333334,0.0,0.0017094017094017094,0.0,0.128500823723229,0.0016233766233766235,0.011182108626198083,0.08798646362098139,0.01597444089456869,0.0017064846416382253,0.05115511551155116,0.007716049382716049,0.05745341614906832,0.06076388888888889,0.03389830508474576,0.0032414910858995136,0.004702194357366771,0.032590051457975985,0.0033003300330033004,0.04180064308681672,0.025380710659898477,0.019230769230769232,0.001584786053882726,0.05087440381558029,0.0,0.062193126022913256,0.09090909090909091,0.004815409309791332,0.09208400646203554,0.005042016806722689,0.01875,0.004777070063694267,0.0,0.0264797507788162,0.011111111111111112,0.004615384615384616,0.003076923076923077,0.0016207455429497568,0.03656597774244833,0.058823529411764705,0.008403361344537815,0.0046875,0.019969278033794162,0.0890302066772655,0.05825242718446602,0.017107309486780714,0.013311148086522463,0.08675078864353312,0.0779816513761468,0.007836990595611285,0.06239737274220033,0.023006134969325152,0.0,0.029411764705882353,0.028481012658227847,0.0015174506828528073,0.0374414976599064,0.01174496644295302,0.044169611307420496,0.0093603744149766,0.012578616352201259,0.0,0.00482315112540193,0.040498442367601244,0.024834437086092714,0.05384615384615385,0.0033500837520938024,0.01228878648233487,0.0,0.037037037037037035,0.007961783439490446,0.022435897435897436,0.011058451816745656,0.018092105263157895,0.026153846153846153,0.05787781350482315,0.03691813804173355,0.0,0.05454545454545454,0.028985507246376812,0.018272425249169437,0.008223684210526315,0.07568438003220612,0.0,0.0016129032258064516,0.025039123630672927,0.008333333333333333,0.0,0.053712480252764615,0.023703703703703703,0.07278481012658228,0.01517706576728499,0.03474320241691843,0.006153846153846154,0.030744336569579287,0.11213517665130568,0.03289473684210526,0.04318936877076412,0.02830188679245283,0.06164383561643835,0.02750809061488673,0.1605960264900662,0.03110419906687403,0.03779527559055118,0.037037037037037035,0.1480891719745223,0.0015772870662460567,0.05443234836702955,0.0015360983102918587,0.022071307300509338,0.040880503144654086,0.027960526315789474,0.05967741935483871,0.10393700787401575,0.021630615640599003,0.047619047619047616,0.0,0.017828200972447326,0.011400651465798045,0.08974358974358974,0.04835924006908463,0.003179650238473768,0.048513302034428794,0.06312292358803986,0.0,0.003194888178913738,0.0015503875968992248,0.00825082508250825,0.02336448598130841,0.004991680532445923,0.030864197530864196,0.039473684210526314,0.026438569206842923,0.0064,0.06435643564356436,0.08455284552845528,0.0033500837520938024,0.0625,0.013533834586466165,0.0031847133757961785,0.03015075376884422,0.09779179810725552,0.10615384615384615,0.00792393026941363,0.03453689167974882,0.03139013452914798,0.04113924050632911,0.042833607907743,0.00764525993883792,0.11947626841243862,0.055299539170506916,0.0030911901081916537,0.07855973813420622,0.06913183279742766,0.016778523489932886,0.033003300330033,0.003257328990228013,0.016474464579901153,0.02512562814070352,0.03079416531604538,0.05466237942122187,0.01669449081803005,0.01567398119122257,0.003418803418803419,0.055379746835443035,0.013008130081300813,0.05967741935483871,0.0624,0.012084592145015106,0.0049261083743842365,0.028125,0.012598425196850394,0.0016129032258064516,0.08108108108108109,0.030664395229982964,0.05672609400324149,0.0016207455429497568,0.019817073170731708,0.06635071090047394,0.03048780487804878,0.04612850082372323,0.0031201248049922,0.012678288431061807,0.020761245674740483,0.0791599353796446,0.049079754601226995,0.05149501661129568,0.035256410256410256,0.02531645569620253,0.008915304606240713,0.07692307692307693,0.0928,0.022508038585209004,0.05683563748079877
2023,1,9,prevalence,0.0,0.0,0.006379585326953748,0.0,0.04192546583850932,0.0,0.06389776357827476,0.0,0.001694915254237288,0.0016155088852988692,0.20521172638436483,0.003179650238473768,0.0031446540880503146,0.08823529411764706,0.02037617554858934,0.0033277870216306157,0.041254125412541254,0.007861635220125786,0.051696284329563816,0.06759098786828423,0.03296703296703297,0.0015625,0.00782472613458529,0.02910958904109589,0.004846526655896607,0.05090311986863711,0.011532125205930808,0.030694668820678513,0.0,0.06134969325153374,0.0,0.07872696817420435,0.07544378698224852,0.001610305958132045,0.10128617363344052,0.0050933786078098476,0.00794912559618442,0.0,0.0016155088852988692,0.0350609756097561,0.006420545746388443,0.007633587786259542,0.00463678516228748,0.0016129032258064516,0.04006410256410257,0.09724473257698542,0.007987220447284345,0.008051529790660225,0.020123839009287926,0.12091503267973856,0.0473186119873817,0.014423076923076924,0.010084033613445379,0.0832,0.050393700787401574,0.004761904761904762,0.06578947368421052,0.027314112291350532,0.0,0.022988505747126436,0.0436241610738255,0.0015337423312883436,0.05845181674565561,0.02037351443123939,0.07401032702237521,0.006389776357827476,0.00473186119873817,0.0,0.003115264797507788,0.04552590266875981,0.027642276422764227,0.0499219968798752,0.0016863406408094434,0.012364760432766615,0.0,0.027950310559006212,0.004651162790697674,0.014975041597337771,0.017432646592709985,0.014802631578947368,0.031201248049921998,0.0707395498392283,0.026578073089700997,0.0,0.05592105263157895,0.02768729641693811,0.01818181818181818,0.016611295681063124,0.07540983606557378,0.0,0.001584786053882726,0.029503105590062112,0.004934210526315789,0.0,0.0449438202247191,0.024096385542168676,0.0762987012987013,0.008431703204047217,0.046686746987951805,0.0030303030303030303,0.0467741935483871,0.11162790697674418,0.018151815181518153,0.036303630363036306,0.017027863777089782,0.06937394247038917,0.02,0.24358974358974358,0.04588607594936709,0.04376012965964344,0.04984423676012461,0.1685575364667747,0.004622496147919877,0.048818897637795275,0.001564945226917058,0.02321724709784411,0.042483660130718956,0.03896103896103896,0.07418856259659969,0.1371610845295056,0.028862478777589132,0.030497592295345103,0.0,0.022727272727272728,0.016233766233766232,0.10603588907014681,0.04308797127468582,0.0015015015015015015,0.08422664624808576,0.06199021207177814,0.0,0.0015503875968992248,0.0015748031496062992,0.015254237288135594,0.009615384615384616,0.00333889816360601,0.023961661341853034,0.03864734299516908,0.020155038759689922,0.007987220447284345,0.052202283849918436,0.10128617363344052,0.0,0.07530120481927711,0.0030816640986132513,0.004807692307692308,0.02773246329526917,0.1426332288401254,0.10987261146496816,0.004792332268370607,0.04643962848297214,0.029585798816568046,0.04897314375987362,0.04530201342281879,0.006201550387596899,0.15474209650582363,0.05384615384615385,0.003125,0.0673076923076923,0.16,0.008319467554076539,0.024469820554649267,0.003189792663476874,0.03727714748784441,0.029159519725557463,0.027823240589198037,0.05454545454545454,0.01818181818181818,0.023809523809523808,0.0032626427406199023,0.08580343213728549,0.01597444089456869,0.059967585089141004,0.06201550387596899,0.007541478129713424,0.001669449081803005,0.033950617283950615,0.01729559748427673,0.0015923566878980893,0.11241610738255034,0.03588907014681892,0.06591639871382636,0.0016207455429497568,0.03134796238244514,0.0876923076923077,0.02108433734939759,0.08493589743589744,0.007874015748031496,0.02197802197802198,0.008460236886632826,0.0514820592823713,0.033690658499234305,0.06578947368421052,0.03536977491961415,0.030015797788309637,0.0029585798816568047,0.10613598673300166,0.10429447852760736,0.009868421052631578,0.06156156156156156
2024,1,9,prevalence,0.0015552099533437014,0.0,0.006379585326953748,0.0,0.06984126984126984,0.0016806722689075631,0.07766990291262135,0.0,0.0016666666666666668,0.0016260162601626016,0.3847402597402597,0.0015822784810126582,0.001597444089456869,0.0944,0.03343949044585987,0.0,0.01680672268907563,0.011382113821138212,0.05055292259083728,0.06228373702422145,0.025039123630672927,0.001584786053882726,0.007874015748031496,0.011844331641285956,0.0016722408026755853,0.041050903119868636,0.014634146341463415,0.044407894736842105,0.0,0.08864696734059098,0.0,0.054635761589403975,0.10542168674698796,0.0032102728731942215,0.10217755443886097,0.005050505050505051,0.0031496062992125984,0.0015151515151515152,0.0064516129032258064,0.02050473186119874,0.008130081300813009,0.00916030534351145,0.0,0.0031847133757961785,0.037914691943127965,0.08620689655172414,0.015822784810126583,0.011382113821138212,0.012779552715654952,0.11993517017828201,0.055031446540880505,0.015873015873015872,0.0050933786078098476,0.05203252032520325,0.05714285714285714,0.0,0.07679738562091504,0.03881987577639751,0.0,0.02903225806451613,0.03896103896103896,0.0015060240963855422,0.05555555555555555,0.018425460636515914,0.0831889081455806,0.0031446540880503146,0.016025641025641024,0.0,0.00933125972006221,0.046153846153846156,0.0368,0.046948356807511735,0.0,0.017991004497751123,0.0,0.027777777777777776,0.0047169811320754715,0.006578947368421052,0.010903426791277258,0.012987012987012988,0.023006134969325152,0.11501597444089456,0.024077046548956663,0.0,0.05032467532467533,0.02671118530884808,0.008431703204047217,0.004878048780487805,0.06962025316455696,0.0,0.001564945226917058,0.026687598116169546,0.023333333333333334,0.0,0.05714285714285714,0.02616279069767442,0.09294871794871795,0.01549053356282272,0.05674846625766871,0.0030075187969924814,0.059602649006622516,0.1173780487804878,0.01951219512195122,0.08347245409015025,0.0218408736349454,0.07337883959044368,0.027777777777777776,0.26373626373626374,0.052132701421800945,0.055105348460291734,0.07511737089201878,0.22629969418960244,0.004724409448818898,0.043010752688172046,0.0015772870662460567,0.016474464579901153,0.044481054365733116,0.03262642740619902,0.10185185185185185,0.1532258064516129,0.023411371237458192,0.027552674230145867,0.003125,0.011217948717948718,0.01818181818181818,0.1035653650254669,0.05226480836236934,0.0015220700152207,0.0669710806697108,0.050243111831442464,0.0,0.0015772870662460567,0.0015552099533437014,0.01001669449081803,0.0048543689320388345,0.0016313213703099511,0.03262642740619902,0.035,0.01834862385321101,0.003246753246753247,0.0644122383252818,0.10194174757281553,0.0,0.11232449297971919,0.00463678516228748,0.0016313213703099511,0.032467532467532464,0.18,0.1271860095389507,0.006379585326953748,0.06046511627906977,0.057663125948406675,0.05787781350482315,0.04084967320261438,0.003134796238244514,0.1935483870967742,0.061224489795918366,0.004739336492890996,0.06739811912225706,0.214170692431562,0.003305785123966942,0.013266998341625208,0.0016474464579901153,0.019448946515397084,0.020477815699658702,0.017628205128205128,0.046822742474916385,0.016722408026755852,0.027656477438136828,0.00482315112540193,0.09105431309904154,0.012539184952978056,0.06462035541195477,0.05337519623233909,0.015197568389057751,0.0032258064516129032,0.03265940902021773,0.027156549520766772,0.0016339869281045752,0.1305785123966942,0.06969205834683954,0.09175738724727839,0.0,0.026687598116169546,0.10094637223974763,0.02047244094488189,0.09379968203497616,0.0046801872074883,0.019261637239165328,0.013422818791946308,0.05345911949685535,0.034055727554179564,0.1048252911813644,0.02254428341384863,0.056782334384858045,0.0014749262536873156,0.09731543624161074,0.10687022900763359,0.0032733224222585926,0.09422492401215805
2025,1,9,prevalence,0.0015527950310559005,0.0,0.003129890453834116,0.0,0.11717495987158909,0.0016233766233766235,0.09136212624584718,0.0,0.0016501650165016502,0.001594896331738437,0.4107744107744108,0.003179650238473768,0.0016420361247947454,0.07223113964686999,0.0265210608424337,0.0,0.022653721682847898,0.00980392156862745,0.03937007874015748,0.07570422535211267,0.0144,0.0,0.003179650238473768,0.015126050420168067,0.0016835016835016834,0.051364365971107544,0.01620745542949757,0.04311774461028192,0.0,0.1148036253776435,0.0016051364365971107,0.040955631399317405,0.1273006134969325,0.006299212598425197,0.0929853181076672,0.004878048780487805,0.003316749585406302,0.0014970059880239522,0.0032520325203252032,0.00792393026941363,0.01282051282051282,0.012658227848101266,0.0,0.004893964110929853,0.05872756933115824,0.06811145510835913,0.012519561815336464,0.017713365539452495,0.016420361247947456,0.1408,0.06919275123558484,0.030110935023771792,0.003355704697986577,0.0641025641025641,0.041050903119868636,0.0,0.09516129032258064,0.03543913713405239,0.0015723270440251573,0.025039123630672927,0.024193548387096774,0.0015220700152207,0.060955518945634266,0.023450586264656615,0.12798634812286688,0.0031645569620253164,0.014754098360655738,0.0,0.014106583072100314,0.058823529411764705,0.0463258785942492,0.04496124031007752,0.001658374792703151,0.023006134969325152,0.0,0.01866251944012442,0.015625,0.00819672131147541,0.03048780487804878,0.014657980456026058,0.04084720121028744,0.11867088607594936,0.023510971786833857,0.003367003367003367,0.01951219512195122,0.022913256955810146,0.008375209380234505,0.01564945226917058,0.06944444444444445,0.0,0.0015772870662460567,0.0463258785942492,0.013179571663920923,0.0,0.08845577211394302,0.02335766423357664,0.08957654723127036,0.013490725126475547,0.08141321044546851,0.0015337423312883436,0.06856187290969899,0.11009174311926606,0.00974025974025974,0.09274873524451939,0.03215926493108729,0.08952702702702703,0.03934426229508197,0.23444976076555024,0.08538587848932677,0.06570512820512821,0.0660377358490566,0.26595744680851063,0.0048,0.03134796238244514,0.001594896331738437,0.024671052631578948,0.05813953488372093,0.02847571189279732,0.11801242236024845,0.1737012987012987,0.05442176870748299,0.023809523809523808,0.0030441400304414,0.02197802197802198,0.008090614886731391,0.10067114093959731,0.0547945205479452,0.0015600624024961,0.06396255850234009,0.0713128038897893,0.0,0.0015408320493066256,0.0015432098765432098,0.008156606851549755,0.0112,0.0,0.02003338898163606,0.036544850498338874,0.025,0.0,0.078125,0.12790697674418605,0.0,0.10862619808306709,0.006172839506172839,0.0,0.040310077519379844,0.22848200312989045,0.1480891719745223,0.001594896331738437,0.060882800608828,0.07704160246533127,0.061611374407582936,0.030497592295345103,0.0016025641025641025,0.2334384858044164,0.0878594249201278,0.004784688995215311,0.081377151799687,0.2532894736842105,0.0016155088852988692,0.006535947712418301,0.0016260162601626016,0.019448946515397084,0.03367003367003367,0.024311183144246355,0.07479674796747968,0.01485148514851485,0.037091988130563795,0.0016051364365971107,0.10551181102362205,0.014925373134328358,0.04340836012861737,0.06471494607087827,0.02909647779479326,0.0,0.0352760736196319,0.0234375,0.0016666666666666668,0.15865384615384615,0.11234177215189874,0.10030864197530864,0.0,0.018838304552590265,0.1043872919818457,0.01726844583987441,0.08780487804878048,0.009287925696594427,0.02702702702702703,0.01867572156196944,0.08695652173913043,0.03894080996884735,0.1008,0.026402640264026403,0.06482982171799027,0.007385524372230428,0.08038585209003216,0.1362940275650842,0.001697792869269949,0.1276595744680851
