Time,age_start,age_end,measure,draw_0,draw_1,draw_2,draw_3,draw_4,draw_5,draw_6,draw_7,draw_8,draw_9,draw_10,draw_11,draw_12,draw_13,draw_14,draw_15,draw_16,draw_17,draw_18,draw_19,draw_20,draw_21,draw_22,draw_23,draw_24,draw_25,draw_26,draw_27,draw_28,draw_29,draw_30,draw_31,draw_32,draw_33,draw_34,draw_35,draw_36,draw_37,draw_38,draw_39,draw_40,draw_41,draw_42,draw_43,draw_44,draw_45,draw_46,draw_47,draw_48,draw_49,draw_50,draw_51,draw_52,draw_53,draw_54,draw_55,draw_56,draw_57,draw_58,draw_59,draw_60,draw_61,draw_62,draw_63,draw_64,draw_65,draw_66,draw_67,draw_68,draw_69,draw_70,draw_71,draw_72,draw_73,draw_74,draw_75,draw_76,draw_77,draw_78,draw_79,draw_80,draw_81,draw_82,draw_83,draw_84,draw_85,draw_86,draw_87,draw_88,draw_89,draw_90,draw_91,draw_92,draw_93,draw_94,draw_95,draw_96,draw_97,draw_98,draw_99,draw_100,draw_101,draw_102,draw_103,draw_104,draw_105,draw_106,draw_107,draw_108,draw_109,draw_110,draw_111,draw_112,draw_113,draw_114,draw_115,draw_116,draw_117,draw_118,draw_119,draw_120,draw_121,draw_122,draw_123,draw_124,draw_125,draw_126,draw_127,draw_128,draw_129,draw_130,draw_131,draw_132,draw_133,draw_134,draw_135,draw_136,draw_137,draw_138,draw_139,draw_140,draw_141,draw_142,draw_143,draw_144,draw_145,draw_146,draw_147,draw_148,draw_149,draw_150,draw_151,draw_152,draw_153,draw_154,draw_155,draw_156,draw_157,draw_158,draw_159,draw_160,draw_161,draw_162,draw_163,draw_164,draw_165,draw_166,draw_167,draw_168,draw_169,draw_170,draw_171,draw_172,draw_173,draw_174,draw_175,draw_176,draw_177,draw_178,draw_179,draw_180,draw_181,draw_182,draw_183,draw_184,draw_185,draw_186,draw_187,draw_188,draw_189,draw_190,draw_191,draw_192,draw_193,draw_194,draw_195,draw_196,draw_197,draw_198,draw_199
1996,1,9,prevalence,0.17418351477449456,0.27813504823151125,0.08997050147492626,0.23736600306278713,0.14465408805031446,0.26257861635220126,0.1767515923566879,0.1059190031152648,0.16859504132231404,0.09486780715396578,0.13260530421216848,0.13260530421216848,0.2088607594936709,0.33996937212863704,0.1875,0.28444444444444444,0.22720247295208656,0.3021897810218978,0.21169036334913113,0.2882882882882883,0.16793893129770993,0.22238372093023256,0.1059190031152648,0.20408163265306123,0.18789808917197454,0.15683229813664595,0.2859259259259259,0.2687022900763359,0.1921875,0.17601246105919002,0.1774960380348653,0.1779935275080906,0.2625,0.13700787401574804,0.20485584218512898,0.23993558776167473,0.001639344262295082,0.288135593220339,0.18981481481481483,0.2845394736842105,0.28716216216216217,0.1404833836858006,0.0928,0.21316614420062696,0.16876971608832808,0.1488,0.1653290529695024,0.20373250388802489,0.19230769230769232,0.13405238828967642,0.305993690851735,0.2126984126984127,0.31210191082802546,0.13388429752066117,0.16559485530546625,0.12741935483870967,0.19457013574660634,0.24018126888217523,0.20717781402936378,0.22435897435897437,0.12096774193548387,0.13747954173486088,0.15673981191222572,0.33073322932917315,0.26015037593984963,0.16336633663366337,0.0713128038897893,0.22909698996655517,0.2635542168674699,0.10031347962382445,0.13010590015128592,0.023769100169779286,0.1292834890965732,0.176759410801964,0.13897280966767372,0.11038961038961038,0.12353923205342238,0.20121028744326777,0.1321656050955414,0.1137370753323486,0.1523076923076923,0.27980922098569155,0.11773940345368916,0.07186544342507645,0.10371517027863777,0.18506998444790046,0.001557632398753894,0.21085271317829457,0.23266563944530047,0.14143094841930118,0.19547657512116318,0.1926751592356688,0.26666666666666666,0.24342105263157895,0.16614906832298137,0.33746130030959753,0.09911242603550297,0.12238805970149254,0.2082670906200318,0.24242424242424243,0.09584664536741214,0.1713810316139767,0.18110236220472442,0.15245901639344261,0.21987951807228914,0.17065390749601275,0.10301109350237718,0.18960244648318042,0.25722543352601157,0.2575039494470774,0.18064516129032257,0.2076923076923077,0.15953947368421054,0.2225859247135843,0.15396578538102643,0.2273449920508744,0.10452418096723869,0.3274760383386581,0.2850609756097561,0.1971631205673759,0.18731117824773413,0.11513157894736842,0.141321044546851,0.003372681281618887,0.003372681281618887,0.15492957746478872,0.21019108280254778,0.18719211822660098,0.16611842105263158,0.09447674418604651,0.3716535433070866,0.16260162601626016,0.2786885245901639,0.1050080775444265,0.1791044776119403,0.15213946117274169,0.12183544303797468,0.15409309791332262,0.1498422712933754,0.16996699669966997,0.11677631578947369,0.20497803806734993,0.2780337941628264,0.1901081916537867,0.07606973058637084,0.1437308868501529,0.20352564102564102,0.20958083832335328,0.06655844155844155,0.16031746031746033,0.12444444444444444,0.20588235294117646,0.09206349206349207,0.18433179723502305,0.2175925925925926,0.21153846153846154,0.1971153846153846,0.05683563748079877,0.08892617449664429,0.1490015360983103,0.12631578947368421,0.17377567140600317,0.06656101426307448,0.001584786053882726,0.18578352180936994,0.15052160953800298,0.25299401197604793,0.1809672386895476,0.05492730210016155,0.05492730210016155,0.11856474258970359,0.10051107325383304,0.17519379844961241,0.0,0.11811023622047244,0.13500784929356358,0.19282511210762332,0.019801980198019802,0.1269296740994854,0.10420168067226891,0.1541038525963149,0.11074918566775244,0.13333333333333333,0.1265164644714038,0.21726618705035972,0.22650231124807396,0.025437201907790145,0.22966507177033493,0.22948073701842547,0.12887438825448613,0.15091210613598674,0.15673981191222572,0.11018363939899833,0.08333333333333333,0.18449612403100776,0.18449612403100776,0.2033132530120482,0.15161290322580645,0.12748344370860928,0.1680129240710824
1997,1,9,prevalence,0.15604026845637584,0.3055555555555556,0.06666666666666667,0.2567783094098884,0.19101123595505617,0.3548387096774194,0.17647058823529413,0.16748768472906403,0.13263525305410123,0.10685805422647528,0.11147540983606558,0.11147540983606558,0.2581699346405229,0.2861685214626391,0.24398073836276082,0.2570480928689884,0.3150242326332795,0.2962962962962963,0.20404721753794267,0.33798449612403103,0.2396825396825397,0.27607361963190186,0.1696,0.17627677100494235,0.12,0.11935483870967742,0.30781010719754975,0.2453125,0.14754098360655737,0.128125,0.2003257328990228,0.2084006462035541,0.2358642972536349,0.14959349593495935,0.16065573770491803,0.2533112582781457,0.001697792869269949,0.25709779179810727,0.19162640901771336,0.32323232323232326,0.3089983022071307,0.18641390205371247,0.10766721044045677,0.2896440129449838,0.14357262103505844,0.1400329489291598,0.15746753246753248,0.18571428571428572,0.15689655172413794,0.15615141955835962,0.3295081967213115,0.19934640522875818,0.38283828382838286,0.1680960548885077,0.17428087986463622,0.16156462585034015,0.23127035830618892,0.2962962962962963,0.27938671209540034,0.23833333333333334,0.15736040609137056,0.16279069767441862,0.12401883830455258,0.2560777957860616,0.2626582278481013,0.22013651877133106,0.13804173354735153,0.23235800344234078,0.29457364341085274,0.19249592169657423,0.1627172195892575,0.012589928057553957,0.13099041533546327,0.2654424040066778,0.15757575757575756,0.14710743801652892,0.1271186440677966,0.1935483870967742,0.1404109589041096,0.147239263803681,0.15121951219512195,0.2570480928689884,0.15384615384615385,0.08024691358024691,0.14626391096979333,0.19173553719008266,0.001644736842105263,0.15806988352745424,0.224,0.1563573883161512,0.2706270627062706,0.15485996705107083,0.1895424836601307,0.16472545757071547,0.1719242902208202,0.41033925686591277,0.14592933947772657,0.20833333333333334,0.14332784184514002,0.36973478939157567,0.1187800963081862,0.21864406779661016,0.1828665568369028,0.13321799307958476,0.3167701863354037,0.14593698175787728,0.11371237458193979,0.2286158631415241,0.2981651376146789,0.2558139534883721,0.14666666666666667,0.26461038961038963,0.12903225806451613,0.24958402662229617,0.13765822784810128,0.21818181818181817,0.11424100156494522,0.2545454545454545,0.3140096618357488,0.17787742899850523,0.29245283018867924,0.1423785594639866,0.1486697965571205,0.0034662045060658577,0.0034662045060658577,0.13517915309446255,0.2605042016806723,0.2538860103626943,0.1695205479452055,0.10599078341013825,0.3192868719611021,0.2227891156462585,0.20552147239263804,0.17089678510998307,0.18904593639575973,0.17014446227929375,0.11467116357504216,0.1510673234811166,0.16474464579901152,0.17755443886097153,0.08333333333333333,0.21171171171171171,0.15822784810126583,0.2082695252679939,0.09256198347107437,0.19751166407465007,0.2624,0.25462962962962965,0.05509181969949917,0.1686541737649063,0.1238390092879257,0.1825657894736842,0.08605851979345955,0.23427672955974843,0.23778501628664495,0.23307086614173228,0.16666666666666666,0.06655844155844155,0.08844765342960288,0.15544871794871795,0.14728682170542637,0.2470978441127695,0.06873977086743044,0.0017064846416382253,0.1945392491467577,0.2169811320754717,0.26580226904376014,0.1958266452648475,0.05186385737439222,0.05186385737439222,0.13141025641025642,0.1267361111111111,0.15064102564102563,0.0,0.10476190476190476,0.15728476821192053,0.20376175548589343,0.029605263157894735,0.11754684838160136,0.070446735395189,0.15604026845637584,0.21428571428571427,0.19718309859154928,0.16055846422338568,0.26100151745068284,0.29147286821705426,0.025684931506849314,0.2625607779578606,0.2824156305506217,0.11544991511035653,0.20454545454545456,0.14790996784565916,0.1035653650254669,0.087248322147651,0.14724919093851133,0.14724919093851133,0.21221864951768488,0.1478405315614618,0.09882747068676717,0.19063545150501673
1998,1,9,prevalence,0.12562814070351758,0.2988691437802908,0.06984126984126984,0.32137030995106036,0.25,0.3167202572347267,0.18053097345132743,0.2138047138047138,0.1853146853146853,0.09225700164744646,0.15772357723577235,0.15772357723577235,0.31794871794871793,0.2132921174652241,0.2833333333333333,0.24013157894736842,0.3088235294117647,0.2567783094098884,0.19262981574539365,0.34961832061068704,0.24110032362459546,0.27216174183514774,0.2435483870967742,0.19899665551839466,0.15508885298869143,0.12195121951219512,0.2640625,0.21875,0.15525876460767946,0.09627329192546584,0.17045454545454544,0.2562814070351759,0.2539936102236422,0.1515625,0.1147011308562197,0.2365415986949429,0.0017094017094017094,0.2630744849445325,0.21287128712871287,0.2934426229508197,0.29372937293729373,0.1943127962085308,0.13598673300165837,0.2761437908496732,0.22186495176848875,0.17170111287758347,0.14143094841930118,0.20621931260229132,0.15806988352745424,0.19659442724458204,0.2617124394184168,0.1824,0.411371237458194,0.266553480475382,0.29711375212224106,0.16638655462184873,0.22653721682847897,0.2993527508090615,0.2713310580204778,0.2508250825082508,0.16013071895424835,0.2691029900332226,0.14862681744749595,0.2775974025974026,0.2220472440944882,0.1939799331103679,0.1652754590984975,0.2391304347826087,0.23547880690737832,0.2478920741989882,0.16174183514774496,0.0017761989342806395,0.20336391437308868,0.2889983579638752,0.15572519083969466,0.20032840722495895,0.1352253756260434,0.1953125,0.19250425894378195,0.23113207547169812,0.24058919803600654,0.24664429530201343,0.15435139573070608,0.08823529411764706,0.24401913875598086,0.16306156405990016,0.009950248756218905,0.18543046357615894,0.18935837245696402,0.18493150684931506,0.26677852348993286,0.2233169129720854,0.1461038961038961,0.15692821368948248,0.130298273155416,0.30198019801980197,0.14969135802469136,0.2828125,0.10983606557377049,0.35046728971962615,0.15867768595041323,0.26436781609195403,0.12057877813504823,0.14411247803163443,0.3236641221374046,0.22278056951423786,0.11677631578947369,0.2082018927444795,0.23692307692307693,0.23460898502495842,0.18657937806873978,0.32018927444794953,0.19763513513513514,0.2059800664451827,0.14910858995137763,0.2108843537414966,0.10138248847926268,0.1986863711001642,0.27049180327868855,0.18385650224215247,0.39589905362776023,0.15397350993377484,0.15047021943573669,0.00333889816360601,0.00333889816360601,0.14009661835748793,0.23941368078175895,0.23429541595925296,0.2020033388981636,0.1111111111111111,0.24793388429752067,0.28169014084507044,0.18691588785046728,0.22895622895622897,0.1773049645390071,0.1880064829821718,0.12908777969018934,0.1825657894736842,0.21884984025559107,0.1996615905245347,0.09983633387888707,0.24808575803981622,0.09238249594813615,0.1645367412140575,0.08809135399673736,0.28502415458937197,0.2859504132231405,0.27675840978593275,0.05199306759098787,0.16753022452504318,0.1410459587955626,0.22098569157392686,0.10304054054054054,0.29449838187702265,0.23786407766990292,0.23839009287925697,0.14597315436241612,0.11390284757118928,0.08561020036429873,0.17886178861788618,0.1732283464566929,0.22512234910277323,0.11754966887417219,0.003189792663476874,0.24615384615384617,0.18700475435816163,0.2535885167464115,0.16366612111292964,0.08974358974358974,0.08974358974358974,0.14756671899529042,0.18845500848896435,0.1373534338358459,0.0,0.11858974358974358,0.19283276450511946,0.2546875,0.024671052631578948,0.12157534246575342,0.054514480408858604,0.16612377850162866,0.2677966101694915,0.25274725274725274,0.23737373737373738,0.22356495468277945,0.25038880248833595,0.03620689655172414,0.28639240506329117,0.3333333333333333,0.08762886597938144,0.26986754966887416,0.15569823434991975,0.1234991423670669,0.12271973466003316,0.11980830670926518,0.11980830670926518,0.1779935275080906,0.18135593220338983,0.11869918699186992,0.1834710743801653
1999,1,9,prevalence,0.1703204047217538,0.29421487603305785,0.08012326656394453,0.32894736842105265,0.2783333333333333,0.268370607028754,0.2058319039451115,0.2697594501718213,0.2191780821917808,0.11258278145695365,0.22804054054054054,0.22804054054054054,0.252129471890971,0.2792511700468019,0.3490725126475548,0.20853858784893267,0.2988691437802908,0.19286871961102106,0.16723549488054607,0.2343032159264931,0.21207177814029363,0.3013698630136986,0.24466338259441708,0.17495711835334476,0.19743178170144463,0.08866995073891626,0.1896551724137931,0.1808,0.18781725888324874,0.054313099041533544,0.1685761047463175,0.22203947368421054,0.1891025641025641,0.1848341232227488,0.12721417069243157,0.26480263157894735,0.0,0.2702702702702703,0.2976588628762542,0.2754098360655738,0.21644295302013422,0.18829113924050633,0.26495726495726496,0.2448,0.22483221476510068,0.19093851132686085,0.17744610281923714,0.1721311475409836,0.16333333333333333,0.3211009174311927,0.17703349282296652,0.1650326797385621,0.3457792207792208,0.23597359735973597,0.3239202657807309,0.2197986577181208,0.18441971383147854,0.27377049180327867,0.2440273037542662,0.27871621621621623,0.18136439267886856,0.3092948717948718,0.171334431630972,0.20711974110032363,0.24564183835182252,0.1969178082191781,0.22727272727272727,0.2462809917355372,0.20508744038155802,0.23310810810810811,0.16666666666666666,0.0,0.21684867394695787,0.26666666666666666,0.18495297805642633,0.2881646655231561,0.1605351170568562,0.18195956454121306,0.2063758389261745,0.25477707006369427,0.36816720257234725,0.21644295302013422,0.20234113712374582,0.11145510835913312,0.326984126984127,0.16420361247947454,0.026936026936026935,0.11853088480801335,0.13798449612403102,0.1781305114638448,0.24242424242424243,0.16033057851239668,0.19736842105263158,0.15307820299500832,0.13353566009104703,0.24915254237288137,0.15070643642072212,0.32547169811320753,0.13643926788685523,0.28858024691358025,0.22167487684729065,0.24666666666666667,0.10685805422647528,0.17900172117039587,0.290625,0.21568627450980393,0.11993243243243243,0.1953125,0.16535433070866143,0.20915032679738563,0.20394736842105263,0.2480127186009539,0.2915951972555746,0.15294117647058825,0.12721417069243157,0.218213058419244,0.11442006269592477,0.24193548387096775,0.20616883116883117,0.16138328530259366,0.27070063694267515,0.14403973509933773,0.2082670906200318,0.0016420361247947454,0.0016420361247947454,0.16613418530351437,0.15175718849840256,0.255700325732899,0.21895424836601307,0.10031847133757962,0.17637540453074432,0.29233511586452765,0.2,0.2303839732888147,0.16608996539792387,0.24367088607594936,0.18319327731092436,0.23237179487179488,0.22022838499184338,0.27364864864864863,0.10032894736842106,0.2618343195266272,0.05211726384364821,0.2294022617124394,0.054276315789473686,0.2731707317073171,0.22468354430379747,0.3,0.03103448275862069,0.17043478260869566,0.14123376623376624,0.2384,0.13366336633663367,0.3284552845528455,0.2559618441971383,0.26791277258566976,0.12040133779264214,0.15780730897009967,0.10405643738977072,0.26282051282051283,0.1891025641025641,0.18810289389067525,0.11513157894736842,0.0016611295681063123,0.24957264957264957,0.21578099838969403,0.19298245614035087,0.1842948717948718,0.09105180533751962,0.09105180533751962,0.1609907120743034,0.24067796610169492,0.16556291390728478,0.0,0.13504823151125403,0.25689655172413794,0.24440894568690097,0.016051364365971106,0.16298811544991512,0.03666666666666667,0.2525083612040134,0.3055555555555556,0.2407108239095315,0.25287356321839083,0.19129082426127528,0.18619582664526485,0.029159519725557463,0.39191290824261277,0.305982905982906,0.08747855917667238,0.34330708661417325,0.16908212560386474,0.17483660130718953,0.1554054054054054,0.09888357256778309,0.09888357256778309,0.15875613747954173,0.224283305227656,0.1634304207119741,0.2538860103626943
2000,1,9,prevalence,0.19833333333333333,0.24040066777963273,0.07266982622432859,0.2703583061889251,0.4040066777963272,0.18269230769230768,0.2134453781512605,0.31270903010033446,0.2345890410958904,0.0707395498392283,0.3017241379310345,0.3017241379310345,0.22259696458684655,0.3318042813455658,0.30675909878682844,0.21368948247078465,0.2687296416938111,0.11041009463722397,0.19439868204283361,0.23197492163009403,0.18381112984822934,0.29515418502202645,0.2847682119205298,0.11129568106312292,0.18312101910828024,0.10016155088852989,0.2115987460815047,0.15658914728682172,0.21269296740994853,0.05448717948717949,0.20603015075376885,0.20443740095087162,0.13343799058084774,0.17936507936507937,0.13225806451612904,0.23027375201288244,0.0,0.2559880239520958,0.3563025210084034,0.27184466019417475,0.21160409556313994,0.21904761904761905,0.41509433962264153,0.20678513731825526,0.24713584288052373,0.19001610305958133,0.20439189189189189,0.1320450885668277,0.3159722222222222,0.3359872611464968,0.24121405750798722,0.1859706362153344,0.2934426229508197,0.31864406779661014,0.29187396351575456,0.27666666666666667,0.12357723577235773,0.20938023450586266,0.18983050847457628,0.25125628140703515,0.2257001647446458,0.3037974683544304,0.24013157894736842,0.23397435897435898,0.34022257551669316,0.13667820069204153,0.38127090301003347,0.20611916264090177,0.14910858995137763,0.17406143344709898,0.16537867078825347,0.0,0.24294670846394983,0.27053140096618356,0.1568,0.3055091819699499,0.22422258592471359,0.2153846153846154,0.20166666666666666,0.26391096979332274,0.313915857605178,0.19669421487603306,0.2864493996569468,0.23628048780487804,0.3153724247226624,0.14724919093851133,0.05245346869712352,0.14858096828046743,0.13488372093023257,0.20458553791887124,0.21150592216582065,0.14735099337748345,0.23548387096774193,0.1447811447811448,0.15821812596006143,0.2398042414355628,0.19365079365079366,0.2579113924050633,0.18578352180936994,0.24050632911392406,0.23228995057660626,0.23076923076923078,0.16233766233766234,0.3064516129032258,0.19631901840490798,0.21951219512195122,0.18585526315789475,0.23885350318471338,0.15508885298869143,0.17936507936507937,0.16828478964401294,0.24757281553398058,0.24955436720142601,0.16422764227642275,0.1188118811881188,0.2605633802816901,0.09472049689440994,0.22112211221122113,0.15457413249211358,0.1678832116788321,0.18788819875776397,0.1478405315614618,0.2543720190779014,0.0,0.0,0.17258064516129032,0.11774193548387096,0.2182741116751269,0.21153846153846154,0.09886547811993517,0.17073170731707318,0.3118466898954704,0.1473851030110935,0.2785234899328859,0.17406143344709898,0.28726708074534163,0.19430485762144054,0.2944,0.18536585365853658,0.32,0.04498269896193772,0.24889543446244478,0.03764320785597381,0.2,0.05492730210016155,0.21844660194174756,0.22698412698412698,0.25396825396825395,0.06968641114982578,0.12864493996569468,0.1926163723916533,0.1926163723916533,0.20065789473684212,0.21221864951768488,0.21571648690292758,0.2689873417721519,0.11452991452991453,0.2391653290529695,0.2027491408934708,0.2698907956318253,0.1901743264659271,0.24671052631578946,0.19682539682539682,0.0016155088852988692,0.23424878836833601,0.216,0.21792890262751158,0.19801980198019803,0.12179487179487179,0.12179487179487179,0.15619967793880837,0.25493421052631576,0.125,0.001669449081803005,0.1536,0.24573378839590443,0.24429967426710097,0.00641025641025641,0.2692307692307692,0.04020100502512563,0.2591362126245847,0.2618629173989455,0.281198003327787,0.21859706362153344,0.16998468606431852,0.18309859154929578,0.016863406408094434,0.35173501577287064,0.2635024549918167,0.08376068376068375,0.3678516228748068,0.1848184818481848,0.22259696458684655,0.16783216783216784,0.1497584541062802,0.1497584541062802,0.15284552845528454,0.1763668430335097,0.19803600654664485,0.27902946273830154
2001,1,9,prevalence,0.24869565217391304,0.1812191103789127,0.03864734299516908,0.24290220820189273,0.25496688741721857,0.1594896331738437,0.25259515570934254,0.2847457627118644,0.22033898305084745,0.05984251968503937,0.3637873754152824,0.3637873754152824,0.1546572934973638,0.33280757097791797,0.2786596119929453,0.24382207578253706,0.21677215189873417,0.09477124183006536,0.21231766612641814,0.21350078492935637,0.14789915966386555,0.35179640718562877,0.2805872756933116,0.08346972176759411,0.18739635157545606,0.08012820512820513,0.23348694316436253,0.1746031746031746,0.2019704433497537,0.07062600321027288,0.20926517571884984,0.22009569377990432,0.1497584541062802,0.26666666666666666,0.2602965403624382,0.20537124802527645,0.0,0.32628398791540786,0.2991596638655462,0.3107890499194847,0.19800332778702162,0.2375601926163724,0.423728813559322,0.1970684039087948,0.19767441860465115,0.22257551669316375,0.3144758735440932,0.13432835820895522,0.4154351395730706,0.3328100470957614,0.2942122186495177,0.11367380560131796,0.20414673046251994,0.3184818481848185,0.2267536704730832,0.2071917808219178,0.11382113821138211,0.18556701030927836,0.26,0.26655629139072845,0.2573770491803279,0.2672,0.38448275862068965,0.2145214521452145,0.3382113821138211,0.1595197255574614,0.3872053872053872,0.273015873015873,0.10855263157894737,0.16750418760469013,0.19395866454689983,0.0,0.2774294670846395,0.2766990291262136,0.1347068145800317,0.2752902155887231,0.2783333333333333,0.2188976377952756,0.20933977455716588,0.2496,0.2958199356913183,0.20508474576271185,0.2632450331125828,0.3241590214067278,0.264,0.2081377151799687,0.10596026490066225,0.15202702702702703,0.19783616692426584,0.23369565217391305,0.15191986644407346,0.17398373983739837,0.25157232704402516,0.19508196721311474,0.18167701863354038,0.22347266881028938,0.21163166397415187,0.21958925750394945,0.21553090332805072,0.1503267973856209,0.2134646962233169,0.2523809523809524,0.24959481361426256,0.3810344827586207,0.18484848484848485,0.22203947368421054,0.28903654485049834,0.1937984496124031,0.14169381107491857,0.24675324675324675,0.1370309951060359,0.22169811320754718,0.25925925925925924,0.16885245901639345,0.1500789889415482,0.2671353251318102,0.1419939577039275,0.18136439267886856,0.1873065015479876,0.13037037037037036,0.16220472440944883,0.11892797319932999,0.2634069400630915,0.0,0.0,0.22756410256410256,0.09385113268608414,0.27377049180327867,0.22276422764227644,0.11338582677165354,0.135678391959799,0.25220458553791886,0.1607717041800643,0.22986577181208054,0.166383701188455,0.2864,0.17586206896551723,0.29890453834115804,0.17767295597484276,0.252129471890971,0.03664921465968586,0.2253731343283582,0.01639344262295082,0.20707070707070707,0.04051863857374392,0.20435510887772193,0.23981191222570533,0.24267100977198697,0.03951890034364261,0.21153846153846154,0.21043771043771045,0.20184899845916796,0.23684210526315788,0.16455696202531644,0.19470404984423675,0.26978998384491115,0.09369676320272573,0.3225283630470016,0.26024955436720143,0.3453355155482815,0.19808306709265175,0.2134646962233169,0.26910828025477707,0.0016,0.20772946859903382,0.21394611727416799,0.22188449848024316,0.16721311475409836,0.16908212560386474,0.16908212560386474,0.17142857142857143,0.22549019607843138,0.13822525597269625,0.0016611295681063123,0.1996779388083736,0.21287128712871287,0.22006472491909385,0.004784688995215311,0.38250428816466553,0.030560271646859084,0.29037800687285226,0.23529411764705882,0.23597359735973597,0.18488745980707397,0.19478527607361965,0.1751592356687898,0.014925373134328358,0.30497592295345105,0.270935960591133,0.07321131447587355,0.23867069486404835,0.25938009787928223,0.238013698630137,0.2482394366197183,0.21112929623567922,0.21112929623567922,0.1435483870967742,0.13667820069204153,0.1952,0.2697841726618705
2002,1,9,prevalence,0.24110032362459546,0.17218543046357615,0.03571428571428571,0.23214285714285715,0.1968,0.14556962025316456,0.34338358458961477,0.2719594594594595,0.22547332185886404,0.08012326656394453,0.2909698996655518,0.2909698996655518,0.14309484193011648,0.3011456628477905,0.25,0.1593959731543624,0.2130637636080871,0.1166936790923825,0.2245557350565428,0.2496,0.22975206611570248,0.2850539291217257,0.24579124579124578,0.05756578947368421,0.21546052631578946,0.06570512820512821,0.18053375196232338,0.1921875,0.15736040609137056,0.16401273885350318,0.22916666666666666,0.15196078431372548,0.13278688524590163,0.29569093610698366,0.3168,0.1390625,0.0,0.25744047619047616,0.24666666666666667,0.2084006462035541,0.22448979591836735,0.2652733118971061,0.3025210084033613,0.25801282051282054,0.23214285714285715,0.2507836990595611,0.2413223140495868,0.10551948051948051,0.35714285714285715,0.2295839753466872,0.3089430894308943,0.14915254237288136,0.18387096774193548,0.18604651162790697,0.1844331641285956,0.2020033388981636,0.08881578947368421,0.1781512605042017,0.23115577889447236,0.21475409836065573,0.2532258064516129,0.30109204368174725,0.39429530201342283,0.18166383701188454,0.2731629392971246,0.13242784380305603,0.25,0.24922118380062305,0.1038961038961039,0.15699658703071673,0.16427432216905902,0.0,0.23237179487179488,0.24574961360123648,0.16720257234726688,0.2550335570469799,0.2665589660743134,0.22635658914728682,0.2389937106918239,0.21935483870967742,0.2614173228346457,0.27147766323024053,0.24620573355817876,0.3562691131498471,0.21844660194174756,0.2,0.23645320197044334,0.15979381443298968,0.23823975720789076,0.22831858407079647,0.17235772357723578,0.19607843137254902,0.259375,0.2237871674491393,0.17857142857142858,0.18438538205980065,0.2102728731942215,0.2208,0.35901386748844377,0.08972267536704731,0.18888888888888888,0.2318840579710145,0.3140096618357488,0.3229706390328152,0.10923076923076923,0.2441860465116279,0.32538330494037476,0.1963470319634703,0.18181818181818182,0.2901134521880065,0.12459546925566344,0.2575516693163752,0.2465034965034965,0.22056384742951907,0.16507936507936508,0.28739495798319326,0.1339421613394216,0.21658206429780033,0.18009478672985782,0.11890243902439024,0.167192429022082,0.12437810945273632,0.2440944881889764,0.0048,0.0048,0.3083067092651757,0.0932475884244373,0.25559105431309903,0.2559241706161137,0.13225806451612904,0.21839080459770116,0.2235494880546075,0.18022328548644337,0.19230769230769232,0.18120805369127516,0.2176,0.18652849740932642,0.24580152671755726,0.2124600638977636,0.23539518900343642,0.03595890410958904,0.17319277108433734,0.004918032786885246,0.21858864027538727,0.02926829268292683,0.14355628058727568,0.20222929936305734,0.2096,0.042328042328042326,0.23591549295774647,0.22727272727272727,0.171875,0.2550335570469799,0.15789473684210525,0.21677215189873417,0.18932038834951456,0.1026936026936027,0.34935897435897434,0.3440677966101695,0.2580101180438449,0.1880064829821718,0.15815485996705106,0.3223787167449139,0.0016129032258064516,0.15206611570247933,0.15127388535031847,0.15535444947209653,0.12295081967213115,0.18459069020866772,0.18459069020866772,0.20294599018003273,0.23305785123966943,0.20748299319727892,0.001669449081803005,0.18770226537216828,0.17560975609756097,0.17049180327868851,0.004838709677419355,0.3299319727891156,0.017006802721088437,0.2538860103626943,0.15217391304347827,0.24306688417618272,0.18638573743922204,0.21559633027522937,0.1634304207119741,0.01854974704890388,0.23482428115015974,0.21553090332805072,0.09461663947797716,0.21084337349397592,0.30497592295345105,0.20735785953177258,0.2732049036777583,0.22241086587436332,0.22241086587436332,0.12179487179487179,0.047285464098073555,0.31561996779388085,0.23826714801444043
2003,1,9,prevalence,0.21915584415584416,0.17105263157894737,0.01669449081803005,0.21405228758169934,0.13987138263665594,0.1791277258566978,0.3372093023255814,0.17081260364842454,0.21241830065359477,0.10518053375196232,0.2600671140939597,0.2600671140939597,0.15110356536502548,0.19086460032626426,0.243006993006993,0.13921901528013583,0.22734254992319508,0.125,0.1470113085621971,0.2985553772070626,0.25,0.22555205047318613,0.20578231292517007,0.04032258064516129,0.25779967159277506,0.054313099041533544,0.21428571428571427,0.1505016722408027,0.1467116357504216,0.26151315789473684,0.21875,0.1592356687898089,0.20777027027027026,0.29066265060240964,0.31561996779388085,0.11234177215189874,0.010067114093959731,0.2572298325722983,0.3050847457627119,0.2912621359223301,0.22549019607843138,0.24257425742574257,0.2791461412151067,0.23909531502423265,0.2576985413290113,0.3042121684867395,0.21652892561983472,0.09838709677419355,0.3014827018121911,0.1864406779661017,0.32901134521880065,0.1875,0.2717041800643087,0.1212624584717608,0.2053872053872054,0.18330605564648117,0.0462046204620462,0.18228279386712096,0.28546712802768165,0.13464696223316913,0.23240589198036007,0.2714508580343214,0.27938671209540034,0.20439189189189189,0.2912621359223301,0.08333333333333333,0.1986644407345576,0.28731942215088285,0.08914100486223663,0.16306156405990016,0.1312803889789303,0.0,0.19236883942766295,0.23969465648854962,0.15806988352745424,0.1702127659574468,0.25,0.2672955974842767,0.15664556962025317,0.15859766277128548,0.20833333333333334,0.3258620689655172,0.20067453625632378,0.2884012539184953,0.13174603174603175,0.2586750788643533,0.5,0.11971830985915492,0.20247295208655333,0.22145328719723184,0.19734660033167495,0.28664495114006516,0.1859375,0.29260450160771706,0.19129082426127528,0.25826771653543307,0.24564183835182252,0.20373250388802489,0.38080495356037153,0.05432937181663837,0.1592356687898089,0.22857142857142856,0.30983606557377047,0.26825127334465193,0.10935023771790808,0.24543946932006633,0.2978369384359401,0.17204301075268819,0.27838258164852253,0.25925925925925924,0.11382113821138211,0.2197452229299363,0.1962134251290878,0.24592833876221498,0.16237942122186494,0.2705479452054795,0.1179245283018868,0.2337228714524207,0.18335901386748846,0.115625,0.10685805422647528,0.09135399673735727,0.23270440251572327,0.006220839813374806,0.006220839813374806,0.2376237623762376,0.07131011608623548,0.24960998439937598,0.24,0.16095890410958905,0.2348993288590604,0.26013513513513514,0.15676567656765678,0.1702127659574468,0.1859706362153344,0.2087227414330218,0.13859649122807016,0.19402985074626866,0.21384615384615385,0.2109777015437393,0.024013722126929673,0.19909502262443438,0.01011804384485666,0.25426621160409557,0.03273322422258593,0.15245901639344261,0.1892744479495268,0.16693679092382496,0.03103448275862069,0.2323943661971831,0.2805872756933116,0.18225039619651348,0.3075684380032206,0.1828125,0.26996805111821087,0.2995090016366612,0.11054421768707483,0.27677100494233936,0.30360205831903947,0.18092105263157895,0.14710743801652892,0.15702479338842976,0.37347560975609756,0.0016556291390728477,0.11330049261083744,0.13814756671899528,0.14018691588785046,0.11129296235679215,0.19298245614035087,0.19298245614035087,0.20945945945945946,0.2080745341614907,0.2945205479452055,0.0016286644951140066,0.21661237785016288,0.16773162939297126,0.14614121510673234,0.004815409309791332,0.293015332197615,0.0065252854812398045,0.24793388429752067,0.10996563573883161,0.20450885668276972,0.16051364365971107,0.18322981366459629,0.17341977309562398,0.016863406408094434,0.21003134796238246,0.26582278481012656,0.11869918699186992,0.16846986089644514,0.31484502446982054,0.2432,0.2310405643738977,0.21016949152542372,0.21016949152542372,0.16455696202531644,0.02631578947368421,0.34596375617792424,0.18038528896672504
2004,1,9,prevalence,0.20611916264090177,0.1724137931034483,0.025906735751295335,0.2245557350565428,0.14215686274509803,0.27416798732171155,0.32679738562091504,0.14634146341463414,0.28501628664495116,0.07692307692307693,0.21217391304347827,0.21217391304347827,0.19725557461406518,0.3083067092651757,0.2934232715008432,0.16891891891891891,0.2987987987987988,0.1810344827586207,0.1439873417721519,0.34959349593495936,0.26547231270358307,0.21339563862928349,0.20707070707070707,0.0432,0.2560386473429952,0.0547112462006079,0.2196969696969697,0.22857142857142856,0.14686468646864687,0.3509933774834437,0.18789808917197454,0.1942675159235669,0.22298456260720412,0.22817764165390506,0.2962962962962963,0.12175324675324675,0.006611570247933884,0.30441640378548895,0.27474402730375425,0.3433333333333333,0.31270903010033446,0.19704433497536947,0.22165820642978004,0.20930232558139536,0.2984126984126984,0.24378881987577639,0.23618090452261306,0.072,0.21266233766233766,0.18597560975609756,0.2832,0.21025641025641026,0.2084006462035541,0.1357615894039735,0.19800332778702162,0.15057283142389524,0.03125,0.21465076660988075,0.23389830508474577,0.09276729559748427,0.16693944353518822,0.20344287949921752,0.21578947368421053,0.23618090452261306,0.24433656957928804,0.07241379310344828,0.1044776119402985,0.34072900158478603,0.13,0.16912972085385877,0.1568,0.0016051364365971107,0.130568356374808,0.20574162679425836,0.14309210526315788,0.137987012987013,0.2218487394957983,0.22784810126582278,0.1288244766505636,0.16306156405990016,0.2087912087912088,0.28426395939086296,0.12146422628951747,0.2112676056338028,0.07559055118110236,0.2650793650793651,0.5594059405940595,0.11743772241992882,0.1826625386996904,0.13573883161512026,0.18138801261829654,0.3027823240589198,0.17703349282296652,0.32423756019261635,0.10272873194221509,0.28846153846153844,0.20189274447949526,0.16878980891719744,0.2857142857142857,0.05650684931506849,0.11746522411128284,0.26953748006379585,0.2536115569823435,0.23102310231023102,0.10188087774294671,0.1989795918367347,0.24027072758037224,0.11515151515151516,0.255700325732899,0.2496,0.06774193548387097,0.19395866454689983,0.147008547008547,0.2413793103448276,0.16802610114192496,0.3741379310344828,0.11773940345368916,0.2903752039151713,0.24879614767255218,0.1185064935064935,0.05555555555555555,0.10383386581469649,0.19523809523809524,0.006309148264984227,0.006309148264984227,0.1607717041800643,0.07352941176470588,0.2538940809968847,0.13488372093023257,0.1867572156196944,0.3167495854063018,0.23479729729729729,0.13725490196078433,0.15692821368948248,0.20253164556962025,0.24726134585289514,0.13250883392226148,0.15844544095665172,0.1867283950617284,0.23785594639865998,0.018900343642611683,0.1578125,0.01549053356282272,0.21166666666666667,0.04173354735152488,0.1447811447811448,0.22113821138211381,0.14285714285714285,0.02356902356902357,0.19326241134751773,0.33278688524590166,0.13819875776397517,0.22943037974683544,0.17197452229299362,0.20450885668276972,0.29422066549912435,0.15608919382504288,0.2159468438538206,0.2440273037542662,0.15016501650165018,0.1510673234811166,0.20907617504051865,0.277602523659306,0.0,0.11037891268533773,0.1201923076923077,0.14218009478672985,0.09135399673735727,0.17065390749601275,0.17065390749601275,0.1934931506849315,0.1784037558685446,0.3181818181818182,0.0016420361247947454,0.23432343234323433,0.20952380952380953,0.15474209650582363,0.025437201907790145,0.21525423728813559,0.012598425196850394,0.18530884808013356,0.10309278350515463,0.11396468699839486,0.1403225806451613,0.1967479674796748,0.14473684210526316,0.0050335570469798654,0.20711974110032363,0.26676829268292684,0.096,0.15863141524105753,0.28503184713375795,0.2144,0.17770034843205576,0.1598639455782313,0.1598639455782313,0.20521172638436483,0.018612521150592216,0.31006493506493504,0.2097053726169844
2005,1,9,prevalence,0.11940298507462686,0.19540229885057472,0.019064124783362217,0.2282958199356913,0.13028764805414553,0.26375404530744334,0.2025518341307815,0.10194174757281553,0.25,0.058084772370486655,0.14846416382252559,0.14846416382252559,0.3495798319327731,0.2870662460567823,0.27631578947368424,0.29541595925297115,0.3029366306027821,0.36054421768707484,0.11308562197092084,0.4051863857374392,0.23666666666666666,0.19900497512437812,0.18136439267886856,0.044657097288676235,0.25,0.04747320061255743,0.28177641653905056,0.3035143769968051,0.13672496025437203,0.384,0.13428120063191154,0.16905901116427433,0.17900172117039587,0.1677115987460815,0.22644628099173553,0.11165048543689321,0.003367003367003367,0.25585023400936036,0.24695652173913044,0.2981878088962109,0.43790849673202614,0.17549668874172186,0.18739635157545606,0.18780889621087316,0.2512,0.2121684867394696,0.23128119800332778,0.06462035541195477,0.17582417582417584,0.14130434782608695,0.22432859399684044,0.22833333333333333,0.234375,0.13930348258706468,0.15980230642504117,0.14646464646464646,0.0338409475465313,0.27350427350427353,0.15220949263502456,0.090625,0.17073170731707318,0.13902053712480253,0.20666666666666667,0.3680672268907563,0.1693548387096774,0.056140350877192984,0.08112582781456953,0.3949843260188088,0.10847457627118644,0.1631321370309951,0.14378029079159935,0.008025682182985553,0.14308426073131955,0.14485981308411214,0.15966386554621848,0.09562398703403566,0.2278688524590164,0.19086460032626426,0.1500815660685155,0.11864406779661017,0.14873417721518986,0.20748299319727892,0.11831442463533225,0.12006319115323855,0.040257648953301126,0.20602218700475436,0.32945091514143093,0.10124333925399645,0.15757575757575756,0.10921501706484642,0.1921875,0.3037974683544304,0.10658307210031348,0.3022508038585209,0.11326860841423948,0.3800978792822186,0.1691542288557214,0.11725293132328309,0.17274167987321712,0.07005253940455342,0.08742331288343558,0.20880913539967375,0.1838351822503962,0.23102866779089376,0.06902086677367576,0.1958762886597938,0.13458262350936967,0.0953125,0.2064516129032258,0.23064250411861614,0.06666666666666667,0.1472,0.12286689419795221,0.24333333333333335,0.15110356536502548,0.33218588640275387,0.10128617363344052,0.23228995057660626,0.28135048231511256,0.0628099173553719,0.054098360655737705,0.07301587301587302,0.18985270049099837,0.020123839009287926,0.020123839009287926,0.1256198347107438,0.06873977086743044,0.24726134585289514,0.10954616588419405,0.17089678510998307,0.3277310924369748,0.18781725888324874,0.18840579710144928,0.12214983713355049,0.2115085536547434,0.25826771653543307,0.15920398009950248,0.13353115727002968,0.26572327044025157,0.1958266452648475,0.02857142857142857,0.19295558958652373,0.02155887230514096,0.27454242928452577,0.049586776859504134,0.08803986710963455,0.2,0.12080536912751678,0.02622950819672131,0.12975778546712802,0.2348111658456486,0.11290322580645161,0.16830065359477125,0.18867924528301888,0.15288611544461778,0.26807760141093473,0.21658206429780033,0.13810316139767054,0.1944922547332186,0.10947712418300654,0.16188870151770657,0.25779967159277506,0.21451104100946372,0.0,0.061191626409017714,0.09569377990430622,0.1419656786271451,0.07107438016528926,0.156957928802589,0.156957928802589,0.18090452261306533,0.1827956989247312,0.2774774774774775,0.0016474464579901153,0.16260162601626016,0.15615141955835962,0.22591362126245848,0.025,0.12251655629139073,0.027993779160186624,0.1777059773828756,0.11480865224625623,0.11003236245954692,0.11164274322169059,0.1688963210702341,0.1951219512195122,0.017915309446254073,0.3185419968304279,0.2406576980568012,0.08121019108280254,0.1337579617834395,0.27386541471048514,0.11216429699842022,0.14576271186440679,0.18530884808013356,0.18530884808013356,0.2766990291262136,0.045531197301854974,0.24879614767255218,0.17353951890034364
2006,1,9,prevalence,0.08833333333333333,0.17281879194630873,0.024475524475524476,0.32445141065830724,0.13573883161512026,0.20161290322580644,0.1390625,0.06763285024154589,0.1912479740680713,0.07886435331230283,0.11577181208053691,0.11577181208053691,0.35135135135135137,0.21473354231974923,0.3034257748776509,0.2996742671009772,0.22496147919876733,0.3847457627118644,0.062402496099843996,0.2939244663382594,0.2478920741989882,0.22712418300653595,0.18719211822660098,0.04897314375987362,0.2532894736842105,0.04806201550387597,0.23186119873817035,0.35379644588045234,0.11954765751211632,0.3136288998357964,0.10062893081761007,0.15730337078651685,0.11033274956217162,0.11483253588516747,0.1598694942903752,0.12254901960784313,0.003395585738539898,0.23839009287925697,0.20205479452054795,0.24754098360655738,0.3375594294770206,0.14802631578947367,0.1414141414141414,0.20228384991843393,0.11129568106312292,0.14645669291338584,0.1461794019933555,0.052884615384615384,0.2082018927444795,0.11942675159235669,0.15890850722311398,0.2339688041594454,0.3042121684867395,0.13838550247116968,0.14838709677419354,0.10049423393739704,0.04215851602023609,0.20034246575342465,0.13008130081300814,0.0892018779342723,0.12038523274478331,0.09415584415584416,0.21273031825795644,0.3792517006802721,0.15497553017944535,0.06920415224913495,0.06991869918699187,0.35062893081761004,0.1264957264957265,0.15993265993265993,0.1254125412541254,0.014586709886547812,0.1642512077294686,0.13479623824451412,0.12755102040816327,0.061461794019933555,0.21926910299003322,0.25442834138486314,0.1540880503144654,0.10578512396694215,0.13099041533546327,0.1686143572621035,0.12280701754385964,0.06677524429967427,0.020537124802527645,0.1664,0.1830065359477124,0.08041958041958042,0.14634146341463414,0.09060955518945635,0.20970266040688576,0.23300970873786409,0.09018987341772151,0.21405228758169934,0.10819672131147541,0.3162118780096308,0.12376237623762376,0.12248322147651007,0.1561051004636785,0.06913996627318718,0.13971742543171115,0.14100486223662884,0.20711974110032363,0.23141891891891891,0.08214849921011058,0.1793570219966159,0.08793103448275862,0.07507507507507508,0.1808,0.2185430463576159,0.0429042904290429,0.0959119496855346,0.1514629948364888,0.21869782971619364,0.0897887323943662,0.24061433447098976,0.07617504051863858,0.29421487603305785,0.26614173228346455,0.05,0.06312292358803986,0.06003159557661927,0.16181229773462782,0.017628205128205128,0.017628205128205128,0.08881578947368421,0.044444444444444446,0.17692307692307693,0.10122699386503067,0.15187713310580206,0.2883959044368601,0.14285714285714285,0.1449511400651466,0.15016501650165018,0.172782874617737,0.17377567140600317,0.17363344051446947,0.06327160493827161,0.23322683706070288,0.2026359143327842,0.03389830508474576,0.19617224880382775,0.02707275803722504,0.2901134521880065,0.06611570247933884,0.08319467554076539,0.16006600660066006,0.06,0.03305785123966942,0.11813643926788686,0.19966442953020133,0.10361842105263158,0.12682926829268293,0.2062992125984252,0.13233082706766916,0.21663778162911612,0.218213058419244,0.0899830220713073,0.13930348258706468,0.12751677852348994,0.13050847457627118,0.19095477386934673,0.12732919254658384,0.0,0.06991869918699187,0.07504078303425775,0.12732919254658384,0.08681135225375626,0.14772727272727273,0.14772727272727273,0.18608695652173912,0.1558641975308642,0.2931937172774869,0.009538950715421303,0.11601307189542484,0.14465408805031446,0.2633390705679862,0.024958402662229616,0.12100840336134454,0.01875,0.18549747048903878,0.09208400646203554,0.11550632911392406,0.09876543209876543,0.132013201320132,0.20358306188925082,0.025477707006369428,0.30194805194805197,0.2488822652757079,0.08842443729903537,0.09868421052631579,0.23322683706070288,0.10815047021943573,0.13445378151260504,0.24067796610169492,0.24067796610169492,0.3034257748776509,0.062193126022913256,0.1895424836601307,0.13139931740614336
2007,1,9,prevalence,0.11371237458193979,0.16778523489932887,0.043333333333333335,0.27149321266968324,0.09243697478991597,0.15584415584415584,0.12828438948995363,0.09740259740259741,0.19874804381846636,0.07561728395061729,0.12244897959183673,0.12244897959183673,0.2622673434856176,0.2329192546583851,0.3761904761904762,0.23927392739273928,0.2359375,0.26776859504132233,0.07153965785381027,0.20364238410596028,0.2795341098169717,0.1416803953871499,0.25287356321839083,0.061823802163833076,0.22009569377990432,0.08191653786707882,0.1567043618739903,0.2852512155591572,0.16216216216216217,0.21172638436482086,0.10301109350237718,0.10256410256410256,0.07432432432432433,0.12824675324675325,0.14505119453924914,0.11330049261083744,0.008635578583765112,0.2260596546310832,0.22852512155591573,0.3164128595600677,0.2548076923076923,0.13213703099510604,0.13758389261744966,0.16993464052287582,0.11129568106312292,0.1794871794871795,0.1157556270096463,0.0491283676703645,0.22857142857142856,0.13078149920255183,0.14862681744749595,0.15520282186948853,0.3713405238828968,0.11348684210526316,0.1620745542949757,0.07178631051752922,0.06677524429967427,0.18043844856661045,0.12619808306709265,0.09049773755656108,0.18512396694214875,0.08414239482200647,0.1930116472545757,0.3459552495697074,0.19138755980861244,0.07586206896551724,0.06677265500794913,0.2347417840375587,0.11696869851729819,0.13911620294599017,0.12146422628951747,0.01938610662358643,0.12478632478632479,0.15303030303030302,0.0774526678141136,0.035483870967741936,0.17089678510998307,0.21508828250401285,0.17262830482115085,0.10897435897435898,0.11166666666666666,0.16638935108153077,0.1085899513776337,0.06278713629402756,0.03650793650793651,0.1167192429022082,0.09003215434083602,0.1301989150090416,0.1490015360983103,0.07894736842105263,0.14082278481012658,0.1449044585987261,0.0499194847020934,0.18699186991869918,0.09915966386554621,0.21324717285945072,0.12664473684210525,0.12310286677908938,0.10188087774294671,0.06610169491525424,0.13871951219512196,0.09740259740259741,0.1671875,0.15806988352745424,0.06748466257668712,0.15824915824915825,0.11228070175438597,0.04072398190045249,0.1819645732689211,0.20846905537459284,0.05342237061769616,0.11736334405144695,0.11092150170648464,0.20689655172413793,0.06405693950177936,0.18469217970049917,0.0625,0.2671118530884808,0.21677215189873417,0.08247422680412371,0.06677524429967427,0.04961240310077519,0.17609046849757673,0.014263074484944533,0.014263074484944533,0.1297208538587849,0.05149501661129568,0.13239875389408098,0.10062893081761007,0.18227424749163879,0.1844331641285956,0.1312803889789303,0.1551155115511551,0.15980230642504117,0.18898809523809523,0.15590551181102363,0.18370607028753994,0.048513302034428794,0.15,0.2310177705977383,0.0416,0.23595505617977527,0.015228426395939087,0.26461038961038963,0.08972267536704731,0.04404567699836868,0.1752411575562701,0.07653910149750416,0.05228758169934641,0.06890756302521009,0.14049586776859505,0.0858085808580858,0.12833333333333333,0.19747235387045814,0.1443932411674347,0.1967799642218247,0.21070811744386875,0.07357859531772576,0.12479201331114809,0.15270935960591134,0.10561056105610561,0.15141430948419302,0.05417956656346749,0.0,0.06200317965023847,0.08032786885245902,0.1263823064770932,0.07177033492822966,0.15736040609137056,0.15736040609137056,0.10810810810810811,0.125948406676783,0.19425675675675674,0.00782472613458529,0.09819967266775777,0.11926605504587157,0.3276157804459691,0.013377926421404682,0.1180327868852459,0.0192,0.18959731543624161,0.10016155088852989,0.12658227848101267,0.08791208791208792,0.06907894736842106,0.19488817891373802,0.04813664596273292,0.3029801324503311,0.2563718140929535,0.07802547770700637,0.07154213036565978,0.23696682464454977,0.1448382126348228,0.09181969949916527,0.18466898954703834,0.18466898954703834,0.26094003241491087,0.06687898089171974,0.2192,0.0905982905982906
2008,1,9,prevalence,0.0701468189233279,0.14473684210526316,0.06040268456375839,0.21417565485362094,0.10186757215619695,0.2231139646869984,0.10403726708074534,0.12579617834394904,0.17304747320061256,0.07350689127105667,0.12054329371816638,0.12054329371816638,0.19932432432432431,0.24882629107981222,0.3088923556942278,0.21462639109697934,0.1952,0.21273031825795644,0.08229813664596274,0.16129032258064516,0.22350993377483444,0.14715719063545152,0.2854838709677419,0.11246200607902736,0.18370607028753994,0.09076682316118936,0.145,0.2389240506329114,0.1554160125588697,0.13643659711075443,0.1134185303514377,0.10634920634920635,0.07603305785123966,0.12175324675324675,0.11570247933884298,0.1343042071197411,0.01517706576728499,0.1702127659574468,0.2544,0.3025210084033613,0.24,0.09609120521172639,0.1634304207119741,0.1444991789819376,0.08833333333333333,0.1926751592356688,0.10185185185185185,0.04936305732484077,0.24960753532182103,0.22789115646258504,0.22575516693163752,0.1390284757118928,0.34913112164297,0.08600337268128162,0.1821138211382114,0.0851063829787234,0.1048252911813644,0.1930116472545757,0.13452188006482982,0.10407239819004525,0.18037974683544303,0.07781456953642384,0.2106969205834684,0.2571428571428571,0.22749590834697217,0.09385665529010238,0.14241486068111456,0.16719745222929935,0.1644295302013423,0.14308426073131955,0.09844559585492228,0.023140495867768594,0.147008547008547,0.141287284144427,0.09482758620689655,0.03486529318541997,0.1546572934973638,0.215962441314554,0.15912636505460218,0.1073170731707317,0.1141396933560477,0.20888157894736842,0.1260096930533118,0.05007587253414264,0.05806451612903226,0.09516129032258064,0.05863192182410423,0.17398945518453426,0.17767295597484276,0.11219512195121951,0.09921259842519685,0.08892355694227769,0.03328050713153724,0.13848631239935588,0.08053691275167785,0.16065573770491803,0.08585858585858586,0.1490066225165563,0.1126984126984127,0.08304498269896193,0.14021571648690292,0.10361842105263158,0.1546875,0.09437086092715231,0.06707317073170732,0.1218274111675127,0.12323943661971831,0.030441400304414,0.20907617504051865,0.22056384742951907,0.07107438016528926,0.15309446254071662,0.11092715231788079,0.19806763285024154,0.0693950177935943,0.13838550247116968,0.0713128038897893,0.2315270935960591,0.14238952536824878,0.1111111111111111,0.12995245641838352,0.058084772370486655,0.1632,0.027642276422764227,0.027642276422764227,0.10204081632653061,0.056572379367720464,0.14756671899529042,0.11831442463533225,0.1456953642384106,0.12794612794612795,0.1408,0.19900497512437812,0.17560975609756097,0.19696969696969696,0.17038216560509553,0.13408723747980614,0.0224,0.1201923076923077,0.19078947368421054,0.07504078303425775,0.23786407766990292,0.05612244897959184,0.28338762214983715,0.11295681063122924,0.05081967213114754,0.23311897106109325,0.14497528830313014,0.05737704918032787,0.07213114754098361,0.1188118811881188,0.10481099656357389,0.13139931740614336,0.19543973941368079,0.11317829457364341,0.13537906137184116,0.19130434782608696,0.06976744186046512,0.09013605442176871,0.26151315789473684,0.16155088852988692,0.13884297520661157,0.046686746987951805,0.008156606851549755,0.08333333333333333,0.11219512195121951,0.14355628058727568,0.1111111111111111,0.137221269296741,0.137221269296741,0.13793103448275862,0.13740458015267176,0.19830508474576272,0.01557632398753894,0.10049423393739704,0.09937888198757763,0.3022452504317789,0.008347245409015025,0.14518760195758565,0.027156549520766772,0.1893687707641196,0.13070866141732285,0.13787638668779714,0.09859154929577464,0.0940032414910859,0.19273301737756715,0.05687203791469194,0.2955665024630542,0.3453996983408748,0.09486780715396578,0.06655844155844155,0.2328125,0.15275590551181104,0.09313725490196079,0.12837837837837837,0.12837837837837837,0.2128,0.056962025316455694,0.18888888888888888,0.11498257839721254
2009,1,9,prevalence,0.08603896103896104,0.17011128775834658,0.10101010101010101,0.2365079365079365,0.13266998341625208,0.1781045751633987,0.1234375,0.1607717041800643,0.1354642313546423,0.07223113964686999,0.13874788494077833,0.13874788494077833,0.21694915254237288,0.20414673046251994,0.283763277693475,0.24024960998439937,0.14634146341463414,0.13298791018998274,0.12116316639741519,0.16611842105263158,0.11480865224625623,0.1705150976909414,0.23709677419354838,0.20305343511450383,0.18210361067503925,0.10543130990415335,0.15867768595041323,0.15559157212317667,0.11317829457364341,0.14217252396166133,0.139937106918239,0.13355048859934854,0.07269789983844911,0.19902912621359223,0.14238952536824878,0.104,0.03247863247863248,0.1791530944625407,0.31528662420382164,0.31497418244406195,0.1382636655948553,0.0959349593495935,0.2539432176656151,0.09385113268608414,0.0976027397260274,0.15847860538827258,0.109717868338558,0.0327613104524181,0.2535211267605634,0.31542461005199307,0.2987220447284345,0.17391304347826086,0.2647058823529412,0.06867671691792294,0.2035541195476575,0.1188118811881188,0.1484375,0.24177631578947367,0.1266025641025641,0.12654320987654322,0.18181818181818182,0.11507293354943274,0.19732441471571907,0.21016949152542372,0.255,0.12040133779264214,0.19516129032258064,0.15772870662460567,0.12759170653907495,0.13731825525040386,0.10278745644599303,0.030927835051546393,0.15944540727902945,0.19745222929936307,0.1495798319327731,0.07849293563579278,0.14109347442680775,0.2188976377952756,0.1391035548686244,0.1262135922330097,0.16336633663366337,0.2282958199356913,0.1515650741350906,0.05271317829457364,0.06698564593301436,0.10050251256281408,0.06554621848739496,0.20898100172711573,0.17391304347826086,0.11538461538461539,0.11930926216640503,0.13384615384615384,0.05929487179487179,0.16912972085385877,0.08403361344537816,0.18319327731092436,0.12751677852348994,0.16472545757071547,0.11219512195121951,0.12393887945670629,0.14285714285714285,0.13333333333333333,0.14037854889589904,0.10016155088852989,0.0776255707762557,0.1353637901861252,0.1889483065953654,0.06259541984732825,0.19633943427620631,0.19836065573770492,0.13448275862068965,0.14724919093851133,0.08557844690966719,0.19224555735056542,0.09608540925266904,0.1815126050420168,0.06105610561056106,0.21739130434782608,0.16095890410958905,0.12869565217391304,0.13875598086124402,0.06220839813374806,0.2082670906200318,0.04723127035830619,0.04723127035830619,0.13427561837455831,0.08180300500834725,0.15566037735849056,0.15822784810126583,0.15345699831365936,0.1447811447811448,0.1964856230031949,0.2,0.1949286846275753,0.21279761904761904,0.1143317230273752,0.12229102167182662,0.030303030303030304,0.08173076923076923,0.1902439024390244,0.07154213036565978,0.2022653721682848,0.11398963730569948,0.1650326797385621,0.15282392026578073,0.10618066561014262,0.20032051282051283,0.2192,0.06291390728476821,0.11967213114754098,0.11423841059602649,0.07407407407407407,0.10186757215619695,0.24328859060402686,0.1216,0.2712765957446808,0.15807560137457044,0.10732538330494037,0.06050420168067227,0.30844155844155846,0.12254901960784313,0.12286689419795221,0.04732824427480916,0.018032786885245903,0.11869918699186992,0.12140575079872204,0.15422885572139303,0.15609756097560976,0.1541095890410959,0.1541095890410959,0.11686143572621036,0.12954186413902052,0.18717504332755633,0.023547880690737835,0.09379968203497616,0.115625,0.24496644295302014,0.006644518272425249,0.14935064935064934,0.03685897435897436,0.20469798657718122,0.15955766192733017,0.11367380560131796,0.11942675159235669,0.11532125205930807,0.19614147909967847,0.08250825082508251,0.32423756019261635,0.330804248861912,0.08320251177394035,0.06209150326797386,0.16307692307692306,0.1404833836858006,0.11949685534591195,0.14845024469820556,0.14845024469820556,0.21273031825795644,0.081377151799687,0.20520673813169985,0.14383561643835616
2010,1,9,prevalence,0.12578616352201258,0.20733652312599682,0.16472545757071547,0.24878048780487805,0.09813874788494077,0.20583468395461912,0.17601246105919002,0.18829113924050633,0.08448540706605223,0.07472178060413355,0.1896551724137931,0.1896551724137931,0.1872852233676976,0.209375,0.29652042360060515,0.1848341232227488,0.1925566343042071,0.20336134453781513,0.18298555377207062,0.23557692307692307,0.13562091503267973,0.14938488576449913,0.19595645412130638,0.2953451043338684,0.23493044822256567,0.1328125,0.2108843537414966,0.1552,0.14779874213836477,0.19558359621451105,0.13793103448275862,0.10305958132045089,0.06785137318255251,0.22295081967213115,0.15161290322580645,0.1126984126984127,0.09507640067911714,0.2838499184339315,0.2932692307692308,0.2673434856175973,0.2015873015873016,0.11774193548387096,0.22632423756019263,0.1495176848874598,0.1323283082077052,0.20287539936102236,0.125,0.0440251572327044,0.3014354066985646,0.2546689303904924,0.31746031746031744,0.1644295302013423,0.20436817472698907,0.08866995073891626,0.22955974842767296,0.19071310116086235,0.23492063492063492,0.19318181818181818,0.19155844155844157,0.2109375,0.15495207667731628,0.11035653650254669,0.2,0.2079207920792079,0.28192371475953565,0.18697829716193656,0.26073131955484896,0.17363344051446947,0.11556982343499198,0.15625,0.12283737024221453,0.04591836734693878,0.2182741116751269,0.14622641509433962,0.1891891891891892,0.10894308943089431,0.09466437177280551,0.26833073322932915,0.14150943396226415,0.12738853503184713,0.28711256117455136,0.20317460317460317,0.18864774624373956,0.11076443057722309,0.13064516129032258,0.13310580204778158,0.07032590051457976,0.285,0.19745222929936307,0.10764430577223089,0.2265625,0.2199367088607595,0.12924071082390953,0.15358931552587646,0.16415410385259632,0.2185430463576159,0.14262820512820512,0.17755443886097153,0.11165048543689321,0.2016260162601626,0.18085106382978725,0.18136439267886856,0.10128617363344052,0.11677631578947369,0.07507987220447285,0.18493150684931506,0.2344582593250444,0.11057692307692307,0.2631578947368421,0.24,0.1806020066889632,0.23714759535655058,0.11254019292604502,0.156957928802589,0.11829944547134935,0.16828478964401294,0.07804878048780488,0.2032258064516129,0.1386986301369863,0.2322357019064125,0.1797752808988764,0.07086614173228346,0.1858974358974359,0.09884678747940692,0.09884678747940692,0.1564748201438849,0.17281879194630873,0.18396226415094338,0.1383147853736089,0.1440677966101695,0.16530278232405893,0.26677577741407527,0.15409309791332262,0.14913657770800628,0.2362555720653789,0.08914100486223663,0.14545454545454545,0.052202283849918436,0.12520325203252033,0.16039279869067102,0.06821705426356589,0.19611021069692058,0.16291161178509533,0.16530278232405893,0.16176470588235295,0.2220447284345048,0.1841680129240711,0.2755905511811024,0.06462035541195477,0.16639477977161501,0.13344316309719934,0.13659359190556492,0.09165302782324058,0.26182432432432434,0.16043613707165108,0.35478260869565215,0.11896551724137931,0.1476510067114094,0.05592105263157895,0.30757097791798105,0.1281198003327787,0.13573883161512026,0.09389671361502347,0.09313725490196079,0.16534181240063592,0.11900826446280992,0.21996615905245348,0.15508885298869143,0.1267361111111111,0.1267361111111111,0.16095890410958905,0.1263823064770932,0.20790378006872853,0.07253086419753087,0.11128284389489954,0.10248447204968944,0.20435510887772193,0.0297029702970297,0.20096463022508038,0.04126984126984127,0.14451827242524917,0.14513556618819776,0.15614617940199335,0.15584415584415584,0.11735537190082644,0.2084639498432602,0.12845528455284552,0.26456692913385826,0.3230769230769231,0.11320754716981132,0.14796747967479676,0.13650306748466257,0.13102409638554216,0.14397496087636932,0.16826923076923078,0.16826923076923078,0.21212121212121213,0.08204334365325078,0.22427035330261136,0.15254237288135594
2011,1,9,prevalence,0.1518578352180937,0.2575039494470774,0.2239057239057239,0.29827315541601257,0.11929824561403508,0.24440894568690097,0.25115562403698,0.2515923566878981,0.10676691729323308,0.11556982343499198,0.26485568760611206,0.26485568760611206,0.22953736654804271,0.3188854489164087,0.21331316187594554,0.23824451410658307,0.17970049916805325,0.22053872053872053,0.24232633279483037,0.23624595469255663,0.18357487922705315,0.18974358974358974,0.1629746835443038,0.3129890453834116,0.25862068965517243,0.16,0.24958123953098826,0.23510466988727857,0.17984496124031008,0.20096463022508038,0.16211878009630817,0.12786885245901639,0.10465116279069768,0.2542372881355932,0.21035058430717862,0.20757825370675453,0.1652754590984975,0.3338926174496644,0.26978998384491115,0.27899159663865547,0.2641509433962264,0.1645367412140575,0.2746031746031746,0.25806451612903225,0.20898100172711573,0.22082018927444794,0.16267942583732056,0.07886435331230283,0.329073482428115,0.18717504332755633,0.3034257748776509,0.17656765676567657,0.19692307692307692,0.13322368421052633,0.21987951807228914,0.2638655462184874,0.31259968102073366,0.1742671009771987,0.27716535433070866,0.21996879875195008,0.18679549114331723,0.1839080459770115,0.21775544388609716,0.22926829268292684,0.26825127334465193,0.21333333333333335,0.2820097244732577,0.23278688524590163,0.15288611544461778,0.14539579967689822,0.1440677966101695,0.11647254575707154,0.233502538071066,0.23202614379084968,0.21187800963081863,0.2296416938110749,0.15889464594127806,0.30258899676375406,0.13479623824451412,0.15079365079365079,0.3674496644295302,0.2534351145038168,0.23500810372771475,0.13249211356466878,0.18412698412698414,0.2928082191780822,0.07192982456140351,0.35618729096989965,0.18870967741935485,0.16666666666666666,0.3391167192429022,0.2979397781299525,0.19935691318327975,0.21976149914821125,0.25833333333333336,0.22544283413848631,0.23974763406940064,0.23801652892561984,0.1967479674796748,0.31456953642384106,0.26242236024844723,0.21044045676998369,0.10771704180064309,0.23801652892561984,0.10866141732283464,0.2293103448275862,0.21951219512195122,0.17944535073409462,0.25779967159277506,0.23870967741935484,0.2337228714524207,0.3135593220338983,0.13291139240506328,0.15091210613598674,0.14909090909090908,0.22491909385113268,0.18225806451612903,0.1839258114374034,0.20783645655877342,0.2838063439065108,0.28317152103559873,0.13509316770186336,0.28205128205128205,0.21829855537720708,0.21829855537720708,0.23434704830053668,0.2161290322580645,0.24646781789638933,0.2022653721682848,0.1783960720130933,0.2391304347826087,0.27768860353130015,0.16797488226059654,0.15503875968992248,0.24780058651026393,0.11298482293423272,0.16717791411042945,0.05787781350482315,0.15085536547433903,0.24469820554649266,0.14862681744749595,0.2479740680713128,0.22945205479452055,0.17891373801916932,0.22749590834697217,0.32315112540192925,0.2300163132137031,0.35358255451713394,0.15772870662460567,0.24367088607594936,0.17109634551495018,0.18494271685761046,0.12395309882747069,0.22298456260720412,0.22327044025157233,0.31504424778761064,0.1073170731707317,0.2175379426644182,0.1186161449752883,0.2551834130781499,0.1890145395799677,0.13175675675675674,0.17784711388455537,0.2662440570522979,0.2138364779874214,0.18072289156626506,0.23064250411861614,0.20285261489698891,0.1348122866894198,0.1348122866894198,0.16026711185308848,0.141287284144427,0.2733446519524618,0.19968553459119498,0.17370892018779344,0.13258785942492013,0.16996699669966997,0.06549520766773163,0.24165341812400637,0.08986928104575163,0.12033898305084746,0.18196994991652754,0.21760797342192692,0.22626582278481014,0.18518518518518517,0.23076923076923078,0.14873417721518986,0.21746031746031746,0.2953125,0.1564945226917058,0.29421487603305785,0.1310452418096724,0.13670133729569092,0.1472,0.18408736349453977,0.18408736349453977,0.17736486486486486,0.12898089171974522,0.24620060790273557,0.1552901023890785
2012,1,9,prevalence,0.2965964343598055,0.27980922098569155,0.2900505902192243,0.27488151658767773,0.2534965034965035,0.27121464226289516,0.273972602739726,0.3134087237479806,0.19873817034700317,0.23492063492063492,0.3047138047138047,0.3047138047138047,0.21114864864864866,0.3675078864353312,0.2152671755725191,0.2161290322580645,0.23089430894308943,0.25752508361204013,0.272875816993464,0.25895765472312704,0.29373996789727125,0.26158940397350994,0.21100917431192662,0.3074484944532488,0.2347266881028939,0.21394611727416799,0.2717948717948718,0.2589147286821705,0.2468553459119497,0.2581699346405229,0.21543408360128619,0.17275747508305647,0.2062992125984252,0.2893401015228426,0.29679595278246207,0.265139116202946,0.3473861720067454,0.3608768971332209,0.37871674491392804,0.2939244663382594,0.3114241001564945,0.1861198738170347,0.23557692307692307,0.34782608695652173,0.33952702702702703,0.24088748019017434,0.2629032258064516,0.0890625,0.2737341772151899,0.21176470588235294,0.30033557046979864,0.1967479674796748,0.23148148148148148,0.31864406779661014,0.24808575803981622,0.2835570469798658,0.32463295269168024,0.21044045676998369,0.36163522012578614,0.29237947122861585,0.23427672955974843,0.34348561759729274,0.2567783094098884,0.3163097199341021,0.272108843537415,0.24796084828711257,0.3599374021909233,0.2965964343598055,0.23159509202453987,0.20469798657718122,0.19471947194719472,0.15206611570247933,0.2780569514237856,0.3279742765273312,0.2685337726523888,0.3127035830618892,0.2665505226480836,0.33064516129032256,0.14331210191082802,0.1779935275080906,0.2980132450331126,0.29237947122861585,0.25120772946859904,0.1848341232227488,0.27531645569620256,0.3546712802768166,0.13194444444444445,0.27631578947368424,0.2627388535031847,0.21732522796352582,0.3090062111801242,0.39807383627608345,0.4342105263157895,0.2828282828282828,0.33777038269550747,0.3092436974789916,0.3349206349206349,0.266025641025641,0.34248788368336025,0.3973727422003284,0.24727838258164853,0.31921824104234525,0.1625,0.3316582914572864,0.20317460317460317,0.25215889464594127,0.3094405594405594,0.2358490566037736,0.39708265802269044,0.22575516693163752,0.2958677685950413,0.343801652892562,0.2140625,0.2,0.21755027422303475,0.2980456026058632,0.28846153846153844,0.22790697674418606,0.3125,0.32909379968203495,0.39087947882736157,0.17582417582417584,0.2746710526315789,0.3338709677419355,0.3338709677419355,0.2690972222222222,0.29245283018867924,0.3046875,0.24605678233438485,0.19743178170144463,0.3239202657807309,0.2976,0.19938176197836166,0.17884914463452567,0.2583081570996979,0.18887015177065766,0.25267993874425726,0.10837438423645321,0.2328125,0.23973727422003285,0.28526148969889065,0.250814332247557,0.27860696517412936,0.2248062015503876,0.21915584415584416,0.3996865203761755,0.26194398682042835,0.3333333333333333,0.22585669781931464,0.2780487804878049,0.270979020979021,0.23361344537815126,0.16556291390728478,0.21585160202360876,0.2836767036450079,0.2998236331569665,0.12071778140293637,0.3268608414239482,0.18253968253968253,0.25848142164781907,0.20376175548589343,0.19834710743801653,0.2496124031007752,0.5432098765432098,0.26851851851851855,0.26903553299492383,0.26461038961038963,0.24758842443729903,0.14285714285714285,0.14285714285714285,0.2645161290322581,0.18092105263157895,0.31270903010033446,0.3973727422003284,0.20253164556962025,0.21621621621621623,0.21555915721231766,0.11829652996845426,0.32,0.20504201680672268,0.15689655172413794,0.22988505747126436,0.2354948805460751,0.2463768115942029,0.2633333333333333,0.28414442700156983,0.15981012658227847,0.17781402936378465,0.2876923076923077,0.182370820668693,0.40878378378378377,0.1966205837173579,0.2357473035439137,0.184640522875817,0.2562893081761006,0.2562893081761006,0.19524617996604415,0.16876971608832808,0.250381679389313,0.2027491408934708
2013,1,9,prevalence,0.2972972972972973,0.2727272727272727,0.30385852090032156,0.2861685214626391,0.3503521126760563,0.2889983579638752,0.33853354134165364,0.28711256117455136,0.20443740095087162,0.29439252336448596,0.3232830820770519,0.3232830820770519,0.2529711375212224,0.3075684380032206,0.2076923076923077,0.25442834138486314,0.36261980830670926,0.24262295081967214,0.2630718954248366,0.2611570247933884,0.3333333333333333,0.25844594594594594,0.2639751552795031,0.26910828025477707,0.26391096979332274,0.2620578778135048,0.30256410256410254,0.35313531353135313,0.3022875816993464,0.24879614767255218,0.262992125984252,0.2751235584843493,0.3140096618357488,0.33056478405315615,0.3440677966101695,0.2965964343598055,0.5679862306368331,0.2957983193277311,0.3188854489164087,0.28688524590163933,0.32461538461538464,0.2419871794871795,0.26160990712074306,0.4166666666666667,0.41379310344827586,0.2727272727272727,0.33385826771653543,0.15639810426540285,0.2864,0.24373956594323873,0.2777777777777778,0.28264462809917357,0.2687022900763359,0.39663865546218485,0.2582089552238806,0.3177257525083612,0.3544715447154472,0.2491961414790997,0.3476190476190476,0.3572567783094099,0.2841269841269841,0.5041459369817579,0.2828125,0.2854757929883139,0.2973421926910299,0.3328100470957614,0.3123076923076923,0.29449838187702265,0.26586102719033233,0.26101694915254237,0.25375626043405675,0.22998296422487224,0.265,0.37398373983739835,0.26129032258064516,0.3724247226624406,0.28547297297297297,0.30427892234548337,0.1971608832807571,0.21122112211221122,0.2682926829268293,0.3712,0.25732899022801303,0.26782884310618066,0.3721311475409836,0.3785594639865997,0.2227891156462585,0.22990353697749197,0.27531645569620256,0.3003048780487805,0.345679012345679,0.32802547770700635,0.48148148148148145,0.2961730449251248,0.3099510603588907,0.34003350083752093,0.3150242326332795,0.3209302325581395,0.39418416801292405,0.3187702265372168,0.262992125984252,0.31281198003327787,0.20030816640986132,0.4206081081081081,0.25205930807248766,0.30456852791878175,0.3377926421404682,0.305111821086262,0.36910569105691055,0.2708333333333333,0.2894308943089431,0.3283582089552239,0.3209302325581395,0.25,0.2722419928825623,0.34102141680395387,0.24483306836248012,0.3111111111111111,0.34974533106960953,0.3248,0.3904448105436573,0.2248062015503876,0.28135048231511256,0.3311897106109325,0.3311897106109325,0.2895204262877442,0.28205128205128205,0.34169278996865204,0.3526570048309179,0.19248826291079812,0.3376835236541599,0.29827315541601257,0.2507936507936508,0.24882629107981222,0.24962178517397882,0.2540192926045016,0.2765625,0.20565149136577707,0.3395638629283489,0.3132328308207705,0.3573717948717949,0.2700490998363339,0.31382113821138213,0.22342064714946072,0.18914473684210525,0.35248447204968947,0.34967320261437906,0.30307941653160453,0.2985781990521327,0.33281972265023113,0.38200339558573854,0.26916524701873934,0.2628099173553719,0.28114478114478114,0.30456026058631924,0.23850085178875638,0.15780730897009967,0.3359375,0.29127725856697817,0.2662337662337662,0.25673534072900156,0.28330522765598654,0.2608695652173913,0.48989113530326595,0.26009693053311794,0.3415435139573071,0.2744479495268139,0.31962025316455694,0.20404721753794267,0.20404721753794267,0.23263327948303716,0.25081967213114753,0.32131147540983607,0.5016501650165016,0.28419452887537994,0.24918032786885247,0.2932692307692308,0.20508744038155802,0.33796296296296297,0.35578583765112265,0.19269102990033224,0.29248366013071897,0.29930795847750863,0.2707993474714519,0.35104669887278583,0.26375404530744334,0.24437299035369775,0.21766561514195584,0.26121794871794873,0.21921921921921922,0.39865996649916247,0.28837209302325584,0.28939393939393937,0.2545454545454545,0.26875,0.26875,0.21839080459770116,0.25040387722132473,0.26106870229007634,0.34904013961605584
2014,1,9,prevalence,0.28888888888888886,0.2747603833865815,0.2857142857142857,0.24519230769230768,0.404553415061296,0.2619047619047619,0.3232,0.30303030303030304,0.25391849529780564,0.2608,0.33389544688026984,0.33389544688026984,0.2482758620689655,0.23397435897435898,0.26127527216174184,0.2551505546751189,0.3380952380952381,0.3256198347107438,0.27491961414790994,0.26475548060708265,0.29595015576323985,0.264,0.2662440570522979,0.2693498452012384,0.2670906200317965,0.2134646962233169,0.385,0.3070607553366174,0.26929392446633826,0.2661290322580645,0.29307568438003223,0.357495881383855,0.373134328358209,0.25039619651347067,0.272875816993464,0.23785594639865998,0.40384615384615385,0.29187396351575456,0.2890262751159196,0.2528180354267311,0.3090062111801242,0.27874015748031494,0.27342549923195086,0.2895148669796557,0.32,0.2712680577849117,0.3333333333333333,0.2831050228310502,0.2633279483037157,0.27350427350427353,0.26916802610114193,0.25370675453047775,0.29767441860465116,0.3416252072968491,0.28549618320610687,0.30845771144278605,0.2294022617124394,0.2766295707472178,0.23943661971830985,0.29984051036682613,0.2727272727272727,0.3963815789473684,0.3469055374592834,0.3238255033557047,0.33828382838283827,0.2961240310077519,0.22052067381316998,0.2877813504823151,0.30271084337349397,0.2669983416252073,0.30808080808080807,0.2801358234295416,0.24761904761904763,0.2779605263157895,0.27053140096618356,0.30434782608695654,0.2689075630252101,0.27821939586645467,0.267515923566879,0.23349436392914655,0.27184466019417475,0.32298136645962733,0.2561576354679803,0.30990415335463256,0.3187702265372168,0.29360967184801384,0.32838283828382836,0.23076923076923078,0.2784184514003295,0.3073322932917317,0.2874806800618238,0.2807017543859649,0.24668874172185432,0.2808988764044944,0.26916802610114193,0.3756260434056761,0.30218068535825543,0.2470059880239521,0.27892234548335976,0.25208681135225375,0.2686335403726708,0.33825944170771755,0.26053042121684866,0.32996632996632996,0.34755134281200634,0.2504288164665523,0.23608768971332209,0.31191222570532917,0.24758842443729903,0.28526148969889065,0.26198083067092653,0.2520458265139116,0.3373676248108926,0.2889983579638752,0.28825622775800713,0.3071786310517529,0.24878836833602586,0.2496,0.25689655172413794,0.26572327044025157,0.32727272727272727,0.2857142857142857,0.23027375201288244,0.3111111111111111,0.3111111111111111,0.23909249563699825,0.3235294117647059,0.26991869918699185,0.304140127388535,0.22445820433436534,0.2823343848580442,0.22706065318818042,0.2640901771336554,0.2762345679012346,0.2009132420091324,0.33117932148626816,0.26003210272873195,0.3344155844155844,0.3001531393568147,0.2857142857142857,0.3264659270998415,0.28114478114478114,0.25412541254125415,0.24651162790697675,0.20991735537190082,0.2288,0.3783359497645212,0.31635802469135804,0.296,0.29057187017001546,0.33275862068965517,0.2703150912106136,0.3284072249589491,0.2830188679245283,0.25951557093425603,0.2512820512820513,0.25838926174496646,0.2732919254658385,0.3232963549920761,0.3008130081300813,0.24126984126984127,0.2978723404255319,0.2985553772070626,0.3495297805642633,0.22019867549668873,0.27212020033388984,0.28343949044585987,0.2838915470494418,0.30155979202772965,0.30155979202772965,0.25709779179810727,0.23801652892561984,0.24613003095975233,0.346218487394958,0.2824074074074074,0.30854430379746833,0.32576985413290116,0.2267080745341615,0.28417818740399386,0.3645833333333333,0.33278418451400327,0.347682119205298,0.30714285714285716,0.2975609756097561,0.34444444444444444,0.23745819397993312,0.26357827476038337,0.24757281553398058,0.33112582781456956,0.24242424242424243,0.2902155887230514,0.3174846625766871,0.2676470588235294,0.30204778156996587,0.2884310618066561,0.2884310618066561,0.2384,0.24558587479935795,0.28056426332288403,0.3869257950530035
2015,1,9,prevalence,0.22792937399678972,0.19117647058823528,0.16415410385259632,0.1935483870967742,0.2937062937062937,0.2231686541737649,0.24878048780487805,0.20711974110032363,0.2113323124042879,0.1986970684039088,0.2425249169435216,0.2425249169435216,0.245,0.23176661264181522,0.1921259842519685,0.1825525040387722,0.2413793103448276,0.27168576104746317,0.19435215946843853,0.2054794520547945,0.21705426356589147,0.23202614379084968,0.23909531502423265,0.1735668789808917,0.19224555735056542,0.14838709677419354,0.29549248747913187,0.23294509151414308,0.1993517017828201,0.1977491961414791,0.208955223880597,0.28032786885245903,0.2660098522167488,0.1473851030110935,0.1819620253164557,0.20563847429519072,0.23885918003565063,0.28500823723228996,0.20657276995305165,0.22435897435897437,0.22741433021806853,0.22435897435897437,0.1974921630094044,0.2021604938271605,0.24006622516556292,0.1747269890795632,0.22820919175911253,0.2606060606060606,0.2372611464968153,0.23442622950819672,0.2173202614379085,0.1901743264659271,0.2115987460815047,0.2213375796178344,0.2009132420091324,0.22073578595317725,0.12939297124600638,0.21962616822429906,0.1501597444089457,0.2106969205834684,0.19152276295133439,0.24462809917355371,0.2529313232830821,0.2578512396694215,0.2540983606557377,0.20652173913043478,0.16614420062695925,0.26580226904376014,0.2113095238095238,0.19808306709265175,0.24958402662229617,0.23424878836833601,0.1984126984126984,0.23064770932069512,0.21348314606741572,0.18107667210440456,0.1986644407345576,0.1819645732689211,0.19407894736842105,0.17796610169491525,0.19286871961102106,0.2644757433489828,0.24503311258278146,0.28503184713375795,0.21019108280254778,0.21565217391304348,0.24519230769230768,0.1829652996845426,0.16905901116427433,0.20504731861198738,0.18865030674846625,0.18124006359300476,0.19508196721311474,0.19141914191419143,0.21311475409836064,0.30357142857142855,0.21809369951534732,0.1963470319634703,0.1942215088282504,0.19763513513513514,0.17304747320061256,0.2908496732026144,0.22392638036809817,0.24496644295302014,0.24082934609250398,0.1836734693877551,0.15146579804560262,0.28459119496855345,0.1744,0.20647149460708783,0.17115689381933438,0.1694915254237288,0.25840978593272174,0.18945634266886327,0.21858864027538727,0.3109656301145663,0.144,0.1822429906542056,0.22586206896551725,0.1953125,0.2411467116357504,0.2568218298555377,0.2256,0.1943127962085308,0.1943127962085308,0.17562724014336917,0.23519736842105263,0.18641390205371247,0.2571884984025559,0.16124031007751938,0.215962441314554,0.20465116279069767,0.19902912621359223,0.19968304278922344,0.155096011816839,0.2681744749596123,0.18976897689768976,0.28846153846153844,0.22658610271903323,0.20621931260229132,0.228125,0.17704918032786884,0.1617161716171617,0.21779141104294478,0.15815485996705106,0.1630971993410214,0.2267080745341615,0.2207001522070015,0.1902439024390244,0.2115085536547434,0.21621621621621623,0.20297029702970298,0.21241830065359477,0.19655172413793104,0.1935483870967742,0.21217391304347827,0.22824302134646962,0.2115677321156773,0.2109375,0.1986754966887417,0.19099378881987578,0.2155887230514096,0.21510673234811165,0.21865443425076453,0.19306930693069307,0.2,0.20285261489698891,0.15789473684210525,0.2443280977312391,0.2443280977312391,0.17165354330708663,0.18780889621087316,0.19873817034700317,0.20833333333333334,0.250381679389313,0.2609375,0.22258064516129034,0.18981481481481483,0.19760479041916168,0.23116438356164384,0.25383304940374785,0.31197301854974707,0.21715328467153286,0.20376712328767124,0.24104234527687296,0.2066115702479339,0.2,0.19162640901771336,0.25878594249201275,0.20583717357910905,0.21634615384615385,0.26606875934230195,0.22734026745913818,0.2396551724137931,0.21517027863777088,0.21517027863777088,0.1619047619047619,0.22132471728594508,0.24413145539906103,0.2682060390763766
2016,1,9,prevalence,0.16557377049180327,0.14802631578947367,0.12562814070351758,0.17258883248730963,0.18230088495575222,0.14606741573033707,0.21129032258064517,0.13425925925925927,0.1594896331738437,0.16417910447761194,0.1952,0.1952,0.21044045676998369,0.21197411003236247,0.15151515151515152,0.1472,0.19286871961102106,0.21333333333333335,0.1605960264900662,0.19243986254295534,0.21786833855799373,0.1896551724137931,0.1766612641815235,0.13153724247226625,0.1557377049180328,0.10584518167456557,0.21617161716171618,0.1729200652528548,0.1614497528830313,0.1935483870967742,0.18585526315789475,0.22039473684210525,0.1890971039182283,0.14724919093851133,0.16536661466458658,0.13898305084745763,0.16901408450704225,0.21782178217821782,0.16150081566068517,0.17142857142857143,0.16267942583732056,0.14937106918238993,0.15323854660347552,0.15217391304347827,0.19633943427620631,0.13385826771653545,0.18541996830427893,0.20500782472613457,0.18425460636515914,0.19117647058823528,0.15755627009646303,0.1563517915309446,0.16825396825396827,0.1545595054095827,0.16998468606431852,0.17147435897435898,0.09983361064891846,0.189873417721519,0.11308562197092084,0.14017094017094017,0.15015479876160992,0.17405582922824303,0.21182266009852216,0.23,0.18181818181818182,0.15765069551777433,0.14396284829721362,0.18048780487804877,0.15653495440729484,0.1567043618739903,0.16971713810316139,0.15296052631578946,0.14018691588785046,0.256198347107438,0.18238993710691823,0.14991482112436116,0.15206611570247933,0.12857142857142856,0.1652892561983471,0.14930555555555555,0.13070866141732285,0.21207430340557276,0.20684039087947884,0.1692047377326565,0.1627172195892575,0.17597292724196278,0.1925566343042071,0.16169544740973313,0.1435483870967742,0.18679549114331723,0.14890282131661442,0.1532258064516129,0.12618296529968454,0.16185897435897437,0.18471337579617833,0.2310126582278481,0.14596273291925466,0.14153846153846153,0.14677419354838708,0.14590163934426228,0.13374805598755832,0.25170068027210885,0.1664025356576862,0.19110378912685339,0.18019480519480519,0.12331081081081081,0.12357723577235773,0.19224806201550387,0.15055467511885895,0.1646153846153846,0.11912225705329153,0.12776831345826234,0.17405063291139242,0.13001605136436598,0.16298811544991512,0.2838063439065108,0.1126984126984127,0.15023474178403756,0.19524617996604415,0.1734375,0.21140939597315436,0.15347334410339256,0.19405320813771518,0.14653784219001612,0.14653784219001612,0.13787085514834205,0.16086235489220563,0.152276295133438,0.2015625,0.13543307086614173,0.15813953488372093,0.14599686028257458,0.1630971993410214,0.17543859649122806,0.12220566318926974,0.1837748344370861,0.14858096828046743,0.22943037974683544,0.15590551181102363,0.15066225165562913,0.184640522875817,0.15110356536502548,0.12479740680713128,0.15137614678899083,0.13562091503267973,0.11627906976744186,0.17337461300309598,0.18025078369905956,0.1480891719745223,0.15895061728395063,0.1731748726655348,0.1736930860033727,0.15323854660347552,0.12748344370860928,0.1703958691910499,0.1702127659574468,0.1652892561983471,0.1780185758513932,0.15987460815047022,0.17597292724196278,0.17017828200972449,0.19439868204283361,0.16639741518578352,0.16486902927580893,0.1371900826446281,0.1307300509337861,0.13629160063391443,0.12300319488817892,0.20521739130434782,0.20521739130434782,0.13449367088607594,0.1513157894736842,0.1625,0.14356435643564355,0.21124620060790272,0.19968051118210864,0.1806853582554517,0.15023474178403756,0.16090225563909774,0.17114093959731544,0.16946308724832215,0.21843003412969283,0.16787003610108303,0.1540983606557377,0.19934102141680396,0.19031719532554256,0.17269736842105263,0.15746753246753248,0.21439749608763695,0.18962722852512157,0.17826825127334464,0.20642201834862386,0.19393939393939394,0.16129032258064516,0.13496932515337423,0.13496932515337423,0.14171974522292993,0.1547049441786284,0.1791530944625407,0.2088495575221239
2017,1,9,prevalence,0.13643926788685523,0.11442786069651742,0.09917355371900827,0.1476510067114094,0.13652482269503546,0.12581699346405228,0.17792421746293247,0.10658307210031348,0.12908496732026145,0.14677419354838708,0.1376,0.1376,0.14864864864864866,0.1828665568369028,0.14968152866242038,0.11627906976744186,0.15664556962025317,0.18210862619808307,0.13366336633663367,0.1449016100178891,0.1620795107033639,0.1720257234726688,0.13071895424836602,0.11698717948717949,0.12271973466003316,0.09394904458598727,0.18412162162162163,0.14666666666666667,0.13179571663920922,0.16124031007751938,0.16045380875202594,0.16080402010050251,0.1564625850340136,0.11774193548387096,0.1267605633802817,0.11639344262295082,0.11867364746945899,0.18433931484502447,0.14469453376205788,0.15483870967741936,0.13643410852713178,0.12300319488817892,0.13354531001589826,0.13474025974025974,0.16198347107438016,0.10289389067524116,0.14446227929373998,0.16692426584234932,0.17647058823529413,0.1492063492063492,0.12944983818770225,0.12887438825448613,0.14890282131661442,0.1346749226006192,0.13782542113323124,0.13879598662207357,0.09433962264150944,0.16031746031746033,0.0966183574879227,0.09768211920529801,0.12796208530805686,0.12248322147651007,0.16806722689075632,0.18914473684210525,0.1490066225165563,0.13364779874213836,0.10301109350237718,0.13987138263665594,0.13922155688622753,0.12116316639741519,0.15625,0.11716171617161716,0.12385321100917432,0.18167701863354038,0.12804878048780488,0.10526315789473684,0.1157556270096463,0.0993485342019544,0.15191986644407346,0.14091680814940577,0.1029641185647426,0.16,0.16108452950558214,0.11452991452991453,0.14653784219001612,0.13846153846153847,0.14551083591331268,0.12598425196850394,0.1272430668841762,0.15460526315789475,0.12440944881889764,0.11745513866231648,0.09313725490196079,0.13990461049284578,0.13815789473684212,0.19093851132686085,0.12575757575757576,0.1290824261275272,0.12933753943217666,0.10914927768860354,0.11550151975683891,0.1921182266009852,0.1362179487179487,0.1540983606557377,0.13875598086124402,0.10217755443886097,0.10163934426229508,0.1633281972265023,0.11624203821656051,0.14442700156985872,0.0984375,0.10472972972972973,0.1321656050955414,0.11532385466034756,0.12416107382550336,0.24324324324324326,0.0679304897314376,0.15517241379310345,0.1468189233278956,0.13009404388714735,0.15172413793103448,0.12121212121212122,0.16666666666666666,0.11726384364820847,0.11726384364820847,0.09482758620689655,0.1310116086235489,0.1238390092879257,0.15772870662460567,0.11162790697674418,0.1354642313546423,0.12225705329153605,0.12234910277324633,0.1437908496732026,0.0905109489051095,0.15865384615384615,0.12254901960784313,0.17160686427457097,0.12939297124600638,0.12690355329949238,0.137987012987013,0.11855670103092783,0.0991869918699187,0.12006079027355623,0.10586319218241043,0.08852459016393442,0.13990461049284578,0.1554160125588697,0.14896988906497624,0.17054263565891473,0.1487603305785124,0.12598425196850394,0.13406940063091483,0.11414790996784566,0.1094017094017094,0.15307820299500832,0.1476725521669342,0.14705882352941177,0.1232,0.14162348877374784,0.15559157212317667,0.1477832512315271,0.12745098039215685,0.14021571648690292,0.11239669421487604,0.11276948590381426,0.11198738170347003,0.10062893081761007,0.15699658703071673,0.15699658703071673,0.10232558139534884,0.13398692810457516,0.13722397476340695,0.09787928221859707,0.17991004497751126,0.17115689381933438,0.16055045871559634,0.11424100156494522,0.13574660633484162,0.1390728476821192,0.14991482112436116,0.1256198347107438,0.11304347826086956,0.12987012987012986,0.16666666666666666,0.16612377850162866,0.15347334410339256,0.13495934959349593,0.15457413249211358,0.13592233009708737,0.12755102040816327,0.1676829268292683,0.1375186846038864,0.12769485903814262,0.11472868217054263,0.11472868217054263,0.12618296529968454,0.13578274760383385,0.13787638668779714,0.15593220338983052
2018,1,9,prevalence,0.09628378378378379,0.09256198347107437,0.07293354943273905,0.12643678160919541,0.11091234347048301,0.1111111111111111,0.1454248366013072,0.09782608695652174,0.1072,0.13157894736842105,0.10662358642972536,0.10662358642972536,0.1444805194805195,0.13333333333333333,0.12398042414355628,0.1097972972972973,0.14774494556765164,0.1650326797385621,0.1111111111111111,0.11586452762923351,0.13541666666666666,0.1421647819063005,0.10361842105263158,0.09713375796178345,0.10963455149501661,0.0794392523364486,0.15025041736227046,0.12950819672131147,0.09948542024013722,0.13364779874213836,0.12956810631229235,0.13930348258706468,0.1271186440677966,0.10396039603960396,0.11006289308176101,0.09256198347107437,0.09457092819614711,0.16199376947040497,0.11164274322169059,0.12261146496815287,0.11710323574730354,0.10191082802547771,0.11908646003262642,0.11774461028192372,0.13942307692307693,0.08214849921011058,0.11901081916537867,0.13414634146341464,0.1370309951060359,0.10371517027863777,0.11254019292604502,0.11287758346581876,0.13003095975232198,0.11544461778471139,0.13476263399693722,0.12769485903814262,0.09283387622149837,0.12540192926045016,0.08156606851549755,0.07431340872374798,0.10730948678071539,0.09966777408637874,0.13926174496644295,0.164576802507837,0.13245033112582782,0.12421383647798742,0.08450704225352113,0.11146496815286625,0.12130637636080871,0.08917197452229299,0.11442786069651742,0.1076158940397351,0.09763313609467456,0.18633540372670807,0.09188361408882083,0.08866995073891626,0.1184,0.08695652173913043,0.11764705882352941,0.11314475873544093,0.07861635220125786,0.12280701754385964,0.14149443561208266,0.10942760942760943,0.12317666126418152,0.1111111111111111,0.11818181818181818,0.11356466876971609,0.10737179487179487,0.1260229132569558,0.09646302250803858,0.09618573797678276,0.06200317965023847,0.1203125,0.11075949367088607,0.15590551181102363,0.10298507462686567,0.10031347962382445,0.1182108626198083,0.09359605911330049,0.08166409861325115,0.15728476821192053,0.12559618441971382,0.12297734627831715,0.11419249592169657,0.08361774744027303,0.08133971291866028,0.1448382126348228,0.1,0.11856474258970359,0.07600596125186289,0.09230769230769231,0.08264462809917356,0.10476190476190476,0.09819967266775777,0.19933554817275748,0.06280193236714976,0.12421383647798742,0.11216429699842022,0.11290322580645161,0.1264957264957265,0.09018987341772151,0.13942307692307693,0.09228187919463088,0.09228187919463088,0.05821917808219178,0.10784313725490197,0.10477657935285054,0.14638157894736842,0.09797822706065319,0.11700468018720749,0.10912052117263844,0.1048252911813644,0.10726072607260725,0.07993966817496229,0.13687600644122383,0.10552763819095477,0.16037735849056603,0.13192182410423453,0.11298482293423272,0.09235668789808917,0.09507640067911714,0.08253968253968254,0.10798816568047337,0.09004739336492891,0.06622516556291391,0.11875,0.1338709677419355,0.1179245283018868,0.1500789889415482,0.12583892617449666,0.0959349593495935,0.10641627543035993,0.0910569105691057,0.08196721311475409,0.12624584717607973,0.12721417069243157,0.12401883830455258,0.10344827586206896,0.11965811965811966,0.10935023771790808,0.1130030959752322,0.11076443057722309,0.11728395061728394,0.10214168039538715,0.09591474245115453,0.10130718954248366,0.0859375,0.1361344537815126,0.1361344537815126,0.07413249211356467,0.13754045307443366,0.10856269113149847,0.06902086677367576,0.14923076923076922,0.12982998454404945,0.13291139240506328,0.10204081632653061,0.12366412213740458,0.11494252873563218,0.12258064516129032,0.1076158940397351,0.0865874363327674,0.10483870967741936,0.1404399323181049,0.14119601328903655,0.11755233494363929,0.11774461028192372,0.14146341463414633,0.11451612903225807,0.10445205479452055,0.13740458015267176,0.07208588957055215,0.1092436974789916,0.0888529886914378,0.0888529886914378,0.10534591194968554,0.09369951534733441,0.12297734627831715,0.13432835820895522
2019,1,9,prevalence,0.0858085808580858,0.07628524046434494,0.06521739130434782,0.10149750415973377,0.08996539792387544,0.09698996655518395,0.11696869851729819,0.07389937106918239,0.0842433697347894,0.11075949367088607,0.09061488673139159,0.09061488673139159,0.13513513513513514,0.10593900481540931,0.09697933227344992,0.09028960817717206,0.1253968253968254,0.134185303514377,0.09628378378378379,0.0976027397260274,0.11329305135951662,0.11378205128205128,0.0847750865051903,0.0843558282208589,0.10034013605442177,0.0688,0.1309328968903437,0.10912052117263844,0.07370184254606366,0.10333863275039745,0.10194174757281553,0.11185308848080133,0.09344262295081968,0.0868824531516184,0.09276729559748427,0.0779436152570481,0.06996587030716724,0.13915857605177995,0.09190031152647975,0.10220125786163523,0.10060975609756098,0.0853462157809984,0.0993485342019544,0.09162717219589257,0.10631229235880399,0.07507987220447285,0.102803738317757,0.11607142857142858,0.11842105263157894,0.08186195826645265,0.07987220447284345,0.09331259720062209,0.10835913312693499,0.0998389694041868,0.09803921568627451,0.08731466227347612,0.10064935064935066,0.09309791332263243,0.06602254428341385,0.05331179321486268,0.09233176838810642,0.0812603648424544,0.10771704180064309,0.14067278287461774,0.11237785016286644,0.1026438569206843,0.06635802469135803,0.0949367088607595,0.10906298003072197,0.07154471544715447,0.08809135399673736,0.07925801011804384,0.07692307692307693,0.13694267515923567,0.08204334365325078,0.0762987012987013,0.1111111111111111,0.06973058637083994,0.10197368421052631,0.09283387622149837,0.06769230769230769,0.10576923076923077,0.12063492063492064,0.07966101694915254,0.09803921568627451,0.085,0.09063893016344725,0.09339774557165861,0.08609271523178808,0.11367380560131796,0.07820299500831947,0.07807308970099668,0.05967741935483871,0.09233176838810642,0.09888357256778309,0.12401883830455258,0.0755287009063444,0.08688783570300158,0.09335443037974683,0.08925619834710743,0.0660377358490566,0.13078149920255183,0.10112359550561797,0.104,0.0888529886914378,0.07107438016528926,0.06796116504854369,0.10692771084337349,0.09135399673735727,0.09656301145662848,0.06259541984732825,0.07876712328767123,0.05357142857142857,0.09047619047619047,0.07846410684474124,0.15091210613598674,0.041390728476821195,0.09876543209876543,0.09936908517350158,0.098256735340729,0.1044776119402985,0.07142857142857142,0.11631663974151858,0.07603305785123966,0.07603305785123966,0.04,0.1,0.09789156626506024,0.11037891268533773,0.08373590982286634,0.09569377990430622,0.08548387096774193,0.0859504132231405,0.07058823529411765,0.0701219512195122,0.1064516129032258,0.09195402298850575,0.13137557959814528,0.11442786069651742,0.0986159169550173,0.07827476038338659,0.08020477815699659,0.06542056074766354,0.09579100145137881,0.08031496062992126,0.06045751633986928,0.104199066874028,0.11717495987158909,0.08133971291866028,0.12721417069243157,0.09672131147540984,0.07258064516129033,0.09433962264150944,0.07142857142857142,0.07692307692307693,0.105,0.10099337748344371,0.10210696920583469,0.0910569105691057,0.07936507936507936,0.07886435331230283,0.0916030534351145,0.07608695652173914,0.09345794392523364,0.09027777777777778,0.07614213197969544,0.08346709470304976,0.07606973058637084,0.09075907590759076,0.09075907590759076,0.0680379746835443,0.09538950715421304,0.09202453987730061,0.04516129032258064,0.12324492979719189,0.10625,0.11746031746031746,0.07120253164556962,0.1047040971168437,0.09800664451827243,0.09421487603305785,0.09688013136288999,0.06390328151986183,0.08426073131955485,0.10851419031719532,0.09028960817717206,0.07301587301587302,0.09369676320272573,0.12379421221864952,0.09195402298850575,0.08047945205479452,0.12158054711246201,0.047839506172839504,0.08156606851549755,0.04433497536945813,0.04433497536945813,0.09472049689440994,0.07296849087893864,0.10586319218241043,0.10833333333333334
2020,1,9,prevalence,0.06785137318255251,0.057755775577557754,0.06197654941373534,0.08460236886632826,0.0686106346483705,0.07952622673434856,0.0912106135986733,0.06269592476489028,0.06456692913385827,0.0949367088607595,0.06382978723404255,0.06382978723404255,0.09394904458598727,0.08557844690966719,0.07644305772230889,0.07060755336617405,0.10845295055821372,0.10742496050552923,0.087248322147651,0.07705779334500876,0.08270676691729323,0.08051529790660225,0.06745362563237774,0.07186544342507645,0.08448275862068966,0.05929487179487179,0.09900990099009901,0.08306709265175719,0.05555555555555555,0.08888888888888889,0.08196721311475409,0.08169934640522876,0.06984126984126984,0.06788079470198675,0.0754414125200642,0.056910569105691054,0.051194539249146756,0.11904761904761904,0.07631160572337042,0.0828125,0.08221225710014948,0.060655737704918035,0.07528641571194762,0.07881773399014778,0.08653846153846154,0.06041335453100159,0.08513931888544891,0.09658246656760773,0.09967320261437909,0.06420545746388442,0.06027820710973725,0.07532051282051282,0.08409785932721713,0.07108239095315025,0.07715582450832073,0.06873977086743044,0.07804878048780488,0.0736,0.05203252032520325,0.045454545454545456,0.07518796992481203,0.06354515050167224,0.08346709470304976,0.11128284389489954,0.08928571428571429,0.0662557781201849,0.05084745762711865,0.07384615384615385,0.08860759493670886,0.04032258064516129,0.060655737704918035,0.06292517006802721,0.06446776611694154,0.11514195583596215,0.06741573033707865,0.057233704292527825,0.0898876404494382,0.06097560975609756,0.07266982622432859,0.0749185667752443,0.05216095380029806,0.07768595041322314,0.10655737704918032,0.059322033898305086,0.07453416149068323,0.06710310965630115,0.07017543859649122,0.07142857142857142,0.066006600660066,0.07467532467532467,0.0632279534109817,0.04854368932038835,0.06026058631921824,0.07938931297709924,0.07704918032786885,0.09523809523809523,0.06475903614457831,0.07313195548489666,0.07928802588996764,0.06634304207119741,0.052547770700636945,0.10383386581469649,0.05872756933115824,0.08398133748055987,0.08090614886731391,0.05564648117839607,0.05246422893481717,0.09940652818991098,0.07223113964686999,0.08143322475570032,0.0549618320610687,0.059027777777777776,0.040257648953301126,0.07075471698113207,0.06633499170812604,0.12581699346405228,0.03945111492281304,0.08503937007874016,0.08814102564102565,0.07802547770700637,0.08717105263157894,0.057722308892355696,0.0912,0.05804311774461028,0.05804311774461028,0.03820598006644518,0.085667215815486,0.07350689127105667,0.0851063829787234,0.060064935064935064,0.07868852459016394,0.07601351351351351,0.06791171477079797,0.051839464882943144,0.06396255850234009,0.08121019108280254,0.07986688851913477,0.1060126582278481,0.09359605911330049,0.07760141093474426,0.07142857142857142,0.0625,0.04938271604938271,0.07634730538922156,0.0639269406392694,0.048701298701298704,0.08179012345679013,0.0861244019138756,0.07692307692307693,0.11601307189542484,0.0831918505942275,0.051580698835274545,0.0633693972179289,0.056910569105691054,0.05537459283387622,0.08760330578512397,0.0858085808580858,0.07874015748031496,0.06570512820512821,0.06563039723661486,0.05271828665568369,0.0804953560371517,0.05345911949685535,0.07221350078492936,0.06944444444444445,0.05378151260504202,0.061488673139158574,0.06016260162601626,0.05843071786310518,0.05843071786310518,0.06129032258064516,0.07704654895666131,0.08191653786707882,0.04508856682769726,0.10140405616224649,0.08255451713395638,0.09791332263242375,0.054313099041533544,0.09090909090909091,0.07232704402515723,0.08040201005025126,0.09667194928684628,0.04915254237288136,0.06493506493506493,0.0924092409240924,0.07312925170068027,0.060126582278481014,0.07251264755480608,0.10696920583468396,0.06924315619967794,0.07,0.09924812030075188,0.03403565640194489,0.05705229793977813,0.03179650238473768,0.03179650238473768,0.0804953560371517,0.05592105263157895,0.09294871794871795,0.08852459016393442
2021,1,9,prevalence,0.07017543859649122,0.03908794788273615,0.03482587064676617,0.0634648370497427,0.050335570469798654,0.06578947368421052,0.05387205387205387,0.045813586097946286,0.05063291139240506,0.07223113964686999,0.04552845528455285,0.04552845528455285,0.060995184590690206,0.06847133757961783,0.06477093206951026,0.059602649006622516,0.07401315789473684,0.07568438003220612,0.07525083612040134,0.06153846153846154,0.057352941176470586,0.0624,0.04882154882154882,0.06511627906976744,0.06587837837837837,0.036163522012578615,0.07431340872374798,0.06320907617504051,0.03770491803278689,0.07097791798107256,0.06045751633986928,0.06543624161073826,0.05518394648829431,0.053082191780821915,0.05754276827371695,0.034482758620689655,0.04318936877076412,0.088379705400982,0.048701298701298704,0.059654631083202514,0.06015037593984962,0.05218855218855219,0.0642504118616145,0.053156146179401995,0.06239737274220033,0.043548387096774194,0.06501547987616099,0.07379518072289157,0.07980456026058631,0.05490848585690516,0.04387291981845688,0.06129032258064516,0.05311077389984825,0.05817610062893082,0.059001512859304085,0.05016181229773463,0.05564648117839607,0.052547770700636945,0.03475513428120063,0.03536977491961415,0.054878048780487805,0.048701298701298704,0.05186385737439222,0.09188361408882083,0.06132075471698113,0.08641975308641975,0.027993779160186624,0.05873015873015873,0.06991869918699187,0.03286384976525822,0.04617834394904458,0.053082191780821915,0.04923076923076923,0.10082644628099173,0.05180533751962323,0.04588607594936709,0.0706436420722135,0.04451510333863275,0.05221518987341772,0.04738562091503268,0.041666666666666664,0.055,0.06785137318255251,0.04923599320882852,0.05687203791469194,0.04975922953451043,0.055232558139534885,0.051364365971107544,0.049099836333878884,0.04227642276422764,0.046357615894039736,0.04186795491143317,0.05246422893481717,0.05597579425113464,0.06655844155844155,0.07075471698113207,0.05120481927710843,0.05564648117839607,0.05930807248764415,0.05,0.0372168284789644,0.06913183279742766,0.042071197411003236,0.06259780907668232,0.07716535433070866,0.04084967320261438,0.033707865168539325,0.08282208588957055,0.049099836333878884,0.06408094435075885,0.042748091603053436,0.037996545768566495,0.03328050713153724,0.04508856682769726,0.047619047619047616,0.09375,0.03418803418803419,0.06583072100313479,0.06991869918699187,0.061488673139158574,0.0673076923076923,0.06074766355140187,0.06542056074766354,0.041935483870967745,0.041935483870967745,0.026936026936026935,0.08223684210526316,0.0529595015576324,0.061855670103092786,0.0463258785942492,0.06493506493506493,0.05,0.04607508532423208,0.037162162162162164,0.04732824427480916,0.05357142857142857,0.048252911813643926,0.08227848101265822,0.06907894736842106,0.048027444253859346,0.052980132450331126,0.0472972972972973,0.0421875,0.06987577639751552,0.04953560371517028,0.03289473684210526,0.06202723146747353,0.06436420722135008,0.06946688206785137,0.08130081300813008,0.07131011608623548,0.04146730462519936,0.03779527559055118,0.048465266558966075,0.043548387096774194,0.06504065040650407,0.057233704292527825,0.0644122383252818,0.049019607843137254,0.05378151260504202,0.040955631399317405,0.06389776357827476,0.033816425120772944,0.05238095238095238,0.05802047781569966,0.041025641025641026,0.04838709677419355,0.03915171288743882,0.047775947281713346,0.047775947281713346,0.042833607907743,0.06220839813374806,0.06485671191553545,0.03015873015873016,0.08409785932721713,0.07067669172932331,0.06229508196721312,0.047244094488188976,0.06779661016949153,0.06018518518518518,0.052805280528052806,0.06103286384976526,0.039383561643835614,0.05289256198347107,0.07035175879396985,0.052364864864864864,0.032,0.059113300492610835,0.07705192629815745,0.04118616144975288,0.05271828665568369,0.06906906906906907,0.02711323763955343,0.035256410256410256,0.039619651347068144,0.039619651347068144,0.06116207951070336,0.04477611940298507,0.0759493670886076,0.06581059390048154
2022,1,9,prevalence,0.06885758998435054,0.021705426356589147,0.018211920529801324,0.04521739130434783,0.03993344425956739,0.04411764705882353,0.04477611940298507,0.032357473035439135,0.027287319422150885,0.040257648953301126,0.025039123630672927,0.025039123630672927,0.0496,0.04821150855365474,0.043076923076923075,0.06060606060606061,0.04258943781942078,0.0464,0.09427609427609428,0.043333333333333335,0.03358778625954199,0.0438871473354232,0.03333333333333333,0.05132192846034215,0.033444816053511704,0.0141287284144427,0.05379746835443038,0.04120443740095087,0.02564102564102564,0.038880248833592534,0.03803486529318542,0.046357615894039736,0.03529411764705882,0.04311774461028192,0.04381846635367762,0.0272,0.026578073089700997,0.0628099173553719,0.03099510603588907,0.038109756097560975,0.03987730061349693,0.05460750853242321,0.04406779661016949,0.03511705685618729,0.05342237061769616,0.0264797507788162,0.04216867469879518,0.047976011994003,0.06270096463022508,0.03431372549019608,0.029548989113530325,0.05057096247960848,0.0319634703196347,0.031746031746031744,0.0375,0.04241435562805873,0.08695652173913043,0.03662420382165605,0.018032786885245903,0.022988505747126436,0.03474320241691843,0.03225806451612903,0.03257328990228013,0.0547112462006079,0.03543913713405239,0.059375,0.021604938271604937,0.037209302325581395,0.04715447154471545,0.04430379746835443,0.029508196721311476,0.042662116040955635,0.0344311377245509,0.08562197092084006,0.03184713375796178,0.0282574568288854,0.10333863275039745,0.04100946372239748,0.03333333333333333,0.024793388429752067,0.02177293934681182,0.06372549019607843,0.041666666666666664,0.06932409012131716,0.04043545878693624,0.03164556962025317,0.033527696793002916,0.033925686591276254,0.027463651050080775,0.02926829268292683,0.03636363636363636,0.030303030303030304,0.07967479674796749,0.03759398496240601,0.05128205128205128,0.04784688995215311,0.0374251497005988,0.04355108877721943,0.039936102236421724,0.03940886699507389,0.021035598705501618,0.046875,0.03678929765886288,0.03260869565217391,0.05864197530864197,0.023255813953488372,0.018867924528301886,0.09922480620155039,0.031746031746031744,0.04690117252931323,0.02304147465437788,0.02782608695652174,0.026687598116169546,0.018779342723004695,0.030744336569579287,0.06397306397306397,0.04406779661016949,0.053125,0.051118210862619806,0.04854368932038835,0.03908794788273615,0.062111801242236024,0.038880248833592534,0.027552674230145867,0.027552674230145867,0.019801980198019802,0.08223684210526316,0.0374414976599064,0.03709949409780776,0.027375201288244767,0.03745928338762215,0.0313588850174216,0.02910958904109589,0.03697749196141479,0.02527646129541864,0.026856240126382307,0.032948929159802305,0.06493506493506493,0.05152979066022544,0.0297029702970297,0.04715447154471545,0.02023608768971332,0.034055727554179564,0.0984375,0.029275808936825885,0.02113821138211382,0.03793626707132018,0.04573170731707317,0.10634920634920635,0.08139534883720931,0.08542713567839195,0.0272,0.022082018927444796,0.03414634146341464,0.027287319422150885,0.04012841091492777,0.031446540880503145,0.03955696202531646,0.02936378466557912,0.03529411764705882,0.02905982905982906,0.048818897637795275,0.020569620253164556,0.03588907014681892,0.04241435562805873,0.024875621890547265,0.027419354838709678,0.023961661341853034,0.04340836012861737,0.04340836012861737,0.027463651050080775,0.04595879556259905,0.046898638426626324,0.012441679626749611,0.06896551724137931,0.0597667638483965,0.03770491803278689,0.034976152623211444,0.044072948328267476,0.045112781954887216,0.03015075376884422,0.04608294930875576,0.030252100840336135,0.03577235772357724,0.040336134453781515,0.05161290322580645,0.0231023102310231,0.03577512776831346,0.05582922824302135,0.024875621890547265,0.03376205787781351,0.047839506172839504,0.0180623973727422,0.01751592356687898,0.03902439024390244,0.03902439024390244,0.0350076103500761,0.04318936877076412,0.04739336492890995,0.03697749196141479
2023,1,9,prevalence,0.144,0.0060882800608828,0.009404388714733543,0.02218430034129693,0.012924071082390954,0.018633540372670808,0.0144,0.010903426791277258,0.013114754098360656,0.024193548387096774,0.013953488372093023,0.013953488372093023,0.03169572107765452,0.022935779816513763,0.02157164869029276,0.1233974358974359,0.02079722703639515,0.0234009360374415,0.15728476821192053,0.024469820554649267,0.015360983102918587,0.026856240126382307,0.01904761904761905,0.04225352112676056,0.005154639175257732,0.00778816199376947,0.022764227642276424,0.015527950310559006,0.004901960784313725,0.01726844583987441,0.012618296529968454,0.016611295681063124,0.008130081300813009,0.025597269624573378,0.023255813953488372,0.01263823064770932,0.01129032258064516,0.03453947368421053,0.011686143572621035,0.015151515151515152,0.004601226993865031,0.06806282722513089,0.02329450915141431,0.016778523489932886,0.041390728476821195,0.011093502377179081,0.02556390977443609,0.030911901081916538,0.03215434083601286,0.021172638436482084,0.012139605462822459,0.019769357495881382,0.012539184952978056,0.011254019292604502,0.024390243902439025,0.021172638436482084,0.07037643207855974,0.01592356687898089,0.006430868167202572,0.0049504950495049506,0.00927357032457496,0.009448818897637795,0.014586709886547812,0.024427480916030534,0.012195121951219513,0.08333333333333333,0.007776049766718507,0.015873015873015872,0.015050167224080268,0.03803486529318542,0.01669449081803005,0.02847571189279732,0.015873015873015872,0.06290322580645161,0.016,0.01687116564417178,0.15127388535031847,0.05337519623233909,0.009724473257698542,0.006711409395973154,0.0062402496099844,0.10472972972972973,0.022950819672131147,0.10149750415973377,0.017488076311605722,0.012441679626749611,0.011834319526627219,0.01155115511551155,0.00631911532385466,0.01579778830963665,0.02159468438538206,0.01355421686746988,0.119281045751634,0.015015015015015015,0.05511811023622047,0.030015797788309637,0.019877675840978593,0.021630615640599003,0.02388535031847134,0.03262642740619902,0.013179571663920923,0.018461538461538463,0.02145214521452145,0.016975308641975308,0.07763975155279502,0.011217948717948718,0.006289308176100629,0.13333333333333333,0.017133956386292833,0.07512520868113523,0.009419152276295133,0.0069084628670120895,0.014040561622464899,0.006153846153846154,0.024077046548956663,0.03739837398373984,0.048252911813643926,0.03680981595092025,0.026729559748427674,0.01932367149758454,0.017857142857142856,0.10802469135802469,0.021116138763197588,0.0032414910858995136,0.0032414910858995136,0.013029315960912053,0.06456953642384106,0.01804511278195489,0.0392156862745098,0.014729950900163666,0.014975041597337771,0.006711409395973154,0.003389830508474576,0.05333333333333334,0.011058451816745656,0.014106583072100314,0.013201320132013201,0.052969502407704656,0.027287319422150885,0.012987012987012988,0.042692939244663386,0.00338409475465313,0.0109717868338558,0.1478129713423831,0.020123839009287926,0.00631911532385466,0.012539184952978056,0.01732283464566929,0.10091743119266056,0.11204013377926421,0.13696369636963696,0.009448818897637795,0.010494752623688156,0.009615384615384616,0.014308426073131956,0.01652892561983471,0.012422360248447204,0.018456375838926176,0.014285714285714285,0.014354066985645933,0.01384083044982699,0.02627511591962906,0.004608294930875576,0.011308562197092083,0.022187004754358162,0.00819672131147541,0.008,0.006557377049180328,0.06230031948881789,0.06230031948881789,0.01658374792703151,0.02384737678855326,0.014516129032258065,0.00927357032457496,0.0688,0.04236006051437216,0.02073365231259968,0.03343949044585987,0.016793893129770993,0.035114503816793895,0.013675213675213675,0.04754601226993865,0.022653721682847898,0.026058631921824105,0.016638935108153077,0.06279434850863422,0.02337228714524207,0.017915309446254073,0.036544850498338874,0.01,0.011093502377179081,0.020700636942675158,0.011382113821138212,0.00631911532385466,0.05778491171749599,0.05778491171749599,0.02037617554858934,0.037037037037037035,0.012461059190031152,0.014516129032258065
2024,1,9,prevalence,0.18657937806873978,0.0,0.0031397174254317113,0.0049586776859504135,0.0032414910858995136,0.008012820512820512,0.0062402496099844,0.0047169811320754715,0.0016313213703099511,0.009884678747940691,0.006279434850863423,0.006279434850863423,0.017684887459807074,0.00744047619047619,0.0078003120124804995,0.390282131661442,0.007961783439490446,0.012759170653907496,0.2944078947368421,0.008237232289950576,0.009230769230769232,0.0234009360374415,0.006220839813374806,0.04205607476635514,0.001658374792703151,0.0016051364365971107,0.006462035541195477,0.0046801872074883,0.004893964110929853,0.0046875,0.009216589861751152,0.006568144499178982,0.001639344262295082,0.05704697986577181,0.0048,0.004761904761904762,0.0016025641025641025,0.018211920529801324,0.008237232289950576,0.0030441400304414,0.0,0.08731466227347612,0.00819672131147541,0.0033112582781456954,0.0799347471451876,0.001639344262295082,0.006220839813374806,0.023006134969325152,0.006359300476947536,0.009950248756218905,0.0030581039755351682,0.00819672131147541,0.004658385093167702,0.003389830508474576,0.007874015748031496,0.016051364365971106,0.10252365930599369,0.027070063694267517,0.004739336492890996,0.001607717041800643,0.001567398119122257,0.00473186119873817,0.004746835443037975,0.009404388714733543,0.0031201248049922,0.15372168284789645,0.003067484662576687,0.006191950464396285,0.00667779632721202,0.07556270096463022,0.008264462809917356,0.00847457627118644,0.005934718100890208,0.03403565640194489,0.0109717868338558,0.0075528700906344415,0.22784810126582278,0.11867088607594936,0.003105590062111801,0.003316749585406302,0.007704160246533128,0.24834437086092714,0.006666666666666667,0.11375212224108659,0.001579778830963665,0.006042296072507553,0.0014992503748125937,0.005025125628140704,0.001584786053882726,0.0015748031496062992,0.0050335570469798654,0.006051437216338881,0.14634146341463414,0.005952380952380952,0.11882716049382716,0.04376012965964344,0.012195121951219513,0.006611570247933884,0.01740506329113924,0.05040650406504065,0.008223684210526315,0.0030959752321981426,0.010033444816053512,0.007692307692307693,0.1276595744680851,0.004746835443037975,0.0032310177705977385,0.17828200972447325,0.006134969325153374,0.23809523809523808,0.0015748031496062992,0.005119453924914676,0.007656967840735069,0.0,0.004724409448818898,0.013157894736842105,0.03372681281618887,0.041666666666666664,0.011058451816745656,0.008051529790660225,0.00792393026941363,0.1382488479262673,0.0015313935681470138,0.0032102728731942215,0.0032102728731942215,0.009419152276295133,0.07528641571194762,0.0077279752704791345,0.03912363067292645,0.001594896331738437,0.003278688524590164,0.0016611295681063123,0.001692047377326565,0.08360655737704918,0.004901960784313725,0.003076923076923077,0.0016722408026755853,0.04433497536945813,0.04416403785488959,0.0032679738562091504,0.030100334448160536,0.003284072249589491,0.004658385093167702,0.26533742331288346,0.012232415902140673,0.0015723270440251573,0.004672897196261682,0.0016286644951140066,0.10172143974960876,0.14918032786885246,0.28407224958949095,0.00322061191626409,0.006006006006006006,0.001589825119236884,0.00966183574879227,0.0032520325203252032,0.004792332268370607,0.009836065573770493,0.003215434083601286,0.00631911532385466,0.0035778175313059034,0.017133956386292833,0.003067484662576687,0.003284072249589491,0.004761904761904762,0.0015873015873015873,0.0,0.003169572107765452,0.08188976377952756,0.08188976377952756,0.006172839506172839,0.01726844583987441,0.003215434083601286,0.006153846153846154,0.05245901639344262,0.04888888888888889,0.006172839506172839,0.04,0.003169572107765452,0.03374233128834356,0.008169934640522876,0.06787330316742081,0.012738853503184714,0.012841091492776886,0.015772870662460567,0.11514195583596215,0.008431703204047217,0.061389337641357025,0.0136986301369863,0.003284072249589491,0.0015625,0.00974025974025974,0.006339144215530904,0.0,0.1024793388429752,0.1024793388429752,0.007751937984496124,0.03987240829346093,0.0171875,0.003236245954692557
2025,1,9,prevalence,0.31751227495908346,0.0014641288433382138,0.0032102728731942215,0.0,0.0049504950495049506,0.0016666666666666668,0.0015748031496062992,0.0016025641025641025,0.0,0.013266998341625208,0.0031545741324921135,0.0031545741324921135,0.0047169811320754715,0.0015220700152207,0.0,0.6075353218210361,0.004792332268370607,0.0049261083743842365,0.4006514657980456,0.0016366612111292963,0.015337423312883436,0.012779552715654952,0.0015313935681470138,0.083596214511041,0.0016286644951140066,0.0,0.001567398119122257,0.0,0.0032310177705977385,0.003110419906687403,0.006172839506172839,0.0016611295681063123,0.0016722408026755853,0.18333333333333332,0.0015873015873015873,0.001597444089456869,0.0015625,0.00505902192242833,0.007936507936507936,0.0029282576866764276,0.0,0.23344370860927152,0.001610305958132045,0.001584786053882726,0.16039279869067102,0.0,0.0031201248049922,0.026113671274961597,0.0015337423312883436,0.0049833887043189366,0.0,0.007961783439490446,0.003134796238244514,0.0033613445378151263,0.0015698587127158557,0.008116883116883116,0.1360759493670886,0.09569377990430622,0.0031201248049922,0.0,0.0,0.0,0.0,0.009389671361502348,0.0030959752321981426,0.2730210016155089,0.0015723270440251573,0.0030864197530864196,0.00686106346483705,0.13964686998394862,0.0,0.003284072249589491,0.0029985007496251873,0.01589825119236884,0.001610305958132045,0.007518796992481203,0.29465648854961835,0.31968503937007875,0.0015698587127158557,0.0,0.004651162790697674,0.5577557755775577,0.0034071550255536627,0.2098976109215017,0.0,0.0015503875968992248,0.0,0.0016638935108153079,0.0015384615384615385,0.0014903129657228018,0.0016339869281045752,0.0,0.2348993288590604,0.0030864197530864196,0.2765957446808511,0.1926163723916533,0.00625,0.006514657980456026,0.012841091492776886,0.12271973466003316,0.0032,0.0014925373134328358,0.004901960784313725,0.0030534351145038168,0.20344287949921752,0.003179650238473768,0.0031645569620253164,0.23717948717948717,0.0030581039755351682,0.5367892976588629,0.003179650238473768,0.0,0.0030211480362537764,0.0,0.0031847133757961785,0.0049504950495049506,0.015202702702702704,0.11128048780487805,0.004761904761904762,0.0032733224222585926,0.006349206349206349,0.1949685534591195,0.0,0.004777070063694267,0.004777070063694267,0.001597444089456869,0.07605177993527508,0.007692307692307693,0.06549520766773163,0.0,0.0,0.0016207455429497568,0.00338409475465313,0.13213703099510604,0.0,0.0,0.001644736842105263,0.03902439024390244,0.08153846153846153,0.003205128205128205,0.03459637561779242,0.0016181229773462784,0.004484304932735426,0.47417840375586856,0.00631911532385466,0.0015408320493066256,0.0,0.0,0.10658307210031348,0.2553191489361702,0.5244299674267101,0.001579778830963665,0.004518072289156626,0.001610305958132045,0.001658374792703151,0.001644736842105263,0.0,0.0016207455429497568,0.0016051364365971107,0.0015479876160990713,0.001718213058419244,0.00463678516228748,0.003129890453834116,0.0032102728731942215,0.0032733224222585926,0.001610305958132045,0.0,0.0,0.1263482280431433,0.1263482280431433,0.00315955766192733,0.011146496815286623,0.0,0.0029940119760479044,0.05128205128205128,0.0899390243902439,0.004784688995215311,0.043973941368078175,0.0,0.026194144838212634,0.004815409309791332,0.18731117824773413,0.0048543689320388345,0.006557377049180328,0.024154589371980676,0.2744479495268139,0.008460236886632826,0.3187702265372168,0.001692047377326565,0.0,0.0015128593040847202,0.003215434083601286,0.0015772870662460567,0.0,0.18032786885245902,0.18032786885245902,0.01746031746031746,0.02247191011235955,0.03554868624420402,0.0
