Time,age_start,age_end,measure,draw_0,draw_1,draw_2,draw_3,draw_4,draw_5,draw_6,draw_7,draw_8,draw_9,draw_10,draw_11,draw_12,draw_13,draw_14,draw_15,draw_16,draw_17,draw_18,draw_19,draw_20,draw_21,draw_22,draw_23,draw_24,draw_25,draw_26,draw_27,draw_28,draw_29,draw_30,draw_31,draw_32,draw_33,draw_34,draw_35,draw_36,draw_37,draw_38,draw_39,draw_40,draw_41,draw_42,draw_43,draw_44,draw_45,draw_46,draw_47,draw_48,draw_49,draw_50,draw_51,draw_52,draw_53,draw_54,draw_55,draw_56,draw_57,draw_58,draw_59,draw_60,draw_61,draw_62,draw_63,draw_64,draw_65,draw_66,draw_67,draw_68,draw_69,draw_70,draw_71,draw_72,draw_73,draw_74,draw_75,draw_76,draw_77,draw_78,draw_79,draw_80,draw_81,draw_82,draw_83,draw_84,draw_85,draw_86,draw_87,draw_88,draw_89,draw_90,draw_91,draw_92,draw_93,draw_94,draw_95,draw_96,draw_97,draw_98,draw_99,draw_100,draw_101,draw_102,draw_103,draw_104,draw_105,draw_106,draw_107,draw_108,draw_109,draw_110,draw_111,draw_112,draw_113,draw_114,draw_115,draw_116,draw_117,draw_118,draw_119,draw_120,draw_121,draw_122,draw_123,draw_124,draw_125,draw_126,draw_127,draw_128,draw_129,draw_130,draw_131,draw_132,draw_133,draw_134,draw_135,draw_136,draw_137,draw_138,draw_139,draw_140,draw_141,draw_142,draw_143,draw_144,draw_145,draw_146,draw_147,draw_148,draw_149,draw_150,draw_151,draw_152,draw_153,draw_154,draw_155,draw_156,draw_157,draw_158,draw_159,draw_160,draw_161,draw_162,draw_163,draw_164,draw_165,draw_166,draw_167,draw_168,draw_169,draw_170,draw_171,draw_172,draw_173,draw_174,draw_175,draw_176,draw_177,draw_178,draw_179,draw_180,draw_181,draw_182,draw_183,draw_184,draw_185,draw_186,draw_187,draw_188,draw_189,draw_190,draw_191,draw_192,draw_193,draw_194,draw_195,draw_196,draw_197,draw_198,draw_199
1996,1,9,prevalence,0.34477124183006536,0.31259968102073366,0.41054313099041534,0.35196374622356497,0.3287878787878788,0.4856278366111952,0.2574750830564784,0.49836065573770494,0.4634146341463415,0.376,0.43898573692551507,0.49663299663299665,0.4729299363057325,0.4596375617792422,0.5608214849921012,0.2152671755725191,0.33226324237560195,0.48484848484848486,0.5120385232744783,0.411214953271028,0.500780031201248,0.21688500727802038,0.25895765472312704,0.45752608047690013,0.2863636363636364,0.5015625,0.29893778452200304,0.36142625607779577,0.329635499207607,0.4550989345509893,0.3457364341085271,0.21348314606741572,0.5211726384364821,0.4059900166389351,0.24960753532182103,0.5159332321699545,0.4298780487804878,0.4407051282051282,0.37381703470031546,0.3717357910906298,0.5301794453507341,0.4625748502994012,0.3932926829268293,0.30434782608695654,0.30493273542600896,0.47584187408491946,0.5132192846034215,0.5340136054421769,0.42630744849445323,0.39258114374034003,0.5138888888888888,0.4518167456556082,0.42673107890499196,0.4525316455696203,0.38509316770186336,0.4244712990936556,0.35646687697160884,0.4777777777777778,0.4409090909090909,0.41467304625199364,0.4726134585289515,0.38870967741935486,0.42880258899676377,0.42048929663608564,0.24462809917355371,0.4862681744749596,0.34579439252336447,0.5847589424572317,0.42022116903633494,0.34918032786885245,0.215748031496063,0.3579454253611557,0.36106750392464676,0.34471544715447155,0.5128205128205128,0.45161290322580644,0.33649289099526064,0.3804034582132565,0.45016077170418006,0.3915022761760243,0.31319554848966613,0.19938650306748465,0.30141287284144425,0.4457627118644068,0.47775947281713343,0.4166666666666667,0.35139318885448917,0.5196969696969697,0.4758942457231726,0.40938511326860844,0.3993993993993994,0.16163141993957703,0.43283582089552236,0.33931484502446985,0.38402457757296465,0.46646341463414637,0.3269230769230769,0.3866231647634584,0.5038167938931297,0.46504559270516715,0.48012718600953896,0.35909822866344604,0.46733668341708545,0.49922239502332816,0.2836767036450079,0.46141975308641975,0.37540453074433655,0.3490566037735849,0.4262295081967213,0.34307692307692306,0.31347962382445144,0.44038155802861684,0.41131498470948014,0.47716535433070867,0.3756019261637239,0.3374045801526718,0.36977491961414793,0.5107438016528926,0.40797546012269936,0.41139240506329117,0.4799357945425361,0.46774193548387094,0.47360248447204967,0.3841166936790924,0.2551181102362205,0.4628751974723539,0.5679611650485437,0.41823899371069184,0.40092879256965946,0.43883792048929665,0.38972809667673713,0.314873417721519,0.2554858934169279,0.3868954758190328,0.45454545454545453,0.4389438943894389,0.3841554559043348,0.35426731078904994,0.4904153354632588,0.38161993769470404,0.42414355628058725,0.3312202852614897,0.41732283464566927,0.36012861736334406,0.21587301587301588,0.40371621621621623,0.3557993730407524,0.4187116564417178,0.48253968253968255,0.375594294770206,0.30518518518518517,0.45354330708661417,0.4414976599063963,0.31347962382445144,0.39236641221374047,0.5220338983050847,0.41130298273155413,0.37006578947368424,0.4391785150078989,0.26825396825396824,0.27533783783783783,0.4341692789968652,0.29052969502407705,0.45,0.3563579277864992,0.34615384615384615,0.3287461773700306,0.33986928104575165,0.39908256880733944,0.31496062992125984,0.3575949367088608,0.44677661169415295,0.40264026402640263,0.4434250764525994,0.5041186161449753,0.31789137380191695,0.36661211129296234,0.3069908814589666,0.25193199381761977,0.4745762711864407,0.3721311475409836,0.5114155251141552,0.5286624203821656,0.46337308347529815,0.42566510172143973,0.3918918918918919,0.36597110754414125,0.4186046511627907,0.37664473684210525,0.365625,0.5407523510971787,0.31311475409836065,0.3978328173374613,0.45754716981132076,0.42278860569715143,0.49293563579277866,0.3888888888888889,0.37715179968701096,0.4576271186440678,0.41384615384615386
1997,1,9,prevalence,0.39403973509933776,0.2633333333333333,0.5185185185185185,0.3453689167974882,0.38808373590982287,0.39781591263650545,0.33277310924369746,0.4982876712328767,0.36683417085427134,0.3195548489666137,0.451505016722408,0.47440273037542663,0.43305785123966944,0.4567062818336163,0.5548387096774193,0.25662251655629137,0.36212624584717606,0.41233766233766234,0.48911222780569513,0.4900662251655629,0.5621970920840065,0.2887864823348694,0.36710963455149503,0.44832826747720367,0.27596899224806204,0.4626865671641791,0.40415335463258784,0.40924092409240925,0.33828382838283827,0.4720121028744327,0.3595505617977528,0.2423728813559322,0.5416666666666666,0.4463373083475298,0.21656050955414013,0.5293185419968305,0.4207221350078493,0.42424242424242425,0.41042345276872966,0.4246353322528363,0.5742904841402338,0.4558359621451104,0.4287974683544304,0.3117744610281924,0.35648148148148145,0.4176470588235294,0.47163695299837927,0.4794520547945205,0.48013245033112584,0.3029801324503311,0.5055821371610846,0.42269736842105265,0.43870967741935485,0.512,0.4381107491856677,0.4288,0.3776,0.37753510140405616,0.3728,0.4276206322795341,0.42880258899676377,0.37055837563451777,0.33889816360601,0.4546899841017488,0.3388704318936877,0.3802588996763754,0.3646496815286624,0.5619047619047619,0.38263665594855306,0.32160804020100503,0.1808,0.3963210702341137,0.36304700162074555,0.27107438016528923,0.4876847290640394,0.41956882255389716,0.32387312186978295,0.3450920245398773,0.40066225165562913,0.3516483516483517,0.38926174496644295,0.18622848200312989,0.25666666666666665,0.48625429553264604,0.4864406779661017,0.3969594594594595,0.4251968503937008,0.5076452599388379,0.49589490968801314,0.3946932006633499,0.4818897637795276,0.1435257410296412,0.35802469135802467,0.429042904290429,0.4825291181364393,0.4556765163297045,0.3691275167785235,0.36741767764298094,0.432,0.4788961038961039,0.5347682119205298,0.37333333333333335,0.47863247863247865,0.5816666666666667,0.3902439024390244,0.36,0.4166666666666667,0.37318255250403876,0.348993288590604,0.3370967741935484,0.3153724247226624,0.48258706467661694,0.35185185185185186,0.5358306188925082,0.4415156507413509,0.35294117647058826,0.3885245901639344,0.46037099494097805,0.46317512274959083,0.4195121951219512,0.5365853658536586,0.4211409395973154,0.4375,0.4297658862876254,0.23557692307692307,0.4138486312399356,0.5041186161449753,0.34602649006622516,0.3841059602649007,0.4310897435897436,0.44605475040257647,0.3147208121827411,0.2757527733755943,0.4335548172757475,0.4154103852596315,0.47018739352640543,0.350547730829421,0.31841652323580033,0.4737704918032787,0.2973421926910299,0.47420965058236275,0.4012738853503185,0.45230263157894735,0.3485342019543974,0.25210084033613445,0.44028520499108736,0.42601626016260163,0.451559934318555,0.492776886035313,0.3382352941176471,0.358161648177496,0.4158415841584158,0.4577114427860697,0.3333333333333333,0.3643410852713178,0.5445544554455446,0.48293515358361777,0.3390119250425894,0.48322147651006714,0.3711864406779661,0.43333333333333335,0.4558359621451104,0.327212020033389,0.47783251231527096,0.3983606557377049,0.2692307692307692,0.3556280587275693,0.2894736842105263,0.3333333333333333,0.34782608695652173,0.42070116861435725,0.3915756630265211,0.4090909090909091,0.48863636363636365,0.4991304347826087,0.2878289473684211,0.37416107382550334,0.3516819571865443,0.3197389885807504,0.49203821656050956,0.403035413153457,0.5039123630672926,0.4891846921797005,0.45390070921985815,0.482258064516129,0.40442338072669826,0.38747884940778343,0.4504792332268371,0.42574257425742573,0.39834710743801655,0.5393442622950819,0.365,0.3683360258481422,0.34591194968553457,0.3616692426584235,0.5127768313458262,0.34574468085106386,0.35108153078202997,0.5054945054945055,0.4491803278688525
1998,1,9,prevalence,0.30578512396694213,0.3076923076923077,0.4130781499202552,0.2879746835443038,0.3408360128617363,0.33547351524879615,0.4,0.5143824027072758,0.36585365853658536,0.260596546310832,0.4592833876221498,0.5144312393887945,0.4621710526315789,0.503448275862069,0.5939490445859873,0.24422442244224424,0.4134453781512605,0.4943639291465378,0.551304347826087,0.4278688524590164,0.48484848484848486,0.2606707317073171,0.304857621440536,0.5098335854765507,0.2645161290322581,0.5211505922165821,0.3338709677419355,0.3983739837398374,0.3519736842105263,0.49693251533742333,0.44551282051282054,0.3016949152542373,0.5282392026578073,0.4271356783919598,0.23140495867768596,0.5504,0.43690851735015773,0.42467948717948717,0.37337662337662336,0.339171974522293,0.567524115755627,0.470125786163522,0.3902439024390244,0.27759197324414714,0.357032457496136,0.4178885630498534,0.5503246753246753,0.46563573883161513,0.4544,0.2827140549273021,0.522342064714946,0.415748031496063,0.46275752773375595,0.4693548387096774,0.46710526315789475,0.4153846153846154,0.3722044728434505,0.47217806041335453,0.3910149750415973,0.41408934707903783,0.449438202247191,0.4248062015503876,0.3664,0.40350877192982454,0.42158516020236086,0.34548335974643424,0.3397129186602871,0.5488372093023256,0.4312796208530806,0.26677852348993286,0.16639209225700163,0.26194398682042835,0.3360522022838499,0.2315112540192926,0.487012987012987,0.4323873121869783,0.33167495854063017,0.24454828660436137,0.4560810810810811,0.36334913112164297,0.42327150084317033,0.2987012987012987,0.2093425605536332,0.477112676056338,0.500823723228995,0.4246575342465753,0.34782608695652173,0.5216049382716049,0.5016181229773463,0.3737704918032787,0.42467948717948717,0.13782051282051283,0.34335443037974683,0.36885245901639346,0.4478330658105939,0.4371165644171779,0.3609271523178808,0.3881118881118881,0.45125786163522014,0.4470404984423676,0.5160202360876898,0.36046511627906974,0.4804964539007092,0.5031948881789138,0.3162118780096308,0.3355155482815057,0.4040066777963272,0.3134087237479806,0.3739565943238731,0.375,0.2629032258064516,0.4318936877076412,0.30109204368174725,0.45483870967741935,0.379585326953748,0.31259968102073366,0.4003322259136213,0.46942148760330576,0.48881789137380194,0.4869281045751634,0.5385826771653544,0.48223350253807107,0.43882544861337686,0.41235392320534225,0.3192868719611021,0.43759873617693523,0.5441176470588235,0.34941763727121466,0.4709784411276949,0.3937908496732026,0.36261980830670926,0.4090909090909091,0.2746031746031746,0.4336569579288026,0.45348837209302323,0.46812080536912754,0.3338709677419355,0.3264957264957265,0.42857142857142855,0.32142857142857145,0.5198019801980198,0.4201954397394137,0.4194078947368421,0.34210526315789475,0.2301038062283737,0.35231316725978645,0.34053156146179403,0.44047619047619047,0.4717285945072698,0.33980582524271846,0.36075949367088606,0.48231511254019294,0.46557377049180326,0.3615257048092869,0.3745928338762215,0.5284552845528455,0.39372822299651566,0.3824027072758037,0.46365105008077545,0.411864406779661,0.41127694859038144,0.44976076555023925,0.3587140439932318,0.4927302100161551,0.425531914893617,0.2953020134228188,0.31629392971246006,0.2684887459807074,0.34935897435897434,0.45187601957585644,0.436241610738255,0.415748031496063,0.3548922056384743,0.4588815789473684,0.4742268041237113,0.2107843137254902,0.4340567612687813,0.3523076923076923,0.33226324237560195,0.49447077409162715,0.4184514003294893,0.43471337579617836,0.512396694214876,0.4810344827586207,0.43800322061191627,0.4125,0.3709677419354839,0.40842787682333875,0.3653543307086614,0.4584717607973422,0.5496688741721855,0.4562289562289562,0.3753943217665615,0.36984126984126986,0.42996742671009774,0.5422885572139303,0.35304659498207885,0.30064308681672025,0.4661290322580645,0.3987034035656402
1999,1,9,prevalence,0.40916271721958924,0.3338815789473684,0.36006546644844517,0.2942122186495177,0.36995153473344106,0.5279106858054227,0.4271356783919598,0.5579470198675497,0.43478260869565216,0.2755905511811024,0.49356913183279744,0.425531914893617,0.45171849427168576,0.459552495697074,0.5837173579109063,0.26567656765676567,0.40301003344481606,0.46557377049180326,0.563973063973064,0.40549273021001614,0.4586709886547812,0.2566510172143975,0.26094003241491087,0.4782608695652174,0.284329563812601,0.5879310344827586,0.2827140549273021,0.4301948051948052,0.28046744574290483,0.47692307692307695,0.45396825396825397,0.31833333333333336,0.5225375626043406,0.45,0.19601328903654486,0.5573770491803278,0.44549763033175355,0.364951768488746,0.34551495016611294,0.4729299363057325,0.5758998435054773,0.4379905808477237,0.3679092382495948,0.3161512027491409,0.39178515007898895,0.43891402714932126,0.4507269789983845,0.5342237061769616,0.44426494345718903,0.3005008347245409,0.5069984447900466,0.39869281045751637,0.4190031152647975,0.44855305466237944,0.4591503267973856,0.3759512937595129,0.3354632587859425,0.45794392523364486,0.39501779359430605,0.4642233856893543,0.38301282051282054,0.3712,0.3725806451612903,0.4784688995215311,0.36593591905564926,0.3550488599348534,0.32310177705977383,0.5760869565217391,0.4537037037037037,0.18226600985221675,0.1734006734006734,0.27835051546391754,0.33828382838283827,0.22058823529411764,0.47335423197492166,0.44065040650406506,0.2854785478547855,0.2202852614896989,0.4686971235194585,0.32921174652241114,0.366723259762309,0.29373996789727125,0.2972972972972973,0.4270650263620387,0.4636963696369637,0.4271356783919598,0.4065934065934066,0.4743202416918429,0.5292207792207793,0.44625407166123776,0.46787479406919275,0.12440944881889764,0.3950617283950617,0.3493975903614458,0.44992050874403816,0.4772370486656201,0.33049403747870526,0.40202702702702703,0.4622792937399679,0.4754358161648177,0.5075885328836425,0.3825944170771757,0.5212765957446809,0.5448818897637795,0.30877742946708464,0.4383116883116883,0.33557046979865773,0.28253968253968254,0.3852327447833066,0.3942307692307692,0.2431561996779388,0.4557377049180328,0.2998477929984779,0.535303776683087,0.3525641025641026,0.38362760834670945,0.38548387096774195,0.4096185737976783,0.4396135265700483,0.5122749590834698,0.46105919003115264,0.4754653130287648,0.43791946308724833,0.3616298811544992,0.2792207792207792,0.4637223974763407,0.5424528301886793,0.4172077922077922,0.4504950495049505,0.3837579617834395,0.3707692307692308,0.397456279809221,0.35566188197767146,0.43399339933993397,0.4169435215946844,0.4273789649415693,0.30914826498422715,0.43350604490500866,0.47634069400630913,0.32166666666666666,0.5088,0.3525535420098847,0.423841059602649,0.31699346405228757,0.25044091710758376,0.32972972972972975,0.2909090909090909,0.37521514629948366,0.466557911908646,0.34235668789808915,0.3637795275590551,0.46141732283464565,0.47394957983193275,0.35135135135135137,0.31788079470198677,0.5039872408293461,0.47543859649122805,0.40847457627118644,0.44983818770226536,0.38095238095238093,0.32263242375601925,0.43548387096774194,0.33444816053511706,0.35668789808917195,0.41,0.33164983164983164,0.21911037891268534,0.2568659127625202,0.39938556067588327,0.4049586776859504,0.4099173553719008,0.43630573248407645,0.31270903010033446,0.4570957095709571,0.45923460898502494,0.23140495867768596,0.45546218487394957,0.3782542113323124,0.24574961360123648,0.47163695299837927,0.3942470389170897,0.5055821371610846,0.48870967741935484,0.4520547945205479,0.4066115702479339,0.40606060606060607,0.3989983305509182,0.4521880064829822,0.33707865168539325,0.432937181663837,0.5705128205128205,0.40436241610738255,0.3737704918032787,0.37261146496815284,0.4251592356687898,0.5529801324503312,0.3421985815602837,0.2962962962962963,0.45634266886326197,0.413290113452188
2000,1,9,prevalence,0.33278955954323003,0.31896551724137934,0.34379905808477235,0.33278418451400327,0.36920529801324503,0.4442675159235669,0.3563218390804598,0.4577702702702703,0.4457627118644068,0.28703703703703703,0.420032310177706,0.45565217391304347,0.43980738362760835,0.4819277108433735,0.5793528505392912,0.1949579831932773,0.36612903225806454,0.4959481361426256,0.5613126079447323,0.4728682170542636,0.4864433811802233,0.16012558869701726,0.24110032362459546,0.47575757575757577,0.3609271523178808,0.5272108843537415,0.31962025316455694,0.37540453074433655,0.30333333333333334,0.4706814580031696,0.3777429467084639,0.2878289473684211,0.490787269681742,0.3122866894197952,0.14285714285714285,0.565359477124183,0.44603174603174606,0.41272430668841764,0.3372093023255814,0.4088669950738916,0.5571205007824727,0.4622792937399679,0.3301282051282051,0.31069609507640067,0.3209076175040519,0.4040561622464899,0.5323624595469255,0.5901639344262295,0.47468354430379744,0.32295081967213113,0.4316109422492401,0.3639291465378422,0.4186413902053712,0.416260162601626,0.4713584288052373,0.41341653666146644,0.2679425837320574,0.5117004680187207,0.34668989547038326,0.4844290657439446,0.4528,0.3518225039619651,0.40390879478827363,0.4683954619124797,0.26178861788617885,0.40487804878048783,0.3017656500802568,0.57847533632287,0.3666146645865835,0.21087314662273476,0.20854700854700856,0.3676222596964587,0.3242784380305603,0.26436781609195403,0.48598130841121495,0.5169082125603864,0.2894736842105263,0.3259493670886076,0.459412780656304,0.3042121684867395,0.40869565217391307,0.3305921052631579,0.3818493150684932,0.41144901610017887,0.47896440129449835,0.4548440065681445,0.4344391785150079,0.4687975646879756,0.5382165605095541,0.41983471074380163,0.44570502431118314,0.16051364365971107,0.3888888888888889,0.4013377926421405,0.49836601307189543,0.42724458204334365,0.4013266998341625,0.3501683501683502,0.438871473354232,0.434991974317817,0.5175879396984925,0.3570274636510501,0.521505376344086,0.525,0.2929133858267717,0.4032520325203252,0.3587662337662338,0.32741935483870965,0.3961038961038961,0.3893249607535322,0.28687196110210694,0.4366883116883117,0.35248447204968947,0.4570552147239264,0.3003246753246753,0.33647798742138363,0.35313001605136435,0.4274193548387097,0.46141479099678456,0.44045676998368677,0.5501567398119123,0.4180327868852459,0.41788617886178864,0.30267558528428096,0.30247933884297523,0.462992125984252,0.5093457943925234,0.409967845659164,0.47896440129449835,0.506578947368421,0.3573667711598746,0.41823899371069184,0.38110236220472443,0.4320785597381342,0.39028475711892796,0.46563573883161513,0.33876221498371334,0.4341216216216216,0.4976452119309262,0.3060556464811784,0.5583596214511041,0.3021702838063439,0.4462809917355372,0.27287853577371046,0.2864406779661017,0.3172905525846702,0.3758503401360544,0.45517241379310347,0.4796084828711256,0.3040650406504065,0.35266457680250785,0.4715447154471545,0.4958813838550247,0.305,0.35413153456998314,0.5105008077544426,0.4780316344463972,0.4103852596314908,0.43676222596964587,0.428099173553719,0.3311367380560132,0.3575949367088608,0.3756260434056761,0.5032154340836013,0.36608557844690964,0.3586776859504132,0.2106969205834684,0.2905844155844156,0.3717357910906298,0.42694805194805197,0.34545454545454546,0.40514469453376206,0.3408360128617363,0.4583333333333333,0.37970540098199673,0.27348993288590606,0.3869426751592357,0.41341653666146644,0.30757575757575756,0.5106732348111659,0.39622641509433965,0.47385103011093505,0.5234899328859061,0.5210084033613446,0.4745222929936306,0.39083969465648855,0.3128205128205128,0.4628099173553719,0.325115562403698,0.4189189189189189,0.5261437908496732,0.3877221324717286,0.26865671641791045,0.35266457680250785,0.48392282958199356,0.5478991596638656,0.38070175438596493,0.2996742671009772,0.46411483253588515,0.40064620355411956
2001,1,9,prevalence,0.36612903225806454,0.24268502581755594,0.39418416801292405,0.4201954397394137,0.3487972508591065,0.39968404423380727,0.3300813008130081,0.5463743676222597,0.43449419568822556,0.3262518968133536,0.3711507293354943,0.5279187817258884,0.47249190938511326,0.5,0.5545454545454546,0.18959731543624161,0.42673107890499196,0.48089171974522293,0.5123239436619719,0.4003215434083601,0.5492730210016155,0.21782178217821782,0.21256038647342995,0.4539877300613497,0.32131147540983607,0.5207296849087893,0.41373801916932906,0.3896940418679549,0.2722772277227723,0.45292207792207795,0.38699690402476783,0.30377668308702793,0.435,0.34219269102990035,0.147008547008547,0.4684385382059801,0.3965785381026439,0.42992125984251967,0.3417085427135678,0.4096989966555184,0.5468509984639017,0.5039745627980922,0.3656597774244833,0.3201320132013201,0.29431438127090304,0.4227129337539432,0.5,0.5789473684210527,0.48346456692913387,0.3538205980066445,0.550314465408805,0.47126436781609193,0.3365231259968102,0.38397328881469117,0.45289256198347105,0.3965785381026439,0.2539936102236422,0.5031746031746032,0.44047619047619047,0.41989881956155145,0.43808049535603716,0.29777070063694266,0.38041733547351525,0.45705024311183146,0.21256038647342995,0.441747572815534,0.3359375,0.5402635431918009,0.4263565891472868,0.27121464226289516,0.22039473684210525,0.373109243697479,0.34060402684563756,0.2838709677419355,0.5071542130365659,0.3842443729903537,0.3464696223316913,0.3709677419354839,0.4581196581196581,0.3245341614906832,0.3855421686746988,0.26058631921824105,0.34060402684563756,0.43309859154929575,0.43759630200308164,0.3562091503267974,0.4776357827476038,0.49157733537519144,0.49053627760252366,0.37681159420289856,0.44570502431118314,0.20394736842105263,0.40649149922720246,0.3490725126475548,0.4578512396694215,0.44785276073619634,0.3014827018121911,0.3655737704918033,0.46615384615384614,0.5069767441860465,0.48299319727891155,0.24207011686143573,0.5137111517367459,0.538109756097561,0.20833333333333334,0.2910569105691057,0.3184818481848185,0.3235772357723577,0.4208,0.3892307692307692,0.3414239482200647,0.38813559322033897,0.2905844155844156,0.5122324159021406,0.3715670436187399,0.31811023622047246,0.32385466034755134,0.3886178861788618,0.5314009661835749,0.47435897435897434,0.5176282051282052,0.39456869009584666,0.40728476821192056,0.3465346534653465,0.2699490662139219,0.3603174603174603,0.4560862865947612,0.4255663430420712,0.428341384863124,0.465818759936407,0.4009216589861751,0.4039938556067588,0.36585365853658536,0.5016233766233766,0.4461538461538462,0.4359861591695502,0.2944078947368421,0.37254901960784315,0.4714285714285714,0.3778877887788779,0.4379905808477237,0.3147208121827411,0.45107794361525705,0.3832236842105263,0.317157712305026,0.4306049822064057,0.441025641025641,0.4577702702702703,0.4610492845786963,0.2883031301482702,0.3465818759936407,0.4142194744976816,0.43934426229508194,0.4739413680781759,0.3595505617977528,0.48253968253968255,0.49636363636363634,0.3504983388704319,0.46410684474123537,0.343801652892562,0.32838283828382836,0.4012841091492777,0.37976782752902155,0.4375,0.3451043338683788,0.30944625407166126,0.16474464579901152,0.2411467116357504,0.35023041474654376,0.3856,0.4213197969543147,0.43312101910828027,0.4016,0.4925864909390445,0.4429530201342282,0.31281198003327787,0.35873015873015873,0.3613312202852615,0.38854489164086686,0.4991869918699187,0.4238952536824877,0.5136436597110754,0.4949664429530201,0.4685430463576159,0.43657331136738053,0.41743119266055045,0.2751235584843493,0.4714765100671141,0.3434650455927052,0.4074702886247878,0.4741235392320534,0.3939873417721519,0.31896551724137934,0.4220472440944882,0.4868624420401855,0.47906197654941374,0.40069686411149824,0.25493421052631576,0.43929712460063897,0.4911147011308562
2002,1,9,prevalence,0.3808,0.23518850987432674,0.30063291139240506,0.3232,0.38078902229845624,0.4231378763866878,0.4028892455858748,0.592891760904685,0.30870279146141216,0.27565084226646247,0.454983922829582,0.5395189003436426,0.5016233766233766,0.45840407470288624,0.5109034267912772,0.24540901502504173,0.38311688311688313,0.4736,0.5910652920962199,0.4666666666666667,0.5149606299212598,0.2093425605536332,0.27724358974358976,0.48833592534992226,0.3469721767594108,0.5158069883527454,0.3563579277864992,0.41272430668841764,0.30194805194805197,0.4577922077922078,0.36932707355242567,0.2159090909090909,0.46102819237147596,0.4403225806451613,0.14726027397260275,0.5524590163934426,0.3619047619047619,0.3824959481361426,0.41042345276872966,0.40487804878048783,0.5990783410138248,0.5134706814580031,0.369281045751634,0.29471890971039183,0.25982905982905985,0.421474358974359,0.5145631067961165,0.5444078947368421,0.5078369905956113,0.36363636363636365,0.501577287066246,0.4596375617792422,0.3776,0.5024793388429752,0.4151260504201681,0.4085173501577287,0.2956381260096931,0.3953125,0.5042016806722689,0.4429065743944637,0.3931240657698057,0.3193548387096774,0.33225283630470015,0.4332784184514003,0.23557692307692307,0.4106280193236715,0.34937888198757766,0.5884101040118871,0.4574468085106383,0.34576271186440677,0.28171334431630973,0.280672268907563,0.3667205169628433,0.30708661417322836,0.5047923322683706,0.5181518151815182,0.309328968903437,0.34069400630914826,0.4051724137931034,0.3390894819466248,0.39436619718309857,0.23841059602649006,0.3669421487603306,0.4823321554770318,0.49251497005988026,0.3390119250425894,0.4391025641025641,0.5038639876352395,0.5088566827697263,0.39408866995073893,0.44749596122778673,0.23311897106109325,0.42879019908116384,0.3826530612244898,0.47435897435897434,0.48333333333333334,0.2964824120603015,0.2802653399668325,0.44875776397515527,0.4182692307692308,0.5415282392026578,0.37458745874587457,0.5837742504409171,0.5576036866359447,0.2561174551386623,0.4437194127243067,0.34846029173419774,0.3722044728434505,0.43934426229508194,0.3949843260188088,0.3564356435643564,0.4745484400656814,0.3003246753246753,0.47900466562986005,0.4224,0.315541601255887,0.33828382838283827,0.45125786163522014,0.4310897435897436,0.40498442367601245,0.4891304347826087,0.536741214057508,0.3963210702341137,0.3609671848013817,0.25254237288135595,0.4413145539906103,0.4214618973561431,0.41127694859038144,0.4721311475409836,0.3370967741935484,0.41013824884792627,0.3665086887835703,0.32819722650231126,0.4492063492063492,0.40657439446366783,0.48027444253859347,0.3793103448275862,0.3915171288743883,0.439873417721519,0.31552587646076796,0.48870967741935484,0.3604060913705584,0.40663176265270506,0.3873581847649919,0.314878892733564,0.4092465753424658,0.45,0.48322147651006714,0.46771653543307085,0.3588039867109635,0.30456026058631924,0.42924528301886794,0.45348837209302323,0.3544715447154472,0.38387096774193546,0.4865293185419968,0.46714031971580816,0.3768844221105528,0.4403225806451613,0.38209982788296043,0.3113673805601318,0.34248788368336025,0.3132328308207705,0.3905511811023622,0.3387096774193548,0.3365695792880259,0.1564625850340136,0.2857142857142857,0.3424242424242424,0.38351822503961963,0.43833333333333335,0.39705882352941174,0.254746835443038,0.4437194127243067,0.35960591133004927,0.3276157804459691,0.32903225806451614,0.2868217054263566,0.3723916532905297,0.45058626465661644,0.38996763754045305,0.5,0.5276381909547738,0.48811410459587956,0.4500818330605565,0.40570522979397783,0.42203389830508475,0.4918300653594771,0.33883058470764615,0.4471947194719472,0.6013179571663921,0.3338632750397456,0.38581314878892736,0.42289348171701113,0.42153846153846153,0.4852459016393443,0.3983193277310924,0.2900505902192243,0.48381877022653724,0.42833607907743
2003,1,9,prevalence,0.3780290791599354,0.30604982206405695,0.4620355411954766,0.3602584814216478,0.3708838821490468,0.45187601957585644,0.34202453987730064,0.5460420032310178,0.401006711409396,0.33539412673879443,0.36318407960199006,0.5066889632107023,0.5271565495207667,0.5008431703204047,0.4473684210526316,0.3431372549019608,0.35303514376996803,0.529505582137161,0.5870307167235495,0.4194577352472089,0.5055118110236221,0.26218487394957984,0.3392568659127625,0.48742138364779874,0.2874564459930314,0.4639865996649916,0.2968253968253968,0.4129032258064516,0.3170731707317073,0.48792270531400966,0.3056426332288401,0.20933977455716588,0.48747913188647746,0.3814102564102564,0.1507537688442211,0.5844594594594594,0.35678391959798994,0.4056761268781302,0.46909667194928684,0.3058823529411765,0.5864197530864198,0.44136807817589574,0.3973941368078176,0.23220338983050848,0.28421052631578947,0.44966442953020136,0.5467741935483871,0.5412541254125413,0.4552590266875981,0.3501742160278746,0.448,0.4292763157894737,0.384012539184953,0.5008210180623974,0.4292763157894737,0.4073482428115016,0.3297045101088647,0.3535031847133758,0.4491525423728814,0.3339253996447602,0.44879518072289154,0.4353518821603928,0.37110016420361247,0.46153846153846156,0.24717285945072698,0.3481717011128776,0.34312210200927357,0.5340393343419062,0.416289592760181,0.3645833333333333,0.2799325463743676,0.23833333333333334,0.40584415584415584,0.23739837398373984,0.46905537459283386,0.4594594594594595,0.35058430717863104,0.2830188679245283,0.42131147540983604,0.2816,0.4529616724738676,0.2878289473684211,0.32550335570469796,0.4683333333333333,0.5094339622641509,0.4228855721393035,0.4462809917355372,0.4921875,0.5383411580594679,0.3415435139573071,0.42063492063492064,0.29777070063694266,0.39375,0.39487179487179486,0.48484848484848486,0.4796380090497738,0.2807308970099668,0.3087248322147651,0.3952755905511811,0.46229508196721314,0.47058823529411764,0.34192439862542956,0.6237288135593221,0.5356037151702786,0.26622296173044924,0.3694581280788177,0.3487261146496815,0.39800995024875624,0.3942307692307692,0.40372670807453415,0.3582089552238806,0.41042345276872966,0.3338983050847458,0.4469096671949287,0.32148626817447495,0.3473344103392569,0.3983193277310924,0.41140215716486905,0.43471074380165287,0.3746031746031746,0.4519685039370079,0.42375601926163725,0.4122657580919932,0.41442953020134227,0.25203252032520324,0.4056603773584906,0.49611197511664074,0.3435374149659864,0.465625,0.37756714060031593,0.4186746987951807,0.34455128205128205,0.3242009132420091,0.3705501618122977,0.44991212653778556,0.44991511035653653,0.3704318936877076,0.3419773095623987,0.40570522979397783,0.26578073089701,0.4605678233438486,0.33276157804459694,0.4931506849315068,0.30615640599001664,0.3096885813148789,0.42225859247135844,0.37544483985765126,0.4371859296482412,0.4608,0.35303514376996803,0.30491803278688523,0.38958990536277605,0.5150501672240803,0.3525641025641026,0.3107890499194847,0.49310872894333846,0.48841354723707664,0.4442595673876872,0.4861788617886179,0.3293515358361775,0.3502377179080824,0.451559934318555,0.3772652388797364,0.43032159264931086,0.4326923076923077,0.32172470978441126,0.19561551433389546,0.3015075376884422,0.27123695976154993,0.40418679549114334,0.4605263157894737,0.42122719734660036,0.352,0.4910277324632953,0.42950819672131146,0.23776223776223776,0.33490566037735847,0.34177215189873417,0.20516962843295639,0.4934426229508197,0.38388625592417064,0.4188976377952756,0.46243739565943237,0.45901639344262296,0.5149501661129569,0.40809968847352024,0.41156462585034015,0.42474916387959866,0.3267776096822995,0.41408934707903783,0.5489566613162119,0.3622291021671827,0.39267015706806285,0.40062597809076683,0.4346456692913386,0.5296,0.2711864406779661,0.282312925170068,0.43066884176182707,0.43521594684385384
2004,1,9,prevalence,0.43111831442463533,0.32685512367491165,0.4265402843601896,0.37439222042139386,0.4327390599675851,0.4330708661417323,0.3548387096774194,0.5577557755775577,0.4169435215946844,0.3619631901840491,0.4292763157894737,0.4974958263772955,0.40435458786936235,0.5044722719141324,0.5825396825396826,0.34035656401944897,0.40129449838187703,0.4645669291338583,0.5374149659863946,0.4290322580645161,0.4975609756097561,0.27521367521367524,0.335423197492163,0.513776337115073,0.31986531986531985,0.5357142857142857,0.30258899676375406,0.40435458786936235,0.3247588424437299,0.5159235668789809,0.4040561622464899,0.1936,0.4882943143812709,0.36261980830670926,0.2602965403624382,0.5159663865546219,0.4677685950413223,0.41652892561983473,0.4416403785488959,0.305982905982906,0.5332326283987915,0.5098360655737705,0.36541598694942906,0.2315270935960591,0.3494809688581315,0.44816053511705684,0.45975232198142413,0.5076142131979695,0.44,0.35075885328836426,0.47495961227786754,0.4636963696369637,0.39191290824261277,0.5088282504012841,0.42203389830508475,0.42716857610474634,0.3592233009708738,0.38704581358609796,0.436426116838488,0.3428063943161634,0.45161290322580644,0.3974358974358974,0.44861337683523655,0.44894651539708263,0.23529411764705882,0.44749596122778673,0.38184663536776214,0.5487256371814093,0.37227414330218067,0.3089983022071307,0.2913907284768212,0.28618968386023297,0.3587662337662338,0.30756302521008405,0.4512987012987013,0.47385103011093505,0.4367816091954023,0.27929373996789725,0.4621710526315789,0.3621533442088091,0.41337907375643224,0.28205128205128205,0.27702702702702703,0.4107744107744108,0.4230769230769231,0.3583061889250814,0.42203389830508475,0.4453125,0.5277337559429477,0.3627450980392157,0.39418416801292405,0.29373996789727125,0.37681159420289856,0.3118811881188119,0.47833333333333333,0.42857142857142855,0.32195121951219513,0.34840871021775544,0.42362204724409447,0.4450084602368866,0.4590690208667737,0.3094405594405594,0.5310924369747899,0.5503875968992248,0.369281045751634,0.37583892617449666,0.34673366834170855,0.39267886855241263,0.45723684210526316,0.3322884012539185,0.28807947019867547,0.39807383627608345,0.3438538205980066,0.49122807017543857,0.33169934640522875,0.3170731707317073,0.3586776859504132,0.5091743119266054,0.5429042904290429,0.42598684210526316,0.49682539682539684,0.41497659906396256,0.4312080536912752,0.36394557823129253,0.27058823529411763,0.4611727416798732,0.45222929936305734,0.3785594639865997,0.506079027355623,0.35275080906148865,0.3514328808446455,0.3729641693811075,0.30045523520485584,0.3669291338582677,0.40463458110516937,0.4603448275862069,0.27597955706984667,0.3904448105436573,0.4188976377952756,0.3396880415944541,0.4913657770800628,0.33943427620632277,0.39152542372881355,0.2966666666666667,0.2622673434856176,0.4078303425774878,0.4328097731239092,0.4634551495016611,0.4509493670886076,0.3799682034976153,0.31280388978930307,0.37987012987012986,0.45017182130584193,0.36741214057507987,0.33169129720853857,0.5338461538461539,0.4663023679417122,0.3969849246231156,0.467687074829932,0.3890784982935154,0.3877221324717286,0.3802588996763754,0.3415841584158416,0.35962145110410093,0.4094488188976378,0.3310696095076401,0.2962962962962963,0.3021702838063439,0.24360902255639097,0.37976782752902155,0.3929712460063898,0.39546191247974066,0.3605015673981191,0.4591503267973856,0.43295638126009695,0.21392190152801357,0.3563579277864992,0.3852327447833066,0.248,0.49833333333333335,0.4435612082670906,0.47299509001636664,0.53156146179402,0.49201277955271566,0.4586709886547812,0.39655172413793105,0.3973727422003284,0.3896940418679549,0.27105666156202146,0.44426229508196724,0.5103668261562998,0.36450079239302696,0.39469026548672564,0.38461538461538464,0.42258064516129035,0.5056910569105691,0.35510887772194305,0.29246935201401053,0.43898573692551507,0.4297658862876254
2005,1,9,prevalence,0.3416536661466459,0.39658119658119656,0.4701130856219709,0.4016260162601626,0.3737864077669903,0.42251223491027734,0.34049079754601225,0.5564648117839607,0.45304777594728174,0.35932721712538224,0.35657686212361334,0.5841423948220065,0.46511627906976744,0.45733788395904434,0.5581039755351682,0.2682119205298013,0.4085173501577287,0.5047619047619047,0.5587761674718197,0.4186046511627907,0.4730639730639731,0.3038194444444444,0.27426810477657937,0.46611570247933887,0.24207011686143573,0.5507487520798668,0.342443729903537,0.4323076923076923,0.4297253634894992,0.43769968051118213,0.3869426751592357,0.2310177705977383,0.5097402597402597,0.4507269789983845,0.27318718381112983,0.524701873935264,0.4097560975609756,0.36019736842105265,0.3458528951486698,0.38620689655172413,0.5590909090909091,0.45893719806763283,0.43657331136738053,0.35090609555189456,0.398972602739726,0.43559322033898307,0.5248447204968945,0.5084459459459459,0.3714733542319749,0.3293103448275862,0.48856209150326796,0.41788617886178864,0.410459587955626,0.47401574803149604,0.40878378378378377,0.4438943894389439,0.3425324675324675,0.39418416801292405,0.4412751677852349,0.4964788732394366,0.40797546012269936,0.4124203821656051,0.40390879478827363,0.4606918238993711,0.23263327948303716,0.432,0.33435114503816793,0.5311526479750779,0.3640552995391705,0.28217821782178215,0.2483221476510067,0.27427597955706984,0.37520938023450584,0.25245901639344265,0.46740858505564387,0.4463452566096423,0.47266881028938906,0.260655737704918,0.3701188455008489,0.33934426229508197,0.43029259896729777,0.313915857605178,0.25426621160409557,0.36,0.4415204678362573,0.3617363344051447,0.43824027072758037,0.5,0.5124610591900312,0.42375601926163725,0.43300653594771243,0.286634460547504,0.39297658862876256,0.3825503355704698,0.4754653130287648,0.3691588785046729,0.3485342019543974,0.36054421768707484,0.44894651539708263,0.48,0.49114331723027377,0.3,0.5551948051948052,0.5461658841940532,0.346031746031746,0.3785211267605634,0.3521594684385382,0.3086816720257235,0.43720190779014306,0.30261136712749614,0.32679738562091504,0.353322528363047,0.39368770764119604,0.46529968454258674,0.4309210526315789,0.3274478330658106,0.31518151815181517,0.46656534954407297,0.4830508474576271,0.3818493150684932,0.4968051118210863,0.3974358974358974,0.46452702702702703,0.3042016806722689,0.27749576988155666,0.4556765163297045,0.44805194805194803,0.43844856661045534,0.44042232277526394,0.4006677796327212,0.34355828220858897,0.40549273021001614,0.3177004538577912,0.48466257668711654,0.4861111111111111,0.4195804195804196,0.2765598650927487,0.36920529801324503,0.4448,0.42504409171075835,0.4454828660436137,0.4416403785488959,0.4966101694915254,0.3069139966273187,0.23244147157190637,0.3570300157977883,0.3983333333333333,0.45792880258899676,0.45016077170418006,0.3161290322580645,0.3278955954323002,0.495114006514658,0.524451939291737,0.42088091353996737,0.34557595993322204,0.48936170212765956,0.4469565217391304,0.4142614601018676,0.4619289340101523,0.41515650741350907,0.328149300155521,0.3764135702746365,0.34201954397394135,0.3964401294498382,0.35079365079365077,0.39663865546218485,0.3775167785234899,0.26788685524126454,0.2676056338028169,0.4446227929373997,0.43548387096774194,0.38016528925619836,0.45741324921135645,0.4621710526315789,0.42218543046357615,0.2495755517826825,0.4015503875968992,0.4068627450980392,0.30387596899224806,0.531502423263328,0.4308176100628931,0.5,0.5588235294117647,0.4559748427672956,0.46798029556650245,0.4183835182250396,0.34596375617792424,0.4212218649517685,0.2711598746081505,0.3973941368078176,0.5130718954248366,0.3871951219512195,0.39285714285714285,0.37201907790143085,0.4009433962264151,0.5725806451612904,0.3408360128617363,0.35374149659863946,0.40353697749196143,0.4743801652892562
2006,1,9,prevalence,0.3536977491961415,0.3333333333333333,0.4320388349514563,0.33121019108280253,0.375,0.41300813008130083,0.31201248049922,0.4693200663349917,0.419773095623987,0.31627906976744186,0.36075949367088606,0.45166402535657685,0.4120300751879699,0.49222797927461137,0.5370370370370371,0.28921568627450983,0.35104669887278583,0.4608150470219436,0.567524115755627,0.43234323432343236,0.49592169657422513,0.2188612099644128,0.23712948517940718,0.4957118353344768,0.2925170068027211,0.5522875816993464,0.29093799682034976,0.3700787401574803,0.3172302737520129,0.5041186161449753,0.27375201288244766,0.27495908346972175,0.5448504983388704,0.3957307060755337,0.28052805280528054,0.541958041958042,0.4176,0.43350604490500866,0.40062597809076683,0.34494773519163763,0.5297709923664122,0.5228758169934641,0.46537842190016104,0.3639344262295082,0.334983498349835,0.4559068219633943,0.54337899543379,0.5337726523887973,0.38639876352395675,0.3883333333333333,0.5103011093502378,0.47775947281713343,0.3624382207578254,0.4356120826709062,0.4222222222222222,0.38387096774193546,0.342443729903537,0.4407894736842105,0.39933993399339934,0.44773519163763065,0.45865834633385333,0.41185897435897434,0.3704918032786885,0.5108359133126935,0.25577557755775576,0.2980456026058632,0.3348694316436252,0.5483870967741935,0.4036979969183359,0.29541595925297115,0.2663230240549828,0.31022530329289427,0.30497592295345105,0.25163398692810457,0.47368421052631576,0.384012539184953,0.32554517133956384,0.28874388254486133,0.37435008665511266,0.35423728813559324,0.4780405405405405,0.310126582278481,0.25042301184433163,0.3647260273972603,0.48525073746312686,0.35436893203883496,0.3990066225165563,0.4570063694267516,0.4728434504792332,0.3737864077669903,0.4494195688225539,0.23696682464454977,0.43344155844155846,0.3951890034364261,0.4700162074554295,0.4028436018957346,0.36288998357963875,0.34782608695652173,0.4373983739837398,0.4367816091954023,0.45483870967741935,0.3385146804835924,0.47974068071312803,0.5081723625557206,0.3581847649918963,0.43309859154929575,0.42905982905982903,0.3397129186602871,0.40445859872611467,0.3213166144200627,0.40063593004769477,0.4006514657980456,0.3384615384615385,0.47115384615384615,0.3686868686868687,0.3570274636510501,0.30833333333333335,0.45468509984639016,0.43094841930116473,0.44839255499153974,0.5244865718799369,0.4578125,0.4592720970537262,0.3222591362126246,0.2876712328767123,0.44305772230889234,0.44013490725126475,0.48538961038961037,0.4410029498525074,0.4500792393026941,0.3545878693623639,0.4482200647249191,0.291866028708134,0.40717628705148207,0.4537521815008726,0.4834782608695652,0.32996632996632996,0.42105263157894735,0.4376012965964344,0.3881118881118881,0.48714069591527986,0.3875,0.4899665551839465,0.28401360544217685,0.1848184818481848,0.36276083467094705,0.3154471544715447,0.460093896713615,0.44426229508196724,0.37702265372168287,0.42971246006389774,0.40584415584415584,0.44136807817589574,0.3717532467532468,0.403747870528109,0.42105263157894735,0.5034013605442177,0.38095238095238093,0.45932203389830506,0.392,0.33003300330033003,0.391304347826087,0.32436708860759494,0.42452830188679247,0.3312883435582822,0.3745928338762215,0.29821717990275526,0.3060556464811784,0.31201248049922,0.4369885433715221,0.44285714285714284,0.3910891089108911,0.386046511627907,0.4588815789473684,0.42857142857142855,0.33671742808798644,0.3548895899053628,0.3891625615763547,0.30326594090202175,0.5460420032310178,0.3968253968253968,0.5065573770491804,0.46266233766233766,0.4601910828025478,0.4466338259441708,0.38207547169811323,0.29180327868852457,0.443163097199341,0.35993485342019543,0.4663382594417077,0.5603305785123966,0.39361702127659576,0.41594454072790293,0.39807383627608345,0.4073482428115016,0.5283630470016207,0.2982456140350877,0.4452054794520548,0.45746388443017655,0.4251207729468599
2007,1,9,prevalence,0.3769968051118211,0.26916524701873934,0.4019138755980861,0.2503937007874016,0.3333333333333333,0.3745980707395498,0.2786624203821656,0.54,0.3648,0.28700906344410876,0.42197452229299365,0.507177033492823,0.36419753086419754,0.5322033898305085,0.5571658615136876,0.2113144758735441,0.34913112164297,0.48019017432646594,0.5358851674641149,0.4865771812080537,0.530448717948718,0.2875457875457875,0.2335423197492163,0.43645484949832775,0.37,0.5129032258064516,0.35104669887278583,0.3436988543371522,0.29093799682034976,0.5048701298701299,0.3651050080775444,0.29508196721311475,0.5049019607843137,0.3441033925686591,0.2107843137254902,0.5202108963093146,0.43527508090614886,0.403747870528109,0.4065934065934066,0.3681506849315068,0.5109375,0.4753289473684211,0.3964401294498382,0.31862745098039214,0.3373287671232877,0.477124183006536,0.4903129657228018,0.5222929936305732,0.4274193548387097,0.3416666666666667,0.4588607594936709,0.4723618090452261,0.36454849498327757,0.4437400950871632,0.39728353140916806,0.43156199677938806,0.40264026402640263,0.4128289473684211,0.4090150250417362,0.4174917491749175,0.4848966613672496,0.41368078175895767,0.4543973941368078,0.5045871559633027,0.31960461285008235,0.40924092409240925,0.24845679012345678,0.5830815709969789,0.3453125,0.29411764705882354,0.2306368330464716,0.3993231810490694,0.29213483146067415,0.24046434494195687,0.49596122778675283,0.4777947932618683,0.3004694835680751,0.34022257551669316,0.4245614035087719,0.43853820598006643,0.4397993311036789,0.2668759811616955,0.31466227347611203,0.35374149659863946,0.44780635400907715,0.41232227488151657,0.3896551724137931,0.44098360655737706,0.5132890365448505,0.39087947882736157,0.4544,0.17674418604651163,0.45125786163522014,0.4166666666666667,0.4583333333333333,0.34838709677419355,0.33495934959349594,0.2727272727272727,0.444253859348199,0.5008635578583766,0.504,0.3945578231292517,0.46601941747572817,0.522342064714946,0.3157894736842105,0.48704663212435234,0.33895446880269814,0.2717219589257504,0.4318529862174579,0.296,0.334913112164297,0.4036850921273032,0.36317567567567566,0.4477124183006536,0.3599290780141844,0.30718954248366015,0.3602584814216478,0.4482758620689655,0.46733668341708545,0.4141914191419142,0.526148969889065,0.41304347826086957,0.45438898450946646,0.31497418244406195,0.34554973821989526,0.41139240506329117,0.5099667774086378,0.4413223140495868,0.48917748917748916,0.40514469453376206,0.3376,0.3453355155482815,0.3107255520504732,0.40353697749196143,0.392226148409894,0.47198641765704585,0.3860232945091514,0.36089030206677264,0.4155844155844156,0.3261261261261261,0.46781789638932497,0.31768388106416273,0.4154103852596315,0.4098360655737705,0.2032,0.35555555555555557,0.358974358974359,0.4253968253968254,0.4006568144499179,0.32084690553745926,0.4152823920265781,0.4582651391162029,0.44749596122778673,0.31781701444622795,0.44136807817589574,0.4435857805255023,0.5056,0.4029126213592233,0.4873524451939292,0.37970540098199673,0.2840531561461794,0.45107794361525705,0.36220472440944884,0.4320785597381342,0.39813374805598756,0.3517915309446254,0.24917491749174916,0.3933884297520661,0.31645569620253167,0.3778501628664495,0.3886255924170616,0.3709150326797386,0.34009360374414976,0.5269360269360269,0.4865293185419968,0.4057239057239057,0.3732283464566929,0.3748006379585327,0.30495356037151705,0.4828150572831424,0.3704918032786885,0.529505582137161,0.5231788079470199,0.48562300319488816,0.5016077170418006,0.46511627906976744,0.28688524590163933,0.46825396825396826,0.4893964110929853,0.4405940594059406,0.5431893687707641,0.4203338391502276,0.39829059829059826,0.36012861736334406,0.3921259842519685,0.5407166123778502,0.3344155844155844,0.41278065630397237,0.4847560975609756,0.41732283464566927
2008,1,9,prevalence,0.4208,0.2808798646362098,0.4003189792663477,0.3338632750397456,0.32405891980360063,0.4264705882352941,0.3264984227129338,0.5099009900990099,0.39389067524115756,0.3323262839879154,0.3338815789473684,0.49050632911392406,0.46805349182763745,0.4809917355371901,0.6094771241830066,0.2077922077922078,0.3401898734177215,0.4166666666666667,0.5738993710691824,0.46089850249584025,0.4694835680751174,0.22977941176470587,0.23183925811437403,0.4903677758318739,0.4614121510673235,0.5016556291390728,0.38950715421303655,0.3758169934640523,0.3400309119010819,0.42833876221498374,0.3777038269550749,0.25040387722132473,0.45614035087719296,0.4252336448598131,0.13136288998357964,0.5460992907801419,0.504950495049505,0.38271604938271603,0.3903177004538578,0.4486301369863014,0.560702875399361,0.5064724919093851,0.3538961038961039,0.355877616747182,0.23728813559322035,0.4651898734177215,0.4873323397913562,0.5073170731707317,0.45166402535657685,0.30098684210526316,0.5239616613418531,0.4729064039408867,0.38023450586264657,0.5086342229199372,0.4100346020761246,0.42857142857142855,0.2921535893155259,0.4463087248322148,0.3473344103392569,0.445364238410596,0.4150641025641026,0.4135090609555189,0.44976076555023925,0.4938837920489297,0.3035143769968051,0.36577181208053694,0.23867069486404835,0.5339506172839507,0.34960629921259845,0.2574750830564784,0.19444444444444445,0.32348111658456485,0.35668789808917195,0.2840909090909091,0.49185667752442996,0.4503012048192771,0.3180379746835443,0.3312,0.488013698630137,0.41626794258373206,0.41127694859038144,0.3099688473520249,0.32941176470588235,0.44763513513513514,0.4231354642313546,0.40093603744149764,0.46959459459459457,0.4192495921696574,0.4834983498349835,0.4276315789473684,0.4107424960505529,0.1529968454258675,0.3579454253611557,0.365,0.45016077170418006,0.47401574803149604,0.3184818481848185,0.3371900826446281,0.447098976109215,0.43197278911564624,0.5096774193548387,0.317157712305026,0.5094339622641509,0.5023547880690737,0.3252818035426731,0.44727891156462585,0.35343383584589616,0.3232963549920761,0.49304482225656876,0.3150242326332795,0.2836990595611285,0.4276315789473684,0.3852739726027397,0.5,0.4444444444444444,0.36666666666666664,0.41225165562913907,0.39001560062402496,0.4433164128595601,0.4372937293729373,0.5431309904153354,0.4233226837060703,0.3535528596187175,0.38785834738617203,0.334453781512605,0.3990228013029316,0.4789915966386555,0.37353433835845895,0.48206599713055953,0.3735725938009788,0.3225806451612903,0.3241491085899514,0.27936507936507937,0.4592,0.44086021505376344,0.4438860971524288,0.37664473684210525,0.35509554140127386,0.4893964110929853,0.34,0.4561128526645768,0.25039619651347067,0.466557911908646,0.34686971235194586,0.2520458265139116,0.353125,0.3415435139573071,0.5102040816326531,0.4607679465776294,0.3601340033500838,0.3756260434056761,0.46869983948635635,0.4967741935483871,0.3225283630470016,0.4410339256865913,0.4968847352024922,0.5555555555555556,0.3446054750402576,0.48,0.284329563812601,0.28805237315875615,0.4526143790849673,0.31129032258064515,0.4724025974025974,0.4201550387596899,0.29064039408866993,0.18578352180936994,0.22448979591836735,0.38215488215488214,0.37142857142857144,0.43265993265993263,0.4278523489932886,0.3178294573643411,0.5261437908496732,0.48909657320872274,0.4157119476268412,0.3228995057660626,0.33931484502446985,0.25842696629213485,0.4620355411954766,0.36084142394822005,0.4859375,0.5141903171953256,0.5337620578778135,0.4410828025477707,0.39805825242718446,0.32216905901116427,0.4307692307692308,0.4094616639477977,0.4427860696517413,0.5348837209302325,0.3358547655068079,0.32558139534883723,0.359253499222395,0.43322475570032576,0.492776886035313,0.2983050847457627,0.3082191780821918,0.4584615384615385,0.3824451410658307
2009,1,9,prevalence,0.40836012861736337,0.2751677852348993,0.3784219001610306,0.34455128205128205,0.33548387096774196,0.3958333333333333,0.3851132686084142,0.5812395309882747,0.5253164556962026,0.3186646433990895,0.3795986622073579,0.5195618153364632,0.4578313253012048,0.4983388704318937,0.5619834710743802,0.23604465709728867,0.3964968152866242,0.4413145539906103,0.5110410094637224,0.4463373083475298,0.4558359621451104,0.23869801084990958,0.2208398133748056,0.5178875638841567,0.4029363784665579,0.5338709677419354,0.3376,0.44660194174757284,0.3285939968404423,0.45222929936305734,0.4537671232876712,0.20033670033670034,0.5119617224880383,0.38161993769470404,0.10855263157894737,0.5547703180212014,0.432520325203252,0.359106529209622,0.43333333333333335,0.3826530612244898,0.5745682888540031,0.5104,0.33175355450236965,0.29260450160771706,0.32550335570469796,0.4588045234248788,0.5430656934306569,0.5382113821138211,0.4557165861513688,0.26475548060708265,0.5243506493506493,0.46733668341708545,0.4033057851239669,0.5218068535825545,0.4804088586030664,0.44200626959247646,0.2736318407960199,0.4257095158597663,0.4297385620915033,0.4752,0.47791798107255523,0.3770491803278688,0.3837579617834395,0.521870286576169,0.2902711323763955,0.32892561983471075,0.2674050632911392,0.5891472868217055,0.38041733547351525,0.27887788778877887,0.19709208400646203,0.36348684210526316,0.38544891640866874,0.2755775577557756,0.46942148760330576,0.4481707317073171,0.3146067415730337,0.2677966101694915,0.45652173913043476,0.3434991974317817,0.375,0.3095599393019727,0.34,0.46050420168067224,0.46594427244582043,0.3370253164556962,0.4292763157894737,0.49666666666666665,0.5042444821731749,0.367479674796748,0.36774193548387096,0.1,0.3949843260188088,0.31833333333333336,0.4663382594417077,0.4211382113821138,0.3566666666666667,0.39490445859872614,0.4690721649484536,0.46476510067114096,0.5307443365695793,0.3010204081632653,0.48042168674698793,0.49201277955271566,0.2797427652733119,0.43434343434343436,0.3396551724137931,0.49016641452344933,0.4281298299845441,0.2656514382402707,0.21372854914196568,0.4457627118644068,0.3133561643835616,0.4664484451718494,0.4322916666666667,0.3905996758508914,0.36902800658978585,0.4234930448222566,0.4882943143812709,0.48470209339774556,0.514018691588785,0.4305993690851735,0.38286713286713286,0.3625632377740304,0.19402985074626866,0.40487804878048783,0.5025380710659898,0.3803986710963455,0.4481751824817518,0.41225165562913907,0.4276094276094276,0.39800995024875624,0.3449367088607595,0.3729903536977492,0.41522491349480967,0.46794871794871795,0.35135135135135137,0.40916530278232405,0.47487844408427876,0.3452157598499062,0.5086887835703001,0.29252782193958665,0.48863636363636365,0.34094616639477976,0.2079207920792079,0.31703470031545744,0.4046434494195688,0.4659270998415214,0.4560530679933665,0.3418940609951846,0.36180904522613067,0.5483359746434231,0.5303776683087028,0.36348684210526316,0.356120826709062,0.419811320754717,0.47549019607843135,0.36698717948717946,0.470873786407767,0.37438423645320196,0.42586750788643535,0.4773462783171521,0.33653846153846156,0.4437299035369775,0.35590551181102364,0.28716216216216217,0.15270935960591134,0.21548821548821548,0.3109656301145663,0.3756019261637239,0.41487603305785126,0.37,0.3757861635220126,0.4533762057877814,0.4643423137876387,0.3469721767594108,0.3365539452495974,0.3781094527363184,0.3054187192118227,0.3956953642384106,0.4405705229793978,0.4936708860759494,0.535,0.43622047244094486,0.43111831442463533,0.36363636363636365,0.35771065182829886,0.43730886850152906,0.2608695652173913,0.47191011235955055,0.47479674796747967,0.3256880733944954,0.44246353322528365,0.30128205128205127,0.5080385852090032,0.48929159802306427,0.3169129720853859,0.3283333333333333,0.4252336448598131,0.46296296296296297
2010,1,9,prevalence,0.35947712418300654,0.32053422370617696,0.35837245696400627,0.2949526813880126,0.31875,0.39215686274509803,0.31451612903225806,0.5625,0.43159609120521175,0.2628398791540785,0.38752052545155996,0.5147286821705427,0.4655436447166922,0.48841059602649006,0.565,0.24720893141945774,0.37643207855973815,0.4426751592356688,0.5377358490566038,0.43322475570032576,0.4786885245901639,0.23783783783783785,0.189873417721519,0.48677248677248675,0.3387358184764992,0.5024630541871922,0.3001605136436597,0.353870458135861,0.3328100470957614,0.46153846153846156,0.4565587734241908,0.203125,0.5031948881789138,0.37216828478964403,0.10517799352750809,0.5585106382978723,0.46766169154228854,0.4349315068493151,0.3905325443786982,0.45068027210884354,0.5546623794212219,0.5359477124183006,0.36619718309859156,0.33878887070376434,0.3609271523178808,0.42424242424242425,0.4143070044709389,0.4975369458128079,0.4565916398713826,0.3889845094664372,0.4746031746031746,0.44299674267100975,0.44425675675675674,0.5052160953800298,0.4307178631051753,0.4496124031007752,0.28046744574290483,0.4115586690017513,0.3113673805601318,0.47258064516129034,0.41518578352180935,0.3769968051118211,0.36900958466453676,0.42249240121580545,0.21337579617834396,0.42668863261943984,0.3761904761904762,0.565625,0.3817292006525285,0.2573770491803279,0.16472545757071547,0.35130718954248363,0.3588957055214724,0.3300653594771242,0.4773109243697479,0.5015197568389058,0.2988691437802908,0.29842931937172773,0.45500848896434637,0.3579277864992151,0.35275080906148865,0.33534743202416917,0.2533783783783784,0.45289256198347105,0.4846029173419773,0.38221528861154447,0.45874587458745875,0.48911222780569513,0.499151103565365,0.3957307060755337,0.4462809917355372,0.0989010989010989,0.3888888888888889,0.45161290322580644,0.42745709828393136,0.4769736842105263,0.3261231281198003,0.3801916932907348,0.4172297297297297,0.5324232081911263,0.531502423263328,0.3140495867768595,0.5099540581929556,0.5339805825242718,0.24761904761904763,0.4395229982964225,0.45292207792207795,0.36505460218408736,0.4270353302611367,0.3611111111111111,0.30660377358490565,0.4186046511627907,0.3698854337152209,0.431438127090301,0.45518453427065025,0.3059581320450886,0.27450980392156865,0.49157733537519144,0.4754653130287648,0.3868378812199037,0.517557251908397,0.4141732283464567,0.4365482233502538,0.3651315789473684,0.250814332247557,0.4306930693069307,0.4856175972927242,0.3729096989966555,0.4489795918367347,0.36318407960199006,0.41796200345423146,0.48381877022653724,0.3031301482701812,0.4645161290322581,0.411371237458194,0.5073409461663948,0.3511705685618729,0.29213483146067415,0.43044189852700493,0.3677536231884058,0.49608763693270735,0.3751937984496124,0.4292763157894737,0.3654485049833887,0.3047001620745543,0.38351822503961963,0.39869281045751637,0.4583333333333333,0.4626865671641791,0.28548644338118023,0.35313531353135313,0.4400656814449918,0.4768,0.38651315789473684,0.27212020033388984,0.4911147011308562,0.45339652448657186,0.44660194174757284,0.5351882160392799,0.4355628058727569,0.382306477093207,0.4015625,0.3557692307692308,0.45751633986928103,0.4003139717425432,0.3142361111111111,0.20806451612903226,0.27124183006535946,0.25080906148867316,0.4297253634894992,0.38752052545155996,0.38079470198675497,0.37442218798151,0.4677685950413223,0.45110410094637227,0.27732463295269166,0.3967741935483871,0.4042904290429043,0.31629392971246006,0.48514851485148514,0.46314102564102566,0.4913112164296998,0.49596122778675283,0.488,0.44212218649517687,0.42765273311897106,0.34959349593495936,0.41291291291291293,0.2973421926910299,0.4768,0.512987012987013,0.345565749235474,0.4230171073094868,0.3089171974522293,0.4166666666666667,0.5115511551155115,0.3469055374592834,0.34105960264900664,0.3977987421383648,0.4622496147919877
2011,1,9,prevalence,0.380718954248366,0.34590163934426227,0.33547351524879615,0.29153605015673983,0.33843797856049007,0.4084967320261438,0.4045307443365696,0.5679214402618658,0.4419713831478537,0.25301204819277107,0.43023255813953487,0.49691358024691357,0.43577981651376146,0.45874587458745875,0.5825242718446602,0.2369281045751634,0.3993558776167472,0.49528301886792453,0.5329153605015674,0.4520766773162939,0.5106732348111659,0.24731182795698925,0.24165341812400637,0.5709281961471103,0.3033175355450237,0.5442622950819672,0.2366288492706645,0.4065573770491803,0.3824451410658307,0.4673202614379085,0.3962900505902192,0.2071917808219178,0.5375,0.4737678855325914,0.1305732484076433,0.5053763440860215,0.47580645161290325,0.35181975736568455,0.3610698365527489,0.49417637271214643,0.5663430420711975,0.5104333868378812,0.41368584758942456,0.3191489361702128,0.3482587064676617,0.4419713831478537,0.47320061255742724,0.5064308681672026,0.4702194357366771,0.3596638655462185,0.47468354430379744,0.4763458401305057,0.41983471074380163,0.4323922734026746,0.4216666666666667,0.3684210526315789,0.3434343434343434,0.49829351535836175,0.4019448946515397,0.44878048780487806,0.3495798319327731,0.41148325358851673,0.37066246056782337,0.4302496328928047,0.237012987012987,0.4215686274509804,0.38202247191011235,0.5395348837209303,0.36348684210526316,0.32491582491582494,0.16692913385826771,0.2938388625592417,0.32273449920508746,0.25585284280936454,0.47368421052631576,0.43555555555555553,0.3712871287128713,0.3531468531468531,0.4160958904109589,0.3426356589147287,0.38596491228070173,0.3462109955423477,0.28213689482470783,0.46153846153846156,0.48258706467661694,0.37369207772795215,0.45791245791245794,0.4876441515650741,0.5083333333333333,0.36089030206677264,0.3881578947368421,0.12098009188361408,0.41214057507987223,0.4290657439446367,0.46794871794871795,0.4459234608985025,0.3250414593698176,0.3553459119496855,0.436426116838488,0.5016835016835017,0.5210355987055016,0.31179321486268174,0.4801223241590214,0.5429017160686428,0.28794992175273865,0.4375,0.40161290322580645,0.37829457364341085,0.32379518072289154,0.33678756476683935,0.3100303951367781,0.3983193277310924,0.3523654159869494,0.5146579804560261,0.4257602862254025,0.34846029173419774,0.35170178282009723,0.46646341463414637,0.4809917355371901,0.45032051282051283,0.48307692307692307,0.43577235772357725,0.3898305084745763,0.32242225859247137,0.31493506493506496,0.4193011647254576,0.5291181364392679,0.4214876033057851,0.40058479532163743,0.4394184168012924,0.4253472222222222,0.39389067524115756,0.3047138047138047,0.420545746388443,0.4397993311036789,0.5266457680250783,0.36666666666666664,0.334913112164297,0.48264984227129337,0.39317773788150806,0.46511627906976744,0.3601823708206687,0.40476190476190477,0.27627118644067794,0.33060556464811786,0.4029605263157895,0.36977491961414793,0.4246353322528363,0.4718543046357616,0.40192926045016075,0.2709030100334448,0.5168,0.46771653543307085,0.3278955954323002,0.3739424703891709,0.4804560260586319,0.4611727416798732,0.3921259842519685,0.46405228758169936,0.40570522979397783,0.30866141732283464,0.38485804416403785,0.29365079365079366,0.4723127035830619,0.3317683881064163,0.3036649214659686,0.2896440129449838,0.34390651085141904,0.3172302737520129,0.4638364779874214,0.36593591905564926,0.36764705882352944,0.43573667711598746,0.4807073954983923,0.46190476190476193,0.21182266009852216,0.38058551617873654,0.33056478405315615,0.30914826498422715,0.4773462783171521,0.44670846394984326,0.5136876006441223,0.4919093851132686,0.3983606557377049,0.38064516129032255,0.46771653543307085,0.38599348534201955,0.4577572964669739,0.2972508591065292,0.4528,0.4661290322580645,0.3532110091743119,0.384375,0.3683360258481422,0.4442595673876872,0.501628664495114,0.327150084317032,0.32295081967213113,0.41835147744945567,0.4623493975903614
2012,1,9,prevalence,0.29079159935379645,0.2471169686985173,0.40064102564102566,0.23501577287066247,0.32253086419753085,0.4292845257903494,0.3114754098360656,0.5772357723577236,0.3987635239567233,0.2972972972972973,0.4074702886247878,0.471608832807571,0.465625,0.43824027072758037,0.5247208931419458,0.32689210950080516,0.3745980707395498,0.5189274447949527,0.49291338582677163,0.44426494345718903,0.4843492586490939,0.3290909090909091,0.24,0.5121951219512195,0.3873456790123457,0.5337620578778135,0.19741100323624594,0.4116719242902208,0.3263327948303716,0.3853658536585366,0.44240400667779634,0.24155405405405406,0.47581903276131043,0.4435857805255023,0.19614147909967847,0.5319148936170213,0.4027777777777778,0.3407534246575342,0.34534534534534533,0.41042345276872966,0.5938009787928222,0.4713375796178344,0.3184713375796178,0.23633440514469453,0.32045088566827695,0.4645061728395062,0.4582043343653251,0.5285714285714286,0.4528,0.31951640759930916,0.5198098256735341,0.4504950495049505,0.35927152317880795,0.5030395136778115,0.38333333333333336,0.45950155763239875,0.31443298969072164,0.37006578947368424,0.3862520458265139,0.4222222222222222,0.3573825503355705,0.3579454253611557,0.390282131661442,0.46656760772659733,0.2812006319115324,0.3696,0.31017770597738287,0.5230769230769231,0.4562289562289562,0.2847341337907376,0.2296875,0.38349514563106796,0.31629392971246006,0.28733766233766234,0.4805194805194805,0.43333333333333335,0.34271523178807944,0.36904761904761907,0.4964788732394366,0.4251497005988024,0.4295190713101161,0.26500732064421667,0.29605263157894735,0.4485049833887043,0.4812286689419795,0.3804347826086957,0.426517571884984,0.35906040268456374,0.5025641025641026,0.3328025477707006,0.478476821192053,0.1901081916537867,0.4165341812400636,0.39655172413793105,0.47811993517017826,0.47554806070826305,0.3136288998357964,0.38544891640866874,0.424190800681431,0.5095846645367412,0.5688816855753647,0.39001560062402496,0.470125786163522,0.471608832807571,0.2896,0.3651315789473684,0.3768352365415987,0.3275316455696203,0.3333333333333333,0.38596491228070173,0.3204930662557781,0.48293515358361777,0.37598736176935227,0.49188311688311687,0.3888888888888889,0.3875,0.3843594009983361,0.47416413373860183,0.49498327759197325,0.448,0.4528593508500773,0.40129449838187703,0.378839590443686,0.29,0.328881469115192,0.494949494949495,0.4709897610921502,0.4045307443365696,0.45103857566765576,0.4033057851239669,0.3882149046793761,0.35071090047393366,0.3378607809847199,0.3993453355155483,0.45616883116883117,0.45482866043613707,0.38263665594855306,0.31121642969984203,0.5374800637958532,0.33451957295373663,0.5233082706766917,0.3368580060422961,0.4439178515007899,0.29635761589403975,0.3056,0.3915966386554622,0.3232484076433121,0.47419354838709676,0.5224625623960066,0.30793650793650795,0.3177257525083612,0.42487883683360256,0.4525316455696203,0.3392282958199357,0.3843594009983361,0.4967213114754098,0.49923195084485406,0.38221528861154447,0.4577922077922078,0.37360890302066774,0.2540453074433657,0.39469578783151327,0.34222919937205654,0.4161184210526316,0.4691358024691358,0.32068965517241377,0.22435897435897437,0.3180327868852459,0.39708265802269044,0.4125,0.41216216216216217,0.44281045751633985,0.3707692307692308,0.5246422893481717,0.47030497592295345,0.22544283413848631,0.373015873015873,0.30363036303630364,0.31703470031545744,0.5271828665568369,0.410828025477707,0.44983818770226536,0.4700162074554295,0.424390243902439,0.4020100502512563,0.3987034035656402,0.3651315789473684,0.4583963691376702,0.3010204081632653,0.43423137876386686,0.5879396984924623,0.3581395348837209,0.32819722650231126,0.3344262295081967,0.4121510673234811,0.5164473684210527,0.3243697478991597,0.2544861337683524,0.4772370486656201,0.463855421686747
2013,1,9,prevalence,0.3772357723577236,0.31788079470198677,0.3813291139240506,0.3051643192488263,0.3580441640378549,0.35785953177257523,0.32463295269168024,0.4666666666666667,0.35736196319018404,0.39819004524886875,0.4861111111111111,0.5135135135135135,0.48286604361370716,0.4470588235294118,0.519872813990461,0.3166397415185784,0.3756019261637239,0.45686900958466453,0.5023474178403756,0.46353322528363045,0.5211726384364821,0.26278659611992944,0.2753623188405797,0.5059625212947189,0.31230283911671924,0.5120385232744783,0.28213166144200624,0.44189852700491,0.25161290322580643,0.4527687296416938,0.4074074074074074,0.23259762308998302,0.44907407407407407,0.36227544910179643,0.26058631921824105,0.4903677758318739,0.48253968253968255,0.3901192504258944,0.3086232980332829,0.3570274636510501,0.545144804088586,0.45977011494252873,0.4416403785488959,0.26959247648902823,0.3019169329073482,0.40096618357487923,0.5039001560062403,0.5588697017268446,0.430622009569378,0.31413612565445026,0.5101721439749609,0.4153094462540717,0.3946932006633499,0.410958904109589,0.4467408585055644,0.4394409937888199,0.38078902229845624,0.42528735632183906,0.401006711409396,0.4411302982731554,0.47029702970297027,0.3639240506329114,0.4379905808477237,0.4255639097744361,0.3147286821705426,0.4478330658105939,0.35096153846153844,0.5047318611987381,0.35917721518987344,0.2907563025210084,0.30407523510971785,0.31129032258064515,0.33440514469453375,0.3391167192429022,0.46314102564102566,0.43375394321766564,0.36710963455149503,0.3277027027027027,0.48,0.38763197586727,0.42295081967213116,0.2630769230769231,0.3257328990228013,0.4273927392739274,0.4873096446700508,0.42967542503863987,0.4521880064829822,0.5462184873949579,0.5208681135225376,0.34796747967479674,0.48067226890756304,0.3261205564142195,0.3727714748784441,0.42021276595744683,0.46730462519936206,0.436241610738255,0.37919463087248323,0.3697996918335901,0.45210084033613446,0.4864433811802233,0.5130168453292496,0.410958904109589,0.5307692307692308,0.49528301886792453,0.2571428571428571,0.358974358974359,0.3194888178913738,0.315359477124183,0.4396946564885496,0.3912310286677909,0.3102918586789555,0.44594594594594594,0.30385852090032156,0.4926829268292683,0.3377926421404682,0.41448382126348227,0.43111831442463533,0.3753943217665615,0.43230016313213704,0.40746500777604977,0.4800637958532695,0.44694533762057875,0.4372822299651568,0.3913764510779436,0.31280388978930307,0.48214285714285715,0.5241264559068219,0.4028892455858748,0.4627092846270928,0.3572593800978793,0.4028520499108734,0.3691376701966717,0.4274061990212072,0.4467741935483871,0.4751552795031056,0.4169230769230769,0.361198738170347,0.42971246006389774,0.4672131147540984,0.3677966101694915,0.4946236559139785,0.3853211009174312,0.4462279293739968,0.3372093023255814,0.347068145800317,0.43521594684385384,0.3401574803149606,0.36468646864686466,0.44727891156462585,0.27244094488188975,0.34941763727121466,0.3958333333333333,0.4521193092621664,0.3744,0.4394184168012924,0.435,0.4854961832061069,0.40822784810126583,0.43312101910828027,0.3606299212598425,0.23285486443381181,0.4083204930662558,0.3253588516746411,0.4326465927099842,0.43525741029641185,0.35604770017035775,0.25705329153605017,0.30642504118616143,0.35303265940902023,0.35348837209302325,0.42226148409893993,0.394524959742351,0.45454545454545453,0.5258358662613982,0.4513556618819777,0.17647058823529413,0.4170692431561997,0.31960461285008235,0.3791469194312796,0.4634146341463415,0.42789223454833597,0.4435483870967742,0.5592654424040067,0.46166134185303515,0.41935483870967744,0.4155629139072848,0.39209225700164746,0.3941717791411043,0.3432343234323432,0.449438202247191,0.5354200988467874,0.29555895865237364,0.40275650842266464,0.34134615384615385,0.3950413223140496,0.4957841483979764,0.282793867120954,0.27741935483870966,0.37264150943396224,0.40625
2014,1,9,prevalence,0.4019448946515397,0.34049586776859503,0.3695652173913043,0.4315286624203822,0.35064935064935066,0.4,0.31369426751592355,0.5088566827697263,0.4123867069486405,0.34841628959276016,0.4288224956063269,0.4775641025641026,0.46645367412140576,0.48028673835125446,0.5384615384615384,0.25925925925925924,0.3164763458401305,0.4975767366720517,0.530278232405892,0.4241935483870968,0.5273865414710485,0.2694300518134715,0.33278145695364236,0.5149006622516556,0.30265210608424337,0.5548172757475083,0.3438985736925515,0.3841059602649007,0.28526148969889065,0.4654605263157895,0.3703099510603589,0.3053173241852487,0.4856687898089172,0.3588588588588589,0.32653061224489793,0.5462328767123288,0.41679873217115687,0.5,0.31868131868131866,0.38338658146964855,0.5108877721943048,0.5,0.4463452566096423,0.30658105939004815,0.3008,0.3530377668308703,0.45865834633385333,0.5104669887278583,0.42857142857142855,0.3104026845637584,0.4790697674418605,0.4507512520868113,0.34761120263591433,0.46261682242990654,0.45933014354066987,0.4228395061728395,0.36689419795221845,0.42880258899676377,0.4050420168067227,0.3765625,0.48205128205128206,0.38087774294670845,0.38621794871794873,0.4429223744292237,0.3424242424242424,0.40408805031446543,0.30983606557377047,0.5126182965299685,0.41390205371248023,0.3976311336717428,0.35419847328244275,0.3079416531604538,0.38854489164086686,0.36,0.4735099337748344,0.41996830427892234,0.4067524115755627,0.3640939597315436,0.5376884422110553,0.3696969696969697,0.4664586583463339,0.3006134969325153,0.3365231259968102,0.43800322061191627,0.5008403361344538,0.33640552995391704,0.4889589905362776,0.45531197301854975,0.5050847457627119,0.37067545304777594,0.38945578231292516,0.34651898734177217,0.3977455716586151,0.3801369863013699,0.430622009569378,0.4368770764119601,0.3262295081967213,0.4027355623100304,0.3803986710963455,0.4342948717948718,0.5076452599388379,0.35767511177347244,0.503125,0.5306451612903226,0.2857142857142857,0.4549689440993789,0.3627287853577371,0.39565943238731216,0.42879019908116384,0.3484848484848485,0.32098765432098764,0.4514480408858603,0.34565916398713825,0.4703891708967851,0.4023372287145242,0.3622291021671827,0.40222575516693165,0.4405144694533762,0.47419354838709676,0.35837245696400627,0.5079872204472844,0.42040185471406494,0.4099485420240137,0.3613861386138614,0.30173775671406006,0.42549668874172186,0.4551386623164764,0.4135702746365105,0.42746913580246915,0.3283582089552239,0.3719298245614035,0.4442771084337349,0.35509554140127386,0.41080196399345337,0.38827258320126784,0.37990580847723704,0.3603174603174603,0.40476190476190477,0.47126436781609193,0.33671742808798644,0.4648318042813456,0.3869426751592357,0.47115384615384615,0.27712854757929883,0.30261136712749614,0.41362126245847175,0.3606010016694491,0.47587354409317806,0.4867986798679868,0.3722397476340694,0.3787375415282392,0.43538461538461537,0.43653250773993807,0.38273615635179153,0.40858505564387915,0.4974271012006861,0.464339908952959,0.34554140127388533,0.43174603174603177,0.3365695792880259,0.402555910543131,0.43956043956043955,0.3173076923076923,0.4170471841704718,0.3715170278637771,0.3310344827586207,0.3076923076923077,0.33663366336633666,0.4015267175572519,0.406807131280389,0.4590443686006826,0.40836012861736337,0.41013824884792627,0.47969924812030074,0.472,0.3027823240589198,0.3220064724919094,0.46178861788617886,0.358974358974359,0.5108153078202995,0.3569078947368421,0.5294117647058824,0.5680672268907563,0.4548335974643423,0.4709897610921502,0.42601626016260163,0.36436597110754415,0.4387596899224806,0.4158415841584158,0.4528301886792453,0.5635179153094463,0.4169230769230769,0.47318611987381703,0.4626391096979332,0.48925619834710743,0.47332185886402756,0.345679012345679,0.35785953177257523,0.411214953271028,0.3873456790123457
2015,1,9,prevalence,0.3954248366013072,0.27946127946127947,0.47191011235955055,0.35340729001584786,0.3544715447154472,0.36142625607779577,0.3264,0.5117739403453689,0.4012251148545176,0.2896764252696456,0.41396933560477,0.5016447368421053,0.3990306946688207,0.5165217391304348,0.5233333333333333,0.249597423510467,0.2993421052631579,0.5176848874598071,0.5489566613162119,0.3884297520661157,0.5226537216828478,0.31385642737896496,0.35655058043117743,0.4828711256117455,0.303951367781155,0.5631229235880398,0.3686708860759494,0.3530377668308703,0.28391167192429023,0.5090609555189456,0.3827751196172249,0.24625623960066556,0.5053763440860215,0.3574660633484163,0.3327974276527331,0.5834710743801653,0.4333868378812199,0.445578231292517,0.3349282296650718,0.3474320241691843,0.5460526315789473,0.49369085173501576,0.3546325878594249,0.2567783094098884,0.3265993265993266,0.4527027027027027,0.47487844408427876,0.5050505050505051,0.3587662337662338,0.3060869565217391,0.5448818897637795,0.4197324414715719,0.4583333333333333,0.4551083591331269,0.3977987421383648,0.38819875776397517,0.3637901861252115,0.44462025316455694,0.4238952536824877,0.35,0.4355108877721943,0.40649149922720246,0.4192,0.46865203761755486,0.2140625,0.36757624398073835,0.3725806451612903,0.5324675324675324,0.4190031152647975,0.33607907742998355,0.3007518796992481,0.28431372549019607,0.4241001564945227,0.3244929797191888,0.4791318864774624,0.47208931419457734,0.34471544715447155,0.39464882943143814,0.4908485856905158,0.3850746268656716,0.44427244582043346,0.2930232558139535,0.3520900321543408,0.42028985507246375,0.4559322033898305,0.3935389133627019,0.4920886075949367,0.43288590604026844,0.5631229235880398,0.3937908496732026,0.4321608040201005,0.33544303797468356,0.43527508090614886,0.35751295336787564,0.4755700325732899,0.4781144781144781,0.3915171288743883,0.39009287925696595,0.4446308724832215,0.44711538461538464,0.48228043143297383,0.29542097488921715,0.5371517027863777,0.5,0.3141025641025641,0.4423676012461059,0.41626794258373206,0.4161073825503356,0.4027777777777778,0.41054313099041534,0.27899686520376177,0.4817880794701987,0.33072100313479624,0.4727272727272727,0.3580858085808581,0.3328173374613003,0.4190031152647975,0.4234527687296417,0.5024077046548957,0.4,0.46984126984126984,0.47310126582278483,0.3951890034364261,0.3617363344051447,0.2427652733118971,0.5108153078202995,0.4765751211631664,0.39267886855241263,0.3826771653543307,0.39558573853989815,0.32752613240418116,0.40512048192771083,0.3047619047619048,0.5032051282051282,0.44881889763779526,0.5165354330708661,0.30625,0.39939485627836613,0.44136807817589574,0.43434343434343436,0.5053598774885145,0.3306188925081433,0.47019867549668876,0.3013698630136986,0.2551181102362205,0.4283464566929134,0.3456998313659359,0.37976782752902155,0.44039735099337746,0.3333333333333333,0.32263513513513514,0.44565217391304346,0.47737909516380655,0.3977635782747604,0.33223684210526316,0.5016778523489933,0.47655068078668683,0.43670886075949367,0.41878980891719747,0.309328968903437,0.4016260162601626,0.3714733542319749,0.38225806451612904,0.4148264984227129,0.39123630672926446,0.3500897666068223,0.3311897106109325,0.3110367892976589,0.34498480243161095,0.4050235478806907,0.4305799648506151,0.402555910543131,0.4075757575757576,0.4555052790346908,0.45339652448657186,0.3884297520661157,0.3712,0.44788273615635177,0.3614649681528662,0.4262023217247098,0.45016077170418006,0.42644628099173554,0.4819078947368421,0.43471337579617836,0.463743676222597,0.38879736408566723,0.34134615384615385,0.37019969278033793,0.3438538205980066,0.44290123456790126,0.5278688524590164,0.4267716535433071,0.39069767441860465,0.39001560062402496,0.399673735725938,0.4745762711864407,0.3847487001733102,0.2707993474714519,0.5,0.3264984227129338
2016,1,9,prevalence,0.2915951972555746,0.2692307692307692,0.33980582524271846,0.29260450160771706,0.32247557003257327,0.33278955954323003,0.34548335974643424,0.5933544303797469,0.3997005988023952,0.3317901234567901,0.37815126050420167,0.5079365079365079,0.4104938271604938,0.5307557117750439,0.6061643835616438,0.2273449920508744,0.4216666666666667,0.48012718600953896,0.575516693163752,0.37315875613747956,0.5170648464163823,0.3003412969283277,0.29707792207792205,0.5346534653465347,0.3059006211180124,0.5263157894736842,0.319634703196347,0.342443729903537,0.22741935483870968,0.4817880794701987,0.4015873015873016,0.23714759535655058,0.48829953198127923,0.3074484944532488,0.2334384858044164,0.579734219269103,0.4552590266875981,0.40869565217391307,0.4016393442622951,0.4114977307110439,0.5886287625418061,0.49074074074074076,0.3052464228934817,0.28298887122416533,0.36209813874788493,0.4619289340101523,0.46808510638297873,0.5590682196339434,0.42452830188679247,0.37609841827768015,0.4654605263157895,0.385502471169687,0.36622073578595316,0.48527131782945737,0.4332298136645963,0.368,0.38422818791946306,0.41491085899513774,0.512987012987013,0.44126984126984126,0.41025641025641024,0.4171974522292994,0.4226475279106858,0.464,0.16897081413210446,0.3745980707395498,0.32919254658385094,0.5745033112582781,0.3902439024390244,0.31561996779388085,0.22610015174506828,0.27378964941569284,0.3978658536585366,0.24454828660436137,0.45439469320066334,0.5461783439490446,0.24722662440570523,0.3596638655462185,0.5015723270440252,0.33947772657450076,0.45413533834586467,0.24646781789638933,0.28525641025641024,0.44193548387096776,0.5247524752475248,0.43923865300146414,0.43644716692189894,0.4768976897689769,0.5133333333333333,0.36084142394822005,0.5346020761245674,0.24522292993630573,0.4110032362459547,0.3900709219858156,0.4611727416798732,0.44256756756756754,0.419773095623987,0.2782874617737003,0.48247078464106846,0.3981042654028436,0.5591397849462365,0.363103953147877,0.5376506024096386,0.5980230642504119,0.29264475743348983,0.40764331210191085,0.3659305993690852,0.37664473684210525,0.4,0.40793650793650793,0.2562111801242236,0.3559870550161812,0.32440944881889766,0.4410339256865913,0.4426229508196721,0.3751937984496124,0.3465818759936407,0.42105263157894735,0.44871794871794873,0.41734860883797054,0.5880503144654088,0.3987441130298273,0.46245733788395904,0.31627906976744186,0.2534775888717156,0.45528455284552843,0.5276872964169381,0.3961038961038961,0.4828150572831424,0.3368606701940035,0.3494983277591973,0.3695324283559578,0.29513343799058084,0.44583987441130296,0.4387596899224806,0.48125,0.3541341653666147,0.4035608308605341,0.43478260869565216,0.4768211920529801,0.45852187028657615,0.2981878088962109,0.4774193548387097,0.35800344234079173,0.2289348171701113,0.40902021772939345,0.3365695792880259,0.4245901639344262,0.49917898193760263,0.3665086887835703,0.36318407960199006,0.4611801242236025,0.5135135135135135,0.45151033386327505,0.3305785123966942,0.5305410122164049,0.417298937784522,0.45754716981132076,0.48012718600953896,0.3316831683168317,0.34810126582278483,0.36550632911392406,0.3683360258481422,0.42572741194486985,0.3282208588957055,0.3968531468531469,0.2868462757527734,0.23529411764705882,0.2962406015037594,0.4319620253164557,0.46959459459459457,0.4116719242902208,0.3721633888048411,0.45385779122541603,0.4967845659163987,0.35121951219512193,0.3448275862068966,0.4225589225589226,0.33865814696485624,0.4448051948051948,0.4261275272161742,0.5356550580431177,0.4537671232876712,0.46179401993355484,0.4010327022375215,0.38954468802698144,0.3408,0.4664586583463339,0.31727574750830567,0.4494556765163297,0.5294117647058824,0.33114754098360655,0.4074074074074074,0.36236391912908245,0.400329489291598,0.5611510791366906,0.35084745762711866,0.25950413223140495,0.44426494345718903,0.45893719806763283
2017,1,9,prevalence,0.3356521739130435,0.1918032786885246,0.4340836012861736,0.3101851851851852,0.36885245901639346,0.3890675241157556,0.3929712460063898,0.5229793977812995,0.4192073170731707,0.27314814814814814,0.44093178036605657,0.5110062893081762,0.48214285714285715,0.5134649910233393,0.5912162162162162,0.24635332252836303,0.4165232358003442,0.5115562403697997,0.5869565217391305,0.5216,0.5431472081218274,0.3089983022071307,0.29716193656093487,0.4895330112721417,0.3078149920255183,0.5328,0.3202511773940345,0.39672131147540984,0.24262295081967214,0.4794069192751236,0.3993759750390016,0.21314102564102563,0.4960505529225908,0.4012841091492777,0.16957210776545167,0.5789473684210527,0.46153846153846156,0.4069767441860465,0.3853820598006645,0.4523449319213313,0.598705501618123,0.43573667711598746,0.3370253164556962,0.38095238095238093,0.47491638795986624,0.5145299145299145,0.5176470588235295,0.5415986949429038,0.4263322884012539,0.40545144804088584,0.5415282392026578,0.4917763157894737,0.35175879396984927,0.4796875,0.416403785488959,0.4446280991735537,0.3949579831932773,0.4129353233830846,0.5098684210526315,0.47553516819571867,0.4838160136286201,0.40605095541401276,0.42113564668769715,0.4728171334431631,0.196513470681458,0.45933014354066987,0.3710691823899371,0.5590682196339434,0.44916540212443096,0.38003220611916266,0.1873065015479876,0.35175879396984927,0.3550387596899225,0.2558139534883721,0.5445705024311183,0.46365105008077545,0.26604068857589985,0.3333333333333333,0.5185185185185185,0.3671875,0.3888888888888889,0.21864951768488747,0.23809523809523808,0.4366883116883117,0.5065573770491804,0.41842900302114805,0.43613707165109034,0.4856175972927242,0.5445378151260504,0.36721311475409835,0.4783362218370884,0.19545454545454546,0.3711864406779661,0.43137254901960786,0.4664484451718494,0.47884940778341795,0.3538961038961039,0.3562691131498471,0.5049833887043189,0.462992125984252,0.44461538461538463,0.31470588235294117,0.5618320610687023,0.5685950413223141,0.3208137715179969,0.4416,0.36908517350157727,0.28619528619528617,0.43106180665610144,0.38880248833592534,0.31695721077654515,0.4943089430894309,0.37735849056603776,0.5128617363344051,0.415973377703827,0.33962264150943394,0.3285939968404423,0.3974358974358974,0.4549763033175355,0.4992,0.49304482225656876,0.39692307692307693,0.3996569468267582,0.32554517133956384,0.27899686520376177,0.4112,0.5498338870431894,0.45292207792207795,0.4332784184514003,0.4756302521008403,0.36318407960199006,0.402457757296467,0.2640625,0.44749596122778673,0.47129909365558914,0.5189873417721519,0.3825396825396825,0.37976539589442815,0.5050335570469798,0.3888888888888889,0.4686064318529862,0.34796747967479674,0.4169329073482428,0.3673805601317957,0.21360759493670886,0.3715170278637771,0.391304347826087,0.4934426229508197,0.5201288244766505,0.28298887122416533,0.35333333333333333,0.4188976377952756,0.5334394904458599,0.3492063492063492,0.4819672131147541,0.5869565217391305,0.4093655589123867,0.4047244094488189,0.4928684627575277,0.46798029556650245,0.2765273311897106,0.4712460063897764,0.3685897435897436,0.4195583596214511,0.426179604261796,0.411371237458194,0.2555205047318612,0.20032840722495895,0.3208092485549133,0.42834890965732086,0.4022801302931596,0.33980582524271846,0.33384146341463417,0.4906832298136646,0.4943089430894309,0.25925925925925924,0.333843797856049,0.4016806722689076,0.3287037037037037,0.4639865996649916,0.4125984251968504,0.5481727574750831,0.5457627118644067,0.4288107202680067,0.4805414551607445,0.467005076142132,0.4094488188976378,0.4681181959564541,0.26804123711340205,0.4283513097072419,0.4965986394557823,0.31758957654723124,0.44879518072289154,0.3843700159489633,0.4756302521008403,0.5181818181818182,0.3787375415282392,0.2596964586846543,0.3986820428336079,0.4373983739837398
2018,1,9,prevalence,0.40784982935153585,0.20607028753993611,0.4332784184514003,0.37750385208012327,0.4266666666666667,0.46504065040650405,0.3370253164556962,0.5838607594936709,0.48171701112877585,0.32213740458015266,0.33495934959349594,0.5571428571428572,0.46849757673667203,0.5185185185185185,0.6103448275862069,0.2366288492706645,0.4465195246179966,0.46615384615384614,0.5519877675840978,0.4292604501607717,0.5232,0.3132137030995106,0.2694214876033058,0.48403361344537815,0.28363047001620745,0.5850891410048622,0.3359497645211931,0.46537842190016104,0.3078149920255183,0.5472636815920398,0.3462132921174652,0.19617224880382775,0.48761609907120745,0.40064102564102566,0.15179968701095461,0.5031055900621118,0.4661290322580645,0.48625429553264604,0.3248730964467005,0.4059701492537313,0.5671406003159558,0.48989113530326595,0.3541666666666667,0.3956723338485317,0.4154103852596315,0.4915254237288136,0.5424292845257903,0.597682119205298,0.49047619047619045,0.3647469458987784,0.4983922829581994,0.47317073170731705,0.4459234608985025,0.5046439628482973,0.40491803278688526,0.4829821717990275,0.2996632996632997,0.4273789649415693,0.473015873015873,0.4263565891472868,0.4583333333333333,0.42628205128205127,0.46129541864139023,0.44844517184942717,0.2076069730586371,0.4549763033175355,0.32779456193353473,0.5102389078498294,0.41540785498489424,0.3553054662379421,0.162754303599374,0.36787564766839376,0.41390205371248023,0.2857142857142857,0.5301587301587302,0.43423137876386686,0.3637795275590551,0.32018927444794953,0.5103338632750397,0.3470031545741325,0.37325038880248834,0.21663778162911612,0.294478527607362,0.466557911908646,0.4901639344262295,0.38930163447251115,0.46500777604976673,0.5524126455906821,0.5688225538971807,0.3903654485049834,0.48976109215017066,0.15207373271889402,0.455026455026455,0.4388111888111888,0.445364238410596,0.4859038142620232,0.29,0.38258164852255055,0.4567062818336163,0.43769968051118213,0.5305810397553516,0.3244444444444444,0.5348484848484848,0.5184563758389261,0.340625,0.45234248788368336,0.34276729559748426,0.37456445993031356,0.3890675241157556,0.3723076923076923,0.3811074918566775,0.5048231511254019,0.3689922480620155,0.5161290322580645,0.45528455284552843,0.3476190476190476,0.34235668789808915,0.42327150084317033,0.47433903576982894,0.46296296296296297,0.5419968304278923,0.45904173106646057,0.47796610169491527,0.40644171779141103,0.31259720062208396,0.38950715421303655,0.49666666666666665,0.4471947194719472,0.43427620632279534,0.37833333333333335,0.39279869067103107,0.3660030627871363,0.27724358974358976,0.3924466338259442,0.40062597809076683,0.45588235294117646,0.38461538461538464,0.38495575221238937,0.49337748344370863,0.34521880064829824,0.4221183800623053,0.37142857142857144,0.44694533762057875,0.3145299145299145,0.253125,0.42080745341614906,0.4483306836248013,0.4895330112721417,0.5508196721311476,0.31433224755700323,0.37755102040816324,0.46540880503144655,0.5771704180064309,0.37205651491365777,0.4220032840722496,0.526148969889065,0.4618834080717489,0.4115755627009646,0.4680511182108626,0.40691927512355847,0.383739837398374,0.4491114701130856,0.375,0.5070643642072213,0.39634146341463417,0.35148514851485146,0.21705426356589147,0.3090909090909091,0.375,0.41358024691358025,0.3789649415692821,0.3837579617834395,0.33534743202416917,0.518628912071535,0.42833876221498374,0.24662162162162163,0.3247588424437299,0.41914191419141916,0.321875,0.5742251223491027,0.3784219001610306,0.5375816993464052,0.5869565217391305,0.5103806228373703,0.4362068965517241,0.4596375617792422,0.37732919254658387,0.467175572519084,0.31462585034013607,0.3984496124031008,0.504258943781942,0.32733224222585927,0.3951367781155015,0.34991974317817015,0.4957841483979764,0.5543478260869565,0.3606010016694491,0.27,0.4693200663349917,0.4271186440677966
2019,1,9,prevalence,0.42414355628058725,0.2524271844660194,0.41304347826086957,0.4224,0.39344262295081966,0.5,0.3588516746411483,0.5611285266457681,0.5110410094637224,0.39083969465648855,0.423728813559322,0.4438860971524288,0.5640625,0.5684931506849316,0.6360601001669449,0.25666666666666665,0.40878378378378377,0.49382716049382713,0.6077519379844961,0.40635451505016723,0.5684713375796179,0.28751974723538704,0.3150242326332795,0.4991364421416235,0.2961730449251248,0.5784469096671949,0.24877250409165302,0.5284552845528455,0.31442463533225284,0.5435139573070608,0.33650793650793653,0.24960505529225907,0.4968454258675079,0.48,0.13416536661466458,0.5886075949367089,0.4519230769230769,0.5275459098497496,0.3704974271012007,0.37821482602118,0.5481832543443917,0.4252336448598131,0.405103668261563,0.3446153846153846,0.3829787234042553,0.5468483816013628,0.5171288743882545,0.5947281713344317,0.5182119205298014,0.31724137931034485,0.5416666666666666,0.4498327759197324,0.474036850921273,0.5417322834645669,0.3969594594594595,0.4511400651465798,0.3824503311258278,0.5063492063492063,0.43769968051118213,0.48589341692789967,0.48739495798319327,0.4396135265700483,0.44773790951638065,0.5278688524590164,0.23770491803278687,0.4485981308411215,0.38212634822804314,0.5733558178752108,0.4624624624624625,0.2764227642276423,0.1669316375198728,0.3970345963756178,0.3682539682539683,0.25226586102719034,0.5674418604651162,0.4437400950871632,0.3675344563552833,0.3490566037735849,0.4778481012658228,0.40683229813664595,0.4018264840182648,0.22126929674099485,0.3674698795180723,0.5506535947712419,0.4524207011686144,0.3761467889908257,0.42857142857142855,0.5343383584589615,0.5728155339805825,0.5112540192926045,0.5494327390599676,0.13559322033898305,0.49043478260869566,0.42086956521739133,0.4905008635578584,0.4077669902912621,0.3805601317957166,0.39186991869918697,0.4974271012006861,0.5472972972972973,0.4946401225114854,0.3214814814814815,0.566412213740458,0.48911222780569513,0.2310077519379845,0.4344391785150079,0.3265993265993266,0.3975694444444444,0.43261231281198004,0.3931888544891641,0.39456869009584666,0.47791798107255523,0.30806451612903224,0.4811320754716981,0.47737909516380655,0.41139240506329117,0.2731707317073171,0.5234899328859061,0.43956043956043955,0.4805414551607445,0.48717948717948717,0.51875,0.4722689075630252,0.3924050632911392,0.30866141732283464,0.4855769230769231,0.47394957983193275,0.44390243902439025,0.46179401993355484,0.3685092127303183,0.4779050736497545,0.40570522979397783,0.2731629392971246,0.454242928452579,0.3990461049284579,0.4918032786885246,0.38388625592417064,0.3803030303030303,0.478476821192053,0.40916530278232405,0.4788732394366197,0.36507936507936506,0.47791798107255523,0.34448160535117056,0.24960998439937598,0.3978328173374613,0.4189406099518459,0.4448051948051948,0.5784469096671949,0.30870279146141216,0.32033898305084746,0.38125,0.5142857142857142,0.3575949367088608,0.32142857142857145,0.5070422535211268,0.44651162790697674,0.4603421461897356,0.43790849673202614,0.3859060402684564,0.36276083467094705,0.504746835443038,0.30098684210526316,0.4946070878274268,0.4085173501577287,0.3245469522240527,0.16563467492260062,0.33166666666666667,0.3328380386329866,0.4236760124610592,0.45840130505709625,0.3973941368078176,0.3276661514683153,0.517503805175038,0.5007923930269413,0.24207011686143573,0.3382352941176471,0.40728476821192056,0.38449612403100775,0.5333333333333333,0.4464,0.5499181669394435,0.5366269165247018,0.5426229508196722,0.47368421052631576,0.43521594684385384,0.39906832298136646,0.4559505409582689,0.38581314878892736,0.4224683544303797,0.5329949238578681,0.3643533123028391,0.41068702290076337,0.3962558502340094,0.5415282392026578,0.5682656826568265,0.3681592039800995,0.30194805194805197,0.41223832528180354,0.4581196581196581
2020,1,9,prevalence,0.36666666666666664,0.38436482084690554,0.4405144694533762,0.4414976599063963,0.3764705882352941,0.4789391575663027,0.35973597359735976,0.530448717948718,0.5134706814580031,0.3812405446293495,0.4991568296795953,0.4859504132231405,0.5221518987341772,0.5453020134228188,0.6070826306913997,0.28052805280528054,0.43275862068965515,0.5,0.5015432098765432,0.3787375415282392,0.501628664495114,0.38028169014084506,0.2922077922077922,0.5172413793103449,0.36363636363636365,0.552099533437014,0.26178861788617885,0.5352564102564102,0.3223684210526316,0.5329052969502408,0.40062597809076683,0.23622047244094488,0.4935483870967742,0.41346153846153844,0.11858974358974358,0.5236593059936908,0.4825949367088608,0.39067524115755625,0.39728353140916806,0.3910355486862442,0.5669291338582677,0.44089456869009586,0.4483306836248013,0.35658914728682173,0.4032,0.4601018675721562,0.5235008103727715,0.5518341307814992,0.4867109634551495,0.38200339558573854,0.4180064308681672,0.49836601307189543,0.423728813559322,0.515625,0.41580756013745707,0.44754098360655736,0.4509151414309484,0.5104669887278583,0.5094637223974764,0.49144634525660963,0.4449760765550239,0.45806451612903226,0.4012539184952978,0.5342237061769616,0.2604501607717042,0.4714946070878274,0.4217585692995529,0.5154109589041096,0.4417910447761194,0.2444794952681388,0.1778846153846154,0.41407528641571195,0.3175355450236967,0.3203592814371258,0.5008025682182986,0.4904153354632588,0.37910447761194027,0.3956723338485317,0.5620094191522763,0.40683229813664595,0.4855403348554033,0.3120689655172414,0.45151515151515154,0.5658536585365853,0.50814332247557,0.43498452012383904,0.39477726574500765,0.5575959933222037,0.5492063492063493,0.42902711323763953,0.5066889632107023,0.12202852614896989,0.4311774461028192,0.35084745762711866,0.5266781411359724,0.448,0.38980263157894735,0.41878980891719747,0.4710884353741497,0.5081967213114754,0.45648854961832064,0.3209509658246657,0.5461538461538461,0.5682967959527825,0.22098569157392686,0.5085803432137286,0.4085667215815486,0.46017699115044247,0.5314091680814941,0.41479099678456594,0.36633663366336633,0.4775888717156105,0.40224358974358976,0.4680511182108626,0.481651376146789,0.4074074074074074,0.34415584415584416,0.519672131147541,0.44871794871794873,0.4827018121911038,0.5265700483091788,0.529320987654321,0.42244224422442245,0.3899848254931715,0.30337078651685395,0.4538087520259319,0.5702614379084967,0.4975288303130148,0.4899665551839465,0.41074523396880414,0.402317880794702,0.4077669902912621,0.34782608695652173,0.40468227424749165,0.46238244514106586,0.4795417348608838,0.4041204437400951,0.4086826347305389,0.4907563025210084,0.30618892508143325,0.49921507064364207,0.536115569823435,0.48154093097913325,0.3717105263157895,0.25115562403698,0.3882896764252696,0.3371710526315789,0.5161290322580645,0.555735056542811,0.3979763912310287,0.3538205980066445,0.45063694267515925,0.5581787521079258,0.3866877971473851,0.40456769983686786,0.49921259842519683,0.4440993788819876,0.4015384615384615,0.4006734006734007,0.38552188552188554,0.40415335463258784,0.4968944099378882,0.3772652388797364,0.5477308294209703,0.4565560821484992,0.3360522022838499,0.1552511415525114,0.3189792663476874,0.35650887573964496,0.40584415584415584,0.420032310177706,0.4251207729468599,0.4381846635367762,0.514018691588785,0.48909657320872274,0.3225806451612903,0.37181663837011886,0.468013468013468,0.4373040752351097,0.4773462783171521,0.44715447154471544,0.5136436597110754,0.5547826086956522,0.5478547854785478,0.4370860927152318,0.47079037800687284,0.40217391304347827,0.5046439628482973,0.3615916955017301,0.40063091482649843,0.5538720538720538,0.3753943217665615,0.4506172839506173,0.41363636363636364,0.49748743718592964,0.5700575815738963,0.4396694214876033,0.4527687296416938,0.47030497592295345,0.49569707401032703
2021,1,9,prevalence,0.3832236842105263,0.47249190938511326,0.42394822006472493,0.3489827856025039,0.4584717607973422,0.4758942457231726,0.43851132686084143,0.5608214849921012,0.4816,0.3046757164404223,0.434640522875817,0.521311475409836,0.49144634525660963,0.5236541598694943,0.5676126878130217,0.30689655172413793,0.40166666666666667,0.5511182108626198,0.5031347962382445,0.42454394693200664,0.48381877022653724,0.37400950871632327,0.247557003257329,0.5261324041811847,0.45315161839863716,0.5596774193548387,0.3519736842105263,0.480865224625624,0.39565943238731216,0.5286415711947627,0.4206471494607088,0.2805071315372425,0.4686971235194585,0.4317032040472175,0.10366826156299841,0.5878594249201278,0.5203125,0.46740858505564387,0.412751677852349,0.44200626959247646,0.5868167202572347,0.49682539682539684,0.4097331240188383,0.3961661341853035,0.37254901960784315,0.5127334465195246,0.518578352180937,0.6287519747235387,0.501628664495114,0.4351395730706076,0.5353697749196141,0.4148264984227129,0.4413793103448276,0.5151515151515151,0.48825503355704697,0.4806070826306914,0.3256578947368421,0.4524959742351047,0.4507936507936508,0.44135802469135804,0.4366883116883117,0.49917081260364843,0.4513556618819777,0.5544388609715243,0.3016666666666667,0.442572741194487,0.3377777777777778,0.5888501742160279,0.4292168674698795,0.24378881987577639,0.1926163723916533,0.38205980066445183,0.34055727554179566,0.291981845688351,0.5007849293563579,0.4799357945425361,0.4375,0.4274447949526814,0.5259146341463414,0.3853503184713376,0.44631901840490795,0.3463497453310696,0.4009077155824508,0.5149136577708007,0.5444264943457189,0.42901234567901236,0.4288,0.5216666666666666,0.5167464114832536,0.4078740157480315,0.4727272727272727,0.11838006230529595,0.4295190713101161,0.3656093489148581,0.4975124378109453,0.4967532467532468,0.3762541806020067,0.3778877887788779,0.4814189189189189,0.5431472081218274,0.4762633996937213,0.36507936507936506,0.48742138364779874,0.5917667238421955,0.2618296529968454,0.4728682170542636,0.4083333333333333,0.38487394957983195,0.4673202614379085,0.4272151898734177,0.3758278145695364,0.47772657450076805,0.3832236842105263,0.5201863354037267,0.4375,0.3302034428794992,0.31862745098039214,0.48013245033112584,0.4825949367088608,0.5041050903119869,0.46416938110749184,0.4769475357710652,0.454983922829582,0.37009063444108764,0.28821656050955413,0.48148148148148145,0.4857142857142857,0.5454545454545454,0.4815436241610738,0.42567567567567566,0.34967320261437906,0.37886178861788616,0.43427620632279534,0.4376012965964344,0.4301948051948052,0.5305466237942122,0.46899841017488075,0.3948948948948949,0.4384,0.3294701986754967,0.4913657770800628,0.4737704918032787,0.4967948717948718,0.39344262295081966,0.21642969984202212,0.4083204930662558,0.4361525704809287,0.4896,0.48661417322834644,0.4209621993127148,0.2495697074010327,0.423861852433281,0.6078098471986417,0.31433224755700323,0.3795986622073579,0.492845786963434,0.4492063492063492,0.4095826893353941,0.43717728055077454,0.4054982817869416,0.47235387045813587,0.4788732394366197,0.371900826446281,0.5177195685670262,0.48165869218500795,0.3316831683168317,0.15749235474006115,0.3008,0.35179640718562877,0.45773524720893144,0.38387096774193546,0.48450244698205547,0.4219001610305958,0.5416012558869702,0.448062015503876,0.428343949044586,0.4339622641509434,0.46938775510204084,0.43553459119496857,0.5016233766233766,0.43618739903069464,0.4605678233438486,0.6076794657762938,0.546583850931677,0.42449664429530204,0.4316309719934102,0.3601823708206687,0.4119496855345912,0.31270903010033446,0.4325581395348837,0.5728643216080402,0.3359872611464968,0.40188383045525905,0.4257871064467766,0.48936170212765956,0.6140684410646388,0.44607843137254904,0.5165876777251185,0.4542483660130719,0.475177304964539
2022,1,9,prevalence,0.3701923076923077,0.4505672609400324,0.4612903225806452,0.43789808917197454,0.41778523489932884,0.400974025974026,0.4628751974723539,0.6025437201907791,0.4871382636655949,0.2878787878787879,0.5467075038284839,0.45746388443017655,0.42700156985871274,0.4677685950413223,0.5700636942675159,0.3263157894736842,0.37293729372937295,0.5119236883942766,0.5548686244204019,0.42036124794745483,0.5322834645669291,0.320695102685624,0.23636363636363636,0.5107142857142857,0.479933110367893,0.5245098039215687,0.3474714518760196,0.475,0.38016528925619836,0.5016233766233766,0.44086021505376344,0.282642089093702,0.47923875432525953,0.3741379310344828,0.10702875399361023,0.5493827160493827,0.4442748091603053,0.4674922600619195,0.41368078175895767,0.3755868544600939,0.5458786936236392,0.42289348171701113,0.41451612903225804,0.41333333333333333,0.3504,0.45484949832775917,0.47058823529411764,0.5258899676375405,0.5040387722132472,0.5737704918032787,0.47797716150081565,0.45839874411302983,0.45789473684210524,0.5405405405405406,0.44673539518900346,0.41308089500860584,0.3419354838709677,0.4538087520259319,0.49921259842519683,0.49922958397534667,0.46275752773375595,0.545,0.44568690095846647,0.5139573070607554,0.4482758620689655,0.4086687306501548,0.3287461773700306,0.5782312925170068,0.45662100456621,0.3498452012383901,0.27948303715670436,0.34557595993322204,0.39723926380368096,0.3308270676691729,0.5815831987075929,0.5080645161290323,0.3680241327300151,0.47269890795631825,0.4522691705790297,0.40902021772939345,0.44869831546707506,0.44019933554817275,0.38304552590266877,0.49846625766871167,0.47571189279731996,0.48165869218500795,0.48854961832061067,0.5245098039215687,0.5531914893617021,0.37753510140405616,0.4983277591973244,0.16825396825396827,0.3861066235864297,0.3836065573770492,0.5140495867768595,0.48705501618122976,0.41025641025641024,0.41852487135506006,0.4865771812080537,0.5190713101160862,0.4701130856219709,0.34575260804769004,0.529874213836478,0.5663716814159292,0.30288461538461536,0.4214618973561431,0.40476190476190477,0.3798977853492334,0.4555921052631579,0.4697452229299363,0.34056761268781305,0.4945054945054945,0.4212218649517685,0.48165869218500795,0.49615975422427033,0.35658914728682173,0.4281098546042003,0.4698205546492659,0.5211267605633803,0.5203915171288744,0.5235849056603774,0.527047913446677,0.420032310177706,0.4170471841704718,0.325508607198748,0.42237061769616024,0.5327868852459017,0.5472312703583062,0.44727891156462585,0.4105960264900662,0.392,0.38605442176870747,0.5371621621621622,0.4799357945425361,0.36593591905564926,0.49363057324840764,0.4904153354632588,0.34156976744186046,0.3925686591276252,0.3228995057660626,0.49768160741885625,0.3754152823920266,0.47468354430379744,0.33386581469648563,0.28175895765472314,0.4003021148036254,0.5203915171288744,0.4281298299845441,0.48177496038034867,0.6079734219269103,0.3448275862068966,0.49363057324840764,0.5509868421052632,0.3518821603927987,0.43265993265993263,0.48973143759873616,0.43800322061191627,0.3695652173913043,0.5102040816326531,0.39565943238731216,0.37777777777777777,0.40553745928338764,0.5152487961476726,0.443217665615142,0.42276422764227645,0.38613861386138615,0.18095238095238095,0.3365539452495974,0.33435114503816793,0.4449760765550239,0.405103668261563,0.4479338842975207,0.4320388349514563,0.5198019801980198,0.43328100470957615,0.444794952681388,0.4653130287648054,0.436241610738255,0.329635499207607,0.49108589951377635,0.4098360655737705,0.5280728376327769,0.4816053511705686,0.511326860841424,0.44189852700491,0.46256239600665555,0.3684210526315789,0.4628482972136223,0.3161512027491409,0.419811320754717,0.5033222591362126,0.3466453674121406,0.3967741935483871,0.37576687116564417,0.46381578947368424,0.5406360424028268,0.5325914149443561,0.4353518821603928,0.47896440129449835,0.5622775800711743
2023,1,9,prevalence,0.4171974522292994,0.36910569105691055,0.42528735632183906,0.4696485623003195,0.313758389261745,0.3703099510603589,0.4016,0.5329153605015674,0.46314102564102566,0.2684049079754601,0.5114854517611026,0.5667752442996743,0.35893416927899685,0.501577287066246,0.5824175824175825,0.4230118443316413,0.3923841059602649,0.4894991922455573,0.5570776255707762,0.44711538461538464,0.5349593495934959,0.27936507936507937,0.3818770226537217,0.4658273381294964,0.44648829431438125,0.49447077409162715,0.43492586490939045,0.4459016393442623,0.3242320819112628,0.47702060221870046,0.41131498470948014,0.25787106446776614,0.4931972789115646,0.44502617801047123,0.12057877813504823,0.5472868217054263,0.4353120243531202,0.4503105590062112,0.4287949921752739,0.39903846153846156,0.5600624024960998,0.4596375617792422,0.4370748299319728,0.42789223454833597,0.3980891719745223,0.5307086614173229,0.46314102564102566,0.5139318885448917,0.5238853503184714,0.5016447368421053,0.505654281098546,0.4351145038167939,0.4789473684210526,0.5272459499263623,0.4013961605584642,0.49310344827586206,0.2915980230642504,0.49188311688311687,0.46919431279620855,0.4456692913385827,0.4370139968895801,0.4420529801324503,0.33762057877813506,0.49754500818330605,0.44741235392320533,0.4215530903328051,0.29185867895545314,0.5512605042016807,0.4574961360123648,0.44916540212443096,0.3717948717948718,0.3397129186602871,0.43597560975609756,0.40061162079510704,0.46855345911949686,0.47435897435897434,0.3015625,0.3939393939393939,0.5023696682464455,0.36874051593323215,0.4411764705882353,0.3898858075040783,0.4322678843226788,0.4083204930662558,0.4845360824742268,0.4565916398713826,0.40836012861736337,0.5420711974110033,0.5023622047244094,0.39285714285714285,0.477124183006536,0.28095238095238095,0.39389067524115756,0.342809364548495,0.47299509001636664,0.4419713831478537,0.39838709677419354,0.4340567612687813,0.41235392320534225,0.4233937397034596,0.4837662337662338,0.3462109955423477,0.5186335403726708,0.568259385665529,0.27682737169517885,0.42967542503863987,0.43288590604026844,0.41989881956155145,0.43781094527363185,0.45354330708661417,0.3588039867109635,0.3993808049535604,0.3729641693811075,0.45425867507886436,0.4557926829268293,0.35648148148148145,0.38304552590266877,0.4336569579288026,0.46529968454258674,0.5048231511254019,0.4567901234567901,0.47581903276131043,0.5073409461663948,0.33588957055214724,0.3011456628477905,0.4415156507413509,0.5160771704180064,0.5424292845257903,0.486159169550173,0.4360655737704918,0.46422628951747086,0.42105263157894735,0.46452702702702703,0.42414355628058725,0.4576271186440678,0.47527910685805425,0.4387596899224806,0.43478260869565216,0.4090150250417362,0.3952,0.5402985074626866,0.31871838111298484,0.44660194174757284,0.30078740157480316,0.47495961227786754,0.3858858858858859,0.44694533762057875,0.4525993883792049,0.44607843137254904,0.46317512274959083,0.3344947735191638,0.4900332225913621,0.5277310924369748,0.4171875,0.39419795221843,0.5121163166397416,0.4925619834710744,0.37089201877934275,0.4634974533106961,0.3904448105436573,0.38125,0.3961661341853035,0.46445497630331756,0.42504118616144976,0.3993453355155483,0.44293015332197616,0.31832298136645965,0.3632075471698113,0.3157099697885196,0.36451612903225805,0.407108239095315,0.4206219312602291,0.38095238095238093,0.45187601957585644,0.4513556618819777,0.36589147286821705,0.3739424703891709,0.3973509933774834,0.3803680981595092,0.512396694214876,0.3404255319148936,0.48714069591527986,0.5442622950819672,0.48538961038961037,0.49756888168557534,0.44093178036605657,0.3547400611620795,0.500763358778626,0.3211314475873544,0.3993558776167472,0.5266666666666666,0.4072249589490969,0.41435562805872755,0.3443396226415094,0.4489112227805695,0.5292153589315526,0.45813586097946285,0.33858267716535434,0.4871382636655949,0.49391304347826087
2024,1,9,prevalence,0.34181240063593005,0.31968503937007875,0.3504132231404959,0.4261006289308176,0.31543624161073824,0.42625607779578606,0.33814102564102566,0.567398119122257,0.4158730158730159,0.23839009287925697,0.4863636363636364,0.5,0.44732824427480916,0.4675118858954041,0.5859375,0.4263959390862944,0.37458745874587457,0.44264943457189015,0.5393939393939394,0.4572784810126582,0.5421303656597775,0.2598684210526316,0.44749596122778673,0.4990892531876138,0.3663865546218487,0.5516129032258065,0.3371900826446281,0.41272430668841764,0.3546218487394958,0.5,0.3159509202453988,0.23255813953488372,0.4778156996587031,0.43661971830985913,0.14761904761904762,0.5623052959501558,0.41500765696784075,0.4241486068111455,0.45962732919254656,0.43322475570032576,0.5331278890600925,0.4827018121911038,0.4057724957555178,0.3286384976525822,0.3446153846153846,0.49759229534510435,0.46967340590979784,0.588957055214724,0.4560862865947612,0.4365079365079365,0.5064935064935064,0.4248062015503876,0.44521739130434784,0.5411061285500748,0.423407917383821,0.5324459234608985,0.31561996779388085,0.4389438943894389,0.4645161290322581,0.4444444444444444,0.3858267716535433,0.3912337662337662,0.3905996758508914,0.4552590266875981,0.32516339869281047,0.36906584992343033,0.31357254290171604,0.5631229235880398,0.42745709828393136,0.30269413629160064,0.4344391785150079,0.33700787401574805,0.41112828438948995,0.3546875,0.57984496124031,0.4936102236421725,0.30345911949685533,0.37142857142857144,0.5410852713178295,0.35239567233384855,0.43808049535603716,0.2993421052631579,0.37142857142857144,0.4364207221350079,0.5025553662691652,0.3808695652173913,0.4195583596214511,0.5094637223974764,0.5085803432137286,0.3663522012578616,0.472636815920398,0.26996805111821087,0.4042904290429043,0.38651315789473684,0.5048387096774194,0.47318611987381703,0.3819672131147541,0.30948419301164726,0.4557595993322204,0.4603960396039604,0.5064516129032258,0.37910447761194027,0.5,0.588135593220339,0.30854430379746833,0.4283464566929134,0.36048526863084923,0.34121621621621623,0.46102819237147596,0.4458804523424879,0.30971993410214166,0.4444444444444444,0.40863787375415284,0.5122349102773246,0.4094368340943683,0.3463338533541342,0.3559870550161812,0.43322475570032576,0.5151515151515151,0.504746835443038,0.5095238095238095,0.4799357945425361,0.4681181959564541,0.2887864823348694,0.2990353697749196,0.4560810810810811,0.5387045813586098,0.4752,0.47750865051903113,0.384,0.3488372093023256,0.33613445378151263,0.37846655791190864,0.47096774193548385,0.3772954924874791,0.47318611987381703,0.38449612403100775,0.4105263157894737,0.49081803005008345,0.3837579617834395,0.4977578475336323,0.33943427620632277,0.44112769485903813,0.2816691505216095,0.44,0.4143302180685358,0.4073482428115016,0.4048706240487062,0.4684385382059801,0.3958664546899841,0.4088495575221239,0.4630225080385852,0.5181518151815182,0.35467980295566504,0.3787878787878788,0.5507936507936508,0.4759535655058043,0.3598130841121495,0.48148148148148145,0.4067524115755627,0.3863298662704309,0.4207221350078493,0.3870967741935484,0.44045676998368677,0.36348684210526316,0.337248322147651,0.4027355623100304,0.33487654320987653,0.3475609756097561,0.36633663366336633,0.36421725239616615,0.4066115702479339,0.3888888888888889,0.5198019801980198,0.45773524720893144,0.30275229357798167,0.4336134453781513,0.38648180242634317,0.2803738317757009,0.5024311183144247,0.3936348408710218,0.5068493150684932,0.5620915032679739,0.499194847020934,0.526148969889065,0.43882544861337686,0.28396946564885495,0.4063926940639269,0.38752052545155996,0.3833605220228385,0.5514950166112956,0.3888888888888889,0.46496815286624205,0.3547351524879615,0.4306930693069307,0.49331103678929766,0.40415335463258784,0.34345047923322686,0.43569131832797425,0.5
2025,1,9,prevalence,0.35239567233384855,0.25967741935483873,0.421474358974359,0.3756019261637239,0.3944353518821604,0.4385692068429238,0.3646496815286624,0.576036866359447,0.46116504854368934,0.2527821939586645,0.4241960183767228,0.5033444816053512,0.46808510638297873,0.5390625,0.6021180030257186,0.3883333333333333,0.44089456869009586,0.6063492063492063,0.5362537764350453,0.42971246006389774,0.5302547770700637,0.2519809825673534,0.36046511627906974,0.4666666666666667,0.3016666666666667,0.580327868852459,0.3310924369747899,0.43485342019543977,0.3563218390804598,0.48848684210526316,0.31974921630094044,0.19538461538461538,0.563573883161512,0.3773913043478261,0.2403225806451613,0.5951612903225807,0.5091743119266054,0.48,0.4196969696969697,0.4377049180327869,0.5385802469135802,0.5314569536423841,0.39464882943143814,0.3140096618357488,0.3450381679389313,0.45645161290322583,0.5396578538102644,0.6073619631901841,0.4411764705882353,0.45076923076923076,0.4810725552050473,0.4432515337423313,0.43243243243243246,0.5203619909502263,0.39473684210526316,0.4683954619124797,0.2944,0.42215088282504015,0.4626391096979332,0.48412698412698413,0.4935897435897436,0.41346153846153844,0.383739837398374,0.4728682170542636,0.3160453808752026,0.37962962962962965,0.32643312101910826,0.581787521079258,0.45054945054945056,0.29411764705882354,0.3893249607535322,0.35202492211838005,0.352755905511811,0.28091603053435116,0.5101404056162246,0.47641509433962265,0.3349673202614379,0.35944700460829493,0.4625199362041467,0.42194744976816073,0.41809672386895474,0.25363489499192243,0.34294385432473445,0.4514637904468413,0.5061728395061729,0.4250871080139373,0.4552590266875981,0.5170178282009724,0.511520737327189,0.4225352112676056,0.5218093699515347,0.26521060842433697,0.5515548281505729,0.353322528363047,0.5130293159609121,0.5039745627980922,0.38731218697829717,0.28807947019867547,0.5066006600660066,0.48562300319488816,0.5402298850574713,0.35171385991058124,0.5701078582434514,0.6130081300813008,0.32516339869281047,0.4253048780487805,0.40425531914893614,0.42589437819420783,0.4857142857142857,0.4,0.2981878088962109,0.5233082706766917,0.3304647160068847,0.5438311688311688,0.3890577507598784,0.3185419968304279,0.3478964401294498,0.4192495921696574,0.45641838351822506,0.5248447204968945,0.5241935483870968,0.4712460063897764,0.4714946070878274,0.2957074721780604,0.31727574750830567,0.52,0.5375,0.473421926910299,0.5182119205298014,0.3915094339622642,0.3197969543147208,0.38578680203045684,0.34545454545454546,0.49185667752442996,0.47715736040609136,0.5134281200631912,0.3409436834094368,0.3780487804878049,0.4396825396825397,0.362012987012987,0.47289156626506024,0.45098039215686275,0.4764227642276423,0.3214814814814815,0.3548895899053628,0.3802163833075734,0.42071197411003236,0.44200626959247646,0.5116279069767442,0.4201954397394137,0.42168674698795183,0.4755905511811024,0.527363184079602,0.33986928104575165,0.422680412371134,0.5525114155251142,0.48580968280467446,0.3913738019169329,0.5115894039735099,0.3829113924050633,0.3553223388305847,0.47566718995290425,0.33541341653666146,0.43833333333333335,0.41652892561983473,0.29238754325259514,0.3235747303543914,0.3614457831325301,0.3091190108191654,0.43217665615141954,0.4542483660130719,0.4301765650080257,0.4251592356687898,0.47833333333333333,0.5101404056162246,0.25862068965517243,0.452991452991453,0.4218487394957983,0.3070739549839228,0.47619047619047616,0.44194107452339687,0.5581039755351682,0.58125,0.4456692913385827,0.46645367412140576,0.4233937397034596,0.27856025039123633,0.4401244167962675,0.3333333333333333,0.4483333333333333,0.5201288244766505,0.37362637362637363,0.3827751196172249,0.34627329192546585,0.43322475570032576,0.48519736842105265,0.3915094339622642,0.25483870967741934,0.45746388443017655,0.5207986688851913
