Time,age_start,age_end,measure,draw_0,draw_1,draw_2,draw_3,draw_4,draw_5,draw_6,draw_7,draw_8,draw_9,draw_10,draw_11,draw_12,draw_13,draw_14,draw_15,draw_16,draw_17,draw_18,draw_19,draw_20,draw_21,draw_22,draw_23,draw_24,draw_25,draw_26,draw_27,draw_28,draw_29,draw_30,draw_31,draw_32,draw_33,draw_34,draw_35,draw_36,draw_37,draw_38,draw_39,draw_40,draw_41,draw_42,draw_43,draw_44,draw_45,draw_46,draw_47,draw_48,draw_49,draw_50,draw_51,draw_52,draw_53,draw_54,draw_55,draw_56,draw_57,draw_58,draw_59,draw_60,draw_61,draw_62,draw_63,draw_64,draw_65,draw_66,draw_67,draw_68,draw_69,draw_70,draw_71,draw_72,draw_73,draw_74,draw_75,draw_76,draw_77,draw_78,draw_79,draw_80,draw_81,draw_82,draw_83,draw_84,draw_85,draw_86,draw_87,draw_88,draw_89,draw_90,draw_91,draw_92,draw_93,draw_94,draw_95,draw_96,draw_97,draw_98,draw_99,draw_100,draw_101,draw_102,draw_103,draw_104,draw_105,draw_106,draw_107,draw_108,draw_109,draw_110,draw_111,draw_112,draw_113,draw_114,draw_115,draw_116,draw_117,draw_118,draw_119,draw_120,draw_121,draw_122,draw_123,draw_124,draw_125,draw_126,draw_127,draw_128,draw_129,draw_130,draw_131,draw_132,draw_133,draw_134,draw_135,draw_136,draw_137,draw_138,draw_139,draw_140,draw_141,draw_142,draw_143,draw_144,draw_145,draw_146,draw_147,draw_148,draw_149,draw_150,draw_151,draw_152,draw_153,draw_154,draw_155,draw_156,draw_157,draw_158,draw_159,draw_160,draw_161,draw_162,draw_163,draw_164,draw_165,draw_166,draw_167,draw_168,draw_169,draw_170,draw_171,draw_172,draw_173,draw_174,draw_175,draw_176,draw_177,draw_178,draw_179,draw_180,draw_181,draw_182,draw_183,draw_184,draw_185,draw_186,draw_187,draw_188,draw_189,draw_190,draw_191,draw_192,draw_193,draw_194,draw_195,draw_196,draw_197,draw_198,draw_199
1996,1,9,prevalence,0.004830917874396135,0.028938906752411574,0.0496,0.0016722408026755853,0.16164817749603805,0.06804733727810651,0.0,0.23323170731707318,0.0029940119760479044,0.00303951367781155,0.12741935483870967,0.0047694753577106515,0.0,0.002932551319648094,0.02830188679245283,0.15780998389694043,0.0015060240963855422,0.15619967793880837,0.12460567823343849,0.0953125,0.12876254180602006,0.1926163723916533,0.0,0.06645569620253164,0.0016260162601626016,0.05538922155688623,0.0016155088852988692,0.0,0.0,0.0015384615384615385,0.0016750418760469012,0.0016051364365971107,0.0,0.03927492447129909,0.07355021216407355,0.06828528072837632,0.05454545454545454,0.13366336633663367,0.12331081081081081,0.02922077922077922,0.0032258064516129032,0.03179650238473768,0.09570957095709572,0.023703703703703703,0.08682634730538923,0.0,0.0015313935681470138,0.0014771048744460858,0.055031446540880505,0.02622950819672131,0.047021943573667714,0.01263823064770932,0.0,0.0033613445378151263,0.0017152658662092624,0.11378205128205128,0.019817073170731708,0.01649175412293853,0.11609907120743033,0.0014792899408284023,0.03225806451612903,0.0898876404494382,0.0,0.13804713804713806,0.0,0.04297520661157025,0.0093603744149766,0.003246753246753247,0.141287284144427,0.0031446540880503146,0.11764705882352941,0.0045662100456621,0.031746031746031744,0.001567398119122257,0.0015503875968992248,0.0589171974522293,0.06462035541195477,0.042789223454833596,0.019736842105263157,0.0141287284144427,0.012718600953895072,0.0380952380952381,0.17965023847376788,0.09149277688603531,0.06306306306306306,0.0015503875968992248,0.0,0.125193199381762,0.010687022900763359,0.06736526946107785,0.003189792663476874,0.05421686746987952,0.004694835680751174,0.06859756097560976,0.015873015873015872,0.12721417069243157,0.0030721966205837174,0.014018691588785047,0.059282371294851796,0.05222734254992319,0.0014684287812041115,0.0030211480362537764,0.03785488958990536,0.03365384615384615,0.028064992614475627,0.0,0.0,0.08766233766233766,0.06097560975609756,0.048939641109298535,0.1588502269288956,0.0,0.07653910149750416,0.030894308943089432,0.07920792079207921,0.033386327503974564,0.001564945226917058,0.012841091492776886,0.10110584518167456,0.05405405405405406,0.0015625,0.001584786053882726,0.015197568389057751,0.0,0.0016366612111292963,0.06797583081570997,0.07898894154818326,0.027522935779816515,0.0,0.13029315960912052,0.128500823723229,0.051070840197693576,0.15765069551777433,0.1032258064516129,0.0,0.021538461538461538,0.002976190476190476,0.0,0.0448,0.0030721966205837174,0.0031201248049922,0.015625,0.05825242718446602,0.003395585738539898,0.0032626427406199023,0.003246753246753247,0.05950413223140496,0.07097791798107256,0.018867924528301886,0.0624,0.0014619883040935672,0.03235294117647059,0.040257648953301126,0.00764525993883792,0.0,0.04807692307692308,0.0032,0.06472491909385113,0.10407239819004525,0.01804511278195489,0.038461538461538464,0.022727272727272728,0.1424,0.03592814371257485,0.0015151515151515152,0.009244992295839754,0.030744336569579287,0.007861635220125786,0.04477611940298507,0.01904761904761905,0.18122977346278318,0.049441786283891544,0.07878787878787878,0.020967741935483872,0.21225710014947682,0.16411042944785276,0.023121387283236993,0.03761755485893417,0.3328313253012048,0.0528,0.003257328990228013,0.00303951367781155,0.1858974358974359,0.0015267175572519084,0.0015772870662460567,0.0030075187969924814,0.043674698795180725,0.14426229508196722,0.22875816993464052,0.12345679012345678,0.10383386581469649,0.11707317073170732,0.08520900321543408,0.06710310965630115,0.09582689335394126,0.0031007751937984496,0.11241610738255034,0.11519198664440734,0.15847860538827258,0.016666666666666666
1997,1,9,prevalence,0.003367003367003367,0.029209621993127148,0.06351791530944625,0.0017006802721088435,0.14424635332252836,0.07395993836671803,0.0,0.21855345911949686,0.003115264797507788,0.003115264797507788,0.12521150592216582,0.003236245954692557,0.0015479876160990713,0.0030534351145038168,0.021241830065359478,0.13210702341137123,0.0030349013657056147,0.16,0.0898876404494382,0.08603896103896104,0.08275862068965517,0.1377551020408163,0.0,0.05737704918032787,0.0017391304347826088,0.07407407407407407,0.0,0.0,0.0,0.0016129032258064516,0.001697792869269949,0.0016207455429497568,0.0,0.015527950310559006,0.07196401799100449,0.08931419457735247,0.03732503888024884,0.10367892976588629,0.07758620689655173,0.031932773109243695,0.01020408163265306,0.02159468438538206,0.07772020725388601,0.039634146341463415,0.0852359208523592,0.0,0.0015455950540958269,0.0,0.05211726384364821,0.04145936981757877,0.035483870967741936,0.011272141706924315,0.0,0.003401360544217687,0.0017421602787456446,0.12950819672131147,0.020440251572327043,0.012422360248447204,0.1414790996784566,0.004622496147919877,0.031932773109243695,0.09562398703403566,0.0,0.16013628620102216,0.0,0.023972602739726026,0.00949367088607595,0.0033613445378151263,0.11201298701298701,0.001597444089456869,0.09364548494983277,0.0015748031496062992,0.0372168284789644,0.0032102728731942215,0.0,0.05619834710743802,0.07508532423208192,0.04950495049504951,0.026936026936026935,0.01794453507340946,0.01938610662358643,0.04406779661016949,0.19805194805194806,0.08557046979865772,0.07165605095541401,0.001589825119236884,0.0,0.15472312703583063,0.014285714285714285,0.08087091757387248,0.0016611295681063123,0.056962025316455694,0.0016366612111292963,0.05246422893481717,0.022950819672131147,0.13106796116504854,0.00322061191626409,0.009554140127388535,0.05071315372424723,0.054313099041533544,0.0015290519877675841,0.003194888178913738,0.039383561643835614,0.029173419773095625,0.037209302325581395,0.0,0.0015923566878980893,0.08514190317195326,0.06535947712418301,0.05509181969949917,0.14992025518341306,0.0,0.07979626485568761,0.032423208191126277,0.08754208754208755,0.03231017770597738,0.0015723270440251573,0.013628620102214651,0.07142857142857142,0.08496732026143791,0.003125,0.001639344262295082,0.020537124802527645,0.0,0.001669449081803005,0.11128775834658187,0.0816,0.03968253968253968,0.0,0.0978441127694859,0.09752066115702479,0.034129692832764506,0.2109500805152979,0.0664451827242525,0.0,0.025356576862123614,0.004658385093167702,0.0,0.06743421052631579,0.0032679738562091504,0.0016260162601626016,0.0144,0.0380794701986755,0.003401360544217687,0.0016638935108153079,0.0033277870216306157,0.043478260869565216,0.04215851602023609,0.027642276422764227,0.06949152542372881,0.0,0.03565891472868217,0.027210884353741496,0.015015015015015015,0.0,0.03764320785597381,0.0016666666666666668,0.05454545454545454,0.12796208530805686,0.019230769230769232,0.020654044750430294,0.018779342723004695,0.13043478260869565,0.05271317829457364,0.0015748031496062992,0.008051529790660225,0.024193548387096774,0.009508716323296355,0.02555366269165247,0.016556291390728478,0.1734860883797054,0.07765451664025357,0.10989010989010989,0.021739130434782608,0.19760479041916168,0.12234910277324633,0.0452418096723869,0.03715670436187399,0.30128205128205127,0.04340567612687813,0.003395585738539898,0.003129890453834116,0.195,0.0031007751937984496,0.001579778830963665,0.0015698587127158557,0.06396255850234009,0.145,0.18434782608695652,0.05555555555555555,0.09897610921501707,0.1511627906976744,0.05619834710743802,0.04276315789473684,0.11745513866231648,0.0015600624024961,0.08020477815699659,0.13013698630136986,0.15890850722311398,0.012738853503184714
1998,1,9,prevalence,0.003430531732418525,0.033444816053511704,0.0625,0.0035587188612099642,0.1301482701812191,0.09389671361502347,0.0,0.21236133122028525,0.0016051364365971107,0.003169572107765452,0.10048622366288493,0.004709576138147566,0.0031007751937984496,0.0,0.009389671361502348,0.10562180579216354,0.0031645569620253164,0.12077294685990338,0.10914927768860354,0.08737864077669903,0.07445008460236886,0.11390284757118928,0.001610305958132045,0.05245346869712352,0.0017152658662092624,0.055900621118012424,0.0,0.0016420361247947454,0.0,0.001607717041800643,0.0017391304347826088,0.0016366612111292963,0.0,0.018433179723502304,0.08141321044546851,0.14217252396166133,0.0490506329113924,0.06756756756756757,0.09326424870466321,0.023255813953488372,0.0034602076124567475,0.01932367149758454,0.09532062391681109,0.027149321266968326,0.07750759878419453,0.0016778523489932886,0.003048780487804878,0.0030257186081694403,0.05555555555555555,0.06478405315614617,0.0423861852433281,0.01589825119236884,0.0,0.003367003367003367,0.0,0.0946843853820598,0.029595015576323987,0.007911392405063292,0.13562091503267973,0.004672897196261682,0.04326123128119801,0.08972267536704731,0.0,0.2027729636048527,0.0034071550255536627,0.0189328743545611,0.003129890453834116,0.0017006802721088435,0.10177705977382875,0.0016420361247947454,0.10561056105610561,0.0047169811320754715,0.03354632587859425,0.0033444816053511705,0.0,0.05149501661129568,0.052364864864864864,0.03389830508474576,0.0189328743545611,0.008025682182985553,0.01818181818181818,0.04697986577181208,0.19031719532554256,0.12106135986733002,0.05844155844155844,0.0016025641025641025,0.0,0.21612349914236706,0.007849293563579277,0.07526881720430108,0.0,0.039619651347068144,0.0065040650406504065,0.0368,0.008223684210526315,0.13980263157894737,0.0031645569620253164,0.019417475728155338,0.06141732283464567,0.0467741935483871,0.001579778830963665,0.0015923566878980893,0.04406779661016949,0.022508038585209004,0.05993690851735016,0.0,0.0015455950540958269,0.07236842105263158,0.06885245901639345,0.04671280276816609,0.12924071082390953,0.0,0.09259259259259259,0.047217537942664416,0.06076388888888889,0.02975206611570248,0.0015527950310559005,0.02138157894736842,0.09968354430379747,0.11003236245954692,0.004878048780487805,0.0016260162601626016,0.0397456279809221,0.0,0.006734006734006734,0.13406940063091483,0.0631911532385466,0.05714285714285714,0.0,0.07868852459016394,0.07308970099667775,0.03152364273204904,0.19230769230769232,0.06135986733001658,0.0,0.025437201907790145,0.006279434850863423,0.0,0.054455445544554455,0.0032520325203252032,0.0016,0.006568144499178982,0.05555555555555555,0.00338409475465313,0.0017064846416382253,0.0034542314335060447,0.05348460291734198,0.030821917808219176,0.05475040257648953,0.058919803600654665,0.0,0.0327613104524181,0.024350649350649352,0.01225114854517611,0.0,0.04326123128119801,0.0017035775127768314,0.05203252032520325,0.13946117274167988,0.03035143769968051,0.008517887563884156,0.021739130434782608,0.12654320987654322,0.08116385911179173,0.003205128205128205,0.004761904761904762,0.03296703296703297,0.011128775834658187,0.017543859649122806,0.016339869281045753,0.14465408805031446,0.1024,0.13009404388714735,0.01877133105802048,0.1454272863568216,0.10981697171381032,0.048589341692789965,0.039603960396039604,0.21020092735703247,0.06699346405228758,0.0016722408026755853,0.0032414910858995136,0.17281879194630873,0.009569377990430622,0.0015552099533437014,0.004754358161648178,0.0688,0.16943521594684385,0.1917808219178082,0.07286821705426356,0.10085470085470086,0.16923076923076924,0.04501607717041801,0.017770597738287562,0.12987012987012986,0.004739336492890996,0.061872909698996656,0.11564625850340136,0.09852216748768473,0.029780564263322883
1999,1,9,prevalence,0.0068846815834767644,0.04318936877076412,0.06030150753768844,0.0017035775127768314,0.09656301145662848,0.11867088607594936,0.0,0.18729096989966554,0.0032948929159802307,0.004784688995215311,0.09967845659163987,0.004846526655896607,0.0030864197530864196,0.012598425196850394,0.0124804992199688,0.08858603066439523,0.0016,0.14057507987220447,0.07890499194847021,0.06343906510851419,0.08427876823338736,0.11129568106312292,0.0016313213703099511,0.05306799336650083,0.0,0.07348242811501597,0.0,0.0016207455429497568,0.0,0.0016207455429497568,0.0017331022530329288,0.0016778523489932886,0.0,0.0258751902587519,0.06677018633540373,0.1567043618739903,0.033386327503974564,0.04827586206896552,0.07665505226480836,0.016339869281045753,0.012048192771084338,0.017488076311605722,0.10070671378091872,0.03522205206738132,0.09647779479326186,0.0017064846416382253,0.0031446540880503146,0.010819165378670788,0.04159733777038269,0.07954545454545454,0.042692939244663386,0.02711323763955343,0.001669449081803005,0.0032679738562091504,0.003552397868561279,0.08848080133555926,0.023148148148148147,0.006279434850863423,0.1468189233278956,0.006299212598425197,0.037337662337662336,0.0756578947368421,0.0,0.14017094017094017,0.001694915254237288,0.017543859649122806,0.0015313935681470138,0.0,0.1134185303514377,0.01309328968903437,0.10378912685337727,0.004777070063694267,0.05714285714285714,0.0016750418760469012,0.0,0.06188925081433225,0.0779436152570481,0.056291390728476824,0.01718213058419244,0.003179650238473768,0.01592356687898089,0.04215851602023609,0.14593698175787728,0.12026359143327842,0.04754358161648178,0.0015873015873015873,0.003305785123966942,0.17803660565723795,0.011182108626198083,0.0892018779342723,0.0,0.04950495049504951,0.013201320132013201,0.035483870967741936,0.01639344262295082,0.1297208538587849,0.0047169811320754715,0.01732283464566929,0.0554675118858954,0.02635658914728682,0.0,0.0,0.04060913705583756,0.025682182985553772,0.0940032414910859,0.001607717041800643,0.004830917874396135,0.0777027027027027,0.06796116504854369,0.02689075630252101,0.08925619834710743,0.0,0.1076158940397351,0.052901023890784986,0.035523978685612786,0.029411764705882353,0.0015432098765432098,0.016233766233766232,0.10912052117263844,0.16534181240063592,0.004672897196261682,0.001639344262295082,0.037267080745341616,0.0,0.006956521739130435,0.12244897959183673,0.03194888178913738,0.07931570762052877,0.0,0.05360134003350084,0.058333333333333334,0.029668411867364748,0.21656050955414013,0.052547770700636945,0.0,0.03889789303079417,0.004918032786885246,0.0,0.04597701149425287,0.0033112582781456954,0.0016051364365971107,0.008116883116883116,0.05149501661129568,0.001763668430335097,0.0016638935108153079,0.0033277870216306157,0.0457516339869281,0.03508771929824561,0.06570512820512821,0.06200317965023847,0.0,0.03169572107765452,0.01800327332242226,0.006172839506172839,0.0,0.029508196721311476,0.0,0.0421216848673947,0.11885895404120443,0.041666666666666664,0.005016722408026756,0.01393188854489164,0.11472868217054263,0.09937888198757763,0.0016339869281045752,0.004777070063694267,0.030211480362537766,0.011419249592169658,0.007017543859649123,0.026446280991735537,0.10551181102362205,0.10648148148148148,0.08818897637795275,0.02671118530884808,0.1402439024390244,0.06365159128978225,0.03317535545023697,0.021702838063439065,0.11532385466034756,0.11661341853035144,0.001694915254237288,0.00315955766192733,0.16006600660066006,0.0124804992199688,0.001589825119236884,0.007874015748031496,0.10210696920583469,0.14814814814814814,0.22456140350877193,0.04231974921630094,0.0868824531516184,0.17491749174917492,0.036163522012578615,0.01929260450160772,0.13856427378964942,0.013201320132013201,0.07641196013289037,0.07334525939177101,0.08732876712328767,0.0224
2000,1,9,prevalence,0.007104795737122558,0.04809286898839138,0.064891846921797,0.0016750418760469012,0.10062893081761007,0.10426540284360189,0.0,0.20236087689713322,0.00482315112540193,0.00487012987012987,0.1292834890965732,0.0048543689320388345,0.0030911901081916537,0.012441679626749611,0.013432835820895522,0.07191780821917808,0.0031545741324921135,0.16062992125984252,0.05956112852664577,0.050590219224283306,0.0784313725490196,0.10787671232876712,0.0032414910858995136,0.043029259896729774,0.0,0.08,0.0,0.0016260162601626016,0.0,0.0,0.001697792869269949,0.003436426116838488,0.0,0.02321981424148607,0.07413249211356467,0.13452188006482982,0.03896103896103896,0.06368330464716007,0.09154929577464789,0.01788617886178862,0.011986301369863013,0.01910828025477707,0.09931506849315068,0.04113924050632911,0.11755725190839694,0.0016891891891891893,0.003134796238244514,0.026813880126182965,0.07642276422764227,0.07868852459016394,0.044481054365733116,0.019448946515397084,0.0017035775127768314,0.0016286644951140066,0.0016891891891891893,0.07178631051752922,0.027552674230145867,0.0046875,0.13964686998394862,0.0061068702290076335,0.04516129032258064,0.05546492659053834,0.0,0.17398648648648649,0.0033783783783783786,0.029513888888888888,0.0,0.0,0.12828947368421054,0.008333333333333333,0.09899328859060402,0.003134796238244514,0.07108239095315025,0.0016778523489932886,0.0,0.07166123778501629,0.09259259259259259,0.0664451827242525,0.024096385542168676,0.011437908496732025,0.01564945226917058,0.0313588850174216,0.11494252873563218,0.13333333333333333,0.04118616144975288,0.001594896331738437,0.0016806722689075631,0.13486842105263158,0.0031645569620253164,0.06477093206951026,0.0016233766233766235,0.041050903119868636,0.01437699680511182,0.03139717425431711,0.014802631578947368,0.1605351170568562,0.004784688995215311,0.008237232289950576,0.03571428571428571,0.0203125,0.0,0.0,0.03511705685618729,0.03685897435897436,0.10947712418300654,0.003215434083601286,0.012965964343598054,0.08067226890756303,0.06467661691542288,0.01824212271973466,0.0625,0.0,0.1461794019933555,0.05574324324324324,0.028119507908611598,0.04297520661157025,0.0015552099533437014,0.046474358974358976,0.11055276381909548,0.17803660565723795,0.003125,0.003316749585406302,0.04327666151468315,0.0,0.01020408163265306,0.1347068145800317,0.028938906752411574,0.06376360808709176,0.0,0.03747870528109029,0.04862236628849271,0.023809523809523808,0.1390728476821192,0.05263157894736842,0.0,0.05115511551155116,0.00482315112540193,0.0,0.060064935064935064,0.0034129692832764505,0.0015748031496062992,0.0,0.04470198675496689,0.0033444816053511705,0.003278688524590164,0.0017006802721088435,0.033816425120772944,0.0421792618629174,0.06907378335949764,0.09546165884194054,0.0,0.0319634703196347,0.0032520325203252032,0.01834862385321101,0.0,0.024429967426710098,0.0,0.05417956656346749,0.15220949263502456,0.05714285714285714,0.004792332268370607,0.0109375,0.1261682242990654,0.13333333333333333,0.0016556291390728477,0.004784688995215311,0.0258751902587519,0.011382113821138212,0.006932409012131715,0.01718213058419244,0.078125,0.06902086677367576,0.08771929824561403,0.037337662337662336,0.10631741140215717,0.05181347150259067,0.03889789303079417,0.013136288998357963,0.08976377952755905,0.1064516129032258,0.0033444816053511705,0.001597444089456869,0.11647254575707154,0.03210272873194221,0.0,0.004702194357366771,0.08121827411167512,0.11884550084889643,0.19896193771626297,0.028526148969889066,0.07026143790849673,0.13174603174603175,0.05732484076433121,0.017377567140600316,0.14869281045751634,0.01461038961038961,0.048154093097913325,0.06143344709897611,0.10409556313993173,0.025
2001,1,9,prevalence,0.00686106346483705,0.06745362563237774,0.06529209621993128,0.001669449081803005,0.09562398703403566,0.1043613707165109,0.0,0.14426229508196722,0.00333889816360601,0.0049261083743842365,0.1529968454258675,0.0016260162601626016,0.004694835680751174,0.020569620253164556,0.015313935681470138,0.04948805460750853,0.0032679738562091504,0.18252730109204368,0.07436708860759493,0.03453947368421053,0.09547738693467336,0.07973421926910298,0.0033112582781456954,0.04187604690117253,0.0,0.061708860759493674,0.0,0.0016181229773462784,0.0,0.0,0.0016611295681063123,0.0033783783783783786,0.0,0.018957345971563982,0.08528428093645485,0.12560386473429952,0.022838499184339316,0.06440677966101695,0.08260105448154657,0.02800658978583196,0.014925373134328358,0.014423076923076924,0.10774410774410774,0.052980132450331126,0.2015748031496063,0.0034542314335060447,0.0015873015873015873,0.03125,0.044233807266982623,0.06687898089171974,0.09286898839137644,0.016339869281045753,0.0017123287671232876,0.001579778830963665,0.0016638935108153079,0.0784313725490196,0.03156146179401993,0.004754358161648178,0.12624584717607973,0.012232415902140673,0.050243111831442464,0.04669887278582931,0.0,0.16440677966101694,0.005190311418685121,0.017452006980802792,0.0,0.0,0.15041322314049588,0.010067114093959731,0.07766990291262135,0.003305785123966942,0.07899159663865546,0.0016891891891891893,0.0,0.1085899513776337,0.06818181818181818,0.09197324414715718,0.02292768959435626,0.009554140127388535,0.014195583596214511,0.018518518518518517,0.11239669421487604,0.1550632911392405,0.03205128205128205,0.003194888178913738,0.0016863406408094434,0.08333333333333333,0.0016129032258064516,0.048513302034428794,0.0,0.035,0.02388535031847134,0.024509803921568627,0.013029315960912053,0.17529215358931552,0.0031446540880503146,0.006745362563237774,0.03821656050955414,0.022292993630573247,0.001644736842105263,0.0,0.07731958762886598,0.04709576138147567,0.16580310880829016,0.001584786053882726,0.012903225806451613,0.05348460291734198,0.08892617449664429,0.024752475247524754,0.045531197301854974,0.0,0.1634304207119741,0.037520391517128875,0.026362038664323375,0.046474358974358976,0.003246753246753247,0.08360128617363344,0.1378737541528239,0.19001610305958133,0.004651162790697674,0.005136986301369863,0.033690658499234305,0.003278688524590164,0.010434782608695653,0.132569558101473,0.03639240506329114,0.06758832565284179,0.001589825119236884,0.04690117252931323,0.033386327503974564,0.017152658662092625,0.1064516129032258,0.06518282988871224,0.0,0.06745362563237774,0.00315955766192733,0.0,0.09491525423728814,0.0035087719298245615,0.0,0.001607717041800643,0.02364864864864865,0.005067567567567568,0.0033277870216306157,0.0017094017094017094,0.015873015873015872,0.05009276437847866,0.0904836193447738,0.08346456692913386,0.0,0.02040816326530612,0.00644122383252818,0.012779552715654952,0.0,0.03164556962025317,0.0,0.0452418096723869,0.10361067503924647,0.06811145510835913,0.006420545746388443,0.012441679626749611,0.1234375,0.11038961038961038,0.0017006802721088435,0.004709576138147566,0.023734177215189875,0.012987012987012988,0.003395585738539898,0.01353637901861252,0.04821150855365474,0.04390243902439024,0.07006369426751592,0.03215434083601286,0.0594679186228482,0.0456140350877193,0.04213938411669368,0.004918032786885246,0.056782334384858045,0.08631921824104234,0.0050335570469798654,0.0016286644951140066,0.13412563667232597,0.043973941368078175,0.0,0.012558869701726845,0.09602649006622517,0.07011686143572621,0.22842639593908629,0.025889967637540454,0.06722689075630252,0.06807131280388978,0.10485133020344288,0.011217948717948718,0.18506493506493507,0.014469453376205787,0.06259780907668232,0.06980802792321117,0.12157534246575342,0.009508716323296355
2002,1,9,prevalence,0.003430531732418525,0.07508532423208192,0.0686106346483705,0.003257328990228013,0.06919275123558484,0.08513931888544891,0.0,0.13428120063191154,0.0016556291390728477,0.006535947712418301,0.179080824088748,0.0,0.006472491909385114,0.013996889580093312,0.01386748844375963,0.06788079470198675,0.005025125628140704,0.16338880484114976,0.06270096463022508,0.03826955074875208,0.08609271523178808,0.042071197411003236,0.0032948929159802307,0.022071307300509338,0.0017857142857142857,0.04918032786885246,0.0017006802721088435,0.0016233766233766235,0.0,0.0016025641025641025,0.0049586776859504135,0.0034542314335060447,0.0015723270440251573,0.01567398119122257,0.08957654723127036,0.09034267912772585,0.027960526315789474,0.051839464882943144,0.09949409780775717,0.03565640194489465,0.018803418803418803,0.021671826625386997,0.11148648648648649,0.08482871125611746,0.17828200972447325,0.003367003367003367,0.0,0.038461538461538464,0.053208137715179966,0.09320695102685624,0.0799347471451876,0.03179650238473768,0.0016835016835016834,0.0015698587127158557,0.001669449081803005,0.08823529411764706,0.03225806451612903,0.004909983633387889,0.11451612903225807,0.03110419906687403,0.060955518945634266,0.03514376996805112,0.0,0.173841059602649,0.0068846815834767644,0.011864406779661017,0.0,0.0,0.13666666666666666,0.017035775127768313,0.06743421052631579,0.0033333333333333335,0.09726962457337884,0.0016051364365971107,0.0,0.12599681020733652,0.0587248322147651,0.10130718954248366,0.02356902356902357,0.008012820512820512,0.00949367088607595,0.03885135135135135,0.10887772194304858,0.16853932584269662,0.01732283464566929,0.0,0.003284072249589491,0.11783960720130933,0.003316749585406302,0.053208137715179966,0.0,0.041050903119868636,0.04012841091492777,0.03691275167785235,0.001639344262295082,0.11577181208053691,0.0032414910858995136,0.010186757215619695,0.01951219512195122,0.039936102236421724,0.0,0.0061633281972265025,0.10420168067226891,0.060126582278481014,0.1218274111675127,0.0,0.014950166112956811,0.038338658146964855,0.06844741235392321,0.015734265734265736,0.07082630691399663,0.0016420361247947454,0.15508885298869143,0.03289473684210526,0.04280821917808219,0.04311774461028192,0.001589825119236884,0.06210191082802548,0.15141430948419302,0.18840579710144928,0.004709576138147566,0.006872852233676976,0.049689440993788817,0.004838709677419355,0.00686106346483705,0.12333333333333334,0.029921259842519685,0.07898894154818326,0.0015723270440251573,0.05351170568561873,0.036334913112164295,0.008431703204047217,0.0718954248366013,0.05834683954619125,0.0016286644951140066,0.040983606557377046,0.003205128205128205,0.0015873015873015873,0.09983079526226735,0.0035460992907801418,0.0015360983102918587,0.0,0.012924071082390954,0.0032679738562091504,0.001597444089456869,0.0016863406408094434,0.006172839506172839,0.031835205992509365,0.10289389067524116,0.05627009646302251,0.0,0.022435897435897436,0.009433962264150943,0.03225806451612903,0.0,0.02922077922077922,0.005110732538330494,0.0358814352574103,0.11323763955342903,0.07244094488188976,0.003105590062111801,0.028938906752411574,0.1196319018404908,0.11021069692058347,0.0017035775127768314,0.004724409448818898,0.02190923317683881,0.013201320132013201,0.0,0.022608695652173914,0.042993630573248405,0.04628099173553719,0.05475040257648953,0.020602218700475437,0.025,0.038461538461538464,0.04265402843601896,0.0,0.04566929133858268,0.06210191082802548,0.005119453924914676,0.0015822784810126582,0.1549053356282272,0.03398058252427184,0.0,0.019969278033794162,0.07154471544715447,0.07419354838709677,0.15,0.03205128205128205,0.10186757215619695,0.04792332268370607,0.1685214626391097,0.004942339373970346,0.20163934426229507,0.014586709886547812,0.08253968253968254,0.07305194805194805,0.15304347826086956,0.01567398119122257
2003,1,9,prevalence,0.0033783783783783786,0.0738255033557047,0.04679376083188908,0.0031847133757961785,0.059870550161812294,0.09828393135725429,0.0,0.10969793322734499,0.0016556291390728477,0.004830917874396135,0.16286644951140064,0.0,0.0065252854812398045,0.023809523809523808,0.00927357032457496,0.17398648648648649,0.005,0.166412213740458,0.07728706624605679,0.043402777777777776,0.05392156862745098,0.04276315789473684,0.0031847133757961785,0.006896551724137931,0.0,0.058333333333333334,0.003395585738539898,0.0016750418760469012,0.0,0.0,0.006430868167202572,0.0016611295681063123,0.0015923566878980893,0.03273322422258593,0.11532125205930807,0.09828393135725429,0.0338409475465313,0.03826955074875208,0.10051993067590988,0.03398058252427184,0.021666666666666667,0.027070063694267517,0.11308562197092084,0.11092715231788079,0.1644518272425249,0.001669449081803005,0.0,0.04492512479201331,0.041935483870967745,0.10634920634920635,0.11811023622047244,0.030627871362940276,0.0033613445378151263,0.0,0.0016474464579901153,0.08681135225375626,0.027243589743589744,0.003246753246753247,0.07507987220447285,0.0463258785942492,0.09283387622149837,0.05509181969949917,0.0,0.1774960380348653,0.008403361344537815,0.004966887417218543,0.0,0.0,0.12892561983471074,0.020442930153321975,0.06301824212271974,0.0033613445378151263,0.09027777777777778,0.0,0.0,0.13902053712480253,0.06722689075630252,0.11783960720130933,0.015025041736227046,0.004909983633387889,0.009724473257698542,0.034904013961605584,0.09752066115702479,0.15372670807453417,0.03924646781789639,0.0,0.0032414910858995136,0.14524207011686144,0.005110732538330494,0.047692307692307694,0.001658374792703151,0.026981450252951095,0.024390243902439025,0.03993344425956739,0.006666666666666667,0.07820299500831947,0.0,0.012110726643598616,0.01740506329113924,0.027287319422150885,0.0,0.001567398119122257,0.1,0.06542056074766354,0.12116040955631399,0.0,0.011532125205930808,0.03662420382165605,0.06710310965630115,0.014950166112956811,0.08277027027027027,0.0016556291390728477,0.14193548387096774,0.03494176372712146,0.03767123287671233,0.05660377358490566,0.001564945226917058,0.061708860759493674,0.09807073954983923,0.15445859872611464,0.001597444089456869,0.0068846815834767644,0.046296296296296294,0.0049261083743842365,0.006896551724137931,0.1097972972972973,0.008064516129032258,0.07309486780715396,0.0015772870662460567,0.061016949152542375,0.0187207488299532,0.011382113821138212,0.06570512820512821,0.08585858585858586,0.0032310177705977385,0.04552845528455285,0.0032626427406199023,0.0015723270440251573,0.10829103214890017,0.001736111111111111,0.0015384615384615385,0.0,0.011146496815286623,0.003257328990228013,0.003115264797507788,0.0016863406408094434,0.0030581039755351682,0.02181818181818182,0.11021069692058347,0.043548387096774194,0.0014925373134328358,0.02113821138211382,0.0110062893081761,0.04590163934426229,0.0,0.032679738562091505,0.008389261744966443,0.03162650602409638,0.10096153846153846,0.09922480620155039,0.0030627871362940277,0.026622296173044926,0.08791208791208792,0.102803738317757,0.0017331022530329288,0.004792332268370607,0.024806201550387597,0.01652892561983471,0.0,0.012089810017271158,0.045171339563862926,0.06482982171799027,0.047619047619047616,0.0167427701674277,0.01875,0.046875,0.04862236628849271,0.0,0.022617124394184167,0.05826771653543307,0.0049833887043189366,0.0016233766233766235,0.14756944444444445,0.04404567699836868,0.0,0.017377567140600316,0.05289256198347107,0.06951026856240126,0.15771812080536912,0.035541195476575124,0.18030050083472454,0.04716981132075472,0.19242902208201892,0.003355704697986577,0.1761827079934747,0.01658374792703151,0.071875,0.11783960720130933,0.14770797962648557,0.020123839009287926
2004,1,9,prevalence,0.001658374792703151,0.08278145695364239,0.036585365853658534,0.0031446540880503146,0.05063291139240506,0.08333333333333333,0.0,0.0967741935483871,0.0016233766233766235,0.004792332268370607,0.12866449511400652,0.001594896331738437,0.004815409309791332,0.024115755627009645,0.01726844583987441,0.24754098360655738,0.0033613445378151263,0.16158536585365854,0.0748829953198128,0.06701030927835051,0.032467532467532464,0.030100334448160536,0.0030959752321981426,0.005008347245409015,0.0017271157167530224,0.04276315789473684,0.003418803418803419,0.0016863406408094434,0.0,0.0032258064516129032,0.02287581699346405,0.003316749585406302,0.0,0.04187604690117253,0.10810810810810811,0.09442724458204334,0.04436860068259386,0.03453947368421053,0.06756756756756757,0.03442879499217527,0.027597402597402596,0.028616852146263912,0.07394957983193277,0.10472972972972973,0.1781512605042017,0.001669449081803005,0.0,0.029900332225913623,0.028892455858747994,0.11472868217054263,0.14421553090332806,0.03834355828220859,0.003355704697986577,0.0,0.0032733224222585926,0.11237785016286644,0.0364741641337386,0.01824212271973466,0.0744336569579288,0.09646302250803858,0.15202702702702703,0.043973941368078175,0.0,0.1822429906542056,0.0032679738562091504,0.003169572107765452,0.0,0.0,0.1116751269035533,0.02364864864864865,0.0214168039538715,0.0016835016835016834,0.08907563025210084,0.0,0.0,0.1302250803858521,0.047933884297520664,0.11386138613861387,0.0214168039538715,0.0,0.021207177814029365,0.022222222222222223,0.09015025041736227,0.15118110236220472,0.043010752688172046,0.0,0.001607717041800643,0.13355048859934854,0.010084033613445379,0.04032258064516129,0.0,0.026595744680851064,0.026058631921824105,0.047775947281713346,0.020134228187919462,0.07606973058637084,0.001589825119236884,0.013888888888888888,0.017713365539452495,0.017857142857142856,0.0,0.0031007751937984496,0.0735042735042735,0.11645962732919254,0.07744107744107744,0.0,0.01549053356282272,0.032362459546925564,0.05351170568561873,0.013008130081300813,0.11409395973154363,0.0049504950495049506,0.12929623567921442,0.033444816053511704,0.03529411764705882,0.06525573192239859,0.0015503875968992248,0.08292682926829269,0.10631229235880399,0.15217391304347827,0.003134796238244514,0.009983361064891847,0.0374251497005988,0.0032948929159802307,0.0068846815834767644,0.06949152542372881,0.012841091492776886,0.09953343701399689,0.0016,0.07807308970099668,0.009433962264150943,0.011217948717948718,0.046849757673667204,0.1357615894039735,0.008264462809917356,0.04065040650406504,0.0016722408026755853,0.0015503875968992248,0.11892797319932999,0.0,0.0,0.003436426116838488,0.017054263565891473,0.0016286644951140066,0.003125,0.0016474464579901153,0.006389776357827476,0.03770197486535009,0.08617886178861789,0.05663430420711974,0.00145985401459854,0.011217948717948718,0.015772870662460567,0.06521739130434782,0.0,0.03666666666666667,0.0016806722689075631,0.025718608169440244,0.11642743221690591,0.1045016077170418,0.0015748031496062992,0.015358361774744027,0.06677265500794913,0.11353032659409021,0.0,0.003236245954692557,0.017001545595054096,0.021487603305785124,0.0,0.008431703204047217,0.04179566563467492,0.08914100486223663,0.028380634390651086,0.015527950310559006,0.007776049766718507,0.07368421052631578,0.041401273885350316,0.0,0.0594855305466238,0.05221518987341772,0.008038585209003215,0.0,0.15221238938053097,0.04118616144975288,0.0,0.022653721682847898,0.030456852791878174,0.06329113924050633,0.22165820642978004,0.02711323763955343,0.16422764227642275,0.07836990595611286,0.19585987261146498,0.001669449081803005,0.15384615384615385,0.03414634146341464,0.07424960505529225,0.13464696223316913,0.09228187919463088,0.04294478527607362
2005,1,9,prevalence,0.0016611295681063123,0.14521452145214522,0.030927835051546393,0.004702194357366771,0.049679487179487176,0.08319738988580751,0.0,0.11023622047244094,0.0016286644951140066,0.0016806722689075631,0.15,0.0015698587127158557,0.004901960784313725,0.023961661341853034,0.027287319422150885,0.33980582524271846,0.003367003367003367,0.19271623672230653,0.09692307692307692,0.06060606060606061,0.024232633279483037,0.02508361204013378,0.0031545741324921135,0.008264462809917356,0.0033500837520938024,0.023961661341853034,0.015358361774744027,0.00338409475465313,0.0,0.004862236628849271,0.041254125412541254,0.003246753246753247,0.0015105740181268882,0.051666666666666666,0.0946843853820598,0.06832298136645963,0.04475043029259897,0.026845637583892617,0.06010016694490818,0.037267080745341616,0.023178807947019868,0.021806853582554516,0.07704918032786885,0.11129848229342328,0.16420361247947454,0.0016638935108153079,0.0,0.022913256955810146,0.01929260450160772,0.08201892744479496,0.1148036253776435,0.030206677265500796,0.0032948929159802307,0.0,0.0033500837520938024,0.14332247557003258,0.02830188679245283,0.019704433497536946,0.08842443729903537,0.16993464052287582,0.15437392795883362,0.03779527559055118,0.003367003367003367,0.15580286168521462,0.003189792663476874,0.0030864197530864196,0.0,0.0,0.06935483870967742,0.01839464882943144,0.024671052631578948,0.0033333333333333335,0.08205128205128205,0.0,0.0015220700152207,0.14149443561208266,0.06776859504132231,0.10142630744849446,0.011235955056179775,0.0,0.02106969205834684,0.011705685618729096,0.07213114754098361,0.1181959564541213,0.045662100456621,0.0,0.0015313935681470138,0.10177705977382875,0.019736842105263157,0.025039123630672927,0.0,0.01867572156196944,0.041736227045075125,0.03727714748784441,0.011627906976744186,0.07570977917981073,0.004746835443037975,0.020833333333333332,0.022950819672131147,0.029605263157894735,0.001669449081803005,0.0047694753577106515,0.07407407407407407,0.09033280507131537,0.0667779632721202,0.0,0.01903114186851211,0.057692307692307696,0.03177257525083612,0.011570247933884297,0.09880749574105621,0.0048543689320388345,0.09253246753246754,0.02622950819672131,0.038461538461538464,0.06951871657754011,0.001584786053882726,0.08319738988580751,0.08265802269043761,0.13902053712480253,0.0031007751937984496,0.01485148514851485,0.04090909090909091,0.003305785123966942,0.005154639175257732,0.05400696864111498,0.027287319422150885,0.1336405529953917,0.0015822784810126582,0.09866220735785954,0.008064516129032258,0.01238390092879257,0.03715670436187399,0.18333333333333332,0.0064516129032258064,0.05289256198347107,0.0016863406408094434,0.001579778830963665,0.09350237717908082,0.0,0.0,0.011475409836065573,0.0136986301369863,0.001589825119236884,0.003125,0.001644736842105263,0.009584664536741214,0.041025641025641026,0.09935897435897435,0.0625,0.004464285714285714,0.014950166112956811,0.024193548387096774,0.07081174438687392,0.0,0.028428093645484948,0.001697792869269949,0.04084720121028744,0.0804416403785489,0.09244992295839753,0.0015625,0.028428093645484948,0.05069124423963134,0.09748427672955975,0.0,0.0033444816053511705,0.01088646967340591,0.013245033112582781,0.0,0.019672131147540985,0.033123028391167195,0.10673234811165845,0.023411371237458192,0.02711323763955343,0.020155038759689922,0.05631399317406143,0.03514376996805112,0.0016806722689075631,0.06376360808709176,0.044444444444444446,0.007936507936507936,0.0,0.11992945326278659,0.04590163934426229,0.0,0.03697749196141479,0.020654044750430294,0.058544303797468354,0.27121464226289516,0.02996845425867508,0.19736842105263158,0.08320251177394035,0.18940609951845908,0.001652892561983471,0.16506410256410256,0.0347682119205298,0.09178743961352658,0.10776545166402536,0.07046979865771812,0.04126984126984127
2006,1,9,prevalence,0.0016366612111292963,0.15008431703204048,0.022146507666098807,0.0015723270440251573,0.03758169934640523,0.09076433121019108,0.0,0.13070866141732285,0.0016207455429497568,0.0016611295681063123,0.16990291262135923,0.004777070063694267,0.0016313213703099511,0.028391167192429023,0.03894080996884735,0.3821138211382114,0.00333889816360601,0.14264264264264265,0.08763693270735524,0.041050903119868636,0.017214397496087636,0.02905982905982906,0.003215434083601286,0.01800327332242226,0.00322061191626409,0.012861736334405145,0.015358361774744027,0.0016863406408094434,0.0015923566878980893,0.006359300476947536,0.08319738988580751,0.003389830508474576,0.0015337423312883436,0.046822742474916385,0.07881773399014778,0.044233807266982623,0.05555555555555555,0.029159519725557463,0.05460750853242321,0.037520391517128875,0.021103896103896104,0.013761467889908258,0.042483660130718956,0.07625649913344887,0.12478920741989882,0.0016556291390728477,0.0016233766233766235,0.024958402662229616,0.020700636942675158,0.06230031948881789,0.12347560975609756,0.013975155279503106,0.0033277870216306157,0.0,0.0033112582781456954,0.1539708265802269,0.023734177215189875,0.018272425249169437,0.10891089108910891,0.25368248772504093,0.15110356536502548,0.036741214057507986,0.006734006734006734,0.17384370015948963,0.001567398119122257,0.0030959752321981426,0.0048,0.0,0.0752,0.014900662251655629,0.021207177814029365,0.0033783783783783786,0.0338409475465313,0.0,0.001579778830963665,0.11631663974151858,0.07011686143572621,0.09210526315789473,0.01437699680511182,0.0,0.036163522012578615,0.011235955056179775,0.10987261146496816,0.09621451104100946,0.049689440993788817,0.0,0.004580152671755725,0.08319738988580751,0.03645007923930269,0.028846153846153848,0.0,0.023931623931623933,0.06467661691542288,0.025806451612903226,0.008333333333333333,0.10015898251192369,0.017350157728706624,0.01680672268907563,0.01932367149758454,0.047540983606557376,0.0033444816053511705,0.004694835680751174,0.062193126022913256,0.06687898089171974,0.07560137457044673,0.0,0.022033898305084745,0.06645569620253164,0.03389830508474576,0.025,0.11224489795918367,0.0016420361247947454,0.07305194805194805,0.025806451612903226,0.04213938411669368,0.07078039927404718,0.003134796238244514,0.0673076923076923,0.059422750424448216,0.12125984251968504,0.0031446540880503146,0.018363939899833055,0.06167400881057269,0.0032,0.0017421602787456446,0.04639175257731959,0.06677265500794913,0.12168486739469579,0.0016366612111292963,0.1318864774624374,0.0033003300330033004,0.020123839009287926,0.016339869281045753,0.1859706362153344,0.012678288431061807,0.04869565217391304,0.0016891891891891893,0.0,0.08589951377633712,0.0,0.0,0.01487603305785124,0.007680491551459293,0.001594896331738437,0.0030911901081916537,0.0016474464579901153,0.0016025641025641025,0.04173354735152488,0.09,0.04186046511627907,0.004531722054380665,0.016286644951140065,0.03139717425431711,0.0627177700348432,0.0,0.008237232289950576,0.0,0.040061633281972264,0.07777777777777778,0.07751937984496124,0.003134796238244514,0.03430531732418525,0.03571428571428571,0.08398133748055987,0.0,0.001669449081803005,0.007911392405063292,0.018211920529801324,0.0,0.019736842105263157,0.024429967426710098,0.08517887563884156,0.03114754098360656,0.032915360501567396,0.030015797788309637,0.07912457912457913,0.03767660910518053,0.0016778523489932886,0.07407407407407407,0.04516129032258064,0.004608294930875576,0.0016260162601626016,0.09688581314878893,0.08094435075885328,0.0,0.04669887278582931,0.011589403973509934,0.049019607843137254,0.2903225806451613,0.053712480252764615,0.20516962843295639,0.06656101426307448,0.14513556618819776,0.0016339869281045752,0.1721958925750395,0.03514376996805112,0.06572769953051644,0.12786885245901639,0.08166666666666667,0.023734177215189875
2007,1,9,prevalence,0.0,0.14597315436241612,0.018425460636515914,0.0,0.01485148514851485,0.07814992025518341,0.0,0.1583710407239819,0.0015923566878980893,0.0016778523489932886,0.1839080459770115,0.0032520325203252032,0.0016051364365971107,0.029827315541601257,0.015748031496062992,0.30952380952380953,0.0015698587127158557,0.10698365527488855,0.0896,0.0667779632721202,0.02996845425867508,0.025817555938037865,0.0,0.011146496815286623,0.003305785123966942,0.0033613445378151263,0.023728813559322035,0.0033783783783783786,0.0016420361247947454,0.006493506493506494,0.14802631578947367,0.003372681281618887,0.0015432098765432098,0.05509181969949917,0.05365853658536585,0.0487062404870624,0.049403747870528106,0.05226480836236934,0.05381944444444445,0.04,0.04227642276422764,0.0015313935681470138,0.040955631399317405,0.07543859649122807,0.09565217391304348,0.0016666666666666668,0.003372681281618887,0.03618421052631579,0.01567398119122257,0.045454545454545456,0.09161490683229814,0.026604068857589983,0.00322061191626409,0.0015772870662460567,0.0016638935108153079,0.13385826771653545,0.02388535031847134,0.01818181818181818,0.11596638655462185,0.30269413629160064,0.09246575342465753,0.029079159935379646,0.005025125628140704,0.14903846153846154,0.001579778830963665,0.0015503875968992248,0.0016155088852988692,0.0,0.08268330733229329,0.01607717041800643,0.012924071082390954,0.0016366612111292963,0.048252911813643926,0.0,0.001579778830963665,0.1048252911813644,0.07640067911714771,0.10526315789473684,0.018633540372670808,0.0,0.03902439024390244,0.0032102728731942215,0.09627329192546584,0.09046849757673667,0.05625,0.0,0.007633587786259542,0.10223642172523961,0.043973941368078175,0.022187004754358162,0.0034782608695652175,0.027210884353741496,0.07939189189189189,0.021487603305785124,0.00980392156862745,0.09936908517350158,0.012987012987012988,0.021035598705501618,0.01631321370309951,0.06209150326797386,0.011419249592169658,0.004651162790697674,0.05218855218855219,0.08214849921011058,0.058333333333333334,0.0,0.023769100169779286,0.07765451664025357,0.04180602006688963,0.02152317880794702,0.155,0.0016155088852988692,0.06310679611650485,0.039538714991762765,0.03827751196172249,0.08084358523725835,0.0032258064516129032,0.06359300476947535,0.03859060402684564,0.12199036918138041,0.003110419906687403,0.015151515151515152,0.04732824427480916,0.003194888178913738,0.0016778523489932886,0.030560271646859084,0.07165605095541401,0.10719754977029096,0.001652892561983471,0.1610738255033557,0.0032948929159802307,0.010558069381598794,0.00980392156862745,0.18225039619651348,0.026438569206842923,0.044326241134751775,0.001639344262295082,0.0,0.11556982343499198,0.0,0.003125,0.01765650080256822,0.016975308641975308,0.0015455950540958269,0.003129890453834116,0.0016474464579901153,0.00974025974025974,0.05787781350482315,0.09135399673735727,0.0343213728549142,0.003134796238244514,0.009569377990430622,0.025196850393700787,0.058823529411764705,0.0,0.008278145695364239,0.0,0.05817610062893082,0.05825242718446602,0.07407407407407407,0.003215434083601286,0.029310344827586206,0.014492753623188406,0.05801526717557252,0.0,0.0032733224222585926,0.011345218800648298,0.009787928221859706,0.004629629629629629,0.023333333333333334,0.009584664536741214,0.09838709677419355,0.02576489533011272,0.042682926829268296,0.03125,0.1044776119402985,0.030959752321981424,0.001692047377326565,0.08385093167701864,0.057692307692307696,0.0030911901081916537,0.0,0.10652920962199312,0.08221476510067115,0.0016207455429497568,0.05737704918032787,0.008051529790660225,0.06050420168067227,0.237012987012987,0.056910569105691054,0.179080824088748,0.07177814029363784,0.1035031847133758,0.00333889816360601,0.1990521327014218,0.043689320388349516,0.06369426751592357,0.15584415584415584,0.07166123778501629,0.01669195751138088
2008,1,9,prevalence,0.0,0.1919191919191919,0.013513513513513514,0.0,0.033277870216306155,0.13449367088607594,0.0,0.1375186846038864,0.0,0.0016611295681063123,0.16917922948073702,0.003189792663476874,0.003179650238473768,0.03492063492063492,0.03079416531604538,0.2621664050235479,0.0015174506828528073,0.10385756676557864,0.1045016077170418,0.07617504051863858,0.03104575163398693,0.025252525252525252,0.0,0.006420545746388443,0.003355704697986577,0.003278688524590164,0.01675041876046901,0.01,0.0016051364365971107,0.0016260162601626016,0.22838499184339314,0.003367003367003367,0.0,0.07452339688041594,0.05203252032520325,0.02147239263803681,0.026622296173044926,0.04475043029259897,0.06608695652173913,0.031879194630872486,0.031746031746031744,0.0015552099533437014,0.05245346869712352,0.053156146179401995,0.09499136442141623,0.0017006802721088435,0.006557377049180328,0.04006677796327212,0.00644122383252818,0.048286604361370715,0.08024691358024691,0.023255813953488372,0.0015748031496062992,0.0,0.0016806722689075631,0.12519809825673534,0.006299212598425197,0.013245033112582781,0.10543657331136738,0.27419354838709675,0.05263157894736842,0.030110935023771792,0.0033613445378151263,0.17665615141955837,0.006339144215530904,0.0015360983102918587,0.001658374792703151,0.0,0.10393700787401575,0.008143322475570033,0.016420361247947456,0.006644518272425249,0.03672787979966611,0.0,0.0015360983102918587,0.09151414309484193,0.0625,0.07742998352553541,0.018404907975460124,0.0,0.028764805414551606,0.022222222222222223,0.10754414125200643,0.07928802588996764,0.07765451664025357,0.0,0.007680491551459293,0.13911620294599017,0.04477611940298507,0.026984126984126985,0.006825938566552901,0.039316239316239315,0.08347245409015025,0.02622950819672131,0.016611295681063124,0.14653784219001612,0.019138755980861243,0.027823240589198037,0.0189873417721519,0.08780487804878048,0.0065040650406504065,0.007874015748031496,0.0436241610738255,0.0768,0.027491408934707903,0.0,0.0274442538593482,0.0944,0.028764805414551606,0.020168067226890758,0.14910858995137763,0.0016474464579901153,0.04180064308681672,0.05087440381558029,0.02843601895734597,0.07950530035335689,0.006546644844517185,0.0473186119873817,0.04697986577181208,0.0736,0.003179650238473768,0.018487394957983194,0.03815580286168521,0.003289473684210526,0.0,0.03482587064676617,0.0888529886914378,0.10172143974960876,0.0017035775127768314,0.16885245901639345,0.0016,0.009302325581395349,0.017741935483870968,0.1407035175879397,0.05819295558958652,0.0625,0.001652892561983471,0.0,0.11507293354943274,0.0,0.0032,0.03594771241830065,0.010703363914373088,0.0015220700152207,0.004672897196261682,0.0,0.018032786885245903,0.059375,0.09135399673735727,0.027156549520766772,0.0,0.0,0.017054263565891473,0.05309734513274336,0.0,0.01468189233278956,0.0,0.04409448818897638,0.049019607843137254,0.059870550161812294,0.003189792663476874,0.041666666666666664,0.015873015873015872,0.04617834394904458,0.0,0.0,0.006589785831960461,0.012779552715654952,0.003105590062111801,0.00825082508250825,0.012841091492776886,0.09333333333333334,0.04285714285714286,0.059001512859304085,0.05669291338582677,0.1362179487179487,0.0328125,0.0,0.09967845659163987,0.07507987220447285,0.003125,0.001610305958132045,0.11544991511035653,0.13311148086522462,0.00667779632721202,0.06229508196721312,0.009630818619582664,0.08503401360544217,0.17862838915470494,0.060995184590690206,0.17160686427457097,0.08441558441558442,0.10188087774294671,0.0033333333333333335,0.18847352024922118,0.041990668740279936,0.06260296540362438,0.16408668730650156,0.09003215434083602,0.006259780907668232
2009,1,9,prevalence,0.0,0.1781512605042017,0.011986301369863013,0.0,0.04060913705583756,0.17488076311605724,0.0,0.14586466165413534,0.0,0.0016181229773462784,0.153184165232358,0.0048,0.00778816199376947,0.022222222222222223,0.027777777777777776,0.16925465838509315,0.001567398119122257,0.12557427258805512,0.11889250814332247,0.056291390728476824,0.033925686591276254,0.014827018121911038,0.0,0.004893964110929853,0.0016286644951140066,0.009852216748768473,0.013050570962479609,0.006688963210702341,0.0015923566878980893,0.0048543689320388345,0.25884244372990356,0.0017064846416382253,0.0,0.09475465313028765,0.05186385737439222,0.018518518518518517,0.03571428571428571,0.03345070422535211,0.07525083612040134,0.04355108877721943,0.03215434083601286,0.0015337423312883436,0.07155025553662692,0.04591836734693878,0.07785467128027682,0.0,0.003278688524590164,0.023890784982935155,0.00782472613458529,0.038461538461538464,0.10229007633587786,0.02923076923076923,0.0030303030303030303,0.0,0.001697792869269949,0.11961722488038277,0.014446227929373997,0.018151815181518153,0.10743801652892562,0.23128119800332778,0.04114490161001789,0.039473684210526314,0.00825082508250825,0.15755627009646303,0.006359300476947536,0.0015337423312883436,0.003284072249589491,0.0,0.13928012519561817,0.004901960784313725,0.01746031746031746,0.007911392405063292,0.046511627906976744,0.0,0.0,0.1301482701812191,0.07894736842105263,0.07641196013289037,0.027565084226646247,0.001584786053882726,0.01864406779661017,0.024691358024691357,0.128125,0.1038961038961039,0.0754414125200642,0.0,0.0030627871362940277,0.1266233766233766,0.07692307692307693,0.01935483870967742,0.005172413793103448,0.037800687285223365,0.11239669421487604,0.028145695364238412,0.011437908496732025,0.12420382165605096,0.012924071082390954,0.05032467532467533,0.022364217252396165,0.10161290322580645,0.0096,0.01589825119236884,0.05342237061769616,0.09983633387888707,0.03150912106135987,0.0,0.04363001745200698,0.10112359550561797,0.03130148270181219,0.02975206611570248,0.1925566343042071,0.001610305958132045,0.030303030303030304,0.08866995073891626,0.030448717948717948,0.0774526678141136,0.008169934640522876,0.11042944785276074,0.0867430441898527,0.06472491909385113,0.0032258064516129032,0.010135135135135136,0.02564102564102564,0.0032520325203252032,0.0,0.04340567612687813,0.1266025641025641,0.09076682316118936,0.0034482758620689655,0.13651315789473684,0.0,0.006339144215530904,0.034976152623211444,0.135,0.13302034428794993,0.0994671403197158,0.0,0.0,0.07868852459016394,0.0,0.001579778830963665,0.029459901800327332,0.006289308176100629,0.0030911901081916537,0.0015822784810126582,0.0,0.03140495867768595,0.0655226209048362,0.08388157894736842,0.028938906752411574,0.0,0.0048543689320388345,0.013953488372093023,0.034358047016274866,0.0,0.032467532467532464,0.0,0.0359375,0.04333868378812199,0.04477611940298507,0.0033222591362126247,0.05317324185248713,0.008038585209003215,0.06814580031695722,0.0,0.00847457627118644,0.013136288998357963,0.009819967266775777,0.0030441400304414,0.0016207455429497568,0.021630615640599003,0.10837438423645321,0.043343653250773995,0.060514372163388806,0.08493589743589744,0.08870967741935484,0.02607361963190184,0.0,0.08780487804878048,0.06528662420382166,0.0015723270440251573,0.001589825119236884,0.1044776119402985,0.10998307952622674,0.004991680532445923,0.07028753993610223,0.012841091492776886,0.09780775716694773,0.14035087719298245,0.06902086677367576,0.1744,0.08279220779220779,0.09470304975922954,0.003395585738539898,0.1600633914421553,0.05434782608695652,0.08205128205128205,0.14992025518341306,0.09609120521172639,0.009478672985781991
2010,1,9,prevalence,0.0,0.15141430948419302,0.01730103806228374,0.0,0.03225806451612903,0.19572368421052633,0.0,0.19148936170212766,0.0,0.0,0.1678082191780822,0.0031545741324921135,0.006144393241167435,0.0182648401826484,0.01597444089456869,0.11022364217252396,0.0015105740181268882,0.1111111111111111,0.14910858995137763,0.054187192118226604,0.0372168284789644,0.013333333333333334,0.0,0.006420545746388443,0.001597444089456869,0.02280130293159609,0.010050251256281407,0.0033112582781456954,0.0015923566878980893,0.0,0.3264659270998415,0.0016891891891891893,0.0,0.07179487179487179,0.04754358161648178,0.01676829268292683,0.02113821138211382,0.028268551236749116,0.06239737274220033,0.0576271186440678,0.024958402662229616,0.0015455950540958269,0.07192982456140351,0.029605263157894735,0.10824742268041238,0.0,0.004991680532445923,0.041379310344827586,0.008025682182985553,0.024844720496894408,0.0960960960960961,0.023255813953488372,0.001524390243902439,0.0,0.0017301038062283738,0.1396103896103896,0.019169329073482427,0.02768729641693811,0.09090909090909091,0.1465798045602606,0.06914893617021277,0.038461538461538464,0.008130081300813009,0.11308562197092084,0.009375,0.0,0.014492753623188406,0.0,0.1901840490797546,0.011093502377179081,0.019736842105263157,0.006369426751592357,0.046511627906976744,0.0,0.0032310177705977385,0.14165261382799327,0.04590163934426229,0.08223684210526316,0.035982008995502246,0.0015822784810126582,0.011686143572621035,0.02511773940345369,0.1375579598145286,0.09523809523809523,0.056572379367720464,0.0,0.0030303030303030303,0.16086235489220563,0.08688524590163935,0.021035598705501618,0.005190311418685121,0.032148900169204735,0.11746031746031746,0.034482758620689655,0.011308562197092083,0.11182108626198083,0.01468189233278956,0.05271828665568369,0.03179650238473768,0.1026438569206843,0.0048543689320388345,0.02627511591962906,0.036544850498338874,0.09333333333333334,0.028616852146263912,0.0,0.04173913043478261,0.09917355371900827,0.026755852842809364,0.028052805280528052,0.22422258592471359,0.0016638935108153079,0.022508038585209004,0.09715242881072027,0.022082018927444796,0.0686106346483705,0.006472491909385114,0.14308426073131955,0.06862745098039216,0.05582922824302135,0.009917355371900827,0.008077544426494346,0.024115755627009645,0.001610305958132045,0.0,0.07246376811594203,0.17990275526742303,0.06230031948881789,0.0034482758620689655,0.15979381443298968,0.0,0.009724473257698542,0.027419354838709678,0.14238952536824878,0.2062992125984252,0.1037567084078712,0.0,0.0032414910858995136,0.066006600660066,0.0,0.003194888178913738,0.06239737274220033,0.009448818897637795,0.0030816640986132513,0.0030816640986132513,0.0,0.031879194630872486,0.0532724505327245,0.09577922077922078,0.03650793650793651,0.0,0.00819672131147541,0.029185867895545316,0.034050179211469536,0.0,0.029605263157894735,0.0,0.04146730462519936,0.05140961857379768,0.01990049751243781,0.003372681281618887,0.06260575296108291,0.00487012987012987,0.044374009508716325,0.0,0.015050167224080268,0.018518518518518517,0.01487603305785124,0.0,0.00322061191626409,0.024752475247524754,0.11292962356792144,0.05582137161084529,0.06842923794712286,0.08945686900958466,0.09682539682539683,0.0365296803652968,0.0,0.09137055837563451,0.09134615384615384,0.0015220700152207,0.0015384615384615385,0.12398042414355628,0.13993174061433447,0.001584786053882726,0.07051282051282051,0.011254019292604502,0.12687813021702837,0.1287758346581876,0.07198748043818466,0.13522012578616352,0.07389937106918239,0.09612403100775194,0.003278688524590164,0.12006578947368421,0.05642633228840126,0.09443507588532883,0.1509433962264151,0.11488673139158576,0.0109375
2011,1,9,prevalence,0.0,0.10684474123539232,0.006837606837606838,0.0,0.0423728813559322,0.1568,0.0,0.18473282442748093,0.0,0.0015455950540958269,0.15992970123022848,0.001607717041800643,0.013392857142857142,0.01751592356687898,0.020569620253164556,0.06190476190476191,0.0014903129657228018,0.11280487804878049,0.20853080568720378,0.05237315875613748,0.03691813804173355,0.006745362563237774,0.0,0.004830917874396135,0.004724409448818898,0.02254428341384863,0.006535947712418301,0.0,0.0015923566878980893,0.007836990595611285,0.26605504587155965,0.0016339869281045752,0.003215434083601286,0.05749128919860627,0.0368,0.01589825119236884,0.019138755980861243,0.023131672597864767,0.049019607843137254,0.05423728813559322,0.03815580286168521,0.0016025641025641025,0.04861111111111111,0.019769357495881382,0.09259259259259259,0.0016474464579901153,0.006622516556291391,0.035830618892508145,0.00631911532385466,0.024806201550387597,0.14683153013910355,0.026438569206842923,0.0015360983102918587,0.0,0.0017211703958691911,0.17483660130718953,0.012903225806451613,0.03099510603588907,0.10033444816053512,0.10050251256281408,0.06260869565217392,0.032758620689655175,0.009852216748768473,0.12151067323481117,0.009419152276295133,0.0,0.00794912559618442,0.0,0.2227342549923195,0.01263823064770932,0.021103896103896104,0.014539579967689823,0.04411764705882353,0.0,0.0032258064516129032,0.17094017094017094,0.05,0.10032894736842106,0.024427480916030534,0.003194888178913738,0.009933774834437087,0.012738853503184714,0.17592592592592593,0.04878048780487805,0.047217537942664416,0.0,0.0030627871362940277,0.20729684908789386,0.05750798722044728,0.01694915254237288,0.0034542314335060447,0.023608768971332208,0.13195548489666137,0.06614173228346457,0.025078369905956112,0.05314009661835749,0.012364760432766615,0.0680379746835443,0.03328050713153724,0.11145510835913312,0.004838709677419355,0.02365930599369085,0.05647840531561462,0.07026143790849673,0.025559105431309903,0.0,0.03819444444444445,0.10457516339869281,0.015280135823429542,0.060897435897435896,0.17851500789889416,0.0,0.02258064516129032,0.12624584717607973,0.03400309119010819,0.051666666666666666,0.006546644844517185,0.09461663947797716,0.07028753993610223,0.05211726384364821,0.009569377990430622,0.0031496062992125984,0.03231017770597738,0.0016313213703099511,0.0,0.07166123778501629,0.23397435897435898,0.0770440251572327,0.003395585738539898,0.19137931034482758,0.003289473684210526,0.008064516129032258,0.03645007923930269,0.12091503267973856,0.30048465266558966,0.08759124087591241,0.0,0.009569377990430622,0.10305958132045089,0.0,0.007898894154818325,0.06811145510835913,0.011382113821138212,0.0031545741324921135,0.0015552099533437014,0.0015723270440251573,0.02058319039451115,0.04504504504504504,0.05203252032520325,0.03803486529318542,0.0,0.009917355371900827,0.027243589743589744,0.04448398576512456,0.003110419906687403,0.0256,0.0,0.01892744479495268,0.033277870216306155,0.021739130434782608,0.0,0.06414473684210527,0.0048543689320388345,0.052547770700636945,0.0,0.008547008547008548,0.02356902356902357,0.01584786053882726,0.0,0.00487012987012987,0.01800327332242226,0.12261146496815287,0.03125,0.03605015673981191,0.07535321821036106,0.13153724247226625,0.023734177215189875,0.0,0.07155025553662692,0.09646302250803858,0.002932551319648094,0.0015455950540958269,0.12106135986733002,0.10806174957118353,0.006359300476947536,0.07165605095541401,0.013050570962479609,0.11348684210526316,0.12050078247261346,0.060653188180404355,0.0992,0.04866562009419152,0.06278713629402756,0.006568144499178982,0.14052287581699346,0.04420731707317073,0.09547738693467336,0.15830721003134796,0.11386138613861387,0.012841091492776886
2012,1,9,prevalence,0.0016339869281045752,0.10413223140495868,0.006944444444444444,0.0,0.06972789115646258,0.0940032414910859,0.0,0.19785276073619631,0.0,0.001564945226917058,0.13976705490848584,0.0016025641025641025,0.00927357032457496,0.00949367088607595,0.021035598705501618,0.10466988727858294,0.0,0.13975155279503104,0.1907790143084261,0.031096563011456628,0.022727272727272728,0.01437699680511182,0.0,0.004702194357366771,0.004608294930875576,0.01818181818181818,0.02258064516129032,0.0,0.0015625,0.004815409309791332,0.23728813559322035,0.0016556291390728477,0.0096,0.04965753424657534,0.022653721682847898,0.011400651465798045,0.03937007874015748,0.01773049645390071,0.06851549755301795,0.05149501661129568,0.039603960396039604,0.0015455950540958269,0.037800687285223365,0.035830618892508145,0.12211221122112212,0.0033003300330033004,0.001644736842105263,0.023809523809523808,0.0031446540880503146,0.02304147465437788,0.09627329192546584,0.01597444089456869,0.0015698587127158557,0.0,0.0016863406408094434,0.18108974358974358,0.01579778830963665,0.027331189710610933,0.14864864864864866,0.059113300492610835,0.06689536878216124,0.03722504230118443,0.009508716323296355,0.16610169491525423,0.006299212598425197,0.0,0.004830917874396135,0.0,0.2078125,0.01088646967340591,0.029315960912052116,0.0176,0.04361873990306947,0.0,0.0015748031496062992,0.18024263431542462,0.041050903119868636,0.11568938193343899,0.012195121951219513,0.001607717041800643,0.011513157894736841,0.02037617554858934,0.2076923076923077,0.06873977086743044,0.031088082901554404,0.0,0.003115264797507788,0.21839080459770116,0.058544303797468354,0.009933774834437087,0.00338409475465313,0.024671052631578948,0.10188087774294671,0.11556982343499198,0.02388535031847134,0.043689320388349516,0.012364760432766615,0.06279434850863422,0.04038772213247173,0.09104938271604938,0.011326860841423949,0.018518518518518517,0.07236842105263158,0.09003215434083602,0.027463651050080775,0.0,0.03508771929824561,0.07941653160453808,0.02127659574468085,0.056,0.20565149136577707,0.0,0.036334913112164295,0.12845528455284552,0.03869047619047619,0.05853658536585366,0.006535947712418301,0.07628524046434494,0.07740916271721959,0.05638474295190713,0.021241830065359478,0.020967741935483872,0.04597701149425287,0.00322061191626409,0.0,0.053156146179401995,0.2512,0.06969205834683954,0.0034423407917383822,0.20578231292517007,0.0032414910858995136,0.02622950819672131,0.02936378466557912,0.11164274322169059,0.353518821603928,0.09340659340659341,0.0,0.011041009463722398,0.08791208791208792,0.0,0.004694835680751174,0.10810810810810811,0.00487012987012987,0.0031496062992125984,0.0016,0.0015923566878980893,0.008665511265164644,0.03255813953488372,0.0594059405940594,0.01904761904761905,0.0,0.01309328968903437,0.02689873417721519,0.05272727272727273,0.0016313213703099511,0.018808777429467086,0.008389261744966443,0.016025641025641024,0.050488599348534204,0.028380634390651086,0.0,0.041666666666666664,0.0031847133757961785,0.051364365971107544,0.0,0.0016722408026755853,0.02152317880794702,0.02090032154340836,0.0,0.004909983633387889,0.02073365231259968,0.12861736334405144,0.01664145234493192,0.030694668820678513,0.060995184590690206,0.1746031746031746,0.020061728395061727,0.0,0.06281833616298811,0.1008,0.001488095238095238,0.0015313935681470138,0.14263074484944532,0.11876075731497418,0.014240506329113924,0.08945686900958466,0.011419249592169658,0.12227805695142378,0.1281645569620253,0.06507936507936508,0.09872611464968153,0.050473186119873815,0.04236006051437216,0.004934210526315789,0.14035087719298245,0.02936857562408223,0.10749185667752444,0.11580594679186229,0.12953367875647667,0.009836065573770493
2013,1,9,prevalence,0.0016474464579901153,0.11092985318107668,0.005042016806722689,0.0,0.06621392190152801,0.08809135399673736,0.001589825119236884,0.12481426448736999,0.0,0.001557632398753894,0.1729200652528548,0.0,0.0109717868338558,0.009174311926605505,0.020933977455716585,0.18272425249169436,0.0,0.19122257053291536,0.15730337078651685,0.06467661691542288,0.004807692307692308,0.017543859649122806,0.0017331022530329288,0.0031645569620253164,0.0030581039755351682,0.022988505747126436,0.00949367088607595,0.0,0.0016366612111292963,0.006339144215530904,0.17530487804878048,0.0016286644951140066,0.01282051282051282,0.03924914675767918,0.01485148514851485,0.004754358161648178,0.0343213728549142,0.02491103202846975,0.07755775577557755,0.056856187290969896,0.02195945945945946,0.0015822784810126582,0.026845637583892617,0.04213938411669368,0.1270358306188925,0.004846526655896607,0.0,0.016638935108153077,0.0016,0.02321981424148607,0.10559006211180125,0.028662420382165606,0.0031496062992125984,0.0,0.0016722408026755853,0.16449511400651465,0.00819672131147541,0.03758169934640523,0.1646655231560892,0.052805280528052806,0.05612244897959184,0.02577319587628866,0.011235955056179775,0.15944540727902945,0.0032310177705977385,0.0,0.004909983633387889,0.0,0.23088455772113944,0.0124804992199688,0.0196078431372549,0.03492063492063492,0.03169572107765452,0.0,0.001564945226917058,0.15008726003490402,0.024793388429752067,0.10047846889952153,0.023076923076923078,0.0033003300330033004,0.0031545741324921135,0.02204724409448819,0.1506849315068493,0.06754530477759473,0.034482758620689655,0.001589825119236884,0.0015625,0.15789473684210525,0.07258064516129033,0.01437699680511182,0.003424657534246575,0.02711323763955343,0.10952380952380952,0.20031545741324921,0.02388535031847134,0.051666666666666666,0.009244992295839754,0.055900621118012424,0.03262642740619902,0.0696594427244582,0.014900662251655629,0.03189792663476874,0.06393442622950819,0.07223113964686999,0.032520325203252036,0.0015267175572519084,0.05756578947368421,0.07496012759170653,0.0196078431372549,0.08962264150943396,0.15288611544461778,0.0,0.0390625,0.10474631751227496,0.03343465045592705,0.04754358161648178,0.0049504950495049506,0.07655502392344497,0.08463949843260188,0.04723127035830619,0.02631578947368421,0.039473684210526314,0.06529209621993128,0.003205128205128205,0.0,0.10372771474878444,0.25732899022801303,0.04983388704318937,0.0016750418760469012,0.15424610051993068,0.0032310177705977385,0.03588907014681892,0.022653721682847898,0.08832807570977919,0.2515923566878981,0.07233273056057866,0.0,0.009478672985781991,0.061806656101426306,0.0,0.004672897196261682,0.13679245283018868,0.0033112582781456954,0.0031645569620253164,0.0015552099533437014,0.0016025641025641025,0.015384615384615385,0.030959752321981424,0.0472972972972973,0.031545741324921134,0.0,0.006578947368421052,0.02476780185758514,0.03663003663003663,0.0016366612111292963,0.0350076103500761,0.009708737864077669,0.01951219512195122,0.02364864864864865,0.019639934533551555,0.0,0.03782894736842105,0.003129890453834116,0.0210016155088853,0.0,0.0,0.019867549668874173,0.019169329073482427,0.0,0.001644736842105263,0.016025641025641024,0.1567043618739903,0.01483679525222552,0.03488372093023256,0.06973058637083994,0.2006172839506173,0.02047244094488189,0.0,0.07035175879396985,0.10423452768729642,0.0015267175572519084,0.0015600624024961,0.13530326594090203,0.11925042589437819,0.012903225806451613,0.10517799352750809,0.006589785831960461,0.16472545757071547,0.15705128205128205,0.09841269841269841,0.0840064620355412,0.07298136645962733,0.0441400304414003,0.003257328990228013,0.20723684210526316,0.03458646616541353,0.16346153846153846,0.09020217729393468,0.1643598615916955,0.006482982171799027
2014,1,9,prevalence,0.001658374792703151,0.10894308943089431,0.0016474464579901153,0.0,0.05519480519480519,0.10094637223974763,0.0031746031746031746,0.11882716049382716,0.0032102728731942215,0.0030911901081916537,0.1875,0.0,0.010869565217391304,0.010736196319018405,0.02531645569620253,0.2353923205342237,0.0,0.21394611727416799,0.14263074484944532,0.0633116883116883,0.0,0.015748031496062992,0.0017123287671232876,0.0031496062992125984,0.0031007751937984496,0.024752475247524754,0.01729559748427673,0.0032948929159802307,0.0016207455429497568,0.003257328990228013,0.11127819548872181,0.0016420361247947454,0.008183306055646482,0.03015075376884422,0.014657980456026058,0.003284072249589491,0.0091324200913242,0.027257240204429302,0.09546925566343042,0.03666666666666667,0.028523489932885907,0.001594896331738437,0.026143790849673203,0.016129032258064516,0.15711947626841244,0.006289308176100629,0.0,0.018092105263157895,0.001589825119236884,0.031914893617021274,0.1134185303514377,0.05246422893481717,0.0029585798816568047,0.0,0.001652892561983471,0.13192182410423453,0.011570247933884297,0.050488599348534204,0.2,0.025848142164781908,0.03535353535353535,0.02337228714524207,0.00644122383252818,0.18074324324324326,0.00487012987012987,0.0015772870662460567,0.004746835443037975,0.0,0.2383177570093458,0.007898894154818325,0.009787928221859706,0.01732283464566929,0.020602218700475437,0.0,0.0015337423312883436,0.13391304347826086,0.011382113821138212,0.10174880763116058,0.027906976744186046,0.008210180623973728,0.0015290519877675841,0.05246422893481717,0.1515625,0.07095709570957096,0.043993231810490696,0.0032102728731942215,0.0032310177705977385,0.13500784929356358,0.0944,0.008051529790660225,0.0017543859649122807,0.027463651050080775,0.08006279434850863,0.2716049382716049,0.015337423312883436,0.03986710963455149,0.03169572107765452,0.06583072100313479,0.04643449419568822,0.10542635658914729,0.010238907849829351,0.024922118380062305,0.05333333333333334,0.05443234836702955,0.03150912106135987,0.0016233766233766235,0.05852842809364549,0.09076175040518639,0.03481012658227848,0.0967238689547582,0.09553158705701079,0.0,0.05092592592592592,0.10118043844856661,0.02706766917293233,0.06141732283464567,0.0032520325203252032,0.07668231611893583,0.08293460925039872,0.04862236628849271,0.015100671140939598,0.035830618892508145,0.04067796610169491,0.003257328990228013,0.0,0.14802631578947367,0.27860696517412936,0.03993344425956739,0.0017152658662092624,0.16326530612244897,0.003236245954692557,0.0391156462585034,0.040783034257748776,0.0998439937597504,0.20627062706270627,0.08112874779541446,0.0,0.014018691588785047,0.08439490445859872,0.0,0.00322061191626409,0.1742671009771987,0.0016611295681063123,0.0032733224222585926,0.0015527950310559005,0.0016025641025641025,0.02711864406779661,0.017377567140600316,0.03333333333333333,0.030694668820678513,0.0,0.013114754098360656,0.04468412942989214,0.014625228519195612,0.0016233766233766235,0.04538341158059468,0.00322061191626409,0.0196078431372549,0.03739837398373984,0.018211920529801324,0.0017271157167530224,0.040453074433656956,0.00322061191626409,0.02830188679245283,0.0,0.0016366612111292963,0.019801980198019802,0.03816793893129771,0.0,0.0032626427406199023,0.01263823064770932,0.18421052631578946,0.016320474777448073,0.02922077922077922,0.08012820512820513,0.25671641791044775,0.012618296529968454,0.0,0.09882747068676717,0.0756578947368421,0.0015360983102918587,0.0015772870662460567,0.13580246913580246,0.12302284710017575,0.015625,0.13376835236541598,0.009950248756218905,0.13689482470784642,0.1426256077795786,0.12131147540983607,0.06482982171799027,0.0959119496855346,0.03834355828220859,0.003189792663476874,0.26,0.03458646616541353,0.16899224806201552,0.1309148264984227,0.15041322314049588,0.01800327332242226
2015,1,9,prevalence,0.001669449081803005,0.07352941176470588,0.01680672268907563,0.0,0.04404567699836868,0.08439490445859872,0.003179650238473768,0.13292117465224113,0.0016207455429497568,0.002967359050445104,0.1804635761589404,0.0,0.00473186119873817,0.004629629629629629,0.01567398119122257,0.30413223140495865,0.001519756838905775,0.1936,0.1573373676248109,0.07107438016528926,0.0016207455429497568,0.014040561622464899,0.0016420361247947454,0.0015923566878980893,0.003189792663476874,0.02403846153846154,0.011363636363636364,0.0,0.0,0.004838709677419355,0.05997001499250375,0.0016051364365971107,0.004862236628849271,0.021103896103896104,0.020602218700475437,0.0,0.01393188854489164,0.03754266211604096,0.1140625,0.043478260869565216,0.03161397670549085,0.004665629860031105,0.0330188679245283,0.00641025641025641,0.2656,0.003189792663476874,0.0,0.03130148270181219,0.0016420361247947454,0.0234009360374415,0.10823909531502424,0.050080775444264945,0.0015267175572519084,0.0,0.001694915254237288,0.10234899328859061,0.00967741935483871,0.03889789303079417,0.19365609348914858,0.017628205128205128,0.03488372093023256,0.011363636363636364,0.011382113821138212,0.13220338983050847,0.001644736842105263,0.001589825119236884,0.0096,0.0,0.1715686274509804,0.0176,0.019834710743801654,0.02177293934681182,0.01607717041800643,0.0,0.0030349013657056147,0.11774461028192372,0.008038585209003215,0.11287758346581876,0.026856240126382307,0.01174496644295302,0.0,0.05203252032520325,0.12479740680713128,0.10668789808917198,0.03747870528109029,0.013289036544850499,0.0032102728731942215,0.11538461538461539,0.06270096463022508,0.02254428341384863,0.0017667844522968198,0.024539877300613498,0.0576,0.2920634920634921,0.020061728395061727,0.02564102564102564,0.03858520900321544,0.07852564102564102,0.037520391517128875,0.1027190332326284,0.008361204013377926,0.015600624024960999,0.05555555555555555,0.06635071090047394,0.02145214521452145,0.003179650238473768,0.03442622950819672,0.11314475873544093,0.06359300476947535,0.10323574730354391,0.10393700787401575,0.0,0.0406885758998435,0.0743801652892562,0.024096385542168676,0.03863987635239567,0.0015772870662460567,0.052547770700636945,0.0706436420722135,0.04560260586319218,0.006482982171799027,0.041401273885350316,0.03436426116838488,0.001644736842105263,0.0,0.16336633663366337,0.2604501607717042,0.03927986906710311,0.0016891891891891893,0.15397631133671744,0.001644736842105263,0.03559322033898305,0.028481012658227847,0.08723747980613894,0.1421232876712329,0.09966216216216216,0.0016420361247947454,0.0109375,0.0828125,0.0,0.001607717041800643,0.1454248366013072,0.0016474464579901153,0.0032948929159802307,0.0015432098765432098,0.001607717041800643,0.050505050505050504,0.012658227848101266,0.032362459546925564,0.03231017770597738,0.0,0.011904761904761904,0.043209876543209874,0.017152658662092625,0.0017035775127768314,0.032520325203252036,0.007961783439490446,0.024350649350649352,0.028391167192429023,0.016260162601626018,0.0017035775127768314,0.03464566929133858,0.0048543689320388345,0.01610305958132045,0.0,0.0016501650165016502,0.05799373040752351,0.04146730462519936,0.0,0.004878048780487805,0.0045385779122541605,0.2091917591125198,0.012139605462822459,0.030303030303030304,0.06466876971608833,0.27934621099554235,0.00974025974025974,0.0,0.11570247933884298,0.09455128205128205,0.0015625,0.0016025641025641025,0.134375,0.13005272407732865,0.01889763779527559,0.07960199004975124,0.021739130434782608,0.13079470198675497,0.22815533980582525,0.09562398703403566,0.045454545454545456,0.07956318252730109,0.03363914373088685,0.00792393026941363,0.23588039867109634,0.03210272873194221,0.1751592356687898,0.11042944785276074,0.15807560137457044,0.03333333333333333
2016,1,9,prevalence,0.0016260162601626016,0.06478405315614617,0.02666666666666667,0.0,0.05718954248366013,0.06924315619967794,0.0032,0.1888,0.0016666666666666668,0.0014903129657228018,0.1830065359477124,0.0,0.004724409448818898,0.011182108626198083,0.015408320493066256,0.3716535433070866,0.0015455950540958269,0.2368839427662957,0.1345565749235474,0.0762987012987013,0.006339144215530904,0.01263823064770932,0.001658374792703151,0.0032679738562091504,0.003179650238473768,0.01669195751138088,0.01615508885298869,0.00322061191626409,0.0,0.004862236628849271,0.05343511450381679,0.0,0.001584786053882726,0.008130081300813009,0.037914691943127965,0.0,0.009389671361502348,0.05067567567567568,0.11384615384615385,0.052980132450331126,0.026016260162601626,0.012698412698412698,0.02635658914728682,0.004893964110929853,0.29967948717948717,0.008064516129032258,0.0,0.02926829268292683,0.0,0.018838304552590265,0.0782472613458529,0.06115702479338843,0.0015360983102918587,0.0,0.0033783783783783786,0.07653910149750416,0.011647254575707155,0.07049180327868852,0.2032520325203252,0.029605263157894735,0.047540983606557376,0.007974481658692184,0.012987012987012988,0.11853088480801335,0.0,0.003110419906687403,0.014240506329113924,0.0,0.16584564860426929,0.0272,0.01652892561983471,0.023809523809523808,0.0144,0.0,0.0030441400304414,0.11601307189542484,0.006493506493506494,0.1277602523659306,0.01910828025477707,0.0033613445378151263,0.012718600953895072,0.04738562091503268,0.08925619834710743,0.11930926216640503,0.02555366269165247,0.008417508417508417,0.0015625,0.1444805194805195,0.07253086419753087,0.017684887459807074,0.001658374792703151,0.024427480916030534,0.04889589905362776,0.23125,0.01238390092879257,0.017973856209150325,0.03317535545023697,0.058637083993660855,0.03727714748784441,0.09119010819165378,0.008333333333333333,0.011041009463722398,0.07248764415156507,0.05314009661835749,0.0214168039538715,0.003194888178913738,0.039473684210526314,0.0755336617405583,0.08955223880597014,0.12074303405572756,0.08031496062992126,0.0,0.036923076923076927,0.07246376811594203,0.025757575757575757,0.04574132492113565,0.0031545741324921135,0.05582137161084529,0.07424960505529225,0.05396825396825397,0.0031446540880503146,0.0452418096723869,0.0338409475465313,0.0016260162601626016,0.0,0.1630971993410214,0.20187793427230047,0.046511627906976744,0.0017271157167530224,0.0899830220713073,0.0016129032258064516,0.026622296173044926,0.031055900621118012,0.1040650406504065,0.1243432574430823,0.08517887563884156,0.0016501650165016502,0.020967741935483872,0.06847133757961783,0.0016129032258064516,0.008,0.12929623567921442,0.0,0.0017006802721088435,0.0,0.0016260162601626016,0.05348460291734198,0.007936507936507936,0.02247191011235955,0.04692556634304207,0.0,0.013675213675213675,0.038580246913580245,0.0313588850174216,0.001718213058419244,0.05172413793103448,0.012678288431061807,0.029315960912052116,0.026813880126182965,0.00966183574879227,0.0016207455429497568,0.03129890453834116,0.0047169811320754715,0.02702702702702703,0.0,0.0,0.06200317965023847,0.0576,0.0,0.011589403973509934,0.025477707006369428,0.16352201257861634,0.015527950310559006,0.03278688524590164,0.05466237942122187,0.22814814814814816,0.018151815181518153,0.0,0.11409395973154363,0.0947867298578199,0.0015552099533437014,0.0016,0.16920731707317074,0.13412563667232597,0.012441679626749611,0.056291390728476824,0.023890784982935155,0.14715719063545152,0.28938906752411575,0.08133971291866028,0.046357615894039736,0.11532625189681335,0.05547226386806597,0.009216589861751152,0.22167487684729065,0.01951219512195122,0.16666666666666666,0.11809815950920245,0.18384879725085912,0.04020979020979021
2017,1,9,prevalence,0.0,0.06754530477759473,0.03618421052631579,0.0,0.05442176870748299,0.07062600321027288,0.0032948929159802307,0.23622047244094488,0.0,0.0015060240963855422,0.12459016393442623,0.0,0.0031746031746031746,0.02511773940345369,0.018461538461538463,0.3016129032258065,0.0015748031496062992,0.2132701421800948,0.13069908814589665,0.061258278145695365,0.0061162079510703364,0.01594896331738437,0.0033333333333333335,0.008130081300813009,0.003215434083601286,0.01775147928994083,0.029950083194675542,0.004830917874396135,0.0,0.02159468438538206,0.04962406015037594,0.003257328990228013,0.01740506329113924,0.006379585326953748,0.05,0.0,0.006420545746388443,0.04991680532445923,0.12403100775193798,0.04215851602023609,0.03541315345699832,0.006259780907668232,0.03048780487804878,0.018302828618968387,0.22756410256410256,0.012759170653907496,0.0,0.024,0.0015923566878980893,0.02050473186119874,0.0328125,0.05647840531561462,0.001607717041800643,0.0,0.0033003300330033004,0.056291390728476824,0.02155887230514096,0.0593900481540931,0.18048780487804877,0.04145936981757877,0.06612903225806452,0.012841091492776886,0.016233766233766232,0.09949409780775717,0.0,0.003169572107765452,0.011023622047244094,0.0,0.15508885298869143,0.04854368932038835,0.008156606851549755,0.019138755980861243,0.006220839813374806,0.0,0.0014992503748125937,0.09740259740259741,0.003289473684210526,0.11232449297971919,0.014218009478672985,0.006745362563237774,0.01594896331738437,0.04152823920265781,0.05723905723905724,0.13709677419354838,0.03361344537815126,0.015306122448979591,0.0032,0.10509554140127389,0.06018518518518518,0.014539579967689823,0.001669449081803005,0.01866251944012442,0.05409582689335394,0.13365539452495975,0.009375,0.014285714285714285,0.04071661237785016,0.055205047318611984,0.06722689075630252,0.10240963855421686,0.006633499170812604,0.017027863777089782,0.06260032102728733,0.02511773940345369,0.019966722129783693,0.0031847133757961785,0.029605263157894735,0.06919275123558484,0.10535117056856187,0.09627329192546584,0.08548387096774193,0.0,0.0384,0.09313725490196079,0.026194144838212634,0.0594679186228482,0.0015822784810126582,0.05263157894736842,0.050080775444264945,0.0352,0.00315955766192733,0.06132075471698113,0.045,0.0015748031496062992,0.0,0.12624584717607973,0.13239875389408098,0.032948929159802305,0.0016750418760469012,0.0695364238410596,0.00819672131147541,0.022617124394184167,0.0203125,0.09523809523809523,0.07958477508650519,0.05583756345177665,0.0016181229773462784,0.021922428330522766,0.041990668740279936,0.0032520325203252032,0.00967741935483871,0.11446740858505565,0.0,0.0017064846416382253,0.0,0.0,0.05844155844155844,0.006379585326953748,0.030015797788309637,0.028052805280528052,0.0,0.027538726333907058,0.05826771653543307,0.03454231433506045,0.0017211703958691911,0.037914691943127965,0.02090032154340836,0.027156549520766772,0.037337662337662336,0.004784688995215311,0.0016129032258064516,0.028616852146263912,0.00794912559618442,0.026234567901234566,0.0,0.0034129692832764505,0.060221870047543584,0.05778491171749599,0.0,0.003355704697986577,0.03785488958990536,0.16899224806201552,0.01732283464566929,0.0322061191626409,0.07272727272727272,0.1803030303030303,0.027156549520766772,0.0,0.14125200642054575,0.06190476190476191,0.0015723270440251573,0.0016611295681063123,0.1724137931034483,0.11896551724137931,0.020061728395061727,0.056218057921635436,0.03204047217537943,0.16693679092382496,0.256198347107438,0.06796116504854369,0.06634304207119741,0.09146341463414634,0.059084194977843424,0.0213089802130898,0.2682926829268293,0.013050570962479609,0.14354066985645933,0.10648148148148148,0.2206896551724138,0.04054054054054054
2018,1,9,prevalence,0.0015822784810126582,0.04838709677419355,0.02809917355371901,0.0,0.05454545454545454,0.04006410256410257,0.0016051364365971107,0.18425196850393702,0.0,0.0015128593040847202,0.10929853181076672,0.0,0.001597444089456869,0.01751592356687898,0.012578616352201259,0.2273449920508744,0.0015503875968992248,0.17061611374407584,0.13671274961597543,0.041935483870967745,0.00778816199376947,0.015873015873015872,0.0016286644951140066,0.006557377049180328,0.0032310177705977385,0.012121212121212121,0.03801652892561983,0.006420545746388443,0.0,0.03361344537815126,0.04953560371517028,0.0033333333333333335,0.014240506329113924,0.006359300476947536,0.06190476190476191,0.0,0.00644122383252818,0.040983606557377046,0.0873015873015873,0.028960817717206135,0.02023608768971332,0.015698587127158554,0.048484848484848485,0.015873015873015872,0.14626391096979333,0.01779935275080906,0.0,0.028125,0.0016474464579901153,0.020440251572327043,0.01948051948051948,0.04786324786324787,0.0,0.0,0.0033003300330033004,0.041390728476821195,0.01818181818181818,0.044657097288676235,0.15823817292006526,0.02823920265780731,0.03189792663476874,0.02034428794992175,0.008103727714748784,0.09243697478991597,0.0,0.0046801872074883,0.008025682182985553,0.0,0.10423452768729642,0.047619047619047616,0.006557377049180328,0.025295109612141653,0.01584786053882726,0.0,0.003067484662576687,0.09724473257698542,0.003395585738539898,0.07301587301587302,0.003129890453834116,0.005084745762711864,0.017857142857142856,0.051070840197693576,0.043333333333333335,0.10655737704918032,0.0392156862745098,0.022838499184339316,0.004830917874396135,0.08588957055214724,0.0631911532385466,0.012678288431061807,0.001658374792703151,0.011075949367088608,0.04285714285714286,0.08265802269043761,0.01355421686746988,0.009419152276295133,0.03414634146341464,0.07906976744186046,0.06988352745424292,0.0649546827794562,0.005,0.02511773940345369,0.05555555555555555,0.01078582434514638,0.015100671140939598,0.0032102728731942215,0.03140495867768595,0.052805280528052806,0.07820299500831947,0.07283763277693475,0.06487341772151899,0.0,0.03571428571428571,0.08399366085578447,0.04229607250755287,0.05598755832037325,0.001597444089456869,0.04186795491143317,0.05422647527910686,0.0265625,0.0030816640986132513,0.07223113964686999,0.057660626029654036,0.0016129032258064516,0.0,0.13870967741935483,0.11388455538221529,0.03565640194489465,0.0016638935108153079,0.0512396694214876,0.009852216748768473,0.05177993527508091,0.02403846153846154,0.13771517996870108,0.05823627287853577,0.05218855218855219,0.001658374792703151,0.013029315960912053,0.057722308892355696,0.00322061191626409,0.004862236628849271,0.07814992025518341,0.004672897196261682,0.001718213058419244,0.0,0.0,0.06472491909385113,0.004792332268370607,0.04180064308681672,0.019769357495881382,0.0,0.03166666666666667,0.04769475357710652,0.03559322033898305,0.001718213058419244,0.03425774877650897,0.02768729641693811,0.022116903633491312,0.04145936981757877,0.006230529595015576,0.0015723270440251573,0.02821316614420063,0.0208,0.0265210608424337,0.0,0.005016722408026756,0.04213938411669368,0.065625,0.003110419906687403,0.0033333333333333335,0.0436817472698908,0.11919504643962849,0.02531645569620253,0.03179650238473768,0.0816,0.15203761755485892,0.019933554817275746,0.0,0.15460526315789475,0.05521472392638037,0.0015625,0.013223140495867768,0.13754045307443366,0.07167235494880546,0.0187207488299532,0.04145936981757877,0.018425460636515914,0.10423452768729642,0.23577235772357724,0.06220095693779904,0.06396255850234009,0.05846153846153846,0.04978038067349927,0.042105263157894736,0.21187800963081863,0.013114754098360656,0.14937106918238993,0.10260336906584992,0.14983164983164984,0.05405405405405406
2019,1,9,prevalence,0.0016025641025641025,0.03761755485893417,0.02090032154340836,0.0,0.041390728476821195,0.045813586097946286,0.001607717041800643,0.1705790297339593,0.0,0.0015625,0.09206349206349207,0.0,0.0,0.01757188498402556,0.02197802197802198,0.13771517996870108,0.003105590062111801,0.16185897435897437,0.08144796380090498,0.042993630573248405,0.02358490566037736,0.00949367088607595,0.0015822784810126582,0.008278145695364239,0.0016181229773462784,0.016666666666666666,0.041050903119868636,0.010221465076660987,0.0,0.06354515050167224,0.04251968503937008,0.0033277870216306157,0.010719754977029096,0.0046875,0.061708860759493674,0.0,0.00792393026941363,0.04272151898734177,0.08239095315024232,0.016778523489932886,0.013311148086522463,0.019230769230769232,0.0424597364568082,0.022988505747126436,0.12580645161290321,0.0368,0.0,0.02197802197802198,0.0016,0.011217948717948718,0.038461538461538464,0.061461794019933555,0.0,0.0,0.003236245954692557,0.06,0.023769100169779286,0.033123028391167195,0.13509060955518945,0.01867572156196944,0.014331210191082803,0.015313935681470138,0.016420361247947456,0.10472972972972973,0.003194888178913738,0.006482982171799027,0.006369426751592357,0.0,0.07407407407407407,0.05388272583201268,0.009523809523809525,0.015100671140939598,0.023510971786833857,0.0,0.0030303030303030303,0.10618066561014262,0.00825082508250825,0.07453416149068323,0.003115264797507788,0.004975124378109453,0.016420361247947456,0.042483660130718956,0.02823920265780731,0.06924315619967794,0.03431372549019608,0.016366612111292964,0.004893964110929853,0.06125574272588055,0.06230031948881789,0.015698587127158554,0.001669449081803005,0.004694835680751174,0.028526148969889066,0.061389337641357025,0.019756838905775075,0.02336448598130841,0.022508038585209004,0.09172932330827067,0.06844741235392321,0.046224961479198766,0.004885993485342019,0.04081632653061224,0.04669887278582931,0.007680491551459293,0.006688963210702341,0.0016051364365971107,0.024549918166939442,0.03821656050955414,0.08443708609271523,0.0365296803652968,0.04588607594936709,0.0,0.028037383177570093,0.07210031347962383,0.0377643504531722,0.06885758998435054,0.001567398119122257,0.011146496815286623,0.03492063492063492,0.02197802197802198,0.0015822784810126582,0.07462686567164178,0.038834951456310676,0.0030959752321981426,0.0,0.12539184952978055,0.08580343213728549,0.03987240829346093,0.0016313213703099511,0.04559748427672956,0.014729950900163666,0.058823529411764705,0.03503184713375796,0.14469453376205788,0.05785123966942149,0.057947019867549666,0.0016286644951140066,0.014802631578947368,0.06191950464396285,0.001644736842105263,0.019933554817275746,0.059870550161812294,0.007575757575757576,0.0016891891891891893,0.0,0.0,0.06568144499178982,0.0030816640986132513,0.0736,0.006688963210702341,0.0,0.026016260162601626,0.03542673107890499,0.027210884353741496,0.0017064846416382253,0.041050903119868636,0.03565640194489465,0.031446540880503145,0.03204047217537943,0.012841091492776886,0.003125,0.01263823064770932,0.03442879499217527,0.018633540372670808,0.0,0.006600660066006601,0.033816425120772944,0.04885496183206107,0.012422360248447204,0.0016556291390728477,0.03987240829346093,0.07728706624605679,0.034055727554179564,0.046224961479198766,0.07484076433121019,0.1130030959752322,0.01951219512195122,0.006369426751592357,0.08227848101265822,0.05731523378582202,0.0,0.013333333333333334,0.10383386581469649,0.044444444444444446,0.022508038585209004,0.038461538461538464,0.022108843537414966,0.07717041800643087,0.17828200972447325,0.04617834394904458,0.053763440860215055,0.052132701421800945,0.05007587253414264,0.047692307692307694,0.18181818181818182,0.021487603305785124,0.11164274322169059,0.0903522205206738,0.15692821368948248,0.058319039451114926
2020,1,9,prevalence,0.0016260162601626016,0.028081123244929798,0.006359300476947536,0.0,0.057233704292527825,0.06026058631921824,0.001644736842105263,0.0928,0.0,0.0,0.07395993836671803,0.0,0.0,0.02689873417721519,0.020123839009287926,0.11201298701298701,0.0031645569620253164,0.07718120805369127,0.0782472613458529,0.05180533751962323,0.021806853582554516,0.02527646129541864,0.001557632398753894,0.01335559265442404,0.0016420361247947454,0.022658610271903322,0.05314009661835749,0.008237232289950576,0.0,0.06271186440677966,0.04019292604501608,0.006666666666666667,0.009302325581395349,0.0096,0.06814580031695722,0.003389830508474576,0.011182108626198083,0.06069802731411229,0.06351791530944625,0.017828200972447326,0.02512562814070352,0.03764320785597381,0.041604754829123326,0.015280135823429542,0.11093247588424437,0.046948356807511735,0.0,0.0219435736677116,0.0016129032258064516,0.004665629860031105,0.04377104377104377,0.05601317957166392,0.0016638935108153079,0.0,0.001589825119236884,0.0333889816360601,0.021922428330522766,0.038109756097560975,0.09359605911330049,0.013816925734024179,0.012539184952978056,0.028875379939209727,0.014705882352941176,0.0773109243697479,0.0032679738562091504,0.006339144215530904,0.00794912559618442,0.003257328990228013,0.06041335453100159,0.04866562009419152,0.01854714064914992,0.020442930153321975,0.02564102564102564,0.0,0.003048780487804878,0.09220985691573927,0.014705882352941176,0.06581059390048154,0.004724409448818898,0.0049504950495049506,0.021702838063439065,0.03627760252365931,0.018612521150592216,0.05351170568561873,0.041935483870967745,0.03161397670549085,0.0176,0.04120443740095087,0.055105348460291734,0.029921259842519685,0.003189792663476874,0.013824884792626729,0.02843601895734597,0.046104928457869634,0.015503875968992248,0.020634920634920634,0.03648424543946932,0.045871559633027525,0.08143322475570032,0.04573170731707317,0.0016,0.04081632653061224,0.04,0.03139717425431711,0.003316749585406302,0.001594896331738437,0.01468189233278956,0.022764227642276424,0.057283142389525366,0.02923076923076923,0.03365384615384615,0.0016366612111292963,0.03215926493108729,0.06885758998435054,0.044642857142857144,0.07006369426751592,0.0015527950310559005,0.03656597774244833,0.050793650793650794,0.025078369905956112,0.0016,0.041390728476821195,0.026981450252951095,0.003169572107765452,0.0,0.09667194928684628,0.058084772370486655,0.037337662337662336,0.0,0.061224489795918366,0.025806451612903226,0.03877221324717286,0.045454545454545456,0.11056910569105691,0.05175292153589316,0.04006410256410257,0.0,0.018803418803418803,0.058084772370486655,0.001652892561983471,0.021207177814029365,0.036065573770491806,0.01791044776119403,0.0,0.0,0.0,0.05348460291734198,0.0015455950540958269,0.06190476190476191,0.00667779632721202,0.0,0.02021772939346812,0.05180533751962323,0.02711864406779661,0.0,0.04187604690117253,0.027463651050080775,0.020933977455716585,0.021739130434782608,0.014173228346456693,0.001564945226917058,0.014516129032258065,0.028169014084507043,0.02190923317683881,0.0,0.006339144215530904,0.027777777777777776,0.043343653250773995,0.024279210925644917,0.0,0.026604068857589983,0.05813953488372093,0.025039123630672927,0.0352,0.048154093097913325,0.090625,0.02922077922077922,0.013071895424836602,0.06666666666666667,0.07751937984496124,0.0,0.013157894736842105,0.05071315372424723,0.045454545454545456,0.02365930599369085,0.029654036243822075,0.015202702702702704,0.07830342577487764,0.17792421746293247,0.03255813953488372,0.044444444444444446,0.0384,0.03785488958990536,0.06431852986217458,0.12317666126418152,0.03209459459459459,0.08412698412698413,0.08976377952755905,0.11620294599018004,0.03986135181975736
2021,1,9,prevalence,0.0016474464579901153,0.0208,0.006289308176100629,0.0,0.047619047619047616,0.07980456026058631,0.0016155088852988692,0.054945054945054944,0.0,0.0,0.06153846153846154,0.0,0.0,0.029508196721311476,0.022865853658536585,0.0970873786407767,0.0031007751937984496,0.05501618122977346,0.04416403785488959,0.03622047244094488,0.023961661341853034,0.014900662251655629,0.003067484662576687,0.00859106529209622,0.0016207455429497568,0.033873343151693665,0.042789223454833596,0.012903225806451613,0.0,0.037162162162162164,0.030894308943089432,0.003367003367003367,0.011272141706924315,0.014308426073131956,0.048818897637795275,0.008319467554076539,0.022653721682847898,0.0755287009063444,0.0420032310177706,0.02471169686985173,0.03488372093023256,0.03064516129032258,0.0395738203957382,0.027303754266211604,0.056105610561056105,0.047400611620795105,0.0,0.01751592356687898,0.0048543689320388345,0.012779552715654952,0.04753820033955857,0.05306799336650083,0.0016750418760469012,0.0,0.0015822784810126582,0.0347682119205298,0.017123287671232876,0.03421461897356143,0.08,0.005199306759098787,0.02996845425867508,0.021439509954058193,0.006756756756756757,0.05090311986863711,0.006379585326953748,0.009419152276295133,0.007936507936507936,0.0033444816053511705,0.06487341772151899,0.033925686591276254,0.01834862385321101,0.02711864406779661,0.03328050713153724,0.0,0.003105590062111801,0.061191626409017714,0.012965964343598054,0.050488599348534204,0.006269592476489028,0.0032626427406199023,0.019077901430842606,0.0421875,0.026501766784452298,0.06208053691275168,0.036741214057507986,0.022071307300509338,0.02190923317683881,0.0249609984399376,0.05509181969949917,0.014705882352941176,0.0046875,0.024205748865355523,0.04094488188976378,0.05348460291734198,0.01078582434514638,0.017241379310344827,0.05067567567567568,0.0453857791225416,0.06135986733001658,0.05143721633888049,0.0,0.037337662337662336,0.03130148270181219,0.029921259842519685,0.0,0.0015873015873015873,0.012779552715654952,0.02258064516129032,0.04817275747508306,0.03426791277258567,0.025437201907790145,0.0016129032258064516,0.04482225656877898,0.04636785162287481,0.05185185185185185,0.04313099041533546,0.001557632398753894,0.0380952380952381,0.0438871473354232,0.02527646129541864,0.0,0.04975922953451043,0.025423728813559324,0.0031545741324921135,0.0016806722689075631,0.07931570762052877,0.03531300160513644,0.033816425120772944,0.0,0.04617834394904458,0.02377179080824089,0.026771653543307086,0.030303030303030304,0.050955414012738856,0.05670103092783505,0.02875399361022364,0.0,0.025728987993138937,0.05188679245283019,0.0016129032258064516,0.01631321370309951,0.02073365231259968,0.035346097201767304,0.0,0.0,0.0,0.03955696202531646,0.004594180704441042,0.041666666666666664,0.008620689655172414,0.0,0.0265625,0.05263157894736842,0.026981450252951095,0.0,0.03571428571428571,0.022838499184339316,0.030206677265500796,0.02847571189279732,0.012678288431061807,0.001584786053882726,0.02280130293159609,0.023696682464454975,0.030015797788309637,0.0,0.003189792663476874,0.02337228714524207,0.028831562974203338,0.02321981424148607,0.0,0.0189873417721519,0.05132450331125828,0.025356576862123614,0.028846153846153848,0.02702702702702703,0.08716323296354993,0.03150912106135987,0.016,0.06016260162601626,0.05466237942122187,0.0,0.02159468438538206,0.061872909698996656,0.0387858347386172,0.01386748844375963,0.030595813204508857,0.015025041736227046,0.0816,0.11507293354943274,0.03522205206738132,0.04122137404580153,0.04326923076923077,0.04292527821939587,0.06901840490797546,0.06260296540362438,0.023931623931623933,0.04501607717041801,0.06896551724137931,0.10140405616224649,0.02577319587628866
2022,1,9,prevalence,0.001597444089456869,0.027777777777777776,0.014263074484944533,0.0,0.048589341692789965,0.06677524429967427,0.0016,0.04234527687296417,0.0,0.0,0.055031446540880505,0.0,0.0,0.02003338898163606,0.02945736434108527,0.07177033492822966,0.003169572107765452,0.06991869918699187,0.04665629860031104,0.027950310559006212,0.0315955766192733,0.03376205787781351,0.0031201248049922,0.011945392491467578,0.001589825119236884,0.03619909502262444,0.030595813204508857,0.011075949367088608,0.0,0.031932773109243695,0.027331189710610933,0.001697792869269949,0.015873015873015872,0.02377179080824089,0.06832298136645963,0.013582342954159592,0.02666666666666667,0.07807807807807808,0.050955414012738856,0.022653721682847898,0.04707792207792208,0.054098360655737705,0.03211009174311927,0.026622296173044926,0.041401273885350316,0.057971014492753624,0.0,0.024232633279483037,0.007911392405063292,0.009538950715421303,0.041884816753926704,0.0453781512605042,0.0016501650165016502,0.0,0.0,0.036243822075782535,0.020761245674740483,0.03538461538461538,0.05564387917329094,0.015410958904109588,0.015384615384615385,0.006097560975609756,0.016863406408094434,0.053833605220228384,0.01088646967340591,0.010954616588419406,0.012364760432766615,0.003436426116838488,0.057283142389525366,0.02336448598130841,0.02365930599369085,0.03361344537815126,0.0372168284789644,0.0,0.003110419906687403,0.03755868544600939,0.01567398119122257,0.027156549520766772,0.00909090909090909,0.006514657980456026,0.018032786885245903,0.03265940902021773,0.02821869488536155,0.024,0.040453074433656956,0.018998272884283247,0.013996889580093312,0.014040561622464899,0.047058823529411764,0.026936026936026935,0.0047169811320754715,0.045941807044410414,0.03134796238244514,0.043689320388349516,0.019169329073482427,0.022727272727272728,0.052364864864864864,0.029503105590062112,0.05654281098546042,0.055130168453292494,0.0,0.028481012658227847,0.021241830065359478,0.03076923076923077,0.0,0.004918032786885246,0.014754098360655738,0.011164274322169059,0.05271828665568369,0.04258675078864353,0.04120443740095087,0.0016,0.03201219512195122,0.03492063492063492,0.04354136429608128,0.027243589743589744,0.0015552099533437014,0.027243589743589744,0.05909090909090909,0.02711323763955343,0.0,0.03924646781789639,0.021702838063439065,0.003205128205128205,0.006611570247933884,0.07441860465116279,0.046251993620414676,0.022435897435897436,0.0,0.044233807266982623,0.014240506329113924,0.030015797788309637,0.023026315789473683,0.04146730462519936,0.05612244897959184,0.014516129032258065,0.0,0.023411371237458192,0.0593900481540931,0.0016666666666666668,0.016233766233766232,0.016051364365971106,0.03139013452914798,0.0,0.0,0.0,0.04878048780487805,0.0077279752704791345,0.03358778625954199,0.001694915254237288,0.0016835016835016834,0.027820710973724884,0.05229793977812995,0.014446227929373997,0.0,0.02905982905982906,0.041050903119868636,0.0528,0.031096563011456628,0.020249221183800622,0.0015337423312883436,0.04192546583850932,0.0234009360374415,0.03662420382165605,0.0,0.003215434083601286,0.02152317880794702,0.026153846153846153,0.023923444976076555,0.0,0.025682182985553772,0.033925686591276254,0.014446227929373997,0.01263823064770932,0.028938906752411574,0.05825242718446602,0.037953795379537955,0.012924071082390954,0.049099836333878884,0.03365384615384615,0.0016155088852988692,0.034653465346534656,0.04522613065326633,0.025,0.026153846153846153,0.02365930599369085,0.02512562814070352,0.06570512820512821,0.07881773399014778,0.03225806451612903,0.06191950464396285,0.04383116883116883,0.052132701421800945,0.06046511627906977,0.054838709677419356,0.02680067001675042,0.03328050713153724,0.07395993836671803,0.06491499227202473,0.05982905982905983
2023,1,9,prevalence,0.0,0.020249221183800622,0.02073365231259968,0.0,0.06482982171799027,0.07603305785123966,0.0,0.027777777777777776,0.0031645569620253164,0.0,0.08031496062992126,0.0,0.0,0.01694915254237288,0.02476780185758514,0.09047619047619047,0.004702194357366771,0.07320872274143302,0.04225352112676056,0.009404388714733543,0.02664576802507837,0.044850498338870434,0.0031645569620253164,0.005016722408026756,0.001594896331738437,0.025914634146341462,0.037520391517128875,0.006153846153846154,0.0,0.029900332225913623,0.019639934533551555,0.003367003367003367,0.02138157894736842,0.040257648953301126,0.11323763955342903,0.009868421052631578,0.02847571189279732,0.09777777777777778,0.08637873754152824,0.01800327332242226,0.045454545454545456,0.053833605220228384,0.045662100456621,0.03618421052631579,0.06037151702786378,0.08503937007874016,0.0,0.027823240589198037,0.009389671361502348,0.012618296529968454,0.022146507666098807,0.04530201342281879,0.001669449081803005,0.0,0.0,0.05345911949685535,0.022988505747126436,0.023255813953488372,0.057283142389525366,0.015332197614991482,0.030110935023771792,0.0047694753577106515,0.011884550084889643,0.06957928802588997,0.009404388714733543,0.01468189233278956,0.0030959752321981426,0.0034602076124567475,0.07425742574257425,0.024427480916030534,0.027950310559006212,0.04607508532423208,0.055205047318611984,0.0015220700152207,0.004746835443037975,0.07739938080495357,0.01732283464566929,0.015050167224080268,0.007704160246533128,0.006557377049180328,0.028333333333333332,0.043209876543209874,0.039586919104991396,0.013157894736842105,0.04234527687296417,0.01549053356282272,0.004601226993865031,0.011075949367088608,0.04047217537942664,0.030456852791878174,0.0030627871362940277,0.06172839506172839,0.03627760252365931,0.0420032310177706,0.021172638436482084,0.022151898734177215,0.04074702886247878,0.018072289156626505,0.04503105590062112,0.053208137715179966,0.0,0.02050473186119874,0.03470031545741325,0.03918495297805643,0.0,0.008130081300813009,0.007861635220125786,0.006369426751592357,0.037037037037037035,0.03980891719745223,0.07290015847860538,0.0016207455429497568,0.03924646781789639,0.018867924528301886,0.048672566371681415,0.01584786053882726,0.0015432098765432098,0.03099510603588907,0.0624048706240487,0.025396825396825397,0.0,0.012598425196850394,0.013289036544850499,0.0015360983102918587,0.0033112582781456954,0.08282208588957055,0.0514820592823713,0.012903225806451613,0.0,0.04945904173106646,0.012598425196850394,0.028125,0.0330188679245283,0.03915171288743882,0.03770491803278689,0.00964630225080386,0.0,0.023255813953488372,0.049019607843137254,0.0049504950495049506,0.016181229773462782,0.02247191011235955,0.026124818577648767,0.0,0.0,0.0,0.05305466237942122,0.004615384615384616,0.022292993630573247,0.003316749585406302,0.0,0.03481012658227848,0.05211726384364821,0.01779935275080906,0.0,0.013377926421404682,0.04215851602023609,0.05071315372424723,0.03697478991596639,0.026729559748427674,0.0031397174254317113,0.04897314375987362,0.0110062893081761,0.02527646129541864,0.0,0.0032414910858995136,0.016339869281045753,0.01889763779527559,0.03968253968253968,0.0032258064516129032,0.07865168539325842,0.01620745542949757,0.008210180623973728,0.009771986970684038,0.022653721682847898,0.0752,0.03739837398373984,0.004846526655896607,0.07352941176470588,0.04409448818897638,0.0016260162601626016,0.050080775444264945,0.0805921052631579,0.03284072249589491,0.0125,0.007836990595611285,0.05374592833876222,0.0736,0.06634304207119741,0.0213089802130898,0.10090361445783133,0.050793650793650794,0.028346456692913385,0.07858243451463791,0.052715654952076675,0.04194630872483222,0.044407894736842105,0.08675078864353312,0.04071661237785016,0.05695142378559464
2024,1,9,prevalence,0.001589825119236884,0.04251968503937008,0.034108527131782945,0.0,0.06984126984126984,0.10064935064935066,0.0,0.0297029702970297,0.0031446540880503146,0.0,0.12206572769953052,0.0,0.0,0.025,0.01746031746031746,0.13009404388714735,0.007656967840735069,0.10856269113149847,0.03436988543371522,0.012422360248447204,0.03442879499217527,0.022913256955810146,0.0032626427406199023,0.001697792869269949,0.0015772870662460567,0.015360983102918587,0.034161490683229816,0.003134796238244514,0.0,0.026622296173044926,0.023255813953488372,0.003289473684210526,0.015332197614991482,0.04383116883116883,0.1480891719745223,0.005016722408026756,0.029900332225913623,0.10980966325036604,0.1361344537815126,0.014634146341463415,0.03662420382165605,0.03898305084745763,0.055299539170506916,0.07248764415156507,0.1130298273155416,0.11974110032362459,0.0,0.048,0.006134969325153374,0.006220839813374806,0.028380634390651086,0.05025125628140704,0.001669449081803005,0.0,0.0,0.07290015847860538,0.0196078431372549,0.027649769585253458,0.06645056726094004,0.018612521150592216,0.04430379746835443,0.011128775834658187,0.017770597738287562,0.1024,0.006369426751592357,0.01932367149758454,0.004608294930875576,0.005208333333333333,0.06472491909385113,0.022970903522205207,0.03307086614173228,0.06529209621993128,0.08240887480190175,0.0029985007496251873,0.003194888178913738,0.07371794871794872,0.01901743264659271,0.011363636363636364,0.00911854103343465,0.004702194357366771,0.029605263157894735,0.05128205128205128,0.03722504230118443,0.02,0.05537459283387622,0.00487012987012987,0.018808777429467086,0.029827315541601257,0.03553299492385787,0.02577319587628866,0.0030120481927710845,0.05405405405405406,0.03785488958990536,0.03054662379421222,0.013157894736842105,0.009448818897637795,0.030456852791878174,0.018154311649016642,0.04285714285714286,0.032208588957055216,0.001652892561983471,0.03414634146341464,0.03755868544600939,0.0265210608424337,0.0,0.0016666666666666668,0.004792332268370607,0.010835913312693499,0.02155887230514096,0.03834355828220859,0.06031746031746032,0.0015600624024961,0.043076923076923075,0.030744336569579287,0.04264705882352941,0.014106583072100314,0.0015600624024961,0.03135313531353135,0.09606299212598425,0.028662420382165606,0.0,0.009316770186335404,0.011437908496732025,0.0016025641025641025,0.0032258064516129032,0.0640625,0.05929487179487179,0.009966777408637873,0.0,0.06172839506172839,0.018376722817764167,0.03492063492063492,0.05,0.0749185667752443,0.037096774193548385,0.006299212598425197,0.0,0.022033898305084745,0.03481012658227848,0.003289473684210526,0.024469820554649267,0.03015075376884422,0.024890190336749635,0.0,0.0,0.0,0.0304,0.0015267175572519084,0.025236593059936908,0.0016722408026755853,0.0,0.03834355828220859,0.05956112852664577,0.03135313531353135,0.0,0.016891891891891893,0.04088586030664395,0.053125,0.05211726384364821,0.020602218700475437,0.004665629860031105,0.04272151898734177,0.023474178403755867,0.023622047244094488,0.0,0.0031645569620253164,0.009630818619582664,0.0187207488299532,0.054858934169279,0.00794912559618442,0.12779552715654952,0.0141287284144427,0.003205128205128205,0.0016835016835016834,0.014563106796116505,0.088,0.0464,0.0016233766233766235,0.0664451827242525,0.0660377358490566,0.003401360544217687,0.08240887480190175,0.09359605911330049,0.05115511551155116,0.018376722817764167,0.0093603744149766,0.04597701149425287,0.06279434850863422,0.06818181818181818,0.01288244766505636,0.13871951219512196,0.064,0.02403846153846154,0.0761904761904762,0.09477124183006536,0.04590163934426229,0.06528662420382166,0.10452418096723869,0.037267080745341616,0.0749185667752443
2025,1,9,prevalence,0.0016181229773462784,0.05873015873015873,0.052307692307692305,0.0016233766233766235,0.07830342577487764,0.12680577849117175,0.0,0.047697368421052634,0.0030816640986132513,0.0,0.1251908396946565,0.0,0.0,0.02155887230514096,0.0196078431372549,0.2820097244732577,0.006191950464396285,0.1346444780635401,0.020569620253164556,0.030864197530864196,0.031446540880503145,0.01487603305785124,0.003236245954692557,0.0016611295681063123,0.0030911901081916537,0.012903225806451613,0.0218408736349454,0.003194888178913738,0.0,0.03289473684210526,0.027777777777777776,0.003372681281618887,0.006644518272425249,0.043548387096774194,0.1253968253968254,0.006568144499178982,0.0322061191626409,0.09580838323353294,0.11492281303602059,0.011128775834658187,0.015455950540958269,0.06946688206785137,0.0871559633027523,0.07742998352553541,0.13829787234042554,0.1045016077170418,0.0,0.041254125412541254,0.0030959752321981426,0.004665629860031105,0.023890784982935155,0.03678929765886288,0.0016806722689075631,0.0,0.0,0.11981566820276497,0.027777777777777776,0.03374233128834356,0.08133971291866028,0.02508361204013378,0.03459637561779242,0.026771653543307086,0.014492753623188406,0.1343042071197411,0.0016233766233766235,0.02384737678855326,0.003067484662576687,0.005235602094240838,0.12721417069243157,0.020186335403726708,0.041474654377880185,0.0967741935483871,0.09389671361502347,0.0,0.0032679738562091504,0.0706436420722135,0.0202808112324493,0.02106969205834684,0.0093603744149766,0.0061823802163833074,0.030015797788309637,0.06356589147286822,0.0451505016722408,0.024193548387096774,0.06041335453100159,0.009693053311793215,0.0368,0.027156549520766772,0.02152317880794702,0.03773584905660377,0.0030075187969924814,0.05984251968503937,0.03594771241830065,0.05826771653543307,0.027823240589198037,0.015822784810126583,0.025597269624573378,0.021374045801526718,0.05263157894736842,0.02631578947368421,0.0016835016835016834,0.041666666666666664,0.036753445635528334,0.02416918429003021,0.0,0.0033112582781456954,0.0064516129032258064,0.006339144215530904,0.011804384485666104,0.04205607476635514,0.09752321981424149,0.001567398119122257,0.052547770700636945,0.02159468438538206,0.03134328358208955,0.0234375,0.0,0.03739837398373984,0.09861325115562404,0.01779935275080906,0.0,0.016025641025641024,0.008,0.00473186119873817,0.0015552099533437014,0.07076923076923076,0.08417508417508418,0.01610305958132045,0.0,0.09090909090909091,0.026397515527950312,0.022764227642276424,0.07119741100323625,0.0896,0.025848142164781908,0.0015503875968992248,0.0,0.026578073089700997,0.0374414976599064,0.0032,0.018121911037891267,0.03728813559322034,0.019316493313521546,0.0,0.0,0.0,0.016611295681063124,0.0,0.03514376996805112,0.001658374792703151,0.0,0.04054054054054054,0.07086614173228346,0.028985507246376812,0.001564945226917058,0.013605442176870748,0.04060913705583756,0.040880503144654086,0.0707395498392283,0.014040561622464899,0.007911392405063292,0.05799373040752351,0.031545741324921134,0.0384,0.0,0.004754358161648178,0.011023622047244094,0.0110062893081761,0.09621451104100946,0.00625,0.14330708661417324,0.016339869281045753,0.006379585326953748,0.0033444816053511705,0.009771986970684038,0.12599681020733652,0.05457463884430177,0.00975609756097561,0.08223684210526316,0.05065359477124183,0.005076142131979695,0.0688,0.1362126245847176,0.060810810810810814,0.0046801872074883,0.015873015873015872,0.03194888178913738,0.06980273141122914,0.11217948717948718,0.014240506329113924,0.20212765957446807,0.08576051779935275,0.03114754098360656,0.04700162074554295,0.13486842105263158,0.03877221324717286,0.06389776357827476,0.09646302250803858,0.04381846635367762,0.04952076677316294
