Time,age_start,age_end,measure,draw_0,draw_1,draw_2,draw_3,draw_4,draw_5,draw_6,draw_7,draw_8,draw_9,draw_10,draw_11,draw_12,draw_13,draw_14,draw_15,draw_16,draw_17,draw_18,draw_19,draw_20,draw_21,draw_22,draw_23,draw_24,draw_25,draw_26,draw_27,draw_28,draw_29,draw_30,draw_31,draw_32,draw_33,draw_34,draw_35,draw_36,draw_37,draw_38,draw_39,draw_40,draw_41,draw_42,draw_43,draw_44,draw_45,draw_46,draw_47,draw_48,draw_49,draw_50,draw_51,draw_52,draw_53,draw_54,draw_55,draw_56,draw_57,draw_58,draw_59,draw_60,draw_61,draw_62,draw_63,draw_64,draw_65,draw_66,draw_67,draw_68,draw_69,draw_70,draw_71,draw_72,draw_73,draw_74,draw_75,draw_76,draw_77,draw_78,draw_79,draw_80,draw_81,draw_82,draw_83,draw_84,draw_85,draw_86,draw_87,draw_88,draw_89,draw_90,draw_91,draw_92,draw_93,draw_94,draw_95,draw_96,draw_97,draw_98,draw_99,draw_100,draw_101,draw_102,draw_103,draw_104,draw_105,draw_106,draw_107,draw_108,draw_109,draw_110,draw_111,draw_112,draw_113,draw_114,draw_115,draw_116,draw_117,draw_118,draw_119,draw_120,draw_121,draw_122,draw_123,draw_124,draw_125,draw_126,draw_127,draw_128,draw_129,draw_130,draw_131,draw_132,draw_133,draw_134,draw_135,draw_136,draw_137,draw_138,draw_139,draw_140,draw_141,draw_142,draw_143,draw_144,draw_145,draw_146,draw_147,draw_148,draw_149,draw_150,draw_151,draw_152,draw_153,draw_154,draw_155,draw_156,draw_157,draw_158,draw_159,draw_160,draw_161,draw_162,draw_163,draw_164,draw_165,draw_166,draw_167,draw_168,draw_169,draw_170,draw_171,draw_172,draw_173,draw_174,draw_175,draw_176,draw_177,draw_178,draw_179,draw_180,draw_181,draw_182,draw_183,draw_184,draw_185,draw_186,draw_187,draw_188,draw_189,draw_190,draw_191,draw_192,draw_193,draw_194,draw_195,draw_196,draw_197,draw_198,draw_199
1996,1,9,prevalence,0.0182370820668693,0.0706605222734255,0.23622047244094488,0.06921944035346098,0.057660626029654036,0.12050078247261346,0.0662557781201849,0.0859375,0.03949447077409163,0.07692307692307693,0.0859375,0.10897435897435898,0.1271860095389507,0.09651898734177215,0.12335526315789473,0.07741935483870968,0.07154471544715447,0.1371610845295056,0.17252396166134185,0.13741721854304637,0.096,0.14018691588785046,0.05239520958083832,0.043076923076923075,0.0790273556231003,0.06946688206785137,0.048013245033112585,0.12518628912071536,0.08421052631578947,0.1179245283018868,0.14354066985645933,0.10323574730354391,0.07484076433121019,0.25,0.08986928104575163,0.1203125,0.15919629057187018,0.13629160063391443,0.14084507042253522,0.07430340557275542,0.21746575342465754,0.1875,0.12459016393442623,0.08267090620031796,0.042682926829268296,0.1904,0.0343213728549142,0.14215686274509803,0.0624,0.06426332288401254,0.1088,0.01594896331738437,0.025466893039049237,0.10318664643399089,0.12857142857142856,0.0993485342019544,0.1033434650455927,0.14508580343213728,0.1308411214953271,0.14528593508500773,0.028700906344410877,0.15311004784688995,0.2453125,0.04205607476635514,0.16927899686520376,0.08566978193146417,0.1415525114155251,0.05417956656346749,0.012461059190031152,0.0762987012987013,0.07779578606158834,0.0231023102310231,0.1871069182389937,0.10344827586206896,0.12232415902140673,0.15118110236220472,0.15512048192771086,0.0,0.05206738131699847,0.08503937007874016,0.0594679186228482,0.12598425196850394,0.07228915662650602,0.11912225705329153,0.06515151515151515,0.016366612111292964,0.17787742899850523,0.14791987673343607,0.006220839813374806,0.05015197568389058,0.0441400304414003,0.12206572769953052,0.06164383561643835,0.20955315870570107,0.04672897196261682,0.02037617554858934,0.1491628614916286,0.13063763608087092,0.10897435897435898,0.08666666666666667,0.09816971713810316,0.05271317829457364,0.048265460030165915,0.1423785594639866,0.1098546042003231,0.08957415565345081,0.14330708661417324,0.06144393241167435,0.06518282988871224,0.06995230524642289,0.18740157480314962,0.0228310502283105,0.1095679012345679,0.24919093851132687,0.11612903225806452,0.1833855799373041,0.06842923794712286,0.13237639553429026,0.09409888357256778,0.05573770491803279,0.1040268456375839,0.06862745098039216,0.0578386605783866,0.18167456556082148,0.06656101426307448,0.09937888198757763,0.06141732283464567,0.16927899686520376,0.10430463576158941,0.05229793977812995,0.0973724884080371,0.08292682926829269,0.14705882352941177,0.043478260869565216,0.043478260869565216,0.0763239875389408,0.0,0.061933534743202415,0.19224555735056542,0.1437216338880484,0.18093699515347333,0.1371900826446281,0.24126455906821964,0.13268608414239483,0.08227848101265822,0.1935483870967742,0.11464968152866242,0.12950819672131147,0.12950819672131147,0.11848341232227488,0.11848341232227488,0.16718266253869968,0.046224961479198766,0.07860262008733625,0.10393700787401575,0.08990536277602523,0.02945736434108527,0.02945736434108527,0.13680781758957655,0.04962406015037594,0.0875,0.0784,0.10377358490566038,0.11308562197092084,0.09061488673139159,0.0888529886914378,0.1056,0.039619651347068144,0.20888157894736842,0.0875,0.03994082840236687,0.0594679186228482,0.16483516483516483,0.003076923076923077,0.08737864077669903,0.16139240506329114,0.19817073170731708,0.1182108626198083,0.009615384615384616,0.15548281505728315,0.15548281505728315,0.04107424960505529,0.08576051779935275,0.0878594249201278,0.08,0.06313993174061433,0.038348082595870206,0.12749615975422426,0.11463046757164404,0.12954186413902052,0.17405063291139242,0.05573248407643312,0.08557844690966719,0.11450381679389313,0.0440251572327044,0.06957928802588997,0.02342606149341142,0.11793214862681745,0.09983361064891846,0.0799347471451876
1997,1,9,prevalence,0.0032102728731942215,0.05843071786310518,0.1996779388083736,0.05674846625766871,0.10175438596491228,0.16910569105691056,0.0688,0.06666666666666667,0.060955518945634266,0.07836456558773425,0.11003236245954692,0.11993517017828201,0.14497528830313014,0.09475465313028765,0.14020270270270271,0.07204116638078903,0.06589785831960461,0.15041322314049588,0.1403225806451613,0.11394557823129252,0.08492201039861352,0.15495207667731628,0.046511627906976744,0.03409090909090909,0.06564885496183206,0.05823627287853577,0.045531197301854974,0.18876755070202808,0.034108527131782945,0.11794019933554817,0.11437908496732026,0.12691131498470948,0.06365159128978225,0.2515432098765432,0.0924956369982548,0.10675039246467818,0.19318181818181818,0.1455160744500846,0.11295681063122924,0.055,0.210431654676259,0.18316831683168316,0.08934707903780069,0.07419898819561552,0.05625,0.17586206896551723,0.038397328881469114,0.1686541737649063,0.07614213197969544,0.0681063122923588,0.1323283082077052,0.024154589371980676,0.024916943521594685,0.1389776357827476,0.12439418416801293,0.07692307692307693,0.09682539682539683,0.18555008210180624,0.0890625,0.12461538461538461,0.03379416282642089,0.17703349282296652,0.1968,0.054276315789473686,0.15654952076677317,0.10260586319218241,0.11057692307692307,0.052547770700636945,0.013245033112582781,0.10689655172413794,0.06890756302521009,0.051926298157453935,0.1484992101105845,0.1337579617834395,0.15112540192926044,0.1407035175879397,0.14779874213836477,0.0,0.04700162074554295,0.0679304897314376,0.07941653160453808,0.13322368421052633,0.04489164086687306,0.14035087719298245,0.11882716049382716,0.011532125205930808,0.16380655226209048,0.18446601941747573,0.0064516129032258064,0.04560260586319218,0.06697819314641744,0.13029315960912052,0.058319039451114926,0.19969278033794163,0.04566929133858268,0.024232633279483037,0.12832550860719874,0.09868421052631579,0.07610619469026549,0.06030150753768844,0.08585858585858586,0.06307692307692307,0.04205607476635514,0.1271186440677966,0.09075907590759076,0.07646176911544228,0.13290113452188007,0.0514018691588785,0.07108239095315025,0.09181969949916527,0.1792,0.030911901081916538,0.08709677419354839,0.22128378378378377,0.11,0.185,0.09208400646203554,0.13793103448275862,0.059422750424448216,0.05201342281879195,0.08375209380234507,0.06412478336221837,0.057096247960848286,0.1775244299674267,0.04707792207792208,0.12195121951219512,0.08986928104575163,0.16614420062695925,0.1353135313531353,0.07028753993610223,0.0679304897314376,0.060240963855421686,0.1934931506849315,0.03179650238473768,0.03179650238473768,0.06129032258064516,0.0,0.04516129032258064,0.23089983022071306,0.15535444947209653,0.185,0.08931419457735247,0.14655172413793102,0.10873146622734761,0.07894736842105263,0.16666666666666666,0.11224489795918367,0.16472545757071547,0.1505922165820643,0.1254125412541254,0.1254125412541254,0.18819776714513556,0.045454545454545456,0.08923076923076922,0.06799336650082918,0.09,0.03987240829346093,0.03987240829346093,0.10789049919484701,0.0483619344773791,0.04516129032258064,0.07288135593220339,0.08373590982286634,0.08261617900172118,0.08818635607321132,0.09914529914529914,0.09405940594059406,0.03177257525083612,0.15689655172413794,0.0530421216848674,0.046153846153846156,0.07419354838709677,0.17495987158908508,0.0032733224222585926,0.09771986970684039,0.11635220125786164,0.15789473684210525,0.11437908496732026,0.011784511784511785,0.21885521885521886,0.21885521885521886,0.04180602006688963,0.08547008547008547,0.10214168039538715,0.10576923076923077,0.028764805414551606,0.03680981595092025,0.07827476038338659,0.09733124018838304,0.1407528641571195,0.18288590604026847,0.08207705192629816,0.13432835820895522,0.127831715210356,0.03156146179401993,0.11513157894736842,0.06901840490797546,0.09105960264900662,0.10033444816053512,0.09688013136288999
1998,1,9,prevalence,0.0,0.044293015332197615,0.17696160267111852,0.05409582689335394,0.07228915662650602,0.1073170731707317,0.04669887278582931,0.10543657331136738,0.06135986733001658,0.06837606837606838,0.12380952380952381,0.14759535655058043,0.12580645161290321,0.1282051282051282,0.09698996655518395,0.05952380952380952,0.05211726384364821,0.11295681063122924,0.10440456769983687,0.1456140350877193,0.07547169811320754,0.13153724247226625,0.0496,0.03284072249589491,0.09831029185867896,0.06115702479338843,0.06563039723661486,0.18524332810047095,0.0297339593114241,0.11074380165289256,0.1057542768273717,0.09936908517350158,0.05977382875605816,0.23307086614173228,0.1183533447684391,0.09779179810725552,0.2022653721682848,0.116751269035533,0.0775716694772344,0.038461538461538464,0.23958333333333334,0.1435483870967742,0.04770017035775128,0.06655844155844155,0.06290322580645161,0.1396551724137931,0.03715670436187399,0.19141914191419143,0.06140350877192982,0.059800664451827246,0.13675213675213677,0.02511773940345369,0.027164685908319185,0.14516129032258066,0.13183279742765272,0.04590163934426229,0.08280254777070063,0.22613065326633167,0.058544303797468354,0.1203125,0.05214723926380368,0.1890625,0.22294022617124395,0.046357615894039736,0.16057233704292528,0.1299342105263158,0.1111111111111111,0.03481012658227848,0.030303030303030304,0.08896797153024912,0.05902192242833052,0.07653910149750416,0.1375,0.10914927768860354,0.10031847133757962,0.15257048092868988,0.125,0.0,0.041666666666666664,0.07655502392344497,0.08112582781456953,0.1382636655948553,0.04314329738058552,0.10534591194968554,0.15805946791862285,0.016339869281045753,0.2076923076923077,0.21690590111642744,0.021311475409836064,0.059870550161812294,0.06363636363636363,0.13050570962479607,0.070298769771529,0.19145569620253164,0.03189792663476874,0.03986710963455149,0.1896551724137931,0.06796116504854369,0.06352087114337568,0.06949152542372881,0.10509031198686371,0.05572755417956656,0.04665629860031104,0.14695945945945946,0.05339805825242718,0.07575757575757576,0.14516129032258066,0.07535321821036106,0.09003215434083602,0.10299003322259136,0.17891373801916932,0.0528,0.09047619047619047,0.16326530612244897,0.09405940594059406,0.19333333333333333,0.12037037037037036,0.16393442622950818,0.0695364238410596,0.07967479674796749,0.07236842105263158,0.04991394148020654,0.07961783439490445,0.17024793388429751,0.05475040257648953,0.1045016077170418,0.11736334405144695,0.16037735849056603,0.1650326797385621,0.09335443037974683,0.060897435897435896,0.10652920962199312,0.2082616179001721,0.044374009508716325,0.044374009508716325,0.0754414125200642,0.0,0.02922077922077922,0.2637729549248748,0.09800918836140889,0.15449915110356535,0.08540372670807453,0.13941480206540446,0.08862876254180602,0.06666666666666667,0.1348314606741573,0.09183673469387756,0.1775244299674267,0.14691151919866444,0.08417508417508418,0.08417508417508418,0.19412724306688417,0.05238095238095238,0.08809891808346214,0.03642384105960265,0.0912106135986733,0.06840390879478828,0.06840390879478828,0.12376237623762376,0.04559270516717325,0.03993344425956739,0.09870550161812297,0.10385259631490787,0.05536332179930796,0.09933774834437085,0.08983050847457627,0.09405940594059406,0.041237113402061855,0.09417808219178082,0.05305466237942122,0.0592,0.09162717219589257,0.14991762767710048,0.006379585326953748,0.08166666666666667,0.07704160246533127,0.15814696485623003,0.11056105610561057,0.01011804384485666,0.1919191919191919,0.1919191919191919,0.04426229508196721,0.11260504201680673,0.0755336617405583,0.12460063897763578,0.023411371237458192,0.021244309559939303,0.10625,0.10866141732283464,0.1346153846153846,0.14426229508196722,0.13043478260869565,0.13687600644122383,0.11388455538221529,0.038461538461538464,0.11908646003262642,0.06037151702786378,0.0910569105691057,0.1423841059602649,0.12171052631578948
1999,1,9,prevalence,0.0,0.04786324786324787,0.1886178861788618,0.03840245775729647,0.07046979865771812,0.11451612903225807,0.05172413793103448,0.09615384615384616,0.05194805194805195,0.08843537414965986,0.11650485436893204,0.1607717041800643,0.1376,0.17696160267111852,0.08429752066115702,0.06548672566371681,0.0680379746835443,0.09715242881072027,0.14052287581699346,0.12478031634446397,0.07241379310344828,0.1320754716981132,0.03770491803278689,0.03273322422258593,0.16114457831325302,0.05291005291005291,0.06174957118353345,0.15555555555555556,0.024464831804281346,0.13870967741935483,0.11612903225806452,0.07006369426751592,0.0608,0.20352564102564102,0.14846416382252559,0.10909090909090909,0.19902912621359223,0.08099173553719008,0.05862646566164154,0.05023547880690738,0.1835016835016835,0.1308411214953271,0.053691275167785234,0.05555555555555555,0.036334913112164295,0.1310344827586207,0.027156549520766772,0.2108843537414966,0.06878306878306878,0.06856187290969899,0.1289198606271777,0.036163522012578615,0.0351493848857645,0.16878980891719744,0.11290322580645161,0.03322259136212625,0.06750392464678179,0.155,0.05016181229773463,0.1669421487603306,0.05801526717557252,0.1936,0.25363489499192243,0.046822742474916385,0.18122977346278318,0.14238952536824878,0.08090614886731391,0.03881987577639751,0.02891156462585034,0.0867992766726944,0.056291390728476824,0.06351791530944625,0.1777434312210201,0.11867088607594936,0.0940032414910859,0.16557377049180327,0.09394904458598727,0.0,0.056856187290969896,0.11201298701298701,0.07419898819561552,0.1370309951060359,0.06605222734254992,0.12269938650306748,0.20537124802527645,0.021630615640599003,0.20251177394034536,0.15460526315789475,0.02329450915141431,0.05804311774461028,0.08868501529051988,0.07395498392282958,0.07079646017699115,0.19933554817275748,0.030063291139240507,0.03764320785597381,0.18108974358974358,0.061611374407582936,0.08630393996247655,0.10186757215619695,0.08072487644151564,0.0397456279809221,0.06041335453100159,0.1267361111111111,0.058823529411764705,0.07541478129713423,0.21474358974358973,0.054838709677419356,0.09693053311793215,0.10339256865912763,0.17452830188679244,0.04451510333863275,0.11987381703470032,0.11725293132328309,0.07575757575757576,0.17587939698492464,0.1047040971168437,0.18330605564648117,0.07666098807495741,0.10078740157480315,0.07260726072607261,0.03103448275862069,0.09640522875816994,0.12195121951219512,0.08439490445859872,0.1038961038961039,0.11093247588424437,0.1380952380952381,0.2512396694214876,0.08702531645569621,0.06624605678233439,0.12908777969018934,0.22036727879799667,0.061806656101426306,0.061806656101426306,0.0861244019138756,0.001594896331738437,0.0467741935483871,0.22673434856175972,0.10501567398119123,0.14991482112436116,0.0594679186228482,0.11513157894736842,0.06462585034013606,0.08361204013377926,0.12175324675324675,0.0831918505942275,0.1912751677852349,0.15897435897435896,0.07731958762886598,0.07731958762886598,0.1761827079934747,0.06386292834890965,0.12841091492776885,0.03833333333333333,0.08415841584158416,0.056451612903225805,0.056451612903225805,0.132013201320132,0.051643192488262914,0.04194630872483222,0.11869918699186992,0.10426540284360189,0.039586919104991396,0.11627906976744186,0.09028960817717206,0.1152,0.07966101694915254,0.08666666666666667,0.06279434850863422,0.05555555555555555,0.0967741935483871,0.11272141706924316,0.004878048780487805,0.08660130718954248,0.06891271056661562,0.13166666666666665,0.08166666666666667,0.030456852791878174,0.2131979695431472,0.2131979695431472,0.048252911813643926,0.09933774834437085,0.053156146179401995,0.125,0.04159733777038269,0.019908116385911178,0.08229813664596274,0.12861736334405144,0.1276595744680851,0.09886547811993517,0.18302828618968386,0.11038961038961038,0.0889967637540453,0.049342105263157895,0.1389776357827476,0.06456692913385827,0.08760330578512397,0.23128119800332778,0.11424100156494522
2000,1,9,prevalence,0.00967741935483871,0.06390328151986183,0.16202945990180032,0.05082212257100149,0.056218057921635436,0.13070866141732285,0.0578125,0.08306709265175719,0.06666666666666667,0.10172413793103448,0.11256117455138662,0.15650741350906094,0.16057233704292528,0.1625615763546798,0.09046052631578948,0.08089500860585198,0.07911392405063292,0.08925619834710743,0.20297029702970298,0.10481099656357389,0.10507880910683012,0.13949843260188088,0.04132231404958678,0.059113300492610835,0.17767295597484276,0.048027444253859346,0.07640067911714771,0.12077294685990338,0.021875,0.09902597402597403,0.10883280757097792,0.05379746835443038,0.024630541871921183,0.1518987341772152,0.17706576728499157,0.12575757575757576,0.1796116504854369,0.07877813504823152,0.06996587030716724,0.028526148969889066,0.14334470989761092,0.13374805598755832,0.046511627906976744,0.07467532467532467,0.04769475357710652,0.12714776632302405,0.03442879499217527,0.2140468227424749,0.09041591320072333,0.08585858585858586,0.13111888111888112,0.04019292604501608,0.04020979020979021,0.17755443886097153,0.10223642172523961,0.02809917355371901,0.04897314375987362,0.13838550247116968,0.03576982892690513,0.16006600660066006,0.049679487179487176,0.17546583850931677,0.2315270935960591,0.08445945945945946,0.18945634266886327,0.1501597444089457,0.056451612903225805,0.02009273570324575,0.02631578947368421,0.07142857142857142,0.0630048465266559,0.08548387096774193,0.15024232633279483,0.11216429699842022,0.12359550561797752,0.15508885298869143,0.09149277688603531,0.0034071550255536627,0.09492635024549918,0.13166666666666665,0.07920792079207921,0.10372771474878444,0.048589341692789965,0.12874251497005987,0.22993827160493827,0.023026315789473683,0.20347003154574134,0.15537190082644628,0.038397328881469114,0.08532423208191127,0.11550151975683891,0.05787781350482315,0.06529209621993128,0.14238952536824878,0.02996845425867508,0.04040404040404041,0.16449511400651465,0.048154093097913325,0.12087912087912088,0.12773109243697478,0.08925619834710743,0.06984126984126984,0.07108239095315025,0.09433962264150944,0.06930693069306931,0.06614173228346457,0.190625,0.08485856905158069,0.08169934640522876,0.06229508196721312,0.16134185303514376,0.04503105590062112,0.0898876404494382,0.1254180602006689,0.10517529215358931,0.1426256077795786,0.09312977099236641,0.21096345514950166,0.11472602739726027,0.10810810810810811,0.0554675118858954,0.038525963149078725,0.12824675324675325,0.10737179487179487,0.0630048465266559,0.13408723747980614,0.08507223113964688,0.09717868338557993,0.24247491638795987,0.08268330733229329,0.062111801242236024,0.10104529616724739,0.2179054054054054,0.06844741235392321,0.06844741235392321,0.08647798742138364,0.0031645569620253164,0.021311475409836064,0.19642857142857142,0.13535031847133758,0.1506849315068493,0.07131782945736434,0.09884678747940692,0.03666666666666667,0.0755336617405583,0.15042735042735042,0.09243697478991597,0.15358361774744028,0.185121107266436,0.08900523560209424,0.08900523560209424,0.15569823434991975,0.08255451713395638,0.1285475792988314,0.04426229508196721,0.07058823529411765,0.08544303797468354,0.08544303797468354,0.1020066889632107,0.05598755832037325,0.061872909698996656,0.11258278145695365,0.08923076923076922,0.03389830508474576,0.15841584158415842,0.07846410684474124,0.12091503267973856,0.09166666666666666,0.0945273631840796,0.09984639016897082,0.024154589371980676,0.10182370820668693,0.10227272727272728,0.003278688524590164,0.10158730158730159,0.09195402298850575,0.11793214862681745,0.0734094616639478,0.011884550084889643,0.20729684908789386,0.20729684908789386,0.06153846153846154,0.10841423948220065,0.07058823529411765,0.09634551495016612,0.05102040816326531,0.031818181818181815,0.07728706624605679,0.11598746081504702,0.11330049261083744,0.10078740157480315,0.20826446280991737,0.08265802269043761,0.07507987220447285,0.03745928338762215,0.17142857142857143,0.056162246489859596,0.04715447154471545,0.2956081081081081,0.13043478260869565
2001,1,9,prevalence,0.007849293563579277,0.11965811965811966,0.16260162601626016,0.07389937106918239,0.03600654664484452,0.15436241610738255,0.07492354740061162,0.0464,0.04406779661016949,0.10332749562171628,0.09501557632398754,0.14096185737976782,0.152276295133438,0.11414790996784566,0.08828250401284109,0.0978441127694859,0.10837438423645321,0.12605042016806722,0.23809523809523808,0.08695652173913043,0.11896551724137931,0.13517915309446255,0.05647840531561462,0.07246376811594203,0.20249221183800623,0.027960526315789474,0.08235294117647059,0.088379705400982,0.019877675840978593,0.08169934640522876,0.17092651757188498,0.0440251572327044,0.019672131147540985,0.11916264090177134,0.1935483870967742,0.11028315946348734,0.20860927152317882,0.05457463884430177,0.05749128919860627,0.028037383177570093,0.1310116086235489,0.11791730474732007,0.07462686567164178,0.06456953642384106,0.05636070853462158,0.14726027397260275,0.06645569620253164,0.17114093959731544,0.14673913043478262,0.059322033898305086,0.14554794520547945,0.01779935275080906,0.047058823529411764,0.18985270049099837,0.09385113268608414,0.023411371237458192,0.030448717948717948,0.12682926829268293,0.026438569206842923,0.1927710843373494,0.043689320388349516,0.1646153846153846,0.15960912052117263,0.13287904599659284,0.16586151368760063,0.1254125412541254,0.044481054365733116,0.014263074484944533,0.01644736842105263,0.05860805860805861,0.10584518167456557,0.08809135399673736,0.19875776397515527,0.1345565749235474,0.1058282208588957,0.08731466227347612,0.05747126436781609,0.0017035775127768314,0.09899328859060402,0.13636363636363635,0.09212730318257957,0.13050847457627118,0.06379585326953748,0.11045655375552282,0.16560509554140126,0.008223684210526315,0.16978193146417445,0.2009966777408638,0.03471074380165289,0.09417808219178082,0.13798449612403102,0.049689440993788817,0.0979381443298969,0.10338983050847457,0.026687598116169546,0.03872053872053872,0.12393887945670629,0.05186385737439222,0.12658227848101267,0.13432835820895522,0.1378737541528239,0.08553654743390357,0.07049180327868852,0.06734006734006734,0.07293354943273905,0.05457463884430177,0.2078740157480315,0.10843373493975904,0.06310679611650485,0.06446280991735537,0.19129082426127528,0.05040650406504065,0.10016155088852989,0.12220309810671257,0.15824915824915825,0.12437810945273632,0.0701219512195122,0.22422258592471359,0.1256544502617801,0.1038961038961039,0.06349206349206349,0.02857142857142857,0.14215686274509803,0.09294871794871795,0.04180064308681672,0.14992025518341306,0.08466453674121406,0.10764430577223089,0.22185430463576158,0.08255451713395638,0.05692307692307692,0.11932773109243698,0.20741989881956155,0.05073649754500818,0.05073649754500818,0.0768,0.008278145695364239,0.05081967213114754,0.16485225505443235,0.12852664576802508,0.14285714285714285,0.07395498392282958,0.08375209380234507,0.030664395229982964,0.08038585209003216,0.15397631133671744,0.050933786078098474,0.15294117647058825,0.16777408637873753,0.0847457627118644,0.0847457627118644,0.10284810126582279,0.05714285714285714,0.1,0.04411764705882353,0.0799347471451876,0.0576,0.0576,0.08783783783783784,0.07556270096463022,0.0929853181076672,0.11631663974151858,0.08513931888544891,0.021015761821366025,0.15057283142389524,0.08389261744966443,0.1272430668841762,0.1018363939899833,0.09932659932659933,0.10461538461538461,0.027777777777777776,0.11976047904191617,0.09492635024549918,0.006514657980456026,0.1008130081300813,0.10344827586206896,0.14469453376205788,0.0738362760834671,0.01584507042253521,0.19966722129783693,0.19966722129783693,0.08950086058519793,0.1064516129032258,0.049586776859504134,0.08766233766233766,0.07718120805369127,0.02735562310030395,0.07777777777777778,0.09302325581395349,0.08019639934533551,0.07401574803149606,0.18137254901960784,0.06924315619967794,0.062193126022913256,0.049679487179487176,0.21362229102167182,0.06386554621848739,0.04118616144975288,0.3211314475873544,0.1536050156739812
2002,1,9,prevalence,0.015432098765432098,0.20066889632107024,0.11892797319932999,0.07413249211356467,0.03205128205128205,0.19412724306688417,0.10166919575113809,0.054365733113673806,0.06335616438356165,0.10695187165775401,0.09651898734177215,0.15358931552587646,0.1263823064770932,0.08990536277602523,0.06320907617504051,0.09437086092715231,0.0932475884244373,0.1541038525963149,0.2441860465116279,0.1174496644295302,0.14017094017094017,0.12241653418124006,0.07190635451505016,0.10466988727858294,0.23148148148148148,0.01932367149758454,0.05901639344262295,0.11505922165820642,0.043209876543209874,0.05756578947368421,0.1901743264659271,0.055031446540880505,0.036065573770491806,0.09508716323296355,0.23299319727891157,0.1282051282051282,0.1766612641815235,0.06228956228956229,0.09803921568627451,0.04251968503937008,0.10655737704918032,0.1276923076923077,0.054276315789473686,0.09208400646203554,0.057283142389525366,0.08080808080808081,0.08818897637795275,0.13213703099510604,0.1111111111111111,0.04918032786885246,0.15425531914893617,0.009693053311793215,0.037037037037037035,0.23205342237061768,0.06372549019607843,0.013136288998357963,0.03125,0.09508196721311475,0.035493827160493825,0.16695059625212946,0.03140495867768595,0.1404320987654321,0.12300319488817892,0.1456953642384106,0.17363344051446947,0.14402618657937807,0.039473684210526314,0.01610305958132045,0.01675041876046901,0.042279411764705885,0.1907051282051282,0.1331168831168831,0.2037037037037037,0.1166407465007776,0.06677018633540373,0.07060755336617405,0.052547770700636945,0.001718213058419244,0.11920529801324503,0.13253012048192772,0.08247422680412371,0.10702341137123746,0.050156739811912224,0.10975609756097561,0.10828025477707007,0.01951219512195122,0.1507293354943274,0.19377162629757785,0.04361873990306947,0.06802721088435375,0.15151515151515152,0.050393700787401574,0.10819672131147541,0.06930693069306931,0.01732283464566929,0.041736227045075125,0.06814310051107325,0.05574324324324324,0.10442477876106195,0.1444991789819376,0.145,0.0851063829787234,0.09586776859504133,0.038525963149078725,0.0756578947368421,0.042993630573248405,0.1871069182389937,0.07952622673434856,0.07355242566510173,0.04568527918781726,0.1962025316455696,0.04173354735152488,0.08080808080808081,0.12837837837837837,0.13322368421052633,0.09369676320272573,0.05692307692307692,0.26572327044025157,0.095,0.11003236245954692,0.06875,0.05638474295190713,0.1291866028708134,0.06984126984126984,0.03912363067292645,0.12924071082390953,0.0976,0.0921875,0.225,0.09494640122511486,0.06614173228346457,0.10166666666666667,0.19575856443719414,0.057283142389525366,0.057283142389525366,0.09656301145662848,0.011784511784511785,0.04390243902439024,0.2254601226993865,0.11980830670926518,0.13660245183887915,0.0448,0.07023411371237458,0.035523978685612786,0.08360128617363344,0.17580645161290323,0.06070826306913996,0.10655737704918032,0.10929853181076672,0.10613598673300166,0.10613598673300166,0.11370716510903427,0.06853582554517133,0.11276948590381426,0.043689320388349516,0.09015025041736227,0.06220095693779904,0.06220095693779904,0.13210702341137123,0.055284552845528454,0.0732899022801303,0.12,0.08396946564885496,0.03893805309734513,0.12214983713355049,0.06634304207119741,0.09485530546623794,0.08207705192629816,0.09484193011647254,0.09384615384615384,0.027868852459016394,0.12079510703363915,0.14536741214057508,0.003372681281618887,0.11256117455138662,0.096875,0.16086235489220563,0.1166936790923825,0.012280701754385965,0.22913256955810146,0.22913256955810146,0.09982788296041308,0.08744038155802862,0.05042016806722689,0.08760330578512397,0.0738255033557047,0.0327613104524181,0.08661417322834646,0.09345794392523364,0.07072368421052631,0.09287925696594428,0.1712,0.09409888357256778,0.0594059405940594,0.052715654952076675,0.2231012658227848,0.0718954248366013,0.04538087520259319,0.3110367892976589,0.15207373271889402
2003,1,9,prevalence,0.013740458015267175,0.27454242928452577,0.12040133779264214,0.04889589905362776,0.033816425120772944,0.16071428571428573,0.1296,0.044189852700491,0.08305084745762711,0.16341030195381884,0.11201298701298701,0.11036789297658862,0.15508885298869143,0.06482982171799027,0.08945686900958466,0.10316139767054909,0.10161290322580645,0.13879598662207357,0.21247892074198987,0.16198347107438016,0.17277486910994763,0.15730337078651685,0.06343906510851419,0.11414790996784566,0.21651090342679127,0.00946372239747634,0.07407407407407407,0.12520868113522537,0.0499219968798752,0.05016722408026756,0.1537242472266244,0.0430622009569378,0.03431372549019608,0.06389776357827476,0.18664383561643835,0.1527777777777778,0.12032520325203253,0.05314009661835749,0.15492957746478872,0.05732484076433121,0.09395973154362416,0.10551181102362205,0.04084967320261438,0.13522012578616352,0.042444821731748725,0.06907894736842106,0.0912,0.1270358306188925,0.10909090909090909,0.05102040816326531,0.18505942275042445,0.007898894154818325,0.035830618892508145,0.21710526315789475,0.03770491803278689,0.014354066985645933,0.0322061191626409,0.08072487644151564,0.05993690851735016,0.2,0.04390243902439024,0.13538461538461538,0.09740259740259741,0.15359477124183007,0.20717781402936378,0.11419249592169657,0.0436241610738255,0.02527646129541864,0.03355704697986577,0.04529616724738676,0.27009646302250806,0.14309764309764308,0.17236024844720496,0.11356466876971609,0.07644305772230889,0.08077544426494346,0.07278481012658228,0.0017006802721088435,0.13712374581939799,0.0989399293286219,0.07190635451505016,0.13050570962479607,0.0554675118858954,0.10329341317365269,0.0935483870967742,0.022764227642276424,0.12006578947368421,0.18430034129692832,0.03514376996805112,0.06335616438356165,0.12460063897763578,0.04375,0.08862876254180602,0.05573770491803279,0.012738853503184714,0.08803986710963455,0.07288135593220339,0.04873949579831933,0.10526315789473684,0.1256198347107438,0.13213703099510604,0.10947712418300654,0.10380622837370242,0.051666666666666666,0.1020066889632107,0.050793650793650794,0.16995447647951442,0.12622950819672132,0.09020217729393468,0.036544850498338874,0.15544871794871795,0.020602218700475437,0.09900990099009901,0.13079470198675497,0.14745762711864407,0.08210180623973727,0.06528189910979229,0.21705426356589147,0.10491803278688525,0.1262135922330097,0.06821705426356589,0.08223684210526316,0.10815047021943573,0.08267090620031796,0.049766718506998445,0.13406940063091483,0.1157556270096463,0.10708661417322834,0.15447154471544716,0.11267605633802817,0.11414790996784566,0.07580645161290323,0.15070643642072212,0.09348914858096828,0.09348914858096828,0.11677631578947369,0.009900990099009901,0.031879194630872486,0.21484992101105846,0.1393188854489164,0.11258278145695365,0.029315960912052116,0.06745362563237774,0.022569444444444444,0.06115702479338843,0.14467408585055644,0.07754442649434572,0.128,0.0915032679738562,0.09743589743589744,0.09743589743589744,0.1544461778471139,0.07861635220125786,0.08823529411764706,0.035483870967741936,0.06655844155844155,0.04006410256410257,0.04006410256410257,0.1541038525963149,0.07401315789473684,0.08235294117647059,0.1875,0.0625,0.03716814159292035,0.11386138613861387,0.05929487179487179,0.08878504672897196,0.08277027027027027,0.09195402298850575,0.11483253588516747,0.041390728476821195,0.12898330804248861,0.13996889580093314,0.009771986970684038,0.14169381107491857,0.09748427672955975,0.15692821368948248,0.10819672131147541,0.010507880910683012,0.15384615384615385,0.15384615384615385,0.13286713286713286,0.08661417322834646,0.06791171477079797,0.08803986710963455,0.08193979933110368,0.08108108108108109,0.0880503144654088,0.07253086419753087,0.0744336569579288,0.0779816513761468,0.1702127659574468,0.0877742946708464,0.035897435897435895,0.07269789983844911,0.1705790297339593,0.09833333333333333,0.07448494453248812,0.1708542713567839,0.1458966565349544
2004,1,9,prevalence,0.016897081413210446,0.319672131147541,0.087893864013267,0.0384,0.014018691588785047,0.13122923588039867,0.15041322314049588,0.06290322580645161,0.09405940594059406,0.14285714285714285,0.10593900481540931,0.06711409395973154,0.16451612903225807,0.11532125205930807,0.09062980030721966,0.10147299509001637,0.07961783439490445,0.14,0.21658206429780033,0.14790996784565916,0.16783216783216784,0.1952755905511811,0.05272108843537415,0.12520064205457465,0.22626582278481014,0.0125,0.08688783570300158,0.07967479674796749,0.051036682615629984,0.04918032786885246,0.1781045751633987,0.06301824212271974,0.030744336569579287,0.046251993620414676,0.16468590831918506,0.14553990610328638,0.12560386473429952,0.07919254658385093,0.1736111111111111,0.08934169278996865,0.1353135313531353,0.14015748031496064,0.052884615384615384,0.1546875,0.04778156996587031,0.10350584307178631,0.10725552050473186,0.10440456769983687,0.1366120218579235,0.04584040747028863,0.1588628762541806,0.02197802197802198,0.04220779220779221,0.22975206611570248,0.04040404040404041,0.00482315112540193,0.02106969205834684,0.11022364217252396,0.07947019867549669,0.11129032258064517,0.058333333333333334,0.14241001564945227,0.14261744966442952,0.15483870967741936,0.19286871961102106,0.1097972972972973,0.045454545454545456,0.03755868544600939,0.04377104377104377,0.03389830508474576,0.33762057877813506,0.13322091062394603,0.1646153846153846,0.12836767036450078,0.08018867924528301,0.09775641025641026,0.07573415765069552,0.0017211703958691911,0.18360655737704917,0.09947643979057591,0.09302325581395349,0.15422077922077923,0.08235294117647059,0.13095238095238096,0.0781758957654723,0.023450586264656615,0.12837837837837837,0.12521440823327615,0.030063291139240507,0.07537688442211055,0.08723747980613894,0.0384,0.06030150753768844,0.06440677966101695,0.033386327503974564,0.10963455149501661,0.07204116638078903,0.06554621848739496,0.10801963993453355,0.10927152317880795,0.13827993254637436,0.1118421052631579,0.06390328151986183,0.03547297297297297,0.12709030100334448,0.06634304207119741,0.11645962732919254,0.12040133779264214,0.13132911392405064,0.05825242718446602,0.16129032258064516,0.024390243902439025,0.09698996655518395,0.14402618657937807,0.15016501650165018,0.10316139767054909,0.06550218340611354,0.17638036809815952,0.10610932475884244,0.18697829716193656,0.08536585365853659,0.08990536277602523,0.11942675159235669,0.07802547770700637,0.051364365971107544,0.14149443561208266,0.11582381729200653,0.14108527131782947,0.13408723747980614,0.16873065015479877,0.14826498422712933,0.06116207951070336,0.14240506329113925,0.0858085808580858,0.0858085808580858,0.10945273631840796,0.013490725126475547,0.06156405990016639,0.20280811232449297,0.14618973561430793,0.12520593080724876,0.027243589743589744,0.09735973597359736,0.036544850498338874,0.08496732026143791,0.13643926788685523,0.05608974358974359,0.16333333333333333,0.09446254071661238,0.14710743801652892,0.14710743801652892,0.132890365448505,0.08150470219435736,0.054313099041533544,0.04709576138147567,0.0347682119205298,0.04865771812080537,0.04865771812080537,0.21150592216582065,0.12140575079872204,0.1011608623548922,0.26101141924959215,0.06973058637083994,0.06866197183098592,0.09555189456342669,0.05331179321486268,0.11556982343499198,0.0773109243697479,0.08130081300813008,0.12317666126418152,0.04377104377104377,0.14135338345864662,0.1437308868501529,0.018121911037891267,0.14992025518341306,0.06605222734254992,0.1461794019933555,0.10032894736842106,0.0156794425087108,0.1322314049586777,0.1322314049586777,0.10887772194304858,0.08771929824561403,0.057755775577557754,0.07413509060955518,0.06472491909385113,0.09062003179650238,0.08688524590163935,0.10658307210031348,0.05834683954619125,0.0597667638483965,0.1273031825795645,0.12796208530805686,0.01916376306620209,0.06796116504854369,0.18357487922705315,0.07094594594594594,0.06623586429725363,0.13365539452495975,0.11009174311926606
2005,1,9,prevalence,0.02384737678855326,0.25208681135225375,0.09931506849315068,0.05305466237942122,0.0343213728549142,0.12876254180602006,0.1877076411960133,0.08557844690966719,0.08794788273615635,0.15853658536585366,0.08892617449664429,0.061461794019933555,0.22601626016260162,0.11582381729200653,0.08282208588957055,0.08631921824104234,0.052132701421800945,0.17258883248730963,0.18833333333333332,0.2113564668769716,0.16,0.189792663476874,0.0757314974182444,0.13884555382215288,0.14442700156985872,0.03639240506329114,0.09968847352024922,0.0896,0.0762987012987013,0.05365853658536585,0.19516129032258064,0.09016393442622951,0.016722408026755852,0.04878048780487805,0.16470588235294117,0.15789473684210525,0.10551948051948051,0.09457364341085271,0.15034965034965034,0.09831029185867896,0.15196078431372548,0.1484992101105845,0.06698564593301436,0.16055045871559634,0.05802047781569966,0.1689419795221843,0.11356466876971609,0.09151414309484193,0.14156079854809436,0.06532663316582915,0.13696369636963696,0.0343213728549142,0.041050903119868636,0.19370860927152317,0.03697183098591549,0.011041009463722398,0.012461059190031152,0.11075949367088607,0.08823529411764706,0.09424920127795527,0.05536912751677853,0.13064516129032258,0.22564935064935066,0.11023622047244094,0.16912972085385877,0.1097972972972973,0.07011686143572621,0.05177993527508091,0.11726384364820847,0.034129692832764506,0.23454833597464342,0.12292358803986711,0.1901081916537867,0.12995245641838352,0.08520900321543408,0.07190635451505016,0.06412213740458016,0.0017391304347826088,0.1598694942903752,0.07846410684474124,0.07296849087893864,0.11869918699186992,0.08143322475570032,0.13469985358711567,0.07232704402515723,0.02258064516129032,0.14049586776859505,0.10517241379310345,0.0380952380952381,0.058925476603119586,0.08723747980613894,0.0492845786963434,0.06016260162601626,0.04715447154471545,0.04777070063694268,0.11960132890365449,0.09358752166377816,0.06408094435075885,0.09838709677419355,0.09866220735785954,0.10367892976588629,0.11165048543689321,0.0823327615780446,0.04227642276422764,0.14054927302100162,0.10679611650485436,0.07993730407523511,0.15870307167235495,0.1691542288557214,0.04807692307692308,0.1301482701812191,0.027868852459016394,0.12026359143327842,0.15806451612903225,0.1630971993410214,0.1195840554592721,0.06606606606606606,0.16220472440944883,0.09740259740259741,0.19666666666666666,0.08408408408408409,0.09787928221859707,0.08856682769726248,0.08607198748043818,0.07967479674796749,0.1321656050955414,0.11348684210526316,0.1848341232227488,0.1045016077170418,0.23125996810207336,0.15765069551777433,0.04491017964071856,0.1865203761755486,0.12520593080724876,0.12520593080724876,0.08051529790660225,0.01565217391304348,0.07641196013289037,0.1554160125588697,0.15433070866141732,0.1184,0.02090032154340836,0.10049423393739704,0.059625212947189095,0.08429752066115702,0.1782178217821782,0.04146730462519936,0.17235494880546076,0.08562197092084006,0.1939799331103679,0.1939799331103679,0.1299342105263158,0.09697933227344992,0.05211726384364821,0.04146730462519936,0.04326123128119801,0.04983922829581994,0.04983922829581994,0.1694915254237288,0.12974683544303797,0.14890016920473773,0.22772277227722773,0.05627009646302251,0.052083333333333336,0.104,0.078125,0.06902086677367576,0.07652173913043478,0.06623586429725363,0.12046204620462046,0.048576214405360134,0.0990990990990991,0.173015873015873,0.03184713375796178,0.15619967793880837,0.0921875,0.11185308848080133,0.09967845659163987,0.019064124783362217,0.09015025041736227,0.09015025041736227,0.12006578947368421,0.11021069692058347,0.08452950558213716,0.09302325581395349,0.10900473933649289,0.12186978297161936,0.09028960817717206,0.15085536547433903,0.07532051282051282,0.06489675516224189,0.1256198347107438,0.1189358372456964,0.019400352733686066,0.10128617363344052,0.17142857142857143,0.07462686567164178,0.0594855305466238,0.1008130081300813,0.09803921568627451
2006,1,9,prevalence,0.036741214057507986,0.1357615894039735,0.06349206349206349,0.049441786283891544,0.06132075471698113,0.11371237458193979,0.17880794701986755,0.08227848101265822,0.07062600321027288,0.16784452296819788,0.09836065573770492,0.06525285481239804,0.2,0.13050570962479607,0.09175738724727839,0.112,0.0707395498392283,0.12709030100334448,0.12947189097103917,0.17580645161290323,0.12690355329949238,0.1729200652528548,0.07652173913043478,0.13271604938271606,0.1185064935064935,0.07455429497568881,0.1267387944358578,0.11459968602825746,0.0821256038647343,0.08517350157728706,0.21800947867298578,0.12459546925566344,0.029411764705882353,0.05792163543441227,0.20621931260229132,0.17432646592709986,0.14026402640264027,0.11882716049382716,0.1616871704745167,0.09782608695652174,0.19575856443719414,0.14803149606299212,0.07221350078492936,0.17525773195876287,0.08347826086956522,0.17845117845117844,0.17320261437908496,0.08360655737704918,0.14695340501792115,0.05149501661129568,0.15066225165562913,0.037096774193548385,0.04404567699836868,0.12271973466003316,0.06927175843694494,0.014285714285714285,0.007886435331230283,0.10188087774294671,0.0944,0.13008130081300814,0.07155025553662692,0.13754045307443366,0.27631578947368424,0.0912,0.1470113085621971,0.0981012658227848,0.11345218800648298,0.07753164556962025,0.1858974358974359,0.04297520661157025,0.16822429906542055,0.09326424870466321,0.15514592933947774,0.14125200642054575,0.09320695102685624,0.048013245033112585,0.043209876543209874,0.02533783783783784,0.12480252764612954,0.12478920741989882,0.08571428571428572,0.11345218800648298,0.08626198083067092,0.17857142857142858,0.046031746031746035,0.01461038961038961,0.11400651465798045,0.1301482701812191,0.061191626409017714,0.08333333333333333,0.11146496815286625,0.07246376811594203,0.05719237435008666,0.03431372549019608,0.0685805422647528,0.14846416382252559,0.15816326530612246,0.06228956228956229,0.10366826156299841,0.1127946127946128,0.09933774834437085,0.1309328968903437,0.12435233160621761,0.04674457429048414,0.16859504132231404,0.12258064516129032,0.08702531645569621,0.11666666666666667,0.18090452261306533,0.05466237942122187,0.2146341463414634,0.04355108877721943,0.12151067323481117,0.1320450885668277,0.16943521594684385,0.11872909698996656,0.07207207207207207,0.1292834890965732,0.11074918566775244,0.17,0.125193199381762,0.10114192495921696,0.07898894154818326,0.0914826498422713,0.06666666666666667,0.12234910277324633,0.08223684210526316,0.16925465838509315,0.09791332263242375,0.19230769230769232,0.21904761904761905,0.07886904761904762,0.2028985507246377,0.10906040268456375,0.10906040268456375,0.0491283676703645,0.022727272727272728,0.06821963394342762,0.14652567975830816,0.15224358974358973,0.09163987138263666,0.016778523489932886,0.12458471760797342,0.06745362563237774,0.0840064620355412,0.1724137931034483,0.06309148264984227,0.13,0.09904153354632587,0.2138157894736842,0.2138157894736842,0.16091954022988506,0.12261146496815287,0.06984667802385008,0.0432,0.029874213836477988,0.0694006309148265,0.0694006309148265,0.15502555366269166,0.1550632911392405,0.1658206429780034,0.22135007849293564,0.07313195548489666,0.06745362563237774,0.12082670906200318,0.07931570762052877,0.0593900481540931,0.0775716694772344,0.09807073954983923,0.07540983606557378,0.06833333333333333,0.0890625,0.16744186046511628,0.030844155844155844,0.1152,0.11717495987158909,0.12709030100334448,0.10771704180064309,0.010256410256410256,0.129783693843594,0.129783693843594,0.11054421768707483,0.132890365448505,0.12461059190031153,0.09838709677419355,0.11166666666666666,0.11604095563139932,0.15656565656565657,0.18335901386748846,0.07467532467532467,0.04035874439461883,0.09046849757673667,0.17563291139240506,0.036395147313691506,0.137987012987013,0.16666666666666666,0.0632279534109817,0.061611374407582936,0.11311475409836065,0.12808641975308643
2007,1,9,prevalence,0.04617834394904458,0.13861386138613863,0.09075342465753425,0.07020280811232449,0.08006279434850863,0.10588235294117647,0.18524590163934426,0.10679611650485436,0.0945945945945946,0.17271157167530224,0.13166666666666665,0.06710310965630115,0.11980033277870217,0.1328,0.10534591194968554,0.1456953642384106,0.07348242811501597,0.12207357859531773,0.17517006802721088,0.16506410256410256,0.09168081494057725,0.1734860883797054,0.06060606060606061,0.10534591194968554,0.12044374009508717,0.05422647527910686,0.13670133729569092,0.09657320872274143,0.06591639871382636,0.10289389067524116,0.1893687707641196,0.13355048859934854,0.03728813559322034,0.05619834710743802,0.2048780487804878,0.1889763779527559,0.1927512355848435,0.11818181818181818,0.185121107266436,0.09905660377358491,0.23666666666666666,0.13853503184713375,0.07874015748031496,0.15066469719350073,0.09427609427609428,0.2684563758389262,0.18561872909698995,0.0945945945945946,0.1099290780141844,0.07178631051752922,0.1758957654723127,0.03559322033898305,0.05475040257648953,0.0946843853820598,0.10320284697508897,0.0208,0.012598425196850394,0.13608562691131498,0.10031847133757962,0.2025931928687196,0.0817391304347826,0.1248,0.3035143769968051,0.10396039603960396,0.13500784929356358,0.10920436817472699,0.1758957654723127,0.14576802507836992,0.20967741935483872,0.061389337641357025,0.139937106918239,0.06445993031358885,0.16901408450704225,0.1752738654147105,0.07547169811320754,0.06666666666666667,0.059001512859304085,0.030560271646859084,0.12982998454404945,0.10085470085470086,0.10277324632952692,0.12624584717607973,0.09546925566343042,0.13967310549777118,0.0421216848673947,0.02471169686985173,0.15946843853820597,0.13781512605042018,0.10914927768860354,0.1092436974789916,0.11908646003262642,0.09247648902821316,0.05952380952380952,0.0397456279809221,0.10277324632952692,0.12908496732026145,0.18181818181818182,0.056218057921635436,0.10094637223974763,0.15737704918032788,0.0847457627118644,0.09328968903436989,0.1643835616438356,0.08974358974358974,0.17862838915470494,0.13258785942492013,0.07802547770700637,0.1378737541528239,0.1617161716171617,0.0512396694214876,0.2158154859967051,0.04697986577181208,0.1065989847715736,0.09951845906902086,0.1986062717770035,0.14869281045751634,0.05061349693251534,0.1393188854489164,0.10912052117263844,0.15282392026578073,0.14106583072100312,0.11831442463533225,0.09178743961352658,0.12741935483870967,0.07986688851913477,0.1045016077170418,0.07642276422764227,0.16539050535987748,0.08455284552845528,0.15161290322580645,0.21608832807570977,0.07886904761904762,0.20743034055727555,0.14423076923076922,0.14423076923076922,0.03927986906710311,0.025295109612141653,0.05527638190954774,0.1562021439509954,0.1942675159235669,0.12618296529968454,0.056572379367720464,0.15220949263502456,0.06818181818181818,0.07395498392282958,0.14009661835748793,0.045941807044410414,0.1212624584717608,0.07246376811594203,0.19543973941368079,0.19543973941368079,0.125,0.09794628751974724,0.08747855917667238,0.029315960912052116,0.03514376996805112,0.0888208269525268,0.0888208269525268,0.17647058823529413,0.14169381107491857,0.1497504159733777,0.1847649918962723,0.08439490445859872,0.05982905982905983,0.10952380952380952,0.0890302066772655,0.04669887278582931,0.07479674796747968,0.09872611464968153,0.09775641025641026,0.08112582781456953,0.09682539682539683,0.14467408585055644,0.028892455858747994,0.12980769230769232,0.13804713804713806,0.16390728476821192,0.11726384364820847,0.02866779089376054,0.13464696223316913,0.13464696223316913,0.09171075837742504,0.13539967373572595,0.17128874388254486,0.128,0.1183533447684391,0.12074829931972789,0.20166666666666666,0.23644578313253012,0.07973421926910298,0.03939393939393939,0.08818635607321132,0.2028301886792453,0.04020979020979021,0.17684887459807075,0.18325434439178515,0.08319467554076539,0.059748427672955975,0.1956521739130435,0.11128284389489954
2008,1,9,prevalence,0.05152979066022544,0.10784313725490197,0.11578947368421053,0.06570512820512821,0.08482871125611746,0.09983079526226735,0.15711947626841244,0.11605723370429252,0.07960199004975124,0.15422885572139303,0.14918032786885246,0.09650582362728785,0.12664473684210525,0.10277324632952692,0.08948194662480377,0.1781701444622793,0.04,0.135678391959799,0.17549668874172186,0.14724919093851133,0.06271186440677966,0.15309446254071662,0.08210180623973727,0.1043613707165109,0.12006319115323855,0.0680379746835443,0.12719298245614036,0.1,0.06837606837606838,0.1467304625199362,0.2229299363057325,0.15746753246753248,0.048109965635738834,0.06135986733001658,0.2084006462035541,0.16560509554140126,0.22113821138211381,0.11791044776119403,0.18363939899833054,0.13258785942492013,0.21172638436482086,0.11916264090177134,0.0589171974522293,0.13513513513513514,0.08673469387755102,0.30477759472817134,0.20435510887772193,0.1116751269035533,0.14067796610169492,0.06678082191780822,0.129783693843594,0.05546218487394958,0.05750798722044728,0.07809847198641766,0.2111692844677138,0.039936102236421724,0.016,0.15160796324655437,0.12225705329153605,0.2286158631415241,0.06996587030716724,0.11272141706924316,0.3,0.09546925566343042,0.13137557959814528,0.11968503937007874,0.23089430894308943,0.20465116279069767,0.2066115702479339,0.1254071661237785,0.109717868338558,0.0549645390070922,0.2223950233281493,0.17981072555205047,0.08728943338437979,0.08637873754152824,0.10920436817472699,0.03993344425956739,0.10869565217391304,0.11447811447811448,0.09531772575250837,0.11333333333333333,0.05263157894736842,0.1589825119236884,0.03785488958990536,0.026578073089700997,0.1986970684039088,0.15953947368421054,0.14606741573033707,0.1322314049586777,0.10466988727858294,0.07258064516129033,0.10321489001692047,0.06645569620253164,0.09208400646203554,0.12395309882747069,0.19649122807017544,0.06518010291595197,0.130298273155416,0.19193548387096773,0.12962962962962962,0.08972267536704731,0.18823529411764706,0.10220125786163523,0.18364197530864199,0.12562814070351758,0.07455429497568881,0.10316139767054909,0.21140939597315436,0.09735973597359736,0.21018062397372742,0.05704697986577181,0.11333333333333333,0.11764705882352941,0.1733800350262697,0.12929623567921442,0.04231974921630094,0.13793103448275862,0.1270358306188925,0.13781512605042018,0.17546583850931677,0.0967741935483871,0.07197549770290965,0.12738853503184713,0.06907894736842106,0.08972267536704731,0.07119741100323625,0.17088607594936708,0.07431340872374798,0.18838304552590268,0.22986577181208054,0.08823529411764706,0.2211690363349131,0.14796747967479676,0.14796747967479676,0.04074702886247878,0.034653465346534656,0.04926108374384237,0.14854517611026033,0.17197452229299362,0.11937984496124031,0.09531772575250837,0.16006600660066006,0.06896551724137931,0.11477987421383648,0.18269230769230768,0.05846153846153846,0.0865874363327674,0.0589171974522293,0.1990521327014218,0.1990521327014218,0.13162118780096307,0.09365079365079365,0.10197368421052631,0.02922077922077922,0.028892455858747994,0.08536585365853659,0.08536585365853659,0.16253869969040247,0.1166936790923825,0.13570274636510501,0.17124394184168013,0.04617834394904458,0.06013745704467354,0.12106918238993711,0.11392405063291139,0.04297520661157025,0.06890756302521009,0.1723027375201288,0.10963455149501661,0.0681063122923588,0.17851500789889416,0.11556982343499198,0.03054662379421222,0.14102564102564102,0.15619694397283532,0.23026315789473684,0.17017828200972449,0.020134228187919462,0.16045380875202594,0.16045380875202594,0.08503401360544217,0.1819672131147541,0.2137030995106036,0.18780096308186195,0.11472602739726027,0.12191103789126853,0.18181818181818182,0.2440119760479042,0.08940397350993377,0.04885496183206107,0.060655737704918035,0.1761006289308176,0.04088586030664395,0.17880794701986755,0.16455696202531644,0.1024793388429752,0.07931570762052877,0.19095477386934673,0.10097719869706841
2009,1,9,prevalence,0.0593900481540931,0.11582381729200653,0.15437392795883362,0.07939189189189189,0.09905660377358491,0.09259259259259259,0.10126582278481013,0.125,0.08482871125611746,0.12745098039215685,0.12950819672131147,0.08852459016393442,0.14402618657937807,0.12944983818770225,0.10333863275039745,0.21839080459770116,0.05608974358974359,0.1837748344370861,0.1824212271973466,0.14331210191082802,0.076158940397351,0.17713365539452497,0.14285714285714285,0.12096774193548387,0.13050314465408805,0.09546165884194054,0.1122754491017964,0.0959119496855346,0.08347529812606473,0.15714285714285714,0.17694805194805194,0.19117647058823528,0.05912162162162162,0.14845024469820556,0.1695447409733124,0.18993506493506493,0.1761006289308176,0.12574850299401197,0.16583747927031509,0.15870570107858242,0.24798711755233493,0.13500784929356358,0.030864197530864196,0.13095238095238096,0.08013355592654424,0.28874388254486133,0.2157190635451505,0.14948453608247422,0.12297734627831715,0.07972270363951472,0.10413223140495868,0.06166666666666667,0.06666666666666667,0.04697986577181208,0.19395017793594305,0.04738562091503268,0.0375,0.20516717325227962,0.2064516129032258,0.2208398133748056,0.07568438003220612,0.11813643926788686,0.23317683881064163,0.1032258064516129,0.15047021943573669,0.1192368839427663,0.28688524590163933,0.23613312202852615,0.21774193548387097,0.17445482866043613,0.08842443729903537,0.058098591549295774,0.21821036106750394,0.17432646592709986,0.0904836193447738,0.10543657331136738,0.16614906832298137,0.06228956228956229,0.0947867298578199,0.14382402707275804,0.10732538330494037,0.1349206349206349,0.04462809917355372,0.1735668789808917,0.0358814352574103,0.028764805414551606,0.2700490998363339,0.20632279534109818,0.14606741573033707,0.13836477987421383,0.09646302250803858,0.07290015847860538,0.09847198641765705,0.08962264150943396,0.09424920127795527,0.12984822934232715,0.20767888307155322,0.08067226890756303,0.08976377952755905,0.24758842443729903,0.1335559265442404,0.09,0.17725752508361203,0.09162717219589257,0.19083969465648856,0.09405940594059406,0.11616954474097331,0.12680577849117175,0.1927710843373494,0.11272141706924316,0.15912897822445563,0.09151414309484193,0.10166666666666667,0.11782945736434108,0.14211438474870017,0.1819672131147541,0.061806656101426306,0.1480916030534351,0.1088,0.1360655737704918,0.18225806451612903,0.11129568106312292,0.0768025078369906,0.12828947368421054,0.06020066889632107,0.06666666666666667,0.08240887480190175,0.203125,0.09385113268608414,0.22966507177033493,0.21140939597315436,0.11705202312138728,0.22291021671826625,0.16123778501628663,0.16123778501628663,0.03782894736842105,0.04132231404958678,0.05977382875605816,0.13679245283018868,0.1484992101105845,0.14903129657228018,0.14715719063545152,0.18608414239482202,0.11254019292604502,0.12540192926045016,0.15789473684210525,0.0776255707762557,0.09178743961352658,0.07352941176470588,0.2208,0.2208,0.13725490196078433,0.06847133757961783,0.12440191387559808,0.026359143327841845,0.061611374407582936,0.11162790697674418,0.11162790697674418,0.16951788491446346,0.08493589743589744,0.12741935483870967,0.1532258064516129,0.05466237942122187,0.058098591549295774,0.09767441860465116,0.10658307210031348,0.03350083752093802,0.09475465313028765,0.2652733118971061,0.08389261744966443,0.041736227045075125,0.16352201257861634,0.13846153846153847,0.024350649350649352,0.13157894736842105,0.15676567656765678,0.22553897180762852,0.20717781402936378,0.021487603305785124,0.1724137931034483,0.1724137931034483,0.0728476821192053,0.279874213836478,0.2125,0.19349845201238391,0.11872909698996656,0.10983606557377049,0.21674876847290642,0.2251552795031056,0.09630818619582665,0.04416403785488959,0.0632279534109817,0.20625,0.037800687285223365,0.17224080267558528,0.168,0.08415841584158416,0.0896,0.25040387722132473,0.1201923076923077
2010,1,9,prevalence,0.09256198347107437,0.2,0.23154362416107382,0.09165302782324058,0.10272873194221509,0.10894308943089431,0.07401574803149606,0.09672131147540984,0.08006535947712418,0.11813643926788686,0.1511627906976744,0.08576051779935275,0.1951219512195122,0.16123778501628663,0.13247172859450726,0.2785234899328859,0.04285714285714286,0.15064102564102563,0.21273031825795644,0.1477832512315271,0.09090909090909091,0.14539579967689822,0.15955766192733017,0.16558441558441558,0.11612903225806452,0.10876623376623376,0.16036308623298035,0.05384615384615385,0.06462585034013606,0.12580645161290321,0.1718494271685761,0.23684210526315788,0.05602716468590832,0.20554649265905384,0.19444444444444445,0.18993506493506493,0.1853035143769968,0.10534124629080119,0.18076285240464346,0.15224358974358973,0.2294022617124394,0.1684867394695788,0.05287713841368585,0.12797619047619047,0.0993485342019544,0.2571428571428571,0.16805324459234608,0.18434782608695652,0.11092715231788079,0.08277027027027027,0.10032894736842106,0.064891846921797,0.07963246554364471,0.09411764705882353,0.20106761565836298,0.054009819967266774,0.046948356807511735,0.1684867394695788,0.24285714285714285,0.22900763358778625,0.09294871794871795,0.075,0.2647527910685805,0.08576051779935275,0.15161290322580645,0.16408668730650156,0.24715447154471545,0.2304075235109718,0.14467408585055644,0.17024539877300612,0.10793650793650794,0.07530647985989491,0.208,0.1722488038277512,0.09355828220858896,0.08426073131955485,0.2664576802507837,0.06506849315068493,0.08386075949367089,0.14052287581699346,0.10666666666666667,0.1408,0.046849757673667204,0.18536585365853658,0.0515625,0.028716216216216218,0.27986906710310966,0.23252032520325203,0.1891025641025641,0.15064102564102563,0.11272141706924316,0.07766990291262135,0.08503401360544217,0.14240506329113925,0.10543657331136738,0.0859504132231405,0.21217105263157895,0.09586776859504133,0.10063897763578275,0.27751196172248804,0.12155591572123177,0.1097972972972973,0.1605351170568562,0.11423841059602649,0.1806853582554517,0.11488673139158576,0.1478537360890302,0.08585055643879173,0.1905564924114671,0.09555189456342669,0.1606837606837607,0.0821256038647343,0.11461794019933555,0.13249211356466878,0.17796610169491525,0.18622848200312989,0.05405405405405406,0.14774494556765164,0.0989010989010989,0.13410596026490065,0.17224080267558528,0.11993517017828201,0.05572755417956656,0.12762520193861066,0.049019607843137254,0.09780775716694773,0.10097719869706841,0.22865853658536586,0.09531502423263329,0.16990291262135923,0.20230263157894737,0.13204747774480713,0.17573872472783825,0.15472312703583063,0.15472312703583063,0.0392156862745098,0.0718954248366013,0.060655737704918035,0.11688311688311688,0.1619047619047619,0.16666666666666666,0.19078947368421054,0.19904458598726116,0.15552099533437014,0.14492753623188406,0.14910858995137763,0.07716049382716049,0.10177705977382875,0.0891089108910891,0.2144,0.2144,0.10465116279069768,0.0992,0.11483253588516747,0.02680067001675042,0.05601317957166392,0.13428120063191154,0.13428120063191154,0.14006024096385541,0.08452950558213716,0.11974110032362459,0.18196994991652754,0.050473186119873815,0.0757314974182444,0.13374805598755832,0.13141025641025642,0.03156146179401993,0.10032362459546926,0.29296235679214405,0.07833333333333334,0.06010016694490818,0.16071428571428573,0.19592476489028213,0.04159733777038269,0.12965964343598055,0.11666666666666667,0.20846905537459284,0.25236593059936907,0.032467532467532464,0.21986970684039087,0.21986970684039087,0.07293354943273905,0.2992,0.21850079744816586,0.16692913385826771,0.10430463576158941,0.1040650406504065,0.2026578073089701,0.20280811232449297,0.0945273631840796,0.046511627906976744,0.0667779632721202,0.20031796502384738,0.02512562814070352,0.12947189097103917,0.19457735247208932,0.1270358306188925,0.09375,0.33170731707317075,0.1302250803858521
2011,1,9,prevalence,0.11262798634812286,0.26194398682042835,0.32450331125827814,0.10714285714285714,0.12577639751552794,0.14545454545454545,0.07963246554364471,0.11021069692058347,0.10806451612903226,0.11794019933554817,0.12355848434925865,0.09061488673139159,0.21176470588235294,0.1309328968903437,0.12396694214876033,0.22504230118443316,0.05519480519480519,0.17582417582417584,0.19376026272577998,0.15522875816993464,0.1045531197301855,0.11494252873563218,0.12359550561797752,0.20930232558139536,0.11605723370429252,0.1433389544688027,0.1743827160493827,0.04969879518072289,0.04607508532423208,0.15916398713826366,0.1297208538587849,0.16229508196721312,0.059967585089141004,0.3155339805825243,0.24196018376722817,0.1955128205128205,0.10789049919484701,0.11027190332326284,0.23577235772357724,0.11755485893416928,0.2042483660130719,0.13488372093023257,0.054858934169279,0.11407407407407408,0.09395973154362416,0.17320261437908496,0.16260162601626016,0.21492007104795738,0.11201298701298701,0.09693877551020408,0.11639344262295082,0.0907563025210084,0.09355828220858896,0.15126050420168066,0.27353463587921845,0.06907894736842106,0.06497622820919176,0.14461538461538462,0.24154589371980675,0.21482602118003025,0.11254019292604502,0.07413509060955518,0.1721311475409836,0.07947019867549669,0.12195121951219512,0.19278996865203762,0.17475728155339806,0.2304075235109718,0.09119496855345911,0.17065868263473055,0.10172143974960876,0.0823327615780446,0.22257551669316375,0.14551083591331268,0.0717628705148206,0.0861244019138756,0.2995169082125604,0.07475083056478406,0.0706436420722135,0.14170692431561996,0.13822525597269625,0.13539967373572595,0.08038585209003216,0.18923327895595432,0.0764525993883792,0.05821917808219178,0.2566510172143975,0.18729641693811075,0.1299342105263158,0.14330218068535824,0.1072,0.08552631578947369,0.09764309764309764,0.1841680129240711,0.09090909090909091,0.11965811965811966,0.19249592169657423,0.10355987055016182,0.0889967637540453,0.2848101265822785,0.1368584758942457,0.13136288998357964,0.12351945854483926,0.1480865224625624,0.21699544764795145,0.11677631578947369,0.14573643410852713,0.08603896103896104,0.15924657534246575,0.085667215815486,0.1416803953871499,0.0670926517571885,0.11764705882352941,0.12074303405572756,0.18833333333333332,0.2082695252679939,0.04153354632587859,0.2132921174652241,0.10457516339869281,0.13934426229508196,0.12046204620462046,0.19672131147540983,0.07290015847860538,0.13474025974025974,0.066006600660066,0.12351945854483926,0.11707317073170732,0.17956656346749225,0.10841423948220065,0.16352201257861634,0.15973377703826955,0.14925373134328357,0.17004680187207488,0.13793103448275862,0.13793103448275862,0.030595813204508857,0.10491803278688525,0.06818181818181818,0.14518760195758565,0.14896988906497624,0.18424962852897475,0.2764900662251656,0.18740157480314962,0.13615023474178403,0.1290824261275272,0.16774193548387098,0.1111111111111111,0.11940298507462686,0.06016260162601626,0.2410575427682737,0.2410575427682737,0.09661016949152543,0.08146964856230032,0.11507293354943274,0.04390243902439024,0.07516339869281045,0.10559006211180125,0.10559006211180125,0.13333333333333333,0.06539074960127592,0.09105960264900662,0.1930116472545757,0.0546875,0.07363013698630137,0.152,0.1323529411764706,0.04230118443316413,0.17274167987321712,0.2819314641744548,0.07202680067001675,0.08099173553719008,0.1492776886035313,0.16329704510108864,0.0722495894909688,0.09794628751974724,0.08603896103896104,0.23027375201288244,0.24569640062597808,0.07431340872374798,0.21533442088091354,0.21533442088091354,0.05834683954619125,0.24203821656050956,0.1382636655948553,0.13804173354735153,0.10413223140495868,0.09446254071661238,0.19008264462809918,0.1617873651771957,0.10561056105610561,0.06037151702786378,0.11544715447154472,0.16938110749185667,0.038397328881469114,0.13527397260273974,0.1777059773828756,0.129783693843594,0.10628019323671498,0.2988691437802908,0.16097560975609757
2012,1,9,prevalence,0.11652173913043479,0.2671009771986971,0.3110367892976589,0.125,0.09486780715396578,0.1567291311754685,0.09049079754601227,0.11004784688995216,0.11853088480801335,0.11274509803921569,0.11869918699186992,0.1179245283018868,0.15141430948419302,0.15458937198067632,0.12100840336134454,0.16282894736842105,0.060897435897435896,0.19281045751633988,0.26247987117552335,0.13245033112582782,0.10967741935483871,0.0932475884244373,0.11620294599018004,0.17467948717948717,0.15544871794871795,0.17206132879045996,0.16037735849056603,0.07239819004524888,0.050590219224283306,0.14149443561208266,0.137987012987013,0.13174603174603175,0.06743421052631579,0.2730210016155089,0.27685325264750377,0.1819620253164557,0.1069078947368421,0.11773940345368916,0.19047619047619047,0.13500784929356358,0.1456953642384106,0.14263803680981596,0.0696594427244582,0.08157099697885196,0.15508885298869143,0.1118421052631579,0.11968503937007874,0.2116788321167883,0.09339774557165861,0.06208053691275168,0.11241610738255034,0.0893760539629005,0.0890625,0.19444444444444445,0.26334519572953735,0.085667215815486,0.10935023771790808,0.18478260869565216,0.22491909385113268,0.23064770932069512,0.1563517915309446,0.0812603648424544,0.17552334943639292,0.0819935691318328,0.10806451612903226,0.1875,0.1693548387096774,0.15605095541401273,0.08346213292117466,0.12631578947368421,0.1248,0.08623548922056384,0.24610591900311526,0.11930926216640503,0.06260032102728733,0.13672496025437203,0.2938230383973289,0.07269789983844911,0.07852564102564102,0.10628019323671498,0.14974182444061962,0.175787728026534,0.10696920583468396,0.16720257234726688,0.104199066874028,0.0975609756097561,0.23824451410658307,0.1323529411764706,0.10714285714285714,0.18138801261829654,0.08620689655172414,0.07119205298013245,0.08688524590163935,0.17731629392971246,0.11129296235679215,0.10490693739424704,0.1447587354409318,0.10393700787401575,0.11074918566775244,0.23452768729641693,0.15714285714285714,0.13776337115072934,0.09424920127795527,0.13838550247116968,0.2006079027355623,0.14614121510673234,0.20161290322580644,0.0779436152570481,0.08950086058519793,0.07627118644067797,0.15754560530679934,0.0736,0.12941176470588237,0.11882716049382716,0.12871287128712872,0.23867069486404835,0.047775947281713346,0.20775193798449612,0.11282051282051282,0.12458471760797342,0.11163522012578617,0.18790849673202614,0.07643312101910828,0.14308943089430895,0.08809135399673736,0.18272425249169436,0.1237785016286645,0.156957928802589,0.08888888888888889,0.1267605633802817,0.14057507987220447,0.1251908396946565,0.1684867394695788,0.11987381703470032,0.11987381703470032,0.0425531914893617,0.11519198664440734,0.07407407407407407,0.15824915824915825,0.12337662337662338,0.1831831831831832,0.3008,0.17418351477449456,0.13629160063391443,0.1202435312024353,0.19273301737756715,0.11463046757164404,0.135,0.06430868167202572,0.20404984423676012,0.20404984423676012,0.11166666666666666,0.07407407407407407,0.07933884297520662,0.06341463414634146,0.0749185667752443,0.13664596273291926,0.13664596273291926,0.14561664190193166,0.08507223113964688,0.08180300500834725,0.1649659863945578,0.06416275430359937,0.09882747068676717,0.15870570107858242,0.095,0.0472972972972973,0.17246835443037975,0.22291021671826625,0.10286677908937605,0.08943089430894309,0.12038523274478331,0.1592356687898089,0.06623586429725363,0.09878419452887538,0.0898876404494382,0.20666666666666667,0.21879815100154082,0.09090909090909091,0.18425196850393702,0.18425196850393702,0.07716535433070866,0.15594855305466238,0.10015649452269171,0.12933753943217666,0.14333333333333334,0.09305993690851735,0.19900497512437812,0.17637540453074432,0.11202635914332784,0.07309486780715396,0.13408723747980614,0.1323529411764706,0.04792332268370607,0.10427350427350428,0.16507936507936508,0.15594855305466238,0.1147011308562197,0.2315270935960591,0.1421647819063005
2013,1,9,prevalence,0.11243611584327087,0.16026711185308848,0.2483108108108108,0.13388429752066117,0.06436420722135008,0.1901639344262295,0.12804878048780488,0.10339256865912763,0.12521150592216582,0.0904836193447738,0.12458471760797342,0.16587677725118483,0.10942760942760943,0.16772151898734178,0.16558441558441558,0.13874788494077833,0.0912,0.1598694942903752,0.18995290423861852,0.09816971713810316,0.1038961038961039,0.10932475884244373,0.12151067323481117,0.11961722488038277,0.15654952076677317,0.12369337979094076,0.11311475409836065,0.08256880733944955,0.07528641571194762,0.1088,0.1537190082644628,0.08914100486223663,0.07986688851913477,0.24104234527687296,0.21385542168674698,0.12735849056603774,0.06885245901639345,0.09193548387096774,0.13522012578616352,0.1150855365474339,0.09666666666666666,0.12264150943396226,0.09630818619582665,0.08384146341463415,0.15483870967741936,0.09147286821705426,0.1166407465007776,0.16666666666666666,0.13099041533546327,0.09090909090909091,0.08032786885245902,0.10296684118673648,0.0899390243902439,0.17405582922824303,0.22847100175746923,0.08183306055646482,0.12399355877616747,0.17138364779874213,0.1371610845295056,0.18225806451612903,0.1468189233278956,0.08040201005025126,0.18009478672985782,0.07119741100323625,0.085667215815486,0.14513556618819776,0.14057507987220447,0.1237785016286645,0.0794912559618442,0.11624441132637854,0.12903225806451613,0.09703947368421052,0.19462025316455697,0.11145996860282574,0.05546995377503852,0.15944272445820434,0.2765598650927487,0.10015898251192369,0.08280254777070063,0.10903426791277258,0.11888111888111888,0.15901639344262294,0.09500805152979067,0.16176470588235295,0.1562021439509954,0.13302034428794993,0.18700475435816163,0.10696920583468396,0.10651828298887123,0.1488673139158576,0.0625,0.07754442649434572,0.09764309764309764,0.1558872305140962,0.11348684210526316,0.08681135225375626,0.09882747068676717,0.12599681020733652,0.11239669421487604,0.23739837398373984,0.16873065015479877,0.16164817749603805,0.1024,0.1467304625199362,0.12859304084720122,0.15867768595041323,0.27565084226646247,0.06290322580645161,0.07758620689655173,0.08532423208191127,0.20394736842105263,0.0967741935483871,0.11382113821138211,0.12996941896024464,0.1457286432160804,0.21036585365853658,0.07692307692307693,0.15830721003134796,0.11824324324324324,0.11616161616161616,0.1185064935064935,0.15384615384615385,0.06341463414634146,0.11707317073170732,0.10204081632653061,0.18962722852512157,0.14193548387096774,0.18892508143322476,0.10851419031719532,0.0796875,0.12520064205457465,0.13787638668779714,0.16043613707165108,0.11396468699839486,0.11396468699839486,0.087893864013267,0.09983361064891846,0.1043338683788122,0.17419354838709677,0.12706270627062707,0.1796042617960426,0.24437299035369775,0.14860681114551083,0.13365539452495975,0.13846153846153847,0.15765069551777433,0.09836065573770492,0.14796747967479676,0.0828125,0.1458670988654781,0.1458670988654781,0.0915032679738562,0.08333333333333333,0.07654723127035831,0.08660130718954248,0.06581059390048154,0.1704718417047184,0.1704718417047184,0.12425149700598802,0.09178743961352658,0.0945273631840796,0.11764705882352941,0.08054711246200608,0.10430463576158941,0.11353032659409021,0.10702341137123746,0.09359605911330049,0.16535433070866143,0.17477203647416414,0.12581699346405228,0.11198738170347003,0.11708860759493671,0.153125,0.08253968253968254,0.1,0.0943089430894309,0.1715686274509804,0.15454545454545454,0.0928462709284627,0.0989010989010989,0.0989010989010989,0.08031496062992126,0.12824675324675325,0.09287925696594428,0.12164296998420221,0.14262023217247097,0.10112359550561797,0.17560975609756097,0.14511041009463724,0.15041322314049588,0.1127946127946128,0.14539579967689822,0.12335526315789473,0.08945686900958466,0.09950248756218906,0.1435483870967742,0.1510015408320493,0.10845295055821372,0.1515650741350906,0.10793650793650794
2014,1,9,prevalence,0.12962962962962962,0.08798646362098139,0.12353923205342238,0.15296052631578946,0.06836248012718601,0.19269102990033224,0.12684365781710916,0.08196721311475409,0.15728476821192053,0.0768025078369906,0.11920529801324503,0.11414790996784566,0.11793214862681745,0.16,0.18003273322422259,0.09634551495016612,0.10294117647058823,0.1458670988654781,0.1497659906396256,0.08955223880597014,0.16613418530351437,0.10355987055016182,0.11889250814332247,0.10610932475884244,0.15196078431372548,0.11054421768707483,0.08702791461412152,0.0892018779342723,0.07911392405063292,0.11181102362204724,0.10508474576271186,0.08496732026143791,0.11446740858505565,0.1797752808988764,0.16542473919523099,0.10702875399361023,0.07062600321027288,0.06611570247933884,0.11746031746031746,0.11057692307692307,0.11201298701298701,0.081377151799687,0.1,0.0852359208523592,0.13213703099510604,0.09486780715396578,0.136431784107946,0.1440972222222222,0.09233176838810642,0.08532423208191127,0.08881578947368421,0.09475465313028765,0.0851063829787234,0.17128874388254486,0.12586206896551724,0.09181969949916527,0.15763546798029557,0.12732919254658384,0.10950080515297907,0.1490066225165563,0.11627906976744186,0.10180623973727422,0.15472312703583063,0.08780487804878048,0.08548387096774193,0.0985691573926868,0.13687600644122383,0.14796747967479676,0.07255520504731862,0.13177159590043924,0.10969793322734499,0.10833333333333334,0.12121212121212122,0.1589825119236884,0.0631911532385466,0.1445966514459665,0.14802065404475043,0.10483870967741936,0.09523809523809523,0.10670731707317073,0.11320754716981132,0.14169381107491857,0.06960950764006792,0.16666666666666666,0.1743827160493827,0.14218009478672985,0.13841368584758942,0.10526315789473684,0.10355987055016182,0.0875796178343949,0.057003257328990226,0.10897435897435898,0.06960950764006792,0.15737704918032788,0.10194174757281553,0.10135135135135136,0.06115702479338843,0.12741935483870967,0.10234899328859061,0.1715210355987055,0.125,0.1403225806451613,0.08490566037735849,0.14992025518341306,0.10872894333843798,0.1354515050167224,0.2102803738317757,0.0766721044045677,0.1024390243902439,0.125,0.19008264462809918,0.09379968203497616,0.1308562197092084,0.11024844720496894,0.1510673234811166,0.08955223880597014,0.08976377952755905,0.10702875399361023,0.1111111111111111,0.13874788494077833,0.085,0.12116040955631399,0.07177814029363784,0.09165302782324058,0.08702531645569621,0.19162640901771336,0.11746031746031746,0.11916264090177134,0.08389261744966443,0.08399366085578447,0.10252365930599369,0.1410459587955626,0.11501597444089456,0.11335403726708075,0.11335403726708075,0.09531772575250837,0.09965635738831616,0.10987261146496816,0.1449511400651466,0.11967213114754098,0.1375,0.2059748427672956,0.16901408450704225,0.12852664576802508,0.08846761453396525,0.1166407465007776,0.13069016152716592,0.17335473515248795,0.09448818897637795,0.09775641025641026,0.09775641025641026,0.06557377049180328,0.10651828298887123,0.0998389694041868,0.10841423948220065,0.12116316639741519,0.11901081916537867,0.11901081916537867,0.13960546282245828,0.12131147540983607,0.09477124183006536,0.0823327615780446,0.09876543209876543,0.1097770154373928,0.0904836193447738,0.11148086522462562,0.10286677908937605,0.146875,0.15045592705167174,0.14959349593495935,0.10679611650485436,0.10220125786163523,0.08493589743589744,0.07643312101910828,0.06741573033707865,0.07865168539325842,0.15146579804560262,0.12006079027355623,0.07384615384615385,0.08240887480190175,0.08240887480190175,0.07717569786535304,0.10990712074303406,0.11075949367088607,0.11532385466034756,0.1,0.143317230273752,0.16118935837245696,0.11363636363636363,0.13666666666666666,0.09602649006622517,0.1783960720130933,0.11074918566775244,0.08520900321543408,0.0957983193277311,0.12641815235008103,0.11006289308176101,0.12440191387559808,0.12052117263843648,0.11182108626198083
2015,1,9,prevalence,0.16198347107438016,0.07512520868113523,0.14143094841930118,0.11764705882352941,0.04665629860031104,0.17796610169491525,0.1495601173020528,0.09032258064516129,0.13277310924369748,0.09472049689440994,0.09764309764309764,0.07641196013289037,0.07305194805194805,0.11446740858505565,0.15721231766612642,0.10063897763578275,0.10316139767054909,0.13838550247116968,0.12202852614896989,0.09136212624584718,0.16225165562913907,0.0821256038647343,0.10806451612903226,0.10726072607260725,0.11650485436893204,0.07296849087893864,0.048252911813643926,0.09018987341772151,0.0847723704866562,0.0915032679738562,0.08710801393728224,0.09682804674457429,0.09854604200323101,0.15625,0.12884333821376281,0.06698564593301436,0.08116883116883117,0.054982817869415807,0.09728867623604466,0.07378335949764521,0.08702791461412152,0.11145996860282574,0.09728867623604466,0.07142857142857142,0.1,0.1035548686244204,0.08296296296296296,0.13471502590673576,0.05362776025236593,0.07321131447587355,0.06829268292682927,0.09703947368421052,0.0865533230293663,0.11475409836065574,0.08950086058519793,0.09359605911330049,0.19230769230769232,0.09291338582677165,0.10097719869706841,0.07960199004975124,0.08856682769726248,0.07060755336617405,0.09868421052631579,0.08553654743390357,0.10457516339869281,0.07679738562091504,0.09210526315789473,0.13242784380305603,0.04265402843601896,0.1282442748091603,0.10149750415973377,0.13213703099510604,0.0875796178343949,0.12121212121212122,0.0397456279809221,0.12187958883994127,0.077834179357022,0.10759493670886076,0.0773109243697479,0.1,0.11091854419410745,0.12438625204582651,0.05254237288135593,0.1098546042003231,0.13076923076923078,0.15479876160990713,0.11935483870967742,0.10033444816053512,0.1292517006802721,0.07668231611893583,0.047775947281713346,0.10534591194968554,0.0457516339869281,0.13509060955518945,0.11451612903225807,0.07666666666666666,0.08629441624365482,0.11414790996784566,0.07859531772575251,0.12116316639741519,0.10935023771790808,0.14630225080385853,0.05873015873015873,0.16925465838509315,0.08011869436201781,0.1016949152542373,0.11638591117917305,0.10720268006700168,0.08896210873146623,0.11519198664440734,0.17667238421955403,0.07822085889570553,0.09486780715396578,0.08500772797527048,0.11525974025974026,0.07302533532041729,0.06200317965023847,0.0975609756097561,0.07084019769357495,0.1377551020408163,0.1020066889632107,0.10033444816053512,0.07855973813420622,0.04153354632587859,0.0932475884244373,0.16993464052287582,0.09017713365539452,0.10894308943089431,0.06972789115646258,0.07389937106918239,0.061806656101426306,0.11605723370429252,0.1045958795562599,0.08346456692913386,0.08346456692913386,0.10385259631490787,0.09090909090909091,0.08576051779935275,0.12292358803986711,0.1111111111111111,0.10664605873261206,0.12440944881889764,0.125,0.10108864696734059,0.064,0.11949685534591195,0.1227810650887574,0.12012987012987013,0.0565149136577708,0.11488673139158576,0.11488673139158576,0.06414473684210527,0.10174880763116058,0.07053291536050156,0.12121212121212122,0.11,0.09389671361502347,0.09389671361502347,0.08923076923076922,0.12171052631578948,0.07779578606158834,0.05263157894736842,0.10252365930599369,0.11589403973509933,0.11076443057722309,0.08360655737704918,0.08833333333333333,0.15855572998430142,0.14831804281345565,0.1444991789819376,0.090311986863711,0.1060842433697348,0.05663430420711974,0.1263823064770932,0.06995230524642289,0.10576923076923077,0.11451612903225807,0.06583072100313479,0.09516380655226209,0.03918495297805643,0.03918495297805643,0.048589341692789965,0.08964451313755796,0.07777777777777778,0.09344262295081968,0.06549520766773163,0.06836248012718601,0.12898089171974522,0.05984251968503937,0.10927152317880795,0.11688311688311688,0.15645161290322582,0.09344262295081968,0.060221870047543584,0.08374384236453201,0.07666666666666666,0.059654631083202514,0.11272141706924316,0.1044776119402985,0.0865533230293663
2016,1,9,prevalence,0.16666666666666666,0.047619047619047616,0.08739495798319327,0.07894736842105263,0.026687598116169546,0.10738255033557047,0.13119533527696792,0.07028753993610223,0.10628019323671498,0.05405405405405406,0.06754530477759473,0.07987220447284345,0.05245901639344262,0.07954545454545454,0.1264,0.05741626794258373,0.08415841584158416,0.10819672131147541,0.09259259259259259,0.07389162561576355,0.11544991511035653,0.0644122383252818,0.08493589743589744,0.09500805152979067,0.08803986710963455,0.04713804713804714,0.03672787979966611,0.07606973058637084,0.07472178060413355,0.05672609400324149,0.04982817869415808,0.09309791332263243,0.09433962264150944,0.1069182389937107,0.08955223880597014,0.036334913112164295,0.07923930269413629,0.031746031746031744,0.061708860759493674,0.045307443365695796,0.059602649006622516,0.0804416403785489,0.07865168539325842,0.06622516556291391,0.07894736842105263,0.0715372907153729,0.060294117647058824,0.1254180602006689,0.0390625,0.05172413793103448,0.05705229793977813,0.08667736757624397,0.06097560975609756,0.09752066115702479,0.070446735395189,0.08723747980613894,0.13866231647634583,0.06752411575562701,0.07062600321027288,0.04152823920265781,0.0685805422647528,0.04455445544554455,0.07167832167832168,0.08150470219435736,0.08108108108108109,0.07692307692307693,0.06365159128978225,0.08754208754208755,0.0322061191626409,0.08409785932721713,0.0805921052631579,0.09651898734177215,0.059006211180124224,0.07006369426751592,0.03656597774244833,0.1054172767203514,0.0686106346483705,0.07085346215780998,0.04152823920265781,0.05555555555555555,0.07042253521126761,0.08183306055646482,0.032590051457975985,0.09728867623604466,0.07728706624605679,0.10091743119266056,0.06003159557661927,0.0730050933786078,0.10147299509001637,0.04777070063694268,0.04426229508196721,0.09538950715421304,0.03420195439739414,0.12116316639741519,0.061611374407582936,0.05405405405405406,0.05492730210016155,0.07532051282051282,0.05331179321486268,0.08186195826645265,0.08012326656394453,0.08360655737704918,0.05434782608695652,0.1021671826625387,0.0830860534124629,0.07742998352553541,0.09036144578313253,0.07419898819561552,0.0868824531516184,0.05564648117839607,0.1348122866894198,0.04580152671755725,0.06456692913385827,0.07357357357357357,0.06539074960127592,0.08641975308641975,0.05910543130990415,0.064,0.04873949579831933,0.11538461538461539,0.11872909698996656,0.0642504118616145,0.050590219224283306,0.04746835443037975,0.05466237942122187,0.1345514950166113,0.057096247960848286,0.07807308970099668,0.05289256198347107,0.06875,0.05084745762711865,0.0736,0.08077544426494346,0.05509181969949917,0.05509181969949917,0.060655737704918035,0.07491289198606271,0.047619047619047616,0.10543130990415335,0.07425742574257425,0.05564142194744977,0.12057877813504823,0.07865168539325842,0.0640625,0.043478260869565216,0.06918238993710692,0.0729483282674772,0.08346972176759411,0.05625,0.088379705400982,0.088379705400982,0.06935483870967742,0.08333333333333333,0.048286604361370715,0.0878594249201278,0.07389162561576355,0.06487341772151899,0.06487341772151899,0.08842443729903537,0.08051529790660225,0.04862236628849271,0.021775544388609715,0.06046511627906977,0.0858085808580858,0.059907834101382486,0.06369426751592357,0.08427876823338736,0.10866141732283464,0.1057542768273717,0.10801963993453355,0.0636215334420881,0.09891808346213292,0.035541195476575124,0.08943089430894309,0.0578125,0.1,0.06851549755301795,0.0401854714064915,0.0736196319018405,0.03231017770597738,0.03231017770597738,0.034482758620689655,0.08842443729903537,0.06521739130434782,0.09032258064516129,0.031446540880503145,0.05331179321486268,0.0946372239747634,0.038834951456310676,0.07781456953642384,0.07453416149068323,0.11764705882352941,0.08333333333333333,0.043010752688172046,0.06807131280388978,0.06988352745424292,0.047619047619047616,0.08401976935749589,0.10227272727272728,0.08176100628930817
2017,1,9,prevalence,0.11204013377926421,0.06589785831960461,0.07035175879396985,0.05374592833876222,0.03225806451612903,0.08250825082508251,0.10104011887072809,0.06260296540362438,0.06907894736842106,0.04120443740095087,0.05149501661129568,0.05564387917329094,0.04304635761589404,0.09017713365539452,0.0848,0.05246422893481717,0.047697368421052634,0.07742998352553541,0.0655226209048362,0.049441786283891544,0.09212730318257957,0.05263157894736842,0.06840390879478828,0.07084019769357495,0.0642504118616145,0.03872053872053872,0.040336134453781515,0.056962025316455694,0.05642633228840126,0.037953795379537955,0.04679376083188908,0.06818181818181818,0.05529225908372828,0.08320251177394035,0.05997001499250375,0.03139717425431711,0.07532051282051282,0.017361111111111112,0.04897314375987362,0.04617834394904458,0.052805280528052806,0.05901116427432217,0.06210191082802548,0.042833607907743,0.05834683954619125,0.0563165905631659,0.05154639175257732,0.10914927768860354,0.02599388379204893,0.051839464882943144,0.050473186119873815,0.052805280528052806,0.05555555555555555,0.06535947712418301,0.07008547008547009,0.07313195548489666,0.08623548922056384,0.03940886699507389,0.0512,0.04006677796327212,0.046474358974358976,0.04234527687296417,0.05851063829787234,0.07062600321027288,0.061016949152542375,0.04643449419568822,0.03709949409780776,0.0603448275862069,0.02204724409448819,0.06501547987616099,0.06711409395973154,0.06220095693779904,0.06366459627329192,0.061128526645768025,0.025559105431309903,0.08345534407027819,0.043333333333333335,0.0589171974522293,0.04983388704318937,0.03980891719745223,0.06293706293706294,0.0528,0.024752475247524754,0.04897314375987362,0.045171339563862926,0.0717557251908397,0.06210191082802548,0.04770017035775128,0.076158940397351,0.05092592592592592,0.03902439024390244,0.058823529411764705,0.028846153846153848,0.07792207792207792,0.06279434850863422,0.037953795379537955,0.06349206349206349,0.054945054945054944,0.03789126853377265,0.06467661691542288,0.05368098159509203,0.051070840197693576,0.042748091603053436,0.065625,0.05674846625766871,0.051118210862619806,0.07272727272727272,0.06467661691542288,0.07,0.036065573770491806,0.09705372616984402,0.02900763358778626,0.04854368932038835,0.05873015873015873,0.06109324758842444,0.06003159557661927,0.04590163934426229,0.06446540880503145,0.046357615894039736,0.08040201005025126,0.0864600326264274,0.035483870967741936,0.04690117252931323,0.06188925081433225,0.06168831168831169,0.0946372239747634,0.04433497536945813,0.05314009661835749,0.03691275167785235,0.05246422893481717,0.0228310502283105,0.05492730210016155,0.06666666666666667,0.033003300330033,0.033003300330033,0.04361873990306947,0.06164383561643835,0.053712480252764615,0.0794912559618442,0.053833605220228384,0.04173106646058733,0.07849293563579278,0.06546644844517185,0.0544,0.03827751196172249,0.0631911532385466,0.05657492354740061,0.08006535947712418,0.046511627906976744,0.039603960396039604,0.039603960396039604,0.05228758169934641,0.061514195583596214,0.04936305732484077,0.05727554179566564,0.054838709677419356,0.06677524429967427,0.06677524429967427,0.06924315619967794,0.06129032258064516,0.048013245033112585,0.003401360544217687,0.04447852760736196,0.06031746031746032,0.04128440366972477,0.04487179487179487,0.0589171974522293,0.064,0.05451713395638629,0.0713128038897893,0.039586919104991396,0.06596701649175413,0.03104575163398693,0.06320907617504051,0.0390015600624025,0.06774193548387097,0.05509181969949917,0.02627511591962906,0.042899408284023666,0.023064250411861616,0.023064250411861616,0.025974025974025976,0.0589171974522293,0.05405405405405406,0.0744336569579288,0.023474178403755867,0.04361873990306947,0.103125,0.029315960912052116,0.0630048465266559,0.056782334384858045,0.07407407407407407,0.08429752066115702,0.027906976744186046,0.045,0.05351170568561873,0.05100463678516229,0.0656,0.09105431309904154,0.06542056074766354
2018,1,9,prevalence,0.08471760797342193,0.06260032102728733,0.0632279534109817,0.03864734299516908,0.020186335403726708,0.06408094435075885,0.09833585476550681,0.05152979066022544,0.050955414012738856,0.044274809160305344,0.03908794788273615,0.05608974358974359,0.03709949409780776,0.06290322580645161,0.08386075949367089,0.04447852760736196,0.03709949409780776,0.057724957555178265,0.06074766355140187,0.04012841091492777,0.06414473684210527,0.04865771812080537,0.05405405405405406,0.06026058631921824,0.05203252032520325,0.04,0.05008347245409015,0.048265460030165915,0.04120443740095087,0.029850746268656716,0.03758169934640523,0.05778491171749599,0.0448,0.0679304897314376,0.06746626686656672,0.03715170278637771,0.06697819314641744,0.022530329289428077,0.0592,0.04292527821939587,0.04785478547854786,0.036741214057507986,0.04692556634304207,0.02903225806451613,0.044233807266982623,0.05359877488514548,0.033527696793002916,0.060556464811783964,0.024691358024691357,0.05339805825242718,0.0528,0.048,0.045871559633027525,0.04874213836477988,0.07666098807495741,0.05537459283387622,0.08032786885245902,0.03648424543946932,0.03645007923930269,0.05631399317406143,0.029900332225913623,0.046052631578947366,0.09059233449477352,0.06109324758842444,0.04878048780487805,0.03636363636363636,0.030927835051546393,0.03758169934640523,0.027777777777777776,0.06269592476489028,0.04838709677419355,0.05564387917329094,0.0609375,0.0499219968798752,0.028391167192429023,0.07342143906020558,0.037337662337662336,0.048513302034428794,0.048701298701298704,0.03343949044585987,0.04852686308492201,0.04152823920265781,0.0273972602739726,0.052050473186119876,0.04430379746835443,0.05918057663125948,0.05627009646302251,0.038525963149078725,0.0681063122923588,0.043548387096774194,0.053156146179401995,0.046849757673667204,0.02773246329526917,0.05844155844155844,0.03821656050955414,0.03486529318541997,0.06913183279742766,0.03894080996884735,0.031096563011456628,0.05844155844155844,0.04716981132075472,0.0457516339869281,0.043076923076923075,0.03827751196172249,0.0669710806697108,0.02857142857142857,0.055031446540880505,0.043993231810490696,0.05306799336650083,0.02631578947368421,0.05975395430579965,0.02034428794992175,0.038461538461538464,0.03912363067292645,0.06482982171799027,0.06144393241167435,0.03420195439739414,0.061788617886178863,0.0392156862745098,0.04340567612687813,0.06732348111658457,0.027552674230145867,0.04975124378109453,0.04862236628849271,0.06602254428341385,0.0529500756429652,0.03735144312393888,0.038338658146964855,0.027210884353741496,0.03054662379421222,0.018518518518518517,0.06016260162601626,0.06546644844517185,0.028526148969889066,0.028526148969889066,0.03398058252427184,0.05381944444444445,0.05778491171749599,0.09047619047619047,0.05,0.035256410256410256,0.04573170731707317,0.04833333333333333,0.04754358161648178,0.037337662337662336,0.05287713841368585,0.04487179487179487,0.07272727272727272,0.0529500756429652,0.03588907014681892,0.03588907014681892,0.04882154882154882,0.05100463678516229,0.046849757673667204,0.06269592476489028,0.037037037037037035,0.04355108877721943,0.04355108877721943,0.0490506329113924,0.054009819967266774,0.04433497536945813,0.0,0.038580246913580245,0.053712480252764615,0.02945736434108527,0.041390728476821195,0.04213938411669368,0.05354330708661417,0.052050473186119876,0.05732484076433121,0.04582651391162029,0.04640718562874251,0.030405405405405407,0.052547770700636945,0.031201248049921998,0.09816971713810316,0.04567699836867863,0.023183925811437404,0.0392156862745098,0.014802631578947368,0.014802631578947368,0.01864406779661017,0.04738562091503268,0.04360902255639098,0.04854368932038835,0.018575851393188854,0.038523274478330656,0.06656346749226007,0.0249609984399376,0.039936102236421724,0.055031446540880505,0.05457463884430177,0.057724957555178265,0.021705426356589147,0.04038772213247173,0.049342105263157895,0.057750759878419454,0.04709576138147567,0.08210180623973727,0.05826771653543307
2019,1,9,prevalence,0.06741573033707865,0.06016260162601626,0.05930807248764415,0.03827751196172249,0.01834862385321101,0.043993231810490696,0.08841463414634146,0.044657097288676235,0.044233807266982623,0.03852080123266564,0.08576051779935275,0.04739336492890995,0.05454545454545454,0.07855973813420622,0.1035548686244204,0.03840245775729647,0.03940886699507389,0.042105263157894736,0.08668730650154799,0.0594679186228482,0.05519480519480519,0.04145936981757877,0.05612244897959184,0.06354515050167224,0.03902439024390244,0.04679376083188908,0.05,0.04608294930875576,0.03503184713375796,0.024469820554649267,0.026771653543307086,0.06688417618270799,0.04433497536945813,0.060556464811783964,0.06047197640117994,0.04126984126984127,0.06190476190476191,0.029310344827586206,0.09508716323296355,0.03877221324717286,0.026936026936026935,0.03685897435897436,0.04862236628849271,0.03668261562998405,0.03732503888024884,0.0530421216848674,0.027900146842878122,0.06446540880503145,0.025796661608497723,0.051666666666666666,0.09364548494983277,0.03129890453834116,0.03064516129032258,0.043478260869565216,0.07155025553662692,0.057755775577557754,0.10064935064935066,0.03588907014681892,0.03442879499217527,0.05804311774461028,0.03488372093023256,0.05237315875613748,0.10829103214890017,0.0492845786963434,0.04146730462519936,0.03431372549019608,0.04340567612687813,0.03305785123966942,0.023411371237458192,0.052715654952076675,0.03776683087027915,0.050488599348534204,0.09728867623604466,0.06041335453100159,0.02922077922077922,0.060561299852289516,0.03685897435897436,0.04084720121028744,0.07568438003220612,0.02912621359223301,0.05102040816326531,0.03639240506329114,0.025041736227045076,0.06379585326953748,0.03470031545741325,0.053208137715179966,0.06050955414012739,0.03361344537815126,0.064891846921797,0.052969502407704656,0.06546644844517185,0.05314009661835749,0.025848142164781908,0.05582922824302135,0.03490136570561457,0.02073365231259968,0.09046052631578948,0.026865671641791045,0.022727272727272728,0.054514480408858604,0.04889589905362776,0.03542673107890499,0.041990668740279936,0.0256797583081571,0.04573170731707317,0.023510971786833857,0.06055900621118013,0.04180602006688963,0.04054054054054054,0.02138157894736842,0.07560137457044673,0.016025641025641024,0.03262642740619902,0.03759398496240601,0.07419354838709677,0.07668231611893583,0.036741214057507986,0.05324459234608985,0.061461794019933555,0.04047217537942664,0.05161290322580645,0.0256,0.05351170568561873,0.036065573770491806,0.06589785831960461,0.05828220858895705,0.025380710659898477,0.024875621890547265,0.04067796610169491,0.022764227642276424,0.018518518518518517,0.056818181818181816,0.08319738988580751,0.023510971786833857,0.023510971786833857,0.05177993527508091,0.0506108202443281,0.07246376811594203,0.07448494453248812,0.03140495867768595,0.020766773162939296,0.058544303797468354,0.035175879396984924,0.04516129032258064,0.028052805280528052,0.05457463884430177,0.048818897637795275,0.08135593220338982,0.07355242566510173,0.044189852700491,0.044189852700491,0.03776683087027915,0.04281345565749235,0.028875379939209727,0.08056872037914692,0.025682182985553772,0.03409090909090909,0.03409090909090909,0.04276315789473684,0.05357142857142857,0.039936102236421724,0.0,0.024077046548956663,0.03076923076923077,0.023547880690737835,0.03968253968253968,0.025477707006369428,0.056,0.050156739811912224,0.042789223454833596,0.03594771241830065,0.03550295857988166,0.025252525252525252,0.04038772213247173,0.037914691943127965,0.1513157894736842,0.036605657237936774,0.01904761904761905,0.04559270516717325,0.020338983050847456,0.020338983050847456,0.021775544388609715,0.04333868378812199,0.05206738131699847,0.042483660130718956,0.020186335403726708,0.04582651391162029,0.0706605222734255,0.023734177215189875,0.026194144838212634,0.04538087520259319,0.05501618122977346,0.07692307692307693,0.02177293934681182,0.029556650246305417,0.07037643207855974,0.07087827426810478,0.03680981595092025,0.13584288052373159,0.055384615384615386
2020,1,9,prevalence,0.05466237942122187,0.0840064620355412,0.05490848585690516,0.039538714991762765,0.018209408194233688,0.03355704697986577,0.08121019108280254,0.028037383177570093,0.052132701421800945,0.03186646433990895,0.09485530546623794,0.03745928338762215,0.05555555555555555,0.09735973597359736,0.1021671826625387,0.03554868624420402,0.04051863857374392,0.03664921465968586,0.07644305772230889,0.06507936507936508,0.041666666666666664,0.03542673107890499,0.042692939244663386,0.09546925566343042,0.033112582781456956,0.03231292517006803,0.08688524590163935,0.034482758620689655,0.03317535545023697,0.022617124394184167,0.032,0.06761006289308176,0.048701298701298704,0.046251993620414676,0.08545727136431784,0.055031446540880505,0.03943217665615142,0.02218430034129693,0.12857142857142856,0.02875399361022364,0.026771653543307086,0.022727272727272728,0.0448,0.06115702479338843,0.03379416282642089,0.052050473186119876,0.02446043165467626,0.06055900621118013,0.026397515527950312,0.03859060402684564,0.1447587354409318,0.021739130434782608,0.05032467532467533,0.033846153846153845,0.07407407407407407,0.08427876823338736,0.09477124183006536,0.03600654664484452,0.041033434650455926,0.07407407407407407,0.027823240589198037,0.10743801652892562,0.16101694915254236,0.034482758620689655,0.03271028037383177,0.027914614121510674,0.06010016694490818,0.029508196721311476,0.022727272727272728,0.05705229793977813,0.02800658978583196,0.03877221324717286,0.15851602023608768,0.06568144499178982,0.028892455858747994,0.06480117820324006,0.024469820554649267,0.035493827160493825,0.06456953642384106,0.033707865168539325,0.044189852700491,0.024883359253499222,0.025423728813559324,0.08744038155802862,0.04012841091492777,0.048513302034428794,0.0733652312599681,0.03372681281618887,0.059900166389351084,0.08176100628930817,0.11519198664440734,0.04791344667697063,0.015,0.04516129032258064,0.02727272727272727,0.010835913312693499,0.11235955056179775,0.019461077844311378,0.01867572156196944,0.04194630872483222,0.05754276827371695,0.0330188679245283,0.05384615384615385,0.015455950540958269,0.04081632653061224,0.0189873417721519,0.07120253164556962,0.0464,0.041390728476821195,0.02384737678855326,0.12607944732297063,0.011217948717948718,0.028708133971291867,0.03323262839879154,0.06614173228346457,0.09841269841269841,0.022292993630573247,0.04452054794520548,0.07532051282051282,0.061224489795918366,0.04669887278582931,0.024115755627009645,0.05306799336650083,0.038834951456310676,0.04873949579831933,0.06948640483383686,0.02348993288590604,0.02280130293159609,0.04697986577181208,0.017915309446254073,0.015313935681470138,0.0554675118858954,0.13782051282051283,0.024469820554649267,0.024469820554649267,0.051364365971107544,0.04869565217391304,0.0685805422647528,0.0685805422647528,0.030694668820678513,0.022764227642276424,0.04375,0.04310344827586207,0.03035143769968051,0.023890784982935155,0.08333333333333333,0.050488599348534204,0.10197368421052631,0.1016949152542373,0.07082630691399663,0.07082630691399663,0.028428093645484948,0.04938271604938271,0.01943198804185351,0.07692307692307693,0.022838499184339316,0.03104575163398693,0.03104575163398693,0.037953795379537955,0.04574132492113565,0.03858520900321544,0.0,0.022690437601296597,0.02748091603053435,0.031007751937984496,0.047021943573667714,0.024077046548956663,0.06020066889632107,0.049679487179487176,0.06436420722135008,0.02388535031847134,0.03313253012048193,0.033783783783783786,0.031496062992125984,0.03896103896103896,0.15570934256055363,0.03284072249589491,0.014040561622464899,0.0578386605783866,0.014827018121911038,0.014827018121911038,0.011884550084889643,0.024752475247524754,0.04579025110782865,0.0358814352574103,0.026856240126382307,0.02857142857142857,0.07142857142857142,0.022727272727272728,0.022796352583586626,0.060655737704918035,0.06129032258064516,0.08417508417508418,0.01567398119122257,0.03403565640194489,0.09001636661211129,0.0828125,0.027314112291350532,0.18459069020866772,0.04559748427672956
2021,1,9,prevalence,0.038834951456310676,0.10917721518987342,0.042692939244663386,0.04538087520259319,0.019345238095238096,0.028846153846153848,0.09486780715396578,0.022151898734177215,0.040453074433656956,0.04866562009419152,0.0781758957654723,0.025974025974025976,0.08471760797342193,0.08207705192629816,0.11800302571860817,0.030211480362537766,0.031545741324921134,0.029462738301559793,0.1059190031152648,0.04823151125401929,0.03064516129032258,0.030944625407166124,0.03531300160513644,0.0766721044045677,0.0282574568288854,0.01507537688442211,0.08375209380234507,0.03930817610062893,0.04326923076923077,0.012841091492776886,0.027823240589198037,0.05763239875389408,0.03666666666666667,0.02843601895734597,0.14551083591331268,0.07792207792207792,0.03968253968253968,0.04220779220779221,0.21153846153846154,0.027419354838709678,0.03225806451612903,0.03241491085899514,0.04953560371517028,0.05392156862745098,0.03307086614173228,0.032362459546925564,0.020771513353115726,0.056402439024390245,0.025477707006369428,0.0256,0.17953020134228187,0.01589825119236884,0.04383116883116883,0.024390243902439025,0.0928,0.07528641571194762,0.07462686567164178,0.048,0.06172839506172839,0.11774461028192372,0.019672131147540985,0.19934640522875818,0.3221476510067114,0.027070063694267517,0.027331189710610933,0.026813880126182965,0.06310679611650485,0.019448946515397084,0.01015228426395939,0.0732484076433121,0.04065040650406504,0.05186385737439222,0.27008547008547007,0.09682804674457429,0.036065573770491806,0.07142857142857142,0.03470031545741325,0.0297339593114241,0.07933884297520662,0.019169329073482427,0.061488673139158574,0.01524390243902439,0.03015075376884422,0.10093167701863354,0.059282371294851796,0.08051529790660225,0.12678288431061807,0.02138157894736842,0.06208053691275168,0.08024691358024691,0.11813643926788686,0.06287425149700598,0.016366612111292964,0.03354632587859425,0.024242424242424242,0.006279434850863423,0.12269938650306748,0.013803680981595092,0.01639344262295082,0.0347682119205298,0.0343213728549142,0.04006410256410257,0.06761006289308176,0.0125,0.04340836012861737,0.015527950310559006,0.06158833063209076,0.042789223454833596,0.032679738562091505,0.02332814930015552,0.15025041736227046,0.01282051282051282,0.0304,0.0258751902587519,0.06037151702786378,0.11544461778471139,0.01589825119236884,0.05217391304347826,0.10625,0.061016949152542375,0.0634648370497427,0.02926829268292683,0.06611570247933884,0.05519480519480519,0.058922558922558925,0.0900763358778626,0.023931623931623933,0.02280130293159609,0.06112054329371817,0.01468189233278956,0.014285714285714285,0.03918495297805643,0.19767441860465115,0.01644736842105263,0.01644736842105263,0.06836248012718601,0.06091370558375635,0.0633116883116883,0.058084772370486655,0.03343949044585987,0.015,0.0698051948051948,0.07653061224489796,0.022222222222222223,0.025380710659898477,0.09803921568627451,0.042692939244663386,0.1721311475409836,0.10542635658914729,0.1832797427652733,0.1832797427652733,0.018612521150592216,0.06677018633540373,0.021148036253776436,0.07744107744107744,0.016129032258064516,0.04065040650406504,0.04065040650406504,0.03535353535353535,0.036741214057507986,0.03015873015873016,0.0,0.018867924528301886,0.04216867469879518,0.018575851393188854,0.059654631083202514,0.019261637239165328,0.03789126853377265,0.06339144215530904,0.05409582689335394,0.02073365231259968,0.02848575712143928,0.054455445544554455,0.027463651050080775,0.06060606060606061,0.1899159663865546,0.03189792663476874,0.01468189233278956,0.05891472868217054,0.009852216748768473,0.009852216748768473,0.010033444816053512,0.01468189233278956,0.06787330316742081,0.021875,0.025796661608497723,0.04991394148020654,0.08809891808346214,0.016638935108153077,0.01951951951951952,0.07467532467532467,0.06260032102728733,0.1076158940397351,0.014516129032258065,0.02047244094488189,0.13099041533546327,0.083596214511041,0.02723146747352496,0.2577639751552795,0.040453074433656956
2022,1,9,prevalence,0.03403565640194489,0.172859450726979,0.059654631083202514,0.040983606557377046,0.025411061285500747,0.017828200972447326,0.13354531001589826,0.01765650080256822,0.03453689167974882,0.049766718506998445,0.11041009463722397,0.026101141924959218,0.14473684210526316,0.10732538330494037,0.10869565217391304,0.025602409638554216,0.024115755627009645,0.02631578947368421,0.154434250764526,0.05365853658536585,0.024271844660194174,0.024549918166939442,0.024844720496894408,0.06568144499178982,0.02472952086553323,0.019966722129783693,0.08223684210526316,0.054602184087363496,0.07108239095315025,0.008077544426494346,0.06070287539936102,0.0499219968798752,0.027777777777777776,0.02377179080824089,0.153125,0.06818181818181818,0.037037037037037035,0.05238095238095238,0.271875,0.01800327332242226,0.040584415584415584,0.02875399361022364,0.06836248012718601,0.04658901830282862,0.023474178403755867,0.04530201342281879,0.021705426356589147,0.06366459627329192,0.023547880690737835,0.028616852146263912,0.1857379767827529,0.00974025974025974,0.06260296540362438,0.018018018018018018,0.16282642089093702,0.04723127035830619,0.054514480408858604,0.07496012759170653,0.0696969696969697,0.143317230273752,0.013289036544850499,0.20583468395461912,0.48293515358361777,0.02304147465437788,0.022292993630573247,0.020602218700475437,0.10651828298887123,0.012618296529968454,0.008375209380234505,0.08653846153846154,0.03776683087027915,0.08695652173913043,0.2672268907563025,0.12558869701726844,0.03488372093023256,0.104199066874028,0.057902973395931145,0.0189873417721519,0.08347245409015025,0.013513513513513514,0.05451713395638629,0.009244992295839754,0.04051863857374392,0.08024691358024691,0.09523809523809523,0.07026143790849673,0.20508744038155802,0.013245033112582781,0.061461794019933555,0.08923076923076922,0.13687600644122383,0.09063893016344725,0.014423076923076924,0.031201248049921998,0.02127659574468085,0.004709576138147566,0.1555891238670695,0.010703363914373088,0.006578947368421052,0.026058631921824105,0.060092449922958396,0.032362459546925564,0.10426540284360189,0.007656967840735069,0.030694668820678513,0.01238390092879257,0.09437086092715231,0.044753086419753084,0.018121911037891267,0.026771653543307086,0.21207177814029363,0.008,0.018867924528301886,0.02108433734939759,0.09298780487804878,0.14195583596214512,0.02531645569620253,0.04355108877721943,0.0914826498422713,0.08239095315024232,0.08183306055646482,0.025477707006369428,0.08116883116883117,0.050393700787401574,0.03608247422680412,0.06842923794712286,0.008726003490401396,0.01932367149758454,0.06568144499178982,0.027823240589198037,0.012965964343598054,0.0359375,0.22843450479233227,0.008237232289950576,0.008237232289950576,0.06739811912225706,0.04201680672268908,0.05834683954619125,0.054009819967266774,0.05023547880690738,0.009852216748768473,0.06372549019607843,0.07809847198641766,0.01765650080256822,0.01680672268907563,0.0966183574879227,0.04697986577181208,0.208130081300813,0.13064516129032258,0.296,0.296,0.015280135823429542,0.06055900621118013,0.012213740458015267,0.05555555555555555,0.016366612111292964,0.025848142164781908,0.025848142164781908,0.026578073089700997,0.03166666666666667,0.020569620253164556,0.0,0.015625,0.03426791277258567,0.013740458015267175,0.05956112852664577,0.012598425196850394,0.027375201288244767,0.1332263242375602,0.03697749196141479,0.017713365539452495,0.03076923076923077,0.0762987012987013,0.022187004754358162,0.06942148760330578,0.24315068493150685,0.022082018927444796,0.011254019292604502,0.07963246554364471,0.014802631578947368,0.014802631578947368,0.006791171477079796,0.014729950900163666,0.11317829457364341,0.010819165378670788,0.022970903522205207,0.06563039723661486,0.1076923076923077,0.014492753623188406,0.011577424023154847,0.13354531001589826,0.06299212598425197,0.11794871794871795,0.009523809523809525,0.02040816326530612,0.20398773006134968,0.09162717219589257,0.037481259370314844,0.2643856920684292,0.03230769230769231
2023,1,9,prevalence,0.026755852842809364,0.2696629213483146,0.12168486739469579,0.0491283676703645,0.03625377643504532,0.007911392405063292,0.15625,0.023474178403755867,0.026016260162601626,0.07878787878787878,0.13513513513513514,0.031545741324921134,0.1896838602329451,0.16129032258064516,0.09545454545454546,0.015105740181268883,0.02106969205834684,0.013628620102214651,0.17027863777089783,0.08463949843260188,0.013223140495867768,0.011419249592169658,0.023474178403755867,0.09872611464968153,0.01818181818181818,0.009983361064891847,0.06514657980456026,0.06339144215530904,0.06969205834683954,0.008064516129032258,0.08667736757624397,0.05446293494704992,0.02152317880794702,0.007898894154818325,0.15064102564102563,0.08809135399673736,0.03565640194489465,0.047619047619047616,0.33796296296296297,0.011475409836065573,0.03125,0.029079159935379646,0.0630048465266559,0.05695142378559464,0.015723270440251572,0.09634551495016612,0.025078369905956112,0.06736526946107785,0.03470031545741325,0.02664576802507837,0.2629032258064516,0.006535947712418301,0.07389162561576355,0.012121212121212121,0.1951588502269289,0.046801872074883,0.06357388316151202,0.09385113268608414,0.07132018209408195,0.20727848101265822,0.008223684210526315,0.25990491283676703,0.448566610455312,0.012084592145015106,0.0110062893081761,0.01263823064770932,0.12480252764612954,0.00964630225080386,0.003418803418803419,0.09933774834437085,0.05714285714285714,0.08771929824561403,0.25287356321839083,0.14215686274509803,0.03316749585406302,0.11885895404120443,0.088,0.01088646967340591,0.07095709570957096,0.009933774834437087,0.06200317965023847,0.005952380952380952,0.04769475357710652,0.05598755832037325,0.1353637901861252,0.05950413223140496,0.28225806451612906,0.0049261083743842365,0.06166666666666667,0.06880733944954129,0.14733542319749215,0.06441717791411043,0.00641025641025641,0.017214397496087636,0.01746031746031746,0.004622496147919877,0.22272727272727272,0.004552352048558422,0.006220839813374806,0.027156549520766772,0.06396255850234009,0.027287319422150885,0.15689381933438987,0.0109204368174727,0.0296875,0.007849293563579277,0.09531502423263329,0.043076923076923075,0.012195121951219513,0.027649769585253458,0.2716049382716049,0.004918032786885246,0.009375,0.01355421686746988,0.1274658573596358,0.19138755980861244,0.027156549520766772,0.03431372549019608,0.088,0.09516380655226209,0.0991869918699187,0.026604068857589983,0.10078740157480315,0.050156739811912224,0.03322259136212625,0.06855439642324888,0.006956521739130435,0.012965964343598054,0.07833333333333334,0.054187192118226604,0.009615384615384616,0.04595879556259905,0.25541795665634676,0.005067567567567568,0.005067567567567568,0.0890302066772655,0.017857142857142856,0.06732348111658457,0.06158833063209076,0.04961240310077519,0.013468013468013467,0.07479674796747968,0.08774834437086093,0.008237232289950576,0.015126050420168067,0.1111111111111111,0.06930693069306931,0.27821939586645467,0.1435483870967742,0.2969502407704655,0.2969502407704655,0.008347245409015025,0.058823529411764705,0.02723146747352496,0.04647160068846816,0.011272141706924315,0.03099510603588907,0.03099510603588907,0.011254019292604502,0.027552674230145867,0.012519561815336464,0.0,0.012422360248447204,0.03779527559055118,0.013740458015267175,0.044657097288676235,0.012944983818770227,0.012944983818770227,0.1631321370309951,0.027375201288244767,0.012718600953895072,0.029921259842519685,0.14937106918238993,0.009836065573770493,0.11783960720130933,0.25742574257425743,0.01607717041800643,0.006514657980456026,0.09172932330827067,0.01935483870967742,0.01935483870967742,0.009836065573770493,0.00825082508250825,0.160828025477707,0.009188361408882083,0.02531645569620253,0.08346972176759411,0.10648148148148148,0.011128775834658187,0.011644832605531296,0.14332784184514002,0.07255520504731862,0.16055846422338568,0.0031446540880503146,0.019417475728155338,0.2798165137614679,0.0706436420722135,0.0239880059970015,0.21141975308641975,0.014106583072100314
2024,1,9,prevalence,0.02276707530647986,0.3387358184764992,0.24336973478939158,0.05582137161084529,0.031914893617021274,0.0030627871362940277,0.1850079744816587,0.02050473186119874,0.015772870662460567,0.06891271056661562,0.14953271028037382,0.03464566929133858,0.23825503355704697,0.21885521885521886,0.10909090909090909,0.0015384615384615385,0.014446227929373997,0.0273972602739726,0.22356495468277945,0.104199066874028,0.004878048780487805,0.001597444089456869,0.004815409309791332,0.1168,0.019548872180451128,0.0033003300330033004,0.04784688995215311,0.07210031347962383,0.07009345794392523,0.0015723270440251573,0.16588419405320814,0.045454545454545456,0.01957585644371941,0.0015873015873015873,0.22564935064935066,0.18487394957983194,0.04111842105263158,0.07244094488188976,0.26802507836990597,0.004909983633387889,0.03915171288743882,0.030944625407166124,0.10163934426229508,0.06591639871382636,0.00631911532385466,0.10149750415973377,0.015748031496062992,0.08011869436201781,0.0984375,0.026194144838212634,0.2146422628951747,0.001639344262295082,0.09253246753246754,0.008902077151335312,0.19754977029096477,0.03470031545741325,0.06965174129353234,0.1357615894039735,0.06525037936267071,0.27488151658767773,0.003355704697986577,0.26973684210526316,0.2902684563758389,0.0048,0.003189792663476874,0.006482982171799027,0.17179902755267423,0.0032258064516129032,0.006600660066006601,0.09415584415584416,0.08306709265175719,0.10634920634920635,0.22644628099173553,0.14356435643564355,0.024429967426710098,0.11234177215189874,0.15321252059308071,0.0,0.0532258064516129,0.021035598705501618,0.09104477611940298,0.0029985007496251873,0.04574132492113565,0.05963302752293578,0.14189189189189189,0.04915254237288136,0.33980582524271846,0.0,0.039603960396039604,0.06027820710973725,0.13449367088607594,0.06998444790046657,0.00966183574879227,0.008012820512820512,0.009584664536741214,0.0,0.2620481927710843,0.0,0.003076923076923077,0.014331210191082803,0.05763239875389408,0.014195583596214511,0.1674565560821485,0.006379585326953748,0.02336448598130841,0.004754358161648178,0.12828947368421054,0.08160237388724036,0.003372681281618887,0.02476780185758514,0.2863568215892054,0.00686106346483705,0.0046801872074883,0.0029940119760479044,0.15606060606060607,0.26582278481012656,0.028481012658227847,0.054945054945054944,0.13408723747980614,0.12519809825673534,0.12698412698412698,0.028125,0.18225039619651348,0.06807131280388978,0.03685897435897436,0.0688622754491018,0.015254237288135594,0.013008130081300813,0.10927152317880795,0.10396039603960396,0.0,0.07348242811501597,0.303951367781155,0.003372681281618887,0.003372681281618887,0.12796208530805686,0.014705882352941176,0.07754442649434572,0.11272141706924316,0.07435508345978756,0.0387858347386172,0.14217252396166133,0.12924071082390953,0.0016501650165016502,0.015228426395939087,0.18120805369127516,0.10784313725490197,0.2618296529968454,0.14686468646864687,0.26582278481012656,0.26582278481012656,0.0032948929159802307,0.05787781350482315,0.023809523809523808,0.06013745704467354,0.0016286644951140066,0.044189852700491,0.044189852700491,0.00315955766192733,0.028333333333333332,0.01804511278195489,0.0,0.012558869701726845,0.047540983606557376,0.021705426356589147,0.07903225806451612,0.004862236628849271,0.00974025974025974,0.16536661466458658,0.03054662379421222,0.0032102728731942215,0.05314009661835749,0.22565687789799072,0.008077544426494346,0.1500815660685155,0.20880913539967375,0.006389776357827476,0.0032310177705977385,0.10029940119760479,0.01282051282051282,0.01282051282051282,0.01340033500837521,0.0033112582781456954,0.22820919175911253,0.0014970059880239522,0.024793388429752067,0.08280254777070063,0.15288611544461778,0.0,0.004392386530014641,0.18790849673202614,0.08,0.1867572156196944,0.001594896331738437,0.012944983818770227,0.3436123348017621,0.06896551724137931,0.019005847953216373,0.16485225505443235,0.019867549668874173
2025,1,9,prevalence,0.017889087656529516,0.3627450980392157,0.35714285714285715,0.09273570324574962,0.03201219512195122,0.0015037593984962407,0.20327868852459016,0.020186335403726708,0.017377567140600316,0.07878787878787878,0.1786833855799373,0.05152979066022544,0.30666666666666664,0.28498293515358364,0.11596385542168675,0.0,0.014492753623188406,0.031198686371100164,0.3052464228934817,0.08527131782945736,0.0016129032258064516,0.0,0.0,0.11181102362204724,0.03953147877013177,0.008460236886632826,0.026359143327841845,0.09003215434083602,0.104,0.0,0.2589147286821705,0.04024767801857585,0.013445378151260505,0.0016207455429497568,0.26163723916532905,0.24013157894736842,0.06984667802385008,0.06567164179104477,0.2220447284345048,0.0,0.12121212121212122,0.0397456279809221,0.16666666666666666,0.0888529886914378,0.009508716323296355,0.155,0.017713365539452495,0.10176991150442478,0.1564945226917058,0.03162650602409638,0.15191986644407346,0.0016474464579901153,0.09379968203497616,0.0030120481927710845,0.200920245398773,0.022508038585209004,0.06788079470198675,0.19312602291325695,0.05405405405405406,0.305993690851735,0.001639344262295082,0.2127659574468085,0.24077046548956663,0.0031397174254317113,0.0,0.0016181229773462784,0.28459119496855345,0.004901960784313725,0.020700636942675158,0.09283387622149837,0.1578125,0.10806451612903226,0.1695205479452055,0.1449511400651466,0.04180064308681672,0.13333333333333333,0.2958677685950413,0.0,0.057971014492753624,0.025396825396825397,0.0874074074074074,0.0014925373134328358,0.05,0.10429447852760736,0.14067796610169492,0.07288135593220339,0.32137030995106036,0.0016181229773462784,0.038397328881469114,0.07142857142857142,0.09744408945686901,0.056162246489859596,0.003179650238473768,0.0,0.011093502377179081,0.0,0.2237871674491393,0.0,0.0014970059880239522,0.015479876160990712,0.05388272583201268,0.004807692307692308,0.21300813008130082,0.0016233766233766235,0.011272141706924315,0.00333889816360601,0.12876254180602006,0.10087719298245613,0.0,0.013996889580093312,0.22403560830860533,0.00322061191626409,0.003076923076923077,0.0,0.20795107033639143,0.275,0.023255813953488372,0.060995184590690206,0.16748768472906403,0.1302250803858521,0.1518987341772152,0.037914691943127965,0.1926040061633282,0.08291873963515754,0.03937007874015748,0.07578008915304606,0.0196078431372549,0.014975041597337771,0.1404109589041096,0.18270799347471453,0.0,0.09163987138263666,0.3235747303543914,0.0015822784810126582,0.0015822784810126582,0.1921259842519685,0.008064516129032258,0.1038961038961039,0.18945634266886327,0.08620689655172414,0.06040268456375839,0.16134185303514376,0.18630573248407642,0.001652892561983471,0.0033222591362126247,0.24302134646962234,0.11993517017828201,0.2031496062992126,0.16555183946488294,0.18495297805642633,0.18495297805642633,0.001639344262295082,0.04111842105263158,0.041158536585365856,0.06802721088435375,0.0016638935108153079,0.058922558922558925,0.058922558922558925,0.0031847133757961785,0.04047217537942664,0.0121580547112462,0.0,0.0112,0.054838709677419356,0.01687116564417178,0.12038523274478331,0.0016339869281045752,0.014827018121911038,0.15279878971255673,0.011494252873563218,0.0,0.05,0.22741433021806853,0.006329113924050633,0.1371610845295056,0.16908212560386474,0.008077544426494346,0.0016501650165016502,0.1006006006006006,0.012213740458015267,0.012213740458015267,0.021666666666666667,0.0016556291390728477,0.26038338658146964,0.0,0.030844155844155844,0.03761755485893417,0.1939799331103679,0.001584786053882726,0.0014577259475218659,0.2922297297297297,0.11183144246353323,0.1806020066889632,0.0015873015873015873,0.01788617886178862,0.3146417445482866,0.0680379746835443,0.017699115044247787,0.13023255813953488,0.02145214521452145
