Time,age_start,age_end,measure,draw_0,draw_1,draw_2,draw_3,draw_4,draw_5,draw_6,draw_7,draw_8,draw_9,draw_10,draw_11,draw_12,draw_13,draw_14,draw_15,draw_16,draw_17,draw_18,draw_19,draw_20,draw_21,draw_22,draw_23,draw_24,draw_25,draw_26,draw_27,draw_28,draw_29,draw_30,draw_31,draw_32,draw_33,draw_34,draw_35,draw_36,draw_37,draw_38,draw_39,draw_40,draw_41,draw_42,draw_43,draw_44,draw_45,draw_46,draw_47,draw_48,draw_49,draw_50,draw_51,draw_52,draw_53,draw_54,draw_55,draw_56,draw_57,draw_58,draw_59,draw_60,draw_61,draw_62,draw_63,draw_64,draw_65,draw_66,draw_67,draw_68,draw_69,draw_70,draw_71,draw_72,draw_73,draw_74,draw_75,draw_76,draw_77,draw_78,draw_79,draw_80,draw_81,draw_82,draw_83,draw_84,draw_85,draw_86,draw_87,draw_88,draw_89,draw_90,draw_91,draw_92,draw_93,draw_94,draw_95,draw_96,draw_97,draw_98,draw_99,draw_100,draw_101,draw_102,draw_103,draw_104,draw_105,draw_106,draw_107,draw_108,draw_109,draw_110,draw_111,draw_112,draw_113,draw_114,draw_115,draw_116,draw_117,draw_118,draw_119,draw_120,draw_121,draw_122,draw_123,draw_124,draw_125,draw_126,draw_127,draw_128,draw_129,draw_130,draw_131,draw_132,draw_133,draw_134,draw_135,draw_136,draw_137,draw_138,draw_139,draw_140,draw_141,draw_142,draw_143,draw_144,draw_145,draw_146,draw_147,draw_148,draw_149,draw_150,draw_151,draw_152,draw_153,draw_154,draw_155,draw_156,draw_157,draw_158,draw_159,draw_160,draw_161,draw_162,draw_163,draw_164,draw_165,draw_166,draw_167,draw_168,draw_169,draw_170,draw_171,draw_172,draw_173,draw_174,draw_175,draw_176,draw_177,draw_178,draw_179,draw_180,draw_181,draw_182,draw_183,draw_184,draw_185,draw_186,draw_187,draw_188,draw_189,draw_190,draw_191,draw_192,draw_193,draw_194,draw_195,draw_196,draw_197,draw_198,draw_199
1996,1,9,prevalence,0.23127035830618892,0.06060606060606061,0.17535545023696683,0.1642512077294686,0.09794628751974724,0.05834683954619125,0.11793214862681745,0.10620915032679738,0.18604651162790697,0.24838709677419354,0.1607717041800643,0.0770392749244713,0.08828250401284109,0.16613418530351437,0.02027027027027027,0.0384,0.11882716049382716,0.24525316455696203,0.09298780487804878,0.1476923076923077,0.20440251572327045,0.22327044025157233,0.13079470198675497,0.1408,0.18524332810047095,0.2085889570552147,0.24233128834355827,0.1125,0.054858934169279,0.06376360808709176,0.07894736842105263,0.10946745562130178,0.17984496124031008,0.04179566563467492,0.23500810372771475,0.12310286677908938,0.15736040609137056,0.06750392464678179,0.04496124031007752,0.30625,0.1321656050955414,0.17246596066565809,0.0864,0.23333333333333334,0.19664634146341464,0.0016474464579901153,0.08682170542635659,0.1062874251497006,0.1996996996996997,0.2081513828238719,0.2476780185758514,0.041666666666666664,0.16346153846153846,0.09322033898305085,0.05891472868217054,0.048286604361370715,0.1584,0.1614420062695925,0.0794912559618442,0.04854368932038835,0.18484848484848485,0.2915309446254072,0.16611295681063123,0.16611295681063123,0.2052980132450331,0.17138364779874213,0.23868954758190328,0.1832797427652733,0.19734660033167495,0.3323262839879154,0.009787928221859706,0.009787928221859706,0.23880597014925373,0.13548387096774195,0.20126782884310618,0.08702290076335878,0.10014947683109118,0.16693418940609953,0.1404320987654321,0.06814580031695722,0.08602150537634409,0.06626506024096386,0.16721311475409836,0.0967238689547582,0.1561051004636785,0.035256410256410256,0.08441558441558442,0.051829268292682924,0.11975116640746501,0.0444104134762634,0.044407894736842105,0.01263823064770932,0.24429967426710097,0.20588235294117646,0.13513513513513514,0.1996904024767802,0.0015220700152207,0.1180327868852459,0.21601208459214502,0.0966183574879227,0.09181969949916527,0.23222748815165878,0.030448717948717948,0.25038880248833595,0.09774436090225563,0.26833073322932915,0.26833073322932915,0.26833073322932915,0.26833073322932915,0.14026402640264027,0.0128,0.0128,0.0,0.16941529235382308,0.16941529235382308,0.16941529235382308,0.1056,0.12057877813504823,0.20095693779904306,0.20095693779904306,0.20095693779904306,0.11755485893416928,0.21087314662273476,0.036308623298033284,0.16772151898734178,0.15303030303030302,0.16422764227642275,0.3307926829268293,0.1611842105263158,0.1,0.22756410256410256,0.14536741214057508,0.14536741214057508,0.19122257053291536,0.2229299363057325,0.0432,0.11808669656203288,0.14285714285714285,0.16104294478527606,0.13671274961597543,0.011093502377179081,0.12844036697247707,0.17739403453689168,0.19538461538461538,0.13488372093023257,0.12135176651305683,0.18847352024922118,0.17701863354037267,0.03308270676691729,0.2922077922077922,0.2107843137254902,0.19462025316455697,0.12939297124600638,0.13740458015267176,0.0017094017094017094,0.0017094017094017094,0.04508856682769726,0.04821150855365474,0.1026936026936027,0.1026936026936027,0.1026936026936027,0.08986928104575163,0.11282843894899536,0.09256449165402124,0.08602150537634409,0.12578616352201258,0.12721893491124261,0.12721893491124261,0.12721893491124261,0.13344051446945338,0.32125984251968503,0.1392,0.136431784107946,0.12583892617449666,0.14606741573033707,0.17862595419847327,0.18524332810047095,0.03789126853377265,0.3348623853211009,0.2276176024279211,0.004761904761904762,0.004761904761904762,0.24071322436849926,0.16843702579666162,0.16352201257861634,0.2096069868995633,0.17142857142857143,0.30873493975903615,0.07368421052631578,0.15960912052117263,0.11639344262295082,0.14724919093851133,0.26275115919629055,0.26275115919629055,0.034722222222222224,0.06050420168067227,0.3187919463087248,0.13385826771653545,0.14149443561208266,0.1872
1997,1,9,prevalence,0.2370617696160267,0.0633693972179289,0.13666666666666666,0.18136439267886856,0.06699346405228758,0.05405405405405406,0.13432835820895522,0.08403361344537816,0.2869269949066214,0.21512605042016808,0.13666666666666666,0.061708860759493674,0.09743589743589744,0.2096505823627288,0.01232394366197183,0.024115755627009645,0.10771704180064309,0.2579113924050633,0.08828250401284109,0.15806451612903225,0.25080906148867316,0.20270270270270271,0.1195840554592721,0.14748784440842788,0.14285714285714285,0.27813504823151125,0.3338557993730408,0.11525974025974026,0.03231017770597738,0.040453074433656956,0.06765676567656766,0.10260336906584992,0.1477832512315271,0.039473684210526314,0.2440273037542662,0.11428571428571428,0.17271157167530224,0.04753820033955857,0.0448,0.26158940397350994,0.19639934533551553,0.2684458398744113,0.09193548387096774,0.20512820512820512,0.23417721518987342,0.0,0.07827476038338659,0.09259259259259259,0.16972477064220184,0.22727272727272727,0.2806451612903226,0.05448717948717949,0.1276595744680851,0.06457242582897033,0.044407894736842105,0.04739336492890995,0.07394957983193277,0.2247557003257329,0.08629441624365482,0.04118616144975288,0.1424,0.27287853577371046,0.17962003454231434,0.17962003454231434,0.145,0.17694805194805194,0.18688524590163935,0.19504132231404958,0.1563573883161512,0.2531055900621118,0.013289036544850499,0.013289036544850499,0.14618973561430793,0.1353135313531353,0.16101694915254236,0.08794788273615635,0.09006211180124224,0.1924342105263158,0.11867088607594936,0.044189852700491,0.06774193548387097,0.06132075471698113,0.15878378378378377,0.06825396825396825,0.17488076311605724,0.021311475409836064,0.08404802744425385,0.06717557251908397,0.11707317073170732,0.033386327503974564,0.031825795644891124,0.02197802197802198,0.20650406504065041,0.19516129032258064,0.144,0.1607717041800643,0.0016666666666666668,0.08166666666666667,0.14814814814814814,0.11379310344827587,0.05670103092783505,0.16666666666666666,0.01680672268907563,0.2059800664451827,0.06269592476489028,0.3111111111111111,0.3111111111111111,0.3111111111111111,0.3111111111111111,0.08551483420593368,0.02922077922077922,0.02922077922077922,0.0,0.19165378670788252,0.19165378670788252,0.19165378670788252,0.09618573797678276,0.14710743801652892,0.16039279869067102,0.16039279869067102,0.16039279869067102,0.09390444810543658,0.22635135135135134,0.01751592356687898,0.1,0.14686468646864687,0.09693053311793215,0.30210016155088854,0.15236427320490367,0.08667736757624397,0.15650741350906094,0.10593900481540931,0.10593900481540931,0.17350157728706625,0.17903225806451614,0.039735099337748346,0.12038523274478331,0.1467116357504216,0.1291866028708134,0.11305732484076433,0.027777777777777776,0.14838709677419354,0.18770226537216828,0.16306156405990016,0.11345218800648298,0.1178343949044586,0.2176,0.12790697674418605,0.030395136778115502,0.3495798319327731,0.19072164948453607,0.15335463258785942,0.13987138263665594,0.1476725521669342,0.0017730496453900709,0.0017730496453900709,0.053691275167785234,0.035483870967741936,0.10084033613445378,0.10084033613445378,0.10084033613445378,0.09715242881072027,0.12379421221864952,0.08809891808346214,0.06891025641025642,0.10163934426229508,0.19047619047619047,0.19047619047619047,0.19047619047619047,0.11423841059602649,0.19306930693069307,0.1494057724957555,0.1165644171779141,0.09181969949916527,0.11793214862681745,0.2064,0.23510466988727857,0.030874785591766724,0.2220472440944882,0.23387096774193547,0.0050933786078098476,0.0050933786078098476,0.2553191489361702,0.09937888198757763,0.2192,0.24648985959438377,0.20516717325227962,0.3005952380952381,0.07278481012658228,0.19063004846526657,0.12929623567921442,0.17736486486486486,0.22018348623853212,0.22018348623853212,0.05090909090909091,0.06563039723661486,0.3421516754850088,0.1590909090909091,0.2031523642732049,0.18226600985221675
1998,1,9,prevalence,0.1975736568457539,0.0380517503805175,0.1390284757118928,0.2222222222222222,0.03453947368421053,0.03541315345699832,0.15569823434991975,0.076158940397351,0.34982935153583616,0.25506756756756754,0.12458471760797342,0.0660377358490566,0.10517241379310345,0.24207011686143573,0.020689655172413793,0.012965964343598054,0.13179571663920922,0.260655737704918,0.07119741100323625,0.14285714285714285,0.23509933774834438,0.1686746987951807,0.13798977853492334,0.11400651465798045,0.13728813559322034,0.31150159744408945,0.32507739938080493,0.07861635220125786,0.0256,0.05663430420711974,0.07395498392282958,0.10656934306569343,0.1414790996784566,0.032148900169204735,0.20701754385964913,0.08873720136518772,0.1711864406779661,0.023450586264656615,0.0680379746835443,0.24044585987261147,0.20032310177705978,0.29652996845425866,0.06301824212271974,0.17111459968602827,0.2042483660130719,0.0,0.04874213836477988,0.11755485893416928,0.13333333333333333,0.1661631419939577,0.22276422764227644,0.07692307692307693,0.08739495798319327,0.06227758007117438,0.03873239436619718,0.04361873990306947,0.07744107744107744,0.2610759493670886,0.05804311774461028,0.0392156862745098,0.16139240506329114,0.20132013201320131,0.2153846153846154,0.2153846153846154,0.08471760797342193,0.1912479740680713,0.17014446227929375,0.18090452261306533,0.1254295532646048,0.24088748019017434,0.008333333333333333,0.008333333333333333,0.17065390749601275,0.1568627450980392,0.21231766612641814,0.10576923076923077,0.08636363636363636,0.16803953871499178,0.12987012987012986,0.030405405405405407,0.05149501661129568,0.045454545454545456,0.1520979020979021,0.09733124018838304,0.19745222929936307,0.026446280991735537,0.08275862068965517,0.1337386018237082,0.10387596899224806,0.0304,0.03535353535353535,0.016,0.1416803953871499,0.15422077922077923,0.1118421052631579,0.1308562197092084,0.0017035775127768314,0.07272727272727272,0.0967238689547582,0.13080895008605853,0.05619834710743802,0.12277867528271405,0.014778325123152709,0.13122923588039867,0.0343213728549142,0.3079416531604538,0.3079416531604538,0.3079416531604538,0.3079416531604538,0.07773851590106007,0.02152317880794702,0.02152317880794702,0.0,0.2186046511627907,0.2186046511627907,0.2186046511627907,0.085,0.13562091503267973,0.14858096828046743,0.14858096828046743,0.14858096828046743,0.0933786078098472,0.2479740680713128,0.024958402662229616,0.07364975450081833,0.09949409780775717,0.09424920127795527,0.23225806451612904,0.15097690941385436,0.08517350157728706,0.12866449511400652,0.11198738170347003,0.11198738170347003,0.1407766990291262,0.1393841166936791,0.04019292604501608,0.1266233766233766,0.10316139767054909,0.10662358642972536,0.1032258064516129,0.016339869281045753,0.1291390728476821,0.19937205651491366,0.16026711185308848,0.0970873786407767,0.08626198083067092,0.21462639109697934,0.10578512396694215,0.029780564263322883,0.313758389261745,0.15447154471544716,0.1136,0.15311004784688995,0.1312803889789303,0.0,0.0,0.0180623973727422,0.04723127035830619,0.0899830220713073,0.0899830220713073,0.0899830220713073,0.05641025641025641,0.09286898839137644,0.0899390243902439,0.09017713365539452,0.16123778501628663,0.20496894409937888,0.20496894409937888,0.20496894409937888,0.13213703099510604,0.15728476821192053,0.12869565217391304,0.14564564564564564,0.09852216748768473,0.12254901960784313,0.18688524590163935,0.24382207578253706,0.0361247947454844,0.172859450726979,0.16846986089644514,0.0033112582781456954,0.0033112582781456954,0.24617737003058104,0.08268330733229329,0.3102310231023102,0.233387358184765,0.1640625,0.25547445255474455,0.06743421052631579,0.1557377049180328,0.12666666666666668,0.1326530612244898,0.22906793048973143,0.22906793048973143,0.045372050816696916,0.05536332179930796,0.2597623089983022,0.18022328548644337,0.29233511586452765,0.2366288492706645
1999,1,9,prevalence,0.18243243243243243,0.06412213740458016,0.11677631578947369,0.1292517006802721,0.06521739130434782,0.04492512479201331,0.09204368174726989,0.047540983606557376,0.2658662092624357,0.2591973244147157,0.07588532883642496,0.0744336569579288,0.09982486865148861,0.20938023450586266,0.029259896729776247,0.013114754098360656,0.11908646003262642,0.2109375,0.055284552845528454,0.12841091492776885,0.20458265139116202,0.10051993067590988,0.13162393162393163,0.13141025641025642,0.11,0.2566929133858268,0.24961479198767333,0.06341463414634146,0.004966887417218543,0.06987577639751552,0.07467532467532467,0.09090909090909091,0.15548281505728315,0.041050903119868636,0.16042780748663102,0.0603448275862069,0.13874788494077833,0.03833333333333333,0.07298136645962733,0.21753246753246752,0.1870860927152318,0.27258566978193144,0.03486529318541997,0.1291866028708134,0.21052631578947367,0.0016638935108153079,0.06825396825396825,0.0970873786407767,0.10993975903614457,0.12762762762762764,0.128500823723229,0.10289389067524116,0.07167235494880546,0.05779334500875657,0.03368794326241135,0.03442622950819672,0.1531986531986532,0.2929936305732484,0.03934426229508197,0.05921052631578947,0.12222222222222222,0.15347334410339256,0.11979166666666667,0.11979166666666667,0.07281553398058252,0.1627172195892575,0.13344316309719934,0.16390728476821192,0.10207612456747404,0.17711598746081506,0.008347245409015025,0.008347245409015025,0.15311004784688995,0.12898089171974522,0.1732283464566929,0.057283142389525366,0.08868501529051988,0.1370309951060359,0.1276595744680851,0.026533996683250415,0.03898305084745763,0.025078369905956112,0.14335664335664336,0.07165605095541401,0.179080824088748,0.03764320785597381,0.06960950764006792,0.14219474497681608,0.11446740858505565,0.03271028037383177,0.022988505747126436,0.014778325123152709,0.1331168831168831,0.1373534338358459,0.08972267536704731,0.09951060358890701,0.00667779632721202,0.06890756302521009,0.1024,0.125,0.045454545454545456,0.07278481012658228,0.02576489533011272,0.07432432432432433,0.025437201907790145,0.23747980613893377,0.23747980613893377,0.23747980613893377,0.23747980613893377,0.06701030927835051,0.008333333333333333,0.008333333333333333,0.0,0.1850079744816587,0.1850079744816587,0.1850079744816587,0.08496732026143791,0.06602254428341385,0.16666666666666666,0.16666666666666666,0.16666666666666666,0.08389261744966443,0.2222222222222222,0.031496062992125984,0.06239737274220033,0.07201309328968904,0.0966183574879227,0.2516025641025641,0.09294320137693632,0.10361067503924647,0.10891089108910891,0.11007751937984496,0.11007751937984496,0.1352253756260434,0.0864600326264274,0.01461038961038961,0.15081967213114755,0.11056105610561057,0.12807881773399016,0.08634222919937205,0.007987220447284345,0.09492635024549918,0.15582450832072617,0.17606837606837608,0.0713128038897893,0.1008,0.21335504885993486,0.057947019867549666,0.05396825396825397,0.19699499165275458,0.1271186440677966,0.06168831168831169,0.08520900321543408,0.18241042345276873,0.0017513134851138354,0.0017513134851138354,0.036243822075782535,0.06528662420382166,0.1082024432809773,0.1082024432809773,0.1082024432809773,0.06518010291595197,0.1180327868852459,0.06431852986217458,0.09888357256778309,0.15730337078651685,0.1735668789808917,0.1735668789808917,0.1735668789808917,0.16835016835016836,0.0991869918699187,0.13769363166953527,0.1382488479262673,0.088379705400982,0.08346972176759411,0.15865384615384615,0.24915254237288137,0.023178807947019868,0.1289308176100629,0.12519561815336464,0.0032679738562091504,0.0032679738562091504,0.18779342723004694,0.08620689655172414,0.272419627749577,0.23973727422003285,0.14086687306501547,0.1837037037037037,0.061224489795918366,0.1440677966101695,0.09917355371900827,0.08652246256239601,0.19734660033167495,0.19734660033167495,0.04634581105169341,0.05150976909413854,0.18537414965986396,0.20695364238410596,0.2936936936936937,0.24630541871921183
2000,1,9,prevalence,0.10720268006700168,0.05648854961832061,0.14023372287145242,0.13804713804713806,0.056856187290969896,0.0462046204620462,0.14126984126984127,0.06016260162601626,0.23063973063973064,0.20627062706270627,0.07321131447587355,0.07213114754098361,0.07308970099667775,0.18456375838926176,0.033783783783783786,0.02823920265780731,0.13921901528013583,0.21638330757341576,0.07154213036565978,0.13464696223316913,0.21753246753246752,0.05442176870748299,0.12171052631578948,0.09682539682539683,0.06879194630872483,0.12087912087912088,0.16174183514774496,0.04220779220779221,0.0017035775127768314,0.05388272583201268,0.09415584415584416,0.06288343558282208,0.15544871794871795,0.05619834710743802,0.10086956521739131,0.0929853181076672,0.11714770797962648,0.041254125412541254,0.0804953560371517,0.2236842105263158,0.1839080459770115,0.1382488479262673,0.022151898734177215,0.12050078247261346,0.20922570016474465,0.0032414910858995136,0.08253968253968254,0.13584288052373159,0.0900763358778626,0.13414634146341464,0.08881578947368421,0.14356435643564355,0.08375209380234507,0.06172839506172839,0.034050179211469536,0.02926829268292683,0.14285714285714285,0.1942215088282504,0.051118210862619806,0.03877221324717286,0.1104,0.10702875399361023,0.12824956672443674,0.12824956672443674,0.04854368932038835,0.14375987361769352,0.14790996784565916,0.1323283082077052,0.10899653979238755,0.19032761310452417,0.008025682182985553,0.008025682182985553,0.14262295081967213,0.1728,0.19561815336463223,0.06016260162601626,0.08580343213728549,0.12619808306709265,0.1111111111111111,0.013223140495867768,0.037996545768566495,0.01932367149758454,0.15265866209262435,0.09951845906902086,0.1864951768488746,0.04081632653061224,0.07401032702237521,0.09262166405023547,0.143317230273752,0.04075235109717868,0.025041736227045076,0.01340033500837521,0.11129568106312292,0.1494057724957555,0.11563517915309446,0.12091503267973856,0.00847457627118644,0.08414239482200647,0.06482982171799027,0.1254295532646048,0.01904761904761905,0.07580645161290323,0.019230769230769232,0.050347222222222224,0.02830188679245283,0.15286624203821655,0.15286624203821655,0.15286624203821655,0.15286624203821655,0.05110732538330494,0.011784511784511785,0.011784511784511785,0.0112,0.16108452950558214,0.16108452950558214,0.16108452950558214,0.05564648117839607,0.05967741935483871,0.151618398637138,0.151618398637138,0.151618398637138,0.09547738693467336,0.16639741518578352,0.059800664451827246,0.047058823529411764,0.06711409395973154,0.09433962264150944,0.26148969889064977,0.06956521739130435,0.16143497757847533,0.10135135135135136,0.08992248062015504,0.08992248062015504,0.15034965034965034,0.06349206349206349,0.0,0.13917525773195877,0.13874788494077833,0.13518197573656845,0.08463949843260188,0.011513157894736841,0.11686143572621036,0.15492957746478872,0.19584055459272098,0.0757825370675453,0.0981012658227848,0.144,0.04823151125401929,0.03333333333333333,0.2532894736842105,0.17024793388429751,0.03210272873194221,0.06270096463022508,0.15814696485623003,0.008741258741258742,0.008741258741258742,0.03934426229508197,0.08333333333333333,0.1266891891891892,0.1266891891891892,0.1266891891891892,0.05749128919860627,0.1685214626391097,0.0680786686838124,0.0959119496855346,0.16323296354992076,0.15955766192733017,0.15955766192733017,0.15955766192733017,0.19008264462809918,0.0912106135986733,0.16055846422338568,0.13737075332348597,0.05245901639344262,0.12950819672131147,0.11647254575707154,0.16326530612244897,0.0180623973727422,0.12183544303797468,0.12229102167182662,0.0016313213703099511,0.0016313213703099511,0.11432926829268293,0.0589171974522293,0.23785594639865998,0.24281150159744408,0.08688783570300158,0.14623338257016247,0.05396290050590219,0.1680960548885077,0.12582781456953643,0.09951060358890701,0.1925566343042071,0.1925566343042071,0.03046594982078853,0.04835924006908463,0.16447368421052633,0.2079866888519135,0.2846715328467153,0.18137254901960784
2001,1,9,prevalence,0.10588235294117647,0.05143721633888049,0.11620294599018004,0.11724137931034483,0.11363636363636363,0.035541195476575124,0.18269230769230768,0.10737179487179487,0.15384615384615385,0.13833333333333334,0.06677524429967427,0.09902597402597403,0.0845771144278607,0.19898819561551434,0.04132231404958678,0.041666666666666664,0.18864774624373956,0.16923076923076924,0.06969205834683954,0.0966183574879227,0.11908646003262642,0.07931034482758621,0.1040268456375839,0.10810810810810811,0.06518010291595197,0.0973724884080371,0.13043478260869565,0.06814580031695722,0.006920415224913495,0.09937888198757763,0.12950819672131147,0.09018987341772151,0.1320450885668277,0.07653061224489796,0.09090909090909091,0.08306709265175719,0.09417808219178082,0.04187604690117253,0.11829652996845426,0.15772357723577235,0.14006514657980457,0.15855572998430142,0.026058631921824105,0.08173076923076923,0.16584564860426929,0.008143322475570033,0.1192368839427663,0.1378737541528239,0.08116385911179173,0.10566615620214395,0.09090909090909091,0.1750841750841751,0.08180300500834725,0.06678082191780822,0.027573529411764705,0.04730831973898858,0.10714285714285714,0.15912636505460218,0.05834683954619125,0.05872756933115824,0.08085808580858085,0.10815047021943573,0.15070921985815602,0.15070921985815602,0.030744336569579287,0.11942675159235669,0.1365079365079365,0.10508474576271186,0.116751269035533,0.14634146341463414,0.014705882352941176,0.014705882352941176,0.1360544217687075,0.16045380875202594,0.1597444089456869,0.05672609400324149,0.07109004739336493,0.14035087719298245,0.0978441127694859,0.0347682119205298,0.07166666666666667,0.04241435562805873,0.17455138662316477,0.10396039603960396,0.19769357495881384,0.07679738562091504,0.08585858585858586,0.10032894736842106,0.1648,0.09049079754601227,0.05509181969949917,0.021666666666666667,0.11608623548922056,0.1588628762541806,0.11352253756260434,0.10655737704918032,0.0067226890756302525,0.06393442622950819,0.09015025041736227,0.12241379310344827,0.03184713375796178,0.08415841584158416,0.05,0.03900709219858156,0.03571428571428571,0.12995245641838352,0.12995245641838352,0.12995245641838352,0.12995245641838352,0.059726962457337884,0.02181208053691275,0.02181208053691275,0.027419354838709678,0.12845528455284552,0.12845528455284552,0.12845528455284552,0.06301824212271974,0.049441786283891544,0.15397631133671744,0.15397631133671744,0.15397631133671744,0.095,0.17467948717948717,0.06722689075630252,0.038525963149078725,0.08666666666666667,0.09968354430379747,0.3014586709886548,0.04647160068846816,0.1582089552238806,0.08896210873146623,0.0876923076923077,0.0876923076923077,0.1296928327645051,0.11214953271028037,0.0,0.18134715025906736,0.11627906976744186,0.13242784380305603,0.09174311926605505,0.03189792663476874,0.11647254575707154,0.12844036697247707,0.16549295774647887,0.09375,0.09936908517350158,0.11285266457680251,0.03064516129032258,0.030063291139240507,0.18108974358974358,0.2173202614379085,0.0457516339869281,0.08878504672897196,0.17739403453689168,0.017123287671232876,0.017123287671232876,0.10631229235880399,0.08688783570300158,0.09461663947797716,0.09461663947797716,0.09461663947797716,0.09417808219178082,0.19836065573770492,0.07975460122699386,0.06153846153846154,0.17412140575079874,0.09409888357256778,0.09409888357256778,0.09409888357256778,0.1835016835016835,0.076158940397351,0.11538461538461539,0.125,0.056910569105691054,0.16530278232405893,0.1206611570247934,0.12227805695142378,0.03672787979966611,0.11848341232227488,0.0915915915915916,0.0032414910858995136,0.0032414910858995136,0.09472049689440994,0.050080775444264945,0.13689482470784642,0.1974921630094044,0.06220095693779904,0.1687116564417178,0.08517887563884156,0.15699658703071673,0.10606060606060606,0.08852459016393442,0.14614121510673234,0.14614121510673234,0.06206896551724138,0.07925801011804384,0.14143094841930118,0.16220735785953178,0.21612349914236706,0.215
2002,1,9,prevalence,0.15166666666666667,0.049253731343283584,0.1315345699831366,0.10416666666666667,0.17823343848580442,0.06190476190476191,0.1606864274570983,0.12866449511400652,0.10884353741496598,0.08032786885245902,0.10423452768729642,0.10789049919484701,0.09698996655518395,0.15824915824915825,0.06372549019607843,0.059900166389351084,0.18983050847457628,0.14733542319749215,0.08520900321543408,0.11961722488038277,0.1478405315614618,0.07337883959044368,0.12157534246575342,0.09105180533751962,0.05872193436960276,0.10301109350237718,0.1467304625199362,0.08716323296354993,0.02356902356902357,0.13157894736842105,0.14473684210526316,0.11736334405144695,0.10702341137123746,0.09933774834437085,0.11492281303602059,0.11882716049382716,0.056,0.04355108877721943,0.13112164296998421,0.10965630114566285,0.125,0.20418006430868169,0.025396825396825397,0.09935897435897435,0.176759410801964,0.026490066225165563,0.14465408805031446,0.11073825503355705,0.06307692307692307,0.1308411214953271,0.07947019867549669,0.18771331058020477,0.11714770797962648,0.07933884297520662,0.0740072202166065,0.04180602006688963,0.1045016077170418,0.11653543307086614,0.11428571428571428,0.056451612903225805,0.09515859766277128,0.0859375,0.18384879725085912,0.18384879725085912,0.024077046548956663,0.1776,0.13734567901234568,0.10787671232876712,0.11925042589437819,0.10773899848254932,0.028938906752411574,0.028938906752411574,0.19827586206896552,0.16719745222929935,0.208955223880597,0.061708860759493674,0.0873015873015873,0.14860681114551083,0.09915966386554621,0.05472636815920398,0.064891846921797,0.04865771812080537,0.15064102564102563,0.12887438825448613,0.2367549668874172,0.11987381703470032,0.11149228130360206,0.09570957095709572,0.15031645569620253,0.1060126582278481,0.07106598984771574,0.04020100502512563,0.12871287128712872,0.19256756756756757,0.09650582362728785,0.1319796954314721,0.004991680532445923,0.06456953642384106,0.10243055555555555,0.10714285714285714,0.0641025641025641,0.10264900662251655,0.08374384236453201,0.04522613065326633,0.05519480519480519,0.16339869281045752,0.16339869281045752,0.16339869281045752,0.16339869281045752,0.06292517006802721,0.033444816053511704,0.033444816053511704,0.07540983606557378,0.1289308176100629,0.1289308176100629,0.1289308176100629,0.07107438016528926,0.03987730061349693,0.18686868686868688,0.18686868686868688,0.18686868686868688,0.1323529411764706,0.13911620294599017,0.08919382504288165,0.07345575959933222,0.08666666666666667,0.15023474178403756,0.24587458745874588,0.052901023890784986,0.1816816816816817,0.09359605911330049,0.0696594427244582,0.0696594427244582,0.1326530612244898,0.12678288431061807,0.006220839813374806,0.20608108108108109,0.10932475884244373,0.15358361774744028,0.09968847352024922,0.05529225908372828,0.14210526315789473,0.12130637636080871,0.21465968586387435,0.09775641025641026,0.09389671361502347,0.14052287581699346,0.055284552845528454,0.0763239875389408,0.20219435736677116,0.21237458193979933,0.02155887230514096,0.10188087774294671,0.17694805194805194,0.03177257525083612,0.03177257525083612,0.12794612794612795,0.1088,0.08139534883720931,0.08139534883720931,0.08139534883720931,0.13468013468013468,0.1414141414141414,0.08966565349544073,0.07165109034267912,0.2102728731942215,0.08598726114649681,0.08598726114649681,0.08598726114649681,0.17744610281923714,0.06844741235392321,0.09443507588532883,0.09202453987730061,0.054098360655737705,0.20723684210526316,0.08517350157728706,0.10855263157894737,0.06105610561056106,0.11783960720130933,0.0806697108066971,0.030206677265500796,0.030206677265500796,0.08173076923076923,0.05314009661835749,0.14431239388794567,0.16859504132231404,0.04866562009419152,0.16066066066066065,0.07504363001745201,0.09722222222222222,0.10430463576158941,0.11824324324324324,0.13993174061433447,0.13993174061433447,0.07534246575342465,0.11074918566775244,0.11604095563139932,0.17744610281923714,0.1490787269681742,0.18892508143322476
2003,1,9,prevalence,0.13175675675675674,0.12578616352201258,0.13856427378964942,0.12062937062937062,0.2070063694267516,0.09287925696594428,0.1869009584664537,0.1891025641025641,0.11842105263157894,0.05351170568561873,0.16264090177133655,0.13268608414239483,0.11092150170648464,0.15100671140939598,0.10696920583468396,0.096,0.2528548123980424,0.13643410852713178,0.1184,0.09744408945686901,0.18543046357615894,0.10902896081771721,0.13689482470784642,0.08878504672897196,0.0935374149659864,0.1686143572621035,0.2046875,0.12341772151898735,0.05970149253731343,0.2220472440944882,0.21669341894060995,0.14471544715447154,0.1266891891891892,0.12295081967213115,0.1506849315068493,0.13608562691131498,0.10576923076923077,0.10299003322259136,0.14150943396226415,0.1024,0.1171875,0.23237179487179488,0.02034428794992175,0.0991869918699187,0.2039151712887439,0.04492512479201331,0.1856,0.15016501650165018,0.08307210031347963,0.14906832298136646,0.10696095076400679,0.16351118760757316,0.1357615894039735,0.09698996655518395,0.06818181818181818,0.07026143790849673,0.13804173354735153,0.1095679012345679,0.17683881064162754,0.09667194928684628,0.10801963993453355,0.08095238095238096,0.18394648829431437,0.18394648829431437,0.03305785123966942,0.19334389857369255,0.1921259842519685,0.14335060449050085,0.15719063545150502,0.11314984709480122,0.0932475884244373,0.0932475884244373,0.21626297577854672,0.14748784440842788,0.2369281045751634,0.08239095315024232,0.09508196721311475,0.17647058823529413,0.09268292682926829,0.06529209621993128,0.09562398703403566,0.0896551724137931,0.15857605177993528,0.14883720930232558,0.21674876847290642,0.1380952380952381,0.13712374581939799,0.10474631751227496,0.1640625,0.11773940345368916,0.08970099667774087,0.08333333333333333,0.18718381112984822,0.15551839464882944,0.13247172859450726,0.11409395973154363,0.016611295681063124,0.06840390879478828,0.14669051878354203,0.13722397476340695,0.08653846153846154,0.15847860538827258,0.1477832512315271,0.046232876712328765,0.10286677908937605,0.1487603305785124,0.1487603305785124,0.1487603305785124,0.1487603305785124,0.12393887945670629,0.06885245901639345,0.06885245901639345,0.17147435897435898,0.10737179487179487,0.10737179487179487,0.10737179487179487,0.0888529886914378,0.06901840490797546,0.188135593220339,0.188135593220339,0.188135593220339,0.183739837398374,0.1272430668841762,0.09661016949152543,0.12095400340715502,0.12317666126418152,0.17207792207792208,0.17064846416382254,0.07321131447587355,0.1794871794871795,0.10338983050847457,0.11711711711711711,0.11711711711711711,0.1623931623931624,0.16380655226209048,0.03015873015873016,0.1918032786885246,0.11093247588424437,0.13435374149659865,0.12121212121212122,0.07898894154818326,0.19005328596802842,0.14803625377643503,0.3146853146853147,0.11563517915309446,0.13333333333333333,0.16962843295638125,0.11419249592169657,0.0967741935483871,0.20031796502384738,0.1962457337883959,0.03870967741935484,0.12422360248447205,0.16086235489220563,0.08277027027027027,0.08277027027027027,0.12155591572123177,0.14082278481012658,0.08183306055646482,0.08183306055646482,0.08183306055646482,0.19658119658119658,0.13793103448275862,0.0804953560371517,0.07874015748031496,0.2801857585139319,0.08934169278996865,0.08934169278996865,0.08934169278996865,0.14803149606299212,0.06365159128978225,0.0681063122923588,0.09480122324159021,0.0624,0.2022653721682848,0.10276073619631902,0.10294117647058823,0.08223684210526316,0.12762520193861066,0.12403100775193798,0.06891025641025642,0.06891025641025642,0.11217948717948718,0.06807131280388978,0.1445578231292517,0.19015280135823429,0.06677524429967427,0.14634146341463414,0.07903780068728522,0.12414965986394558,0.15057283142389524,0.18864774624373956,0.1509433962264151,0.1509433962264151,0.09621993127147767,0.1281198003327787,0.10634648370497427,0.13651315789473684,0.09900990099009901,0.21451612903225806
2004,1,9,prevalence,0.1296928327645051,0.18993506493506493,0.16990291262135923,0.15608919382504288,0.19325153374233128,0.13862928348909656,0.178125,0.21283255086071987,0.16923076923076924,0.07960199004975124,0.22439024390243903,0.21314102564102563,0.12259194395796848,0.18181818181818182,0.14285714285714285,0.14566284779050737,0.27821939586645467,0.19055374592833876,0.1551155115511551,0.14192495921696574,0.2552845528455285,0.14359861591695502,0.1624790619765494,0.13771517996870108,0.13179571663920922,0.21103896103896103,0.20694864048338368,0.2543171114599686,0.12561174551386622,0.2188976377952756,0.24922118380062305,0.18272425249169436,0.1254125412541254,0.20292207792207792,0.20525451559934318,0.15701219512195122,0.13614262560777957,0.1913477537437604,0.16772151898734178,0.09178743961352658,0.09902597402597403,0.184640522875817,0.031578947368421054,0.09693053311793215,0.21884984025559107,0.08652246256239601,0.2739059967585089,0.15245901639344261,0.14442700156985872,0.10526315789473684,0.1460101867572156,0.19405594405594406,0.17147435897435898,0.14026402640264027,0.14814814814814814,0.10771704180064309,0.14054927302100162,0.0890302066772655,0.24519230769230768,0.13043478260869565,0.1490066225165563,0.14397496087636932,0.17900172117039587,0.17900172117039587,0.04707792207792208,0.2006125574272588,0.22981366459627328,0.14915254237288136,0.1558872305140962,0.17739403453689168,0.15566037735849056,0.15566037735849056,0.16958041958041958,0.1608832807570978,0.21518987341772153,0.12418300653594772,0.14355628058727568,0.1971383147853736,0.16666666666666666,0.1564625850340136,0.13712374581939799,0.10884353741496598,0.2026578073089701,0.13195548489666137,0.18166939443535188,0.1669195751138088,0.12479740680713128,0.12162162162162163,0.18622848200312989,0.15981012658227847,0.15084745762711865,0.12224108658743633,0.20364238410596028,0.16071428571428573,0.1645367412140575,0.12331081081081081,0.04792332268370607,0.10094637223974763,0.2607944732297064,0.2120253164556962,0.10869565217391304,0.2332814930015552,0.2031496062992126,0.05199306759098787,0.16271186440677965,0.1388888888888889,0.1388888888888889,0.1388888888888889,0.1388888888888889,0.1782178217821782,0.1280388978930308,0.1280388978930308,0.25370675453047775,0.19966442953020133,0.19966442953020133,0.19966442953020133,0.1264,0.10852713178294573,0.2191780821917808,0.2191780821917808,0.2191780821917808,0.22508038585209003,0.15980230642504117,0.09151414309484193,0.18823529411764706,0.20491803278688525,0.2403225806451613,0.18739352640545145,0.09001636661211129,0.13996889580093314,0.1500815660685155,0.12557427258805512,0.12557427258805512,0.1634782608695652,0.19409937888198758,0.0944,0.14845024469820556,0.18619582664526485,0.2197986577181208,0.11890243902439024,0.13543307086614173,0.19572953736654805,0.19097744360902255,0.30350877192982456,0.16243654822335024,0.17781402936378465,0.1705790297339593,0.16065573770491803,0.11232449297971919,0.19309262166405022,0.2656514382402707,0.09870550161812297,0.18225806451612903,0.19439868204283361,0.15944540727902945,0.15944540727902945,0.16721311475409836,0.17045454545454544,0.13344051446945338,0.13344051446945338,0.13344051446945338,0.23166666666666666,0.19801980198019803,0.1280388978930308,0.1296,0.29893778452200304,0.11605723370429252,0.11605723370429252,0.11605723370429252,0.20195439739413681,0.11784511784511785,0.08925619834710743,0.09601181683899557,0.09090909090909091,0.26917057902973396,0.10939907550077041,0.1533442088091354,0.12244897959183673,0.14037854889589904,0.1650943396226415,0.134375,0.134375,0.1365079365079365,0.09208400646203554,0.1826086956521739,0.18319327731092436,0.12519809825673534,0.20795107033639143,0.1103202846975089,0.147008547008547,0.21147540983606558,0.23376623376623376,0.13884007029876977,0.13884007029876977,0.21546052631578946,0.22107081174438686,0.12020905923344948,0.18344155844155843,0.12195121951219512,0.23462783171521034
2005,1,9,prevalence,0.15448504983388706,0.2633333333333333,0.18181818181818182,0.14457831325301204,0.2689873417721519,0.25,0.20125786163522014,0.31875,0.20033112582781457,0.12151067323481117,0.28298887122416533,0.25925925925925924,0.19727891156462585,0.21107266435986158,0.1825657894736842,0.15815485996705106,0.27447833065810595,0.18093699515347333,0.18696397941680962,0.20833333333333334,0.24959481361426256,0.166383701188455,0.18451400329489293,0.2359375,0.1771523178807947,0.2379421221864952,0.2071651090342679,0.3441033925686591,0.22508038585209003,0.2596599690880989,0.2709677419354839,0.23666666666666666,0.18536585365853658,0.2984126984126984,0.24833333333333332,0.200920245398773,0.1824,0.31239669421487604,0.20893141945773525,0.17447495961227788,0.0967741935483871,0.16531604538087522,0.09567901234567901,0.13964686998394862,0.2807017543859649,0.18456375838926176,0.31,0.17495987158908508,0.14580031695721077,0.1755485893416928,0.15024232633279483,0.22259136212624583,0.22628951747088186,0.1858108108108108,0.26554621848739496,0.14402618657937807,0.14057507987220447,0.08585055643879173,0.25984251968503935,0.17038216560509553,0.20450885668276972,0.1859375,0.18412162162162163,0.18412162162162163,0.11022364217252396,0.24806201550387597,0.33075734157650694,0.1936026936026936,0.20299500831946754,0.20031796502384738,0.18700475435816163,0.18700475435816163,0.1812191103789127,0.18973561430793157,0.20481927710843373,0.2031496062992126,0.2134646962233169,0.23961661341853036,0.2517241379310345,0.17647058823529413,0.16638935108153077,0.156140350877193,0.27107438016528923,0.16878980891719744,0.20554649265905384,0.21296296296296297,0.22653721682847897,0.17098445595854922,0.17767295597484276,0.18622848200312989,0.21222410865874364,0.21885521885521886,0.23114754098360657,0.2662337662337662,0.21187800963081863,0.16468590831918506,0.15755627009646303,0.2191358024691358,0.3424657534246575,0.2692913385826772,0.14285714285714285,0.27216174183514774,0.23557692307692307,0.07521367521367521,0.23278688524590163,0.16243654822335024,0.16243654822335024,0.16243654822335024,0.16243654822335024,0.22852512155591573,0.20957095709570958,0.20957095709570958,0.3200663349917081,0.24625623960066556,0.24625623960066556,0.24625623960066556,0.20512820512820512,0.14969135802469136,0.2453781512605042,0.2453781512605042,0.2453781512605042,0.31962025316455694,0.2507936507936508,0.14285714285714285,0.21694915254237288,0.24833333333333332,0.25853658536585367,0.18469217970049917,0.1306532663316583,0.1943127962085308,0.19808306709265175,0.16408668730650156,0.16408668730650156,0.1737649063032368,0.20705521472392638,0.2656,0.22296173044925124,0.2503937007874016,0.27350427350427353,0.19637462235649547,0.1791277258566978,0.24119718309859156,0.26515151515151514,0.26956521739130435,0.22483221476510068,0.21287128712871287,0.1927512355848435,0.18592964824120603,0.2099533437013997,0.23424878836833601,0.2871452420701169,0.22690437601296595,0.19704433497536947,0.1895093062605753,0.284789644012945,0.284789644012945,0.2137030995106036,0.20627062706270627,0.17834394904458598,0.17834394904458598,0.17834394904458598,0.2944078947368421,0.2225859247135843,0.17637540453074432,0.20933977455716588,0.2950310559006211,0.16346153846153846,0.16346153846153846,0.16346153846153846,0.25442834138486314,0.18536585365853658,0.1870748299319728,0.12781954887218044,0.18053375196232338,0.2744186046511628,0.15047021943573669,0.23624595469255663,0.19370078740157481,0.16639477977161501,0.23630672926447574,0.37422360248447206,0.37422360248447206,0.20032310177705978,0.1527331189710611,0.24738675958188153,0.18090452261306533,0.22044728434504793,0.2518628912071535,0.16606498194945848,0.22735346358792186,0.23190789473684212,0.27821939586645467,0.17586206896551723,0.17586206896551723,0.3519108280254777,0.2727272727272727,0.12780656303972365,0.22820919175911253,0.155,0.28459119496855345
2006,1,9,prevalence,0.23578595317725753,0.2934027777777778,0.24177631578947367,0.1899159663865546,0.2770897832817337,0.3333333333333333,0.2391304347826087,0.38977635782747605,0.2797427652733119,0.2294022617124394,0.30462519936204147,0.3142857142857143,0.28717948717948716,0.32656514382402707,0.30049261083743845,0.24503311258278146,0.27053140096618356,0.25811688311688313,0.252991452991453,0.2656,0.20602218700475436,0.20915032679738563,0.2113144758735441,0.30173775671406006,0.260655737704918,0.26357827476038337,0.25878594249201275,0.36995153473344106,0.38819875776397517,0.3068702290076336,0.2613065326633166,0.23627287853577372,0.20287539936102236,0.3328100470957614,0.24834437086092714,0.2413793103448276,0.24180967238689546,0.3163934426229508,0.23076923076923078,0.21746293245469522,0.15763546798029557,0.22807017543859648,0.15830721003134796,0.22780569514237856,0.2841269841269841,0.363481228668942,0.32598425196850395,0.296,0.2403846153846154,0.2273449920508744,0.2562893081761006,0.26721311475409837,0.2967213114754098,0.2570951585976628,0.35064935064935066,0.18932038834951456,0.21144674085850557,0.15193798449612403,0.27596899224806204,0.23817034700315456,0.262987012987013,0.243531202435312,0.263681592039801,0.263681592039801,0.17781402936378465,0.272,0.31278890600924497,0.24086378737541528,0.30847457627118646,0.22990353697749197,0.25811688311688313,0.25811688311688313,0.263681592039801,0.23655913978494625,0.2042360060514372,0.3232,0.2621035058430718,0.2476340694006309,0.3029801324503311,0.27419354838709675,0.2917369308600337,0.20172413793103447,0.30287648054145516,0.2561174551386623,0.2702265372168285,0.2549317147192716,0.25709779179810727,0.2457627118644068,0.2,0.2213375796178344,0.2533783783783784,0.32066115702479336,0.27441077441077444,0.25796178343949044,0.2792207792207792,0.23597359735973597,0.3516483516483517,0.29022556390977444,0.37735849056603776,0.33484848484848484,0.27629513343799056,0.3091190108191654,0.2866141732283465,0.18384879725085912,0.21864406779661016,0.235,0.235,0.235,0.235,0.2564102564102564,0.21575342465753425,0.21575342465753425,0.29124579124579125,0.31960461285008235,0.31960461285008235,0.31960461285008235,0.2733118971061093,0.24569640062597808,0.29069767441860467,0.29069767441860467,0.29069767441860467,0.32405891980360063,0.28760330578512394,0.2262295081967213,0.30434782608695654,0.36304700162074555,0.2479740680713128,0.2687296416938111,0.22129783693843594,0.26148969889064977,0.2870662460567823,0.24031007751937986,0.24031007751937986,0.19250425894378195,0.23956723338485317,0.4082934609250399,0.2529313232830821,0.32445141065830724,0.30756578947368424,0.23676470588235293,0.29384615384615387,0.27304347826086955,0.3328050713153724,0.24612736660929432,0.263681592039801,0.3150912106135987,0.2459016393442623,0.3241491085899514,0.24217462932454695,0.3338983050847458,0.2602291325695581,0.3034257748776509,0.23232323232323232,0.24166666666666667,0.3851132686084142,0.3851132686084142,0.22508038585209003,0.20717781402936378,0.25562700964630225,0.25562700964630225,0.25562700964630225,0.3056910569105691,0.32084690553745926,0.21044045676998369,0.3089430894308943,0.32262996941896027,0.2197092084006462,0.2197092084006462,0.2197092084006462,0.3317384370015949,0.27823240589198034,0.25549915397631134,0.20148148148148148,0.27102803738317754,0.30236220472440944,0.22458270106221548,0.2725806451612903,0.22817764165390506,0.2854838709677419,0.2866043613707165,0.5185758513931888,0.5185758513931888,0.23510466988727857,0.24333333333333335,0.2754385964912281,0.262350936967632,0.2814569536423841,0.27229299363057324,0.25754884547069273,0.30700179533213645,0.25,0.31432973805855163,0.24504504504504504,0.24504504504504504,0.34968354430379744,0.32945091514143093,0.18845500848896435,0.26959247648902823,0.19543973941368079,0.29160063391442154
2007,1,9,prevalence,0.3360258481421648,0.30927835051546393,0.29,0.2755267423014587,0.26040061633281975,0.3029366306027821,0.26006191950464397,0.2784,0.3494363929146538,0.40031645569620256,0.33437990580847726,0.28317152103559873,0.30594405594405594,0.33220910623946037,0.34554140127388533,0.3088235294117647,0.272875816993464,0.2631578947368421,0.2620689655172414,0.2568218298555377,0.2088607594936709,0.288,0.3053691275167785,0.3395061728395062,0.33170731707317075,0.293354943273906,0.28144654088050314,0.2780487804878049,0.3425076452599388,0.23604465709728867,0.2579034941763727,0.3010204081632653,0.25636942675159236,0.29465648854961835,0.23311897106109325,0.2932330827067669,0.2730210016155089,0.26557377049180325,0.3135048231511254,0.3442340791738382,0.22961730449251247,0.30658105939004815,0.28728414442700156,0.35714285714285715,0.23208722741433022,0.415973377703827,0.2731554160125589,0.2659235668789809,0.33279483037156704,0.2440944881889764,0.33437990580847726,0.24382207578253706,0.2816,0.2746710526315789,0.3371150729335494,0.24476650563607086,0.31309904153354634,0.2982998454404946,0.2704791344667697,0.2920634920634921,0.313915857605178,0.28659476117103233,0.28225806451612906,0.28225806451612906,0.256198347107438,0.2823712948517941,0.29375,0.3074380165289256,0.3059210526315789,0.32142857142857145,0.2721417069243156,0.2721417069243156,0.3212025316455696,0.30063291139240506,0.2515625,0.3108974358974359,0.25585284280936454,0.23394495412844038,0.3103448275862069,0.39903846153846156,0.3073089700996678,0.299645390070922,0.270935960591133,0.26570048309178745,0.3327974276527331,0.291981845688351,0.250386398763524,0.27938671209540034,0.26721311475409837,0.2407108239095315,0.3147208121827411,0.305993690851735,0.2845394736842105,0.29874213836477986,0.2693548387096774,0.2928452579034942,0.5300632911392406,0.26448736998514116,0.3311036789297659,0.3177710843373494,0.38791732909379967,0.27386541471048514,0.2727272727272727,0.3304647160068847,0.24207011686143573,0.3232,0.3232,0.3232,0.3232,0.28662420382165604,0.2765598650927487,0.2765598650927487,0.23728813559322035,0.3572567783094099,0.3572567783094099,0.3572567783094099,0.3419354838709677,0.3125,0.3129139072847682,0.3129139072847682,0.3129139072847682,0.27531645569620256,0.2879045996592845,0.3133116883116883,0.2916666666666667,0.2934426229508197,0.24635332252836303,0.3584,0.5186385737439222,0.2787682333873582,0.370253164556962,0.3201267828843106,0.3201267828843106,0.20136518771331058,0.2826747720364742,0.4726134585289515,0.2767402376910017,0.34394904458598724,0.3132328308207705,0.2773613193403298,0.3604294478527607,0.24873096446700507,0.2746031746031746,0.2876712328767123,0.32436708860759494,0.36633663366336633,0.28688524590163933,0.315955766192733,0.24717285945072698,0.2711038961038961,0.2802013422818792,0.3371150729335494,0.21885521885521886,0.2282958199356913,0.3387096774193548,0.3387096774193548,0.2676056338028169,0.24752475247524752,0.3235294117647059,0.3235294117647059,0.3235294117647059,0.3241935483870968,0.33612040133779264,0.21009771986970685,0.36012861736334406,0.2420091324200913,0.28921568627450983,0.28921568627450983,0.28921568627450983,0.27531645569620256,0.32362459546925565,0.3393739703459638,0.225114854517611,0.31357254290171604,0.29952456418383516,0.3004418262150221,0.3411580594679186,0.24881141045958796,0.3203125,0.2524752475247525,0.4138486312399356,0.4138486312399356,0.29952456418383516,0.3089430894308943,0.24914675767918087,0.2707275803722504,0.29545454545454547,0.28688524590163933,0.3554006968641115,0.28975265017667845,0.27724358974358976,0.2981651376146789,0.2966252220248668,0.2966252220248668,0.28322784810126583,0.33389544688026984,0.3400673400673401,0.2861635220125786,0.2993527508090615,0.319047619047619
2008,1,9,prevalence,0.28762541806020064,0.24179620034542315,0.25375626043405675,0.2507987220447284,0.22650231124807396,0.26604068857589985,0.243531202435312,0.21462639109697934,0.27053140096618356,0.4176,0.22151898734177214,0.2077922077922078,0.21212121212121213,0.2760942760942761,0.3338557993730408,0.2727272727272727,0.2403846153846154,0.27441077441077444,0.2048611111111111,0.2202572347266881,0.22168284789644013,0.32114467408585057,0.27164685908319186,0.29770992366412213,0.2889983579638752,0.29448818897637796,0.2931854199683043,0.22596153846153846,0.30120481927710846,0.2266244057052298,0.22591362126245848,0.2656514382402707,0.22149837133550487,0.2177293934681182,0.17703349282296652,0.24287856071964017,0.2614173228346457,0.22984562607204118,0.2809917355371901,0.32869565217391306,0.2638655462184874,0.3048973143759874,0.36764705882352944,0.34290540540540543,0.20094191522762953,0.34516129032258064,0.2231012658227848,0.262015503875969,0.3877221324717286,0.21540880503144655,0.37750385208012327,0.2175379426644182,0.28188976377952757,0.29623567921440264,0.31921824104234525,0.23832528180354268,0.3220064724919094,0.2953846153846154,0.2688679245283019,0.3412322274881517,0.3070739549839228,0.28129829984544047,0.27804107424960506,0.27804107424960506,0.27521367521367524,0.1953125,0.26881720430107525,0.33278145695364236,0.23176661264181522,0.30505709624796085,0.26677577741407527,0.26677577741407527,0.284375,0.2884310618066561,0.3027950310559006,0.3125,0.19933554817275748,0.16718266253869968,0.25859247135842883,0.36935483870967745,0.24713584288052373,0.2709447415329768,0.19205298013245034,0.23237179487179488,0.26366559485530544,0.22256568778979907,0.20662460567823343,0.18181818181818182,0.21967213114754097,0.24227642276422764,0.3037542662116041,0.27724358974358976,0.20833333333333334,0.2484375,0.19476268412438624,0.23801652892561984,0.43492063492063493,0.27669172932330827,0.2608,0.24545454545454545,0.3403225806451613,0.28,0.17701863354037267,0.4523809523809524,0.19833333333333333,0.2898550724637681,0.2898550724637681,0.2898550724637681,0.2898550724637681,0.25961538461538464,0.2777777777777778,0.2777777777777778,0.21626297577854672,0.37735849056603776,0.37735849056603776,0.37735849056603776,0.2549019607843137,0.23410852713178296,0.3295269168026101,0.3295269168026101,0.3295269168026101,0.1568627450980392,0.21661237785016288,0.3076923076923077,0.27,0.2533112582781457,0.20766773162939298,0.32598425196850395,0.4882943143812709,0.2294022617124394,0.363914373088685,0.3215926493108729,0.3215926493108729,0.21018062397372742,0.2121684867394696,0.3312597200622084,0.21043771043771045,0.2571428571428571,0.26421404682274247,0.2857142857142857,0.3545878693623639,0.2146422628951747,0.1983739837398374,0.2991596638655462,0.32532051282051283,0.253781512605042,0.21428571428571427,0.2566929133858268,0.2032258064516129,0.29545454545454547,0.22416534181240064,0.2688679245283019,0.18381112984822934,0.22258064516129034,0.18167202572347266,0.18167202572347266,0.2727272727272727,0.1777408637873754,0.2523961661341853,0.2523961661341853,0.2523961661341853,0.24454828660436137,0.2532894736842105,0.22741935483870968,0.24757281553398058,0.17721518987341772,0.27197346600331673,0.27197346600331673,0.27197346600331673,0.23255813953488372,0.2964169381107492,0.25164473684210525,0.20783132530120482,0.3138801261829653,0.1777434312210201,0.2673559822747415,0.29356357927786497,0.2476489028213166,0.3517915309446254,0.21986970684039087,0.2722772277227723,0.2722772277227723,0.25199362041467305,0.28477905073649756,0.22126929674099485,0.24790619765494137,0.2773109243697479,0.304635761589404,0.27177700348432055,0.24155405405405406,0.28019323671497587,0.26594090202177295,0.35008665511265163,0.35008665511265163,0.2081377151799687,0.21983471074380165,0.31960461285008235,0.24603174603174602,0.2304,0.25326797385620914
2009,1,9,prevalence,0.28688524590163933,0.19204152249134948,0.22462562396006655,0.20221169036334913,0.2109375,0.18209876543209877,0.21745562130177515,0.16220472440944883,0.1902439024390244,0.36585365853658536,0.134185303514377,0.1578125,0.20701168614357263,0.2319327731092437,0.22132471728594508,0.25666666666666665,0.17993630573248406,0.24573378839590443,0.15873015873015872,0.18309859154929578,0.18478260869565216,0.31974921630094044,0.1879432624113475,0.2208398133748056,0.23902439024390243,0.1907051282051282,0.25076923076923074,0.1406003159557662,0.20512820512820512,0.173015873015873,0.20098846787479407,0.18384879725085912,0.18282988871224165,0.17492260061919504,0.16474464579901152,0.19405320813771518,0.2504012841091493,0.1320754716981132,0.20333333333333334,0.23875432525951557,0.19031719532554256,0.26904376012965964,0.36,0.2663316582914573,0.24610591900311526,0.25774877650897227,0.1339712918660287,0.1669195751138088,0.27892234548335976,0.1515625,0.29082426127527217,0.1781701444622793,0.23630672926447574,0.20793650793650795,0.22203947368421054,0.18009478672985782,0.26700680272108845,0.2834890965732087,0.19907407407407407,0.21303656597774245,0.2633279483037157,0.2361963190184049,0.3008,0.3008,0.3053691275167785,0.16586151368760063,0.2043343653250774,0.2826797385620915,0.132890365448505,0.28640776699029125,0.21428571428571427,0.21428571428571427,0.17638036809815952,0.1484992101105845,0.22993827160493827,0.23089430894308943,0.14597315436241612,0.13814756671899528,0.16585365853658537,0.2783171521035599,0.17731629392971246,0.1616871704745167,0.17880794701986755,0.2028985507246377,0.2332814930015552,0.1890625,0.1767515923566879,0.16666666666666666,0.16271186440677965,0.19778481012658228,0.24090121317157712,0.18341307814992025,0.20695102685624012,0.20030581039755352,0.19636963696369636,0.15841584158415842,0.28414442700156983,0.24279210925644917,0.12357723577235773,0.1677115987460815,0.2827140549273021,0.20987654320987653,0.1700787401574803,0.3456998313659359,0.19137931034482758,0.2984126984126984,0.2984126984126984,0.2984126984126984,0.2984126984126984,0.21303656597774245,0.21476510067114093,0.21476510067114093,0.1511627906976744,0.2680577849117175,0.2680577849117175,0.2680577849117175,0.2087912087912088,0.1726844583987441,0.24126984126984127,0.24126984126984127,0.24126984126984127,0.09339774557165861,0.19344262295081968,0.21705426356589147,0.22416534181240064,0.2419871794871795,0.12950819672131147,0.3449920508744038,0.30413223140495865,0.17045454545454544,0.23759398496240602,0.26697530864197533,0.26697530864197533,0.21634615384615385,0.19967532467532467,0.2161290322580645,0.1891891891891892,0.2059748427672956,0.22136222910216719,0.2515527950310559,0.2073170731707317,0.18616144975288304,0.15723270440251572,0.24058919803600654,0.23659305993690852,0.17206132879045996,0.17307692307692307,0.16534181240063592,0.16965742251223492,0.2771474878444084,0.18585526315789475,0.14123376623376624,0.16047297297297297,0.21568627450980393,0.13804173354735153,0.13804173354735153,0.19659442724458204,0.16025641025641027,0.2304,0.2304,0.2304,0.24566929133858267,0.22241086587436332,0.2086677367576244,0.1812191103789127,0.12025316455696203,0.22328548644338117,0.22328548644338117,0.22328548644338117,0.21935483870967742,0.2272,0.220949263502455,0.1836734693877551,0.24960998439937598,0.12401883830455258,0.30428360413589367,0.253125,0.1724137931034483,0.29777070063694266,0.19237147595356552,0.17109634551495018,0.17109634551495018,0.1632,0.26644736842105265,0.19064124783362218,0.18989547038327526,0.24386252045826515,0.3024390243902439,0.2698412698412698,0.19243986254295534,0.1792452830188679,0.171875,0.22395833333333334,0.22395833333333334,0.13643410852713178,0.10423452768729642,0.3609271523178808,0.21253822629969418,0.21226415094339623,0.19607843137254902
2010,1,9,prevalence,0.17100977198697068,0.1388888888888889,0.17647058823529413,0.19349845201238391,0.1797752808988764,0.16377952755905512,0.15350223546944858,0.14913657770800628,0.1547049441786284,0.21112929623567922,0.09516129032258064,0.14195583596214512,0.18122977346278318,0.1716171617161716,0.15676567656765678,0.16134453781512606,0.1270096463022508,0.22972972972972974,0.12048192771084337,0.14173228346456693,0.1921875,0.2353870458135861,0.1361344537815126,0.21439509954058192,0.19543973941368079,0.21169036334913113,0.2229299363057325,0.1347068145800317,0.15535444947209653,0.12322274881516587,0.18124006359300476,0.166383701188455,0.20454545454545456,0.13129770992366413,0.15905245346869712,0.17981072555205047,0.1872146118721461,0.10380622837370242,0.1781045751633987,0.19791666666666666,0.19306930693069307,0.18035426731078905,0.30658105939004815,0.20666666666666667,0.20219435736677116,0.20394736842105263,0.0878594249201278,0.12848297213622292,0.23176661264181522,0.10973724884080371,0.21932515337423314,0.151033386327504,0.14728682170542637,0.18095238095238095,0.16828478964401294,0.13990461049284578,0.16831683168316833,0.1901081916537867,0.1633281972265023,0.1634920634920635,0.21496815286624205,0.16118935837245696,0.22857142857142856,0.22857142857142856,0.2926829268292683,0.14098360655737704,0.1949286846275753,0.24390243902439024,0.12859560067681894,0.2305084745762712,0.16474464579901152,0.16474464579901152,0.17147192716236723,0.13374805598755832,0.21739130434782608,0.14355628058727568,0.13628899835796388,0.11773940345368916,0.11608623548922056,0.19579288025889968,0.13861386138613863,0.09090909090909091,0.19155844155844157,0.14331210191082802,0.2062992125984252,0.14440993788819875,0.1597444089456869,0.14098360655737704,0.09747899159663866,0.1299342105263158,0.15894039735099338,0.1053484602917342,0.18294573643410852,0.13364779874213836,0.178060413354531,0.11973018549747048,0.208398133748056,0.18140929535232383,0.09967845659163987,0.15789473684210525,0.214170692431562,0.10429447852760736,0.1233974358974359,0.23927392739273928,0.17567567567567569,0.2914012738853503,0.2914012738853503,0.2914012738853503,0.2914012738853503,0.14603174603174604,0.17109634551495018,0.17109634551495018,0.10427350427350428,0.18548387096774194,0.18548387096774194,0.18548387096774194,0.2087912087912088,0.14035087719298245,0.1838006230529595,0.1838006230529595,0.1838006230529595,0.04777070063694268,0.15282392026578073,0.16614906832298137,0.22748815165876776,0.19448946515397084,0.09484193011647254,0.3549920760697306,0.22422258592471359,0.1775244299674267,0.18562874251497005,0.178125,0.178125,0.18166939443535188,0.16449511400651465,0.13747954173486088,0.12371134020618557,0.16927899686520376,0.21153846153846154,0.1942215088282504,0.14067278287461774,0.1488294314381271,0.17665615141955837,0.2837423312883436,0.1664,0.10420168067226891,0.13821138211382114,0.130298273155416,0.125,0.17886178861788618,0.17549668874172186,0.09763779527559055,0.14776632302405499,0.20846905537459284,0.09062003179650238,0.09062003179650238,0.13333333333333333,0.12776831345826234,0.13377926421404682,0.13377926421404682,0.13377926421404682,0.215311004784689,0.17478991596638654,0.2039151712887439,0.13584288052373159,0.10236220472440945,0.24050632911392406,0.24050632911392406,0.24050632911392406,0.13696369636963696,0.14170692431561996,0.18699186991869918,0.1391035548686244,0.1500789889415482,0.0898876404494382,0.22003034901365706,0.2551505546751189,0.11076443057722309,0.2352,0.13941480206540446,0.10756302521008404,0.10756302521008404,0.17412140575079874,0.23993558776167473,0.14184397163120568,0.22535211267605634,0.18288590604026847,0.18269230769230768,0.2088495575221239,0.16134453781512606,0.15235008103727715,0.1598173515981735,0.15488215488215487,0.15488215488215487,0.08293460925039872,0.10126582278481013,0.25884244372990356,0.15251572327044025,0.2690513219284603,0.20655737704918034
2011,1,9,prevalence,0.13170731707317074,0.14912280701754385,0.14006514657980457,0.15132605304212168,0.2176,0.10897435897435898,0.11246200607902736,0.12400635930047695,0.10144927536231885,0.19463087248322147,0.07154471544715447,0.16615853658536586,0.13643659711075443,0.14332247557003258,0.10420168067226891,0.09075342465753425,0.1248,0.2,0.09433962264150944,0.1573208722741433,0.17784711388455537,0.16455696202531644,0.08482871125611746,0.208398133748056,0.12052117263843648,0.228125,0.20189274447949526,0.12833333333333333,0.11043872919818457,0.11287758346581876,0.17543859649122806,0.13247172859450726,0.20684039087947884,0.1388888888888889,0.163575042158516,0.20063694267515925,0.13578274760383385,0.09475465313028765,0.16748768472906403,0.14991482112436116,0.1791530944625407,0.18616144975288304,0.1936,0.18019480519480519,0.12403100775193798,0.13078149920255183,0.04340836012861737,0.09422492401215805,0.17073170731707318,0.09538461538461539,0.1181959564541213,0.12735849056603774,0.10900473933649289,0.1426256077795786,0.1312,0.08986928104575163,0.10887772194304858,0.13343799058084774,0.103125,0.09433962264150944,0.17684887459807075,0.12025316455696203,0.1987673343605547,0.1987673343605547,0.18305084745762712,0.08333333333333333,0.16586151368760063,0.18488745980707397,0.17845117845117844,0.21202003338898165,0.13355048859934854,0.13355048859934854,0.12927191679049035,0.1573208722741433,0.20298507462686566,0.10474631751227496,0.125,0.1476725521669342,0.09016393442622951,0.14238952536824878,0.10294117647058823,0.08333333333333333,0.12828947368421054,0.13170731707317074,0.14645669291338584,0.09470304975922954,0.10256410256410256,0.12006578947368421,0.04013961605584642,0.12155591572123177,0.12020033388981637,0.10281923714759536,0.23394495412844038,0.1419656786271451,0.18819776714513556,0.10801963993453355,0.1485623003194888,0.13037037037037036,0.11092985318107668,0.1069182389937107,0.17483660130718953,0.08268330733229329,0.13405238828967642,0.16006600660066006,0.13071895424836602,0.22186495176848875,0.22186495176848875,0.22186495176848875,0.22186495176848875,0.1281645569620253,0.1152542372881356,0.1152542372881356,0.07155025553662692,0.1467304625199362,0.1467304625199362,0.1467304625199362,0.14442700156985872,0.12420382165605096,0.22136222910216719,0.22136222910216719,0.22136222910216719,0.0352,0.13709677419354838,0.14599686028257458,0.1813953488372093,0.13112164296998421,0.06565656565656566,0.3,0.14959349593495935,0.21565495207667731,0.16265060240963855,0.11937984496124031,0.11937984496124031,0.11813643926788686,0.11345218800648298,0.1598694942903752,0.13532513181019332,0.1726844583987441,0.15822784810126583,0.10737179487179487,0.11585365853658537,0.10806451612903226,0.15347334410339256,0.2642089093701997,0.12145110410094637,0.11925042589437819,0.09195402298850575,0.1473851030110935,0.10437710437710437,0.1594896331738437,0.22966507177033493,0.06507936507936508,0.12186978297161936,0.1539708265802269,0.0984375,0.0984375,0.09554140127388536,0.10606060606060606,0.09283387622149837,0.09283387622149837,0.09283387622149837,0.11942675159235669,0.12171052631578948,0.19934102141680396,0.12954186413902052,0.0967741935483871,0.2199367088607595,0.2199367088607595,0.2199367088607595,0.1353135313531353,0.11075949367088607,0.18257956448911222,0.09711684370257967,0.12380952380952381,0.0752,0.19359756097560976,0.19131832797427653,0.07121212121212121,0.13449367088607594,0.12457912457912458,0.09833333333333333,0.09833333333333333,0.18838304552590268,0.15664556962025317,0.13194444444444445,0.2058319039451115,0.15359477124183007,0.10655737704918032,0.1386861313868613,0.1419141914191419,0.12032520325203253,0.14553990610328638,0.09967845659163987,0.09967845659163987,0.05409582689335394,0.09967320261437909,0.20743034055727555,0.1375,0.21263482280431434,0.21207177814029363
2012,1,9,prevalence,0.1388888888888889,0.16808149405772496,0.1819672131147541,0.10272873194221509,0.098256735340729,0.09531502423263329,0.09228441754916793,0.10897435897435898,0.0970873786407767,0.15097402597402598,0.07201309328968904,0.1872146118721461,0.11773940345368916,0.07960199004975124,0.05695142378559464,0.09499136442141623,0.13592233009708737,0.16237942122186494,0.05442176870748299,0.1021671826625387,0.1561051004636785,0.13664596273291926,0.08866995073891626,0.1728,0.07046979865771812,0.1674565560821485,0.14375987361769352,0.10217755443886097,0.103125,0.0744336569579288,0.14603174603174604,0.12440191387559808,0.1787974683544304,0.0655226209048362,0.14967105263157895,0.14166666666666666,0.13971742543171115,0.0865874363327674,0.1419141914191419,0.14020270270270271,0.12807881773399016,0.2097560975609756,0.1728,0.16719745222929935,0.0794392523364486,0.11074918566775244,0.08794788273615635,0.09204368174726989,0.11374407582938388,0.10407239819004525,0.07692307692307693,0.14375,0.12179487179487179,0.06902086677367576,0.12379421221864952,0.04952076677316294,0.11666666666666667,0.09105960264900662,0.09455128205128205,0.07051282051282051,0.107981220657277,0.10517799352750809,0.1822429906542056,0.1822429906542056,0.15448504983388706,0.08731466227347612,0.11631663974151858,0.16584564860426929,0.16489361702127658,0.19166666666666668,0.087893864013267,0.087893864013267,0.15851851851851853,0.22535211267605634,0.19316493313521546,0.06930693069306931,0.14285714285714285,0.10708661417322834,0.09253246753246754,0.07236842105263158,0.08156606851549755,0.07575757575757576,0.1288244766505636,0.13976705490848584,0.07221350078492936,0.09006211180124224,0.0630048465266559,0.1011608623548922,0.03231292517006803,0.10197368421052631,0.07032590051457976,0.08085808580858085,0.20029673590504452,0.1349206349206349,0.11916264090177134,0.13183279742765272,0.1109375,0.10494752623688156,0.13278688524590163,0.06869009584664537,0.13050314465408805,0.04434250764525994,0.14890282131661442,0.10610932475884244,0.1045531197301855,0.24170616113744076,0.24170616113744076,0.24170616113744076,0.24170616113744076,0.11353032659409021,0.0831889081455806,0.0831889081455806,0.06666666666666667,0.11267605633802817,0.11267605633802817,0.11267605633802817,0.07154213036565978,0.09775641025641026,0.19284603421461896,0.19284603421461896,0.19284603421461896,0.017488076311605722,0.1212624584717608,0.13149847094801223,0.13700787401574804,0.13584288052373159,0.048252911813643926,0.20865533230293662,0.13277310924369748,0.20508744038155802,0.13273001508295626,0.09779179810725552,0.09779179810725552,0.13843648208469056,0.1072,0.16476345840130505,0.13793103448275862,0.15109034267912771,0.14149443561208266,0.09724473257698542,0.10889570552147239,0.11848341232227488,0.1664,0.2523364485981308,0.12183544303797468,0.07537688442211055,0.07263513513513513,0.10806451612903226,0.0896551724137931,0.15629984051036683,0.2124600638977636,0.06635071090047394,0.09682804674457429,0.10551181102362205,0.08992248062015504,0.08992248062015504,0.13157894736842105,0.10437710437710437,0.05592105263157895,0.05592105263157895,0.05592105263157895,0.1059190031152648,0.12852664576802508,0.1918238993710692,0.18940609951845908,0.09375,0.17713365539452497,0.17713365539452497,0.17713365539452497,0.07537688442211055,0.09752321981424149,0.15296052631578946,0.0776255707762557,0.07716535433070866,0.04862236628849271,0.15629984051036683,0.1262135922330097,0.06547619047619048,0.1043613707165109,0.10069444444444445,0.08717105263157894,0.08717105263157894,0.17777777777777778,0.12861736334405144,0.17123287671232876,0.30016583747927034,0.1393841166936791,0.1291390728476821,0.11413043478260869,0.14072847682119205,0.08723747980613894,0.13125,0.06451612903225806,0.06451612903225806,0.044753086419753084,0.096,0.10852713178294573,0.1281645569620253,0.18932038834951456,0.21348314606741572
2013,1,9,prevalence,0.10142630744849446,0.12794612794612795,0.17540983606557378,0.07246376811594203,0.07269789983844911,0.061461794019933555,0.09861325115562404,0.1373534338358459,0.1168,0.09047619047619047,0.07704918032786885,0.14592933947772657,0.08801213960546282,0.06612903225806452,0.04145936981757877,0.09364548494983277,0.14285714285714285,0.17573872472783825,0.058333333333333334,0.1265625,0.12050078247261346,0.13622291021671826,0.11612903225806452,0.09018987341772151,0.05128205128205128,0.08814102564102565,0.09446254071661238,0.105,0.078003120124805,0.0462046204620462,0.12779552715654952,0.1187800963081862,0.15619967793880837,0.04081632653061224,0.15726495726495726,0.11148086522462562,0.1640625,0.09197324414715718,0.11563517915309446,0.1352253756260434,0.07407407407407407,0.18719211822660098,0.1541038525963149,0.1178343949044586,0.09335443037974683,0.11092715231788079,0.0707395498392283,0.09291338582677165,0.12852664576802508,0.1111111111111111,0.05909797822706065,0.09006211180124224,0.10576923076923077,0.04700162074554295,0.09872611464968153,0.02975206611570248,0.12898089171974522,0.0943089430894309,0.07754442649434572,0.0594855305466238,0.08267090620031796,0.10737179487179487,0.1276923076923077,0.1276923076923077,0.13170731707317074,0.087893864013267,0.09075907590759076,0.16150081566068517,0.1733800350262697,0.19736842105263158,0.07407407407407407,0.07407407407407407,0.1036036036036036,0.23003194888178913,0.15968992248062017,0.05912162162162162,0.14017094017094017,0.0696594427244582,0.0782472613458529,0.0680379746835443,0.04180064308681672,0.08925619834710743,0.0919175911251981,0.11326860841423948,0.058823529411764705,0.09365079365079365,0.08970099667774087,0.07465007776049767,0.01507537688442211,0.09618573797678276,0.04865771812080537,0.09602649006622517,0.16036308623298035,0.13629160063391443,0.1136,0.14715189873417722,0.09457364341085271,0.06912442396313365,0.15867768595041323,0.06389776357827476,0.11022364217252396,0.06289308176100629,0.13169984686064318,0.11305732484076433,0.09375,0.20616883116883117,0.20616883116883117,0.20616883116883117,0.20616883116883117,0.08412698412698413,0.05555555555555555,0.05555555555555555,0.05583756345177665,0.08917197452229299,0.08917197452229299,0.08917197452229299,0.08791208791208792,0.0805921052631579,0.20458015267175572,0.20458015267175572,0.20458015267175572,0.01951219512195122,0.12561174551386622,0.14803149606299212,0.09584664536741214,0.11146496815286625,0.03865546218487395,0.1930379746835443,0.09950248756218906,0.15481832543443919,0.0859375,0.09161490683229814,0.09161490683229814,0.18298555377207062,0.11698717948717949,0.16293929712460065,0.09523809523809523,0.12093023255813953,0.16614420062695925,0.0681063122923588,0.13458528951486698,0.1358609794628752,0.13428120063191154,0.2071651090342679,0.14015748031496064,0.08666666666666667,0.08,0.07119741100323625,0.05862068965517241,0.17014446227929375,0.20588235294117646,0.0981012658227848,0.11295681063122924,0.09516380655226209,0.08545727136431784,0.08545727136431784,0.10383386581469649,0.10833333333333334,0.04643449419568822,0.04643449419568822,0.04643449419568822,0.11856474258970359,0.10260586319218241,0.1608832807570978,0.17017828200972449,0.10535117056856187,0.14960629921259844,0.14960629921259844,0.14960629921259844,0.05704697986577181,0.059282371294851796,0.1402936378466558,0.071875,0.050156739811912224,0.024350649350649352,0.10385259631490787,0.08856682769726248,0.06838905775075987,0.057233704292527825,0.10865874363327674,0.048414023372287146,0.048414023372287146,0.11129568106312292,0.08538587848932677,0.20557491289198607,0.26138279932546377,0.12376237623762376,0.18381112984822934,0.09010600706713781,0.11004784688995216,0.06451612903225806,0.11214953271028037,0.06687898089171974,0.06687898089171974,0.05343511450381679,0.09047619047619047,0.0890625,0.10987261146496816,0.14402618657937807,0.17017828200972449
2014,1,9,prevalence,0.09090909090909091,0.12033898305084746,0.1589825119236884,0.08856682769726248,0.0989010989010989,0.07236842105263158,0.06212121212121212,0.12908496732026145,0.11848341232227488,0.09230769230769231,0.0779436152570481,0.14175654853620956,0.10593900481540931,0.07642276422764227,0.032467532467532464,0.07898894154818326,0.15883306320907617,0.16798732171156894,0.04227642276422764,0.14285714285714285,0.12158054711246201,0.14992025518341306,0.10638297872340426,0.11916264090177134,0.04873949579831933,0.12121212121212122,0.15614617940199335,0.1533442088091354,0.05598755832037325,0.03231292517006803,0.13814756671899528,0.10099337748344371,0.11392405063291139,0.05128205128205128,0.11295681063122924,0.09703947368421052,0.20032051282051283,0.06734006734006734,0.07401315789473684,0.11423841059602649,0.08538587848932677,0.17944535073409462,0.11092715231788079,0.08957654723127036,0.1085899513776337,0.1013745704467354,0.07472178060413355,0.09740259740259741,0.11370716510903427,0.12195121951219512,0.05546492659053834,0.07109004739336493,0.1,0.06389776357827476,0.08866995073891626,0.02086677367576244,0.10965630114566285,0.06568144499178982,0.07450331125827815,0.06403940886699508,0.06656101426307448,0.09787928221859707,0.09647779479326186,0.09647779479326186,0.08709677419354839,0.07305194805194805,0.08419243986254296,0.1388888888888889,0.14065180102915953,0.17803660565723795,0.0452418096723869,0.0452418096723869,0.0963302752293578,0.16375198728139906,0.14533965244865718,0.0657439446366782,0.12436974789915967,0.05076923076923077,0.07131782945736434,0.04538087520259319,0.04012841091492777,0.10935023771790808,0.1024793388429752,0.12678288431061807,0.09220985691573927,0.06501547987616099,0.07653910149750416,0.09242424242424242,0.00684931506849315,0.07820299500831947,0.061258278145695365,0.07679465776293823,0.12462006079027356,0.10371517027863777,0.09870550161812297,0.12903225806451613,0.07822085889570553,0.061514195583596214,0.1692047377326565,0.06710310965630115,0.07890499194847021,0.053208137715179966,0.1076923076923077,0.09872611464968153,0.07912457912457913,0.16938110749185667,0.16938110749185667,0.16938110749185667,0.16938110749185667,0.08766233766233766,0.04639175257731959,0.04639175257731959,0.04991394148020654,0.08527131782945736,0.08527131782945736,0.08527131782945736,0.07532051282051282,0.07653910149750416,0.16873065015479877,0.16873065015479877,0.16873065015479877,0.014950166112956811,0.1371900826446281,0.1518987341772152,0.08280254777070063,0.0733652312599681,0.01644736842105263,0.18819776714513556,0.08972267536704731,0.12480499219968799,0.08500772797527048,0.10047095761381476,0.10047095761381476,0.14630225080385853,0.08441558441558442,0.12222222222222222,0.08922558922558922,0.09553158705701079,0.146875,0.08666666666666667,0.1472,0.09667194928684628,0.13408723747980614,0.14263074484944532,0.15880503144654087,0.08403361344537816,0.09090909090909091,0.06535947712418301,0.061855670103092786,0.17580645161290323,0.17017828200972449,0.08878504672897196,0.10305958132045089,0.08589951377633712,0.0859375,0.0859375,0.08346709470304976,0.13,0.06722689075630252,0.06722689075630252,0.06722689075630252,0.0734375,0.12745098039215685,0.15580286168521462,0.14467408585055644,0.11003236245954692,0.09807073954983923,0.09807073954983923,0.09807073954983923,0.05670103092783505,0.0390015600624025,0.13598673300165837,0.04672897196261682,0.03481012658227848,0.034653465346534656,0.08135593220338982,0.085667215815486,0.0694006309148265,0.04272151898734177,0.12,0.023178807947019868,0.023178807947019868,0.07419898819561552,0.07692307692307693,0.23509933774834438,0.2840531561461794,0.09394904458598727,0.18213660245183888,0.1,0.15335463258785942,0.06957928802588997,0.10064935064935066,0.0546875,0.0546875,0.046296296296296294,0.0919175911251981,0.06491499227202473,0.10047846889952153,0.13195548489666137,0.1536
2015,1,9,prevalence,0.0736,0.10234899328859061,0.13911620294599017,0.1060126582278481,0.07142857142857142,0.05040650406504065,0.06431852986217458,0.08150470219435736,0.06655574043261231,0.07109004739336493,0.06239737274220033,0.08782742681047766,0.07655502392344497,0.04180064308681672,0.03420195439739414,0.057003257328990226,0.12779552715654952,0.11251980982567353,0.03927986906710311,0.11764705882352941,0.0856269113149847,0.15384615384615385,0.08585055643879173,0.066006600660066,0.03872053872053872,0.1032258064516129,0.11074380165289256,0.10983606557377049,0.030894308943089432,0.03270223752151463,0.09984639016897082,0.0698051948051948,0.0736,0.043548387096774194,0.12071778140293637,0.08374384236453201,0.10483870967741936,0.050522648083623695,0.057971014492753624,0.08717105263157894,0.06721311475409836,0.125,0.0816,0.04715447154471545,0.10294117647058823,0.06688963210702341,0.08032786885245902,0.09001636661211129,0.06491499227202473,0.09422492401215805,0.05930807248764415,0.055379746835443035,0.10097719869706841,0.056451612903225805,0.06493506493506493,0.009966777408637873,0.08441558441558442,0.05098684210526316,0.052980132450331126,0.06655844155844155,0.03889789303079417,0.09813874788494077,0.05238828967642527,0.05238828967642527,0.05339805825242718,0.056818181818181816,0.048576214405360134,0.09899328859060402,0.06867671691792294,0.16776315789473684,0.0234375,0.0234375,0.08823529411764706,0.09404388714733543,0.09508716323296355,0.047619047619047616,0.10163934426229508,0.02875399361022364,0.09223300970873786,0.04326923076923077,0.02823920265780731,0.10260586319218241,0.07592891760904685,0.08917197452229299,0.08928571428571429,0.05727554179566564,0.041666666666666664,0.07142857142857142,0.011570247933884297,0.05967741935483871,0.05821917808219178,0.06375838926174497,0.09104938271604938,0.07430340557275542,0.07246376811594203,0.10963455149501661,0.05538922155688623,0.06462035541195477,0.15358931552587646,0.04991680532445923,0.06593406593406594,0.06074766355140187,0.0639269406392694,0.06144393241167435,0.060955518945634266,0.14576802507836992,0.14576802507836992,0.14576802507836992,0.14576802507836992,0.057096247960848286,0.03773584905660377,0.03773584905660377,0.03372681281618887,0.07430340557275542,0.07430340557275542,0.07430340557275542,0.05362776025236593,0.08528428093645485,0.13761467889908258,0.13761467889908258,0.13761467889908258,0.011419249592169658,0.11400651465798045,0.08540372670807453,0.07006369426751592,0.044657097288676235,0.023809523809523808,0.1476725521669342,0.07954545454545454,0.07538461538461538,0.0819935691318328,0.08426073131955485,0.08426073131955485,0.10789049919484701,0.09967845659163987,0.11912225705329153,0.08180300500834725,0.07395993836671803,0.12824675324675325,0.059625212947189095,0.10289389067524116,0.07431340872374798,0.09624796084828711,0.1111111111111111,0.12131147540983607,0.064891846921797,0.08375209380234507,0.05844155844155844,0.05025125628140704,0.15196078431372548,0.12706270627062707,0.07951070336391437,0.08293460925039872,0.07154471544715447,0.06885758998435054,0.06885758998435054,0.054817275747508304,0.08754208754208755,0.06879194630872483,0.06879194630872483,0.06879194630872483,0.09752321981424149,0.09688013136288999,0.11165048543689321,0.09888357256778309,0.06924315619967794,0.06984126984126984,0.06984126984126984,0.06984126984126984,0.041736227045075125,0.03767660910518053,0.10097719869706841,0.06269592476489028,0.024752475247524754,0.04146730462519936,0.059033989266547404,0.08013355592654424,0.07448494453248812,0.032,0.09570957095709572,0.014705882352941176,0.014705882352941176,0.046822742474916385,0.06129032258064516,0.15042735042735042,0.24052718286655683,0.11483253588516747,0.11616161616161616,0.07317073170731707,0.1265625,0.06105610561056106,0.1116584564860427,0.06853582554517133,0.06853582554517133,0.053125,0.06635071090047394,0.0272,0.07877813504823152,0.10466988727858294,0.1348314606741573
2016,1,9,prevalence,0.06743421052631579,0.09800664451827243,0.10305958132045089,0.08214849921011058,0.05063291139240506,0.03877221324717286,0.05709876543209876,0.057926829268292686,0.05271828665568369,0.05910543130990415,0.054276315789473686,0.07430340557275542,0.06811145510835913,0.031446540880503145,0.02127659574468085,0.04878048780487805,0.10124610591900311,0.09748427672955975,0.026533996683250415,0.12241653418124006,0.052307692307692305,0.11298482293423272,0.06998444790046657,0.05149501661129568,0.030252100840336135,0.08031496062992126,0.09152542372881356,0.09615384615384616,0.03278688524590164,0.024875621890547265,0.08517350157728706,0.05718954248366013,0.07401315789473684,0.03156146179401993,0.08080808080808081,0.07907742998352553,0.07465007776049767,0.034722222222222224,0.04991680532445923,0.06907894736842106,0.06549520766773163,0.08490566037735849,0.0761904761904762,0.050955414012738856,0.07643312101910828,0.03722504230118443,0.07312925170068027,0.09225700164744646,0.05188679245283019,0.09657320872274143,0.04333868378812199,0.05337519623233909,0.06785137318255251,0.058333333333333334,0.05194805194805195,0.008237232289950576,0.07692307692307693,0.046153846153846156,0.03915171288743882,0.05339805825242718,0.025806451612903226,0.07692307692307693,0.06521739130434782,0.06521739130434782,0.058734939759036146,0.047217537942664416,0.045454545454545456,0.06976744186046512,0.04088586030664395,0.10873146622734761,0.020602218700475437,0.020602218700475437,0.08620689655172414,0.08031496062992126,0.0848,0.04882154882154882,0.06521739130434782,0.030744336569579287,0.07097791798107256,0.0361247947454844,0.03015075376884422,0.08874801901743265,0.05582137161084529,0.08771929824561403,0.060897435897435896,0.05401234567901234,0.030303030303030304,0.04889589905362776,0.008237232289950576,0.057003257328990226,0.051839464882943144,0.06379310344827586,0.06973058637083994,0.061806656101426306,0.05306799336650083,0.08471760797342193,0.042709867452135494,0.08441558441558442,0.11475409836065574,0.032423208191126277,0.0487062404870624,0.033950617283950615,0.04813664596273292,0.04489164086687306,0.059967585089141004,0.10501567398119123,0.10501567398119123,0.10501567398119123,0.10501567398119123,0.048939641109298535,0.03872053872053872,0.03872053872053872,0.027287319422150885,0.07802547770700637,0.07802547770700637,0.07802547770700637,0.052715654952076675,0.08360655737704918,0.09090909090909091,0.09090909090909091,0.09090909090909091,0.008347245409015025,0.09409888357256778,0.08166409861325115,0.0544,0.03255813953488372,0.03773584905660377,0.11853088480801335,0.06035889070146819,0.07418856259659969,0.060842433697347896,0.06210191082802548,0.06210191082802548,0.0842433697347894,0.06763285024154589,0.08615384615384615,0.0644122383252818,0.060653188180404355,0.11198738170347003,0.0436241610738255,0.07407407407407407,0.05501618122977346,0.07313195548489666,0.06995230524642289,0.09682804674457429,0.046052631578947366,0.07717569786535304,0.05638474295190713,0.034482758620689655,0.11437908496732026,0.09369951534733441,0.06572769953051644,0.061389337641357025,0.04081632653061224,0.040061633281972264,0.040061633281972264,0.039603960396039604,0.075,0.052545155993431854,0.052545155993431854,0.052545155993431854,0.07465007776049767,0.0864,0.06976744186046512,0.0744336569579288,0.05263157894736842,0.06708268330733229,0.06708268330733229,0.06708268330733229,0.03177257525083612,0.039816232771822356,0.1008130081300813,0.044444444444444446,0.013050570962479609,0.03930817610062893,0.04475043029259897,0.07107438016528926,0.06591639871382636,0.02403846153846154,0.07504078303425775,0.01639344262295082,0.01639344262295082,0.031141868512110725,0.04311774461028192,0.11437908496732026,0.16612377850162866,0.09365079365079365,0.08532423208191127,0.06495726495726496,0.096875,0.03770491803278689,0.0805921052631579,0.062111801242236024,0.062111801242236024,0.036334913112164295,0.05055292259083728,0.014308426073131956,0.08130081300813008,0.0732899022801303,0.1056
2017,1,9,prevalence,0.05245901639344262,0.09228187919463088,0.08914100486223663,0.05815831987075929,0.03459119496855346,0.034482758620689655,0.05228758169934641,0.046296296296296294,0.0416,0.048818897637795275,0.054455445544554455,0.06595092024539877,0.08319738988580751,0.031545741324921134,0.012965964343598054,0.04038772213247173,0.0864600326264274,0.10229007633587786,0.019801980198019802,0.10426540284360189,0.05429864253393665,0.08305647840531562,0.05680119581464873,0.043333333333333335,0.02861952861952862,0.07028753993610223,0.10517241379310345,0.08306188925081433,0.03511705685618729,0.022071307300509338,0.06416275430359937,0.06568144499178982,0.07321131447587355,0.02905982905982906,0.06643952299829642,0.07296849087893864,0.05354330708661417,0.025210084033613446,0.0451505016722408,0.08146964856230032,0.05405405405405406,0.07692307692307693,0.07096774193548387,0.0380794701986755,0.06369426751592357,0.030927835051546393,0.06393442622950819,0.06991869918699187,0.050393700787401574,0.05555555555555555,0.03257328990228013,0.07266982622432859,0.05813953488372093,0.055105348460291734,0.03827751196172249,0.00825082508250825,0.10284810126582279,0.048986486486486486,0.03442622950819672,0.0704,0.017713365539452495,0.059900166389351084,0.03939393939393939,0.03939393939393939,0.052870090634441085,0.03618421052631579,0.04220779220779221,0.0636215334420881,0.05647840531561462,0.09149277688603531,0.01726844583987441,0.01726844583987441,0.06339144215530904,0.06270096463022508,0.06633499170812604,0.07118055555555555,0.058333333333333334,0.051696284329563816,0.0514820592823713,0.03536977491961415,0.03776683087027915,0.0749185667752443,0.0449438202247191,0.0672,0.05518394648829431,0.06951026856240126,0.026016260162601626,0.038461538461538464,0.0032310177705977385,0.05,0.04152823920265781,0.0425531914893617,0.0698051948051948,0.05221518987341772,0.04628099173553719,0.08163265306122448,0.02666666666666667,0.08771929824561403,0.0993485342019544,0.01839464882943144,0.041666666666666664,0.027642276422764227,0.043478260869565216,0.041474654377880185,0.05071315372424723,0.07644305772230889,0.07644305772230889,0.07644305772230889,0.07644305772230889,0.06091370558375635,0.024752475247524754,0.024752475247524754,0.020833333333333332,0.04173354735152488,0.04173354735152488,0.04173354735152488,0.06190476190476191,0.06418918918918919,0.0766721044045677,0.0766721044045677,0.0766721044045677,0.008278145695364239,0.07754442649434572,0.07898894154818326,0.04213938411669368,0.019877675840978593,0.03231292517006803,0.10552763819095477,0.051643192488262914,0.08360128617363344,0.05663430420711974,0.07377049180327869,0.07377049180327869,0.07087827426810478,0.05396825396825397,0.0639269406392694,0.054365733113673806,0.05572755417956656,0.08892355694227769,0.03180212014134275,0.06379585326953748,0.042692939244663386,0.05815831987075929,0.06420545746388442,0.08870967741935484,0.03776683087027915,0.0695364238410596,0.04723127035830619,0.02702702702702703,0.09208400646203554,0.075,0.039938556067588324,0.04361873990306947,0.030456852791878174,0.03412462908011869,0.03412462908011869,0.029605263157894735,0.06168831168831169,0.04220779220779221,0.04220779220779221,0.04220779220779221,0.07716535433070866,0.07142857142857142,0.04560260586319218,0.06382978723404255,0.04340836012861737,0.04245283018867924,0.04245283018867924,0.04245283018867924,0.037606837606837605,0.03543913713405239,0.07142857142857142,0.044233807266982623,0.012698412698412698,0.036303630363036306,0.03898305084745763,0.047619047619047616,0.059654631083202514,0.02113821138211382,0.06260296540362438,0.00964630225080386,0.00964630225080386,0.027538726333907058,0.04326923076923077,0.0959119496855346,0.11726384364820847,0.07582938388625593,0.07457627118644068,0.045531197301854974,0.088,0.03436988543371522,0.060897435897435896,0.04574132492113565,0.04574132492113565,0.027597402597402596,0.05750798722044728,0.012965964343598054,0.060995184590690206,0.07166123778501629,0.09175738724727839
2018,1,9,prevalence,0.041811846689895474,0.09682804674457429,0.07717569786535304,0.044481054365733116,0.027993779160186624,0.032948929159802305,0.03685897435897436,0.04075235109717868,0.031545741324921134,0.040453074433656956,0.042444821731748725,0.04354587869362364,0.0757825370675453,0.027287319422150885,0.0110062893081761,0.03492063492063492,0.07628524046434494,0.0904836193447738,0.010033444816053512,0.0608,0.0625,0.06907894736842106,0.05389221556886228,0.0380794701986755,0.026101141924959218,0.04361873990306947,0.08361774744027303,0.06570512820512821,0.025806451612903226,0.016051364365971106,0.05555555555555555,0.05546492659053834,0.06589785831960461,0.015463917525773196,0.05414551607445008,0.05360134003350084,0.040983606557377046,0.019867549668874173,0.02922077922077922,0.08082408874801902,0.04113924050632911,0.060655737704918035,0.05654281098546042,0.029900332225913623,0.04012841091492777,0.043689320388349516,0.06260296540362438,0.05663430420711974,0.038580246913580245,0.049679487179487176,0.025477707006369428,0.047619047619047616,0.043973941368078175,0.04700162074554295,0.037267080745341616,0.0067226890756302525,0.07765451664025357,0.04222972972972973,0.029411764705882353,0.06074766355140187,0.0144,0.05016722408026756,0.0453857791225416,0.0453857791225416,0.040123456790123455,0.0288,0.03471074380165289,0.05032467532467533,0.049206349206349205,0.07384615384615385,0.016923076923076923,0.016923076923076923,0.04945904173106646,0.05853658536585366,0.053691275167785234,0.0634648370497427,0.047619047619047616,0.05582137161084529,0.036753445635528334,0.05573248407643312,0.03289473684210526,0.06031746031746032,0.03955696202531646,0.05388272583201268,0.043782837127845885,0.05732484076433121,0.025974025974025976,0.025078369905956112,0.0,0.05747126436781609,0.031825795644891124,0.03231017770597738,0.05756578947368421,0.04409448818897638,0.042833607907743,0.06393442622950819,0.024242424242424242,0.07154213036565978,0.07765451664025357,0.01620745542949757,0.03400309119010819,0.0202808112324493,0.0374414976599064,0.033950617283950615,0.03582554517133956,0.060221870047543584,0.060221870047543584,0.060221870047543584,0.060221870047543584,0.05387205387205387,0.0192,0.0192,0.014331210191082803,0.036334913112164295,0.036334913112164295,0.036334913112164295,0.07605177993527508,0.05175292153589316,0.0672,0.0672,0.0672,0.008561643835616438,0.06973058637083994,0.07042253521126761,0.03420195439739414,0.018433179723502304,0.03005008347245409,0.08892617449664429,0.04292527821939587,0.0784,0.05196850393700787,0.07119205298013245,0.07119205298013245,0.060653188180404355,0.053712480252764615,0.06230529595015576,0.04355108877721943,0.043209876543209874,0.08809135399673736,0.03146853146853147,0.05754276827371695,0.037337662337662336,0.048414023372287146,0.07058823529411765,0.07085346215780998,0.03140495867768595,0.055105348460291734,0.03403565640194489,0.020066889632107024,0.0757825370675453,0.0548885077186964,0.03215926493108729,0.03761755485893417,0.025728987993138937,0.028358208955223882,0.028358208955223882,0.022617124394184167,0.0451505016722408,0.0380794701986755,0.0380794701986755,0.0380794701986755,0.060882800608828,0.06832298136645963,0.04234527687296417,0.05804311774461028,0.033112582781456956,0.03184713375796178,0.03184713375796178,0.03184713375796178,0.03993344425956739,0.03215926493108729,0.06210191082802548,0.037037037037037035,0.00794912559618442,0.039538714991762765,0.03,0.04091653027823241,0.061224489795918366,0.0180623973727422,0.06763285024154589,0.008103727714748784,0.008103727714748784,0.020905923344947737,0.03764320785597381,0.08620689655172414,0.10082644628099173,0.06103286384976526,0.06271186440677966,0.04234527687296417,0.06836248012718601,0.02922077922077922,0.046251993620414676,0.04709576138147567,0.04709576138147567,0.02106969205834684,0.05063291139240506,0.013223140495867768,0.04297520661157025,0.058333333333333334,0.0640625
2019,1,9,prevalence,0.03496503496503497,0.0768,0.06589785831960461,0.039619651347068144,0.023809523809523808,0.04492512479201331,0.02664576802507837,0.043674698795180725,0.026856240126382307,0.03076923076923077,0.03691275167785235,0.03828483920367534,0.05152979066022544,0.01932367149758454,0.007776049766718507,0.024539877300613498,0.06472491909385113,0.06729264475743349,0.008319467554076539,0.048859934853420196,0.07976366322008863,0.04738562091503268,0.07503828483920368,0.03514376996805112,0.022116903633491312,0.04094488188976378,0.07885906040268456,0.05627009646302251,0.022727272727272728,0.017133956386292833,0.03622047244094488,0.0636215334420881,0.050243111831442464,0.024013722126929673,0.04530201342281879,0.03993344425956739,0.0297029702970297,0.018121911037891267,0.022727272727272728,0.08575803981623277,0.03870967741935484,0.05509181969949917,0.040783034257748776,0.03872053872053872,0.028938906752411574,0.0416,0.08045977011494253,0.056818181818181816,0.03343465045592705,0.04516129032258064,0.024883359253499222,0.0361247947454844,0.03262642740619902,0.04918032786885246,0.02830188679245283,0.00667779632721202,0.05040650406504065,0.05306799336650083,0.028846153846153848,0.05180533751962323,0.016051364365971106,0.04472843450479233,0.0328125,0.0328125,0.03129657228017884,0.02197802197802198,0.03420195439739414,0.0416,0.07804878048780488,0.06222222222222222,0.012269938650306749,0.012269938650306749,0.042879019908116385,0.04738562091503268,0.04462809917355372,0.06457242582897033,0.053691275167785234,0.07667731629392971,0.0350076103500761,0.08955223880597014,0.022187004754358162,0.072,0.024311183144246355,0.0453857791225416,0.032534246575342464,0.057722308892355696,0.024549918166939442,0.021806853582554516,0.0,0.046511627906976744,0.03430531732418525,0.028662420382165606,0.05057096247960848,0.03035143769968051,0.04361873990306947,0.05331179321486268,0.02034428794992175,0.07357859531772576,0.06461538461538462,0.00975609756097561,0.02996845425867508,0.01607717041800643,0.03322784810126582,0.029940119760479042,0.03343465045592705,0.048859934853420196,0.048859934853420196,0.048859934853420196,0.048859934853420196,0.05,0.01779935275080906,0.01779935275080906,0.011254019292604502,0.03206106870229008,0.03206106870229008,0.03206106870229008,0.06732348111658457,0.05228758169934641,0.046849757673667204,0.046849757673667204,0.046849757673667204,0.008291873963515755,0.08074534161490683,0.04754358161648178,0.023769100169779286,0.016923076923076923,0.06435643564356436,0.06754530477759473,0.03732503888024884,0.07692307692307693,0.040453074433656956,0.06930693069306931,0.06930693069306931,0.05319148936170213,0.0499194847020934,0.0571870170015456,0.04276315789473684,0.041158536585365856,0.06818181818181818,0.027972027972027972,0.04754358161648178,0.03349282296650718,0.03482587064676617,0.05360134003350084,0.04595879556259905,0.03600654664484452,0.04051863857374392,0.023474178403755867,0.016420361247947456,0.07550335570469799,0.04258943781942078,0.019969278033794162,0.03129890453834116,0.023890784982935155,0.042105263157894736,0.042105263157894736,0.018779342723004695,0.04692556634304207,0.041666666666666664,0.041666666666666664,0.041666666666666664,0.04361370716510903,0.04503105590062112,0.030405405405405407,0.043478260869565216,0.025,0.04272151898734177,0.04272151898734177,0.04272151898734177,0.057947019867549666,0.02556390977443609,0.043410852713178294,0.032148900169204735,0.008223684210526315,0.03376205787781351,0.024752475247524754,0.03685897435897436,0.0452418096723869,0.015772870662460567,0.06462035541195477,0.006220839813374806,0.006220839813374806,0.015463917525773196,0.03079416531604538,0.0763239875389408,0.1038961038961039,0.0515625,0.057947019867549666,0.052202283849918436,0.05511811023622047,0.06379585326953748,0.03184713375796178,0.03398058252427184,0.03398058252427184,0.0189873417721519,0.045454545454545456,0.01129032258064516,0.04538087520259319,0.04915254237288136,0.05314009661835749
2020,1,9,prevalence,0.02735042735042735,0.05750798722044728,0.06386554621848739,0.0336,0.014218009478672985,0.057432432432432436,0.015552099533437015,0.032305433186490456,0.022151898734177215,0.027243589743589744,0.03398058252427184,0.025039123630672927,0.048939641109298535,0.013888888888888888,0.013719512195121951,0.018209408194233688,0.052202283849918436,0.06220839813374806,0.006700167504187605,0.036741214057507986,0.11094452773613193,0.041736227045075125,0.14756671899529042,0.025477707006369428,0.017133956386292833,0.02388535031847134,0.09698996655518395,0.042483660130718956,0.018032786885245903,0.03035143769968051,0.03426791277258567,0.06829268292682927,0.03943217665615142,0.04006968641114982,0.03547297297297297,0.03764320785597381,0.023923444976076555,0.014975041597337771,0.031096563011456628,0.10863095238095238,0.027287319422150885,0.038461538461538464,0.030448717948717948,0.05253940455341506,0.01800327332242226,0.05194805194805195,0.13,0.04152823920265781,0.030627871362940276,0.060556464811783964,0.015337423312883436,0.024154589371980676,0.025518341307814992,0.04669887278582931,0.027906976744186046,0.004966887417218543,0.037037037037037035,0.05853658536585366,0.022222222222222223,0.04739336492890995,0.014446227929373997,0.04272151898734177,0.037914691943127965,0.037914691943127965,0.022222222222222223,0.018808777429467086,0.025889967637540454,0.03542673107890499,0.10301109350237718,0.045941807044410414,0.01238390092879257,0.01238390092879257,0.034976152623211444,0.04501607717041801,0.0707070707070707,0.06993006993006994,0.07236842105263158,0.14513556618819776,0.03048780487804878,0.183739837398374,0.011254019292604502,0.09905660377358491,0.02358490566037736,0.04962406015037594,0.03035413153456998,0.08895705521472393,0.014492753623188406,0.0213089802130898,0.0,0.06844741235392321,0.030201342281879196,0.01694915254237288,0.06655844155844155,0.02459016393442623,0.050488599348534204,0.03934426229508197,0.01567398119122257,0.0919931856899489,0.05426356589147287,0.008223684210526315,0.026113671274961597,0.012678288431061807,0.02258064516129032,0.0218408736349454,0.024242424242424242,0.03803486529318542,0.03803486529318542,0.03803486529318542,0.03803486529318542,0.04513888888888889,0.019672131147540985,0.019672131147540985,0.007849293563579277,0.028125,0.028125,0.028125,0.07425742574257425,0.050488599348534204,0.03508771929824561,0.03508771929824561,0.03508771929824561,0.0050335570469798654,0.07987711213517665,0.0379746835443038,0.02268760907504363,0.012861736334405145,0.09787928221859707,0.05237315875613748,0.029548989113530325,0.10738255033557047,0.035541195476575124,0.0851063829787234,0.0851063829787234,0.042993630573248405,0.05016181229773463,0.04746835443037975,0.056818181818181816,0.045871559633027525,0.07941653160453808,0.024179620034542316,0.0368,0.026101141924959218,0.025889967637540454,0.03986135181975736,0.0397456279809221,0.0728476821192053,0.03179650238473768,0.022116903633491312,0.016474464579901153,0.07142857142857142,0.030664395229982964,0.0144,0.022328548644338118,0.01680672268907563,0.04179566563467492,0.04179566563467492,0.0109717868338558,0.055284552845528454,0.03389830508474576,0.03389830508474576,0.03389830508474576,0.03639240506329114,0.033707865168539325,0.024549918166939442,0.03322259136212625,0.016420361247947456,0.05289256198347107,0.05289256198347107,0.05289256198347107,0.10921501706484642,0.01661631419939577,0.03669724770642202,0.023255813953488372,0.0049833887043189366,0.05,0.016474464579901153,0.030206677265500796,0.025559105431309903,0.012841091492776886,0.0565149136577708,0.00463678516228748,0.00463678516228748,0.015280135823429542,0.02809917355371901,0.053125,0.09320695102685624,0.046849757673667204,0.03896103896103896,0.07142857142857142,0.0421875,0.11993517017828201,0.02336448598130841,0.04666666666666667,0.04666666666666667,0.012965964343598054,0.06420545746388442,0.011345218800648298,0.048701298701298704,0.03865546218487395,0.03210272873194221
2021,1,9,prevalence,0.018211920529801324,0.06050955414012739,0.06799336650082918,0.0272,0.012461059190031152,0.10333333333333333,0.012759170653907496,0.020802377414561663,0.014084507042253521,0.01757188498402556,0.023411371237458192,0.020123839009287926,0.05306799336650083,0.013412816691505217,0.010835913312693499,0.013824884792626729,0.03715670436187399,0.04395604395604396,0.004991680532445923,0.03125,0.1526479750778816,0.03430531732418525,0.23885350318471338,0.01740506329113924,0.015337423312883436,0.01889763779527559,0.21009771986970685,0.03600654664484452,0.011345218800648298,0.031496062992125984,0.018633540372670808,0.12460063897763578,0.02593192868719611,0.043478260869565216,0.023728813559322035,0.03307086614173228,0.02090032154340836,0.00967741935483871,0.04952076677316294,0.17496229260935142,0.019169329073482427,0.040336134453781515,0.024232633279483037,0.03264604810996564,0.011589403973509934,0.05846153846153846,0.14426229508196722,0.03273322422258593,0.020186335403726708,0.06085526315789474,0.006299212598425197,0.011308562197092083,0.017488076311605722,0.030744336569579287,0.037267080745341616,0.00333889816360601,0.02113821138211382,0.054838709677419356,0.011345218800648298,0.0625,0.009836065573770493,0.030110935023771792,0.05069124423963134,0.05069124423963134,0.01951951951951952,0.01579778830963665,0.016420361247947456,0.023696682464454975,0.16717791411042945,0.0319634703196347,0.0110062893081761,0.0110062893081761,0.02830188679245283,0.03571428571428571,0.1762820512820513,0.163575042158516,0.06929133858267716,0.16908212560386474,0.024922118380062305,0.2176759410801964,0.004878048780487805,0.1659056316590563,0.01866251944012442,0.04309063893016345,0.02555366269165247,0.13137557959814528,0.022435897435897436,0.012084592145015106,0.0016260162601626016,0.07248764415156507,0.01644736842105263,0.012461059190031152,0.08193979933110368,0.014423076923076924,0.06435643564356436,0.030201342281879196,0.009693053311793215,0.13253012048192772,0.039938556067588324,0.008223684210526315,0.015698587127158554,0.006482982171799027,0.01740506329113924,0.015384615384615385,0.01943198804185351,0.028892455858747994,0.028892455858747994,0.028892455858747994,0.028892455858747994,0.06365159128978225,0.02922077922077922,0.02922077922077922,0.006279434850863423,0.022151898734177215,0.022151898734177215,0.022151898734177215,0.06867671691792294,0.048465266558966075,0.027287319422150885,0.027287319422150885,0.027287319422150885,0.003316749585406302,0.1035007610350076,0.025,0.012027491408934709,0.011075949367088608,0.13464696223316913,0.040453074433656956,0.01834862385321101,0.1212624584717608,0.025806451612903226,0.09500805152979067,0.09500805152979067,0.03184713375796178,0.07679738562091504,0.08818897637795275,0.12641815235008103,0.08204334365325078,0.10576923076923077,0.025089605734767026,0.024115755627009645,0.01910828025477707,0.014950166112956811,0.03125,0.03169572107765452,0.1026936026936027,0.02472952086553323,0.017377567140600316,0.008333333333333333,0.07342657342657342,0.018456375838926176,0.009508716323296355,0.017107309486780714,0.010050251256281407,0.05333333333333334,0.05333333333333334,0.006430868167202572,0.03927986906710311,0.049019607843137254,0.049019607843137254,0.049019607843137254,0.024806201550387597,0.027960526315789474,0.021922428330522766,0.03135313531353135,0.011686143572621035,0.12,0.12,0.12,0.2584070796460177,0.0093603744149766,0.025196850393700787,0.01680672268907563,0.003278688524590164,0.05374592833876222,0.011217948717948718,0.023696682464454975,0.03189792663476874,0.009345794392523364,0.045180722891566265,0.0046801872074883,0.0046801872074883,0.014035087719298246,0.019933554817275746,0.03951367781155015,0.18009478672985782,0.04012841091492777,0.027287319422150885,0.1504424778761062,0.027522935779816515,0.1605351170568562,0.01732283464566929,0.05378151260504202,0.05378151260504202,0.006472491909385114,0.05546492659053834,0.006359300476947536,0.10268562401263823,0.02922077922077922,0.025477707006369428
2022,1,9,prevalence,0.008278145695364239,0.04383116883116883,0.0802675585284281,0.016233766233766232,0.007763975155279503,0.1371900826446281,0.010852713178294573,0.02911208151382824,0.007874015748031496,0.008077544426494346,0.024875621890547265,0.013888888888888888,0.06176961602671119,0.0061068702290076335,0.006369426751592357,0.007849293563579277,0.029079159935379646,0.021505376344086023,0.0032948929159802307,0.026856240126382307,0.1801526717557252,0.027633851468048358,0.37320574162679426,0.011494252873563218,0.007598784194528876,0.014150943396226415,0.3633440514469453,0.021739130434782608,0.004838709677419355,0.06959152798789713,0.009554140127388535,0.1777434312210201,0.01848998459167951,0.08866995073891626,0.013468013468013467,0.021311475409836064,0.014492753623188406,0.0048543689320388345,0.08744038155802862,0.21739130434782608,0.025437201907790145,0.05360134003350084,0.01779935275080906,0.02613240418118467,0.0016366612111292963,0.08144796380090498,0.19370860927152317,0.0176,0.013719512195121951,0.09570957095709572,0.004694835680751174,0.024271844660194174,0.008090614886731391,0.022508038585209004,0.06951026856240126,0.0016420361247947454,0.011363636363636364,0.09409888357256778,0.006514657980456026,0.10316139767054909,0.006578947368421052,0.012903225806451613,0.07395993836671803,0.07395993836671803,0.047267355982274745,0.004792332268370607,0.009933774834437087,0.011075949367088608,0.26910828025477707,0.023622047244094488,0.006309148264984227,0.006309148264984227,0.017377567140600316,0.01607717041800643,0.380718954248366,0.22148760330578512,0.08359133126934984,0.2282958199356913,0.012698412698412698,0.30807248764415157,0.001607717041800643,0.2398753894080997,0.00794912559618442,0.033950617283950615,0.0156794425087108,0.16770186335403728,0.035483870967741936,0.00933125972006221,0.0016501650165016502,0.13410596026490065,0.006369426751592357,0.0031397174254317113,0.11705685618729098,0.004885993485342019,0.04462809917355372,0.02459016393442623,0.00482315112540193,0.19965576592082615,0.026194144838212634,0.004966887417218543,0.004658385093167702,0.0048,0.006578947368421052,0.007564296520423601,0.01636904761904762,0.023183925811437404,0.023183925811437404,0.023183925811437404,0.023183925811437404,0.07202680067001675,0.028526148969889066,0.028526148969889066,0.006191950464396285,0.01594896331738437,0.01594896331738437,0.01594896331738437,0.05802047781569966,0.05956112852664577,0.017915309446254073,0.017915309446254073,0.017915309446254073,0.0016260162601626016,0.22102009273570325,0.017241379310344827,0.008635578583765112,0.004862236628849271,0.15625,0.01740506329113924,0.012139605462822459,0.1490066225165563,0.015873015873015872,0.17903225806451614,0.17903225806451614,0.020569620253164556,0.12520325203252033,0.12164296998420221,0.23887973640856672,0.1953125,0.16045380875202594,0.013605442176870748,0.009884678747940691,0.015600624024960999,0.0049833887043189366,0.02086677367576244,0.02384737678855326,0.1474036850921273,0.0171606864274571,0.006369426751592357,0.0032258064516129032,0.13728813559322034,0.008319467554076539,0.003215434083601286,0.007716049382716049,0.006589785831960461,0.12244897959183673,0.12244897959183673,0.0032679738562091504,0.023923444976076555,0.06570512820512821,0.06570512820512821,0.06570512820512821,0.01557632398753894,0.01461038961038961,0.009868421052631578,0.009884678747940691,0.008431703204047217,0.20521172638436483,0.20521172638436483,0.20521172638436483,0.450261780104712,0.006220839813374806,0.012364760432766615,0.017064846416382253,0.0032948929159802307,0.07467532467532467,0.006259780907668232,0.011235955056179775,0.06060606060606061,0.003048780487804878,0.03490136570561457,0.0015873015873015873,0.0015873015873015873,0.011864406779661017,0.015,0.02276176024279211,0.41756548536209553,0.02336448598130841,0.012698412698412698,0.1664167916041979,0.015552099533437015,0.2225859247135843,0.012738853503184714,0.16474464579901152,0.16474464579901152,0.006472491909385114,0.07395498392282958,0.00473186119873817,0.22706065318818042,0.0140625,0.02009273570324575
2023,1,9,prevalence,0.0048543689320388345,0.04723127035830619,0.051839464882943144,0.004846526655896607,0.0,0.20130932896890344,0.004709576138147566,0.044444444444444446,0.001607717041800643,0.011382113821138212,0.028052805280528052,0.0060790273556231,0.06935483870967742,0.0045385779122541605,0.0016025641025641025,0.006611570247933884,0.012759170653907496,0.007704160246533128,0.0,0.021341463414634148,0.21044303797468356,0.005172413793103448,0.3415384615384615,0.0016181229773462784,0.0015313935681470138,0.006125574272588055,0.521671826625387,0.003316749585406302,0.0032310177705977385,0.11485451761102604,0.0048543689320388345,0.3089802130898021,0.006329113924050633,0.16333333333333333,0.0034071550255536627,0.012965964343598054,0.007861635220125786,0.003236245954692557,0.10423452768729642,0.3284241531664212,0.05401234567901234,0.15650741350906094,0.00974025974025974,0.05110732538330494,0.0,0.08610271903323263,0.2764227642276423,0.017080745341614908,0.004601226993865031,0.10163934426229508,0.0015625,0.0432,0.003316749585406302,0.01935483870967742,0.08141321044546851,0.0016181229773462784,0.008012820512820512,0.1449044585987261,0.0015503875968992248,0.13162118780096307,0.0,0.0031007751937984496,0.140625,0.140625,0.0624048706240487,0.0,0.0032520325203252032,0.001579778830963665,0.31393568147013784,0.01238390092879257,0.0,0.0,0.006535947712418301,0.008223684210526315,0.4781906300484653,0.34833333333333333,0.1156773211567732,0.264,0.003278688524590164,0.329635499207607,0.0,0.2379421221864952,0.0030911901081916537,0.03937007874015748,0.006944444444444444,0.1757188498402556,0.03924646781789639,0.0032102728731942215,0.0016207455429497568,0.16333333333333333,0.006462035541195477,0.0015873015873015873,0.17224080267558528,0.001658374792703151,0.1281198003327787,0.018425460636515914,0.0016420361247947454,0.30716723549488056,0.009022556390977444,0.0,0.0015600624024961,0.0016556291390728477,0.0,0.0,0.008875739644970414,0.006006006006006006,0.006006006006006006,0.006006006006006006,0.006006006006006006,0.09852216748768473,0.04231974921630094,0.04231974921630094,0.001564945226917058,0.00825082508250825,0.00825082508250825,0.00825082508250825,0.07768595041322314,0.027777777777777776,0.011532125205930808,0.011532125205930808,0.011532125205930808,0.0016181229773462784,0.343701399688958,0.004601226993865031,0.003395585738539898,0.0,0.20695364238410596,0.0015748031496062992,0.0015267175572519084,0.21774193548387097,0.0016129032258064516,0.2610759493670886,0.2610759493670886,0.0128,0.2202852614896989,0.20559210526315788,0.3903654485049834,0.36089030206677264,0.2993421052631579,0.006644518272425249,0.0016339869281045752,0.009077155824508321,0.004966887417218543,0.006420545746388443,0.014308426073131956,0.2077922077922078,0.007911392405063292,0.003134796238244514,0.001584786053882726,0.37643207855973815,0.003305785123966942,0.00322061191626409,0.0030959752321981426,0.0032520325203252032,0.16923076923076924,0.16923076923076924,0.0,0.02996845425867508,0.09888357256778309,0.09888357256778309,0.09888357256778309,0.007987220447284345,0.00641025641025641,0.008183306055646482,0.001610305958132045,0.005253940455341506,0.2828125,0.2828125,0.2828125,0.5502555366269165,0.006201550387596899,0.006230529595015576,0.00865051903114187,0.0016891891891891893,0.12317666126418152,0.0,0.009554140127388535,0.05817610062893082,0.0,0.040310077519379844,0.001594896331738437,0.001594896331738437,0.003355704697986577,0.0033783783783783786,0.0061068702290076335,0.5244865718799369,0.007911392405063292,0.0015479876160990713,0.22320117474302498,0.01078582434514638,0.3442088091353997,0.006309148264984227,0.35379644588045234,0.35379644588045234,0.004862236628849271,0.10063897763578275,0.009478672985781991,0.4569640062597809,0.0030721966205837174,0.011023622047244094
2024,1,9,prevalence,0.004777070063694267,0.052715654952076675,0.10440456769983687,0.003284072249589491,0.0,0.249597423510467,0.003048780487804878,0.09350237717908082,0.0,0.025559105431309903,0.018425460636515914,0.0,0.06765676567656766,0.00463678516228748,0.0032520325203252032,0.0032258064516129032,0.0015822784810126582,0.004658385093167702,0.0016129032258064516,0.010703363914373088,0.23137876386687797,0.0,0.2472952086553323,0.0,0.0,0.004608294930875576,0.391705069124424,0.006493506493506494,0.0031645569620253164,0.2560240963855422,0.004792332268370607,0.37400950871632327,0.00473186119873817,0.1792,0.0,0.008278145695364239,0.004761904761904762,0.0031645569620253164,0.11853088480801335,0.45573294629898403,0.09782608695652174,0.37542087542087543,0.004862236628849271,0.15920398009950248,0.008237232289950576,0.12349397590361445,0.26614173228346455,0.0352760736196319,0.0,0.12953367875647667,0.0,0.09162717219589257,0.0032948929159802307,0.04777070063694268,0.1750788643533123,0.0016420361247947454,0.0032258064516129032,0.2604501607717042,0.0,0.1501597444089457,0.0,0.0,0.24528301886792453,0.24528301886792453,0.09050445103857567,0.0,0.0016666666666666668,0.0,0.3620689655172414,0.007575757575757576,0.0015698587127158557,0.0015698587127158557,0.001652892561983471,0.0049261083743842365,0.4296875,0.3814935064935065,0.12577639751552794,0.28792569659442724,0.0,0.3359746434231379,0.0,0.20310077519379846,0.0015337423312883436,0.055031446540880505,0.0016339869281045752,0.1746031746031746,0.0514820592823713,0.0,0.0016420361247947454,0.18314424635332252,0.001589825119236884,0.0,0.27168576104746317,0.0,0.2594417077175698,0.008333333333333333,0.0,0.3797909407665505,0.0,0.0,0.0,0.0,0.0,0.0,0.004411764705882353,0.004694835680751174,0.004694835680751174,0.004694835680751174,0.004694835680751174,0.10114192495921696,0.04889589905362776,0.04889589905362776,0.0,0.0049504950495049506,0.0049504950495049506,0.0049504950495049506,0.11148086522462562,0.055205047318611984,0.0016286644951140066,0.0016286644951140066,0.0016286644951140066,0.0016233766233766235,0.46476761619190404,0.0015822784810126582,0.0033444816053511705,0.0016051364365971107,0.2680577849117175,0.0,0.0,0.263681592039801,0.0,0.3723916532905297,0.3723916532905297,0.003129890453834116,0.34810126582278483,0.3227953410981697,0.4535073409461664,0.4368,0.42105263157894735,0.003372681281618887,0.001669449081803005,0.0014903129657228018,0.0,0.001557632398753894,0.02936630602782071,0.31727574750830567,0.003129890453834116,0.003246753246753247,0.0,0.6601626016260163,0.0016474464579901153,0.0,0.0,0.0016313213703099511,0.22932917316692666,0.22932917316692666,0.0,0.0660377358490566,0.11616954474097331,0.11616954474097331,0.11616954474097331,0.0065252854812398045,0.0031397174254317113,0.0016339869281045752,0.0,0.0,0.38125,0.38125,0.38125,0.38250428816466553,0.003048780487804878,0.004739336492890996,0.006920415224913495,0.001639344262295082,0.1890547263681592,0.0,0.004777070063694267,0.07668231611893583,0.0,0.08099688473520249,0.0016129032258064516,0.0016129032258064516,0.0,0.001639344262295082,0.0,0.37694704049844235,0.0015723270440251573,0.0,0.35174418604651164,0.010769230769230769,0.4126984126984127,0.0032,0.4952681388012618,0.4952681388012618,0.003169572107765452,0.13001605136436598,0.012307692307692308,0.4725274725274725,0.0,0.009345794392523364
2025,1,9,prevalence,0.0031645569620253164,0.07075471698113207,0.21241830065359477,0.0016474464579901153,0.0,0.2425249169435216,0.0031397174254317113,0.1465798045602606,0.0,0.07540983606557378,0.01015228426395939,0.0,0.08099173553719008,0.004665629860031105,0.001597444089456869,0.006211180124223602,0.0,0.0015923566878980893,0.004807692307692308,0.0046875,0.33858267716535434,0.0,0.215210355987055,0.0,0.0,0.003236245954692557,0.2745709828393136,0.024429967426710098,0.003194888178913738,0.4,0.003125,0.3733974358974359,0.001524390243902439,0.26357827476038337,0.0,0.004909983633387889,0.009375,0.003134796238244514,0.1913477537437604,0.37155297532656023,0.152276295133438,0.6013628620102215,0.004966887417218543,0.3458904109589041,0.024469820554649267,0.13777089783281735,0.22650231124807396,0.061933534743202415,0.0014925373134328358,0.20608108108108109,0.0,0.23529411764705882,0.008169934640522876,0.0914826498422713,0.2519809825673534,0.0016129032258064516,0.0,0.40348101265822783,0.0,0.16286644951140064,0.0016420361247947454,0.0,0.3495297805642633,0.3495297805642633,0.13803680981595093,0.0,0.0,0.0,0.3037383177570093,0.0029940119760479044,0.0015384615384615385,0.0015384615384615385,0.00333889816360601,0.003179650238473768,0.32507739938080493,0.25950413223140495,0.21495327102803738,0.31627906976744186,0.0,0.2345679012345679,0.0,0.22955974842767296,0.001579778830963665,0.0583596214511041,0.0016778523489932886,0.2231012658227848,0.06396255850234009,0.0,0.0016,0.214170692431562,0.0015625,0.0,0.3957307060755337,0.0,0.37480314960629924,0.003215434083601286,0.0,0.30016863406408095,0.0,0.0,0.0,0.0,0.0,0.0,0.00291970802919708,0.0015479876160990713,0.0015479876160990713,0.0015479876160990713,0.0015479876160990713,0.12280701754385964,0.048859934853420196,0.048859934853420196,0.0,0.0033613445378151263,0.0033613445378151263,0.0033613445378151263,0.12254901960784313,0.10828025477707007,0.0016313213703099511,0.0016313213703099511,0.0016313213703099511,0.0016,0.46142208774583965,0.0031645569620253164,0.0032679738562091504,0.0015625,0.2625,0.0,0.0,0.27377049180327867,0.0,0.3497536945812808,0.3497536945812808,0.0047169811320754715,0.4107424960505529,0.34536082474226804,0.32189542483660133,0.3898573692551506,0.4477124183006536,0.003367003367003367,0.0016778523489932886,0.0,0.0,0.0,0.0502283105022831,0.3501628664495114,0.0030911901081916537,0.003215434083601286,0.0,0.4852941176470588,0.003418803418803419,0.0,0.0,0.003125,0.31496062992125984,0.31496062992125984,0.0016666666666666668,0.07132018209408195,0.1542056074766355,0.1542056074766355,0.1542056074766355,0.0033112582781456954,0.00315955766192733,0.0,0.0,0.0,0.3554868624420402,0.3554868624420402,0.3554868624420402,0.21487603305785125,0.0031847133757961785,0.001564945226917058,0.0033613445378151263,0.0016806722689075631,0.3451178451178451,0.0016366612111292963,0.00315955766192733,0.13787638668779714,0.0,0.2071097372488408,0.001597444089456869,0.001597444089456869,0.0,0.0016233766233766235,0.0,0.2413793103448276,0.0,0.0,0.42097488921713444,0.026194144838212634,0.31629392971246006,0.00322061191626409,0.4563552833078101,0.4563552833078101,0.003169572107765452,0.18478260869565216,0.015337423312883436,0.3401253918495298,0.0,0.004658385093167702
