Time,age_start,age_end,measure,draw_0,draw_1,draw_2,draw_3,draw_4,draw_5,draw_6,draw_7,draw_8,draw_9,draw_10,draw_11,draw_12,draw_13,draw_14,draw_15,draw_16,draw_17,draw_18,draw_19,draw_20,draw_21,draw_22,draw_23,draw_24,draw_25,draw_26,draw_27,draw_28,draw_29,draw_30,draw_31,draw_32,draw_33,draw_34,draw_35,draw_36,draw_37,draw_38,draw_39,draw_40,draw_41,draw_42,draw_43,draw_44,draw_45,draw_46,draw_47,draw_48,draw_49,draw_50,draw_51,draw_52,draw_53,draw_54,draw_55,draw_56,draw_57,draw_58,draw_59,draw_60,draw_61,draw_62,draw_63,draw_64,draw_65,draw_66,draw_67,draw_68,draw_69,draw_70,draw_71,draw_72,draw_73,draw_74,draw_75,draw_76,draw_77,draw_78,draw_79,draw_80,draw_81,draw_82,draw_83,draw_84,draw_85,draw_86,draw_87,draw_88,draw_89,draw_90,draw_91,draw_92,draw_93,draw_94,draw_95,draw_96,draw_97,draw_98,draw_99,draw_100,draw_101,draw_102,draw_103,draw_104,draw_105,draw_106,draw_107,draw_108,draw_109,draw_110,draw_111,draw_112,draw_113,draw_114,draw_115,draw_116,draw_117,draw_118,draw_119,draw_120,draw_121,draw_122,draw_123,draw_124,draw_125,draw_126,draw_127,draw_128,draw_129,draw_130,draw_131,draw_132,draw_133,draw_134,draw_135,draw_136,draw_137,draw_138,draw_139,draw_140,draw_141,draw_142,draw_143,draw_144,draw_145,draw_146,draw_147,draw_148,draw_149,draw_150,draw_151,draw_152,draw_153,draw_154,draw_155,draw_156,draw_157,draw_158,draw_159,draw_160,draw_161,draw_162,draw_163,draw_164,draw_165,draw_166,draw_167,draw_168,draw_169,draw_170,draw_171,draw_172,draw_173,draw_174,draw_175,draw_176,draw_177,draw_178,draw_179,draw_180,draw_181,draw_182,draw_183,draw_184,draw_185,draw_186,draw_187,draw_188,draw_189,draw_190,draw_191,draw_192,draw_193,draw_194,draw_195,draw_196,draw_197,draw_198,draw_199
1996,1,9,prevalence,0.0,0.0,0.0016051364365971107,0.0,0.004658385093167702,0.001644736842105263,0.0030257186081694403,0.0032414910858995136,0.0016420361247947454,0.011128775834658187,0.003169572107765452,0.059654631083202514,0.0,0.031096563011456628,0.0,0.0031397174254317113,0.0,0.0,0.06112054329371817,0.0015873015873015873,0.1454272863568216,0.001567398119122257,0.16485225505443235,0.011058451816745656,0.0032310177705977385,0.0015527950310559005,0.0015432098765432098,0.0,0.0,0.004709576138147566,0.043689320388349516,0.001597444089456869,0.0031847133757961785,0.012965964343598054,0.016666666666666666,0.07692307692307693,0.00631911532385466,0.050699300699300696,0.05092592592592592,0.007763975155279503,0.04327666151468315,0.004846526655896607,0.02564102564102564,0.0112,0.0,0.08507223113964688,0.0,0.0031847133757961785,0.0015625,0.003215434083601286,0.0322061191626409,0.14375,0.0,0.003215434083601286,0.03442622950819672,0.006024096385542169,0.050955414012738856,0.0016129032258064516,0.0,0.1566068515497553,0.034482758620689655,0.0,0.0016778523489932886,0.072,0.0,0.03927492447129909,0.006514657980456026,0.028380634390651086,0.0,0.0,0.04940119760479042,0.0061633281972265025,0.028037383177570093,0.056291390728476824,0.0,0.0,0.017543859649122806,0.0,0.09044368600682594,0.0016181229773462784,0.0015360983102918587,0.001607717041800643,0.0,0.084375,0.011940298507462687,0.035555555555555556,0.004651162790697674,0.0030911901081916537,0.0390015600624025,0.001597444089456869,0.03939393939393939,0.0014705882352941176,0.0,0.03058103975535168,0.02607361963190184,0.013050570962479609,0.004594180704441042,0.06734006734006734,0.010819165378670788,0.0016260162601626016,0.005970149253731343,0.05175292153589316,0.023547880690737835,0.004893964110929853,0.0016260162601626016,0.07728706624605679,0.06557377049180328,0.004754358161648178,0.003129890453834116,0.10789049919484701,0.004511278195488722,0.10248447204968944,0.01584786053882726,0.004702194357366771,0.09733124018838304,0.0030581039755351682,0.0,0.15705128205128205,0.001524390243902439,0.004893964110929853,0.0436817472698908,0.0,0.09298780487804878,0.006015037593984963,0.04395604395604396,0.0016155088852988692,0.0014749262536873156,0.004784688995215311,0.0,0.2631578947368421,0.07060755336617405,0.0015267175572519084,0.06570512820512821,0.08862876254180602,0.09984152139461172,0.006369426751592357,0.0015822784810126582,0.015698587127158554,0.0,0.0016181229773462784,0.0016366612111292963,0.0,0.003134796238244514,0.010447761194029851,0.0,0.07755775577557755,0.06310679611650485,0.06037151702786378,0.006329113924050633,0.031545741324921134,0.03442879499217527,0.013888888888888888,0.18700475435816163,0.025437201907790145,0.056782334384858045,0.0,0.051036682615629984,0.008156606851549755,0.04961240310077519,0.0033003300330033004,0.0,0.0327613104524181,0.0,0.003246753246753247,0.12682926829268293,0.0015822784810126582,0.0,0.12575757575757576,0.0028776978417266188,0.0015360983102918587,0.0,0.0031496062992125984,0.03600654664484452,0.0,0.05263157894736842,0.01557632398753894,0.0,0.0,0.0,0.0015698587127158557,0.0015290519877675841,0.0016313213703099511,0.06116207951070336,0.0016207455429497568,0.006259780907668232,0.0015625,0.0805921052631579,0.04777070063694268,0.0049586776859504135,0.03436988543371522,0.0,0.10719754977029096,0.00782472613458529,0.003110419906687403,0.09104477611940298,0.08133971291866028,0.2507418397626113,0.013595166163141994,0.0,0.010819165378670788
1997,1,9,prevalence,0.0,0.0,0.0016556291390728477,0.0,0.0032948929159802307,0.0017035775127768314,0.003067484662576687,0.0,0.001697792869269949,0.010084033613445379,0.003389830508474576,0.05194805194805195,0.0,0.025684931506849314,0.0,0.005025125628140704,0.0,0.0,0.07950530035335689,0.0,0.15207373271889402,0.0016129032258064516,0.13866231647634583,0.01468189233278956,0.005042016806722689,0.001652892561983471,0.001607717041800643,0.0,0.0016638935108153079,0.003289473684210526,0.1077943615257048,0.003372681281618887,0.0032733224222585926,0.006633499170812604,0.0109204368174727,0.08896210873146623,0.004807692307692308,0.026595744680851064,0.05396290050590219,0.004838709677419355,0.0473186119873817,0.0032310177705977385,0.035058430717863104,0.0033333333333333335,0.0,0.07859531772575251,0.0,0.003284072249589491,0.001597444089456869,0.003389830508474576,0.04111842105263158,0.10231023102310231,0.0,0.0032310177705977385,0.018518518518518517,0.004909983633387889,0.02922077922077922,0.001697792869269949,0.0,0.13893653516295026,0.058823529411764705,0.0,0.0034904013961605585,0.09090909090909091,0.0,0.04327666151468315,0.01644736842105263,0.025597269624573378,0.0,0.0,0.040257648953301126,0.004878048780487805,0.013008130081300813,0.06949152542372881,0.0,0.0,0.009771986970684038,0.0,0.10619469026548672,0.0016666666666666668,0.0015923566878980893,0.011570247933884297,0.0,0.07202680067001675,0.011164274322169059,0.04134762633996937,0.012519561815336464,0.003215434083601286,0.032948929159802305,0.0016556291390728477,0.03610675039246468,0.0015503875968992248,0.0,0.028037383177570093,0.023547880690737835,0.016611295681063124,0.0015873015873015873,0.05902192242833052,0.02037617554858934,0.005119453924914676,0.007861635220125786,0.06568144499178982,0.02975206611570248,0.003372681281618887,0.001694915254237288,0.08652246256239601,0.11222780569514237,0.007987220447284345,0.003355704697986577,0.10526315789473684,0.004629629629629629,0.11396468699839486,0.013289036544850499,0.004739336492890996,0.1092436974789916,0.004815409309791332,0.0,0.13210702341137123,0.0,0.006546644844517185,0.048859934853420196,0.0,0.03577235772357724,0.0031746031746031746,0.04830917874396135,0.003355704697986577,0.003125,0.0050933786078098476,0.0,0.22019867549668873,0.07288135593220339,0.0016181229773462784,0.0754414125200642,0.09433962264150944,0.07792207792207792,0.001639344262295082,0.0016207455429497568,0.018092105263157895,0.0,0.0,0.00333889816360601,0.0,0.0033222591362126247,0.006259780907668232,0.0017094017094017094,0.09045226130653267,0.06976744186046512,0.059113300492610835,0.006589785831960461,0.03130148270181219,0.03785488958990536,0.017828200972447326,0.14424635332252836,0.040783034257748776,0.02857142857142857,0.0,0.0391156462585034,0.006688963210702341,0.048,0.00859106529209622,0.0,0.025806451612903226,0.0,0.0,0.13651877133105803,0.0016286644951140066,0.0,0.08006279434850863,0.0029498525073746312,0.001658374792703151,0.0,0.0033003300330033004,0.06700167504187604,0.0,0.045307443365695796,0.01589825119236884,0.0,0.0,0.0,0.0,0.001567398119122257,0.001652892561983471,0.03828483920367534,0.005,0.006299212598425197,0.001658374792703151,0.12216404886561955,0.04,0.004830917874396135,0.034653465346534656,0.0,0.1400329489291598,0.012779552715654952,0.0016207455429497568,0.08359133126934984,0.08415841584158416,0.16483516483516483,0.00967741935483871,0.0,0.006493506493506494
1998,1,9,prevalence,0.0,0.0,0.0016313213703099511,0.0,0.0032626427406199023,0.0034542314335060447,0.0032310177705977385,0.001658374792703151,0.001694915254237288,0.00338409475465313,0.003552397868561279,0.04038772213247173,0.0,0.03482587064676617,0.0,0.0032679738562091504,0.0,0.0,0.04929577464788732,0.003129890453834116,0.1661392405063291,0.0016207455429497568,0.14382402707275804,0.014308426073131956,0.005042016806722689,0.0016286644951140066,0.0016260162601626016,0.0,0.001644736842105263,0.003246753246753247,0.1912751677852349,0.0017152658662092624,0.0049586776859504135,0.011705685618729096,0.00949367088607595,0.11295681063122924,0.00966183574879227,0.03436426116838488,0.06291390728476821,0.0016129032258064516,0.03870967741935484,0.0032626427406199023,0.026755852842809364,0.004966887417218543,0.0,0.10350584307178631,0.0017152658662092624,0.0033277870216306157,0.006462035541195477,0.008291873963515755,0.06688417618270799,0.06260296540362438,0.0,0.00322061191626409,0.026755852842809364,0.009630818619582664,0.01929260450160772,0.0,0.0,0.12586206896551724,0.04674457429048414,0.0015873015873015873,0.0034782608695652175,0.04862236628849271,0.0,0.0463258785942492,0.020967741935483872,0.028380634390651086,0.0,0.0,0.04983922829581994,0.004739336492890996,0.019736842105263157,0.04679376083188908,0.0,0.0016313213703099511,0.021172638436482084,0.0,0.0905861456483126,0.0016611295681063123,0.001594896331738437,0.00847457627118644,0.0,0.055,0.019639934533551555,0.04608294930875576,0.024390243902439025,0.003134796238244514,0.02823920265780731,0.0016181229773462784,0.04186795491143317,0.0015698587127158557,0.0,0.03353658536585366,0.031446540880503145,0.014802631578947368,0.0032102728731942215,0.05737704918032787,0.023510971786833857,0.0033613445378151263,0.007763975155279503,0.055077452667814115,0.032520325203252036,0.0032626427406199023,0.0,0.08723747980613894,0.09243697478991597,0.00641025641025641,0.0032733224222585926,0.08153078202995008,0.003134796238244514,0.12207357859531773,0.014778325123152709,0.004815409309791332,0.09492635024549918,0.004885993485342019,0.0015748031496062992,0.15525876460767946,0.0,0.0033613445378151263,0.05627009646302251,0.0,0.01910828025477707,0.004975124378109453,0.07177033492822966,0.0016501650165016502,0.0015527950310559005,0.0,0.0,0.176,0.0817717206132879,0.003316749585406302,0.08401976935749589,0.1094017094017094,0.0819935691318328,0.001639344262295082,0.0016611295681063123,0.03915171288743882,0.0,0.0,0.0016155088852988692,0.0,0.001718213058419244,0.006339144215530904,0.0,0.08108108108108109,0.04201680672268908,0.048859934853420196,0.0016051364365971107,0.019933554817275746,0.01393188854489164,0.0110062893081761,0.11056105610561057,0.08013355592654424,0.027607361963190184,0.0,0.041237113402061855,0.008488964346349746,0.03035413153456998,0.02711864406779661,0.0,0.01746031746031746,0.0,0.0,0.16831683168316833,0.001610305958132045,0.0,0.07716535433070866,0.0,0.0,0.0016207455429497568,0.0049504950495049506,0.07333333333333333,0.001579778830963665,0.07894736842105263,0.010638297872340425,0.0,0.0015772870662460567,0.0015313935681470138,0.0,0.0015723270440251573,0.0016750418760469012,0.07350689127105667,0.004975124378109453,0.0031201248049922,0.001652892561983471,0.14629948364888123,0.03079416531604538,0.003289473684210526,0.037953795379537955,0.0,0.14098360655737704,0.01854714064914992,0.001639344262295082,0.06821705426356589,0.11375212224108659,0.11981566820276497,0.006557377049180328,0.0,0.004878048780487805
1999,1,9,prevalence,0.001584786053882726,0.0,0.001610305958132045,0.0,0.005008347245409015,0.0033500837520938024,0.0032,0.0016025641025641025,0.0,0.0,0.003656307129798903,0.045454545454545456,0.0,0.03833333333333333,0.0016366612111292963,0.0016129032258064516,0.0,0.0,0.05545927209705372,0.0031847133757961785,0.15535444947209653,0.001589825119236884,0.09385113268608414,0.021035598705501618,0.006756756756756757,0.004777070063694267,0.0,0.0,0.0016155088852988692,0.0,0.2743801652892562,0.0017301038062283738,0.0033613445378151263,0.02054794520547945,0.00980392156862745,0.1285475792988314,0.00792393026941363,0.028960817717206135,0.09966777408637874,0.0015698587127158557,0.03508771929824561,0.0033333333333333335,0.01192504258943782,0.005042016806722689,0.0,0.08762886597938144,0.003430531732418525,0.0016420361247947454,0.0032310177705977385,0.008333333333333333,0.07852564102564102,0.05564924114671164,0.0,0.0032948929159802307,0.01584786053882726,0.011513157894736841,0.008156606851549755,0.0,0.0,0.09137055837563451,0.03140495867768595,0.001607717041800643,0.008605851979345954,0.04662379421221865,0.0,0.05023547880690738,0.014218009478672985,0.023450586264656615,0.0,0.0,0.05115511551155116,0.0048,0.029508196721311476,0.05245346869712352,0.0,0.0016,0.01800327332242226,0.0,0.07426597582037997,0.0016806722689075631,0.0015600624024961,0.0034071550255536627,0.0,0.09951060358890701,0.024469820554649267,0.027149321266968326,0.01834862385321101,0.006389776357827476,0.03529411764705882,0.001607717041800643,0.04936305732484077,0.0016286644951140066,0.0,0.043410852713178294,0.03307086614173228,0.03666666666666667,0.001610305958132045,0.060064935064935064,0.021875,0.003278688524590164,0.008,0.044673539518900345,0.026359143327841845,0.0016129032258064516,0.001697792869269949,0.07740916271721959,0.08940397350993377,0.0031746031746031746,0.0016806722689075631,0.0676818950930626,0.0031446540880503146,0.08139534883720931,0.011345218800648298,0.004724409448818898,0.08240887480190175,0.009852216748768473,0.0016366612111292963,0.14890016920473773,0.0015923566878980893,0.0033444816053511705,0.04739336492890995,0.0,0.011532125205930808,0.0033613445378151263,0.05008347245409015,0.0016638935108153079,0.0016,0.0,0.0,0.12965964343598055,0.05360134003350084,0.0033783783783783786,0.12214983713355049,0.0924956369982548,0.054187192118226604,0.0,0.0,0.04180602006688963,0.0,0.0016556291390728477,0.0015873015873015873,0.0,0.0017123287671232876,0.006329113924050633,0.0,0.07167235494880546,0.027597402597402596,0.07364975450081833,0.003236245954692557,0.01607717041800643,0.010819165378670788,0.012403100775193798,0.08660130718954248,0.0867430441898527,0.02050473186119874,0.0,0.047058823529411764,0.008237232289950576,0.027868852459016394,0.03614457831325301,0.0,0.022727272727272728,0.0,0.0,0.14026402640264027,0.001610305958132045,0.0,0.0770440251572327,0.0014705882352941176,0.0,0.0016313213703099511,0.012987012987012988,0.10483870967741936,0.0,0.08250825082508251,0.012539184952978056,0.0,0.0016,0.0,0.0,0.001579778830963665,0.0016750418760469012,0.0890302066772655,0.003305785123966942,0.0031446540880503146,0.0016129032258064516,0.21016949152542372,0.031198686371100164,0.0016313213703099511,0.03079416531604538,0.0,0.11201298701298701,0.014173228346456693,0.0,0.07751937984496124,0.11451612903225807,0.09501557632398754,0.0029985007496251873,0.0,0.0016129032258064516
2000,1,9,prevalence,0.0,0.0,0.0015748031496062992,0.0,0.006633499170812604,0.003401360544217687,0.001644736842105263,0.0016286644951140066,0.0,0.00322061191626409,0.0035335689045936395,0.040983606557377046,0.0,0.0429042904290429,0.003246753246753247,0.0,0.0,0.0,0.04498269896193772,0.00322061191626409,0.12006319115323855,0.001669449081803005,0.08333333333333333,0.023622047244094488,0.0066555740432612314,0.0031545741324921135,0.003189792663476874,0.0,0.003194888178913738,0.0,0.40522875816993464,0.0017391304347826088,0.003372681281618887,0.037800687285223365,0.005016722408026756,0.16220735785953178,0.00473186119873817,0.02901023890784983,0.11129568106312292,0.001597444089456869,0.01957585644371941,0.0033277870216306157,0.011647254575707155,0.0016501650165016502,0.0,0.11666666666666667,0.0016666666666666668,0.004807692307692308,0.0016025641025641025,0.010221465076660987,0.08333333333333333,0.05647840531561462,0.0,0.0015432098765432098,0.028346456692913385,0.008237232289950576,0.008103727714748784,0.0,0.0,0.061016949152542375,0.05140961857379768,0.0016366612111292963,0.0068846815834767644,0.036544850498338874,0.0,0.08709677419354839,0.012658227848101266,0.019867549668874173,0.0,0.0,0.03814262023217247,0.003169572107765452,0.03577235772357724,0.05025125628140704,0.0015723270440251573,0.001589825119236884,0.011627906976744186,0.0,0.0757314974182444,0.0017152658662092624,0.0016286644951140066,0.006837606837606838,0.0,0.11348684210526316,0.019169329073482427,0.01848998459167951,0.029827315541601257,0.008169934640522876,0.04234527687296417,0.0016806722689075631,0.03821656050955414,0.0016260162601626016,0.0,0.028526148969889066,0.006269592476489028,0.021666666666666667,0.001610305958132045,0.04700162074554295,0.012578616352201259,0.0016,0.00967741935483871,0.03924914675767918,0.04311774461028192,0.003278688524590164,0.0016666666666666668,0.10625,0.05564924114671164,0.001579778830963665,0.0016556291390728477,0.0732899022801303,0.0016181229773462784,0.09791332263242375,0.0272,0.004830917874396135,0.10031847133757962,0.00966183574879227,0.0016474464579901153,0.1474036850921273,0.0015625,0.0016611295681063123,0.0405616224648986,0.0,0.00825082508250825,0.0017035775127768314,0.035058430717863104,0.001639344262295082,0.0,0.0,0.0031496062992125984,0.08360128617363344,0.041254125412541254,0.0017391304347826088,0.1280388978930308,0.08904109589041095,0.05787781350482315,0.0,0.0,0.03511705685618729,0.0,0.0033112582781456954,0.001610305958132045,0.0,0.0,0.006546644844517185,0.0,0.07537688442211055,0.01607717041800643,0.06907894736842106,0.0016366612111292963,0.012738853503184714,0.021739130434782608,0.006259780907668232,0.0768,0.13333333333333333,0.03656597774244833,0.0,0.05442176870748299,0.0016835016835016834,0.03666666666666667,0.04666666666666667,0.0,0.026446280991735537,0.0,0.0,0.14420062695924765,0.0015455950540958269,0.0,0.08265802269043761,0.0030257186081694403,0.0,0.0016155088852988692,0.007849293563579277,0.08333333333333333,0.0015698587127158557,0.08180300500834725,0.01751592356687898,0.0,0.0016,0.0,0.0,0.0,0.0016638935108153079,0.10806451612903226,0.0016420361247947454,0.003205128205128205,0.001607717041800643,0.2564991334488735,0.02622950819672131,0.0016286644951140066,0.02926829268292683,0.00322061191626409,0.08503937007874016,0.00644122383252818,0.0,0.06289308176100629,0.14668769716088328,0.0673076923076923,0.002962962962962963,0.0,0.001564945226917058
2001,1,9,prevalence,0.0,0.0,0.0015748031496062992,0.0,0.006756756756756757,0.0017301038062283738,0.0016666666666666668,0.0031545741324921135,0.0,0.0016474464579901153,0.0,0.03104575163398693,0.0016260162601626016,0.0423728813559322,0.0016501650165016502,0.0,0.0,0.0,0.03015075376884422,0.001579778830963665,0.15944272445820434,0.0,0.056818181818181816,0.014516129032258065,0.0065252854812398045,0.001567398119122257,0.008103727714748784,0.0,0.0032310177705977385,0.0031397174254317113,0.3549432739059968,0.001736111111111111,0.0017006802721088435,0.041666666666666664,0.0033003300330033004,0.1423728813559322,0.003110419906687403,0.032948929159802305,0.11129032258064517,0.0,0.011075949367088608,0.0,0.013157894736842105,0.003284072249589491,0.0,0.14691151919866444,0.001658374792703151,0.001607717041800643,0.0031397174254317113,0.008375209380234505,0.081377151799687,0.05490848585690516,0.0,0.0015082956259426848,0.040625,0.015050167224080268,0.01393188854489164,0.0,0.0,0.047217537942664416,0.03865546218487395,0.0016339869281045752,0.015544041450777202,0.03015075376884422,0.0,0.11594202898550725,0.02040816326530612,0.018835616438356163,0.0,0.001597444089456869,0.04390243902439024,0.001564945226917058,0.01174496644295302,0.0429042904290429,0.0015873015873015873,0.0015873015873015873,0.047540983606557376,0.0,0.07370184254606366,0.0017123287671232876,0.0031397174254317113,0.0017123287671232876,0.006578947368421052,0.0975609756097561,0.025,0.006201550387596899,0.07301587301587302,0.011666666666666667,0.02258064516129032,0.0016501650165016502,0.04700162074554295,0.0,0.0,0.01901743264659271,0.006462035541195477,0.0016611295681063123,0.001594896331738437,0.040453074433656956,0.01729559748427673,0.0016366612111292963,0.004761904761904762,0.034904013961605584,0.06129032258064516,0.011475409836065573,0.001669449081803005,0.1123076923076923,0.06357388316151202,0.008025682182985553,0.0016501650165016502,0.05862646566164154,0.0,0.08634222919937205,0.029605263157894735,0.0033444816053511705,0.06301824212271974,0.0096,0.0016638935108153079,0.20655737704918034,0.0015360983102918587,0.0,0.02786377708978328,0.0,0.003355704697986577,0.0016891891891891893,0.01877133105802048,0.0016750418760469012,0.0,0.0017006802721088435,0.0015772870662460567,0.08500772797527048,0.030063291139240507,0.001697792869269949,0.14748784440842788,0.06688963210702341,0.050243111831442464,0.0,0.0,0.06372549019607843,0.0,0.0,0.0016420361247947454,0.0,0.0,0.004934210526315789,0.003552397868561279,0.07179487179487179,0.011363636363636364,0.04975124378109453,0.006734006734006734,0.005016722408026756,0.020249221183800622,0.009584664536741214,0.03685897435897436,0.14446227929373998,0.03333333333333333,0.0016025641025641025,0.0636215334420881,0.0,0.05098684210526316,0.05365853658536585,0.0015698587127158557,0.03079416531604538,0.001610305958132045,0.0,0.12341772151898735,0.0015625,0.0,0.0762987012987013,0.0015037593984962407,0.0,0.0015822784810126582,0.0031007751937984496,0.09215017064846416,0.0,0.07952622673434856,0.014705882352941176,0.0015432098765432098,0.0016025641025641025,0.0015479876160990713,0.0,0.0,0.0016835016835016834,0.12417218543046357,0.0016638935108153079,0.003284072249589491,0.0016207455429497568,0.18181818181818182,0.046052631578947366,0.0015748031496062992,0.029173419773095625,0.001564945226917058,0.09298780487804878,0.008333333333333333,0.0,0.05246422893481717,0.1330128205128205,0.05422647527910686,0.0015600624024961,0.0,0.0
2002,1,9,prevalence,0.0,0.0,0.001589825119236884,0.0,0.004878048780487805,0.0017123287671232876,0.003367003367003367,0.003169572107765452,0.0,0.0032102728731942215,0.0,0.03482587064676617,0.0016420361247947454,0.056856187290969896,0.0,0.0,0.0,0.0,0.03547297297297297,0.0,0.15311004784688995,0.0,0.04560260586319218,0.017828200972447326,0.006600660066006601,0.0015408320493066256,0.01129032258064516,0.0,0.0032733224222585926,0.0030627871362940277,0.25162337662337664,0.0017452006980802793,0.0017006802721088435,0.059674502712477394,0.008116883116883116,0.11876075731497418,0.001597444089456869,0.05305466237942122,0.088379705400982,0.003278688524590164,0.0061633281972265025,0.0,0.02702702702702703,0.01001669449081803,0.0,0.13659359190556492,0.0016806722689075631,0.003284072249589491,0.003129890453834116,0.0066555740432612314,0.08079268292682927,0.055,0.001669449081803005,0.0015174506828528073,0.04,0.010471204188481676,0.00792393026941363,0.0,0.0,0.05952380952380952,0.06711409395973154,0.003289473684210526,0.015544041450777202,0.02555366269165247,0.001652892561983471,0.16638935108153077,0.014285714285714285,0.010291595197255575,0.0,0.001579778830963665,0.03904923599320883,0.0,0.018487394957983194,0.026622296173044926,0.0032310177705977385,0.0016501650165016502,0.03915171288743882,0.0,0.10147299509001637,0.0016750418760469012,0.003189792663476874,0.005338078291814947,0.0033333333333333335,0.1232,0.025817555938037865,0.0,0.06602254428341385,0.009983361064891847,0.021241830065359478,0.003246753246753247,0.06003159557661927,0.0,0.0,0.0220125786163522,0.01652892561983471,0.0,0.001584786053882726,0.03054662379421222,0.01567398119122257,0.0015772870662460567,0.0016025641025641025,0.02456140350877193,0.07849293563579278,0.020833333333333332,0.0016207455429497568,0.1095679012345679,0.08695652173913043,0.004807692307692308,0.0,0.04186795491143317,0.003395585738539898,0.06891025641025642,0.044850498338870434,0.0016474464579901153,0.07082630691399663,0.011419249592169658,0.0,0.25,0.0015313935681470138,0.0,0.022328548644338118,0.0,0.0032679738562091504,0.0,0.025210084033613446,0.0016806722689075631,0.0,0.0017094017094017094,0.0015552099533437014,0.06800618238021638,0.0416,0.0017035775127768314,0.17692307692307693,0.09181969949916527,0.044444444444444446,0.0,0.0,0.054098360655737705,0.003355704697986577,0.0,0.0016260162601626016,0.0,0.0,0.004909983633387889,0.00686106346483705,0.065,0.008156606851549755,0.03130148270181219,0.015,0.0016420361247947454,0.025682182985553772,0.008025682182985553,0.03924646781789639,0.15993788819875776,0.031198686371100164,0.0015873015873015873,0.06129032258064516,0.0,0.043478260869565216,0.051364365971107544,0.0031645569620253164,0.0432,0.0016286644951140066,0.0,0.09298780487804878,0.003257328990228013,0.0,0.04942339373970346,0.0030165912518853697,0.0,0.001594896331738437,0.0030581039755351682,0.09197324414715718,0.0,0.06688417618270799,0.01824212271973466,0.0,0.001610305958132045,0.0015822784810126582,0.0,0.0,0.0016638935108153079,0.09405940594059406,0.0016339869281045752,0.0016501650165016502,0.004807692307692308,0.14608695652173914,0.04065040650406504,0.001594896331738437,0.01607717041800643,0.0015600624024961,0.0888208269525268,0.004909983633387889,0.0016366612111292963,0.042483660130718956,0.14308426073131955,0.05872756933115824,0.0016339869281045752,0.001652892561983471,0.0
2003,1,9,prevalence,0.0,0.0,0.001597444089456869,0.0,0.003257328990228013,0.0017421602787456446,0.005128205128205128,0.0032258064516129032,0.0,0.006568144499178982,0.0,0.044189852700491,0.0016474464579901153,0.07792207792207792,0.0,0.0,0.0,0.0,0.030612244897959183,0.0,0.16113744075829384,0.0,0.030252100840336135,0.03481012658227848,0.006546644844517185,0.0015037593984962407,0.006493506493506494,0.0,0.003194888178913738,0.003110419906687403,0.21393034825870647,0.001763668430335097,0.0017152658662092624,0.07678571428571429,0.01335559265442404,0.10596026490066225,0.0016051364365971107,0.024193548387096774,0.10188087774294671,0.006578947368421052,0.004694835680751174,0.0,0.01607717041800643,0.03927986906710311,0.0,0.14629948364888123,0.0016207455429497568,0.0047169811320754715,0.009302325581395349,0.011532125205930808,0.10229007633587786,0.032362459546925564,0.0016666666666666668,0.001564945226917058,0.027950310559006212,0.022071307300509338,0.01288244766505636,0.001564945226917058,0.0,0.09735973597359736,0.077834179357022,0.0032679738562091504,0.0136986301369863,0.03747870528109029,0.0,0.17863105175292154,0.022257551669316374,0.0034423407917383822,0.0,0.0031847133757961785,0.03163444639718805,0.0,0.03471074380165289,0.03166666666666667,0.0016722408026755853,0.001658374792703151,0.03559322033898305,0.0,0.0743801652892562,0.0016313213703099511,0.0032,0.005172413793103448,0.0033500837520938024,0.1494435612082671,0.02782608695652174,0.0,0.09287925696594428,0.018333333333333333,0.0288,0.0032520325203252032,0.0703125,0.0,0.0,0.024271844660194174,0.02138157894736842,0.0016750418760469012,0.0016207455429497568,0.032362459546925564,0.018333333333333333,0.0,0.0,0.015517241379310345,0.08842443729903537,0.029459901800327332,0.0,0.08837209302325581,0.1024793388429752,0.006535947712418301,0.0,0.030844155844155844,0.006578947368421052,0.07559055118110236,0.044407894736842105,0.0033112582781456954,0.039538714991762765,0.025889967637540454,0.0016366612111292963,0.2504145936981758,0.0,0.0,0.014150943396226415,0.0,0.001692047377326565,0.001697792869269949,0.043993231810490696,0.0032733224222585926,0.0,0.0016863406408094434,0.0030303030303030303,0.06412213740458016,0.04038772213247173,0.0017482517482517483,0.13793103448275862,0.11494252873563218,0.04285714285714286,0.0,0.0,0.07320872274143302,0.0033003300330033004,0.0,0.001589825119236884,0.0,0.0,0.003355704697986577,0.008403361344537815,0.07248764415156507,0.004918032786885246,0.052202283849918436,0.01485148514851485,0.0,0.015503875968992248,0.004739336492890996,0.03134796238244514,0.1389776357827476,0.02329450915141431,0.0015723270440251573,0.03889789303079417,0.0016366612111292963,0.035175879396984924,0.03908794788273615,0.0015455950540958269,0.04785478547854786,0.0,0.0,0.07004470938897168,0.0032679738562091504,0.0,0.0593900481540931,0.002962962962962963,0.004792332268370607,0.0015384615384615385,0.0030864197530864196,0.08045977011494253,0.0016339869281045752,0.061389337641357025,0.020100502512562814,0.004418262150220913,0.001669449081803005,0.0015360983102918587,0.0,0.0,0.0,0.07973421926910298,0.0,0.0,0.0032,0.13926174496644295,0.039603960396039604,0.0015600624024961,0.006493506493506494,0.0,0.07849293563579278,0.004862236628849271,0.004942339373970346,0.048701298701298704,0.11538461538461539,0.05454545454545454,0.0016611295681063123,0.0016,0.0015873015873015873
2004,1,9,prevalence,0.0,0.0,0.0016207455429497568,0.0,0.00333889816360601,0.0,0.005110732538330494,0.001589825119236884,0.0,0.009569377990430622,0.0,0.05306799336650083,0.0016666666666666668,0.10166666666666667,0.0,0.0,0.0,0.0,0.024916943521594685,0.001584786053882726,0.1761904761904762,0.0017064846416382253,0.028716216216216218,0.044444444444444446,0.0065040650406504065,0.0015174506828528073,0.0016129032258064516,0.004580152671755725,0.0015698587127158557,0.003129890453834116,0.18270799347471453,0.001736111111111111,0.0017006802721088435,0.08944543828264759,0.01824212271973466,0.11952861952861953,0.0015772870662460567,0.03571428571428571,0.10191082802547771,0.003215434083601286,0.0,0.0,0.0214168039538715,0.027463651050080775,0.0,0.11519198664440734,0.0016207455429497568,0.004702194357366771,0.0048,0.008431703204047217,0.075,0.027287319422150885,0.0,0.0,0.029874213836477988,0.052980132450331126,0.021922428330522766,0.001610305958132045,0.0,0.08672566371681416,0.14310051107325383,0.0032948929159802307,0.008635578583765112,0.05432937181663837,0.0,0.22483221476510068,0.020440251572327043,0.003430531732418525,0.0,0.001579778830963665,0.03677758318739054,0.0,0.06440677966101695,0.024958402662229616,0.001692047377326565,0.0016638935108153079,0.0333889816360601,0.0,0.05750798722044728,0.0015748031496062992,0.0015923566878980893,0.01015228426395939,0.0051635111876075735,0.23397435897435898,0.03019538188277087,0.0,0.1298904538341158,0.023178807947019868,0.03317535545023697,0.00322061191626409,0.05069124423963134,0.0,0.0,0.011725293132328308,0.019417475728155338,0.0032948929159802307,0.0016025641025641025,0.052547770700636945,0.01620745542949757,0.0,0.0016863406408094434,0.006837606837606838,0.11129296235679215,0.039936102236421724,0.0,0.05172413793103448,0.17014446227929375,0.0065252854812398045,0.0,0.024350649350649352,0.006568144499178982,0.06070287539936102,0.04833333333333333,0.0016181229773462784,0.03600654664484452,0.03442622950819672,0.0016474464579901153,0.18801996672212978,0.0015360983102918587,0.0,0.009404388714733543,0.0,0.011589403973509934,0.0016260162601626016,0.03697478991596639,0.0017064846416382253,0.0,0.001697792869269949,0.0030581039755351682,0.04984423676012461,0.03273322422258593,0.0017605633802816902,0.11882716049382716,0.11254019292604502,0.05081967213114754,0.0,0.0,0.06750392464678179,0.003246753246753247,0.0,0.0032102728731942215,0.0,0.0,0.003284072249589491,0.011986301369863013,0.05518394648829431,0.007911392405063292,0.04213938411669368,0.014754098360655738,0.0,0.01567398119122257,0.0047694753577106515,0.021671826625386997,0.12258064516129032,0.02145214521452145,0.0,0.051070840197693576,0.0033333333333333335,0.021775544388609715,0.07201309328968904,0.0014970059880239522,0.0429042904290429,0.0,0.0,0.06212121212121212,0.0016181229773462784,0.0,0.05362776025236593,0.0015313935681470138,0.004807692307692308,0.0015698587127158557,0.00463678516228748,0.07852564102564102,0.006430868167202572,0.05161290322580645,0.019672131147540985,0.006153846153846154,0.0016638935108153079,0.0015552099533437014,0.001607717041800643,0.0,0.0,0.04576271186440678,0.001658374792703151,0.0016051364365971107,0.0032520325203252032,0.0728476821192053,0.03436988543371522,0.00463678516228748,0.006568144499178982,0.0,0.10903426791277258,0.006734006734006734,0.008417508417508417,0.04245283018867924,0.10990712074303406,0.05901639344262295,0.0,0.001594896331738437,0.0032679738562091504
2005,1,9,prevalence,0.0,0.0,0.001652892561983471,0.0,0.0034129692832764505,0.0,0.0049504950495049506,0.001594896331738437,0.0,0.012718600953895072,0.0,0.07281553398058252,0.0016420361247947454,0.08695652173913043,0.0,0.0,0.0,0.0,0.015202702702702704,0.0015698587127158557,0.1829652996845426,0.0017035775127768314,0.0391156462585034,0.06462035541195477,0.005008347245409015,0.0015455950540958269,0.0016339869281045752,0.0061162079510703364,0.0015552099533437014,0.0015337423312883436,0.13590604026845637,0.0017301038062283738,0.0,0.10052910052910052,0.028380634390651086,0.10983606557377049,0.0016129032258064516,0.03343949044585987,0.11388455538221529,0.00487012987012987,0.0016207455429497568,0.0016260162601626016,0.03559870550161812,0.027552674230145867,0.0,0.11074918566775244,0.0016260162601626016,0.003278688524590164,0.009569377990430622,0.013008130081300813,0.06739811912225706,0.01904761904761905,0.0,0.0,0.01866251944012442,0.03361344537815126,0.018092105263157895,0.001589825119236884,0.0,0.07017543859649122,0.10634648370497427,0.0032679738562091504,0.015228426395939087,0.04785478547854786,0.0,0.1973018549747049,0.01195814648729447,0.0016863406408094434,0.0,0.0,0.025817555938037865,0.0,0.08103448275862069,0.021775544388609715,0.0033222591362126247,0.0032948929159802307,0.025210084033613446,0.0,0.06060606060606061,0.0,0.0,0.018211920529801324,0.0033277870216306157,0.24600638977635783,0.03356890459363958,0.0,0.15919629057187018,0.023064250411861616,0.04806201550387597,0.0031847133757961785,0.03987730061349693,0.0,0.0,0.008237232289950576,0.004966887417218543,0.0016474464579901153,0.0016313213703099511,0.06349206349206349,0.01779935275080906,0.0,0.0033112582781456954,0.005226480836236934,0.1123076923076923,0.025396825396825397,0.0,0.03365384615384615,0.11022364217252396,0.004942339373970346,0.0,0.04716981132075472,0.005042016806722689,0.0483619344773791,0.06239737274220033,0.0016207455429497568,0.03453947368421053,0.026359143327841845,0.0032733224222585926,0.16531604538087522,0.0015552099533437014,0.0,0.00631911532385466,0.0030816640986132513,0.046822742474916385,0.0033333333333333335,0.029605263157894735,0.0017271157167530224,0.0,0.001718213058419244,0.0031201248049922,0.06614173228346457,0.046849757673667204,0.0,0.1088646967340591,0.18181818181818182,0.059900166389351084,0.0,0.0,0.07777777777777778,0.0033613445378151263,0.0,0.00315955766192733,0.0,0.0,0.005128205128205128,0.0067226890756302525,0.025,0.009419152276295133,0.02843601895734597,0.01353637901861252,0.0,0.0064,0.004724409448818898,0.025356576862123614,0.09309791332263243,0.02564102564102564,0.0015748031496062992,0.044189852700491,0.003289473684210526,0.02631578947368421,0.06946688206785137,0.0015105740181268882,0.02680067001675042,0.0,0.0,0.051829268292682924,0.0016233766233766235,0.0,0.06995230524642289,0.0015748031496062992,0.0032520325203252032,0.0016207455429497568,0.004709576138147566,0.07281553398058252,0.0140625,0.04107424960505529,0.013029315960912053,0.004672897196261682,0.0017152658662092624,0.001589825119236884,0.0,0.0016638935108153079,0.0,0.042071197411003236,0.0016835016835016834,0.0065040650406504065,0.001589825119236884,0.08249158249158249,0.03231017770597738,0.007680491551459293,0.0049833887043189366,0.0,0.08917197452229299,0.013245033112582781,0.003472222222222222,0.03949447077409163,0.08346456692913386,0.03980099502487562,0.0016501650165016502,0.001584786053882726,0.001589825119236884
2006,1,9,prevalence,0.0015360983102918587,0.0,0.001692047377326565,0.0,0.0032733224222585926,0.0,0.003278688524590164,0.001564945226917058,0.0,0.01129032258064516,0.0,0.0713128038897893,0.0016638935108153079,0.0864600326264274,0.0,0.0,0.0,0.0,0.010067114093959731,0.0,0.17932148626817448,0.0,0.06156405990016639,0.04823151125401929,0.001669449081803005,0.0015313935681470138,0.004893964110929853,0.0030257186081694403,0.0015698587127158557,0.0047169811320754715,0.11889250814332247,0.0016806722689075631,0.0,0.12367491166077739,0.03709949409780776,0.11021069692058347,0.0016420361247947454,0.028526148969889066,0.09312977099236641,0.003236245954692557,0.001610305958132045,0.0016207455429497568,0.012519561815336464,0.03205128205128205,0.003305785123966942,0.09075907590759076,0.001589825119236884,0.0015923566878980893,0.024311183144246355,0.009819967266775777,0.03514376996805112,0.018604651162790697,0.0,0.0,0.018779342723004695,0.026272577996715927,0.016181229773462782,0.0015290519877675841,0.0,0.10175438596491228,0.1445578231292517,0.0016,0.026446280991735537,0.02800658978583196,0.0,0.13333333333333333,0.013595166163141994,0.003278688524590164,0.0,0.0,0.012195121951219513,0.0,0.09137931034482759,0.02671118530884808,0.005154639175257732,0.008116883116883116,0.03284072249589491,0.0,0.050473186119873815,0.0,0.001557632398753894,0.01675041876046901,0.001658374792703151,0.20450885668276972,0.03496503496503497,0.0049833887043189366,0.14791987673343607,0.03536977491961415,0.07430340557275542,0.0033222591362126247,0.042879019908116385,0.0,0.0,0.0049261083743842365,0.006779661016949152,0.001652892561983471,0.001652892561983471,0.10144927536231885,0.024311183144246355,0.0016501650165016502,0.012903225806451613,0.008756567425569177,0.13446676970633695,0.048154093097913325,0.0,0.0144,0.1053484602917342,0.010050251256281407,0.0,0.04468412942989214,0.003367003367003367,0.029874213836477988,0.0695364238410596,0.0016420361247947454,0.0208,0.03262642740619902,0.001669449081803005,0.15309446254071662,0.0,0.0017211703958691911,0.004777070063694267,0.0015527950310559005,0.07202680067001675,0.0049833887043189366,0.035,0.0016891891891891893,0.0,0.0017513134851138354,0.0015408320493066256,0.07777777777777778,0.041254125412541254,0.0,0.09562398703403566,0.19462025316455697,0.06732348111658457,0.0,0.0,0.08917197452229299,0.0016750418760469012,0.003189792663476874,0.001610305958132045,0.0,0.001557632398753894,0.003355704697986577,0.004918032786885246,0.03273322422258593,0.004838709677419355,0.0234375,0.016778523489932886,0.0,0.0048,0.009419152276295133,0.02197802197802198,0.07820299500831947,0.020833333333333332,0.001594896331738437,0.03169572107765452,0.0,0.03278688524590164,0.06414473684210527,0.0014903129657228018,0.01839464882943144,0.0,0.0,0.06666666666666667,0.0,0.0,0.059113300492610835,0.001584786053882726,0.0032258064516129032,0.0015723270440251573,0.0,0.064891846921797,0.00463678516228748,0.039936102236421724,0.0032310177705977385,0.003129890453834116,0.001694915254237288,0.001594896331738437,0.0,0.0017064846416382253,0.0,0.02329450915141431,0.0017094017094017094,0.011570247933884297,0.0015723270440251573,0.06622516556291391,0.027914614121510674,0.003189792663476874,0.006779661016949152,0.0016155088852988692,0.09797822706065319,0.02857142857142857,0.003389830508474576,0.038834951456310676,0.06379585326953748,0.02773246329526917,0.0016313213703099511,0.003110419906687403,0.001597444089456869
2007,1,9,prevalence,0.0015360983102918587,0.0,0.0,0.0,0.0033500837520938024,0.001718213058419244,0.001652892561983471,0.0,0.0,0.014285714285714285,0.0,0.1053484602917342,0.003389830508474576,0.11129296235679215,0.0,0.0,0.0,0.0,0.013157894736842105,0.0,0.13344051446945338,0.0,0.039936102236421724,0.06050955414012739,0.001658374792703151,0.0015408320493066256,0.004991680532445923,0.0014903129657228018,0.001564945226917058,0.0031645569620253164,0.13787638668779714,0.0017123287671232876,0.0,0.11815068493150685,0.03741496598639456,0.07792207792207792,0.0,0.030015797788309637,0.09722222222222222,0.004784688995215311,0.0016420361247947454,0.0,0.006289308176100629,0.03662420382165605,0.0033333333333333335,0.0594059405940594,0.0031446540880503146,0.0015772870662460567,0.030448717948717948,0.013114754098360656,0.03453689167974882,0.00792393026941363,0.0,0.0,0.02040816326530612,0.030844155844155844,0.016129032258064516,0.0015527950310559005,0.006611570247933884,0.12962962962962962,0.17478991596638654,0.0015772870662460567,0.02138157894736842,0.0429553264604811,0.0,0.11900826446280992,0.01263823064770932,0.0049586776859504135,0.0,0.0,0.008561643835616438,0.0,0.09137055837563451,0.008210180623973728,0.0033333333333333335,0.016420361247947456,0.04472843450479233,0.0015723270440251573,0.051036682615629984,0.0,0.003115264797507788,0.010256410256410256,0.0,0.23248407643312102,0.023931623931623933,0.008291873963515755,0.14465408805031446,0.04084967320261438,0.05354330708661417,0.0033222591362126247,0.046130952380952384,0.0,0.0,0.00980392156862745,0.018425460636515914,0.0016611295681063123,0.0,0.1073170731707317,0.015100671140939598,0.0016750418760469012,0.007961783439490446,0.02364864864864865,0.13260530421216848,0.07814992025518341,0.0,0.017770597738287562,0.09046052631578948,0.004909983633387889,0.0,0.04251968503937008,0.0032948929159802307,0.02204724409448819,0.105,0.001607717041800643,0.032520325203252036,0.026622296173044926,0.0016835016835016834,0.1322314049586777,0.0,0.0034782608695652175,0.0064516129032258064,0.0015384615384615385,0.11855670103092783,0.0033222591362126247,0.048986486486486486,0.0017331022530329288,0.0,0.001736111111111111,0.0015527950310559005,0.1070840197693575,0.03494176372712146,0.0016666666666666668,0.0784,0.22115384615384615,0.0734094616639478,0.0,0.0,0.10383386581469649,0.003367003367003367,0.0016366612111292963,0.001564945226917058,0.0,0.001579778830963665,0.001697792869269949,0.006462035541195477,0.043548387096774194,0.0016129032258064516,0.023734177215189875,0.017391304347826087,0.0016155088852988692,0.0032310177705977385,0.0093603744149766,0.03110419906687403,0.05161290322580645,0.015202702702702704,0.0032258064516129032,0.028708133971291867,0.0016313213703099511,0.04567699836867863,0.06645056726094004,0.0,0.021630615640599003,0.0,0.0,0.055299539170506916,0.0,0.0,0.07213114754098361,0.001584786053882726,0.0016366612111292963,0.0,0.009174311926605505,0.08034188034188035,0.0015698587127158557,0.046875,0.0016420361247947454,0.0,0.0,0.001594896331738437,0.0,0.003389830508474576,0.0,0.02773246329526917,0.001639344262295082,0.008183306055646482,0.0016474464579901153,0.03993344425956739,0.019736842105263157,0.0032,0.0033444816053511705,0.0033613445378151263,0.10128617363344052,0.018581081081081082,0.0034965034965034965,0.03420195439739414,0.05546492659053834,0.025,0.0016420361247947454,0.0030911901081916537,0.003179650238473768
2008,1,9,prevalence,0.0015337423312883436,0.0015822784810126582,0.0,0.0,0.0016155088852988692,0.0016891891891891893,0.0,0.001639344262295082,0.0016313213703099511,0.014516129032258065,0.0,0.08940397350993377,0.0,0.10935023771790808,0.0,0.0,0.0,0.0,0.00967741935483871,0.0016366612111292963,0.15865384615384615,0.0,0.02768729641693811,0.0672,0.0,0.0,0.00676818950930626,0.0015408320493066256,0.001564945226917058,0.0030864197530864196,0.12422360248447205,0.0016891891891891893,0.0,0.12244897959183673,0.018518518518518517,0.07281553398058252,0.0,0.0192,0.09175738724727839,0.003194888178913738,0.0015923566878980893,0.0,0.006134969325153374,0.038461538461538464,0.0016556291390728477,0.056910569105691054,0.0030721966205837174,0.0,0.024271844660194174,0.003236245954692557,0.025236593059936908,0.006259780907668232,0.0,0.0,0.01675041876046901,0.03333333333333333,0.032467532467532464,0.001557632398753894,0.005,0.1326530612244898,0.21548821548821548,0.0,0.02809917355371901,0.04522613065326633,0.0,0.1454849498327759,0.009508716323296355,0.003246753246753247,0.0,0.0,0.011456628477905073,0.0,0.10490693739424704,0.0033003300330033004,0.0,0.01340033500837521,0.05669291338582677,0.0031446540880503146,0.051070840197693576,0.001610305958132045,0.0048543689320388345,0.005,0.004862236628849271,0.1996879875195008,0.01048951048951049,0.003305785123966942,0.14634146341463414,0.052545155993431854,0.06708268330733229,0.0016233766233766235,0.05943536404160475,0.0,0.0,0.008025682182985553,0.016611295681063124,0.0016366612111292963,0.0,0.15181518151815182,0.018803418803418803,0.0016722408026755853,0.003189792663476874,0.03608247422680412,0.13395638629283488,0.1072,0.0,0.013266998341625208,0.059113300492610835,0.001652892561983471,0.0,0.04747320061255743,0.0016638935108153079,0.014218009478672985,0.10720268006700168,0.001610305958132045,0.03125,0.030100334448160536,0.001610305958132045,0.11707317073170732,0.0,0.0017513134851138354,0.00322061191626409,0.0015408320493066256,0.19137931034482758,0.0032520325203252032,0.06581059390048154,0.0017452006980802793,0.0,0.0017271157167530224,0.0,0.17483660130718953,0.03316749585406302,0.001652892561983471,0.08557844690966719,0.266025641025641,0.09409888357256778,0.006745362563237774,0.0,0.09968354430379747,0.0016778523489932886,0.001610305958132045,0.0015923566878980893,0.0016638935108153079,0.0015527950310559005,0.0017123287671232876,0.0016181229773462784,0.038338658146964855,0.0,0.025477707006369428,0.01718213058419244,0.0016366612111292963,0.004862236628849271,0.017432646592709985,0.04122137404580153,0.057660626029654036,0.02003338898163606,0.0032310177705977385,0.027993779160186624,0.0,0.042833607907743,0.06020066889632107,0.0,0.02086677367576244,0.0,0.0,0.051593323216995446,0.0,0.0,0.06035889070146819,0.001594896331738437,0.004909983633387889,0.0,0.0109375,0.0723905723905724,0.003134796238244514,0.03627760252365931,0.0,0.0,0.0,0.003125,0.0,0.001692047377326565,0.0,0.03442622950819672,0.0,0.004975124378109453,0.0016556291390728477,0.05853658536585366,0.008064516129032258,0.006430868167202572,0.005042016806722689,0.006557377049180328,0.09841269841269841,0.01468189233278956,0.0,0.03442622950819672,0.0743801652892562,0.024916943521594685,0.0017094017094017094,0.003110419906687403,0.00322061191626409
2009,1,9,prevalence,0.001584786053882726,0.0031746031746031746,0.0,0.0,0.0,0.0016863406408094434,0.0,0.0016339869281045752,0.0016556291390728477,0.006600660066006601,0.0,0.07933884297520662,0.0,0.08681672025723473,0.0015290519877675841,0.0016806722689075631,0.0,0.0016835016835016834,0.02113821138211382,0.001658374792703151,0.16535433070866143,0.0,0.039473684210526314,0.048939641109298535,0.0,0.0,0.003305785123966942,0.0,0.0015698587127158557,0.001579778830963665,0.21341463414634146,0.0016181229773462784,0.001607717041800643,0.09238249594813615,0.008223684210526315,0.038461538461538464,0.0,0.009433962264150943,0.07620528771384137,0.006389776357827476,0.0015923566878980893,0.0,0.0060790273556231,0.025437201907790145,0.0016722408026755853,0.08955223880597014,0.0030911901081916537,0.004777070063694267,0.03177257525083612,0.0015698587127158557,0.02694136291600634,0.021739130434782608,0.0,0.0,0.013333333333333334,0.035483870967741936,0.028985507246376812,0.0015220700152207,0.003418803418803419,0.15656565656565657,0.18013468013468015,0.0,0.03125,0.02181208053691275,0.001589825119236884,0.11853088480801335,0.012861736334405145,0.004975124378109453,0.0017211703958691911,0.0,0.013628620102214651,0.0,0.08277027027027027,0.0049833887043189366,0.0016638935108153079,0.008460236886632826,0.05337519623233909,0.0031201248049922,0.06976744186046512,0.001564945226917058,0.004739336492890996,0.016778523489932886,0.001639344262295082,0.15814696485623003,0.007042253521126761,0.003401360544217687,0.11009174311926606,0.05921052631578947,0.07868852459016394,0.001579778830963665,0.06,0.001669449081803005,0.0,0.014084507042253521,0.022988505747126436,0.001658374792703151,0.0,0.24440894568690097,0.008237232289950576,0.0017211703958691911,0.0,0.03754266211604096,0.10584518167456557,0.12579617834394904,0.0015128593040847202,0.019736842105263157,0.051696284329563816,0.0033003300330033004,0.0,0.03571428571428571,0.0,0.011326860841423949,0.11703958691910499,0.0,0.029508196721311476,0.041390728476821195,0.0,0.12234910277324633,0.0016,0.0017035775127768314,0.0,0.0015220700152207,0.19223985890652556,0.00322061191626409,0.05958132045088567,0.0,0.0,0.0033112582781456954,0.0016,0.21273031825795644,0.01631321370309951,0.0016806722689075631,0.08133971291866028,0.20569620253164558,0.0840064620355412,0.003257328990228013,0.0,0.0832,0.001658374792703151,0.0016207455429497568,0.0016051364365971107,0.0016181229773462784,0.0015552099533437014,0.0016778523489932886,0.0031847133757961785,0.024193548387096774,0.0,0.0144,0.01353637901861252,0.001564945226917058,0.0016155088852988692,0.015822784810126583,0.1267605633802817,0.031825795644891124,0.024752475247524754,0.003236245954692557,0.020634920634920634,0.0016129032258064516,0.04833333333333333,0.0726643598615917,0.0,0.03115264797507788,0.0,0.0,0.040625,0.0,0.0,0.09797822706065319,0.0032679738562091504,0.0048543689320388345,0.0,0.009146341463414634,0.04770017035775128,0.0015625,0.03912363067292645,0.0,0.0,0.0,0.0031397174254317113,0.0,0.0017123287671232876,0.0015698587127158557,0.022764227642276424,0.0,0.005128205128205128,0.0,0.058544303797468354,0.0033222591362126247,0.01818181818181818,0.003289473684210526,0.011456628477905073,0.11147011308562198,0.011146496815286623,0.0034129692832764505,0.0380794701986755,0.06060606060606061,0.02975206611570248,0.0017152658662092624,0.0015600624024961,0.003215434083601286
2010,1,9,prevalence,0.006369426751592357,0.0031397174254317113,0.0,0.0,0.0,0.0016778523489932886,0.0,0.0016638935108153079,0.0016501650165016502,0.0032520325203252032,0.0,0.09656301145662848,0.0,0.0864600326264274,0.0015455950540958269,0.0016778523489932886,0.0,0.0016181229773462784,0.018302828618968387,0.0016474464579901153,0.1631663974151858,0.0016260162601626016,0.04878048780487805,0.030254777070063694,0.0,0.001639344262295082,0.001644736842105263,0.003129890453834116,0.0,0.0016233766233766235,0.2044776119402985,0.0015698587127158557,0.0016233766233766235,0.080370942812983,0.008103727714748784,0.029850746268656716,0.0,0.009419152276295133,0.05422647527910686,0.00322061191626409,0.003236245954692557,0.0,0.005997001499250375,0.022116903633491312,0.003367003367003367,0.09379968203497616,0.0030534351145038168,0.006379585326953748,0.03389830508474576,0.006369426751592357,0.025157232704402517,0.010769230769230769,0.0,0.0,0.013445378151260505,0.03189792663476874,0.00825082508250825,0.0,0.003355704697986577,0.1819672131147541,0.17362270450751252,0.0,0.03442622950819672,0.010084033613445379,0.003215434083601286,0.10517529215358931,0.018333333333333333,0.003215434083601286,0.0017889087656529517,0.0,0.011945392491467578,0.0,0.08874801901743265,0.006734006734006734,0.0,0.016835016835016835,0.07210031347962383,0.003205128205128205,0.10299003322259136,0.004665629860031105,0.008143322475570033,0.013266998341625208,0.0032414910858995136,0.17580645161290323,0.010238907849829351,0.008431703204047217,0.07621951219512195,0.06611570247933884,0.0642504118616145,0.0,0.03709428129829984,0.001607717041800643,0.0,0.019077901430842606,0.02280130293159609,0.001597444089456869,0.0,0.26003210272873195,0.0049586776859504135,0.0,0.003125,0.03773584905660377,0.1206896551724138,0.12440944881889764,0.0031201248049922,0.016366612111292964,0.03758169934640523,0.005008347245409015,0.0,0.022970903522205207,0.0,0.00975609756097561,0.13953488372093023,0.0,0.03980891719745223,0.03161397670549085,0.0,0.11129296235679215,0.001694915254237288,0.00338409475465313,0.0,0.0030581039755351682,0.2313167259786477,0.005,0.06518282988871224,0.0,0.0,0.001644736842105263,0.0,0.24796084828711257,0.008064516129032258,0.0016556291390728477,0.0733652312599681,0.1751592356687898,0.08520900321543408,0.0065252854812398045,0.0,0.07692307692307693,0.0,0.0,0.0015600624024961,0.001607717041800643,0.0,0.001694915254237288,0.0030911901081916537,0.04220779220779221,0.0,0.0047169811320754715,0.0136986301369863,0.0015723270440251573,0.0016339869281045752,0.007898894154818325,0.1825525040387722,0.014516129032258065,0.021487603305785124,0.0048,0.012558869701726845,0.0,0.05333333333333334,0.0779896013864818,0.0,0.040498442367601244,0.0031645569620253164,0.0,0.05741626794258373,0.0017064846416382253,0.0,0.11912225705329153,0.0032948929159802307,0.008237232289950576,0.0,0.004694835680751174,0.022988505747126436,0.004594180704441042,0.03067484662576687,0.0,0.0,0.0016366612111292963,0.0031545741324921135,0.0,0.0016778523489932886,0.0032,0.0272,0.0,0.0016474464579901153,0.0,0.03307086614173228,0.004942339373970346,0.013201320132013201,0.0,0.015050167224080268,0.14695945945945946,0.01579778830963665,0.005244755244755245,0.05619834710743802,0.048859934853420196,0.028192371475953566,0.003418803418803419,0.0015723270440251573,0.0032258064516129032
2011,1,9,prevalence,0.008143322475570033,0.0016025641025641025,0.0015600624024961,0.0016666666666666668,0.0,0.0033783783783783786,0.0,0.0016806722689075631,0.0016129032258064516,0.008051529790660225,0.0,0.10430463576158941,0.0,0.14991762767710048,0.0015384615384615385,0.0016420361247947454,0.0,0.003246753246753247,0.02155887230514096,0.0016366612111292963,0.14006514657980457,0.001594896331738437,0.04304635761589404,0.0187207488299532,0.0,0.0016611295681063123,0.003179650238473768,0.0,0.0,0.0016891891891891893,0.22287390029325513,0.0015772870662460567,0.0015772870662460567,0.06646525679758308,0.0049261083743842365,0.03639240506329114,0.0,0.014195583596214511,0.04617834394904458,0.0031446540880503146,0.00482315112540193,0.0,0.0030627871362940277,0.020700636942675158,0.0051635111876075735,0.0664451827242525,0.003067484662576687,0.004651162790697674,0.04081632653061224,0.006230529595015576,0.020440251572327043,0.006125574272588055,0.0,0.0,0.03453947368421053,0.042789223454833596,0.0016501650165016502,0.0,0.0032948929159802307,0.208955223880597,0.15228426395939088,0.0015479876160990713,0.03130148270181219,0.01620745542949757,0.0032,0.09719934102141681,0.014657980456026058,0.0031746031746031746,0.0017064846416382253,0.0,0.022033898305084745,0.0015748031496062992,0.08253968253968254,0.017713365539452495,0.0,0.021775544388609715,0.07766990291262135,0.0016155088852988692,0.1040268456375839,0.004672897196261682,0.011437908496732025,0.017857142857142856,0.0,0.19488817891373802,0.008710801393728223,0.012965964343598054,0.07462686567164178,0.08752025931928688,0.04088586030664395,0.0,0.0272,0.001639344262295082,0.0,0.03241491085899514,0.014705882352941176,0.0,0.0,0.18666666666666668,0.0033444816053511705,0.005076142131979695,0.007911392405063292,0.03220338983050847,0.12636505460218408,0.1449044585987261,0.001584786053882726,0.013071895424836602,0.03482587064676617,0.0017006802721088435,0.0,0.0140625,0.0,0.0065040650406504065,0.12724014336917563,0.0,0.025889967637540454,0.029850746268656716,0.0015625,0.1260229132569558,0.001694915254237288,0.005136986301369863,0.001597444089456869,0.004622496147919877,0.27208480565371024,0.006535947712418301,0.07704918032786885,0.0,0.0,0.001658374792703151,0.0,0.24154589371980675,0.0031545741324921135,0.0016313213703099511,0.09075907590759076,0.11612903225806452,0.0840064620355412,0.004918032786885246,0.0,0.08688524590163935,0.0,0.0,0.001597444089456869,0.0016835016835016834,0.0,0.0016835016835016834,0.0031446540880503146,0.041666666666666664,0.0,0.0031847133757961785,0.008756567425569177,0.0015723270440251573,0.0016155088852988692,0.016897081413210446,0.22617124394184168,0.008012820512820512,0.028892455858747994,0.0031201248049922,0.015408320493066256,0.0032626427406199023,0.045454545454545456,0.06435643564356436,0.001589825119236884,0.0327613104524181,0.003125,0.0,0.025,0.001639344262295082,0.0,0.1238390092879257,0.0033222591362126247,0.011400651465798045,0.0,0.0015772870662460567,0.018803418803418803,0.0015873015873015873,0.026813880126182965,0.001584786053882726,0.0,0.0032948929159802307,0.0015455950540958269,0.0,0.0016638935108153079,0.0016863406408094434,0.03782894736842105,0.0,0.0016129032258064516,0.001584786053882726,0.01729559748427673,0.013136288998357963,0.022071307300509338,0.0,0.016638935108153077,0.1777408637873754,0.011217948717948718,0.0017035775127768314,0.0915032679738562,0.05032467532467533,0.027419354838709678,0.005084745762711864,0.0016207455429497568,0.001644736842105263
2012,1,9,prevalence,0.0065040650406504065,0.0016051364365971107,0.0015384615384615385,0.0016129032258064516,0.0,0.001658374792703151,0.0,0.003289473684210526,0.0016155088852988692,0.0078003120124804995,0.0,0.10197368421052631,0.0,0.18688524590163935,0.001584786053882726,0.0016835016835016834,0.0,0.0032310177705977385,0.027463651050080775,0.0016051364365971107,0.1487603305785124,0.0031496062992125984,0.037337662337662336,0.025682182985553772,0.0,0.0016863406408094434,0.0,0.0,0.0,0.0016611295681063123,0.27419354838709675,0.0015503875968992248,0.0016233766233766235,0.0529595015576324,0.0016129032258064516,0.05115511551155116,0.0,0.019667170953101363,0.03333333333333333,0.0015503875968992248,0.007936507936507936,0.0,0.0046875,0.02702702702702703,0.005076142131979695,0.050393700787401574,0.004709576138147566,0.006359300476947536,0.033925686591276254,0.0045871559633027525,0.018867924528301886,0.0047694753577106515,0.0,0.0,0.02181208053691275,0.049099836333878884,0.00631911532385466,0.0015552099533437014,0.003389830508474576,0.17717206132879046,0.11204013377926421,0.001567398119122257,0.022435897435897436,0.013201320132013201,0.006514657980456026,0.06158833063209076,0.011513157894736841,0.006269592476489028,0.0034662045060658577,0.0015128593040847202,0.022375215146299483,0.0,0.07028753993610223,0.013157894736842105,0.0,0.021172638436482084,0.07827476038338659,0.0015698587127158557,0.0845771144278607,0.004709576138147566,0.011041009463722398,0.029654036243822075,0.0,0.21359223300970873,0.00847457627118644,0.02348993288590604,0.06635802469135803,0.0749185667752443,0.048414023372287146,0.0,0.0144,0.0,0.0,0.03662420382165605,0.013179571663920923,0.0015822784810126582,0.0,0.14896988906497624,0.0032626427406199023,0.0067226890756302525,0.0125,0.03333333333333333,0.13458528951486698,0.1573926868044515,0.0016366612111292963,0.018518518518518517,0.05289256198347107,0.0,0.0,0.0109375,0.0,0.014900662251655629,0.1478102189781022,0.0,0.03125,0.03482587064676617,0.003129890453834116,0.12380952380952381,0.0,0.011844331641285956,0.0016474464579901153,0.0030721966205837174,0.26324786324786326,0.009852216748768473,0.06396255850234009,0.0,0.0,0.0016556291390728477,0.0,0.1596244131455399,0.0,0.0032520325203252032,0.08360655737704918,0.06711409395973154,0.06504065040650407,0.006493506493506494,0.0016207455429497568,0.08121827411167512,0.0,0.0,0.001639344262295082,0.0016611295681063123,0.0,0.001658374792703151,0.0045662100456621,0.036605657237936774,0.0,0.008012820512820512,0.015463917525773196,0.001564945226917058,0.0016501650165016502,0.011075949367088608,0.26221498371335505,0.008025682182985553,0.04258675078864353,0.001589825119236884,0.015479876160990712,0.001644736842105263,0.025041736227045076,0.05016181229773463,0.0016474464579901153,0.023734177215189875,0.0031446540880503146,0.0,0.017543859649122806,0.0016286644951140066,0.003205128205128205,0.12954186413902052,0.003436426116838488,0.011146496815286623,0.0,0.0,0.03125,0.004739336492890996,0.042993630573248405,0.001589825119236884,0.0,0.004838709677419355,0.0015822784810126582,0.0,0.001644736842105263,0.001639344262295082,0.0397456279809221,0.0,0.003389830508474576,0.001607717041800643,0.019138755980861243,0.008291873963515755,0.01733102253032929,0.0,0.01957585644371941,0.15384615384615385,0.008143322475570033,0.0,0.07370184254606366,0.06535947712418301,0.017915309446254073,0.003395585738539898,0.0,0.0016155088852988692
2013,1,9,prevalence,0.00644122383252818,0.0016025641025641025,0.0015408320493066256,0.0016501650165016502,0.001594896331738437,0.0016339869281045752,0.0,0.0050335570469798654,0.0016501650165016502,0.00792393026941363,0.0,0.14356435643564355,0.0,0.20408163265306123,0.0016233766233766235,0.0017123287671232876,0.0,0.0032102728731942215,0.027642276422764227,0.0,0.22690437601296595,0.0030911901081916537,0.03316749585406302,0.020933977455716585,0.0016722408026755853,0.004885993485342019,0.0,0.0,0.0,0.0,0.33382137628111275,0.0,0.0016313213703099511,0.043209876543209874,0.014563106796116505,0.0544,0.0,0.0249609984399376,0.0296875,0.006299212598425197,0.00463678516228748,0.0,0.0061068702290076335,0.025,0.005110732538330494,0.03425774877650897,0.004658385093167702,0.006299212598425197,0.040257648953301126,0.0030257186081694403,0.027070063694267517,0.007874015748031496,0.0,0.0,0.014802631578947368,0.0304,0.0140625,0.0015503875968992248,0.0034129692832764505,0.1829059829059829,0.09228187919463088,0.0,0.025396825396825397,0.01631321370309951,0.006349206349206349,0.029315960912052116,0.016666666666666666,0.0032102728731942215,0.001658374792703151,0.0015723270440251573,0.027538726333907058,0.0,0.03875968992248062,0.00676818950930626,0.007849293563579277,0.024390243902439025,0.07236842105263158,0.0031746031746031746,0.0693950177935943,0.0031645569620253164,0.008,0.021207177814029365,0.0016129032258064516,0.2120253164556962,0.01155115511551155,0.040584415584415584,0.04984423676012461,0.1,0.05756578947368421,0.0,0.021172638436482084,0.0,0.0,0.06477093206951026,0.014657980456026058,0.0,0.0,0.13195548489666137,0.0032520325203252032,0.0034071550255536627,0.010869565217391304,0.03161397670549085,0.1360759493670886,0.13015873015873017,0.0016750418760469012,0.028286189683860232,0.04869565217391304,0.0,0.0,0.012213740458015267,0.0,0.021241830065359478,0.14363636363636365,0.0,0.03745928338762215,0.03789126853377265,0.0016207455429497568,0.11004784688995216,0.0,0.006493506493506494,0.0016313213703099511,0.0031007751937984496,0.23992994746059546,0.006734006734006734,0.07987220447284345,0.0016286644951140066,0.0,0.0016556291390728477,0.001639344262295082,0.20426829268292682,0.0,0.0016051364365971107,0.10135135135135136,0.03885135135135135,0.0759493670886076,0.0048,0.001597444089456869,0.10338983050847457,0.0017006802721088435,0.0,0.0,0.0016420361247947454,0.0015552099533437014,0.0033277870216306157,0.004531722054380665,0.030100334448160536,0.0,0.014240506329113924,0.010452961672473868,0.0,0.0016778523489932886,0.009316770186335404,0.22132471728594508,0.022292993630573247,0.04487179487179487,0.0,0.0109717868338558,0.0016051364365971107,0.03418803418803419,0.05305466237942122,0.0016474464579901153,0.036334913112164295,0.0016,0.0,0.01929260450160772,0.001658374792703151,0.0016181229773462784,0.15580286168521462,0.0033112582781456954,0.009708737864077669,0.0015873015873015873,0.0,0.044189852700491,0.009538950715421303,0.030063291139240507,0.0015552099533437014,0.0,0.0050335570469798654,0.0015698587127158557,0.0,0.0,0.001658374792703151,0.0315955766192733,0.0,0.0034662045060658577,0.0,0.011111111111111112,0.0065040650406504065,0.01854974704890388,0.0,0.013050570962479609,0.17024793388429751,0.006329113924050633,0.0,0.06188925081433225,0.07809847198641766,0.02254428341384863,0.003367003367003367,0.0,0.0
2014,1,9,prevalence,0.0049504950495049506,0.0031746031746031746,0.0015082956259426848,0.001584786053882726,0.0015455950540958269,0.001639344262295082,0.0,0.004975124378109453,0.0033277870216306157,0.00782472613458529,0.0,0.18791946308724833,0.0,0.2251968503937008,0.0016,0.0016474464579901153,0.0015360983102918587,0.003257328990228013,0.03205128205128205,0.0,0.2707993474714519,0.00303951367781155,0.03114754098360656,0.023961661341853034,0.0016835016835016834,0.006666666666666667,0.0015625,0.0,0.001644736842105263,0.0017301038062283738,0.30057803468208094,0.0,0.003316749585406302,0.07234726688102894,0.03054662379421222,0.06677265500794913,0.0,0.014516129032258065,0.030595813204508857,0.012326656394453005,0.006269592476489028,0.0,0.007849293563579277,0.02021772939346812,0.003355704697986577,0.0420032310177706,0.0031645569620253164,0.003125,0.0322061191626409,0.0016181229773462784,0.03577235772357724,0.0046801872074883,0.0,0.0,0.010362694300518135,0.027463651050080775,0.009433962264150943,0.003257328990228013,0.001697792869269949,0.17064846416382254,0.08264462809917356,0.0,0.037096774193548385,0.012903225806451613,0.008077544426494346,0.03577235772357724,0.006896551724137931,0.00980392156862745,0.0016313213703099511,0.001564945226917058,0.035175879396984924,0.0,0.0441400304414003,0.013377926421404682,0.011093502377179081,0.021311475409836064,0.043333333333333335,0.004830917874396135,0.05309734513274336,0.0030721966205837174,0.017713365539452495,0.021739130434782608,0.0,0.24574961360123648,0.012944983818770227,0.029173419773095625,0.034108527131782945,0.09477124183006536,0.05235602094240838,0.0,0.022328548644338118,0.0,0.0,0.10383386581469649,0.0189873417721519,0.0,0.0,0.08,0.009933774834437087,0.0,0.007849293563579277,0.04084967320261438,0.11254019292604502,0.08667736757624397,0.0016750418760469012,0.024793388429752067,0.0535405872193437,0.009900990099009901,0.0,0.013996889580093312,0.0032520325203252032,0.031198686371100164,0.1366120218579235,0.0,0.03481012658227848,0.028938906752411574,0.001639344262295082,0.1,0.0,0.003284072249589491,0.001567398119122257,0.0015174506828528073,0.1919191919191919,0.004942339373970346,0.0832,0.0016,0.0,0.0,0.0016666666666666668,0.1751497005988024,0.004807692307692308,0.0016207455429497568,0.11320754716981132,0.03264604810996564,0.06310679611650485,0.0016207455429497568,0.0016181229773462784,0.10180623973727422,0.0016474464579901153,0.0016366612111292963,0.0016129032258064516,0.0,0.0,0.0031645569620253164,0.005925925925925926,0.021666666666666667,0.0033277870216306157,0.00782472613458529,0.001669449081803005,0.0030816640986132513,0.001639344262295082,0.01957585644371941,0.19747235387045814,0.022328548644338118,0.04205607476635514,0.0,0.004573170731707317,0.0031847133757961785,0.034013605442176874,0.05457463884430177,0.0016474464579901153,0.038338658146964855,0.001639344262295082,0.0,0.014240506329113924,0.0016051364365971107,0.0032520325203252032,0.1574074074074074,0.0033112582781456954,0.0016501650165016502,0.0015479876160990713,0.0,0.061806656101426306,0.011308562197092083,0.04746835443037975,0.0030581039755351682,0.0,0.0050335570469798654,0.0015455950540958269,0.0,0.0,0.0,0.01935483870967742,0.0,0.0016863406408094434,0.0,0.017713365539452495,0.008130081300813009,0.01697792869269949,0.0,0.018092105263157895,0.11666666666666667,0.009478672985781991,0.0032102728731942215,0.07741935483870968,0.0957983193277311,0.011111111111111112,0.004893964110929853,0.0,0.0
2015,1,9,prevalence,0.005145797598627788,0.0015625,0.001488095238095238,0.0015822784810126582,0.0,0.001607717041800643,0.0,0.004942339373970346,0.0032520325203252032,0.0121765601217656,0.0,0.19627749576988154,0.0,0.16071428571428573,0.0016155088852988692,0.001669449081803005,0.0015432098765432098,0.006299212598425197,0.031746031746031744,0.0,0.23786407766990292,0.0,0.024509803921568627,0.042692939244663386,0.0,0.007936507936507936,0.0015698587127158557,0.0,0.0016611295681063123,0.001692047377326565,0.2773722627737226,0.0,0.003236245954692557,0.044374009508716325,0.03205128205128205,0.04285714285714286,0.0,0.017432646592709985,0.03459119496855346,0.010869565217391304,0.011075949367088608,0.0,0.008103727714748784,0.014263074484944533,0.0016313213703099511,0.029595015576323987,0.001607717041800643,0.004573170731707317,0.032915360501567396,0.003215434083601286,0.026687598116169546,0.0046801872074883,0.0,0.0,0.010471204188481676,0.025518341307814992,0.007739938080495356,0.003372681281618887,0.0016501650165016502,0.12935323383084577,0.08090614886731391,0.0,0.030497592295345103,0.008064516129032258,0.013008130081300813,0.029801324503311258,0.010050251256281407,0.004792332268370607,0.0015923566878980893,0.001589825119236884,0.03350083752093802,0.0015060240963855422,0.061654135338345864,0.015,0.009523809523809525,0.021207177814029365,0.03722504230118443,0.0016233766233766235,0.059931506849315065,0.003236245954692557,0.042833607907743,0.021103896103896104,0.004909983633387889,0.23716012084592145,0.014634146341463415,0.020933977455716585,0.013803680981595092,0.05704697986577181,0.04931972789115646,0.0,0.014469453376205787,0.0,0.0,0.0998389694041868,0.009448818897637795,0.0016,0.0,0.09090909090909091,0.011513157894736841,0.0,0.011272141706924315,0.037162162162162164,0.11345218800648298,0.0924092409240924,0.0016835016835016834,0.011345218800648298,0.04455445544554455,0.0032679738562091504,0.0,0.016025641025641024,0.0016207455429497568,0.047697368421052634,0.15,0.0,0.024671052631578948,0.03503184713375796,0.0,0.11305732484076433,0.0,0.008064516129032258,0.0016,0.0015174506828528073,0.14382402707275804,0.0033613445378151263,0.104,0.0031847133757961785,0.004815409309791332,0.0016025641025641025,0.001694915254237288,0.14413075780089152,0.0031545741324921135,0.001639344262295082,0.07952622673434856,0.03152364273204904,0.03553299492385787,0.004878048780487805,0.0016155088852988692,0.10457516339869281,0.0016556291390728477,0.001607717041800643,0.0016366612111292963,0.0,0.0,0.0015772870662460567,0.006097560975609756,0.01694915254237288,0.016474464579901153,0.017684887459807074,0.00338409475465313,0.0030581039755351682,0.001584786053882726,0.01757188498402556,0.1488673139158576,0.03576982892690513,0.0375,0.0,0.006349206349206349,0.001589825119236884,0.0411663807890223,0.05263157894736842,0.0016611295681063123,0.03668261562998405,0.0016155088852988692,0.001652892561983471,0.009771986970684038,0.001610305958132045,0.003205128205128205,0.12272727272727273,0.0016666666666666668,0.001692047377326565,0.001579778830963665,0.0,0.08668730650154799,0.013008130081300813,0.0514820592823713,0.0,0.0,0.004909983633387889,0.001519756838905775,0.0016051364365971107,0.0,0.003424657534246575,0.01584786053882726,0.001488095238095238,0.0016638935108153079,0.0,0.014195583596214511,0.009419152276295133,0.01864406779661017,0.0,0.02508361204013378,0.10570469798657718,0.026113671274961597,0.00322061191626409,0.08452950558213716,0.1226890756302521,0.01579778830963665,0.004846526655896607,0.0,0.0
2016,1,9,prevalence,0.005008347245409015,0.0015360983102918587,0.0015105740181268882,0.0015923566878980893,0.0,0.0015748031496062992,0.0,0.006578947368421052,0.0016420361247947454,0.009433962264150943,0.0016,0.19795221843003413,0.0,0.15033783783783783,0.0,0.004975124378109453,0.0,0.003125,0.028892455858747994,0.0,0.20678513731825526,0.0,0.02750809061488673,0.02891156462585034,0.0,0.0109375,0.0030627871362940277,0.0,0.0032626427406199023,0.003430531732418525,0.15,0.0,0.0015873015873015873,0.03531300160513644,0.0256,0.03815580286168521,0.0,0.01564945226917058,0.026813880126182965,0.014469453376205787,0.012326656394453005,0.0,0.00964630225080386,0.014150943396226415,0.001644736842105263,0.023474178403755867,0.001692047377326565,0.009478672985781991,0.015625,0.0031645569620253164,0.027823240589198037,0.0047169811320754715,0.0,0.0,0.017482517482517484,0.02750809061488673,0.015408320493066256,0.004975124378109453,0.0,0.136986301369863,0.07355242566510173,0.0,0.0359375,0.012307692307692308,0.010050251256281407,0.018333333333333333,0.00946372239747634,0.009693053311793215,0.003129890453834116,0.0015873015873015873,0.026578073089700997,0.0015455950540958269,0.059541984732824425,0.030927835051546393,0.019543973941368076,0.013008130081300813,0.03140495867768595,0.016420361247947456,0.07272727272727272,0.0032310177705977385,0.048859934853420196,0.016025641025641024,0.003215434083601286,0.18209876543209877,0.030894308943089432,0.022727272727272728,0.007776049766718507,0.03220338983050847,0.03425774877650897,0.0,0.006546644844517185,0.0016339869281045752,0.0,0.07967479674796749,0.003189792663476874,0.0016051364365971107,0.0,0.06807131280388978,0.016025641025641024,0.0,0.015723270440251572,0.03793103448275862,0.08842443729903537,0.11166666666666666,0.0017064846416382253,0.009884678747940691,0.05910543130990415,0.00819672131147541,0.0,0.025806451612903226,0.003189792663476874,0.05958132045088567,0.10378912685337727,0.0,0.018121911037891267,0.04213938411669368,0.0,0.12063492063492064,0.0016750418760469012,0.009554140127388535,0.0,0.0031007751937984496,0.07107438016528926,0.006420545746388443,0.08688783570300158,0.006097560975609756,0.00641025641025641,0.001557632398753894,0.0017094017094017094,0.15138282387190685,0.004672897196261682,0.0016835016835016834,0.06382978723404255,0.02226027397260274,0.03541315345699832,0.0031645569620253164,0.0016181229773462784,0.07,0.0,0.0015772870662460567,0.001644736842105263,0.0017123287671232876,0.0,0.004629629629629629,0.0030165912518853697,0.015025041736227046,0.026101141924959218,0.0128,0.0017006802721088435,0.004658385093167702,0.0016,0.024549918166939442,0.11326860841423948,0.051696284329563816,0.03955696202531646,0.0,0.003134796238244514,0.0,0.02707275803722504,0.0655226209048362,0.003305785123966942,0.030944625407166124,0.003355704697986577,0.005128205128205128,0.011400651465798045,0.001589825119236884,0.001597444089456869,0.10222222222222223,0.001669449081803005,0.0,0.0015698587127158557,0.0,0.06144393241167435,0.027287319422150885,0.04113924050632911,0.003076923076923077,0.0,0.006462035541195477,0.0015503875968992248,0.0016051364365971107,0.001524390243902439,0.0035026269702276708,0.009693053311793215,0.0015360983102918587,0.0016129032258064516,0.0,0.03636363636363636,0.00463678516228748,0.03782894736842105,0.0,0.02711323763955343,0.09210526315789473,0.020155038759689922,0.003189792663476874,0.06201550387596899,0.10526315789473684,0.02664576802507837,0.011419249592169658,0.0,0.0016366612111292963
2017,1,9,prevalence,0.004942339373970346,0.0,0.0015503875968992248,0.0015625,0.0,0.0015772870662460567,0.0,0.004746835443037975,0.0015873015873015873,0.0171875,0.001610305958132045,0.1426056338028169,0.0,0.12271973466003316,0.0,0.005016722408026756,0.0,0.001579778830963665,0.01929260450160772,0.0,0.11185308848080133,0.0,0.0322061191626409,0.03361344537815126,0.0,0.0064,0.0030075187969924814,0.0,0.003316749585406302,0.0034782608695652175,0.0819423368740516,0.0,0.001639344262295082,0.021035598705501618,0.019448946515397084,0.007898894154818325,0.0,0.01676829268292683,0.0224,0.007898894154818325,0.009538950715421303,0.0,0.013114754098360656,0.011308562197092083,0.0016025641025641025,0.01524390243902439,0.0016750418760469012,0.0128,0.007898894154818325,0.003194888178913738,0.023064250411861616,0.004672897196261682,0.0,0.0,0.02364864864864865,0.020134228187919462,0.013824884792626729,0.004838709677419355,0.0,0.1113013698630137,0.08992248062015504,0.0,0.036418816388467376,0.019169329073482427,0.0066555740432612314,0.024671052631578948,0.004746835443037975,0.014729950900163666,0.0030303030303030303,0.0,0.026446280991735537,0.001579778830963665,0.06046511627906977,0.03315881326352531,0.014802631578947368,0.0016181229773462784,0.0214168039538715,0.013468013468013467,0.04628099173553719,0.003134796238244514,0.05314009661835749,0.006289308176100629,0.004777070063694267,0.15517241379310345,0.023547880690737835,0.026113671274961597,0.003194888178913738,0.018739352640545145,0.027552674230145867,0.0,0.0016611295681063123,0.0016155088852988692,0.0015220700152207,0.0779436152570481,0.014285714285714285,0.0016,0.0,0.06420545746388442,0.00625,0.0,0.015698587127158554,0.03758169934640523,0.06482982171799027,0.08415841584158416,0.0017123287671232876,0.01929260450160772,0.08976377952755905,0.0049586776859504135,0.0,0.0189328743545611,0.00482315112540193,0.04838709677419355,0.07419354838709677,0.0,0.024271844660194174,0.03054662379421222,0.0,0.08598726114649681,0.0016666666666666668,0.0110062893081761,0.0,0.004658385093167702,0.07475083056478406,0.0032310177705977385,0.08463949843260188,0.006060606060606061,0.004862236628849271,0.00315955766192733,0.0,0.11143695014662756,0.004784688995215311,0.0016,0.04674457429048414,0.037606837606837605,0.03814262023217247,0.0031847133757961785,0.0015873015873015873,0.066006600660066,0.0016129032258064516,0.001564945226917058,0.0015873015873015873,0.0017094017094017094,0.0,0.007668711656441718,0.0030165912518853697,0.008090614886731391,0.020833333333333332,0.006259780907668232,0.001658374792703151,0.0030911901081916537,0.004724409448818898,0.014705882352941176,0.09724473257698542,0.051118210862619806,0.043410852713178294,0.0,0.003278688524590164,0.0030627871362940277,0.029654036243822075,0.07098765432098765,0.004918032786885246,0.031879194630872486,0.006666666666666667,0.00676818950930626,0.01615508885298869,0.001579778830963665,0.003129890453834116,0.08837209302325581,0.0,0.0,0.001597444089456869,0.001610305958132045,0.05238828967642527,0.022653721682847898,0.025518341307814992,0.0014992503748125937,0.0,0.006557377049180328,0.0,0.0016155088852988692,0.0015082956259426848,0.0034129692832764505,0.0049261083743842365,0.0015873015873015873,0.001589825119236884,0.0,0.05042016806722689,0.0167427701674277,0.04723127035830619,0.0,0.050156739811912224,0.08600337268128162,0.015384615384615385,0.0032,0.046583850931677016,0.08762886597938144,0.03912363067292645,0.013114754098360656,0.0,0.0
2018,1,9,prevalence,0.0065252854812398045,0.0,0.0015267175572519084,0.001557632398753894,0.0,0.001594896331738437,0.0,0.004807692307692308,0.001597444089456869,0.02332814930015552,0.001594896331738437,0.11375212224108659,0.0,0.09618573797678276,0.0,0.003278688524590164,0.0030816640986132513,0.0016129032258064516,0.027156549520766772,0.0015552099533437014,0.07849829351535836,0.0,0.01567398119122257,0.01309328968903437,0.0,0.004784688995215311,0.006042296072507553,0.0,0.003316749585406302,0.0034423407917383822,0.05828220858895705,0.003179650238473768,0.001610305958132045,0.019077901430842606,0.0192,0.003110419906687403,0.0015503875968992248,0.022658610271903322,0.03278688524590164,0.0064,0.007598784194528876,0.0,0.01740506329113924,0.016181229773462782,0.0016,0.006051437216338881,0.0,0.0110062893081761,0.012598425196850394,0.0032414910858995136,0.024793388429752067,0.001589825119236884,0.0,0.0,0.021702838063439065,0.03728813559322034,0.016975308641975308,0.006546644844517185,0.0,0.0657439446366782,0.06379821958456973,0.0,0.036923076923076927,0.014173228346456693,0.003284072249589491,0.02159468438538206,0.0032310177705977385,0.02037617554858934,0.0030165912518853697,0.0015873015873015873,0.05405405405405406,0.003236245954692557,0.06356589147286822,0.03395585738539898,0.009900990099009901,0.0032,0.016722408026755852,0.009950248756218905,0.05132450331125828,0.003236245954692557,0.03508771929824561,0.01866251944012442,0.004754358161648178,0.15605095541401273,0.030206677265500796,0.041990668740279936,0.009917355371900827,0.04215851602023609,0.021241830065359478,0.0,0.0031645569620253164,0.0032626427406199023,0.0,0.049342105263157895,0.0112,0.0015625,0.0,0.057947019867549666,0.00949367088607595,0.0,0.01597444089456869,0.05271828665568369,0.06389776357827476,0.048859934853420196,0.0,0.02066772655007949,0.09937888198757763,0.005190311418685121,0.0,0.019130434782608695,0.007886435331230283,0.0380952380952381,0.07097791798107256,0.0,0.033386327503974564,0.021172638436482084,0.0,0.05475040257648953,0.001718213058419244,0.012987012987012988,0.0,0.0046875,0.07213114754098361,0.0048,0.07366771159874608,0.004594180704441042,0.015,0.0031847133757961785,0.0,0.05571847507331378,0.0048543689320388345,0.0,0.05042016806722689,0.08145580589254767,0.04145936981757877,0.0016155088852988692,0.0015082956259426848,0.06847133757961783,0.0016260162601626016,0.003134796238244514,0.001607717041800643,0.0,0.0,0.006201550387596899,0.0030257186081694403,0.007974481658692184,0.023474178403755867,0.004615384615384616,0.003246753246753247,0.00782472613458529,0.012861736334405145,0.02138157894736842,0.05756578947368421,0.048286604361370715,0.024844720496894408,0.0,0.0016339869281045752,0.004777070063694267,0.015151515151515152,0.07931570762052877,0.0032102728731942215,0.0231023102310231,0.008333333333333333,0.005008347245409015,0.017080745341614908,0.0,0.00315955766192733,0.0926517571884984,0.0,0.008183306055646482,0.0015772870662460567,0.005016722408026756,0.04084720121028744,0.03503184713375796,0.02593192868719611,0.0,0.0,0.0033112582781456954,0.0,0.003246753246753247,0.0015082956259426848,0.003436426116838488,0.014925373134328358,0.001589825119236884,0.0,0.0,0.03642384105960265,0.013293943870014771,0.05591054313099041,0.0,0.02531645569620253,0.05227655986509275,0.015723270440251572,0.0016025641025641025,0.04784688995215311,0.07450331125827815,0.039619651347068144,0.013008130081300813,0.0,0.0
2019,1,9,prevalence,0.003205128205128205,0.0015600624024961,0.0015408320493066256,0.0015923566878980893,0.0,0.0015772870662460567,0.001644736842105263,0.007836990595611285,0.001589825119236884,0.02527646129541864,0.0015698587127158557,0.09932659932659933,0.0,0.07820299500831947,0.001610305958132045,0.004754358161648178,0.00303951367781155,0.0,0.022727272727272728,0.0015015015015015015,0.059322033898305086,0.0,0.027777777777777776,0.011666666666666667,0.0,0.0031847133757961785,0.017432646592709985,0.0,0.003316749585406302,0.003289473684210526,0.060126582278481014,0.001594896331738437,0.0,0.011326860841423949,0.014563106796116505,0.006259780907668232,0.001597444089456869,0.02457757296466974,0.049019607843137254,0.011041009463722398,0.016541353383458645,0.0,0.011164274322169059,0.014218009478672985,0.0,0.00625,0.0,0.004739336492890996,0.020440251572327043,0.00322061191626409,0.017006802721088437,0.0015772870662460567,0.0,0.0,0.03453947368421053,0.02471169686985173,0.01818181818181818,0.00644122383252818,0.0,0.06610169491525424,0.0847953216374269,0.0,0.0343796711509716,0.012678288431061807,0.0033003300330033004,0.021241830065359478,0.014218009478672985,0.027243589743589744,0.002976190476190476,0.0016233766233766235,0.0423728813559322,0.0032258064516129032,0.06572769953051644,0.030303030303030304,0.02287581699346405,0.007836990595611285,0.041666666666666664,0.0016778523489932886,0.03471074380165289,0.0,0.037037037037037035,0.0189873417721519,0.0015625,0.09335443037974683,0.036065573770491806,0.04538341158059468,0.013029315960912053,0.038917089678511,0.028846153846153848,0.0,0.0031746031746031746,0.003395585738539898,0.0,0.05852842809364549,0.00946372239747634,0.0,0.0,0.05718954248366013,0.009478672985781991,0.001736111111111111,0.009538950715421303,0.029315960912052116,0.04043545878693624,0.039603960396039604,0.0,0.019448946515397084,0.09235668789808917,0.009933774834437087,0.0,0.007155635062611807,0.0144,0.023961661341853034,0.06976744186046512,0.0,0.041050903119868636,0.03739837398373984,0.0,0.06929133858267716,0.0033222591362126247,0.017741935483870968,0.0,0.0031007751937984496,0.08292682926829269,0.006191950464396285,0.0701219512195122,0.004702194357366771,0.015126050420168067,0.0032414910858995136,0.0,0.05015197568389058,0.006568144499178982,0.0,0.05804311774461028,0.1076923076923077,0.038525963149078725,0.006430868167202572,0.0014992503748125937,0.0576,0.0016313213703099511,0.003129890453834116,0.0016181229773462784,0.0,0.0,0.0030257186081694403,0.0030581039755351682,0.012658227848101266,0.03389830508474576,0.009538950715421303,0.001594896331738437,0.012326656394453005,0.016339869281045753,0.01694915254237288,0.040584415584415584,0.03139717425431711,0.019969278033794162,0.0,0.0032,0.0,0.008319467554076539,0.052795031055900624,0.003289473684210526,0.01468189233278956,0.0050933786078098476,0.0017301038062283738,0.023474178403755867,0.0,0.0015479876160990713,0.06836248012718601,0.0,0.008264462809917356,0.001639344262295082,0.008090614886731391,0.029320987654320986,0.022116903633491312,0.018032786885245903,0.0,0.0,0.0033444816053511705,0.003076923076923077,0.003205128205128205,0.0015337423312883436,0.003430531732418525,0.019736842105263157,0.0016181229773462784,0.0,0.0,0.043478260869565216,0.01639344262295082,0.0416,0.0,0.02037617554858934,0.04560810810810811,0.01866251944012442,0.0,0.028892455858747994,0.06925675675675676,0.05,0.01910828025477707,0.0,0.0
2020,1,9,prevalence,0.0016286644951140066,0.0015698587127158557,0.0,0.0015772870662460567,0.0,0.0,0.003316749585406302,0.0061068702290076335,0.0016181229773462784,0.03241491085899514,0.003189792663476874,0.06354515050167224,0.0,0.05695142378559464,0.001694915254237288,0.0032520325203252032,0.0030581039755351682,0.0,0.024509803921568627,0.0015432098765432098,0.05536912751677853,0.0,0.031484257871064465,0.008278145695364239,0.0,0.0016286644951140066,0.014705882352941176,0.0031545741324921135,0.0033444816053511705,0.004846526655896607,0.06612903225806452,0.001610305958132045,0.0,0.01751592356687898,0.02572347266881029,0.0032414910858995136,0.0015455950540958269,0.042232277526395176,0.053833605220228384,0.012598425196850394,0.019637462235649546,0.0,0.004694835680751174,0.0203125,0.0,0.0030120481927710845,0.0,0.004918032786885246,0.009523809523809525,0.003257328990228013,0.024834437086092714,0.0,0.0,0.001658374792703151,0.04234527687296417,0.012944983818770227,0.021604938271604937,0.006600660066006601,0.0,0.03966942148760331,0.05857142857142857,0.0,0.03007518796992481,0.0264797507788162,0.0032,0.02459016393442623,0.009375,0.04084967320261438,0.00303951367781155,0.0016155088852988692,0.013114754098360656,0.003305785123966942,0.0941358024691358,0.022298456260720412,0.019769357495881382,0.02531645569620253,0.033783783783783786,0.0017035775127768314,0.021885521885521887,0.0,0.02768729641693811,0.03903903903903904,0.0015600624024961,0.04472843450479233,0.03559870550161812,0.03508771929824561,0.008361204013377926,0.047058823529411764,0.03761755485893417,0.0,0.0046439628482972135,0.003401360544217687,0.0,0.05802047781569966,0.014240506329113924,0.0,0.0,0.056291390728476824,0.004665629860031105,0.0034071550255536627,0.008025682182985553,0.0491283676703645,0.03365384615384615,0.047697368421052634,0.0,0.020933977455716585,0.08012820512820513,0.013029315960912053,0.0,0.01584507042253521,0.009884678747940691,0.06018518518518518,0.0593607305936073,0.0,0.03966942148760331,0.0432,0.0,0.07608695652173914,0.003355704697986577,0.027156549520766772,0.0,0.004777070063694267,0.06774193548387097,0.009259259259259259,0.062111801242236024,0.004792332268370607,0.02030456852791878,0.0031847133757961785,0.0,0.031496062992125984,0.0016474464579901153,0.0,0.04854368932038835,0.09169550173010381,0.057660626029654036,0.008183306055646482,0.0015337423312883436,0.062193126022913256,0.001607717041800643,0.001524390243902439,0.00315955766192733,0.001524390243902439,0.0015527950310559005,0.0029985007496251873,0.0031201248049922,0.010703363914373088,0.05801526717557252,0.015527950310559006,0.0016313213703099511,0.01740506329113924,0.042833607907743,0.02936096718480138,0.030744336569579287,0.03079416531604538,0.03186646433990895,0.0016556291390728477,0.003205128205128205,0.0,0.011182108626198083,0.04672897196261682,0.0031746031746031746,0.017973856209150325,0.003430531732418525,0.0,0.009508716323296355,0.0,0.0030441400304414,0.05246422893481717,0.0,0.013266998341625208,0.0016155088852988692,0.00487012987012987,0.0258751902587519,0.056162246489859596,0.027552674230145867,0.0,0.0,0.0032733224222585926,0.003194888178913738,0.001594896331738437,0.0015527950310559005,0.004901960784313725,0.014657980456026058,0.0016260162601626016,0.0,0.0,0.035,0.02262443438914027,0.0438871473354232,0.0,0.016,0.05704697986577181,0.02843601895734597,0.001610305958132045,0.022913256955810146,0.05227655986509275,0.059654631083202514,0.02635658914728682,0.0,0.0
2021,1,9,prevalence,0.0016233766233766235,0.0031007751937984496,0.0,0.0,0.0,0.0,0.003284072249589491,0.004531722054380665,0.001594896331738437,0.025477707006369428,0.0016420361247947454,0.06776859504132231,0.0,0.04923599320882852,0.0016835016835016834,0.0016155088852988692,0.0031746031746031746,0.0,0.030595813204508857,0.0,0.05602716468590832,0.0,0.03288490284005979,0.008090614886731391,0.0,0.0016207455429497568,0.028286189683860232,0.0015748031496062992,0.0017271157167530224,0.0031496062992125984,0.07301587301587302,0.0,0.0,0.02457757296466974,0.04251968503937008,0.001579778830963665,0.0015360983102918587,0.04599406528189911,0.04213938411669368,0.01282051282051282,0.018518518518518517,0.0,0.00631911532385466,0.016,0.0,0.0121765601217656,0.0,0.008417508417508417,0.02086677367576244,0.003169572107765452,0.03940886699507389,0.0031007751937984496,0.0,0.0016420361247947454,0.03414634146341464,0.022690437601296597,0.0463258785942492,0.00322061191626409,0.0,0.08695652173913043,0.04195804195804196,0.0,0.01854714064914992,0.02936630602782071,0.0016025641025641025,0.03902439024390244,0.0110062893081761,0.03685897435897436,0.0,0.001652892561983471,0.01507537688442211,0.003189792663476874,0.11459968602825746,0.0587248322147651,0.016286644951140065,0.03035143769968051,0.02711864406779661,0.0,0.03278688524590164,0.001610305958132045,0.030894308943089432,0.02865761689291101,0.0,0.07431340872374798,0.029605263157894735,0.03260869565217391,0.013223140495867768,0.025380710659898477,0.03877221324717286,0.0,0.01848998459167951,0.0017006802721088435,0.0,0.036605657237936774,0.030206677265500796,0.0,0.0,0.04297520661157025,0.0093603744149766,0.0017035775127768314,0.0015723270440251573,0.06200317965023847,0.05636070853462158,0.023140495867768594,0.0031746031746031746,0.01740506329113924,0.0732484076433121,0.009933774834437087,0.0016129032258064516,0.013793103448275862,0.006420545746388443,0.052870090634441085,0.07396449704142012,0.0,0.04654895666131621,0.03594771241830065,0.001524390243902439,0.0794912559618442,0.001718213058419244,0.033386327503974564,0.0,0.0046875,0.06549520766773163,0.006230529595015576,0.049766718506998445,0.003129890453834116,0.01675041876046901,0.003115264797507788,0.0033444816053511705,0.06973058637083994,0.00333889816360601,0.0,0.06507936507936508,0.08443708609271523,0.0625,0.010084033613445379,0.0,0.0380794701986755,0.0015873015873015873,0.0015015015015015015,0.0032,0.001524390243902439,0.0015748031496062992,0.0,0.0,0.007692307692307693,0.10182370820668693,0.024844720496894408,0.0016,0.011111111111111112,0.04051863857374392,0.014184397163120567,0.04390243902439024,0.0361247947454844,0.033690658499234305,0.0,0.0016,0.0015527950310559005,0.009630818619582664,0.03265940902021773,0.003169572107765452,0.015822784810126583,0.0,0.0,0.032915360501567396,0.0,0.0014992503748125937,0.05329153605015674,0.0,0.013289036544850499,0.0016260162601626016,0.004807692307692308,0.028081123244929798,0.04327666151468315,0.049679487179487176,0.0,0.0,0.001669449081803005,0.006339144215530904,0.001658374792703151,0.0015772870662460567,0.0049261083743842365,0.02145214521452145,0.0,0.0,0.0,0.023178807947019868,0.013761467889908258,0.04134762633996937,0.0015772870662460567,0.01669195751138088,0.04690117252931323,0.014084507042253521,0.004918032786885246,0.01788617886178862,0.051666666666666666,0.06842923794712286,0.027906976744186046,0.0,0.0
2022,1,9,prevalence,0.0016260162601626016,0.001644736842105263,0.0,0.0,0.0,0.0,0.0016260162601626016,0.002902757619738752,0.0015923566878980893,0.0384,0.0016501650165016502,0.04643449419568822,0.0,0.024263431542461005,0.0,0.0032414910858995136,0.0015552099533437014,0.0016806722689075631,0.02922077922077922,0.0,0.07588532883642496,0.0,0.01818181818181818,0.004807692307692308,0.0015873015873015873,0.0,0.011494252873563218,0.0031847133757961785,0.0017241379310344827,0.003134796238244514,0.08223684210526316,0.0,0.0,0.0093603744149766,0.03503184713375796,0.001589825119236884,0.0,0.057352941176470586,0.040453074433656956,0.009615384615384616,0.030911901081916538,0.0,0.003134796238244514,0.01607717041800643,0.0,0.0045871559633027525,0.0,0.0067226890756302525,0.028481012658227847,0.004991680532445923,0.04118616144975288,0.009146341463414634,0.0,0.0017152658662092624,0.04180064308681672,0.03189792663476874,0.06851549755301795,0.0016051364365971107,0.0,0.1056,0.05982905982905983,0.0,0.02009273570324575,0.04573170731707317,0.0030959752321981426,0.0467741935483871,0.006191950464396285,0.014084507042253521,0.0,0.0016778523489932886,0.0210016155088853,0.0032,0.0896,0.0464,0.013311148086522463,0.02066772655007949,0.030944625407166124,0.0,0.03134796238244514,0.001597444089456869,0.04012841091492777,0.041666666666666664,0.0,0.07333333333333333,0.04318936877076412,0.0436817472698908,0.008417508417508417,0.016666666666666666,0.04225352112676056,0.0,0.0171875,0.001697792869269949,0.0,0.026101141924959218,0.020766773162939296,0.0,0.0,0.041050903119868636,0.0078003120124804995,0.0016778523489932886,0.0,0.09335443037974683,0.06946688206785137,0.01818181818181818,0.0031446540880503146,0.0336,0.06269592476489028,0.009708737864077669,0.0,0.010416666666666666,0.003169572107765452,0.05598755832037325,0.053973013493253376,0.0,0.04508856682769726,0.04983922829581994,0.004477611940298508,0.09379968203497616,0.0016863406408094434,0.05016181229773463,0.0016286644951140066,0.004815409309791332,0.049441786283891544,0.003125,0.05373134328358209,0.0031201248049922,0.020100502512562814,0.0015600624024961,0.003418803418803419,0.09523809523809523,0.0016207455429497568,0.0,0.07413249211356467,0.061788617886178863,0.06879194630872483,0.018739352640545145,0.0,0.039603960396039604,0.0015873015873015873,0.0015360983102918587,0.0015527950310559005,0.0015600624024961,0.0015923566878980893,0.0015267175572519084,0.0,0.00741839762611276,0.15326251896813353,0.02936630602782071,0.0,0.015873015873015872,0.06995230524642289,0.017793594306049824,0.04897314375987362,0.03547297297297297,0.06525037936267071,0.0,0.0031397174254317113,0.003194888178913738,0.007704160246533128,0.030211480362537766,0.003236245954692557,0.012698412698412698,0.0,0.0,0.04314329738058552,0.0015220700152207,0.0015408320493066256,0.037209302325581395,0.0,0.006589785831960461,0.0,0.004784688995215311,0.012364760432766615,0.04,0.06862745098039216,0.0014925373134328358,0.0,0.001584786053882726,0.006535947712418301,0.0016155088852988692,0.0016051364365971107,0.0032948929159802307,0.008305647840531562,0.0,0.0,0.0,0.04074702886247878,0.006144393241167435,0.02857142857142857,0.0015873015873015873,0.020030816640986132,0.07011686143572621,0.01589825119236884,0.0,0.02195945945945946,0.052100840336134456,0.06521739130434782,0.022222222222222223,0.0,0.0
2023,1,9,prevalence,0.0015625,0.0016155088852988692,0.0,0.0,0.0,0.0,0.001594896331738437,0.0030075187969924814,0.0016025641025641025,0.05806451612903226,0.0,0.05466237942122187,0.0,0.01692047377326565,0.0,0.0032520325203252032,0.0015822784810126582,0.0016420361247947454,0.024429967426710098,0.0,0.11822660098522167,0.0,0.023183925811437404,0.0031397174254317113,0.0015772870662460567,0.0,0.008116883116883116,0.003236245954692557,0.0034602076124567475,0.0015503875968992248,0.059322033898305086,0.0,0.0,0.013392857142857142,0.03773584905660377,0.001579778830963665,0.0015128593040847202,0.06025824964131994,0.04552590266875981,0.008156606851549755,0.03686635944700461,0.0,0.007763975155279503,0.02037617554858934,0.0,0.0015600624024961,0.0,0.006578947368421052,0.02527646129541864,0.0016750418760469012,0.03927986906710311,0.021406727828746176,0.0,0.001694915254237288,0.04354587869362364,0.0273972602739726,0.051666666666666666,0.0,0.0,0.1237785016286645,0.07703488372093023,0.0,0.020061728395061727,0.03125,0.004694835680751174,0.04738562091503268,0.0196078431372549,0.014308426073131956,0.0,0.0,0.013223140495867768,0.001692047377326565,0.09225700164744646,0.05329153605015674,0.018612521150592216,0.0109717868338558,0.027597402597402596,0.001718213058419244,0.017054263565891473,0.0015625,0.04426229508196721,0.058734939759036146,0.0015455950540958269,0.10720268006700168,0.024469820554649267,0.03987730061349693,0.01867572156196944,0.017741935483870968,0.052307692307692305,0.0,0.02627511591962906,0.0017152658662092624,0.0015384615384615385,0.03758169934640523,0.0322061191626409,0.0,0.0,0.047775947281713346,0.0030441400304414,0.001694915254237288,0.0,0.06497622820919176,0.0656,0.00967741935483871,0.0015174506828528073,0.052050473186119876,0.05023547880690738,0.0066555740432612314,0.0,0.0017421602787456446,0.007861635220125786,0.06144393241167435,0.0684931506849315,0.0,0.0756578947368421,0.0372168284789644,0.0014684287812041115,0.10031847133757962,0.0033277870216306157,0.07865168539325842,0.0015923566878980893,0.0048,0.04051863857374392,0.0032102728731942215,0.06456456456456457,0.0,0.013179571663920923,0.004777070063694267,0.0016722408026755853,0.13946117274167988,0.0032679738562091504,0.0,0.09828393135725429,0.06752411575562701,0.09135399673735727,0.013651877133105802,0.0,0.058922558922558925,0.0,0.0015290519877675841,0.001579778830963665,0.0015723270440251573,0.0016420361247947454,0.0015290519877675841,0.0,0.012084592145015106,0.20658682634730538,0.03286384976525822,0.0,0.014018691588785047,0.07223113964686999,0.011965811965811967,0.0499194847020934,0.032520325203252036,0.04945904173106646,0.0,0.0032,0.0030627871362940277,0.004622496147919877,0.021538461538461538,0.003215434083601286,0.0109204368174727,0.0,0.0,0.05925925925925926,0.0016181229773462784,0.001524390243902439,0.03827751196172249,0.0,0.003125,0.0,0.006309148264984227,0.023291925465838508,0.027906976744186046,0.07003257328990228,0.0015408320493066256,0.0017761989342806395,0.0015625,0.006568144499178982,0.001658374792703151,0.0,0.0016420361247947454,0.0032679738562091504,0.0017094017094017094,0.0,0.0016778523489932886,0.041379310344827586,0.0015082956259426848,0.019908116385911178,0.0016313213703099511,0.021505376344086023,0.0738255033557047,0.01889763779527559,0.0,0.030612244897959183,0.04180602006688963,0.056818181818181816,0.02050473186119874,0.0015267175572519084,0.0
2024,1,9,prevalence,0.0015220700152207,0.001579778830963665,0.0,0.0,0.0,0.0,0.001589825119236884,0.00303951367781155,0.0,0.05388272583201268,0.0,0.05672609400324149,0.0,0.03156146179401993,0.0,0.003179650238473768,0.0016051364365971107,0.001718213058419244,0.030744336569579287,0.0,0.18760195758564438,0.0,0.02,0.0030303030303030303,0.0016129032258064516,0.0,0.006622516556291391,0.0031446540880503146,0.003424657534246575,0.0,0.08471760797342193,0.0,0.0,0.027565084226646247,0.025396825396825397,0.003129890453834116,0.0015503875968992248,0.05830903790087463,0.04251968503937008,0.006535947712418301,0.0296875,0.0,0.009174311926605505,0.03286384976525822,0.0,0.0,0.0,0.004885993485342019,0.02197802197802198,0.001584786053882726,0.027914614121510674,0.0282574568288854,0.0,0.0017331022530329288,0.0343213728549142,0.007692307692307693,0.07849829351535836,0.0,0.0,0.13008130081300814,0.09720176730486009,0.0,0.024539877300613498,0.029185867895545316,0.00778816199376947,0.03139717425431711,0.021671826625386997,0.012841091492776886,0.0,0.0,0.006557377049180328,0.001736111111111111,0.14353312302839116,0.0571870170015456,0.01001669449081803,0.01615508885298869,0.02847571189279732,0.0017211703958691911,0.01584786053882726,0.004651162790697674,0.050793650793650794,0.041791044776119404,0.001567398119122257,0.15959252971137522,0.022328548644338118,0.0598159509202454,0.020689655172413793,0.017857142857142856,0.046224961479198766,0.0,0.013846153846153847,0.0034904013961605585,0.0014925373134328358,0.040783034257748776,0.03403565640194489,0.0,0.0015822784810126582,0.0473186119873817,0.0032,0.00333889816360601,0.0,0.04043545878693624,0.040257648953301126,0.013975155279503106,0.0015174506828528073,0.06105610561056106,0.018808777429467086,0.008064516129032258,0.0016366612111292963,0.005172413793103448,0.00946372239747634,0.0594855305466238,0.08688783570300158,0.0,0.1147011308562197,0.013422818791946308,0.002902757619738752,0.10714285714285714,0.0,0.10416666666666667,0.001564945226917058,0.004777070063694267,0.06035889070146819,0.0031545741324921135,0.040061633281972264,0.0,0.008305647840531562,0.006299212598425197,0.0017152658662092624,0.13687600644122383,0.003205128205128205,0.0,0.12380952380952381,0.07142857142857142,0.10759493670886076,0.010050251256281407,0.0,0.048576214405360134,0.0015923566878980893,0.0015432098765432098,0.0,0.001584786053882726,0.0,0.0030257186081694403,0.001564945226917058,0.010526315789473684,0.2362555720653789,0.042879019908116385,0.0,0.013657056145675266,0.09570957095709572,0.017123287671232876,0.06366459627329192,0.04091653027823241,0.059541984732824425,0.001584786053882726,0.0031397174254317113,0.0046801872074883,0.013761467889908258,0.033690658499234305,0.003179650238473768,0.009244992295839754,0.0,0.0,0.06231454005934718,0.001658374792703151,0.001524390243902439,0.03697996918335902,0.0,0.004694835680751174,0.0016233766233766235,0.008012820512820512,0.027950310559006212,0.030015797788309637,0.0799347471451876,0.0015455950540958269,0.0035587188612099642,0.0016025641025641025,0.0049504950495049506,0.001594896331738437,0.0016,0.0015527950310559005,0.0048543689320388345,0.0017241379310344827,0.0,0.0,0.04852686308492201,0.0,0.027314112291350532,0.0032258064516129032,0.029503105590062112,0.05872756933115824,0.015822784810126583,0.0016501650165016502,0.04132231404958678,0.0272,0.05825242718446602,0.030448717948717948,0.0,0.0
2025,1,9,prevalence,0.0,0.0016233766233766235,0.0,0.0,0.0,0.0,0.0,0.00303951367781155,0.0,0.05956112852664577,0.0,0.07453416149068323,0.0,0.03536977491961415,0.0,0.0015600624024961,0.003246753246753247,0.001697792869269949,0.025682182985553772,0.0,0.22508038585209003,0.0,0.01726844583987441,0.005925925925925926,0.001610305958132045,0.0,0.0032948929159802307,0.003125,0.0016722408026755853,0.0,0.17546848381601363,0.0,0.0,0.03255813953488372,0.020249221183800622,0.0031746031746031746,0.0015455950540958269,0.045925925925925926,0.0848,0.0032,0.03662420382165605,0.0,0.013910355486862442,0.03134796238244514,0.0,0.0,0.0,0.0,0.02527646129541864,0.00315955766192733,0.011382113821138212,0.02694136291600634,0.0,0.0016863406408094434,0.03343949044585987,0.0141287284144427,0.0711864406779661,0.0,0.0,0.0880503144654088,0.05688622754491018,0.0,0.026033690658499236,0.012364760432766615,0.007776049766718507,0.026771653543307086,0.03554868624420402,0.019417475728155338,0.0,0.0,0.0065252854812398045,0.001718213058419244,0.14969135802469136,0.08814589665653495,0.019834710743801654,0.008116883116883116,0.05,0.0016722408026755853,0.020634920634920634,0.003129890453834116,0.045454545454545456,0.047407407407407405,0.0,0.2188006482982172,0.023026315789473683,0.07119205298013245,0.01896551724137931,0.01631321370309951,0.03918495297805643,0.0,0.02050473186119874,0.0017271157167530224,0.0014792899408284023,0.026272577996715927,0.048701298701298704,0.0,0.001579778830963665,0.03542673107890499,0.0015625,0.004975124378109453,0.0,0.018433179723502304,0.022435897435897436,0.0128,0.0014792899408284023,0.07868852459016394,0.02050473186119874,0.011456628477905073,0.0016750418760469012,0.010084033613445379,0.0016025641025641025,0.060842433697347896,0.06698564593301436,0.0,0.11456628477905073,0.0033444816053511705,0.002911208151382824,0.1288244766505636,0.0,0.15161290322580645,0.0015748031496062992,0.0016025641025641025,0.06478405315614617,0.0032520325203252032,0.03697996918335902,0.0,0.008116883116883116,0.004761904761904762,0.0,0.10465116279069768,0.0,0.0,0.08990536277602523,0.08874801901743265,0.125,0.01015228426395939,0.0,0.04222972972972973,0.0015723270440251573,0.0015384615384615385,0.0,0.0015408320493066256,0.0015698587127158557,0.0015723270440251573,0.001564945226917058,0.004470938897168405,0.20950965824665677,0.043154761904761904,0.0015128593040847202,0.018376722817764167,0.13157894736842105,0.025817555938037865,0.08346456692913386,0.04936305732484077,0.07786259541984733,0.0,0.003236245954692557,0.0110062893081761,0.02245508982035928,0.03773584905660377,0.0,0.007668711656441718,0.0,0.0033783783783783786,0.03389830508474576,0.001692047377326565,0.0014970059880239522,0.052884615384615384,0.0,0.0032102728731942215,0.0016339869281045752,0.0016051364365971107,0.05055292259083728,0.030595813204508857,0.07290015847860538,0.0015723270440251573,0.003527336860670194,0.0,0.005128205128205128,0.0015625,0.0016155088852988692,0.0015174506828528073,0.001594896331738437,0.0016778523489932886,0.0,0.0,0.09317803660565724,0.0,0.029806259314456036,0.008143322475570033,0.03333333333333333,0.04942339373970346,0.00964630225080386,0.008169934640522876,0.051070840197693576,0.02247191011235955,0.07188498402555911,0.0334855403348554,0.0,0.0
