Time,age_start,age_end,measure,draw_0,draw_1,draw_2,draw_3,draw_4,draw_5,draw_6,draw_7,draw_8,draw_9,draw_10,draw_11,draw_12,draw_13,draw_14,draw_15,draw_16,draw_17,draw_18,draw_19,draw_20,draw_21,draw_22,draw_23,draw_24,draw_25,draw_26,draw_27,draw_28,draw_29,draw_30,draw_31,draw_32,draw_33,draw_34,draw_35,draw_36,draw_37,draw_38,draw_39,draw_40,draw_41,draw_42,draw_43,draw_44,draw_45,draw_46,draw_47,draw_48,draw_49,draw_50,draw_51,draw_52,draw_53,draw_54,draw_55,draw_56,draw_57,draw_58,draw_59,draw_60,draw_61,draw_62,draw_63,draw_64,draw_65,draw_66,draw_67,draw_68,draw_69,draw_70,draw_71,draw_72,draw_73,draw_74,draw_75,draw_76,draw_77,draw_78,draw_79,draw_80,draw_81,draw_82,draw_83,draw_84,draw_85,draw_86,draw_87,draw_88,draw_89,draw_90,draw_91,draw_92,draw_93,draw_94,draw_95,draw_96,draw_97,draw_98,draw_99,draw_100,draw_101,draw_102,draw_103,draw_104,draw_105,draw_106,draw_107,draw_108,draw_109,draw_110,draw_111,draw_112,draw_113,draw_114,draw_115,draw_116,draw_117,draw_118,draw_119,draw_120,draw_121,draw_122,draw_123,draw_124,draw_125,draw_126,draw_127,draw_128,draw_129,draw_130,draw_131,draw_132,draw_133,draw_134,draw_135,draw_136,draw_137,draw_138,draw_139,draw_140,draw_141,draw_142,draw_143,draw_144,draw_145,draw_146,draw_147,draw_148,draw_149,draw_150,draw_151,draw_152,draw_153,draw_154,draw_155,draw_156,draw_157,draw_158,draw_159,draw_160,draw_161,draw_162,draw_163,draw_164,draw_165,draw_166,draw_167,draw_168,draw_169,draw_170,draw_171,draw_172,draw_173,draw_174,draw_175,draw_176,draw_177,draw_178,draw_179,draw_180,draw_181,draw_182,draw_183,draw_184,draw_185,draw_186,draw_187,draw_188,draw_189,draw_190,draw_191,draw_192,draw_193,draw_194,draw_195,draw_196,draw_197,draw_198,draw_199
1996,1,9,prevalence,0.14614121510673234,0.13043478260869565,0.2276176024279211,0.27154471544715447,0.32972136222910214,0.23424878836833601,0.12957317073170732,0.2292358803986711,0.3068535825545171,0.28405797101449276,0.21407185628742514,0.21568627450980393,0.29249617151607965,0.19448946515397084,0.18760469011725292,0.14746543778801843,0.28209459459459457,0.17335473515248795,0.29017160686427457,0.18335901386748846,0.224,0.19540229885057472,0.2310126582278481,0.291981845688351,0.2236024844720497,0.23613312202852615,0.1715210355987055,0.30368098159509205,0.24085365853658536,0.14082278481012658,0.3105590062111801,0.23137876386687797,0.2054140127388535,0.16187594553706505,0.22784810126582278,0.26742301458670986,0.30807248764415157,0.2993730407523511,0.21341463414634146,0.203125,0.30243161094224924,0.23519736842105263,0.1797583081570997,0.125,0.19400630914826497,0.17580645161290323,0.18995290423861852,0.24798711755233493,0.22416534181240064,0.366306027820711,0.22981366459627328,0.36816720257234725,0.2944078947368421,0.16978193146417445,0.15503875968992248,0.292436974789916,0.2452504317789292,0.15912636505460218,0.2066772655007949,0.3138138138138138,0.1819571865443425,0.14896988906497624,0.17160686427457097,0.1726844583987441,0.20032840722495895,0.2772585669781931,0.28664495114006516,0.3526490066225166,0.283763277693475,0.29982668977469673,0.15863141524105753,0.28861154446177845,0.17357910906298002,0.22653721682847897,0.26785714285714285,0.2365079365079365,0.36252189141856395,0.3198757763975155,0.2208,0.2062992125984252,0.3234836702954899,0.25549915397631134,0.24958949096880131,0.2674050632911392,0.20278637770897834,0.22380952380952382,0.3205521472392638,0.17996870109546165,0.26247987117552335,0.2773613193403298,0.18408736349453977,0.3092621664050236,0.3548387096774194,0.24558823529411763,0.3405909797822706,0.1956521739130435,0.16512345679012347,0.27596439169139464,0.1699248120300752,0.3776,0.23112480739599384,0.16887417218543047,0.16887417218543047,0.17711598746081506,0.27358490566037735,0.2824675324675325,0.3171471927162367,0.23809523809523808,0.3145038167938931,0.3047619047619048,0.22875816993464052,0.2773497688751926,0.37037037037037035,0.2508361204013378,0.12,0.18578352180936994,0.22416534181240064,0.22712933753943218,0.2873015873015873,0.2948517940717629,0.23427672955974843,0.271875,0.29127725856697817,0.2073170731707317,0.18064516129032257,0.31319554848966613,0.3640699523052464,0.2254601226993865,0.13848631239935588,0.18512898330804248,0.13709677419354838,0.23343373493975902,0.20717781402936378,0.3533950617283951,0.27436281859070466,0.2278688524590164,0.24,0.27710843373493976,0.19133034379671152,0.25960061443932414,0.23424878836833601,0.3333333333333333,0.25967741935483873,0.18670886075949367,0.2480127186009539,0.3221884498480243,0.3227848101265823,0.3333333333333333,0.0379746835443038,0.17886178861788618,0.22941176470588234,0.3181148748159057,0.28821656050955413,0.25508607198748046,0.21587301587301588,0.3181818181818182,0.29307568438003223,0.2921875,0.22442244224422442,0.15514592933947774,0.2546875,0.19743178170144463,0.2171875,0.2280431432973806,0.20607028753993611,0.3,0.22342064714946072,0.28041543026706234,0.1297709923664122,0.24324324324324326,0.3248407643312102,0.26498422712933756,0.31466227347611203,0.20516962843295639,0.23219814241486067,0.1921875,0.2551834130781499,0.1613394216133942,0.1870967741935484,0.1918238993710692,0.29411764705882354,0.2857142857142857,0.2015873015873016,0.2063758389261745,0.2484375,0.152428810720268,0.2534562211981567,0.30128205128205127,0.1554160125588697,0.31703703703703706,0.23413897280966767,0.20436817472698907,0.33665008291873966,0.17491749174917492,0.17739403453689168,0.28751974723538704,0.25950413223140495,0.16043613707165108,0.24161073825503357,0.32741935483870965
1997,1,9,prevalence,0.2529118136439268,0.1393841166936791,0.18799368088467613,0.29553264604810997,0.3145539906103286,0.22764227642276422,0.21360759493670886,0.20469798657718122,0.27751196172248804,0.297583081570997,0.2304,0.19295558958652373,0.2222222222222222,0.2235294117647059,0.24398625429553264,0.16019417475728157,0.27692307692307694,0.25853658536585367,0.3070739549839228,0.23088923556942278,0.2692307692307692,0.21428571428571427,0.29132569558101473,0.31931464174454827,0.2576489533011272,0.2797427652733119,0.17105263157894737,0.2496,0.2672955974842767,0.10252100840336134,0.30483870967741933,0.23731587561374795,0.18,0.15220700152207,0.2234910277324633,0.23128119800332778,0.3572621035058431,0.3152,0.1755485893416928,0.20717781402936378,0.29356357927786497,0.19594594594594594,0.2676282051282051,0.17412140575079874,0.21694915254237288,0.1681109185441941,0.20926517571884984,0.2560777957860616,0.394524959742351,0.2527821939586645,0.21835443037974683,0.30756302521008405,0.27960526315789475,0.16534181240063592,0.14469453376205788,0.3583916083916084,0.2550091074681239,0.215210355987055,0.27993527508090615,0.3160377358490566,0.24079754601226994,0.16971713810316139,0.27140549273021003,0.20450885668276972,0.25220458553791886,0.24838709677419354,0.26384364820846906,0.37080536912751677,0.19365079365079366,0.3054101221640489,0.2193126022913257,0.2676518883415435,0.16164817749603805,0.2478920741989882,0.2825040128410915,0.30126182965299686,0.30918727915194344,0.32601880877742945,0.2393026941362916,0.21300813008130082,0.3847328244274809,0.3083623693379791,0.2983606557377049,0.3076923076923077,0.23429541595925296,0.20261437908496732,0.36038961038961037,0.22926829268292684,0.18241042345276873,0.2651162790697674,0.3201320132013201,0.2765598650927487,0.22393162393162394,0.2875605815831987,0.34887459807073956,0.1936,0.24153846153846154,0.29153605015673983,0.17647058823529413,0.27682737169517885,0.2484472049689441,0.1890971039182283,0.1890971039182283,0.23316912972085385,0.2864321608040201,0.2013888888888889,0.2106969205834684,0.2231139646869984,0.3179650238473768,0.29421487603305785,0.2455573505654281,0.32436708860759494,0.37138263665594856,0.2669983416252073,0.1875,0.2227891156462585,0.2932692307692308,0.2845394736842105,0.2975206611570248,0.2688,0.2391304347826087,0.232,0.28500823723228996,0.2608,0.22542372881355932,0.3448844884488449,0.2504201680672269,0.27154471544715447,0.12292358803986711,0.21052631578947367,0.16996699669966997,0.2037914691943128,0.25671140939597314,0.2384737678855326,0.34294385432473445,0.2719869706840391,0.2816,0.35609756097560974,0.1506849315068493,0.2545757071547421,0.22959183673469388,0.391025641025641,0.29462738301559793,0.19597989949748743,0.2169657422512235,0.29846153846153844,0.3956953642384106,0.2508361204013378,0.06666666666666667,0.2262295081967213,0.18153364632237873,0.23700305810397554,0.3382352941176471,0.2727272727272727,0.2736156351791531,0.4027072758037225,0.24958123953098826,0.2725806451612903,0.20860927152317882,0.17147435897435898,0.28084415584415584,0.2779605263157895,0.3105095541401274,0.31645569620253167,0.28104575163398693,0.27197346600331673,0.15645161290322582,0.32965299684542587,0.14626391096979333,0.25365853658536586,0.28429752066115704,0.2900641025641026,0.34965034965034963,0.2107843137254902,0.2619047619047619,0.2652388797364086,0.2704507512520868,0.1518578352180937,0.30807248764415157,0.25040650406504067,0.353518821603928,0.25636942675159236,0.23987034035656402,0.2276707530647986,0.36231884057971014,0.17940199335548174,0.3037974683544304,0.37,0.2681744749596123,0.2644757433489828,0.22647527910685805,0.27129337539432175,0.4075993091537133,0.25838926174496646,0.2416,0.21674876847290642,0.20973154362416108,0.1955128205128205,0.23008849557522124,0.2504317789291883
1998,1,9,prevalence,0.235,0.17763157894736842,0.19500780031201248,0.32767402376910015,0.2566929133858268,0.256198347107438,0.28640776699029125,0.22388059701492538,0.3456,0.23423423423423423,0.2396694214876033,0.15288611544461778,0.20550161812297735,0.225,0.2408026755852843,0.1734860883797054,0.2640845070422535,0.19412724306688417,0.33125,0.26813880126182965,0.24292845257903495,0.2569444444444444,0.26753670473083196,0.286634460547504,0.260655737704918,0.2315112540192926,0.25170068027210885,0.26366559485530544,0.2778649921507064,0.15333333333333332,0.25326797385620914,0.2631578947368421,0.24394184168012925,0.200920245398773,0.21702838063439064,0.10361842105263158,0.29248366013071897,0.2915980230642504,0.21103896103896103,0.2512479201331115,0.28304821150855364,0.16722408026755853,0.2714508580343214,0.1696869851729819,0.17697594501718214,0.19696969696969696,0.17731629392971246,0.23509933774834438,0.47479674796747967,0.2267536704730832,0.17054263565891473,0.2948073701842546,0.26136363636363635,0.14779874213836477,0.16237942122186494,0.2991304347826087,0.25508317929759705,0.23987034035656402,0.31627906976744186,0.24483306836248012,0.29096477794793263,0.2571912013536379,0.2985781990521327,0.25041736227045075,0.3824027072758037,0.21652892561983472,0.32362459546925565,0.2847457627118644,0.10593900481540931,0.26306620209059234,0.25950413223140495,0.2565789473684211,0.19131832797427653,0.22789115646258504,0.265139116202946,0.2912,0.2607913669064748,0.22291993720565148,0.2685624012638231,0.25,0.3266871165644172,0.3826086956521739,0.33176100628930816,0.2944078947368421,0.24273504273504273,0.17684887459807075,0.35828025477707004,0.19669421487603306,0.11414790996784566,0.23125,0.3174061433447099,0.2614601018675722,0.24835526315789475,0.296849087893864,0.28741496598639454,0.23824451410658307,0.29393939393939394,0.27503974562798095,0.20583468395461912,0.25236593059936907,0.2982998454404946,0.2561576354679803,0.2561576354679803,0.19435215946843853,0.1858108108108108,0.2171628721541156,0.20352564102564102,0.20458265139116202,0.3035143769968051,0.2730263157894737,0.24834437086092714,0.34548335974643424,0.27491961414790994,0.2621359223300971,0.22885572139303484,0.23244147157190637,0.34471544715447155,0.29256198347107437,0.262350936967632,0.23344370860927152,0.2144026186579378,0.19122257053291536,0.30282861896838603,0.2966507177033493,0.25252525252525254,0.27993527508090615,0.2064516129032258,0.25806451612903225,0.13893376413570274,0.21428571428571427,0.17940199335548174,0.28044871794871795,0.27287853577371046,0.15600624024961,0.3291338582677165,0.2669983416252073,0.23317683881064163,0.3056910569105691,0.22776911076443057,0.27377049180327867,0.2857142857142857,0.2987220447284345,0.27591973244147155,0.15017064846416384,0.21335504885993486,0.319634703196347,0.2861736334405145,0.1832191780821918,0.0757314974182444,0.2565359477124183,0.08850931677018634,0.21875,0.35284552845528455,0.2527646129541864,0.29838709677419356,0.38422818791946306,0.2617124394184168,0.23442622950819672,0.2781456953642384,0.24271844660194175,0.28115015974440893,0.30833333333333335,0.33980582524271846,0.3015625,0.35294117647058826,0.2727272727272727,0.14262820512820512,0.23214285714285715,0.3380503144654088,0.28013029315960913,0.2971246006389776,0.2976,0.356140350877193,0.3238255033557047,0.27287319422150885,0.2571428571428571,0.25538971807628524,0.1568627450980392,0.2976190476190476,0.24422442244224424,0.28,0.2571884984025559,0.2315270935960591,0.2097053726169844,0.38304552590266877,0.2280130293159609,0.30254777070063693,0.38305084745762713,0.41254125412541254,0.23974763406940064,0.20032840722495895,0.23786407766990292,0.3050847457627119,0.3779264214046823,0.375609756097561,0.17694805194805194,0.22847682119205298,0.21674876847290642,0.2198952879581152,0.22413793103448276
1999,1,9,prevalence,0.24552845528455283,0.23116438356164384,0.19905956112852666,0.26013513513513514,0.17405063291139242,0.176759410801964,0.3802588996763754,0.31385642737896496,0.31006493506493504,0.18654434250764526,0.19865319865319866,0.2,0.1393188854489164,0.2659758203799655,0.22073578595317725,0.2032520325203252,0.2605633802816901,0.10894308943089431,0.22135007849293564,0.2465331278890601,0.21639344262295082,0.32,0.2739273927392739,0.25774877650897227,0.25462962962962965,0.2168284789644013,0.2348993288590604,0.26366559485530544,0.3234375,0.16385135135135134,0.32892561983471075,0.2535211267605634,0.28960817717206133,0.2541856925418569,0.2167235494880546,0.12335526315789473,0.1797752808988764,0.2694136291600634,0.2564516129032258,0.24433656957928804,0.20970266040688576,0.15946843853820597,0.3195548489666137,0.20854700854700856,0.11053540587219343,0.20962199312714777,0.15055467511885895,0.2434640522875817,0.41451612903225804,0.24149108589951376,0.1674565560821485,0.27638190954773867,0.2966507177033493,0.17179902755267423,0.16375198728139906,0.2760942760942761,0.2222222222222222,0.2659235668789809,0.26366559485530544,0.13924050632911392,0.3265940902021773,0.3597972972972973,0.2561174551386623,0.24958677685950414,0.3836065573770492,0.19604612850082373,0.27463651050080773,0.2621035058430718,0.07617504051863858,0.24273504273504273,0.4376012965964344,0.2649434571890145,0.2259083728278041,0.2301038062283737,0.2820919175911252,0.23615635179153094,0.210431654676259,0.19873817034700317,0.24242424242424243,0.2913907284768212,0.2220447284345048,0.35776614310645727,0.38273615635179153,0.33876221498371334,0.21783876500857632,0.17495987158908508,0.33707865168539325,0.21160409556313994,0.12140575079872204,0.2822458270106222,0.4201388888888889,0.22696245733788395,0.2575516693163752,0.28434504792332266,0.24958677685950414,0.30126182965299686,0.2511415525114155,0.21939586645468998,0.1875968992248062,0.24126984126984127,0.3442367601246106,0.2425249169435216,0.2425249169435216,0.19230769230769232,0.1919191919191919,0.23259762308998302,0.275808936825886,0.20603015075376885,0.30952380952380953,0.2629032258064516,0.20230263157894737,0.2958860759493671,0.22148760330578512,0.22792937399678972,0.3878887070376432,0.20336134453781513,0.34539473684210525,0.20847457627118643,0.28078817733990147,0.1949579831932773,0.22764227642276422,0.15262321144674085,0.26837606837606837,0.2980769230769231,0.3682373472949389,0.18819776714513556,0.18700475435816163,0.29623567921440264,0.12678288431061807,0.2150706436420722,0.22203389830508474,0.19585987261146498,0.2623762376237624,0.0970724191063174,0.3033175355450237,0.24183006535947713,0.25199362041467305,0.2751677852348993,0.32273449920508746,0.2715008431703204,0.28546712802768165,0.22632423756019263,0.2988313856427379,0.1912751677852349,0.23961661341853036,0.32975460122699385,0.2019704433497537,0.16468590831918506,0.08777969018932874,0.25662251655629137,0.054773082942097026,0.179080824088748,0.3458401305057096,0.25673534072900156,0.3,0.3432343234323432,0.33876221498371334,0.2644628099173554,0.29430379746835444,0.297029702970297,0.2934426229508197,0.2533557046979866,0.3713355048859935,0.3317757009345794,0.3184,0.25546218487394956,0.22388059701492538,0.20880913539967375,0.39123630672926446,0.2961783439490446,0.22012578616352202,0.27917981072555204,0.2826855123674912,0.37437603993344426,0.19457735247208932,0.18681318681318682,0.20717781402936378,0.16279069767441862,0.21843003412969283,0.20458265139116202,0.23832528180354268,0.17412140575079874,0.21585160202360876,0.23938879456706283,0.2380191693290735,0.21510673234811165,0.2091917591125198,0.19661016949152543,0.420265780730897,0.2608695652173913,0.18789808917197454,0.3116883116883117,0.2579034941763727,0.40728476821192056,0.3085808580858086,0.17320261437908496,0.233502538071066,0.2645161290322581,0.2512908777969019,0.2571912013536379
2000,1,9,prevalence,0.20751633986928106,0.21702838063439064,0.1825525040387722,0.3122866894197952,0.12807881773399016,0.2022653721682848,0.3764135702746365,0.3060200668896321,0.252442996742671,0.14796747967479676,0.19262981574539365,0.18309859154929578,0.09831029185867896,0.1452991452991453,0.23393739703459637,0.19639934533551553,0.3239929947460595,0.10509031198686371,0.15109034267912771,0.2714508580343214,0.16390728476821192,0.3679727427597956,0.25207296849087896,0.20521172638436483,0.2531847133757962,0.184640522875817,0.26903553299492383,0.3376,0.25796178343949044,0.24172185430463577,0.3101160862354892,0.26604068857589985,0.30976430976430974,0.21792890262751158,0.24784853700516352,0.1353637901861252,0.14677419354838708,0.19148936170212766,0.2231012658227848,0.2759170653907496,0.22442748091603054,0.12289562289562289,0.36990595611285265,0.20411663807890223,0.07142857142857142,0.14186851211072665,0.09369951534733441,0.286634460547504,0.2560777957860616,0.25245901639344265,0.15756630265210608,0.2988691437802908,0.19935691318327975,0.30441640378548895,0.1871069182389937,0.19306930693069307,0.2980599647266314,0.30854430379746833,0.25853658536585367,0.13535031847133758,0.26991869918699185,0.34673366834170855,0.2764227642276423,0.2715008431703204,0.30254777070063693,0.12939297124600638,0.24193548387096775,0.22512234910277323,0.06677524429967427,0.18600682593856654,0.3108320251177394,0.22347266881028938,0.21963394342762063,0.17900172117039587,0.27917981072555204,0.22959183673469388,0.17699115044247787,0.13725490196078433,0.20064724919093851,0.27879799666110183,0.25508607198748046,0.303236797274276,0.2054140127388535,0.2613065326633166,0.21585160202360876,0.18608414239482202,0.21176470588235294,0.2130281690140845,0.14492753623188406,0.3023952095808383,0.2819614711033275,0.14184397163120568,0.3547854785478548,0.2528925619834711,0.247557003257329,0.22916666666666666,0.275808936825886,0.2604501607717042,0.27060653188180406,0.20287539936102236,0.277504105090312,0.3155339805825243,0.3155339805825243,0.17024793388429751,0.21702838063439064,0.18518518518518517,0.3353846153846154,0.22628951747088186,0.3162118780096308,0.22402597402597402,0.13866231647634583,0.2124031007751938,0.155,0.24921630094043887,0.33112582781456956,0.24916943521594684,0.29365079365079366,0.2578947368421053,0.2453781512605042,0.18211920529801323,0.18729641693811075,0.14426229508196722,0.29381443298969073,0.30293159609120524,0.3519163763066202,0.1353135313531353,0.1392,0.30927835051546393,0.12361331220285261,0.18566775244299674,0.21797004991680533,0.21147540983606558,0.23376623376623376,0.06811145510835913,0.20349761526232116,0.23529411764705882,0.2483766233766234,0.3104026845637584,0.3253588516746411,0.2195540308747856,0.2597623089983022,0.173015873015873,0.2807308970099668,0.3288135593220339,0.2964169381107492,0.28278041074249605,0.15485996705107083,0.13458262350936967,0.07226890756302522,0.2507936507936508,0.0379746835443038,0.16561514195583596,0.33386581469648563,0.2507987220447284,0.23259493670886075,0.30497592295345105,0.3568,0.1893687707641196,0.3957654723127036,0.2822185970636215,0.24592833876221498,0.205,0.3277870216306156,0.23882896764252695,0.21746031746031746,0.28665568369028005,0.2553542009884679,0.20130932896890344,0.38028169014084506,0.25878594249201275,0.20257234726688103,0.25880551301684535,0.2629695885509839,0.328719723183391,0.13754045307443366,0.14910858995137763,0.24838709677419354,0.21428571428571427,0.2188034188034188,0.15630252100840336,0.20616883116883117,0.11612903225806452,0.20292207792207792,0.2529118136439268,0.18330605564648117,0.2182410423452769,0.15384615384615385,0.12837837837837837,0.3594009983361065,0.20033112582781457,0.13495934959349593,0.2903752039151713,0.19584055459272098,0.3399014778325123,0.2617124394184168,0.20717781402936378,0.2910321489001692,0.31475409836065577,0.24067796610169492,0.2533783783783784
2001,1,9,prevalence,0.1910828025477707,0.25084745762711863,0.18152866242038215,0.3127147766323024,0.1,0.172859450726979,0.24715447154471545,0.3685950413223141,0.3104,0.2124600638977636,0.18166089965397925,0.165625,0.09630818619582665,0.1733102253032929,0.1669449081803005,0.18646864686468648,0.2888146911519199,0.11057692307692307,0.1056782334384858,0.28,0.16447368421052633,0.34465195246179964,0.16666666666666666,0.2231404958677686,0.2751572327044025,0.19001610305958133,0.22956521739130434,0.34542586750788645,0.17903225806451614,0.2976190476190476,0.33934426229508197,0.249597423510467,0.25,0.20217729393468117,0.29982668977469673,0.147008547008547,0.10231023102310231,0.24098360655737705,0.24605678233438485,0.22990353697749197,0.16981132075471697,0.11056105610561057,0.30158730158730157,0.20376712328767124,0.08056042031523643,0.10327022375215146,0.10628019323671498,0.19903691813804172,0.28109854604200324,0.16279069767441862,0.16153846153846155,0.2562396006655574,0.2035541195476575,0.2995090016366612,0.12755905511811025,0.14146341463414633,0.27385159010600707,0.2857142857142857,0.27184466019417475,0.1168,0.19381107491856678,0.31925675675675674,0.21955128205128205,0.19155844155844157,0.18808777429467086,0.08487654320987655,0.22847682119205298,0.1669421487603306,0.10180623973727422,0.19402985074626866,0.22712933753943218,0.2418831168831169,0.17152658662092624,0.15177065767284992,0.27216174183514774,0.2613065326633166,0.12937062937062938,0.1260229132569558,0.1891891891891892,0.31683168316831684,0.2348111658456486,0.19392917369308602,0.14626391096979333,0.2587646076794658,0.18845500848896435,0.20135363790186125,0.23627287853577372,0.15063520871143377,0.11217948717948718,0.24572317262830481,0.2164048865619546,0.1271186440677966,0.34294871794871795,0.16091954022988506,0.1847649918962723,0.17535545023696683,0.2757527733755943,0.20168067226890757,0.20977917981072555,0.1664,0.25125628140703515,0.2969502407704655,0.2969502407704655,0.16123499142367068,0.2059800664451827,0.18673647469458987,0.247244094488189,0.30708661417322836,0.2971246006389776,0.222397476340694,0.16019417475728157,0.24079754601226994,0.1533442088091354,0.2066772655007949,0.2859560067681895,0.2572402044293015,0.2124600638977636,0.26755852842809363,0.22596964586846544,0.1877076411960133,0.21003134796238246,0.11222780569514237,0.27461139896373055,0.257001647446458,0.2504378283712785,0.14006514657980457,0.12520064205457465,0.3,0.12006319115323855,0.17597292724196278,0.22071307300509338,0.1447811447811448,0.16369529983792544,0.04878048780487805,0.14761904761904762,0.18729096989966554,0.28501628664495116,0.2551369863013699,0.2762520193861066,0.1692573402417962,0.2602040816326531,0.1320450885668277,0.1896838602329451,0.3766891891891892,0.28180354267310787,0.24332810047095763,0.15057283142389524,0.13953488372093023,0.07755775577557755,0.26570048309178745,0.03571428571428571,0.155,0.25,0.2523809523809524,0.22705314009661837,0.27330173775671407,0.2995169082125604,0.21018062397372742,0.27813504823151125,0.23636363636363636,0.2568218298555377,0.21934369602763384,0.25506756756756754,0.2476489028213166,0.1715686274509804,0.34868421052631576,0.3083475298126065,0.15736040609137056,0.265905383360522,0.2336,0.2300469483568075,0.1750380517503805,0.24612736660929432,0.29553264604810997,0.08783783783783784,0.14262820512820512,0.2491961414790997,0.22596964586846544,0.16295025728987994,0.08557046979865772,0.18923327895595432,0.13738019169329074,0.16472545757071547,0.26791808873720135,0.20033112582781457,0.272875816993464,0.1260096930533118,0.11276948590381426,0.27491961414790994,0.20650406504065041,0.1408,0.27140549273021003,0.23076923076923078,0.22727272727272727,0.2252836304700162,0.27454242928452577,0.3108108108108108,0.30514096185737977,0.20945945945945946,0.23247863247863249
2002,1,9,prevalence,0.18396226415094338,0.21777003484320556,0.20949263502454993,0.3310810810810811,0.10344827586206896,0.18993506493506493,0.15702479338842976,0.3328100470957614,0.2754777070063694,0.24558587479935795,0.1989795918367347,0.16057233704292528,0.08695652173913043,0.1708542713567839,0.15894039735099338,0.15789473684210525,0.264026402640264,0.10372771474878444,0.09968354430379747,0.25075075075075076,0.1482084690553746,0.30612244897959184,0.17529215358931552,0.27058823529411763,0.19659442724458204,0.16585365853658537,0.16526138279932545,0.31201248049922,0.20126782884310618,0.3411371237458194,0.23824959481361427,0.25165562913907286,0.2372322899505766,0.21319018404907975,0.3,0.13458262350936967,0.08166666666666667,0.29623567921440264,0.2476038338658147,0.1796875,0.13517665130568357,0.12418300653594772,0.23452768729641693,0.19152542372881357,0.0913884007029877,0.13402061855670103,0.09455128205128205,0.14397496087636932,0.18578352180936994,0.12416107382550336,0.1349206349206349,0.23240589198036007,0.14381270903010032,0.3127035830618892,0.07075471698113207,0.129783693843594,0.2706896551724138,0.27892234548335976,0.24958402662229617,0.1348314606741573,0.152,0.18120805369127516,0.18030050083472454,0.24149108589951376,0.10485133020344288,0.07131782945736434,0.22333333333333333,0.17174959871589085,0.12908496732026145,0.2192,0.18779342723004694,0.18781725888324874,0.17142857142857143,0.12706270627062707,0.2647058823529412,0.20847457627118643,0.1226252158894646,0.10841423948220065,0.20673076923076922,0.2484076433121019,0.26194398682042835,0.11243611584327087,0.23529411764705882,0.30098684210526316,0.1494057724957555,0.1927512355848435,0.14646464646464646,0.1618181818181818,0.15457413249211358,0.2213375796178344,0.21503496503496503,0.16062176165803108,0.28,0.15268456375838926,0.24044585987261147,0.23547880690737832,0.2917981072555205,0.2764505119453925,0.185126582278481,0.14193548387096774,0.22422258592471359,0.3035143769968051,0.3035143769968051,0.20454545454545456,0.16833333333333333,0.16784452296819788,0.26594090202177295,0.3464566929133858,0.22347266881028938,0.22596153846153846,0.1498371335504886,0.2094488188976378,0.12155591572123177,0.19138755980861244,0.25795644891122277,0.22569444444444445,0.16830065359477125,0.35294117647058826,0.22580645161290322,0.19148936170212766,0.15639810426540285,0.0915032679738562,0.30085470085470084,0.23164763458401305,0.15817223198594024,0.19741100323624594,0.10841423948220065,0.22972972972972974,0.1359375,0.1048252911813644,0.21404109589041095,0.19137931034482758,0.15723270440251572,0.05434782608695652,0.144,0.18076285240464346,0.313915857605178,0.25728987993138935,0.21915584415584416,0.1555944055944056,0.281786941580756,0.19536423841059603,0.26537216828478966,0.2916666666666667,0.2463768115942029,0.2564516129032258,0.12171052631578948,0.17868852459016393,0.09752066115702479,0.2625,0.05098684210526316,0.17656765676567657,0.16369529983792544,0.20450885668276972,0.1951219512195122,0.22291021671826625,0.33068362480127184,0.2995090016366612,0.21839080459770116,0.2054794520547945,0.23186119873817035,0.16974789915966387,0.22757475083056478,0.2552845528455285,0.13562091503267973,0.24874791318864775,0.2827586206896552,0.19487179487179487,0.17275747508305647,0.15689381933438987,0.1640378548895899,0.15756630265210608,0.24620573355817876,0.3687821612349914,0.07106598984771574,0.09609120521172639,0.2601626016260163,0.19224283305227655,0.1921768707482993,0.07855973813420622,0.24212271973466004,0.13722397476340695,0.09719934102141681,0.2483766233766234,0.220949263502455,0.3191489361702128,0.0995260663507109,0.10666666666666667,0.21103896103896103,0.19412724306688417,0.11057692307692307,0.19306930693069307,0.2120689655172414,0.2087912087912088,0.13452188006482982,0.27580372250423013,0.26804123711340205,0.2692307692307692,0.11320754716981132,0.2657580919931857
2003,1,9,prevalence,0.17418351477449456,0.15808170515097691,0.21943048576214405,0.2987910189982729,0.11239669421487604,0.23424878836833601,0.10655737704918032,0.3060897435897436,0.24673202614379086,0.2909090909090909,0.17102966841186737,0.13416536661466458,0.0998389694041868,0.1691542288557214,0.20097244732576985,0.1492776886035313,0.2621035058430718,0.10142630744849446,0.08728943338437979,0.18209876543209877,0.12786885245901639,0.2739495798319328,0.19055374592833876,0.21176470588235294,0.2143928035982009,0.11658456486042693,0.195578231292517,0.2765957446808511,0.19614147909967847,0.3282312925170068,0.3022875816993464,0.16719745222929935,0.238562091503268,0.21394611727416799,0.3560732113144759,0.20962199312714777,0.12396694214876033,0.31311475409836065,0.26865671641791045,0.17179902755267423,0.1949685534591195,0.0991869918699187,0.18167202572347266,0.1388888888888889,0.08492201039861352,0.1610738255033557,0.15569823434991975,0.16199376947040497,0.12845528455284552,0.15245901639344261,0.1332263242375602,0.28452579034941766,0.1717171717171717,0.3289902280130293,0.05443234836702955,0.11386138613861387,0.2282793867120954,0.19751166407465007,0.3632,0.1761827079934747,0.14705882352941177,0.17558528428093645,0.15966386554621848,0.2909698996655518,0.06309148264984227,0.11711711711711711,0.18438538205980065,0.1444805194805195,0.19936708860759494,0.2655007949125596,0.19129082426127528,0.12908496732026145,0.1566265060240964,0.16695059625212946,0.2327718223583461,0.18228279386712096,0.15593220338983052,0.11057692307692307,0.19709208400646203,0.24058919803600654,0.24203821656050956,0.08732876712328767,0.2934609250398724,0.2137030995106036,0.12020033388981637,0.2145214521452145,0.12152777777777778,0.14128440366972478,0.17480314960629922,0.20552147239263804,0.15525876460767946,0.19863013698630136,0.3162118780096308,0.16863406408094436,0.19743178170144463,0.2,0.2727272727272727,0.22959183673469388,0.13911620294599017,0.17580645161290323,0.19838709677419356,0.2566929133858268,0.2566929133858268,0.229020979020979,0.23244147157190637,0.17162872154115585,0.24761904761904763,0.24437299035369775,0.24722662440570523,0.2838283828382838,0.2028985507246377,0.22897196261682243,0.11446740858505565,0.1971608832807571,0.2066115702479339,0.1657848324514991,0.14427860696517414,0.285,0.24324324324324326,0.21553090332805072,0.1885245901639344,0.1045016077170418,0.21621621621621623,0.2064516129032258,0.13612565445026178,0.24719101123595505,0.13266998341625208,0.21107266435986158,0.1312,0.09672131147540984,0.11170212765957446,0.13139931740614336,0.184,0.08661417322834646,0.17993630573248406,0.16806722689075632,0.26825396825396824,0.32676518883415434,0.2086677367576244,0.16753926701570682,0.2585034013605442,0.2750809061488673,0.24836601307189543,0.22757475083056478,0.2457757296466974,0.2532051282051282,0.1498371335504886,0.1558872305140962,0.10887772194304858,0.23861852433281006,0.027914614121510674,0.20033670033670034,0.19224283305227655,0.2368,0.21688741721854304,0.130568356374808,0.26897689768976896,0.209106239460371,0.1825657894736842,0.21864406779661016,0.31433224755700323,0.11855670103092783,0.17558528428093645,0.2441077441077441,0.0991869918699187,0.20764119601328904,0.26608695652173914,0.1643598615916955,0.17235772357723578,0.1826771653543307,0.17647058823529413,0.12678288431061807,0.19412724306688417,0.26430976430976433,0.08919382504288165,0.11386138613861387,0.16610169491525423,0.16835016835016836,0.15851602023608768,0.0756578947368421,0.3373083475298126,0.21642969984202212,0.08940397350993377,0.17027863777089783,0.22532894736842105,0.2879746835443038,0.1296875,0.14119601328903655,0.1918032786885246,0.14743589743589744,0.0859504132231405,0.23393739703459637,0.17881944444444445,0.1697530864197531,0.1390728476821192,0.2504288164665523,0.24958677685950414,0.19487179487179487,0.10374149659863946,0.23154362416107382
2004,1,9,prevalence,0.14906832298136646,0.11478260869565217,0.21166666666666667,0.2677966101694915,0.13486842105263158,0.26588628762541805,0.10082644628099173,0.330173775671406,0.2552504038772213,0.3476027397260274,0.18761061946902655,0.1187800963081862,0.1996779388083736,0.12991452991452992,0.2631578947368421,0.1724137931034483,0.23127035830618892,0.1274658573596358,0.12480499219968799,0.19129082426127528,0.14864864864864866,0.2222222222222222,0.16091954022988506,0.18074324324324326,0.19910179640718562,0.11386138613861387,0.19833333333333333,0.3197389885807504,0.19967266775777415,0.23850085178875638,0.2976588628762542,0.21394611727416799,0.2724358974358974,0.13270142180094788,0.31802721088435376,0.15817223198594024,0.19801980198019803,0.2835820895522388,0.22743055555555555,0.21141975308641975,0.23927392739273928,0.09135399673735727,0.12046204620462046,0.10582010582010581,0.13921901528013583,0.16267123287671234,0.24605678233438485,0.1712,0.10016155088852989,0.22833333333333333,0.1377049180327869,0.23252032520325203,0.13474025974025974,0.21416526138279932,0.1004566210045662,0.22185970636215335,0.19078947368421054,0.1832797427652733,0.3050314465408805,0.2315270935960591,0.13741721854304637,0.153184165232358,0.17304492512479203,0.28013029315960913,0.09923664122137404,0.21671826625386997,0.22439024390243903,0.16561514195583596,0.28100470957613816,0.25925925925925924,0.20376175548589343,0.12274959083469722,0.18956521739130436,0.2814070351758794,0.18529862174578868,0.155,0.16835016835016836,0.12944983818770225,0.1936,0.2292358803986711,0.23832528180354268,0.12162162162162163,0.2900641025641026,0.21639344262295082,0.09547738693467336,0.2582236842105263,0.15084745762711865,0.25087719298245614,0.22204213938411668,0.1864406779661017,0.22842639593908629,0.31699346405228757,0.26163723916532905,0.19223985890652556,0.1792452830188679,0.23444976076555024,0.2768,0.23809523809523808,0.12116316639741519,0.1686143572621035,0.1910828025477707,0.2102728731942215,0.2102728731942215,0.21465968586387435,0.23116438356164384,0.193717277486911,0.2419871794871795,0.20521172638436483,0.23747980613893377,0.39232053422370616,0.24836601307189543,0.1984251968503937,0.17045454545454544,0.190625,0.176759410801964,0.18228279386712096,0.17467948717948717,0.23618090452261306,0.18592964824120603,0.20583468395461912,0.14638157894736842,0.11620294599018004,0.2113144758735441,0.1984,0.17636986301369864,0.21112929623567922,0.1288135593220339,0.17667238421955403,0.15309446254071662,0.06969205834683954,0.06956521739130435,0.11,0.20550161812297735,0.09350237717908082,0.14754098360655737,0.1819672131147541,0.25076452599388377,0.26837606837606837,0.22906793048973143,0.21217391304347827,0.29069767441860467,0.2885572139303483,0.3497536945812808,0.2231404958677686,0.18867924528301888,0.2096,0.2300163132137031,0.14408233276157806,0.1893687707641196,0.18181818181818182,0.048701298701298704,0.2338568935427574,0.2233169129720854,0.2664576802507837,0.1996615905245347,0.16211878009630817,0.2665615141955836,0.2804878048780488,0.19391025641025642,0.23608768971332209,0.309328968903437,0.12975778546712802,0.1718494271685761,0.2796610169491525,0.11237785016286644,0.20032840722495895,0.24149659863945577,0.1693121693121693,0.1308562197092084,0.1282051282051282,0.18829113924050633,0.128,0.21221864951768488,0.3089700996677741,0.09044368600682594,0.1683673469387755,0.1391304347826087,0.18438538205980065,0.17064846416382254,0.14054927302100162,0.3321917808219178,0.2961783439490446,0.10430463576158941,0.15495207667731628,0.2495921696574225,0.28322784810126583,0.23885350318471338,0.17420435510887772,0.1419031719532554,0.233278955954323,0.11650485436893204,0.20655737704918034,0.23767605633802816,0.167192429022082,0.1419457735247209,0.24875621890547264,0.3283333333333333,0.21070234113712374,0.09640522875816994,0.1744
2005,1,9,prevalence,0.14069591527987896,0.12207357859531773,0.2235494880546075,0.29207920792079206,0.205,0.24919093851132687,0.18027210884353742,0.21884984025559107,0.3059210526315789,0.24873096446700507,0.2171628721541156,0.15780998389694043,0.3300653594771242,0.1736842105263158,0.24247226624405704,0.18923327895595432,0.28292682926829266,0.15074626865671642,0.21263482280431434,0.23736600306278713,0.12520593080724876,0.16971713810316139,0.19193548387096773,0.24288107202680068,0.22685185185185186,0.11745513866231648,0.18616144975288304,0.2917369308600337,0.23809523809523808,0.21644295302013422,0.4075286415711948,0.2282958199356913,0.22495894909688013,0.12618296529968454,0.24143556280587275,0.1762652705061082,0.34983498349834985,0.28807947019867547,0.19689119170984457,0.25117004680187205,0.24744027303754265,0.1456953642384106,0.11833333333333333,0.08777969018932874,0.18339100346020762,0.22934232715008432,0.34248788368336025,0.1808,0.14942528735632185,0.2461799660441426,0.15946843853820597,0.25245901639344265,0.10894308943089431,0.2529118136439268,0.1873015873015873,0.27056962025316456,0.24836601307189543,0.1744,0.22535211267605634,0.3306581059390048,0.12887438825448613,0.15066225165562913,0.23639455782312926,0.28180354267310787,0.17757009345794392,0.27580645161290324,0.22712418300653595,0.1964856230031949,0.3924646781789639,0.22432859399684044,0.2334384858044164,0.1869009584664537,0.1919191919191919,0.28888888888888886,0.23238380809595202,0.13851351351351351,0.19080068143100512,0.18668831168831168,0.19193548387096773,0.265,0.2459016393442623,0.1433389544688027,0.2681744749596123,0.18962722852512157,0.13838550247116968,0.25506756756756754,0.2353923205342237,0.32460732984293195,0.2672955974842767,0.2734375,0.27749576988155666,0.35524256651017216,0.2032258064516129,0.2016949152542373,0.31587301587301586,0.25848142164781907,0.2901134521880065,0.23857868020304568,0.1921182266009852,0.2759226713532513,0.19809825673534073,0.2140625,0.2140625,0.2470389170896785,0.24573378839590443,0.24957264957264957,0.23717948717948717,0.23902439024390243,0.25950413223140495,0.31727574750830567,0.2592,0.23222748815165878,0.22838499184339314,0.2310077519379845,0.27948303715670436,0.17898193760262726,0.2942122186495177,0.23895253682487724,0.21008403361344538,0.22697368421052633,0.14052287581699346,0.18181818181818182,0.2396694214876033,0.1971153846153846,0.19430485762144054,0.2391304347826087,0.22998296422487224,0.14720812182741116,0.23166666666666666,0.13333333333333333,0.07355516637478109,0.17109634551495018,0.17828200972447325,0.14035087719298245,0.1791044776119403,0.20812182741116753,0.296969696969697,0.3157894736842105,0.2273449920508744,0.2891566265060241,0.2607260726072607,0.30130293159609123,0.26936026936026936,0.24757281553398058,0.19334389857369255,0.2575039494470774,0.25,0.1847457627118644,0.23777403035413153,0.1875,0.10891089108910891,0.23842195540308747,0.3262642740619902,0.30627871362940273,0.22842639593908629,0.19236883942766295,0.2459807073954984,0.24131944444444445,0.2495921696574225,0.23510466988727857,0.277504105090312,0.2071917808219178,0.2765957446808511,0.26109215017064846,0.1456,0.23657718120805368,0.22108843537414966,0.22768670309653916,0.15460526315789475,0.10912052117263844,0.20285261489698891,0.1679506933744222,0.21895424836601307,0.3683360258481422,0.13921901528013583,0.22056384742951907,0.23743500866551126,0.24958949096880131,0.263681592039801,0.17491749174917492,0.23361344537815126,0.33858267716535434,0.16835016835016836,0.15396825396825398,0.2899505766062603,0.20458265139116202,0.24879614767255218,0.18518518518518517,0.15789473684210525,0.26455906821963393,0.20772946859903382,0.2273449920508744,0.2801358234295416,0.190625,0.16559485530546625,0.2707275803722504,0.2878787878787879,0.22033898305084745,0.1653290529695024,0.2026578073089701
2006,1,9,prevalence,0.20300751879699247,0.19516407599309155,0.22042139384116693,0.25902668759811615,0.22857142857142856,0.2752902155887231,0.2702702702702703,0.2807570977917981,0.31311475409836065,0.31724137931034485,0.2158154859967051,0.176,0.46229508196721314,0.20774647887323944,0.2721311475409836,0.208130081300813,0.35467980295566504,0.26106870229007634,0.3157099697885196,0.2706422018348624,0.2353896103896104,0.22690437601296595,0.16885245901639345,0.30560271646859083,0.26586102719033233,0.20603015075376885,0.1614497528830313,0.3618421052631579,0.23627287853577372,0.2808988764044944,0.3355155482815057,0.31045241809672386,0.31561996779388085,0.16237942122186494,0.20833333333333334,0.2558922558922559,0.4533106960950764,0.31309904153354634,0.23890784982935154,0.25396825396825395,0.3071786310517529,0.2140468227424749,0.19198664440734559,0.11447811447811448,0.2934232715008432,0.32792207792207795,0.3817292006525285,0.33931484502446985,0.1893687707641196,0.2533112582781457,0.200339558573854,0.30398671096345514,0.13464696223316913,0.26644736842105265,0.1987281399046105,0.33175355450236965,0.33225806451612905,0.2218700475435816,0.27716535433070866,0.408130081300813,0.3047138047138047,0.18524590163934426,0.32160804020100503,0.2535885167464115,0.18780096308186195,0.3442088091353997,0.2137030995106036,0.2629032258064516,0.37083993660855785,0.20128824476650564,0.2539432176656151,0.27741935483870966,0.26101694915254237,0.27181208053691275,0.26132930513595165,0.22071307300509338,0.22651006711409397,0.23414634146341465,0.17903225806451614,0.308562197092084,0.3157894736842105,0.16216216216216217,0.23076923076923078,0.25895765472312704,0.19138755980861244,0.292436974789916,0.28852459016393445,0.3701188455008489,0.3092948717948718,0.26391096979332274,0.34775374376039936,0.3113496932515337,0.1891891891891892,0.24469820554649266,0.304140127388535,0.28859060402684567,0.3150242326332795,0.32323232323232326,0.2845394736842105,0.3428063943161634,0.2604501607717042,0.2820919175911252,0.2820919175911252,0.2808798646362098,0.27413793103448275,0.29193548387096774,0.23754152823920266,0.2384,0.28548123980424145,0.2504118616144975,0.25363489499192243,0.28459119496855345,0.35313531353135313,0.3302034428794992,0.34596375617792424,0.22690437601296595,0.32405891980360063,0.25901639344262295,0.2508250825082508,0.24297520661157024,0.168,0.20388349514563106,0.2955665024630542,0.28955696202531644,0.25084745762711863,0.22950819672131148,0.33777038269550747,0.27563025210084036,0.2635024549918167,0.21221864951768488,0.11228070175438597,0.19237147595356552,0.18459069020866772,0.288961038961039,0.21649484536082475,0.2875816993464052,0.25487256371814093,0.31795716639209226,0.3042071197411003,0.3851239669421488,0.32608695652173914,0.3136288998357964,0.28407224958949095,0.23633440514469453,0.22185970636215335,0.35275080906148865,0.2602965403624382,0.27,0.2833333333333333,0.21169036334913113,0.1927512355848435,0.33043478260869563,0.36801242236024845,0.2762345679012346,0.3098827470686767,0.17696160267111852,0.24416796267496113,0.25773195876288657,0.3466453674121406,0.2398042414355628,0.30578512396694213,0.2422680412371134,0.36717428087986465,0.21314387211367672,0.26688632619439867,0.30377668308702793,0.2663230240549828,0.38461538461538464,0.17425431711145997,0.11311475409836065,0.2467948717948718,0.2962382445141066,0.23548387096774193,0.3532258064516129,0.19755244755244755,0.22852233676975944,0.2867132867132867,0.2823529411764706,0.29931972789115646,0.255700325732899,0.1791044776119403,0.3333333333333333,0.22508591065292097,0.17405063291139242,0.2953451043338684,0.26721311475409837,0.32348111658456485,0.257001647446458,0.18360655737704917,0.31438127090301005,0.2958860759493671,0.30345911949685533,0.3082077051926298,0.2630744849445325,0.22601626016260162,0.2864406779661017,0.35737704918032787,0.18319327731092436,0.247244094488189,0.2160392798690671
2007,1,9,prevalence,0.2457757296466974,0.2776831345826235,0.2524752475247525,0.27184466019417475,0.3354943273905997,0.23259493670886075,0.31669535283993117,0.2724358974358974,0.32608695652173914,0.3277027027027027,0.33056478405315615,0.2512,0.41118421052631576,0.3161512027491409,0.3402555910543131,0.21393841166936792,0.30634920634920637,0.36874051593323215,0.38073394495412843,0.25037707390648567,0.2968253968253968,0.2966507177033493,0.2696078431372549,0.3572621035058431,0.37142857142857144,0.2859504132231405,0.2697160883280757,0.32676518883415434,0.3504132231404959,0.27435064935064934,0.3540983606557377,0.3128834355828221,0.3311897106109325,0.21794871794871795,0.2197452229299363,0.3338762214983713,0.37815126050420167,0.2974683544303797,0.25412541254125415,0.3102362204724409,0.3474576271186441,0.281198003327787,0.26218487394957984,0.21630615640599002,0.38286713286713286,0.3392,0.3011093502377179,0.4003189792663477,0.3241491085899514,0.3285024154589372,0.3130287648054145,0.3209076175040519,0.2541528239202658,0.265993265993266,0.26517571884984026,0.40873634945397813,0.282574568288854,0.27454242928452577,0.2679425837320574,0.36163522012578614,0.335559265442404,0.28459119496855345,0.37,0.2711864406779661,0.28892455858747995,0.3573717948717949,0.27,0.37359098228663445,0.30326594090202175,0.2524271844660194,0.3030769230769231,0.33878887070376434,0.33728813559322035,0.29716193656093487,0.29770992366412213,0.2724252491694352,0.2708688245315162,0.32679738562091504,0.21324717285945072,0.30806451612903224,0.2909967845659164,0.348993288590604,0.2864406779661017,0.3051948051948052,0.2961165048543689,0.33777038269550747,0.38813559322033897,0.38078902229845624,0.25,0.30914826498422715,0.3587140439932318,0.33436532507739936,0.23237179487179488,0.343801652892562,0.3108320251177394,0.2857142857142857,0.31074380165289256,0.32142857142857145,0.28032786885245903,0.3567567567567568,0.36450079239302696,0.265139116202946,0.265139116202946,0.3047138047138047,0.34833333333333333,0.28171334431630973,0.3105691056910569,0.32701421800947866,0.3360258481421648,0.26121794871794873,0.29606299212598425,0.3166397415185784,0.36209813874788493,0.3280757097791798,0.33121019108280253,0.28688524590163933,0.33706070287539935,0.2558139534883721,0.27154471544715447,0.26991869918699185,0.20893141945773525,0.23509933774834438,0.31655844155844154,0.38497652582159625,0.310580204778157,0.26742301458670986,0.4075342465753425,0.4068627450980392,0.3327702702702703,0.24719101123595505,0.24013722126929674,0.2791461412151067,0.23747980613893377,0.3961038961038961,0.27787307032590053,0.35668789808917195,0.2746585735963581,0.33114754098360655,0.3768352365415987,0.34775374376039936,0.3470031545741325,0.2611570247933884,0.24342105263157895,0.2920634920634921,0.2903752039151713,0.3348909657320872,0.34967320261437906,0.3826955074875208,0.3397745571658615,0.3001605136436597,0.38461538461538464,0.3275563258232236,0.42946708463949845,0.3409785932721712,0.3504273504273504,0.24752475247524752,0.30254777070063693,0.2692307692307692,0.3047001620745543,0.2721417069243156,0.28125,0.2842809364548495,0.32401315789473684,0.20588235294117646,0.37397034596375617,0.34789915966386553,0.25127334465195245,0.40669014084507044,0.2684458398744113,0.17263843648208468,0.27056962025316456,0.3698854337152209,0.3036565977742448,0.2827140549273021,0.26490066225165565,0.28942807625649913,0.3408695652173913,0.3503289473684211,0.28217821782178215,0.3510971786833856,0.2540453074433657,0.3203252032520325,0.3327495621716287,0.320695102685624,0.2679425837320574,0.29365079365079366,0.3101160862354892,0.30307941653160453,0.3105175292153589,0.31900826446280994,0.3386327503974563,0.27689873417721517,0.3254637436762226,0.2694136291600634,0.2934609250398724,0.3011647254575707,0.35081967213114756,0.23793677204658903,0.3704866562009419,0.2899022801302932
2008,1,9,prevalence,0.2820121951219512,0.3104026845637584,0.27768860353130015,0.3165354330708661,0.2959349593495935,0.33547351524879615,0.3060869565217391,0.34768740031897927,0.34551495016611294,0.2391653290529695,0.281505728314239,0.2670906200317965,0.2578512396694215,0.36006546644844517,0.3008,0.23948220064724918,0.2503937007874016,0.27342549923195086,0.3523238380809595,0.259375,0.32273449920508746,0.3394039735099338,0.27677100494233936,0.3425774877650897,0.3280757097791798,0.29194630872483224,0.2981366459627329,0.3076923076923077,0.3092436974789916,0.2762520193861066,0.33653846153846156,0.2724458204334365,0.2686335403726708,0.2922077922077922,0.3317901234567901,0.27917981072555204,0.3148148148148148,0.36875,0.2679738562091503,0.27569331158238175,0.3090277777777778,0.267741935483871,0.3141891891891892,0.33386837881219905,0.3808724832214765,0.2958860759493671,0.2882447665056361,0.3056,0.3582089552238806,0.3109656301145663,0.3384615384615385,0.3284552845528455,0.29519071310116085,0.24065040650406505,0.254746835443038,0.3312202852614897,0.2610759493670886,0.2402044293015332,0.2995319812792512,0.2865853658536585,0.27053140096618356,0.32125984251968503,0.3344316309719934,0.2839506172839506,0.33865814696485624,0.2886435331230284,0.3821138211382114,0.2647527910685805,0.20186335403726707,0.2987220447284345,0.2917933130699088,0.32216905901116427,0.34782608695652173,0.2897350993377483,0.2227342549923195,0.32608695652173914,0.2902684563758389,0.24673202614379086,0.2828438948995363,0.29372937293729373,0.2694214876033058,0.38181818181818183,0.30066445182724255,0.3611111111111111,0.2818471337579618,0.31756756756756754,0.36710963455149503,0.252129471890971,0.23255813953488372,0.27697262479871176,0.3305227655986509,0.2711864406779661,0.37520938023450584,0.32578397212543553,0.28733766233766234,0.23393739703459637,0.24749163879598662,0.31414473684210525,0.2730263157894737,0.2912280701754386,0.294770206022187,0.3,0.3,0.29914529914529914,0.2857142857142857,0.3140495867768595,0.3133116883116883,0.2857142857142857,0.2895622895622896,0.31290322580645163,0.2774294670846395,0.23953098827470687,0.2731788079470199,0.3222748815165877,0.25,0.31442463533225284,0.31189710610932475,0.26198083067092653,0.2870967741935484,0.24798711755233493,0.28365384615384615,0.35064935064935066,0.2816,0.34651898734177217,0.2911813643926789,0.26677316293929715,0.2852233676975945,0.3974151857835218,0.3132530120481928,0.37067545304777594,0.3344370860927152,0.25370675453047775,0.23961661341853036,0.3333333333333333,0.26903553299492383,0.30745341614906835,0.23458646616541354,0.2857142857142857,0.3328,0.2791461412151067,0.2832,0.3167202572347267,0.2864157119476268,0.30126182965299686,0.2951096121416526,0.2727272727272727,0.2708333333333333,0.3010204081632653,0.2916666666666667,0.3148148148148148,0.39464882943143814,0.2697594501718213,0.3018867924528302,0.2764976958525346,0.3098827470686767,0.3187702265372168,0.33011272141706927,0.29833333333333334,0.2504145936981758,0.27009646302250806,0.22727272727272727,0.29372937293729373,0.27603305785123966,0.28717948717948716,0.336038961038961,0.27563025210084036,0.3281519861830743,0.3415929203539823,0.37947122861586313,0.3930921052631579,0.29763779527559053,0.3167202572347267,0.315359477124183,0.2854838709677419,0.38316151202749144,0.3345008756567426,0.2648648648648649,0.288961038961039,0.3272425249169435,0.28095238095238095,0.2823529411764706,0.232,0.3384615384615385,0.3450479233226837,0.29153605015673983,0.25555555555555554,0.3252818035426731,0.3086816720257235,0.3163934426229508,0.2805872756933116,0.3,0.256198347107438,0.2931323283082077,0.2930232558139535,0.3458528951486698,0.25463743676222594,0.3197389885807504,0.24086378737541528,0.32142857142857145,0.25882352941176473
2009,1,9,prevalence,0.2609375,0.2998324958123953,0.22575516693163752,0.28637770897832815,0.24881141045958796,0.3179650238473768,0.23655913978494625,0.359375,0.3382113821138211,0.16377952755905512,0.25252525252525254,0.2391653290529695,0.1839080459770115,0.29132569558101473,0.24519230769230768,0.2025931928687196,0.2599388379204893,0.23696682464454977,0.27685325264750377,0.18488745980707397,0.2796875,0.27887788778877887,0.2962382445141066,0.3004769475357711,0.2665615141955836,0.253781512605042,0.28287461773700306,0.25925925925925924,0.22749590834697217,0.33225806451612905,0.31687898089171973,0.21141975308641975,0.18935837245696402,0.30990415335463256,0.24726134585289514,0.223950233281493,0.28523489932885904,0.294770206022187,0.21688741721854304,0.2267536704730832,0.2755102040816326,0.18799368088467613,0.2698961937716263,0.3073248407643312,0.25418060200668896,0.22257551669316375,0.19092331768388107,0.24292845257903495,0.31001589825119236,0.28084415584415584,0.296551724137931,0.24873096446700507,0.2765598650927487,0.24717285945072698,0.247244094488189,0.2225705329153605,0.262992125984252,0.21305841924398625,0.2759146341463415,0.2400611620795107,0.2286158631415241,0.2914653784219002,0.26742301458670986,0.20757575757575758,0.2955271565495208,0.25,0.35275080906148865,0.2403846153846154,0.17823343848580442,0.3096774193548387,0.29142011834319526,0.2631578947368421,0.24549918166939444,0.23039215686274508,0.19907407407407407,0.3277870216306156,0.28620102214650767,0.2532258064516129,0.23064770932069512,0.2563237774030354,0.23817567567567569,0.3616666666666667,0.2828282828282828,0.3080568720379147,0.2681744749596123,0.234006734006734,0.2894308943089431,0.21147540983606558,0.1685575364667747,0.2971246006389776,0.26221498371335505,0.2313546423135464,0.3567921440261866,0.2949389179755672,0.3160453808752026,0.19218241042345277,0.23255813953488372,0.2593192868719611,0.25844594594594594,0.19715808170515098,0.24807395993836673,0.24874791318864775,0.24874791318864775,0.23011844331641285,0.24013157894736842,0.2864,0.2993421052631579,0.28173374613003094,0.2848,0.2652733118971061,0.26153846153846155,0.18927973199329984,0.2681744749596123,0.2180327868852459,0.24608150470219436,0.27986906710310966,0.27447833065810595,0.35379644588045234,0.2659235668789809,0.22975206611570248,0.28135048231511256,0.33814102564102566,0.2569558101472995,0.3057324840764331,0.28688524590163933,0.2904761904761905,0.21105527638190955,0.33172302737520126,0.22491349480968859,0.2992125984251969,0.2733446519524618,0.2,0.21256038647342995,0.25426356589147286,0.24306688417618272,0.22741433021806853,0.23728813559322035,0.23993558776167473,0.2807017543859649,0.24512987012987014,0.26521060842433697,0.27724358974358976,0.31528662420382164,0.26365054602184085,0.2633333333333333,0.23015873015873015,0.2347417840375587,0.2363013698630137,0.23176661264181522,0.27994011976047906,0.37702265372168287,0.2548330404217926,0.23860182370820668,0.2306501547987616,0.27666666666666667,0.31125827814569534,0.319935691318328,0.24437299035369775,0.23510466988727857,0.2559618441971383,0.23274478330658105,0.22132471728594508,0.2619047619047619,0.3440677966101695,0.2711038961038961,0.23817567567567569,0.3986371379897785,0.2303839732888147,0.3175355450236967,0.4083333333333333,0.2861635220125786,0.2945091514143095,0.26688102893890675,0.24528301886792453,0.3527397260273973,0.30849220103986136,0.241852487135506,0.22082018927444794,0.2871452420701169,0.22632423756019263,0.2957983193277311,0.19629057187017002,0.20242214532871972,0.2948717948717949,0.25766871165644173,0.21044303797468356,0.17986798679867988,0.24881889763779527,0.3053311793214863,0.22916666666666666,0.18251533742331288,0.2539432176656151,0.2688,0.2639751552795031,0.31189710610932475,0.2167235494880546,0.2598684210526316,0.2598684210526316,0.2724458204334365,0.22312703583061888
2010,1,9,prevalence,0.22413793103448276,0.2986348122866894,0.2124600638977636,0.2644757433489828,0.19230769230769232,0.24285714285714285,0.20284697508896798,0.34316770186335405,0.27479674796747966,0.16507936507936508,0.18821603927986907,0.25908372827804105,0.172859450726979,0.2845786963434022,0.18282988871224165,0.17045454545454544,0.24883359253499224,0.20184899845916796,0.22021116138763197,0.22275641025641027,0.1958266452648475,0.2886762360446571,0.30917874396135264,0.2467741935483871,0.24722662440570523,0.22852233676975944,0.24345146379044685,0.2533783783783784,0.2175379426644182,0.2297734627831715,0.3408,0.187683284457478,0.189792663476874,0.22274143302180685,0.1935483870967742,0.19409937888198758,0.24958949096880131,0.27129337539432175,0.23140495867768596,0.2146341463414634,0.23442622950819672,0.13843648208469056,0.2452504317789292,0.23089430894308943,0.20650406504065041,0.16981132075471697,0.15960912052117263,0.20222929936305734,0.3076923076923077,0.30337078651685395,0.23529411764705882,0.22203947368421054,0.2450657894736842,0.27580645161290324,0.25,0.1702127659574468,0.2411674347158218,0.19931271477663232,0.2953125,0.22239031770045387,0.200920245398773,0.2558139534883721,0.22366288492706646,0.1796875,0.267741935483871,0.2273476112026359,0.35340729001584786,0.21578099838969403,0.14240506329113925,0.21103896103896103,0.21225710014947682,0.24208860759493672,0.1648,0.21241830065359477,0.2132701421800948,0.28,0.2504201680672269,0.21766561514195584,0.21474358974358973,0.22203947368421054,0.21829855537720708,0.33553719008264465,0.28289473684210525,0.2684124386252046,0.23824959481361427,0.2152317880794702,0.2940226171243942,0.20545746388443017,0.14426229508196722,0.30963665086887837,0.2427652733118971,0.2465331278890601,0.27929373996789725,0.24912891986062718,0.23471074380165288,0.1625615763546798,0.20607028753993611,0.2531847133757962,0.25301204819277107,0.1827768014059754,0.2522255192878338,0.2733333333333333,0.2733333333333333,0.19148936170212766,0.20569620253164558,0.2359375,0.28365384615384615,0.24390243902439024,0.29508196721311475,0.2958677685950413,0.25308641975308643,0.16778523489932887,0.2700490998363339,0.16802610114192496,0.27692307692307694,0.21821036106750394,0.2467948717948718,0.3463414634146341,0.296583850931677,0.19256756756756757,0.2901639344262295,0.30806451612903224,0.2532258064516129,0.29797191887675506,0.2806451612903226,0.25363489499192243,0.20458265139116202,0.30434782608695654,0.1675213675213675,0.23454833597464342,0.22602739726027396,0.1983739837398374,0.19001610305958133,0.22852512155591573,0.23278688524590163,0.20970266040688576,0.26291079812206575,0.24208860759493672,0.22118380062305296,0.21394611727416799,0.20222929936305734,0.27629513343799056,0.2650793650793651,0.2846034214618974,0.22093023255813954,0.22364217252396165,0.1856,0.2341880341880342,0.20833333333333334,0.2578241430700447,0.2525083612040134,0.26955074875207985,0.24962630792227206,0.2255054432348367,0.27435064935064934,0.26978998384491115,0.3047001620745543,0.24558587479935795,0.2679425837320574,0.2202572347266881,0.2222222222222222,0.20911949685534592,0.21202003338898165,0.27938671209540034,0.1945337620578778,0.2184873949579832,0.3200663349917081,0.22824302134646962,0.25609756097560976,0.36995153473344106,0.28751974723538704,0.24082934609250398,0.2544,0.21774193548387097,0.2413793103448276,0.27749576988155666,0.23469387755102042,0.23709677419354838,0.16774193548387098,0.1782178217821782,0.3238255033557047,0.17552334943639292,0.2063758389261745,0.2626582278481013,0.21806853582554517,0.20094191522762953,0.2022653721682848,0.19047619047619047,0.275974025974026,0.18181818181818182,0.15301391035548687,0.2396825396825397,0.28171334431630973,0.250386398763524,0.30377668308702793,0.1808695652173913,0.26418152350081037,0.23615635179153094,0.2147147147147147,0.21688741721854304
2011,1,9,prevalence,0.17467948717948717,0.30033557046979864,0.21212121212121213,0.2692913385826772,0.1861198738170347,0.2528180354267311,0.178752107925801,0.2731629392971246,0.24121405750798722,0.17535545023696683,0.17100977198697068,0.2102803738317757,0.16612903225806452,0.3070607553366174,0.19292604501607716,0.136,0.27202472952086554,0.1934477379095164,0.22424242424242424,0.20033112582781457,0.19230769230769232,0.3333333333333333,0.2593167701863354,0.18810289389067525,0.25,0.19701986754966888,0.24882629107981222,0.2461799660441426,0.203125,0.19480519480519481,0.3371150729335494,0.1816860465116279,0.26418152350081037,0.21316614420062696,0.22169811320754718,0.1661392405063291,0.1890547263681592,0.2962962962962963,0.2107843137254902,0.19611021069692058,0.2528180354267311,0.11812297734627832,0.18363939899833054,0.21428571428571427,0.17115689381933438,0.15031645569620253,0.18512396694214875,0.18466353677621283,0.2544,0.2714285714285714,0.20725388601036268,0.24315068493150685,0.18870967741935485,0.2551505546751189,0.24270353302611367,0.2073732718894009,0.21353383458646616,0.16291161178509533,0.23909774436090225,0.18798151001540833,0.1925373134328358,0.2646616541353383,0.19968553459119498,0.1559633027522936,0.23509933774834438,0.17704918032786884,0.3001555209953344,0.1828665568369028,0.14662273476112025,0.20611916264090177,0.21450151057401812,0.2534562211981567,0.16899224806201552,0.2413793103448276,0.2091917591125198,0.23462783171521034,0.20534223706176963,0.21300813008130082,0.17936507936507937,0.23102866779089376,0.178743961352657,0.26430976430976433,0.36142625607779577,0.2693548387096774,0.1890625,0.21768707482993196,0.3166144200626959,0.1877076411960133,0.1419141914191419,0.2631578947368421,0.21839080459770116,0.215962441314554,0.21815286624203822,0.22452504317789293,0.18494271685761046,0.16774193548387098,0.17560975609756097,0.2393026941362916,0.22530329289428075,0.17035775127768313,0.258160237388724,0.23141891891891891,0.23141891891891891,0.16057233704292528,0.2037914691943128,0.24847560975609756,0.27168576104746317,0.19935691318327975,0.336,0.3017656500802568,0.23628048780487804,0.1737649063032368,0.29401993355481726,0.1858108108108108,0.2748091603053435,0.18429003021148035,0.2048,0.33983739837398375,0.3011093502377179,0.17123287671232876,0.25487012987012986,0.26031746031746034,0.25853658536585367,0.2575516693163752,0.26324237560192615,0.20095693779904306,0.18668831168831168,0.2566929133858268,0.13976705490848584,0.17061611374407584,0.20136518771331058,0.18459069020866772,0.17288135593220338,0.1774193548387097,0.13893376413570274,0.20923076923076922,0.22044728434504793,0.24675324675324675,0.2236024844720497,0.17711598746081506,0.16506410256410256,0.2737341772151899,0.27608346709470305,0.22919937205651492,0.20195439739413681,0.20192307692307693,0.1766612641815235,0.2280130293159609,0.20408163265306123,0.24620060790273557,0.19006849315068494,0.26490066225165565,0.286144578313253,0.2222222222222222,0.25673534072900156,0.2973856209150327,0.2971698113207547,0.26537216828478966,0.2520193861066236,0.20385232744783308,0.24261275272161742,0.1774960380348653,0.18,0.29471890971039183,0.18225039619651348,0.24959481361426256,0.2901134521880065,0.2159090909090909,0.27341389728096677,0.2560777957860616,0.2610759493670886,0.22380952380952382,0.2390625,0.20678513731825526,0.22240802675585283,0.2663316582914573,0.2411467116357504,0.23671497584541062,0.14123376623376624,0.14925373134328357,0.270935960591133,0.16476345840130505,0.18555008210180624,0.2077922077922078,0.15384615384615385,0.16825396825396827,0.1921182266009852,0.18225806451612903,0.25365853658536586,0.254606365159129,0.1056782334384858,0.271585557299843,0.3126984126984127,0.23802163833075735,0.21221864951768488,0.2181500872600349,0.21303656597774245,0.24213836477987422,0.22686567164179106,0.21510673234811165
2012,1,9,prevalence,0.16878980891719744,0.26588628762541805,0.2048,0.2358642972536349,0.16615384615384615,0.2188006482982172,0.16694772344013492,0.3333333333333333,0.23462783171521034,0.24921135646687698,0.16747967479674797,0.18847352024922118,0.27414330218068533,0.3106796116504854,0.18360655737704917,0.12987012987012986,0.3167420814479638,0.15689381933438987,0.20401854714064915,0.17491749174917492,0.2042833607907743,0.34923076923076923,0.20602218700475436,0.25122349102773245,0.2519809825673534,0.23559322033898306,0.20221169036334913,0.24217462932454695,0.2281303602058319,0.2590759075907591,0.3,0.18100890207715134,0.3275316455696203,0.18238021638330756,0.26198083067092653,0.1460843373493976,0.19001610305958133,0.2804878048780488,0.20650406504065041,0.1620745542949757,0.2531847133757962,0.10016420361247948,0.20627062706270627,0.19085173501577288,0.16883116883116883,0.12857142857142856,0.2070063694267516,0.18856259659969088,0.2288,0.2914012738853503,0.16262975778546712,0.295,0.1619047619047619,0.2484076433121019,0.25,0.16692426584234932,0.23413897280966767,0.14480408858603067,0.21758569299552907,0.1797583081570997,0.24553571428571427,0.29249617151607965,0.21319018404907975,0.18468468468468469,0.24720893141945774,0.1407035175879397,0.2310077519379845,0.15806451612903225,0.1595197255574614,0.22169811320754718,0.22713414634146342,0.23492063492063492,0.16692913385826771,0.18019480519480519,0.1695447409733124,0.2847682119205298,0.18272425249169436,0.22719734660033167,0.21169036334913113,0.23444976076555024,0.16225165562913907,0.2200328407224959,0.31761006289308175,0.23285486443381181,0.17857142857142858,0.18632478632478633,0.2885496183206107,0.18729641693811075,0.09090909090909091,0.24960254372019078,0.21911037891268534,0.20128824476650564,0.2127659574468085,0.2039151712887439,0.22151898734177214,0.19778481012658228,0.16025641025641027,0.23529411764705882,0.12457912457912458,0.22203672787979967,0.256797583081571,0.25375626043405675,0.25375626043405675,0.15664556962025317,0.2138364779874214,0.18808777429467086,0.24132492113564669,0.24088748019017434,0.337442218798151,0.2901134521880065,0.2450532724505327,0.16291161178509533,0.2706270627062706,0.21512605042016808,0.2678843226788432,0.1656441717791411,0.17535545023696683,0.296,0.29936305732484075,0.14485165794066318,0.2359375,0.1758957654723127,0.25121555915721233,0.2204724409448819,0.28225806451612906,0.26129032258064516,0.23622047244094488,0.2409448818897638,0.15282392026578073,0.10714285714285714,0.19836065573770492,0.19476268412438624,0.18914473684210525,0.15508885298869143,0.1,0.19969278033794163,0.2542901716068643,0.2815533980582524,0.24458204334365324,0.1761006289308176,0.19448946515397084,0.2859450726978998,0.2942122186495177,0.21517027863777088,0.1775244299674267,0.18760195758564438,0.2012987012987013,0.2224,0.14668769716088328,0.2363367799113737,0.1423728813559322,0.22126929674099485,0.27710843373493976,0.20647149460708783,0.24261275272161742,0.2995008319467554,0.2895148669796557,0.27813504823151125,0.21482602118003025,0.23427672955974843,0.24960505529225907,0.1907790143084261,0.15883306320907617,0.2529118136439268,0.13195548489666137,0.2503937007874016,0.1930116472545757,0.17115689381933438,0.24572317262830481,0.2231139646869984,0.2698412698412698,0.19682539682539682,0.2480127186009539,0.1942215088282504,0.1977124183006536,0.2669983416252073,0.27887788778877887,0.19032258064516128,0.14518760195758565,0.13242784380305603,0.2623762376237624,0.14832535885167464,0.20926517571884984,0.20398009950248755,0.17425431711145997,0.15912636505460218,0.2200328407224959,0.19412724306688417,0.25961538461538464,0.2917369308600337,0.12140575079872204,0.24803767660910517,0.31007751937984496,0.27370030581039756,0.16065573770491803,0.22448979591836735,0.17142857142857143,0.21283255086071987,0.23759398496240602,0.22607260726072606
2013,1,9,prevalence,0.1380952380952381,0.23440134907251264,0.20190779014308427,0.3673469387755102,0.19699248120300752,0.20031796502384738,0.1775244299674267,0.38258164852255055,0.31260229132569556,0.2992125984251969,0.15814696485623003,0.18575851393188855,0.30030959752321984,0.2592,0.2272,0.12941176470588237,0.33690658499234305,0.15912897822445563,0.1674347158218126,0.1762820512820513,0.17419354838709677,0.3161094224924012,0.1807044410413476,0.29489291598023065,0.27804107424960506,0.2376068376068376,0.17587939698492464,0.22580645161290322,0.23299319727891157,0.2792207792207792,0.28639240506329117,0.15749235474006115,0.3392282958199357,0.13097072419106318,0.3066255778120185,0.12018489984591679,0.22135007849293564,0.2615844544095665,0.23432343234323433,0.14695945945945946,0.19718309859154928,0.11367380560131796,0.2097560975609756,0.1827956989247312,0.18181818181818182,0.1389776357827476,0.24203821656050956,0.19409937888198758,0.23424878836833601,0.25902668759811615,0.13266998341625208,0.358843537414966,0.1977491961414791,0.24766355140186916,0.196513470681458,0.19664634146341464,0.2585139318885449,0.1523972602739726,0.29607250755287007,0.15757575757575756,0.2511278195488722,0.22945736434108527,0.2070015220700152,0.2085235920852359,0.23567921440261866,0.15570934256055363,0.20155038759689922,0.15883306320907617,0.18568994889267462,0.2396825396825397,0.19230769230769232,0.2225705329153605,0.205607476635514,0.16996699669966997,0.17289719626168223,0.23267326732673269,0.15437392795883362,0.2618657937806874,0.19902120717781402,0.22780569514237856,0.145,0.18210862619808307,0.28129829984544047,0.23225806451612904,0.19152276295133439,0.16695352839931152,0.1926605504587156,0.17298187808896212,0.09359605911330049,0.30577223088923555,0.2273476112026359,0.2079866888519135,0.26633986928104575,0.17147435897435898,0.21096345514950166,0.2099533437013997,0.14098360655737704,0.2578125,0.1218274111675127,0.2976588628762542,0.2381679389312977,0.23793677204658903,0.23793677204658903,0.12678288431061807,0.2515923566878981,0.17034700315457413,0.2132921174652241,0.28639240506329117,0.3365231259968102,0.214168039538715,0.2287878787878788,0.16555183946488294,0.27704918032786885,0.2815699658703072,0.2125,0.1549079754601227,0.15823817292006526,0.3235294117647059,0.27447833065810595,0.12234042553191489,0.20569620253164558,0.16057233704292528,0.22824302134646962,0.1848341232227488,0.3232484076433121,0.23604465709728867,0.21508828250401285,0.23211446740858505,0.15901639344262294,0.10810810810810811,0.19500780031201248,0.15780730897009967,0.17986798679867988,0.14285714285714285,0.16666666666666666,0.18210361067503925,0.21359223300970873,0.29952456418383516,0.21495327102803738,0.15503875968992248,0.23684210526315788,0.26929392446633826,0.28662420382165604,0.20341614906832298,0.16019417475728157,0.19532554257095158,0.22439024390243903,0.2211690363349131,0.10062893081761007,0.20262390670553937,0.15061295971978983,0.20388349514563106,0.2198473282442748,0.24416796267496113,0.2080745341614907,0.3069466882067851,0.2806451612903226,0.2589703588143526,0.25943396226415094,0.22429906542056074,0.24561403508771928,0.18022328548644337,0.13468013468013468,0.23255813953488372,0.14420062695924765,0.21540880503144655,0.1893687707641196,0.17432646592709986,0.2594268476621418,0.18683001531393567,0.264,0.16164817749603805,0.2108626198083067,0.17647058823529413,0.18518518518518517,0.2703583061889251,0.2777777777777778,0.20096463022508038,0.1856,0.10362694300518134,0.23739837398373984,0.15497553017944535,0.22058823529411764,0.16181229773462782,0.26479750778816197,0.16901408450704225,0.1888,0.18780096308186195,0.22585669781931464,0.2755775577557756,0.1403225806451613,0.2693498452012384,0.2735703245749614,0.2692889561270802,0.16472545757071547,0.2777777777777778,0.16355140186915887,0.24720893141945774,0.2617246596066566,0.2152317880794702
2014,1,9,prevalence,0.12861736334405144,0.26288659793814434,0.168,0.36774193548387096,0.19575113808801214,0.18819776714513556,0.1926163723916533,0.2866043613707165,0.3197389885807504,0.34006211180124224,0.12857142857142856,0.20766773162939298,0.29952456418383516,0.2520064205457464,0.25235109717868337,0.11258278145695365,0.28858024691358025,0.12956810631229235,0.18425196850393702,0.20454545454545456,0.19488817891373802,0.2952815829528158,0.1677115987460815,0.2602965403624382,0.30708661417322836,0.2041522491349481,0.1539708265802269,0.178743961352657,0.21996615905245348,0.29147286821705426,0.34308943089430893,0.14040561622464898,0.3121951219512195,0.11642743221690591,0.3763779527559055,0.12903225806451613,0.22364217252396165,0.2798165137614679,0.21333333333333335,0.1266891891891892,0.1972049689440994,0.11745513866231648,0.2288961038961039,0.1695447409733124,0.2032258064516129,0.15772870662460567,0.28662420382165604,0.1828125,0.274294670846395,0.24307692307692308,0.12459016393442623,0.34545454545454546,0.21451612903225806,0.23397435897435898,0.1674491392801252,0.22152886115444617,0.28328173374613,0.14821124361158433,0.3910355486862442,0.16066066066066065,0.276218611521418,0.215625,0.23919753086419754,0.1969465648854962,0.2032258064516129,0.14213197969543148,0.18053375196232338,0.1444805194805195,0.17989417989417988,0.22152886115444617,0.27370030581039756,0.27596899224806204,0.2611464968152866,0.15894039735099338,0.15880503144654087,0.1653290529695024,0.13322091062394603,0.24086378737541528,0.2012987012987013,0.17694805194805194,0.14790996784565916,0.168,0.2526636225266362,0.2413793103448276,0.21915584415584416,0.13527397260273974,0.26614173228346455,0.15309446254071662,0.10891089108910891,0.3281004709576138,0.23300970873786409,0.22735042735042735,0.3790849673202614,0.152,0.26359143327841844,0.22258064516129034,0.15397350993377484,0.3322784810126582,0.11532125205930807,0.3220910623946037,0.26782884310618066,0.2231543624161074,0.2231543624161074,0.11075949367088607,0.3102362204724409,0.16930379746835442,0.18847352024922118,0.3274760383386581,0.3296875,0.25538971807628524,0.2301829268292683,0.16524701873935263,0.3344103392568659,0.3338815789473684,0.209375,0.178743961352657,0.15024232633279483,0.2779605263157895,0.3079416531604538,0.14020270270270271,0.22413793103448276,0.17038216560509553,0.20563847429519072,0.24208860759493672,0.35467980295566504,0.18238993710691823,0.22626582278481014,0.24754098360655738,0.16585365853658537,0.125,0.1724137931034483,0.15993265993265993,0.16302521008403362,0.13592233009708737,0.17684887459807075,0.16355140186915887,0.21103896103896103,0.2531847133757962,0.2791411042944785,0.17073170731707318,0.22523961661341854,0.27378964941569284,0.26635514018691586,0.1796042617960426,0.14100486223662884,0.19420783645655879,0.2367549668874172,0.23444976076555024,0.10260336906584992,0.21282798833819241,0.1232638888888889,0.1650326797385621,0.19595645412130638,0.28012519561815336,0.21745788667687596,0.3089171974522293,0.294770206022187,0.21473354231974923,0.2714285714285714,0.18949044585987262,0.23387096774193547,0.18425196850393702,0.12315270935960591,0.2928,0.22564935064935066,0.22503961965134706,0.21746031746031746,0.19773095623987033,0.336322869955157,0.14285714285714285,0.25848142164781907,0.13657770800627944,0.1952,0.14726027397260275,0.15719063545150502,0.2200328407224959,0.24006359300476948,0.22857142857142856,0.2859504132231405,0.11551155115511551,0.2715008431703204,0.13278688524590163,0.23051409618573798,0.19141914191419143,0.31790123456790126,0.22439759036144577,0.24522292993630573,0.16905901116427433,0.22135007849293564,0.2751235584843493,0.16612903225806452,0.2526964560862866,0.24050632911392406,0.2654600301659125,0.23887973640856672,0.27424749163879597,0.17350157728706625,0.18810289389067525,0.22652757078986588,0.21543408360128619
2015,1,9,prevalence,0.12898089171974522,0.2436548223350254,0.17434210526315788,0.33713355048859933,0.2246153846153846,0.196875,0.27001569858712715,0.23159509202453987,0.35225375626043404,0.25161290322580643,0.12355848434925865,0.19579288025889968,0.2682170542635659,0.25396825396825395,0.31181102362204727,0.11147540983606558,0.296583850931677,0.11677631578947369,0.19967532467532467,0.1949579831932773,0.2146341463414634,0.3110419906687403,0.16377952755905512,0.25853658536585367,0.3046875,0.2153846153846154,0.1832797427652733,0.1888,0.2292358803986711,0.3180379746835443,0.31475409836065577,0.15184049079754602,0.3673139158576052,0.11544715447154472,0.31437598736176936,0.14961832061068703,0.18571428571428572,0.31587057010785824,0.22719734660033167,0.11467116357504216,0.18838304552590268,0.12,0.2608,0.17857142857142858,0.23717948717948717,0.15714285714285714,0.28365384615384615,0.20336391437308868,0.277602523659306,0.25609756097560976,0.1508828250401284,0.3193979933110368,0.24177631578947367,0.19738988580750408,0.1956521739130435,0.2108626198083067,0.3062200956937799,0.1314878892733564,0.3553846153846154,0.14330218068535824,0.25975975975975973,0.19145569620253164,0.2367601246105919,0.20601503759398496,0.2197452229299363,0.19801980198019803,0.2455573505654281,0.134185303514377,0.1962457337883959,0.2287480680061824,0.2806201550387597,0.28792569659442724,0.3057324840764331,0.16666666666666666,0.1321656050955414,0.14262820512820512,0.1407035175879397,0.21674876847290642,0.2594417077175698,0.16747181964573268,0.1437908496732026,0.13564668769716087,0.23006134969325154,0.25982905982905985,0.23777403035413153,0.11519198664440734,0.2942097026604069,0.14381270903010032,0.11367380560131796,0.3163751987281399,0.250814332247557,0.22338568935427575,0.36661211129296234,0.17235772357723578,0.27419354838709675,0.19585987261146498,0.1632996632996633,0.3581847649918963,0.12560386473429952,0.27377049180327867,0.25961538461538464,0.21864406779661016,0.21864406779661016,0.09501557632398754,0.3102918586789555,0.17535545023696683,0.16515151515151516,0.3269230769230769,0.3247588424437299,0.31802721088435376,0.23795180722891565,0.17128027681660898,0.30666666666666664,0.28378378378378377,0.259375,0.16352201257861634,0.15544871794871795,0.3073170731707317,0.3110419906687403,0.16139767054908485,0.24154589371980675,0.17335473515248795,0.17785234899328858,0.2581699346405229,0.2981878088962109,0.20911949685534592,0.2669826224328594,0.2180327868852459,0.22508038585209003,0.13416536661466458,0.2306501547987616,0.17391304347826086,0.1582608695652174,0.1435483870967742,0.18181818181818182,0.16901408450704225,0.23938879456706283,0.2991869918699187,0.3076923076923077,0.19062027231467474,0.3338709677419355,0.31795716639209226,0.28683385579937304,0.22727272727272727,0.20192307692307693,0.27197346600331673,0.2168284789644013,0.20504731861198738,0.09408194233687406,0.20839580209895053,0.1590909090909091,0.16229508196721312,0.2838283828382838,0.26572327044025157,0.24492979719188768,0.3234375,0.264026402640264,0.23195084485407066,0.33167495854063017,0.16031746031746033,0.2019704433497537,0.22706065318818042,0.11831442463533225,0.2990506329113924,0.2912,0.20421393841166938,0.2543171114599686,0.2328125,0.3003048780487805,0.1921259842519685,0.21840873634945399,0.11627906976744186,0.18858954041204437,0.1564625850340136,0.12687813021702837,0.20922570016474465,0.2422360248447205,0.2553191489361702,0.1900958466453674,0.14023372287145242,0.25365853658536586,0.09577922077922078,0.22843450479233227,0.2541528239202658,0.24525316455696203,0.20574886535552195,0.27341389728096677,0.16506410256410256,0.24646781789638933,0.255,0.24,0.26129032258064516,0.2539432176656151,0.2169230769230769,0.2717948717948718,0.3136593591905565,0.18019480519480519,0.1624203821656051,0.242152466367713,0.2109500805152979
2016,1,9,prevalence,0.14375987361769352,0.24829931972789115,0.20294599018003273,0.26136363636363635,0.26120556414219476,0.23174603174603176,0.2864,0.22993827160493827,0.33665008291873966,0.2413793103448276,0.08452950558213716,0.18668831168831168,0.24464831804281345,0.24719101123595505,0.31587301587301586,0.10344827586206896,0.2302936630602782,0.10887772194304858,0.21061093247588425,0.2512908777969019,0.21608040201005024,0.3364341085271318,0.13333333333333333,0.2883031301482702,0.3024,0.2408026755852843,0.19205298013245034,0.2367601246105919,0.2755102040816326,0.2884310618066561,0.3107890499194847,0.13001605136436598,0.2864,0.1272430668841762,0.2914012738853503,0.1836734693877551,0.18555008210180624,0.3465818759936407,0.24829931972789115,0.1076923076923077,0.1890625,0.1510673234811166,0.27168576104746317,0.144,0.3050314465408805,0.14743589743589744,0.2706270627062706,0.19788519637462235,0.26537216828478966,0.2642967542503864,0.18412698412698414,0.31099656357388317,0.23809523809523808,0.16932907348242812,0.16767371601208458,0.25356576862123614,0.30441640378548895,0.13210702341137123,0.3106646058732612,0.14653784219001612,0.24336283185840707,0.16155088852988692,0.2524271844660194,0.2173228346456693,0.22644628099173553,0.20701168614357263,0.3274760383386581,0.10584518167456557,0.17123287671232876,0.2484472049689441,0.3048973143759874,0.3,0.322884012539185,0.18974358974358974,0.104,0.19333333333333333,0.12315270935960591,0.19289340101522842,0.24587458745874588,0.15755627009646303,0.15282392026578073,0.13260530421216848,0.23206106870229007,0.23817567567567569,0.21639344262295082,0.14451827242524917,0.2365079365079365,0.12560386473429952,0.15488215488215487,0.2833607907742998,0.2464,0.19725557461406518,0.2707993474714519,0.22006472491909385,0.2369281045751634,0.18253968253968253,0.12162162162162163,0.25573770491803277,0.165625,0.24758842443729903,0.2694805194805195,0.21853146853146854,0.21853146853146854,0.08422664624808576,0.24881141045958796,0.20993589743589744,0.14018691588785046,0.29354838709677417,0.3333333333333333,0.3121869782971619,0.2972560975609756,0.1465076660988075,0.2866141732283465,0.21608040201005024,0.2949526813880126,0.16615384615384615,0.18381112984822934,0.31629392971246006,0.2857142857142857,0.15463917525773196,0.22204213938411668,0.2,0.17073170731707318,0.30097087378640774,0.27586206896551724,0.22291993720565148,0.329073482428115,0.23817292006525284,0.28771384136858474,0.15372670807453417,0.25688073394495414,0.17333333333333334,0.15411558669001751,0.16181229773462782,0.2066772655007949,0.18622848200312989,0.35175879396984927,0.2991869918699187,0.32248062015503876,0.16542473919523099,0.3065326633165829,0.315955766192733,0.25660964230171074,0.3275862068965517,0.254606365159129,0.3260135135135135,0.2893081761006289,0.22503961965134706,0.10866141732283464,0.17964071856287425,0.15423728813559323,0.15721231766612642,0.3103448275862069,0.30655737704918035,0.25273010920436817,0.2825040128410915,0.2413793103448276,0.27672955974842767,0.29605263157894735,0.16987179487179488,0.1839863713798978,0.24572317262830481,0.090311986863711,0.2746710526315789,0.28019323671497587,0.20032051282051283,0.2692913385826772,0.29115853658536583,0.24961715160796324,0.2391653290529695,0.2248427672955975,0.0970724191063174,0.20032840722495895,0.13079470198675497,0.16554054054054054,0.22613065326633167,0.24427480916030533,0.19907407407407407,0.18819776714513556,0.16151202749140894,0.31743421052631576,0.0819935691318328,0.21746031746031746,0.24916943521594684,0.24516129032258063,0.2759146341463415,0.2775193798449612,0.2032258064516129,0.2550231839258114,0.24232633279483037,0.24766355140186916,0.2922077922077922,0.2692307692307692,0.23168908819133036,0.28055077452667815,0.29422066549912435,0.16828478964401294,0.21690590111642744,0.23238380809595202,0.22727272727272727
2017,1,9,prevalence,0.20192307692307693,0.26949152542372884,0.19471947194719472,0.29489291598023065,0.30109204368174725,0.26424050632911394,0.26282051282051283,0.2890262751159196,0.3051948051948052,0.253448275862069,0.07413249211356467,0.19633943427620631,0.25660964230171074,0.22611464968152867,0.2566929133858268,0.11414790996784566,0.2172573189522342,0.1069078947368421,0.263681592039801,0.24486301369863014,0.27938671209540034,0.31635802469135804,0.1424,0.3250825082508251,0.30048465266558966,0.3022508038585209,0.18316831683168316,0.23817034700315456,0.2762063227953411,0.26594090202177295,0.3617693522906793,0.15210355987055016,0.26584234930448225,0.13008130081300814,0.28664495114006516,0.191131498470948,0.24013157894736842,0.37799043062200954,0.22521008403361345,0.11584327086882454,0.18876755070202808,0.14566284779050737,0.28685897435897434,0.13290113452188007,0.3440514469453376,0.18808777429467086,0.25493421052631576,0.18153364632237873,0.2520193861066236,0.2870229007633588,0.23974763406940064,0.2986577181208054,0.22815533980582525,0.18518518518518517,0.18335901386748846,0.29082426127527217,0.26053042121684866,0.19536423841059603,0.19055118110236222,0.15191986644407346,0.2324159021406728,0.16940789473684212,0.26129032258064516,0.21915584415584416,0.2620232172470978,0.2766323024054983,0.2857142857142857,0.09719934102141681,0.19798657718120805,0.21474358974358973,0.3027375201288245,0.360062893081761,0.3338709677419355,0.20508474576271185,0.11219512195121951,0.3162118780096308,0.11596638655462185,0.1848184818481848,0.21951219512195122,0.15174506828528073,0.22601626016260162,0.15217391304347827,0.2361111111111111,0.29747899159663865,0.28109854604200324,0.178743961352657,0.2476340694006309,0.13556618819776714,0.22909698996655517,0.24875621890547264,0.2635024549918167,0.2048611111111111,0.21674876847290642,0.2601246105919003,0.2532051282051282,0.1825525040387722,0.1598694942903752,0.2300163132137031,0.17609046849757673,0.19838709677419356,0.34094616639477976,0.18620689655172415,0.18620689655172415,0.10090361445783133,0.2576985413290113,0.24299065420560748,0.13968253968253969,0.27463651050080773,0.3136,0.2418831168831169,0.31278890600924497,0.1152542372881356,0.277504105090312,0.18974358974358974,0.3118811881188119,0.15716486902927582,0.215,0.39074960127591707,0.26148969889064977,0.14385964912280702,0.23492063492063492,0.2294022617124394,0.16805324459234608,0.2961783439490446,0.2684887459807074,0.21475409836065573,0.28913738019169327,0.2593192868719611,0.25902668759811615,0.18294573643410852,0.2570093457943925,0.15754560530679934,0.1269296740994854,0.22818791946308725,0.208130081300813,0.2015873015873016,0.367003367003367,0.29296235679214405,0.3463338533541342,0.18303571428571427,0.32377740303541314,0.3027823240589198,0.28346456692913385,0.3210445468509985,0.33497536945812806,0.34983498349834985,0.3157894736842105,0.22776911076443057,0.11006289308176101,0.21646341463414634,0.18487394957983194,0.18566775244299674,0.31727574750830567,0.3338983050847458,0.2328125,0.24058919803600654,0.20826446280991737,0.30854430379746833,0.2568659127625202,0.273015873015873,0.13851351351351351,0.29339477726574503,0.0722495894909688,0.3100511073253833,0.21393034825870647,0.2,0.2353870458135861,0.3257229832572298,0.1838006230529595,0.2597809076682316,0.20673076923076922,0.10920436817472699,0.22169059011164274,0.13987138263665594,0.0959349593495935,0.23114754098360657,0.2978395061728395,0.15348837209302327,0.23671497584541062,0.1686143572621035,0.391653290529695,0.08617886178861789,0.24044585987261147,0.31743421052631576,0.20031796502384738,0.29393939393939394,0.25625,0.2418831168831169,0.25660964230171074,0.20124804992199688,0.322884012539185,0.3929712460063898,0.3634920634920635,0.26348228043143296,0.270223752151463,0.3132530120481928,0.215210355987055,0.2532258064516129,0.21798780487804878,0.28917609046849757
2018,1,9,prevalence,0.2328125,0.26166666666666666,0.2,0.24958677685950414,0.25426356589147286,0.3598130841121495,0.25585023400936036,0.3411214953271028,0.3434991974317817,0.2605042016806723,0.09134615384615384,0.19831932773109243,0.2911010558069382,0.2476340694006309,0.2562893081761006,0.13170731707317074,0.2404870624048706,0.11145996860282574,0.31666666666666665,0.22422258592471359,0.3019197207678883,0.274294670846395,0.19769357495881384,0.34831460674157305,0.24600638977635783,0.3160453808752026,0.25645438898450945,0.2846034214618974,0.327150084317032,0.260596546310832,0.3942766295707472,0.19047619047619047,0.30670926517571884,0.12950819672131147,0.26633986928104575,0.191131498470948,0.31840796019900497,0.42563291139240506,0.22920203735144312,0.13764510779436154,0.22945736434108527,0.15702479338842976,0.2635024549918167,0.12052117263843648,0.2931854199683043,0.18681318681318682,0.20611916264090177,0.19055118110236222,0.27677100494233936,0.26461538461538464,0.22169059011164274,0.26580226904376014,0.248,0.19902912621359223,0.1867283950617284,0.23454833597464342,0.305993690851735,0.2594417077175698,0.13636363636363635,0.19536423841059603,0.22274143302180685,0.18769716088328076,0.2663316582914573,0.2652733118971061,0.20588235294117646,0.2457627118644068,0.33166666666666667,0.13793103448275862,0.21630615640599002,0.1861198738170347,0.2532258064516129,0.32710280373831774,0.30179445350734097,0.2233502538071066,0.23462783171521034,0.32857142857142857,0.13517915309446255,0.17803660565723795,0.21169036334913113,0.2255054432348367,0.3194675540765391,0.20634920634920634,0.2652439024390244,0.266553480475382,0.2830188679245283,0.21153846153846154,0.24610591900311526,0.14195583596214512,0.2647058823529412,0.20297029702970298,0.26547231270358307,0.21071428571428572,0.22537562604340566,0.2703125,0.2082670906200318,0.1941747572815534,0.20949263502454993,0.22491909385113268,0.21263482280431434,0.2389937106918239,0.35294117647058826,0.17789291882556132,0.17789291882556132,0.13914373088685014,0.2634069400630915,0.2902208201892745,0.1328125,0.2784184514003295,0.2813008130081301,0.3125,0.2902208201892745,0.11917098445595854,0.20483870967741935,0.21079258010118043,0.27712854757929883,0.2285276073619632,0.24573378839590443,0.27488151658767773,0.20317460317460317,0.14576271186440679,0.22817764165390506,0.25122349102773245,0.247557003257329,0.22778675282714056,0.25412541254125415,0.2512,0.2468553459119497,0.28104575163398693,0.2626582278481013,0.2528,0.2414307004470939,0.1631321370309951,0.15100671140939598,0.2864321608040201,0.23333333333333334,0.19937205651491366,0.37987012987012986,0.2763578274760383,0.32445141065830724,0.20474777448071216,0.27684563758389263,0.29207920792079206,0.2820919175911252,0.3343949044585987,0.35034013605442177,0.3399014778325123,0.3791469194312796,0.2336448598130841,0.12808641975308643,0.20926517571884984,0.23488773747841105,0.23557692307692307,0.3484848484848485,0.29421487603305785,0.2310126582278481,0.20454545454545456,0.1825657894736842,0.3476190476190476,0.2379421221864952,0.28012519561815336,0.18104906937394247,0.2823712948517941,0.14634146341463414,0.38190954773869346,0.19734660033167495,0.18847352024922118,0.2012779552715655,0.3495297805642633,0.1719939117199391,0.23832528180354268,0.1904,0.1095679012345679,0.24717285945072698,0.1498371335504886,0.13322368421052633,0.2042483660130719,0.34887459807073956,0.19099378881987578,0.20650406504065041,0.21018062397372742,0.340625,0.09847198641765705,0.22897196261682243,0.31125827814569534,0.21746031746031746,0.3147590361445783,0.2778625954198473,0.2233169129720854,0.26066350710900477,0.17156105100463678,0.2583201267828843,0.33548387096774196,0.31766612641815234,0.2572298325722983,0.23063973063973064,0.23548922056384744,0.26953748006379585,0.26129032258064516,0.20689655172413793,0.315359477124183
2019,1,9,prevalence,0.20121028744326777,0.24717285945072698,0.26094003241491087,0.28311258278145696,0.24205748865355523,0.3343949044585987,0.2800632911392405,0.2931854199683043,0.2808988764044944,0.24190800681431004,0.1568627450980392,0.23714759535655058,0.21012269938650308,0.26875,0.2724358974358974,0.14082278481012658,0.2857142857142857,0.1399662731871838,0.31353135313531355,0.2838915470494418,0.2568027210884354,0.2757527733755943,0.22950819672131148,0.29384615384615387,0.27884615384615385,0.2535885167464115,0.22564102564102564,0.3875,0.28921568627450983,0.25826771653543307,0.271585557299843,0.22749590834697217,0.3106796116504854,0.14215686274509803,0.2599337748344371,0.25,0.3201320132013201,0.25884244372990356,0.24232081911262798,0.13666666666666666,0.3317901234567901,0.16355140186915887,0.2724358974358974,0.13548387096774195,0.23190789473684212,0.250386398763524,0.2346456692913386,0.1792452830188679,0.3481848184818482,0.2390625,0.2287480680061824,0.2528,0.2656,0.20733652312599682,0.18045112781954886,0.3078149920255183,0.27447833065810595,0.2731788079470199,0.15224358974358973,0.2715008431703204,0.21958925750394945,0.2358642972536349,0.2411467116357504,0.2743221690590112,0.2278688524590164,0.25894378194207834,0.325,0.19138755980861244,0.28311258278145696,0.1936,0.22644628099173553,0.22427035330261136,0.2669826224328594,0.26138279932546377,0.32315112540192925,0.30078740157480316,0.17944535073409462,0.13667820069204153,0.19773095623987033,0.28343949044585987,0.3129139072847682,0.32457496136012365,0.2325925925925926,0.29549248747913187,0.296998420221169,0.25158227848101267,0.29199372056514916,0.21875,0.3190789473684211,0.20695364238410596,0.28019323671497587,0.23333333333333334,0.22628951747088186,0.2885496183206107,0.19630872483221476,0.1718494271685761,0.3250825082508251,0.2540453074433657,0.20310077519379846,0.23667711598746083,0.32166666666666666,0.17482517482517482,0.17482517482517482,0.20615384615384616,0.27768860353130015,0.2687296416938111,0.12903225806451613,0.27346278317152106,0.3441033925686591,0.3344103392568659,0.2777777777777778,0.1264559068219634,0.17165354330708663,0.22757475083056478,0.24143835616438356,0.24115755627009647,0.30201342281879195,0.30064308681672025,0.2356687898089172,0.10440456769983687,0.27102803738317754,0.3370967741935484,0.3642276422764228,0.1819620253164557,0.2214765100671141,0.27821939586645467,0.26688102893890675,0.30132450331125826,0.2016260162601626,0.27956989247311825,0.18032786885245902,0.15132605304212168,0.15436241610738255,0.31993299832495814,0.2561174551386623,0.2520064205457464,0.31761006289308175,0.31781701444622795,0.3194888178913738,0.24096385542168675,0.3360258481421648,0.28805237315875615,0.2566510172143975,0.2731629392971246,0.3178036605657238,0.32371794871794873,0.33695652173913043,0.20955315870570107,0.14779874213836477,0.18847352024922118,0.24834437086092714,0.20922570016474465,0.295221843003413,0.2733333333333333,0.23289902280130292,0.20063694267515925,0.22795341098169716,0.38362760834670945,0.23595505617977527,0.23696682464454977,0.23725834797891038,0.2766990291262136,0.3223684210526316,0.30618892508143325,0.19663865546218487,0.19598765432098766,0.222397476340694,0.2850609756097561,0.15629984051036683,0.2296416938110749,0.2427652733118971,0.11746522411128284,0.2652733118971061,0.26953748006379585,0.18739635157545606,0.25732899022801303,0.28728414442700156,0.22427035330261136,0.18446601941747573,0.2838283828382838,0.26121794871794873,0.16748768472906403,0.21806853582554517,0.22697368421052633,0.24285714285714285,0.3447251114413076,0.27602523659305994,0.20193861066235863,0.28792569659442724,0.2417910447761194,0.2032258064516129,0.27488151658767773,0.25,0.32213740458015266,0.20826446280991737,0.22906793048973143,0.3494539781591264,0.21462639109697934,0.25308641975308643,0.3106796116504854
2020,1,9,prevalence,0.18475073313782991,0.3036565977742448,0.31695721077654515,0.34375,0.20909090909090908,0.2961240310077519,0.2384,0.2954898911353033,0.37479806138933763,0.18956521739130436,0.22112211221122113,0.2251655629139073,0.20695102685624012,0.39570552147239263,0.225,0.16181229773462782,0.31521739130434784,0.15614617940199335,0.30201342281879195,0.24,0.23880597014925373,0.2786377708978328,0.2558139534883721,0.2711598746081505,0.24960505529225907,0.19173553719008266,0.2345890410958904,0.39781591263650545,0.21753246753246752,0.2234375,0.3427230046948357,0.23578595317725753,0.3059581320450886,0.21475409836065573,0.25081967213114753,0.28637770897832815,0.3804878048780488,0.24838709677419354,0.2602739726027397,0.15228426395939088,0.3864353312302839,0.167192429022082,0.25040387722132473,0.2262295081967213,0.2098138747884941,0.29577464788732394,0.19722650231124808,0.25961538461538464,0.34359805510534847,0.21951219512195122,0.24434389140271492,0.31528662420382164,0.24917491749174916,0.20632279534109818,0.2096273291925466,0.37360890302066774,0.23482428115015974,0.3387358184764992,0.20717781402936378,0.33884297520661155,0.22148760330578512,0.28078817733990147,0.2809364548494983,0.3275862068965517,0.22294022617124395,0.2547332185886403,0.3038397328881469,0.2739059967585089,0.27435064935064934,0.18137254901960784,0.21788617886178863,0.1935483870967742,0.21337579617834396,0.2956381260096931,0.3278955954323002,0.25,0.16693944353518822,0.1623931623931624,0.21236133122028525,0.29790660225442833,0.332220367278798,0.4052388289676425,0.2648401826484018,0.3649754500818331,0.29372937293729373,0.32142857142857145,0.2864,0.30559757942511345,0.2829581993569132,0.22552447552447552,0.2920634920634921,0.2781569965870307,0.2973421926910299,0.2929745889387145,0.28642384105960267,0.18770226537216828,0.43601895734597157,0.31121642969984203,0.2903225806451613,0.27821939586645467,0.2947019867549669,0.20034843205574912,0.20034843205574912,0.36808846761453395,0.27993527508090615,0.3209677419354839,0.1259600614439324,0.28548123980424145,0.4258064516129032,0.31758957654723124,0.23731587561374795,0.1492776886035313,0.1990521327014218,0.27545909849749584,0.2281303602058319,0.3370429252782194,0.2998324958123953,0.40649149922720246,0.26257861635220126,0.09967320261437909,0.22137404580152673,0.4214876033057851,0.37643207855973815,0.1653290529695024,0.2973421926910299,0.31839258114374036,0.27049180327868855,0.4084033613445378,0.18092105263157895,0.2328767123287671,0.15797317436661698,0.14126984126984127,0.14309484193011648,0.26013513513513514,0.24437299035369775,0.35515548281505727,0.26257861635220126,0.35524256651017216,0.290625,0.2746585735963581,0.3412322274881517,0.3086816720257235,0.28169014084507044,0.2966507177033493,0.32663316582914576,0.3401898734177215,0.2630769230769231,0.23400936037441497,0.19808306709265175,0.1794071762870515,0.25040650406504067,0.2294022617124394,0.24496644295302014,0.27759197324414714,0.2625607779578606,0.23948220064724918,0.2785234899328859,0.40189873417721517,0.2751572327044025,0.21153846153846154,0.3391915641476274,0.26973684210526316,0.4878048780487805,0.24796084828711257,0.2205128205128205,0.30670926517571884,0.29347826086956524,0.30474732006125577,0.224,0.22926829268292684,0.31789137380191695,0.15789473684210525,0.30963665086887837,0.472,0.16946308724832215,0.2687813021702838,0.2336448598130841,0.26456692913385826,0.19933554817275748,0.26644736842105265,0.25779967159277506,0.32679738562091504,0.18454258675078863,0.22150882825040127,0.2491961414790997,0.3293233082706767,0.17573872472783825,0.222397476340694,0.3691376701966717,0.2961832061068702,0.173015873015873,0.28821656050955413,0.27435064935064934,0.3231240428790199,0.2512479201331115,0.346031746031746,0.4,0.23089430894308943,0.27666151468315303,0.30201342281879195
2021,1,9,prevalence,0.17065868263473055,0.3421461897356143,0.361198738170347,0.3656597774244833,0.19319938176197837,0.27095808383233533,0.22015503875968992,0.31375579598145287,0.3213166144200627,0.2879858657243816,0.3047619047619048,0.19392917369308602,0.20031796502384738,0.3852080123266564,0.23948220064724918,0.12658227848101267,0.419811320754717,0.2042833607907743,0.2605042016806723,0.22887864823348694,0.228099173553719,0.33650793650793653,0.33658536585365856,0.25908372827804105,0.2822966507177033,0.16719745222929935,0.23051409618573798,0.41451612903225804,0.2483766233766234,0.24074074074074073,0.3515981735159817,0.22126929674099485,0.27424749163879597,0.2792207792207792,0.2762063227953411,0.24088748019017434,0.3476764199655766,0.2407108239095315,0.2727272727272727,0.2158154859967051,0.40253565768621236,0.17432646592709986,0.260655737704918,0.24414715719063546,0.1649659863945578,0.3302180685358255,0.16380655226209048,0.3370429252782194,0.35714285714285715,0.19902912621359223,0.2323076923076923,0.3113964686998395,0.2134453781512605,0.17128874388254486,0.19490254872563717,0.30757097791798105,0.2576985413290113,0.3333333333333333,0.20854700854700856,0.2830508474576271,0.17927631578947367,0.3126050420168067,0.2895622895622896,0.3074484944532488,0.19435215946843853,0.24503311258278146,0.3808724832214765,0.3288590604026846,0.3442088091353997,0.15323854660347552,0.21617161716171618,0.21375186846038863,0.2535885167464115,0.3011093502377179,0.4006514657980456,0.21752738654147105,0.18257956448911222,0.1765704584040747,0.21405750798722045,0.34991974317817015,0.3891625615763547,0.4214618973561431,0.322884012539185,0.3919354838709677,0.27741935483870966,0.328881469115192,0.23895253682487724,0.4088145896656535,0.21782178217821782,0.2623239436619718,0.35406698564593303,0.35960591133004927,0.28907563025210087,0.2891566265060241,0.3272425249169435,0.2077922077922078,0.5,0.3541666666666667,0.31259968102073366,0.25199362041467305,0.2742200328407225,0.3361774744027304,0.3361774744027304,0.42276422764227645,0.2777777777777778,0.2917316692667707,0.1608832807570978,0.3117744610281924,0.445,0.4015503875968992,0.19801980198019803,0.18740157480314962,0.22843450479233227,0.347682119205298,0.33446519524617996,0.30062305295950154,0.28620689655172415,0.353968253968254,0.3146417445482866,0.08571428571428572,0.234472049689441,0.3127035830618892,0.4115702479338843,0.18137254901960784,0.3756177924217463,0.3163751987281399,0.24473257698541329,0.4782608695652174,0.18387096774193548,0.22018348623853212,0.13221884498480244,0.14790996784565916,0.16202945990180032,0.2593856655290102,0.25771604938271603,0.3814935064935065,0.2608695652173913,0.3873456790123457,0.2746031746031746,0.27202472952086554,0.35646687697160884,0.35515548281505727,0.3328025477707006,0.24603174603174602,0.29482758620689653,0.2818471337579618,0.225114854517611,0.2148626817447496,0.20388349514563106,0.2202572347266881,0.2372322899505766,0.24454828660436137,0.214168039538715,0.3076923076923077,0.27813504823151125,0.27330173775671407,0.39008264462809916,0.3312302839116719,0.35392320534223703,0.18524590163934426,0.4864864864864865,0.2087378640776699,0.5025125628140703,0.2884310618066561,0.19,0.4194577352472089,0.334375,0.208398133748056,0.18553459119496854,0.19704433497536947,0.36858475894245724,0.16149068322981366,0.27823240589198034,0.5866454689984102,0.1717171717171717,0.28821656050955413,0.25873015873015875,0.26489028213166144,0.23509369676320271,0.2464,0.2407108239095315,0.613747954173486,0.1987179487179487,0.19743178170144463,0.22077922077922077,0.3266871165644172,0.15132605304212168,0.250386398763524,0.3495440729483283,0.30615384615384617,0.19595645412130638,0.2621359223300971,0.31795716639209226,0.3643533123028391,0.2902155887230514,0.36490683229813664,0.5325077399380805,0.23577235772357724,0.2647058823529412,0.2574750830564784
2022,1,9,prevalence,0.1598173515981735,0.41304347826086957,0.4301587301587302,0.3285024154589372,0.22727272727272727,0.2578241430700447,0.18152866242038215,0.36628849270664504,0.3646322378716745,0.3016157989228007,0.42096774193548386,0.24509803921568626,0.26461038961038963,0.3942161339421613,0.31107491856677527,0.14088820826952528,0.3962558502340094,0.28115015974440893,0.16415410385259632,0.2359375,0.2098360655737705,0.4551386623164764,0.39834710743801655,0.25996810207336524,0.2743801652892562,0.1492063492063492,0.2459016393442623,0.5642737896494157,0.30392156862745096,0.26521060842433697,0.2896341463414634,0.33444259567387685,0.27993527508090615,0.3555926544240401,0.30267558528428096,0.2824074074074074,0.3120689655172414,0.18152866242038215,0.2976588628762542,0.33962264150943394,0.43690851735015773,0.17567567567567569,0.2512,0.3333333333333333,0.13310580204778158,0.37111801242236025,0.1813953488372093,0.45483870967741935,0.3697068403908795,0.16613418530351437,0.20610687022900764,0.2940226171243942,0.20431893687707642,0.1728,0.19423368740515934,0.28298887122416533,0.35170178282009723,0.39509954058192953,0.36993243243243246,0.3211314475873544,0.17966101694915254,0.27631578947368424,0.3082191780821918,0.3586626139817629,0.20525451559934318,0.25848142164781907,0.46063651591289784,0.6074450084602369,0.33607907742998355,0.17432646592709986,0.20033112582781457,0.2155688622754491,0.2480252764612954,0.3052147239263804,0.5096463022508039,0.2638888888888889,0.25,0.2768166089965398,0.20222929936305734,0.49047619047619045,0.5141903171953256,0.42566510172143973,0.3200636942675159,0.4888888888888889,0.3113673805601318,0.35609756097560974,0.19528619528619529,0.4036979969183359,0.17081260364842454,0.36347197106690776,0.4810126582278481,0.45799011532125206,0.38571428571428573,0.3201820940819423,0.3054662379421222,0.3235294117647059,0.5499231950844854,0.48881789137380194,0.26148969889064977,0.23348694316436253,0.34527687296416937,0.5345699831365935,0.5345699831365935,0.46166134185303515,0.2934609250398724,0.30063291139240506,0.35526315789473684,0.27712854757929883,0.4680511182108626,0.30454545454545456,0.27495908346972175,0.5273311897106109,0.24006359300476948,0.43729903536977494,0.40235690235690236,0.3161189358372457,0.3310696095076401,0.20865533230293662,0.3114241001564945,0.08150470219435736,0.3141025641025641,0.28502415458937197,0.5422077922077922,0.21324717285945072,0.4110738255033557,0.24921135646687698,0.2585669781931464,0.48355263157894735,0.18341307814992025,0.21550387596899226,0.12074303405572756,0.22203947368421054,0.20491803278688525,0.21869782971619364,0.29967948717948717,0.44461538461538463,0.1750841750841751,0.35834609494640124,0.30757097791798105,0.33753943217665616,0.3376413570274637,0.3360128617363344,0.3403225806451613,0.3218210361067504,0.24957264957264957,0.3562300319488818,0.24393939393939393,0.2403846153846154,0.2259083728278041,0.2747068676716918,0.20904836193447737,0.3808,0.24798711755233493,0.4083333333333333,0.4077519379844961,0.417910447761194,0.37,0.3619047619047619,0.4612903225806452,0.24673202614379086,0.6474576271186441,0.208955223880597,0.5474209650582362,0.3161189358372457,0.23938879456706283,0.6299342105263158,0.3083969465648855,0.1871069182389937,0.25199362041467305,0.21202003338898165,0.4799382716049383,0.3126984126984127,0.3790322580645161,0.647887323943662,0.15397350993377484,0.2468553459119497,0.2762345679012346,0.34316770186335405,0.2869269949066214,0.2759170653907496,0.26570048309178745,0.4868421052631579,0.15336463223787167,0.2528548123980424,0.22959183673469388,0.41654135338345866,0.1419457735247209,0.369969040247678,0.4058641975308642,0.3323076923076923,0.197869101978691,0.21553090332805072,0.32059800664451826,0.40062597809076683,0.24958123953098826,0.29107981220657275,0.5141509433962265,0.22570532915360503,0.33990895295902884,0.25
2023,1,9,prevalence,0.17791411042944785,0.3460949464012251,0.3767885532591415,0.28012519561815336,0.25229357798165136,0.2118003025718608,0.18985270049099837,0.38164251207729466,0.33748055987558323,0.35911602209944754,0.4025764895330113,0.34894991922455576,0.2641509433962264,0.3378582202111614,0.3355155482815057,0.20610687022900764,0.38198757763975155,0.31974921630094044,0.15736040609137056,0.3236196319018405,0.22504230118443316,0.3905996758508914,0.42810457516339867,0.2964169381107492,0.25118483412322273,0.16535433070866143,0.30244755244755245,0.5083333333333333,0.38235294117647056,0.3070739549839228,0.34167893961708395,0.5453047775947282,0.28526148969889065,0.42028985507246375,0.24874791318864775,0.30171073094867806,0.26986754966887416,0.30660377358490565,0.3096446700507614,0.47003154574132494,0.4,0.2251655629139073,0.352112676056338,0.3457792207792208,0.1111111111111111,0.3242811501597444,0.19815668202764977,0.4493464052287582,0.3333333333333333,0.25157232704402516,0.24260355029585798,0.2955271565495208,0.29079159935379645,0.23076923076923078,0.2087227414330218,0.24483306836248012,0.43870967741935485,0.369969040247678,0.48925619834710743,0.3447098976109215,0.23076923076923078,0.21617161716171618,0.4131147540983607,0.4370257966616085,0.2508361204013378,0.3161290322580645,0.41680395387149916,0.5442404006677797,0.2247557003257329,0.5154798761609907,0.19765494137353434,0.24522760646108663,0.2751572327044025,0.3267175572519084,0.47315436241610737,0.21283255086071987,0.44019138755980863,0.5051724137931034,0.2096,0.5195439739413681,0.5876460767946577,0.3678516228748068,0.38301282051282054,0.3654434250764526,0.3333333333333333,0.3360522022838499,0.23361344537815126,0.3984251968503937,0.1781701444622793,0.4450354609929078,0.5411392405063291,0.4180602006688963,0.40345368916797486,0.4386503067484663,0.3987138263665595,0.5245901639344263,0.45248868778280543,0.5414634146341464,0.2779552715654952,0.22290076335877862,0.4113821138211382,0.5166666666666667,0.5166666666666667,0.45819935691318325,0.4177215189873418,0.2775974025974026,0.6547231270358306,0.30258899676375406,0.4453507340946166,0.3161094224924012,0.2893401015228426,0.6796747967479675,0.29595015576323985,0.34318555008210183,0.348993288590604,0.2434915773353752,0.4825291181364393,0.3108728943338438,0.39089481946624804,0.13968253968253969,0.25161290322580643,0.2854838709677419,0.4865771812080537,0.2864,0.2791461412151067,0.24881141045958796,0.3281004709576138,0.4967845659163987,0.21044303797468356,0.1774960380348653,0.16,0.31451612903225806,0.3248811410459588,0.24777183600713013,0.31832298136645965,0.3053435114503817,0.19699499165275458,0.24922600619195046,0.2985781990521327,0.5347003154574133,0.35173501577287064,0.3333333333333333,0.3261943986820428,0.326625386996904,0.24534686971235195,0.44648318042813456,0.2169230769230769,0.3154471544715447,0.1734860883797054,0.28822495606326887,0.1896551724137931,0.615506329113924,0.29652996845425866,0.5382113821138211,0.3787638668779715,0.40460526315789475,0.2200328407224959,0.3333333333333333,0.5079872204472844,0.32405891980360063,0.4229452054794521,0.27304347826086955,0.4991568296795953,0.2764612954186414,0.355,0.5133333333333333,0.29245283018867924,0.18252730109204368,0.33175355450236965,0.20504201680672268,0.6119631901840491,0.622792937399679,0.4464,0.5007923930269413,0.209106239460371,0.22169811320754718,0.2543720190779014,0.2884012539184953,0.32300163132137033,0.266347687400319,0.2990506329113924,0.3705501618122977,0.14241001564945227,0.3024390243902439,0.19439868204283361,0.4823348694316436,0.14960629921259844,0.4687975646879756,0.40888208269525267,0.33689024390243905,0.21646341463414634,0.2048780487804878,0.29200652528548127,0.39755351681957185,0.25295109612141653,0.2720125786163522,0.42,0.2062992125984252,0.3665086887835703,0.36379928315412186
2024,1,9,prevalence,0.22647527910685805,0.30568356374807987,0.2730210016155089,0.1826771653543307,0.2222222222222222,0.2037037037037037,0.20032310177705978,0.3258785942492013,0.26515151515151514,0.26865671641791045,0.28955696202531644,0.32761310452418096,0.28731942215088285,0.2590909090909091,0.32901134521880065,0.2728658536585366,0.3257918552036199,0.2958860759493671,0.20954003407155025,0.3101851851851852,0.22948073701842547,0.3523809523809524,0.3301282051282051,0.28711256117455136,0.25162337662337664,0.17061611374407584,0.3711864406779661,0.39232053422370616,0.32405891980360063,0.3246753246753247,0.3440702781844802,0.41467576791808874,0.2586750788643533,0.297029702970297,0.26644182124789206,0.2914653784219002,0.22833333333333333,0.3646322378716745,0.30132450331125826,0.42789223454833597,0.2814569536423841,0.25752508361204013,0.3637795275590551,0.26375404530744334,0.08637873754152824,0.2028301886792453,0.21226415094339623,0.35833333333333334,0.3293310463121784,0.34022257551669316,0.27844311377245506,0.31974921630094044,0.3238095238095238,0.267741935483871,0.2118380062305296,0.1921259842519685,0.39692307692307693,0.3023255813953488,0.37268128161888703,0.30807248764415157,0.24918032786885247,0.19444444444444445,0.36807817589576547,0.3915756630265211,0.3158756137479542,0.28955696202531644,0.252442996742671,0.4083333333333333,0.25662251655629137,0.5070643642072213,0.19898819561551434,0.2548148148148148,0.28322784810126583,0.23042168674698796,0.36661211129296234,0.22257551669316375,0.4,0.4297520661157025,0.2570093457943925,0.3540268456375839,0.4335548172757475,0.31911532385466035,0.3227848101265823,0.22445820433436534,0.2669826224328594,0.2766990291262136,0.3169491525423729,0.33987915407854985,0.16830065359477125,0.35517241379310344,0.4509493670886076,0.30944625407166126,0.2577639751552795,0.4335347432024169,0.2598684210526316,0.43618739903069464,0.37905604719764013,0.43106180665610144,0.2619047619047619,0.2353846153846154,0.43569131832797425,0.3526570048309179,0.3526570048309179,0.3623417721518987,0.4251592356687898,0.20793650793650795,0.4642289348171701,0.2800658978583196,0.3548387096774194,0.24582701062215478,0.3361774744027304,0.45819935691318325,0.37538940809968846,0.2857142857142857,0.30084033613445377,0.24031007751937986,0.44727891156462585,0.3166926677067083,0.3485342019543974,0.27580645161290324,0.222397476340694,0.238562091503268,0.4143835616438356,0.3689922480620155,0.25,0.2459807073954984,0.2807017543859649,0.3480392156862745,0.22452229299363058,0.18035426731078905,0.19444444444444445,0.32755905511811023,0.34534534534534533,0.19081272084805653,0.25535168195718655,0.28808446455505277,0.19572368421052633,0.2651162790697674,0.2984375,0.4068627450980392,0.29763779527559053,0.28434504792332266,0.1761827079934747,0.24074074074074073,0.2512820512820513,0.3969465648854962,0.1974921630094044,0.3547351524879615,0.22780569514237856,0.33447098976109213,0.15855572998430142,0.4868624420401855,0.32965299684542587,0.42258064516129035,0.3006134969325153,0.3027823240589198,0.2645161290322581,0.2875605815831987,0.3715170278637771,0.2627257799671593,0.34105960264900664,0.3275563258232236,0.4151260504201681,0.2904761904761905,0.3523489932885906,0.3473344103392569,0.24539877300613497,0.21818181818181817,0.32805071315372425,0.2637729549248748,0.38880248833592534,0.5181674565560821,0.37735849056603776,0.356120826709062,0.28500823723228996,0.20408163265306123,0.20032840722495895,0.20064205457463885,0.3103448275862069,0.24256651017214398,0.34177215189873417,0.26533996683250416,0.1202435312024353,0.3480392156862745,0.2639344262295082,0.352112676056338,0.21705426356589147,0.4253048780487805,0.3733974358974359,0.28851963746223563,0.2300469483568075,0.22033898305084745,0.2993527508090615,0.3328290468986384,0.21915584415584416,0.1962025316455696,0.2776073619631902,0.24044585987261147,0.3184,0.3660245183887916
2025,1,9,prevalence,0.2992248062015504,0.20588235294117646,0.19329073482428116,0.20496894409937888,0.2172573189522342,0.16692426584234932,0.17419354838709677,0.2632398753894081,0.24923076923076923,0.24772313296903462,0.24798711755233493,0.29283489096573206,0.3300813008130081,0.20673813169984687,0.24915254237288137,0.3106646058732612,0.29678362573099415,0.22136222910216719,0.21196581196581196,0.2828438948995363,0.2396694214876033,0.25728155339805825,0.24058919803600654,0.2564935064935065,0.27993779160186627,0.14677419354838708,0.33889816360601,0.32666666666666666,0.31475409836065577,0.3300970873786408,0.3103975535168196,0.33114754098360655,0.31974921630094044,0.25487012987012986,0.24666666666666667,0.24608150470219436,0.2484472049689441,0.4041204437400951,0.24242424242424243,0.3055555555555556,0.21166666666666667,0.2746710526315789,0.305993690851735,0.2231012658227848,0.06965174129353234,0.17546583850931677,0.24525316455696203,0.2598684210526316,0.22765598650927488,0.3088923556942278,0.2994011976047904,0.3675344563552833,0.26782884310618066,0.3762214983713355,0.19778481012658228,0.2062992125984252,0.39082278481012656,0.26540284360189575,0.2972972972972973,0.2644628099173554,0.2607204116638079,0.17218543046357615,0.34340222575516693,0.30153846153846153,0.3132137030995106,0.24149108589951376,0.273015873015873,0.32636655948553056,0.22961730449251247,0.44086021505376344,0.26655629139072845,0.31386861313868614,0.26120556414219476,0.22857142857142856,0.31699346405228757,0.22720247295208656,0.3289036544850498,0.3383838383838384,0.23333333333333334,0.30179445350734097,0.34959349593495936,0.23854660347551343,0.30923076923076925,0.21981424148606812,0.21935483870967742,0.19933554817275748,0.2814070351758794,0.2725880551301684,0.12151067323481117,0.25,0.3440514469453376,0.27722772277227725,0.22188449848024316,0.38729198184568836,0.2015873015873016,0.3327974276527331,0.34438040345821325,0.34768740031897927,0.26465927099841524,0.20093457943925233,0.38836477987421386,0.28343949044585987,0.28343949044585987,0.25662251655629137,0.3668261562998405,0.209375,0.310126582278481,0.28038897893030795,0.3223684210526316,0.24143302180685358,0.3322314049586777,0.37101910828025475,0.3987341772151899,0.2523809523809524,0.2425249169435216,0.17405063291139242,0.3768595041322314,0.23427672955974843,0.2610062893081761,0.37753510140405616,0.19435736677115986,0.18354430379746836,0.31153184165232356,0.3504823151125402,0.23370429252782193,0.18316831683168316,0.25236593059936907,0.2947882736156352,0.26198083067092653,0.1661392405063291,0.26299694189602446,0.2843601895734597,0.32618683001531396,0.19859402460456943,0.24036979969183359,0.21238938053097345,0.19696969696969696,0.2616822429906542,0.27229299363057324,0.3431372549019608,0.26521060842433697,0.314785373608903,0.14833333333333334,0.23076923076923078,0.30082644628099175,0.29770992366412213,0.2026359143327842,0.31545741324921134,0.20550161812297735,0.3149078726968174,0.20278637770897834,0.3972179289026275,0.2370486656200942,0.39080459770114945,0.2549618320610687,0.29064039408866993,0.23311897106109325,0.2743221690590112,0.2917933130699088,0.27895595432300163,0.30112721417069244,0.2633390705679862,0.3544093178036606,0.25232198142414863,0.3877221324717286,0.28019323671497587,0.2744186046511628,0.17294520547945205,0.2896,0.25862068965517243,0.27613104524180965,0.4231974921630094,0.2848101265822785,0.30049261083743845,0.271523178807947,0.15,0.2077922077922078,0.1715210355987055,0.23452768729641693,0.16267942583732056,0.3483670295489891,0.24196277495769883,0.10429447852760736,0.37658227848101267,0.2815533980582524,0.3105590062111801,0.2776073619631902,0.30149253731343284,0.284329563812601,0.18769230769230769,0.18553459119496854,0.2246153846153846,0.2942122186495177,0.29199372056514916,0.18488745980707397,0.19598765432098766,0.2252663622526636,0.25161290322580643,0.23417721518987342,0.3818493150684932
