Time,age_start,age_end,measure,draw_0,draw_1,draw_2,draw_3,draw_4,draw_5,draw_6,draw_7,draw_8,draw_9,draw_10,draw_11,draw_12,draw_13,draw_14,draw_15,draw_16,draw_17,draw_18,draw_19,draw_20,draw_21,draw_22,draw_23,draw_24,draw_25,draw_26,draw_27,draw_28,draw_29,draw_30,draw_31,draw_32,draw_33,draw_34,draw_35,draw_36,draw_37,draw_38,draw_39,draw_40,draw_41,draw_42,draw_43,draw_44,draw_45,draw_46,draw_47,draw_48,draw_49,draw_50,draw_51,draw_52,draw_53,draw_54,draw_55,draw_56,draw_57,draw_58,draw_59,draw_60,draw_61,draw_62,draw_63,draw_64,draw_65,draw_66,draw_67,draw_68,draw_69,draw_70,draw_71,draw_72,draw_73,draw_74,draw_75,draw_76,draw_77,draw_78,draw_79,draw_80,draw_81,draw_82,draw_83,draw_84,draw_85,draw_86,draw_87,draw_88,draw_89,draw_90,draw_91,draw_92,draw_93,draw_94,draw_95,draw_96,draw_97,draw_98,draw_99,draw_100,draw_101,draw_102,draw_103,draw_104,draw_105,draw_106,draw_107,draw_108,draw_109,draw_110,draw_111,draw_112,draw_113,draw_114,draw_115,draw_116,draw_117,draw_118,draw_119,draw_120,draw_121,draw_122,draw_123,draw_124,draw_125,draw_126,draw_127,draw_128,draw_129,draw_130,draw_131,draw_132,draw_133,draw_134,draw_135,draw_136,draw_137,draw_138,draw_139,draw_140,draw_141,draw_142,draw_143,draw_144,draw_145,draw_146,draw_147,draw_148,draw_149,draw_150,draw_151,draw_152,draw_153,draw_154,draw_155,draw_156,draw_157,draw_158,draw_159,draw_160,draw_161,draw_162,draw_163,draw_164,draw_165,draw_166,draw_167,draw_168,draw_169,draw_170,draw_171,draw_172,draw_173,draw_174,draw_175,draw_176,draw_177,draw_178,draw_179,draw_180,draw_181,draw_182,draw_183,draw_184,draw_185,draw_186,draw_187,draw_188,draw_189,draw_190,draw_191,draw_192,draw_193,draw_194,draw_195,draw_196,draw_197,draw_198,draw_199
1996,1,9,prevalence,0.2345132743362832,0.014577259475218658,0.024154589371980676,0.0828125,0.09271523178807947,0.1380952380952381,0.16818181818181818,0.0,0.06656346749226007,0.152276295133438,0.08828250401284109,0.21621621621621623,0.07727975270479134,0.1216,0.1056547619047619,0.03179650238473768,0.13746223564954682,0.1407035175879397,0.08702791461412152,0.06784660766961652,0.10526315789473684,0.13228346456692913,0.09202453987730061,0.10122699386503067,0.10248447204968944,0.2529585798816568,0.08957654723127036,0.11419753086419752,0.1094224924012158,0.2527646129541864,0.18153846153846154,0.18696397941680962,0.19504643962848298,0.14331210191082802,0.18847352024922118,0.07321131447587355,0.20251177394034536,0.20251177394034536,0.13787878787878788,0.14653784219001612,0.13628899835796388,0.06871345029239766,0.24414715719063546,0.11791730474732007,0.0662557781201849,0.07418856259659969,0.23157894736842105,0.09212481426448738,0.12868217054263567,0.24884080370942813,0.19547657512116318,0.07547169811320754,0.1907790143084261,0.036303630363036306,0.07993730407523511,0.23125,0.292358803986711,0.1553398058252427,0.12238325281803543,0.10606060606060606,0.13458528951486698,0.23751891074130105,0.060092449922958396,0.011844331641285956,0.03759398496240601,0.07739938080495357,0.06646525679758308,0.13064516129032258,0.10105580693815988,0.17004680187207488,0.22137404580152673,0.18796992481203006,0.17666666666666667,0.0571870170015456,0.20155038759689922,0.12355848434925865,0.16012558869701726,0.13592233009708737,0.06859756097560976,0.11446740858505565,0.05663430420711974,0.07777777777777778,0.17682926829268292,0.20336134453781513,0.3141122913505311,0.16153846153846155,0.1029641185647426,0.040453074433656956,0.06557377049180328,0.012698412698412698,0.21377331420373027,0.20222929936305734,0.20031796502384738,0.27469135802469136,0.15723270440251572,0.1642512077294686,0.16417910447761194,0.10298507462686567,0.1563467492260062,0.12006578947368421,0.048,0.12006319115323855,0.13833333333333334,0.1116584564860427,0.17986798679867988,0.11204013377926421,0.10866141732283464,0.107981220657277,0.06984126984126984,0.11024844720496894,0.04746835443037975,0.01594896331738437,0.12841091492776885,0.090311986863711,0.04272151898734177,0.12933753943217666,0.15692821368948248,0.14432989690721648,0.16091954022988506,0.03343949044585987,0.17540983606557378,0.08503937007874016,0.011824324324324325,0.011824324324324325,0.43613707165109034,0.11464968152866242,0.050590219224283306,0.15421303656597773,0.14803149606299212,0.08636363636363636,0.08636363636363636,0.12903225806451613,0.12074829931972789,0.11494252873563218,0.2537764350453172,0.25297619047619047,0.11884057971014493,0.06976744186046512,0.08620689655172414,0.08398133748055987,0.07621951219512195,0.07462686567164178,0.19370078740157481,0.08427876823338736,0.22115384615384615,0.2829581993569132,0.23355263157894737,0.1791530944625407,0.09333333333333334,0.093603744149766,0.1043338683788122,0.11700468018720749,0.3748006379585327,0.13043478260869565,0.0847953216374269,0.2225705329153605,0.11480865224625623,0.14918759231905465,0.09932659932659933,0.17504051863857376,0.06420545746388442,0.1254180602006689,0.10876132930513595,0.09018987341772151,0.2173202614379085,0.07974481658692185,0.12258064516129032,0.1289308176100629,0.13517915309446255,0.1111111111111111,0.07526881720430108,0.24237560192616373,0.14027149321266968,0.11848341232227488,0.1510574018126888,0.16174183514774496,0.15535444947209653,0.1618320610687023,0.08188976377952756,0.2120253164556962,0.08856682769726248,0.1836734693877551,0.11773700305810397,0.07692307692307693,0.21333333333333335,0.23645320197044334,0.20616883116883117,0.12965964343598055,0.09001636661211129,0.18660287081339713,0.11477987421383648,0.17834394904458598,0.23696682464454977,0.09523809523809523,0.05672609400324149,0.07441860465116279,0.12518853695324283,0.1743119266055046,0.29652042360060515,0.04227642276422764
1997,1,9,prevalence,0.22103658536585366,0.037091988130563795,0.028523489932885907,0.1024390243902439,0.062388591800356503,0.1772357723577236,0.23778501628664495,0.0,0.07472178060413355,0.1,0.08760330578512397,0.2846270928462709,0.10076335877862595,0.10361842105263158,0.05660377358490566,0.0630048465266559,0.13383458646616542,0.16610169491525423,0.0817391304347826,0.06431852986217458,0.11822660098522167,0.11735537190082644,0.13001605136436598,0.14401294498381878,0.11708860759493671,0.23728813559322035,0.10623946037099494,0.10452418096723869,0.13312693498452013,0.2908496732026144,0.18314424635332252,0.263986013986014,0.30126182965299686,0.18456375838926176,0.18433931484502447,0.08131487889273356,0.20234113712374582,0.20234113712374582,0.19169329073482427,0.15780445969125215,0.15,0.09347181008902077,0.2117039586919105,0.19773095623987033,0.05071315372424723,0.10223642172523961,0.30625,0.13808801213960548,0.17398119122257052,0.26452599388379205,0.2195540308747856,0.0967741935483871,0.13628899835796388,0.06115702479338843,0.13884297520661157,0.17666666666666667,0.300509337860781,0.10517799352750809,0.21555915721231766,0.1841680129240711,0.13924050632911392,0.2704,0.0463258785942492,0.025466893039049237,0.04072398190045249,0.06201550387596899,0.049019607843137254,0.17024793388429751,0.20634920634920634,0.20812182741116753,0.2140625,0.28225806451612906,0.1416382252559727,0.08188976377952756,0.18030050083472454,0.12520868113522537,0.1808,0.11282051282051282,0.08990536277602523,0.1371900826446281,0.05245901639344262,0.061872909698996656,0.23875968992248062,0.1724709784411277,0.20952380952380953,0.208,0.11764705882352941,0.046822742474916385,0.07130730050933787,0.011627906976744186,0.21375186846038863,0.18561872909698995,0.24288107202680068,0.26186830015313933,0.1285475792988314,0.20228384991843393,0.12557427258805512,0.07779578606158834,0.1597444089456869,0.15497553017944535,0.08752025931928688,0.2296416938110749,0.16151202749140894,0.12647554806070826,0.20168067226890757,0.11206896551724138,0.15309446254071662,0.15100671140939598,0.07142857142857142,0.08450704225352113,0.05592105263157895,0.014705882352941176,0.1360544217687075,0.13793103448275862,0.04326123128119801,0.08443708609271523,0.19478260869565217,0.15716486902927582,0.20097244732576985,0.0361247947454844,0.17298187808896212,0.10543657331136738,0.01854974704890388,0.01854974704890388,0.30307941653160453,0.0728476821192053,0.053475935828877004,0.20655737704918034,0.18932038834951456,0.08931419457735247,0.08931419457735247,0.12950819672131147,0.1245674740484429,0.1226890756302521,0.2248062015503876,0.24884080370942813,0.13692307692307693,0.06070287539936102,0.0782472613458529,0.11813643926788686,0.07301587301587302,0.07919254658385093,0.2173202614379085,0.09866220735785954,0.18739635157545606,0.2826086956521739,0.19204152249134948,0.2305194805194805,0.07822085889570553,0.09437086092715231,0.15736040609137056,0.13406940063091483,0.3411764705882353,0.10912052117263844,0.11692307692307692,0.1946624803767661,0.1551433389544688,0.14375987361769352,0.10756302521008404,0.29079159935379645,0.07419898819561552,0.11452991452991453,0.16614420062695925,0.07643312101910828,0.23278688524590163,0.1152,0.1064891846921797,0.1488,0.16612903225806452,0.1696,0.08934169278996865,0.30220713073005095,0.15654952076677317,0.1444805194805195,0.12368024132730016,0.16610738255033558,0.13395638629283488,0.14645669291338584,0.09016393442622951,0.1533442088091354,0.06607142857142857,0.20222929936305734,0.180623973727422,0.11596638655462185,0.28188976377952757,0.18833333333333332,0.18274111675126903,0.12685337726523888,0.07445008460236886,0.19087837837837837,0.07936507936507936,0.19745222929936307,0.18548387096774194,0.11930926216640503,0.08196721311475409,0.06320907617504051,0.1480891719745223,0.1590909090909091,0.30128205128205127,0.04498269896193772
1998,1,9,prevalence,0.1935483870967742,0.04525547445255475,0.045075125208681135,0.11363636363636363,0.045774647887323945,0.17252396166134185,0.26533996683250416,0.0,0.059748427672955975,0.1024,0.0891089108910891,0.20336391437308868,0.1021671826625387,0.048494983277591976,0.04807692307692308,0.09968354430379747,0.14349775784753363,0.1353637901861252,0.07241379310344828,0.05271317829457364,0.1734860883797054,0.0978441127694859,0.12861736334405144,0.14262820512820512,0.12248062015503876,0.28639240506329117,0.07095709570957096,0.11353032659409021,0.14350453172205438,0.29307568438003223,0.1685214626391097,0.25689655172413794,0.33056478405315615,0.2528548123980424,0.1505922165820643,0.06292517006802721,0.17142857142857143,0.17142857142857143,0.20161290322580644,0.20833333333333334,0.15136054421768708,0.09692307692307692,0.15422885572139303,0.23479729729729729,0.04692556634304207,0.13333333333333333,0.2916666666666667,0.11370716510903427,0.21518987341772153,0.3237639553429027,0.24486301369863014,0.11282051282051282,0.0628099173553719,0.06260296540362438,0.1088,0.141156462585034,0.24715447154471545,0.09854604200323101,0.2707641196013289,0.20543293718166383,0.16859504132231404,0.2649434571890145,0.05175292153589316,0.01669449081803005,0.043154761904761904,0.06299212598425197,0.0628099173553719,0.19934102141680396,0.34235668789808915,0.17235494880546076,0.22067901234567902,0.25990491283676703,0.08896210873146623,0.06687402799377916,0.17803660565723795,0.1493288590604027,0.23848684210526316,0.10824742268041238,0.13406940063091483,0.1877076411960133,0.04152823920265781,0.04746317512274959,0.20684292379471228,0.17405582922824303,0.20952380952380953,0.3161993769470405,0.1596774193548387,0.05,0.09475465313028765,0.013157894736842105,0.18796992481203006,0.15206611570247933,0.34359805510534847,0.2854984894259819,0.13087248322147652,0.29052969502407705,0.0989010989010989,0.11382113821138211,0.2310177705977383,0.14214046822742474,0.0889967637540453,0.27166666666666667,0.20341880341880342,0.1565217391304348,0.20882852292020374,0.14052287581699346,0.13911620294599017,0.17546848381601363,0.06771653543307087,0.10110584518167456,0.05582137161084529,0.021739130434782608,0.18244406196213425,0.17281879194630873,0.10603588907014681,0.13527397260273974,0.19055944055944055,0.22065727699530516,0.1533442088091354,0.03481012658227848,0.18627450980392157,0.1188118811881188,0.02027027027027027,0.02027027027027027,0.21256038647342995,0.06168831168831169,0.08061749571183534,0.1607717041800643,0.2857142857142857,0.12480499219968799,0.12480499219968799,0.14052287581699346,0.19932998324958123,0.14357262103505844,0.19938176197836166,0.18506998444790046,0.08801213960546282,0.07142857142857142,0.08,0.10756302521008404,0.11237785016286644,0.059654631083202514,0.2619047619047619,0.08117443868739206,0.15711947626841244,0.34959349593495936,0.18561872909698995,0.2348993288590604,0.103125,0.10180623973727422,0.18274111675126903,0.1870967741935484,0.21112929623567922,0.08225806451612903,0.13707165109034267,0.16692913385826771,0.1497504159733777,0.13446676970633695,0.137221269296741,0.257001647446458,0.08934707903780069,0.12583892617449666,0.20123839009287925,0.07740916271721959,0.2645161290322581,0.20097244732576985,0.10149750415973377,0.16375198728139906,0.16639477977161501,0.25122349102773245,0.08742331288343558,0.2593856655290102,0.12721417069243157,0.16429699842022116,0.10708661417322834,0.18357487922705315,0.14331210191082802,0.1787974683544304,0.09719934102141681,0.1,0.04195804195804196,0.17405582922824303,0.29545454545454547,0.266553480475382,0.3312,0.14942528735632185,0.1570945945945946,0.08103727714748785,0.06689536878216124,0.2545454545454545,0.0840064620355412,0.22824302134646962,0.1751227495908347,0.12903225806451613,0.09672131147540984,0.07507987220447285,0.15118110236220472,0.14634146341463414,0.2927215189873418,0.059336823734729496
1999,1,9,prevalence,0.1634182908545727,0.0637037037037037,0.049019607843137254,0.1498371335504886,0.06735751295336788,0.16129032258064516,0.2996632996632997,0.0,0.06624605678233439,0.125,0.10880829015544041,0.19236641221374046,0.14307692307692307,0.03697478991596639,0.05663430420711974,0.13069908814589665,0.13023952095808383,0.12563667232597622,0.06468531468531469,0.0641025641025641,0.1984126984126984,0.10238907849829351,0.1321656050955414,0.18092105263157895,0.1046875,0.28298887122416533,0.08731466227347612,0.1495176848874598,0.17018072289156627,0.27184466019417475,0.16666666666666666,0.2671118530884808,0.319935691318328,0.24878048780487805,0.17549668874172186,0.07504078303425775,0.16996699669966997,0.16996699669966997,0.1925566343042071,0.23833333333333334,0.2195540308747856,0.16104294478527606,0.19865319865319866,0.3293918918918919,0.04662379421221865,0.15495207667731628,0.23400936037441497,0.1564945226917058,0.2698412698412698,0.28139904610492844,0.2762063227953411,0.09466437177280551,0.05536912751677853,0.08169934640522876,0.11056910569105691,0.13752122241086587,0.21647819063004847,0.08018867924528301,0.2724306688417618,0.2659758203799655,0.17683881064162754,0.23285486443381181,0.026845637583892617,0.006622516556291391,0.03785488958990536,0.06656346749226007,0.043478260869565216,0.2146341463414634,0.38778877887788776,0.1480836236933798,0.18524332810047095,0.2256,0.07890222984562607,0.05845181674565561,0.22625215889464595,0.12274959083469722,0.25496688741721857,0.21612349914236706,0.15062111801242237,0.19166666666666668,0.08013355592654424,0.054098360655737705,0.1962025316455696,0.27124183006535946,0.24050632911392406,0.34375,0.185126582278481,0.06260032102728733,0.10590277777777778,0.006420545746388443,0.1579754601226994,0.13355048859934854,0.3747870528109029,0.25880551301684535,0.15384615384615385,0.31711145996860285,0.04617834394904458,0.17045454545454544,0.214170692431562,0.10378912685337727,0.08842443729903537,0.34183673469387754,0.24201680672268908,0.15853658536585366,0.2009966777408638,0.12459016393442623,0.22096774193548388,0.18890814558058924,0.07655502392344497,0.1136,0.08279220779220779,0.01929260450160772,0.12714776632302405,0.22075782537067545,0.15384615384615385,0.15905245346869712,0.13604240282685512,0.24242424242424243,0.16229508196721312,0.03745928338762215,0.1423948220064725,0.20219435736677116,0.013468013468013467,0.013468013468013467,0.17936507936507937,0.07258064516129033,0.10833333333333334,0.13771517996870108,0.35748031496062993,0.14903846153846154,0.14903846153846154,0.09833333333333333,0.1694915254237288,0.1841680129240711,0.141287284144427,0.13225806451612904,0.09216589861751152,0.0625,0.0765625,0.07863247863247863,0.1266233766233766,0.08766233766233766,0.32063492063492066,0.09043478260869565,0.15614617940199335,0.3184818481848185,0.1407035175879397,0.2597402597402597,0.11058451816745656,0.07213114754098361,0.23618090452261306,0.23434991974317818,0.23393739703459637,0.10551181102362205,0.14467408585055644,0.1488,0.13976705490848584,0.10383386581469649,0.19166666666666668,0.28477905073649756,0.11694915254237288,0.08528428093645485,0.21559633027522937,0.09294871794871795,0.25,0.2882447665056361,0.10603588907014681,0.13395638629283488,0.19262981574539365,0.2894308943089431,0.0998389694041868,0.2378472222222222,0.15584415584415584,0.19554848966613672,0.1263823064770932,0.21172638436482086,0.1987281399046105,0.18799368088467613,0.11055276381909548,0.09003215434083602,0.0410958904109589,0.12458471760797342,0.34796747967479674,0.34724540901502504,0.2368,0.1642512077294686,0.14309484193011648,0.08709677419354839,0.07666666666666666,0.23333333333333334,0.1490787269681742,0.208,0.2197986577181208,0.19523809523809524,0.09819967266775777,0.09385113268608414,0.1589825119236884,0.0976,0.2389240506329114,0.09931506849315068
2000,1,9,prevalence,0.2081513828238719,0.07088989441930618,0.05718954248366013,0.21311475409836064,0.05025125628140704,0.20476190476190476,0.2715008431703204,0.012213740458015267,0.1015625,0.17034700315457413,0.09152542372881356,0.12084592145015106,0.140625,0.03758169934640523,0.05663430420711974,0.13767019667170954,0.18209408194233687,0.14098360655737704,0.04522613065326633,0.08877721943048576,0.1821138211382114,0.075,0.11006289308176101,0.1893687707641196,0.14724919093851133,0.22741935483870968,0.09090909090909091,0.20299500831946754,0.17746913580246915,0.2768,0.1546707503828484,0.2632450331125828,0.2727272727272727,0.2569558101472995,0.20967741935483872,0.0695364238410596,0.18226600985221675,0.18226600985221675,0.20922570016474465,0.22838499184339314,0.26554621848739496,0.18153846153846154,0.21922428330522767,0.3067993366500829,0.04084967320261438,0.11802232854864433,0.2383107088989442,0.15203761755485892,0.3446054750402576,0.2555205047318612,0.30128205128205127,0.0943089430894309,0.05546218487394958,0.11390284757118928,0.12125984251968504,0.09547738693467336,0.19967532467532467,0.07368421052631578,0.18810289389067525,0.2767402376910017,0.1553398058252427,0.20733652312599682,0.05008635578583765,0.009884678747940691,0.06624605678233439,0.09428129829984544,0.058922558922558925,0.2,0.2864157119476268,0.12074829931972789,0.14896988906497624,0.1645367412140575,0.07966101694915254,0.049019607843137254,0.25510204081632654,0.1721311475409836,0.32673267326732675,0.3158813263525305,0.13643410852713178,0.24201680672268908,0.08957654723127036,0.08361204013377926,0.17746913580246915,0.24054982817869416,0.265905383360522,0.2403225806451613,0.20253164556962025,0.06393442622950819,0.10309278350515463,0.0,0.11645962732919254,0.09032258064516129,0.3054187192118227,0.23839009287925697,0.13527397260273974,0.28751974723538704,0.05188679245283019,0.14832535885167464,0.16666666666666666,0.08552631578947369,0.08675078864353312,0.32305194805194803,0.36195286195286197,0.21228070175438596,0.17744610281923714,0.16943521594684385,0.2802547770700637,0.20833333333333334,0.08864696734059098,0.15865384615384615,0.09562398703403566,0.03531300160513644,0.08360655737704918,0.16639209225700163,0.15024232633279483,0.17114093959731544,0.12908777969018934,0.2459807073954984,0.1893687707641196,0.033816425120772944,0.11974110032362459,0.30173775671406006,0.026845637583892617,0.026845637583892617,0.14331210191082802,0.06721311475409836,0.1098546042003231,0.1552,0.308411214953271,0.12042682926829268,0.12042682926829268,0.08737864077669903,0.105,0.21774193548387097,0.17017828200972449,0.08292682926829269,0.08411214953271028,0.07479674796747968,0.057096247960848286,0.07118055555555555,0.09951845906902086,0.10227272727272728,0.32315112540192925,0.12199312714776632,0.18064516129032257,0.24707846410684475,0.12111292962356793,0.25671140939597314,0.1744,0.06732348111658457,0.23645320197044334,0.30288461538461536,0.23003194888178913,0.09235668789808917,0.21461897356143078,0.1270096463022508,0.14144736842105263,0.17597292724196278,0.18688524590163935,0.225,0.12914485165794065,0.10996563573883161,0.2138364779874214,0.07453416149068323,0.2391304347826087,0.3536977491961415,0.06633499170812604,0.14599686028257458,0.16417910447761194,0.2936378466557912,0.08842443729903537,0.22144112478031636,0.16097560975609757,0.21690590111642744,0.1008130081300813,0.17520661157024794,0.2102728731942215,0.2583201267828843,0.09313725490196079,0.09728867623604466,0.07118055555555555,0.1419031719532554,0.2808988764044944,0.33666666666666667,0.23176661264181522,0.18488745980707397,0.1299342105263158,0.11181102362204724,0.10578512396694215,0.2805872756933116,0.23355263157894737,0.2112,0.23389830508474577,0.21550387596899226,0.07641196013289037,0.12678288431061807,0.20347003154574134,0.07947019867549669,0.16447368421052633,0.12880143112701253
2001,1,9,prevalence,0.21602288984263232,0.10485133020344288,0.09061488673139159,0.21300813008130082,0.057755775577557754,0.17475728155339806,0.23567921440261866,0.01393188854489164,0.0944,0.21178343949044587,0.09844559585492228,0.15091463414634146,0.13495934959349593,0.04854368932038835,0.11219512195121951,0.2260061919504644,0.1926040061633282,0.12944983818770225,0.04071661237785016,0.08180300500834725,0.16166666666666665,0.06788079470198675,0.1619047619047619,0.22580645161290322,0.1485148514851485,0.2,0.13926174496644295,0.15798045602605862,0.2033132530120482,0.20504731861198738,0.21528861154446177,0.2127659574468085,0.16108452950558214,0.17532467532467533,0.28338762214983715,0.08250825082508251,0.1870967741935484,0.1870967741935484,0.16530278232405893,0.2009966777408638,0.2360655737704918,0.1677115987460815,0.20268006700167504,0.26929392446633826,0.06303236797274275,0.15397350993377484,0.2573189522342065,0.20733652312599682,0.3617021276595745,0.2296875,0.2834138486312399,0.11624203821656051,0.057432432432432436,0.13953488372093023,0.08864696734059098,0.0847457627118644,0.15016501650165018,0.08071748878923767,0.14832535885167464,0.23648648648648649,0.13987138263665594,0.20031545741324921,0.06621392190152801,0.005008347245409015,0.06435643564356436,0.11919504643962849,0.0657672849915683,0.2159090909090909,0.25691056910569104,0.10333333333333333,0.15865384615384615,0.18181818181818182,0.08848080133555926,0.08388157894736842,0.22569444444444445,0.1597444089456869,0.20462046204620463,0.4033898305084746,0.13137557959814528,0.2520458265139116,0.0935483870967742,0.11128775834658187,0.2208398133748056,0.2167235494880546,0.27906976744186046,0.18760195758564438,0.2256,0.08112582781456953,0.13166666666666665,0.004658385093167702,0.13400335008375208,0.0761904761904762,0.2379421221864952,0.1540785498489426,0.11608623548922056,0.2484375,0.04983922829581994,0.20678513731825526,0.15953947368421054,0.06788079470198675,0.09302325581395349,0.34527687296416937,0.3136593591905565,0.14162348877374784,0.22772277227722773,0.17017828200972449,0.31862745098039214,0.22950819672131148,0.12213740458015267,0.14576802507836992,0.1478537360890302,0.05591054313099041,0.09715242881072027,0.15181518151815182,0.15251572327044025,0.16351118760757316,0.14310051107325383,0.2996688741721854,0.1926163723916533,0.06869009584664537,0.1532258064516129,0.33495145631067963,0.02689075630252101,0.02689075630252101,0.14576802507836992,0.039473684210526314,0.12540192926045016,0.16199376947040497,0.2785829307568438,0.15372670807453417,0.15372670807453417,0.09624796084828711,0.08548387096774193,0.23137876386687797,0.15960912052117263,0.07166666666666667,0.07119741100323625,0.08870967741935484,0.0594855305466238,0.07394957983193277,0.16039279869067102,0.10819672131147541,0.30491803278688523,0.17147707979626486,0.18819776714513556,0.23777403035413153,0.19249592169657423,0.17413793103448275,0.2407108239095315,0.07705192629815745,0.24025974025974026,0.28685897435897434,0.30952380952380953,0.08723747980613894,0.23252032520325203,0.104,0.16806722689075632,0.17706576728499157,0.18363939899833054,0.191869918699187,0.10606060606060606,0.14285714285714285,0.21496815286624205,0.10443037974683544,0.2037351443123939,0.32075471698113206,0.04674457429048414,0.14967105263157895,0.13398692810457516,0.32,0.057692307692307696,0.2027491408934708,0.1511627906976744,0.24558587479935795,0.09615384615384616,0.18016528925619835,0.20096463022508038,0.22770700636942676,0.14429530201342283,0.096,0.13043478260869565,0.1721170395869191,0.209375,0.21052631578947367,0.20421393841166938,0.22523961661341854,0.1610305958132045,0.11410459587955626,0.13036020583190394,0.28292682926829266,0.24509803921568626,0.14959349593495935,0.2534013605442177,0.20211161387631976,0.07855973813420622,0.14832535885167464,0.1794871794871795,0.04723127035830619,0.14959349593495935,0.16006884681583478
2002,1,9,prevalence,0.29651162790697677,0.12762520193861066,0.112,0.16835016835016836,0.054635761589403975,0.16932907348242812,0.21359223300970873,0.022508038585209004,0.1389776357827476,0.25121555915721233,0.12074829931972789,0.1993911719939117,0.0967741935483871,0.05834683954619125,0.15905245346869712,0.2676923076923077,0.2332814930015552,0.14873417721518986,0.05967741935483871,0.07425742574257425,0.1331168831168831,0.031825795644891124,0.21951219512195122,0.2209106239460371,0.11073825503355705,0.28593272171253825,0.1404399323181049,0.11550632911392406,0.24386503067484663,0.1624203821656051,0.1993911719939117,0.18282988871224165,0.13556618819776714,0.1435483870967742,0.25884244372990356,0.0907563025210084,0.2127659574468085,0.2127659574468085,0.1237785016286645,0.13410596026490065,0.1532258064516129,0.20278637770897834,0.23785594639865998,0.1828665568369028,0.08635578583765112,0.1643598615916955,0.27341389728096677,0.23809523809523808,0.24110032362459546,0.2677165354330709,0.24413145539906103,0.12437810945273632,0.13926174496644295,0.14,0.1060126582278481,0.08542713567839195,0.16198347107438016,0.11764705882352941,0.12619808306709265,0.2534246575342466,0.13815789473684212,0.24722662440570523,0.08904109589041095,0.006644518272425249,0.047933884297520664,0.09612403100775194,0.05638474295190713,0.2081967213114754,0.20344287949921752,0.08571428571428572,0.12166666666666667,0.17024793388429751,0.08067226890756303,0.07590759075907591,0.16083916083916083,0.18660287081339713,0.2532467532467532,0.4010152284263959,0.1290824261275272,0.24183006535947713,0.1484992101105845,0.15175718849840256,0.28837209302325584,0.23624595469255663,0.3150242326332795,0.2222222222222222,0.2555205047318612,0.11858974358974358,0.16722972972972974,0.018779342723004695,0.19262981574539365,0.06593406593406594,0.210016155088853,0.14221556886227546,0.10535117056856187,0.17384370015948963,0.07053291536050156,0.216,0.16415410385259632,0.07590759075907591,0.11145038167938931,0.33541341653666146,0.19561551433389546,0.16095890410958905,0.18106312292358803,0.19110378912685339,0.2976,0.2621664050235479,0.1267387944358578,0.15220700152207,0.1819620253164557,0.08469055374592833,0.17529215358931552,0.13518197573656845,0.11764705882352941,0.18006993006993008,0.11467116357504216,0.19269102990033224,0.1492776886035313,0.08139534883720931,0.16693679092382496,0.2833607907742998,0.036243822075782535,0.036243822075782535,0.24838709677419354,0.03140495867768595,0.16449511400651465,0.23712948517940718,0.1812191103789127,0.13987138263665594,0.13987138263665594,0.09949409780775717,0.08791208791208792,0.28771384136858474,0.18136439267886856,0.11363636363636363,0.07617504051863858,0.09984152139461172,0.06456953642384106,0.0945945945945946,0.1938610662358643,0.09208400646203554,0.27917981072555204,0.1896838602329451,0.09733124018838304,0.2629815745393635,0.22112211221122113,0.1386481802426343,0.26611570247933886,0.12908777969018934,0.24292845257903495,0.2533112582781457,0.22955974842767296,0.08250825082508251,0.24675324675324675,0.1098546042003231,0.16693679092382496,0.16694772344013492,0.1492776886035313,0.184640522875817,0.09385665529010238,0.11564625850340136,0.20926517571884984,0.11612903225806452,0.17435897435897435,0.23742138364779874,0.06623586429725363,0.15146579804560262,0.20253164556962025,0.19102990033222592,0.05592105263157895,0.20195439739413681,0.22601626016260162,0.23763955342902712,0.1015625,0.17398648648648649,0.16910569105691056,0.2401883830455259,0.11129848229342328,0.12599681020733652,0.1493288590604027,0.19015280135823429,0.18664643399089528,0.13277310924369748,0.2188976377952756,0.21372854914196568,0.2213375796178344,0.1299342105263158,0.19933554817275748,0.30385852090032156,0.2634146341463415,0.15501519756838905,0.2787456445993031,0.20451127819548873,0.12195121951219512,0.15031645569620253,0.1539708265802269,0.023026315789473683,0.11219512195121951,0.1527777777777778
2003,1,9,prevalence,0.35502958579881655,0.14563106796116504,0.12238325281803543,0.1186161449752883,0.07084019769357495,0.22294022617124395,0.20299500831946754,0.02403846153846154,0.13942307692307693,0.23424878836833601,0.11371237458193979,0.24496124031007752,0.11556982343499198,0.08278145695364239,0.10562180579216354,0.30844155844155846,0.19400630914826497,0.1728395061728395,0.08176100628930817,0.06654991243432574,0.14832535885167464,0.03722504230118443,0.18344155844155843,0.23979591836734693,0.10423452768729642,0.3035439137134052,0.14858096828046743,0.10551181102362205,0.22897196261682243,0.1949286846275753,0.17719568567026195,0.11605723370429252,0.12038523274478331,0.1782178217821782,0.1842948717948718,0.09933774834437085,0.21061093247588425,0.21061093247588425,0.11920529801324503,0.1264559068219634,0.12459546925566344,0.15165876777251186,0.31711409395973156,0.1449511400651466,0.1040268456375839,0.16351118760757316,0.24691358024691357,0.19937205651491366,0.2649434571890145,0.2204968944099379,0.1819620253164557,0.1188118811881188,0.23429541595925296,0.17457627118644067,0.12044374009508717,0.12436974789915967,0.22920203735144312,0.14463452566096424,0.1484375,0.2188034188034188,0.1924342105263158,0.22620904836193448,0.11565836298932385,0.01461038961038961,0.05852842809364549,0.16744186046511628,0.08166666666666667,0.23140495867768596,0.18619582664526485,0.09884678747940692,0.09539473684210527,0.17880794701986755,0.08463949843260188,0.09380234505862646,0.14310344827586208,0.15721231766612642,0.2664526484751204,0.24324324324324326,0.10112359550561797,0.1875,0.14241001564945227,0.18495297805642633,0.27639751552795033,0.25039123630672927,0.20949263502454993,0.22981366459627328,0.25354330708661416,0.144,0.14144736842105263,0.01929260450160772,0.22532894736842105,0.06847133757961783,0.16451612903225807,0.12650602409638553,0.16333333333333333,0.14615384615384616,0.04952076677316294,0.21864951768488747,0.153713298791019,0.061258278145695365,0.11987381703470032,0.2267884322678843,0.17957166392092258,0.15870307167235495,0.17391304347826086,0.15897435897435896,0.2355848434925865,0.2220447284345048,0.1498422712933754,0.1443932411674347,0.16164817749603805,0.09868421052631579,0.16193656093489148,0.13636363636363635,0.11432926829268293,0.2422145328719723,0.11627906976744186,0.17736486486486486,0.22402597402597402,0.07058823529411765,0.21256038647342995,0.23225806451612904,0.044189852700491,0.044189852700491,0.2310126582278481,0.030206677265500796,0.17763157894736842,0.28104575163398693,0.1490787269681742,0.12871287128712872,0.12871287128712872,0.14968152866242038,0.08617886178861789,0.2731554160125589,0.20729684908789386,0.13298791018998274,0.09046849757673667,0.096,0.0718954248366013,0.10068259385665529,0.20465890183028287,0.0861244019138756,0.2346456692913386,0.20376712328767124,0.10534591194968554,0.34887459807073956,0.17258064516129032,0.11330049261083744,0.216260162601626,0.13321799307958476,0.25254237288135595,0.2287145242070117,0.24213836477987422,0.08637873754152824,0.22366288492706646,0.18092105263157895,0.15599343185550082,0.14662273476112025,0.15645161290322582,0.15934959349593497,0.09256198347107437,0.1317157712305026,0.16908212560386474,0.14015748031496064,0.18780889621087316,0.19286871961102106,0.061488673139158574,0.11488673139158576,0.2370486656200942,0.17217391304347826,0.07226890756302522,0.1537190082644628,0.2822185970636215,0.25164473684210525,0.14175654853620956,0.17406143344709898,0.10668789808917198,0.196875,0.13884297520661157,0.17258064516129032,0.24540901502504173,0.21546052631578946,0.19025157232704404,0.09523809523809523,0.2231139646869984,0.2464,0.16853932584269662,0.11243611584327087,0.23195876288659795,0.25901639344262295,0.19381107491856678,0.1523076923076923,0.24742268041237114,0.18333333333333332,0.14735099337748345,0.1344,0.12131147540983607,0.024077046548956663,0.1437908496732026,0.18181818181818182
2004,1,9,prevalence,0.319634703196347,0.1737704918032787,0.11525974025974026,0.11716171617161716,0.0889967637540453,0.23529411764705882,0.18512396694214875,0.037953795379537955,0.192,0.22596153846153846,0.11532125205930807,0.2949526813880126,0.16584564860426929,0.07213114754098361,0.12283737024221453,0.31587057010785824,0.15555555555555556,0.1949685534591195,0.12297734627831715,0.10120068610634649,0.16323296354992076,0.05782312925170068,0.18940609951845908,0.20930232558139536,0.13043478260869565,0.30441640378548895,0.2222222222222222,0.10584518167456557,0.16802610114192496,0.22617124394184168,0.1897590361445783,0.1043613707165109,0.15584415584415584,0.21996615905245348,0.18195956454121306,0.09849749582637729,0.24013157894736842,0.24013157894736842,0.14983164983164984,0.11589403973509933,0.13848631239935588,0.13213703099510604,0.28040540540540543,0.14052287581699346,0.11892797319932999,0.17832167832167833,0.19718309859154928,0.196513470681458,0.20032840722495895,0.2921875,0.12326656394453005,0.14451827242524917,0.2227891156462585,0.19047619047619047,0.18330605564648117,0.12984822934232715,0.24754098360655738,0.17452830188679244,0.13312693498452013,0.22165820642978004,0.2039151712887439,0.2868217054263566,0.10564663023679417,0.028708133971291867,0.06867671691792294,0.23006134969325154,0.07617504051863858,0.17263843648208468,0.17246835443037975,0.1510673234811166,0.07432432432432433,0.19798657718120805,0.15880503144654087,0.11394557823129252,0.11512027491408934,0.16065573770491803,0.18780096308186195,0.18151815181518152,0.15127388535031847,0.1610305958132045,0.127831715210356,0.20500782472613457,0.26959247648902823,0.31603053435114503,0.3101694915254237,0.2455573505654281,0.24271844660194175,0.16220472440944883,0.17024793388429751,0.04375,0.2372322899505766,0.07246376811594203,0.17936507936507937,0.1166407465007776,0.2802013422818792,0.1276923076923077,0.09061488673139159,0.20440251572327045,0.11794871794871795,0.07035175879396985,0.1060842433697348,0.1510574018126888,0.19642857142857142,0.13400335008375208,0.1576271186440678,0.09966216216216216,0.15041322314049588,0.1715686274509804,0.14123376623376624,0.12116564417177914,0.1472,0.11128526645768025,0.13833333333333334,0.19316239316239317,0.10939907550077041,0.1718213058419244,0.10264900662251655,0.17667238421955403,0.21428571428571427,0.07426597582037997,0.2078559738134206,0.24363057324840764,0.05272108843537415,0.05272108843537415,0.25848142164781907,0.050393700787401574,0.1309328968903437,0.24719101123595505,0.1026936026936027,0.16091954022988506,0.16091954022988506,0.2046875,0.08990536277602523,0.2302839116719243,0.2135593220338983,0.14211438474870017,0.10576923076923077,0.08466453674121406,0.1116584564860427,0.10321489001692047,0.17034700315457413,0.1234375,0.2272,0.188135593220339,0.12155591572123177,0.3870967741935484,0.2127659574468085,0.16302521008403362,0.16019417475728157,0.1825657894736842,0.2341880341880342,0.17966101694915254,0.30063291139240506,0.12312811980033278,0.15711947626841244,0.22495894909688013,0.10132890365448505,0.17333333333333334,0.13354531001589826,0.17269736842105263,0.08702791461412152,0.13080895008605853,0.12796208530805686,0.1380952380952381,0.20853858784893267,0.15584415584415584,0.05627009646302251,0.12520868113522537,0.2519561815336463,0.13666666666666666,0.06462585034013606,0.11986863711001643,0.2795527156549521,0.2159090909090909,0.19656786271450857,0.2053872053872054,0.11755233494363929,0.15748031496062992,0.19063004846526657,0.2861635220125786,0.2938230383973289,0.19801980198019803,0.22358346094946402,0.0893760539629005,0.22916666666666666,0.2544570502431118,0.2015873015873016,0.13162393162393163,0.19420783645655879,0.21664050235478807,0.2173228346456693,0.1595744680851064,0.2539404553415061,0.1398176291793313,0.16692913385826771,0.13934426229508196,0.11037891268533773,0.025437201907790145,0.16560509554140126,0.16366612111292964
2005,1,9,prevalence,0.27342549923195086,0.18211920529801323,0.10987261146496816,0.11447811447811448,0.1064516129032258,0.24960998439937598,0.15833333333333333,0.09163987138263666,0.2553191489361702,0.21019108280254778,0.1314475873544093,0.3184713375796178,0.1630971993410214,0.10535117056856187,0.1359724612736661,0.2643312101910828,0.20431893687707642,0.2169230769230769,0.11745513866231648,0.08216783216783216,0.12828947368421054,0.08421052631578947,0.1632,0.2222222222222222,0.20550161812297735,0.22653721682847897,0.2288961038961039,0.11605723370429252,0.12582781456953643,0.24834437086092714,0.1762917933130699,0.11024844720496894,0.24635332252836303,0.20297029702970298,0.1811263318112633,0.09656301145662848,0.24013157894736842,0.24013157894736842,0.18197278911564627,0.16279069767441862,0.14686468646864687,0.12046204620462046,0.2145214521452145,0.19504132231404958,0.15435139573070608,0.12416107382550336,0.2217125382262997,0.2096,0.23076923076923078,0.2700617283950617,0.0989345509893455,0.17520661157024794,0.2185430463576159,0.17470881863560733,0.17128874388254486,0.14308943089430895,0.3090332805071315,0.19076923076923077,0.1449044585987261,0.1421232876712329,0.21197411003236247,0.28780487804878047,0.12588652482269502,0.04326123128119801,0.06091370558375635,0.21829855537720708,0.1392,0.1583198707592892,0.12678288431061807,0.19476268412438624,0.09060402684563758,0.2440944881889764,0.20980091883614088,0.11604095563139932,0.13210702341137123,0.19318181818181818,0.15584415584415584,0.17546848381601363,0.17956656346749225,0.20230263157894737,0.1732283464566929,0.23575949367088608,0.1650943396226415,0.24924012158054712,0.31802721088435376,0.23501577287066247,0.21555915721231766,0.17582417582417584,0.16638935108153077,0.07221350078492936,0.25210084033613445,0.08641975308641975,0.25158227848101267,0.1111111111111111,0.2652388797364086,0.18408736349453977,0.16108452950558214,0.1758957654723127,0.1315345699831366,0.064891846921797,0.11956521739130435,0.14485981308411214,0.25901639344262295,0.14261460101867574,0.15187713310580206,0.085667215815486,0.18360655737704917,0.1510673234811166,0.13539967373572595,0.08333333333333333,0.19743178170144463,0.12264150943396226,0.14795918367346939,0.21163166397415187,0.11550151975683891,0.1541095890410959,0.1166936790923825,0.17406143344709898,0.19538461538461538,0.07550335570469799,0.2282958199356913,0.20341614906832298,0.06408094435075885,0.06408094435075885,0.1918032786885246,0.051364365971107544,0.14444444444444443,0.23817034700315456,0.08922558922558922,0.13902053712480253,0.13902053712480253,0.2639751552795031,0.10662358642972536,0.23400936037441497,0.20034246575342465,0.19964349376114082,0.09015025041736227,0.11793214862681745,0.12941176470588237,0.12956810631229235,0.14913657770800628,0.1554160125588697,0.17729393468118196,0.16584564860426929,0.10174880763116058,0.2995169082125604,0.20483870967741935,0.1342062193126023,0.15372168284789645,0.19734660033167495,0.25210084033613445,0.141396933560477,0.260655737704918,0.19218241042345277,0.1500815660685155,0.184640522875817,0.10685805422647528,0.15136054421768708,0.1540880503144654,0.20349761526232116,0.15497553017944535,0.12436974789915967,0.12164296998420221,0.1388888888888889,0.2491638795986622,0.12622950819672132,0.0875796178343949,0.11311475409836065,0.2334384858044164,0.1423841059602649,0.09443507588532883,0.12685337726523888,0.24877250409165302,0.2393026941362916,0.24691358024691357,0.18438538205980065,0.09882747068676717,0.12183544303797468,0.22240527182866557,0.3027950310559006,0.31281198003327787,0.2113144758735441,0.19286871961102106,0.10652920962199312,0.2680577849117175,0.28685897435897434,0.21829855537720708,0.1505016722408027,0.132890365448505,0.25842696629213485,0.24615384615384617,0.1165644171779141,0.24067796610169492,0.17165354330708663,0.175,0.13709677419354838,0.1140495867768595,0.03426791277258567,0.15890850722311398,0.13682432432432431
2006,1,9,prevalence,0.21406727828746178,0.2688356164383562,0.08013355592654424,0.14967105263157895,0.1320754716981132,0.22897196261682243,0.19932998324958123,0.10651828298887123,0.265,0.20373250388802489,0.12292358803986711,0.2624,0.1540983606557377,0.10221465076660988,0.18760469011725292,0.24433656957928804,0.22857142857142856,0.18524332810047095,0.10876623376623376,0.1,0.11605723370429252,0.10865874363327674,0.15619967793880837,0.200339558573854,0.28032786885245903,0.18578352180936994,0.2078559738134206,0.15789473684210525,0.13879598662207357,0.21252059308072488,0.18195488721804512,0.14485981308411214,0.3160453808752026,0.1685575364667747,0.2071097372488408,0.11183144246353323,0.23442622950819672,0.23442622950819672,0.16298811544991512,0.16193656093489148,0.1281198003327787,0.11608623548922056,0.1788756388415673,0.23376623376623376,0.12935323383084577,0.15066225165562913,0.2453125,0.18078175895765472,0.2721417069243156,0.26540284360189575,0.08320950965824665,0.18927973199329984,0.24422442244224424,0.1305785123966942,0.2592,0.23510466988727857,0.2754777070063694,0.13804173354735153,0.11802232854864433,0.10260586319218241,0.22203947368421054,0.2905844155844156,0.15289982425307558,0.08153078202995008,0.09880749574105621,0.22979397781299524,0.17182662538699692,0.19934640522875818,0.1537242472266244,0.2266244057052298,0.19561551433389546,0.24882629107981222,0.19728915662650603,0.10535117056856187,0.13754045307443366,0.18668831168831168,0.16666666666666666,0.19365609348914858,0.16375198728139906,0.16447368421052633,0.20347003154574134,0.2476780185758514,0.12641815235008103,0.1769352290679305,0.2784184514003295,0.16153846153846155,0.17313915857605178,0.16869300911854104,0.17903225806451614,0.11867088607594936,0.19795221843003413,0.10166919575113809,0.2977346278317152,0.10648148148148148,0.3178036605657238,0.196513470681458,0.1750841750841751,0.14539579967689822,0.16074450084602368,0.07482993197278912,0.17001545595054096,0.17480314960629922,0.1929530201342282,0.1314475873544093,0.1346153846153846,0.11149228130360206,0.20095693779904306,0.1873015873015873,0.1938610662358643,0.11234177215189874,0.19617224880382775,0.1376,0.13322368421052633,0.1696869851729819,0.10892586989409984,0.19524617996604415,0.18325434439178515,0.17728055077452667,0.22496147919876733,0.12751677852348994,0.19805194805194806,0.20673813169984687,0.09913043478260869,0.09913043478260869,0.19805194805194806,0.09951845906902086,0.18181818181818182,0.18847352024922118,0.18181818181818182,0.13174603174603175,0.13174603174603175,0.248868778280543,0.09854604200323101,0.20150375939849624,0.1716171617161716,0.22711267605633803,0.09800664451827243,0.12162162162162163,0.14285714285714285,0.1447587354409318,0.17851500789889416,0.14796747967479676,0.1813953488372093,0.17475728155339806,0.14691943127962084,0.2668759811616955,0.2263843648208469,0.1495176848874598,0.1610305958132045,0.15530903328050713,0.20621931260229132,0.15798319327731092,0.22405271828665568,0.2097560975609756,0.13408723747980614,0.1989795918367347,0.13195548489666137,0.12859560067681894,0.17532467532467533,0.18341307814992025,0.20292207792207792,0.13893653516295026,0.12317666126418152,0.13239875389408098,0.2686804451510334,0.14054927302100162,0.1365079365079365,0.10714285714285714,0.20195439739413681,0.1553398058252427,0.11018363939899833,0.13614262560777957,0.1926163723916533,0.21583850931677018,0.30456026058631924,0.16638655462184873,0.13389830508474576,0.12460567823343849,0.21202003338898165,0.27129337539432175,0.22077922077922077,0.19387755102040816,0.15566037735849056,0.13210702341137123,0.2618657937806874,0.19589257503949448,0.22077922077922077,0.17927631578947367,0.1140495867768595,0.26332288401253917,0.2379471228615863,0.13782542113323124,0.1875,0.15458937198067632,0.16615384615384615,0.16185897435897437,0.1400329489291598,0.08675078864353312,0.16666666666666666,0.12892561983471074
2007,1,9,prevalence,0.22910216718266255,0.2137809187279152,0.06765676567656766,0.13365539452495975,0.15136876006441224,0.1449044585987261,0.20770519262981574,0.13556618819776714,0.1888,0.18740157480314962,0.11627906976744186,0.21348314606741572,0.14622641509433962,0.12751677852348994,0.21489001692047377,0.15210355987055016,0.1711864406779661,0.14467408585055644,0.10305958132045089,0.15034965034965034,0.10452418096723869,0.09380234505862646,0.13570274636510501,0.18027210884353742,0.2922077922077922,0.16584564860426929,0.20230263157894737,0.189873417721519,0.1643835616438356,0.2257001647446458,0.22272727272727272,0.1996904024767802,0.2783018867924528,0.2079207920792079,0.2276176024279211,0.13776337115072934,0.2039151712887439,0.2039151712887439,0.2504201680672269,0.1686143572621035,0.15522875816993464,0.1330049261083744,0.17636986301369864,0.2132701421800948,0.13449367088607594,0.1468189233278956,0.26540284360189575,0.16957210776545167,0.2839313572542902,0.266025641025641,0.1126331811263318,0.176759410801964,0.2922077922077922,0.11056105610561057,0.2588996763754045,0.30497592295345105,0.2491961414790997,0.13078149920255183,0.10492845786963434,0.13195548489666137,0.2025518341307815,0.2694805194805195,0.12947189097103917,0.1646655231560892,0.08756567425569177,0.2597809076682316,0.21483771251931993,0.2032520325203252,0.1677115987460815,0.1987179487179487,0.18932874354561102,0.24324324324324326,0.20552147239263804,0.10927152317880795,0.11093247588424437,0.15371621621621623,0.18666666666666668,0.19152542372881357,0.20933977455716588,0.18923327895595432,0.15830721003134796,0.2727272727272727,0.15508885298869143,0.16536661466458658,0.23588039867109634,0.15950920245398773,0.1323529411764706,0.14664586583463338,0.1525974025974026,0.10044977511244378,0.1689419795221843,0.14580031695721077,0.1993517017828201,0.1882716049382716,0.24668874172185432,0.25,0.20330578512396694,0.16225165562913907,0.17412935323383086,0.08135593220338982,0.1838351822503962,0.2306501547987616,0.24540901502504173,0.0929853181076672,0.13799283154121864,0.13917525773195877,0.19306930693069307,0.1706924315619968,0.143317230273752,0.11867088607594936,0.15798045602605862,0.13990461049284578,0.12903225806451613,0.1715210355987055,0.09538461538461539,0.1531986531986532,0.18769716088328076,0.18228279386712096,0.19295558958652373,0.12908496732026145,0.20195439739413681,0.19409937888198758,0.13458262350936967,0.13458262350936967,0.172859450726979,0.11908646003262642,0.19092331768388107,0.16927899686520376,0.21490467937608318,0.15097402597402598,0.15097402597402598,0.2473604826546003,0.13712374581939799,0.2063253012048193,0.15859766277128548,0.25,0.1435483870967742,0.1134020618556701,0.1557377049180328,0.18688524590163935,0.2032,0.12685337726523888,0.1943127962085308,0.12396694214876033,0.2173228346456693,0.20508744038155802,0.21428571428571427,0.16534181240063592,0.21144674085850557,0.15483870967741936,0.2188006482982172,0.16233766233766234,0.20666666666666667,0.21484992101105846,0.18635607321131448,0.21891418563922943,0.14539579967689822,0.17637271214642264,0.1410459587955626,0.16561514195583596,0.2182410423452769,0.15422885572139303,0.1419141914191419,0.12063492063492064,0.2824675324675325,0.21112929623567922,0.15161290322580645,0.144,0.1853035143769968,0.16396103896103897,0.1505922165820643,0.2062992125984252,0.13578274760383385,0.20537124802527645,0.2641221374045801,0.15851602023608768,0.20525451559934318,0.11093247588424437,0.16940789473684212,0.25236593059936907,0.21357615894039736,0.21087314662273476,0.11968503937007874,0.11433447098976109,0.2467741935483871,0.16293929712460065,0.24232633279483037,0.19594594594594594,0.12020033388981637,0.1734375,0.25471698113207547,0.12759643916913946,0.21535893155258765,0.12619808306709265,0.141321044546851,0.1664,0.16831683168316833,0.125,0.1589825119236884,0.13526570048309178
2008,1,9,prevalence,0.19457735247208932,0.17699115044247787,0.054385964912280704,0.07654723127035831,0.14009661835748793,0.14469453376205788,0.16557377049180327,0.14630225080385853,0.1288244766505636,0.1263482280431433,0.13821138211382114,0.1904,0.11642743221690591,0.12207357859531773,0.17687074829931973,0.11386138613861387,0.11202635914332784,0.12038523274478331,0.07281553398058252,0.1169284467713787,0.1088646967340591,0.09531772575250837,0.12214983713355049,0.11794871794871795,0.21639344262295082,0.11935483870967742,0.13810316139767054,0.14576802507836992,0.10553633217993079,0.18769716088328076,0.1511111111111111,0.18376722817764166,0.1775244299674267,0.2355848434925865,0.19637462235649547,0.11993517017828201,0.18624161073825504,0.18624161073825504,0.17966101694915254,0.13673805601317957,0.11,0.12664473684210525,0.14165261382799327,0.1984,0.128,0.13377926421404682,0.18858954041204437,0.12106918238993711,0.23270440251572327,0.2467741935483871,0.13363363363363365,0.13237639553429026,0.22022838499184338,0.08347245409015025,0.16429699842022116,0.27479674796747966,0.1891891891891892,0.10929853181076672,0.12096774193548387,0.11384615384615385,0.18226600985221675,0.22653721682847897,0.11452991452991453,0.17017543859649123,0.08858603066439523,0.19063004846526657,0.19817073170731708,0.17857142857142858,0.14513556618819776,0.18238993710691823,0.10806174957118353,0.2087378640776699,0.13230769230769232,0.0766721044045677,0.10543130990415335,0.12456140350877193,0.15689655172413794,0.19,0.1859706362153344,0.1841680129240711,0.12061068702290076,0.22416534181240064,0.16932907348242812,0.13996889580093314,0.16166666666666665,0.1303680981595092,0.11311475409836065,0.14037854889589904,0.08520900321543408,0.11526946107784432,0.1319796954314721,0.125193199381762,0.15580286168521462,0.1567043618739903,0.21217105263157895,0.25163398692810457,0.18677685950413223,0.14424635332252836,0.12337662337662338,0.07308970099667775,0.14397496087636932,0.208398133748056,0.18076285240464346,0.11717495987158909,0.12014134275618374,0.15042735042735042,0.14144736842105263,0.13312693498452013,0.1238244514106583,0.11858974358974358,0.14869281045751634,0.10339256865912763,0.09477124183006536,0.13170731707317074,0.08841463414634146,0.12562814070351758,0.14064914992272023,0.16523235800344235,0.12184249628528974,0.1116584564860427,0.15702479338842976,0.16993464052287582,0.1433389544688027,0.1433389544688027,0.134185303514377,0.08702791461412152,0.13990461049284578,0.178060413354531,0.17781690140845072,0.13043478260869565,0.13043478260869565,0.20333839150227617,0.11186440677966102,0.1546707503828484,0.13592233009708737,0.16869565217391305,0.11378205128205128,0.10862068965517241,0.13987138263665594,0.14556962025316456,0.12244897959183673,0.09841269841269841,0.20414673046251994,0.10385259631490787,0.19844961240310077,0.20930232558139536,0.15460526315789475,0.179080824088748,0.1620745542949757,0.12151067323481117,0.16216216216216217,0.13355048859934854,0.20915032679738563,0.1742671009771987,0.14686468646864687,0.16370106761565836,0.13064516129032258,0.16387959866220736,0.11216429699842022,0.15857605177993528,0.1824,0.10374149659863946,0.10101010101010101,0.10403726708074534,0.22884012539184953,0.1952,0.16045380875202594,0.09500805152979067,0.14553990610328638,0.17274167987321712,0.11056105610561057,0.17936507936507937,0.1263823064770932,0.14653784219001612,0.20414673046251994,0.14309764309764308,0.17049180327868851,0.11764705882352941,0.17077175697865354,0.178125,0.21843003412969283,0.16556291390728478,0.11388455538221529,0.10194174757281553,0.215311004784689,0.15127388535031847,0.2066115702479339,0.18983050847457628,0.10965630114566285,0.13050314465408805,0.2220496894409938,0.13700787401574804,0.1399662731871838,0.1136,0.09090909090909091,0.13355048859934854,0.16611842105263158,0.12480252764612954,0.12437810945273632,0.1011608623548922
2009,1,9,prevalence,0.16639477977161501,0.138353765323993,0.06281833616298811,0.05737704918032787,0.10891089108910891,0.1312803889789303,0.1440536013400335,0.11475409836065574,0.11235955056179775,0.09555189456342669,0.1454248366013072,0.15920398009950248,0.1125,0.1065989847715736,0.155,0.09682539682539683,0.08169934640522876,0.10147299509001637,0.06341463414634146,0.09833333333333333,0.10906298003072197,0.0782312925170068,0.11272141706924316,0.08514190317195326,0.1774193548387097,0.1024390243902439,0.10756302521008404,0.12363067292644757,0.09859154929577464,0.14170692431561996,0.11591962905718702,0.1549079754601227,0.13804173354735153,0.17587939698492464,0.1659056316590563,0.09779179810725552,0.12191103789126853,0.12191103789126853,0.15771812080536912,0.12755102040816327,0.07640067911714771,0.12333333333333334,0.10197368421052631,0.1661392405063291,0.13268608414239483,0.10420168067226891,0.16260162601626016,0.10124610591900311,0.171875,0.21475409836065573,0.10323574730354391,0.13333333333333333,0.17060810810810811,0.06935483870967742,0.11773940345368916,0.20476190476190476,0.16507936507936508,0.08038585209003216,0.10543130990415335,0.09062003179650238,0.12641815235008103,0.17637540453074432,0.07363013698630137,0.14162348877374784,0.07107438016528926,0.13539967373572595,0.16434108527131783,0.1408,0.12939297124600638,0.16199376947040497,0.10332749562171628,0.16558441558441558,0.1119751166407465,0.057233704292527825,0.11993517017828201,0.10738255033557047,0.15625,0.15650741350906094,0.17398119122257052,0.1590909090909091,0.10393700787401575,0.17665130568356374,0.1532258064516129,0.11755725190839694,0.13843648208469056,0.12933753943217666,0.09268292682926829,0.11472868217054263,0.06847133757961783,0.11574074074074074,0.11596638655462185,0.10648148148148148,0.1111111111111111,0.14580031695721077,0.185,0.200652528548124,0.17028380634390652,0.14125200642054575,0.08940397350993377,0.0684931506849315,0.1288244766505636,0.18739903069466882,0.16666666666666666,0.1232,0.11015490533562823,0.12564543889845095,0.10628019323671498,0.12575757575757576,0.11428571428571428,0.1024390243902439,0.13911620294599017,0.10845295055821372,0.09838709677419355,0.10929853181076672,0.07097791798107256,0.09028960817717206,0.10641627543035993,0.15384615384615385,0.10644677661169415,0.08544303797468354,0.1166936790923825,0.15041322314049588,0.11993243243243243,0.11993243243243243,0.1232,0.07188498402555911,0.10852713178294573,0.14968152866242038,0.15873015873015872,0.12560386473429952,0.12560386473429952,0.1564945226917058,0.09180327868852459,0.12254160363086233,0.12437810945273632,0.125,0.11041009463722397,0.08983050847457627,0.10252365930599369,0.10685805422647528,0.11544461778471139,0.08986928104575163,0.20634920634920634,0.08305647840531562,0.1482059282371295,0.18615384615384614,0.12395309882747069,0.14397496087636932,0.12398042414355628,0.08985024958402663,0.14576802507836992,0.1583198707592892,0.2003338898163606,0.1349206349206349,0.11980033277870217,0.12265758091993186,0.11348684210526316,0.12379421221864952,0.07692307692307693,0.10355987055016182,0.16071428571428573,0.09259259259259259,0.09062003179650238,0.0873634945397816,0.16744186046511628,0.16826923076923078,0.12135922330097088,0.07455429497568881,0.11594202898550725,0.1693548387096774,0.09134615384615384,0.15055467511885895,0.11802232854864433,0.13530326594090203,0.14622641509433962,0.10534591194968554,0.15422885572139303,0.09333333333333334,0.14262023217247097,0.15457413249211358,0.16385135135135134,0.12096774193548387,0.1111111111111111,0.09016393442622951,0.18524332810047095,0.11514195583596215,0.2,0.18632478632478633,0.10720268006700168,0.11904761904761904,0.1750380517503805,0.13023952095808383,0.10696095076400679,0.09902597402597403,0.08459214501510574,0.10679611650485436,0.14126984126984127,0.11285266457680251,0.09624796084828711,0.0762987012987013
2010,1,9,prevalence,0.1353135313531353,0.11298482293423272,0.06666666666666667,0.059113300492610835,0.08108108108108109,0.10466988727858294,0.12755102040816327,0.10333333333333333,0.10142630744849446,0.09902597402597403,0.12380952380952381,0.13741721854304637,0.10806451612903226,0.09243697478991597,0.11663807890222985,0.08948194662480377,0.07504078303425775,0.1111111111111111,0.0734094616639478,0.08053691275167785,0.08809891808346214,0.07131011608623548,0.1111111111111111,0.06611570247933884,0.1412151067323481,0.08278145695364239,0.08067226890756303,0.11075949367088607,0.08941605839416059,0.11235955056179775,0.11450381679389313,0.134375,0.1171875,0.16896551724137931,0.1439509954058193,0.08580343213728549,0.09433962264150944,0.09433962264150944,0.1391304347826087,0.1140495867768595,0.070446735395189,0.12080536912751678,0.0946843853820598,0.1495176848874598,0.1,0.07201309328968904,0.12939297124600638,0.09291338582677165,0.14508580343213728,0.18124006359300476,0.10906298003072197,0.12312811980033278,0.13843648208469056,0.06645569620253164,0.08978328173374613,0.21518987341772153,0.14218009478672985,0.07424960505529225,0.10754414125200643,0.08294930875576037,0.11333333333333333,0.14469453376205788,0.055267702936096716,0.1099476439790576,0.08780487804878048,0.1118421052631579,0.13601236476043277,0.11661341853035144,0.11038961038961038,0.12560386473429952,0.10745233968804159,0.15151515151515152,0.07633587786259542,0.06003159557661927,0.10725552050473186,0.09982788296041308,0.14093959731543623,0.11725293132328309,0.12796208530805686,0.12374581939799331,0.09006211180124224,0.15348101265822786,0.1281198003327787,0.08191653786707882,0.11038961038961038,0.10559006211180125,0.07717569786535304,0.08964451313755796,0.06525285481239804,0.10393700787401575,0.09455128205128205,0.09828393135725429,0.09120521172638436,0.13070866141732285,0.1360655737704918,0.16611842105263158,0.14545454545454545,0.11323763955342903,0.07308970099667775,0.07744107744107744,0.10628019323671498,0.14950166112956811,0.1460101867572156,0.1,0.08904109589041095,0.10652920962199312,0.08544303797468354,0.1162079510703364,0.11582381729200653,0.11222780569514237,0.10586319218241043,0.12195121951219512,0.09034267912772585,0.12312811980033278,0.07255520504731862,0.05852842809364549,0.08787878787878788,0.13550600343053174,0.09319526627218935,0.05929487179487179,0.10197368421052631,0.13225806451612904,0.1152542372881356,0.1152542372881356,0.10837438423645321,0.07407407407407407,0.0904836193447738,0.12,0.13012477718360071,0.08280254777070063,0.08280254777070063,0.12302839116719243,0.07413509060955518,0.10975609756097561,0.12131147540983607,0.10490693739424704,0.08755760368663594,0.08726003490401396,0.09576138147566719,0.07395498392282958,0.12087912087912088,0.08466453674121406,0.17014446227929375,0.07260726072607261,0.12179487179487179,0.1634920634920635,0.12013536379018612,0.13500784929356358,0.10628019323671498,0.08631921824104234,0.12248062015503876,0.1253968253968254,0.1761744966442953,0.10584518167456557,0.09833333333333333,0.10256410256410256,0.07928802588996764,0.08681672025723473,0.06761006289308176,0.08360655737704918,0.13636363636363635,0.09539473684210527,0.07570977917981073,0.09936908517350158,0.13580246913580246,0.1629032258064516,0.09210526315789473,0.06379585326953748,0.10493827160493827,0.1492776886035313,0.08399366085578447,0.14596273291925466,0.09424920127795527,0.10492845786963434,0.12848297213622292,0.08374384236453201,0.11940298507462686,0.06375838926174497,0.14026402640264027,0.1371610845295056,0.12191103789126853,0.09921259842519685,0.10569105691056911,0.07894736842105263,0.152,0.09287925696594428,0.1507537688442211,0.17926186291739896,0.0889967637540453,0.10776545166402536,0.15805946791862285,0.12481426448736999,0.09168081494057725,0.088379705400982,0.08530805687203792,0.08896210873146623,0.1189358372456964,0.10935023771790808,0.09344262295081968,0.07084019769357495
2011,1,9,prevalence,0.10561056105610561,0.10499139414802065,0.06554621848739496,0.0636215334420881,0.060842433697347896,0.09779179810725552,0.10623946037099494,0.07705479452054795,0.0919175911251981,0.09967845659163987,0.11658456486042693,0.13050570962479607,0.10576923076923077,0.1035653650254669,0.09180327868852459,0.07814992025518341,0.06568144499178982,0.08448540706605223,0.066006600660066,0.07640067911714771,0.09384615384615384,0.08207705192629816,0.10841423948220065,0.058319039451114926,0.1143317230273752,0.07939189189189189,0.07370184254606366,0.11251980982567353,0.07241379310344828,0.10771704180064309,0.10485133020344288,0.09968354430379747,0.10248447204968944,0.11804384485666104,0.12597200622083982,0.0671875,0.09310344827586207,0.09310344827586207,0.12542372881355932,0.10743801652892562,0.0686106346483705,0.09897610921501707,0.0945945945945946,0.1634920634920635,0.07290015847860538,0.06752411575562701,0.13043478260869565,0.09047619047619047,0.12996941896024464,0.15481832543443919,0.1111111111111111,0.11,0.11563517915309446,0.08620689655172414,0.09375,0.1784037558685446,0.10989010989010989,0.08242612752721618,0.09253246753246754,0.07142857142857142,0.09003215434083602,0.11635220125786164,0.06756756756756757,0.1168141592920354,0.10965630114566285,0.08774834437086093,0.09722222222222222,0.10268562401263823,0.09724473257698542,0.09500805152979067,0.08362369337979095,0.1330049261083744,0.0633693972179289,0.06132075471698113,0.08307210031347963,0.09880749574105621,0.13833333333333334,0.09933774834437085,0.11507293354943274,0.11056910569105691,0.08439490445859872,0.12577639751552794,0.11186440677966102,0.0734094616639478,0.10526315789473684,0.0898876404494382,0.06612903225806452,0.08450704225352113,0.06389776357827476,0.11285266457680251,0.0858085808580858,0.10015649452269171,0.07075471698113207,0.11930926216640503,0.12038523274478331,0.14446227929373998,0.12121212121212122,0.09807073954983923,0.0594059405940594,0.06375838926174497,0.10385259631490787,0.1451048951048951,0.12353923205342238,0.0804416403785489,0.08376068376068375,0.09152542372881356,0.07177033492822966,0.10681114551083591,0.12520325203252033,0.08981001727115717,0.12020033388981637,0.12111292962356793,0.09259259259259259,0.12871287128712872,0.05144694533762058,0.046474358974358976,0.09612403100775194,0.10942760942760943,0.07488986784140969,0.049079754601226995,0.0896,0.11019736842105263,0.1116751269035533,0.1116751269035533,0.08945686900958466,0.06699346405228758,0.09968354430379747,0.08878504672897196,0.12033898305084746,0.05745341614906832,0.05745341614906832,0.11450381679389313,0.06935483870967742,0.09320695102685624,0.1504,0.08780487804878048,0.07515337423312883,0.0690846286701209,0.10333863275039745,0.0698051948051948,0.1136,0.07177814029363784,0.15728476821192053,0.07470288624787776,0.11075441412520064,0.1414790996784566,0.10350584307178631,0.12848297213622292,0.08146964856230032,0.07792207792207792,0.0974124809741248,0.12341772151898735,0.15084745762711865,0.10625,0.08361204013377926,0.10590277777777778,0.07188498402555911,0.059907834101382486,0.06591639871382636,0.07226890756302522,0.10655737704918032,0.09836065573770492,0.06003159557661927,0.0896,0.12140575079872204,0.15993788819875776,0.077834179357022,0.056451612903225805,0.0876923076923077,0.13643659711075443,0.0706436420722135,0.14126984126984127,0.07852564102564102,0.08585055643879173,0.1134185303514377,0.06602254428341385,0.0945273631840796,0.058823529411764705,0.15166666666666667,0.11217948717948718,0.09032258064516129,0.0794912559618442,0.09492635024549918,0.0802675585284281,0.12421383647798742,0.06758832565284179,0.1574539363484087,0.16080402010050251,0.1040650406504065,0.10047846889952153,0.13132911392405064,0.11710323574730354,0.08223684210526316,0.08858603066439523,0.07210031347962383,0.07037643207855974,0.11937984496124031,0.10664605873261206,0.1077943615257048,0.07717569786535304
2012,1,9,prevalence,0.09602649006622517,0.10440456769983687,0.06135986733001658,0.049342105263157895,0.0529595015576324,0.0848,0.08589951377633712,0.06932409012131716,0.08429752066115702,0.09046052631578948,0.09322033898305085,0.10702875399361023,0.08814102564102565,0.10912052117263844,0.08045977011494253,0.06041335453100159,0.060126582278481014,0.07078313253012049,0.07952622673434856,0.06743421052631579,0.060842433697347896,0.07046979865771812,0.09672131147540984,0.048986486486486486,0.1064891846921797,0.07377049180327869,0.061872909698996656,0.08176100628930817,0.0594059405940594,0.09359605911330049,0.09905660377358491,0.07827476038338659,0.09090909090909091,0.09586776859504133,0.10903426791277258,0.06116207951070336,0.07317073170731707,0.07317073170731707,0.11447811447811448,0.08412698412698413,0.06112054329371817,0.07345575959933222,0.0777027027027027,0.12280701754385964,0.04854368932038835,0.06924315619967794,0.10801963993453355,0.08828250401284109,0.1140625,0.14012738853503184,0.0958904109589041,0.07885906040268456,0.09415584415584416,0.06656346749226007,0.07053291536050156,0.1147011308562197,0.08527131782945736,0.0670926517571885,0.07305194805194805,0.06748466257668712,0.07877813504823152,0.1050080775444265,0.06343906510851419,0.08916083916083917,0.08695652173913043,0.07308970099667775,0.07680722891566265,0.08385093167701864,0.1045016077170418,0.07898894154818326,0.06104129263913824,0.11661341853035144,0.07266982622432859,0.06346749226006192,0.1008,0.09401709401709402,0.12231404958677686,0.08732876712328767,0.09888357256778309,0.09569377990430622,0.06309148264984227,0.10903426791277258,0.10321489001692047,0.06885245901639345,0.0943089430894309,0.08,0.05825242718446602,0.0752,0.06310679611650485,0.07951070336391437,0.075,0.08333333333333333,0.06430868167202572,0.11007751937984496,0.104,0.11612903225806452,0.08818635607321132,0.07981220657276995,0.05608974358974359,0.04455445544554455,0.08957654723127036,0.12478336221837089,0.09595959595959595,0.06220839813374806,0.07973421926910298,0.07201309328968904,0.06230529595015576,0.10973724884080371,0.0944,0.07487520798668885,0.08072487644151564,0.09286898839137644,0.0892018779342723,0.1447587354409318,0.06190476190476191,0.03577235772357724,0.08018867924528301,0.10749185667752444,0.0680786686838124,0.053353658536585365,0.08455284552845528,0.10309278350515463,0.08180300500834725,0.08180300500834725,0.07741935483870968,0.051666666666666666,0.08201892744479496,0.07198748043818466,0.08808290155440414,0.05263157894736842,0.05263157894736842,0.09807073954983923,0.0594679186228482,0.07053291536050156,0.13672496025437203,0.08653846153846154,0.08588957055214724,0.07407407407407407,0.0993485342019544,0.06372549019607843,0.0935483870967742,0.05555555555555555,0.13696369636963696,0.06902356902356903,0.09220985691573927,0.11525974025974026,0.09105960264900662,0.11488673139158576,0.07272727272727272,0.07011686143572621,0.08270676691729323,0.1130298273155416,0.12935323383084577,0.0919175911251981,0.06765676567656766,0.09302325581395349,0.060514372163388806,0.05188679245283019,0.07198748043818466,0.06333333333333334,0.07912457912457913,0.08387096774193549,0.06280193236714976,0.0858085808580858,0.10094637223974763,0.11320754716981132,0.07248764415156507,0.05186385737439222,0.08962264150943396,0.1111111111111111,0.056074766355140186,0.10153846153846154,0.06482982171799027,0.06998444790046657,0.09967845659163987,0.056,0.07692307692307693,0.05752961082910321,0.09484193011647254,0.08450704225352113,0.07377049180327869,0.06504065040650407,0.08169934640522876,0.06799336650082918,0.1015625,0.06431852986217458,0.13879598662207357,0.1185064935064935,0.09688013136288999,0.0821256038647343,0.0995260663507109,0.09501557632398754,0.0756578947368421,0.06418918918918919,0.05799373040752351,0.07084019769357495,0.09692307692307692,0.1125,0.08183306055646482,0.05958132045088567
2013,1,9,prevalence,0.07575757575757576,0.07516339869281045,0.051580698835274545,0.03642384105960265,0.0406015037593985,0.07355242566510173,0.07037643207855974,0.05612244897959184,0.07011686143572621,0.06351791530944625,0.060955518945634266,0.09004739336492891,0.07898894154818326,0.07903225806451612,0.07226890756302522,0.05057096247960848,0.05750798722044728,0.05654761904761905,0.05324459234608985,0.060064935064935064,0.05132192846034215,0.059625212947189095,0.06589785831960461,0.041666666666666664,0.08754208754208755,0.05564648117839607,0.051194539249146756,0.05756578947368421,0.05042016806722689,0.07532051282051282,0.07865168539325842,0.05573248407643312,0.06912442396313365,0.07928802588996764,0.07717569786535304,0.04675716440422323,0.06537102473498234,0.06537102473498234,0.09421487603305785,0.07131537242472266,0.047697368421052634,0.054276315789473686,0.06010016694490818,0.10551948051948051,0.037037037037037035,0.07317073170731707,0.08045977011494253,0.07717041800643087,0.09188361408882083,0.11954765751211632,0.06456692913385827,0.06303236797274275,0.07236842105263158,0.058544303797468354,0.06572769953051644,0.08530805687203792,0.06417910447761194,0.05238095238095238,0.06462035541195477,0.04711246200607903,0.061708860759493674,0.08006279434850863,0.03898305084745763,0.06630824372759857,0.07987220447284345,0.064891846921797,0.06962025316455696,0.06687898089171974,0.10372771474878444,0.0593900481540931,0.043478260869565216,0.10396039603960396,0.05246422893481717,0.04696969696969697,0.084375,0.07142857142857142,0.09268292682926829,0.06791171477079797,0.07741935483870968,0.07654723127035831,0.054602184087363496,0.08527131782945736,0.08263069139966273,0.05970149253731343,0.0734094616639478,0.06973058637083994,0.046224961479198766,0.056,0.047021943573667714,0.06354009077155824,0.05952380952380952,0.0717557251908397,0.05627009646302251,0.08709175738724728,0.08688783570300158,0.0919175911251981,0.07333333333333333,0.06771653543307087,0.04225352112676056,0.04241435562805873,0.07550335570469799,0.10445205479452055,0.0779436152570481,0.04961240310077519,0.06546644844517185,0.05537459283387622,0.05396825396825397,0.08791208791208792,0.06946688206785137,0.0686106346483705,0.062193126022913256,0.0625,0.07692307692307693,0.09427609427609428,0.05379746835443038,0.031746031746031744,0.05909797822706065,0.08116883116883117,0.0581039755351682,0.055384615384615386,0.06873977086743044,0.08865248226950355,0.07119205298013245,0.07119205298013245,0.060126582278481014,0.045454545454545456,0.07631160572337042,0.06339144215530904,0.06833333333333333,0.05188679245283019,0.05188679245283019,0.0873015873015873,0.04205607476635514,0.059748427672955975,0.09693053311793215,0.06623586429725363,0.0693815987933635,0.05363321799307959,0.08652246256239601,0.05229793977812995,0.0859504132231405,0.04406779661016949,0.10766721044045677,0.05823627287853577,0.08455284552845528,0.09268292682926829,0.0755336617405583,0.09017713365539452,0.057755775577557754,0.060897435897435896,0.07264296754250386,0.09523809523809523,0.11205432937181664,0.08217054263565891,0.058333333333333334,0.0799347471451876,0.05970149253731343,0.038580246913580245,0.06570512820512821,0.05922165820642978,0.06292517006802721,0.08292682926829269,0.06414473684210527,0.06578947368421052,0.08386075949367089,0.0967238689547582,0.08089500860585198,0.03894080996884735,0.0794912559618442,0.10163934426229508,0.04900459418070444,0.0903522205206738,0.05040650406504065,0.059748427672955975,0.08653846153846154,0.046511627906976744,0.06414473684210527,0.05317324185248713,0.06833333333333333,0.06528662420382166,0.06666666666666667,0.05663430420711974,0.06239460370994941,0.05128205128205128,0.07802547770700637,0.05341246290801187,0.11480865224625623,0.08520900321543408,0.07321131447587355,0.07188498402555911,0.09033280507131537,0.07028753993610223,0.06386554621848739,0.057755775577557754,0.05901116427432217,0.06070287539936102,0.0717557251908397,0.09320695102685624,0.07082630691399663,0.06913183279742766
2014,1,9,prevalence,0.05084745762711865,0.05501618122977346,0.06168831168831169,0.04470198675496689,0.033123028391167195,0.056782334384858045,0.051070840197693576,0.037606837606837605,0.05299145299145299,0.04231974921630094,0.054276315789473686,0.06615384615384616,0.08176100628930817,0.05806451612903226,0.051194539249146756,0.04272151898734177,0.06259780907668232,0.0424597364568082,0.05177993527508091,0.0583596214511041,0.043674698795180725,0.06045751633986928,0.04878048780487805,0.028145695364238412,0.06779661016949153,0.03877221324717286,0.03316749585406302,0.05591054313099041,0.027777777777777776,0.06677018633540373,0.04508856682769726,0.045171339563862926,0.0571870170015456,0.059113300492610835,0.05501618122977346,0.052307692307692305,0.051418439716312055,0.051418439716312055,0.06633499170812604,0.0576,0.030595813204508857,0.04326923076923077,0.049586776859504134,0.08319738988580751,0.028081123244929798,0.057755775577557754,0.056218057921635436,0.08278145695364239,0.0706605222734255,0.09672131147540984,0.04983922829581994,0.05902192242833052,0.05862646566164154,0.04503105590062112,0.05116279069767442,0.04784688995215311,0.04437869822485207,0.034976152623211444,0.07504078303425775,0.04387291981845688,0.052547770700636945,0.059190031152647975,0.03511705685618729,0.06108202443280977,0.06010016694490818,0.05175292153589316,0.04975922953451043,0.041666666666666664,0.07741935483870968,0.045307443365695796,0.029310344827586206,0.06993006993006994,0.056338028169014086,0.047267355982274745,0.07253086419753087,0.06197654941373534,0.0681063122923588,0.056572379367720464,0.051696284329563816,0.06016260162601626,0.03894080996884735,0.06422018348623854,0.06343906510851419,0.042483660130718956,0.05687203791469194,0.055105348460291734,0.04153846153846154,0.051036682615629984,0.030015797788309637,0.06475903614457831,0.06495726495726496,0.0594855305466238,0.04821150855365474,0.06584992343032159,0.05466237942122187,0.06687898089171974,0.0547008547008547,0.05846153846153846,0.03245749613601236,0.05040650406504065,0.055,0.08180300500834725,0.0636215334420881,0.05504587155963303,0.0496,0.04376012965964344,0.03627760252365931,0.08936825885978428,0.05592105263157895,0.047775947281713346,0.05228758169934641,0.061872909698996656,0.06466876971608833,0.07563025210084033,0.03582554517133956,0.02857142857142857,0.044233807266982623,0.07072368421052631,0.04333868378812199,0.04496124031007752,0.052547770700636945,0.060658578856152515,0.04628099173553719,0.04628099173553719,0.04580152671755725,0.04730831973898858,0.07814992025518341,0.05263157894736842,0.05704697986577181,0.038880248833592534,0.038880248833592534,0.06451612903225806,0.03153153153153153,0.04739336492890995,0.07654723127035831,0.064,0.0625,0.03626943005181347,0.06188925081433225,0.03770491803278689,0.07085346215780998,0.033277870216306155,0.07312925170068027,0.048576214405360134,0.07084019769357495,0.07246376811594203,0.07568438003220612,0.06456953642384106,0.05040650406504065,0.05546995377503852,0.05648854961832061,0.07956318252730109,0.095,0.08125,0.03898305084745763,0.07655502392344497,0.057663125948406675,0.03215926493108729,0.0628099173553719,0.041666666666666664,0.03709949409780776,0.08660130718954248,0.051070840197693576,0.03636363636363636,0.06260032102728733,0.07526881720430108,0.05811965811965812,0.03215434083601286,0.05627009646302251,0.07614213197969544,0.059006211180124224,0.08217054263565891,0.03672787979966611,0.04769475357710652,0.0701468189233279,0.03715170278637771,0.052980132450331126,0.06525285481239804,0.052545155993431854,0.05582137161084529,0.056179775280898875,0.040123456790123455,0.056910569105691054,0.03599374021909233,0.06825396825396825,0.041979010494752625,0.09163987138263666,0.06426332288401254,0.047933884297520664,0.057755775577557754,0.07528641571194762,0.05396825396825397,0.039735099337748346,0.03758169934640523,0.0423861852433281,0.052980132450331126,0.05801526717557252,0.0762987012987013,0.05016722408026756,0.053712480252764615
2015,1,9,prevalence,0.03767123287671233,0.051036682615629984,0.049679487179487176,0.02155887230514096,0.019938650306748466,0.04081632653061224,0.03278688524590164,0.026936026936026935,0.03459637561779242,0.02258064516129032,0.0448,0.04552590266875981,0.05564648117839607,0.04777070063694268,0.02434782608695652,0.030254777070063694,0.03305785123966942,0.03412462908011869,0.041666666666666664,0.05053598774885146,0.0265625,0.03709949409780776,0.05619834710743802,0.0192,0.043697478991596636,0.028052805280528052,0.019867549668874173,0.03403565640194489,0.021346469622331693,0.04231974921630094,0.03431372549019608,0.024883359253499222,0.03333333333333333,0.042833607907743,0.043548387096774194,0.03110419906687403,0.03763440860215054,0.03763440860215054,0.03789126853377265,0.04588607594936709,0.01948051948051948,0.02922077922077922,0.03559322033898305,0.07236842105263158,0.022116903633491312,0.04436860068259386,0.03776683087027915,0.04817275747508306,0.04636785162287481,0.07051282051282051,0.03877221324717286,0.0410958904109589,0.03511705685618729,0.038523274478330656,0.0374414976599064,0.03560371517027864,0.02932551319648094,0.025889967637540454,0.05555555555555555,0.0265625,0.03889789303079417,0.034108527131782945,0.023809523809523808,0.04081632653061224,0.041237113402061855,0.03236797274275979,0.029900332225913623,0.027419354838709678,0.06765676567656766,0.03425774877650897,0.01903114186851211,0.04903677758318739,0.05063291139240506,0.03056768558951965,0.05927051671732523,0.03896103896103896,0.04395604395604396,0.040268456375838924,0.03815580286168521,0.041736227045075125,0.025,0.03949447077409163,0.04560810810810811,0.023961661341853034,0.037914691943127965,0.03278688524590164,0.02465331278890601,0.03542673107890499,0.0171606864274571,0.05683563748079877,0.048494983277591976,0.048,0.03333333333333333,0.03939393939393939,0.032407407407407406,0.036163522012578615,0.04227642276422764,0.0406885758998435,0.0203125,0.028708133971291867,0.031198686371100164,0.05110732538330494,0.04470198675496689,0.033846153846153845,0.03864734299516908,0.03169572107765452,0.02086677367576244,0.0515625,0.04501607717041801,0.030405405405405407,0.04700162074554295,0.041390728476821195,0.045813586097946286,0.048414023372287146,0.018779342723004695,0.016286644951140065,0.0296875,0.037383177570093455,0.022913256955810146,0.0368,0.023474178403755867,0.043402777777777776,0.033707865168539325,0.033707865168539325,0.03421461897356143,0.03770491803278689,0.06279434850863422,0.03205128205128205,0.03980099502487562,0.0243161094224924,0.0243161094224924,0.04395604395604396,0.01951951951951952,0.032,0.05245901639344262,0.05405405405405406,0.058734939759036146,0.031198686371100164,0.04597701149425287,0.02086677367576244,0.04669887278582931,0.027868852459016394,0.046232876712328765,0.03577512776831346,0.03814262023217247,0.051839464882943144,0.05124223602484472,0.04865771812080537,0.03745928338762215,0.0327613104524181,0.03869969040247678,0.05345911949685535,0.0664451827242525,0.07278481012658228,0.017391304347826087,0.046948356807511735,0.05255023183925812,0.02252252252252252,0.052980132450331126,0.02891156462585034,0.025167785234899327,0.05813953488372093,0.04173354735152488,0.02861952861952862,0.040584415584415584,0.050314465408805034,0.034722222222222224,0.016129032258064516,0.04897314375987362,0.06,0.04409448818897638,0.05945121951219512,0.02329450915141431,0.03104575163398693,0.04662379421221865,0.018633540372670808,0.04038772213247173,0.03915171288743882,0.04462809917355372,0.0405616224648986,0.03442622950819672,0.022970903522205207,0.03908794788273615,0.02830188679245283,0.04725609756097561,0.03308270676691729,0.06546644844517185,0.03955696202531646,0.03431372549019608,0.03536977491961415,0.0457516339869281,0.03877221324717286,0.025559105431309903,0.03278688524590164,0.027331189710610933,0.04697986577181208,0.036036036036036036,0.052545155993431854,0.0384,0.04409448818897638
2016,1,9,prevalence,0.018363939899833055,0.029548989113530325,0.028526148969889066,0.023178807947019868,0.012345679012345678,0.03459119496855346,0.011326860841423949,0.017488076311605722,0.009917355371900827,0.011254019292604502,0.027463651050080775,0.024429967426710098,0.03418803418803419,0.041666666666666664,0.013628620102214651,0.012944983818770227,0.027868852459016394,0.022288261515601784,0.020440251572327043,0.02900763358778626,0.008103727714748784,0.022950819672131147,0.043993231810490696,0.004838709677419355,0.017123287671232876,0.009819967266775777,0.009983361064891847,0.0214168039538715,0.008291873963515755,0.023510971786833857,0.017741935483870968,0.0171875,0.006097560975609756,0.022222222222222223,0.02047244094488189,0.02157164869029276,0.018739352640545145,0.018739352640545145,0.019448946515397084,0.025,0.001644736842105263,0.021103896103896104,0.013201320132013201,0.04227642276422764,0.012987012987012988,0.03633217993079585,0.0196078431372549,0.029850746268656716,0.014240506329113924,0.038338658146964855,0.030894308943089432,0.03145695364238411,0.013582342954159592,0.028708133971291867,0.027331189710610933,0.02197802197802198,0.008823529411764706,0.012903225806451613,0.04597701149425287,0.019077901430842606,0.021630615640599003,0.015360983102918587,0.01721170395869191,0.03594771241830065,0.019769357495881382,0.015025041736227046,0.01485148514851485,0.0109375,0.04865771812080537,0.016722408026755852,0.0016556291390728477,0.010380622837370242,0.04665629860031104,0.023255813953488372,0.03343465045592705,0.01892744479495268,0.024883359253499222,0.01779935275080906,0.015625,0.019867549668874173,0.017241379310344827,0.021875,0.026041666666666668,0.003236245954692557,0.012578616352201259,0.011513157894736841,0.004559270516717325,0.028708133971291867,0.010852713178294573,0.05993690851735016,0.027868852459016394,0.030110935023771792,0.01088646967340591,0.016272189349112426,0.012558869701726845,0.0078125,0.022727272727272728,0.017001545595054096,0.00792393026941363,0.027156549520766772,0.016181229773462782,0.01697792869269949,0.024671052631578948,0.023006134969325152,0.028985507246376812,0.015772870662460567,0.009478672985781991,0.04160246533127889,0.02975206611570248,0.019639934533551555,0.044407894736842105,0.03099510603588907,0.030944625407166124,0.034653465346534656,0.012403100775193798,0.008090614886731391,0.020186335403726708,0.022116903633491312,0.011570247933884297,0.011182108626198083,0.0140625,0.021922428330522766,0.03431372549019608,0.03431372549019608,0.014423076923076924,0.03636363636363636,0.03858520900321544,0.017857142857142856,0.027463651050080775,0.016566265060240965,0.016566265060240965,0.01597444089456869,0.010309278350515464,0.01892744479495268,0.03488372093023256,0.033123028391167195,0.0624,0.017741935483870968,0.03273322422258593,0.014586709886547812,0.0234375,0.01652892561983471,0.03,0.0425531914893617,0.009900990099009901,0.022617124394184167,0.02821316614420063,0.03934426229508197,0.02689873417721519,0.024077046548956663,0.011093502377179081,0.023734177215189875,0.0297029702970297,0.049679487179487176,0.008517887563884156,0.03639240506329114,0.027439024390243903,0.004608294930875576,0.036243822075782535,0.003389830508474576,0.011456628477905073,0.03826086956521739,0.04395604395604396,0.021739130434782608,0.02258064516129032,0.0328125,0.02003338898163606,0.0032258064516129032,0.030448717948717948,0.03739837398373984,0.026984126984126985,0.0391566265060241,0.019933554817275746,0.019448946515397084,0.024793388429752067,0.015479876160990712,0.01669449081803005,0.02138157894736842,0.0273972602739726,0.015503875968992248,0.01680672268907563,0.006259780907668232,0.02377179080824089,0.014040561622464899,0.020186335403726708,0.015015015015015015,0.03420195439739414,0.0218408736349454,0.021212121212121213,0.008183306055646482,0.01901743264659271,0.016474464579901153,0.00631911532385466,0.019639934533551555,0.011041009463722398,0.03494176372712146,0.0243531202435312,0.036605657237936774,0.017741935483870968,0.041401273885350316
2017,1,9,prevalence,0.005,0.02996845425867508,0.015723270440251572,0.03425774877650897,0.006144393241167435,0.028125,0.006600660066006601,0.004830917874396135,0.003316749585406302,0.00487012987012987,0.01729559748427673,0.013179571663920923,0.05218855218855219,0.03881987577639751,0.003389830508474576,0.001639344262295082,0.024671052631578948,0.011904761904761904,0.0304,0.023148148148148147,0.0033003300330033004,0.01639344262295082,0.03559870550161812,0.0,0.0017006802721088435,0.004975124378109453,0.006339144215530904,0.017857142857142856,0.003367003367003367,0.009523809523809525,0.014634146341463415,0.008012820512820512,0.001488095238095238,0.009538950715421303,0.007751937984496124,0.014150943396226415,0.005190311418685121,0.005190311418685121,0.01098901098901099,0.017432646592709985,0.0,0.022950819672131147,0.004885993485342019,0.021922428330522766,0.004901960784313725,0.02276707530647986,0.011254019292604502,0.02,0.0031201248049922,0.01288244766505636,0.02152317880794702,0.029605263157894735,0.004901960784313725,0.02066772655007949,0.02090032154340836,0.018779342723004695,0.004411764705882353,0.008264462809917356,0.021035598705501618,0.004792332268370607,0.006688963210702341,0.0014749262536873156,0.008183306055646482,0.026490066225165563,0.021848739495798318,0.008375209380234505,0.009852216748768473,0.00473186119873817,0.04006677796327212,0.008264462809917356,0.0016181229773462784,0.0017152658662092624,0.03260869565217391,0.021739130434782608,0.025835866261398176,0.012558869701726845,0.01866251944012442,0.0065040650406504065,0.007974481658692184,0.008012820512820512,0.006493506493506494,0.004601226993865031,0.011725293132328308,0.0,0.0015552099533437014,0.006644518272425249,0.0014992503748125937,0.03241491085899514,0.012345679012345678,0.04496124031007752,0.022508038585209004,0.03442879499217527,0.006069802731411229,0.010115606936416185,0.007692307692307693,0.00322061191626409,0.01615508885298869,0.003115264797507788,0.004909983633387889,0.03414634146341464,0.013179571663920923,0.011965811965811967,0.011608623548922056,0.012403100775193798,0.025848142164781908,0.0016207455429497568,0.0016233766233766235,0.03773584905660377,0.018302828618968387,0.014308426073131956,0.026446280991735537,0.03166666666666667,0.026016260162601626,0.02926829268292683,0.006259780907668232,0.0032679738562091504,0.00916030534351145,0.015527950310559006,0.00819672131147541,0.00975609756097561,0.0077279752704791345,0.006802721088435374,0.022508038585209004,0.022508038585209004,0.008116883116883116,0.034653465346534656,0.020833333333333332,0.014423076923076924,0.021035598705501618,0.01386748844375963,0.01386748844375963,0.0065252854812398045,0.004418262150220913,0.0062402496099844,0.023178807947019868,0.023696682464454975,0.034482758620689655,0.014285714285714285,0.01929260450160772,0.004862236628849271,0.00967741935483871,0.005042016806722689,0.015100671140939598,0.042483660130718956,0.0,0.00482315112540193,0.016819571865443424,0.027597402597402596,0.02066772655007949,0.016025641025641024,0.001564945226917058,0.011235955056179775,0.018032786885245903,0.03425774877650897,0.003367003367003367,0.021116138763197588,0.012307692307692308,0.0030120481927710845,0.03904923599320883,0.0,0.004885993485342019,0.02735042735042735,0.04327666151468315,0.017064846416382253,0.00631911532385466,0.016339869281045753,0.009884678747940691,0.001597444089456869,0.014308426073131956,0.03656597774244833,0.020933977455716585,0.029154518950437316,0.006546644844517185,0.008361204013377926,0.01935483870967742,0.0077279752704791345,0.004739336492890996,0.024154589371980676,0.018151815181518153,0.006220839813374806,0.011627906976744186,0.003003003003003003,0.015748031496062992,0.008223684210526315,0.004594180704441042,0.013493253373313344,0.017973856209150325,0.01567398119122257,0.013953488372093023,0.0016025641025641025,0.008025682182985553,0.007961783439490446,0.001557632398753894,0.012841091492776886,0.008051529790660225,0.041401273885350316,0.015479876160990712,0.030664395229982964,0.010638297872340425,0.05564142194744977
2018,1,9,prevalence,0.001652892561983471,0.02009273570324575,0.008169934640522876,0.024671052631578948,0.003169572107765452,0.03230769230769231,0.0032414910858995136,0.0,0.0015723270440251573,0.003134796238244514,0.01594896331738437,0.019448946515397084,0.039735099337748346,0.03697996918335902,0.0,0.001736111111111111,0.04276315789473684,0.005865102639296188,0.04006410256410257,0.0218408736349454,0.0033003300330033004,0.01631321370309951,0.03727714748784441,0.0,0.0,0.01263823064770932,0.006144393241167435,0.02155887230514096,0.00315955766192733,0.006097560975609756,0.04006410256410257,0.0032626427406199023,0.0015174506828528073,0.0032626427406199023,0.0016,0.01386748844375963,0.003430531732418525,0.003430531732418525,0.004777070063694267,0.00904977375565611,0.0,0.02622950819672131,0.0032948929159802307,0.013114754098360656,0.003205128205128205,0.017825311942959002,0.0,0.011627906976744186,0.001557632398753894,0.004901960784313725,0.013201320132013201,0.024115755627009645,0.0031645569620253164,0.009244992295839754,0.019261637239165328,0.012965964343598054,0.00303951367781155,0.0033003300330033004,0.018211920529801324,0.0045871559633027525,0.0,0.001445086705202312,0.008237232289950576,0.029310344827586206,0.028428093645484948,0.006493506493506494,0.003246753246753247,0.0015923566878980893,0.04809286898839138,0.004901960784313725,0.0,0.0017271157167530224,0.05,0.029197080291970802,0.019817073170731708,0.0032258064516129032,0.00909090909090909,0.004918032786885246,0.0016556291390728477,0.0048543689320388345,0.003115264797507788,0.0015151515151515152,0.005084745762711864,0.001607717041800643,0.0015625,0.003289473684210526,0.0,0.028192371475953566,0.01676829268292683,0.04711246200607903,0.015873015873015872,0.017027863777089782,0.0,0.00872093023255814,0.003125,0.003236245954692557,0.00946372239747634,0.0,0.001610305958132045,0.0375,0.019417475728155338,0.0049833887043189366,0.006644518272425249,0.009433962264150943,0.03594771241830065,0.0,0.001607717041800643,0.050314465408805034,0.01020408163265306,0.006349206349206349,0.02329450915141431,0.030844155844155844,0.02181208053691275,0.017915309446254073,0.0030959752321981426,0.006535947712418301,0.006097560975609756,0.00764525993883792,0.0033500837520938024,0.014423076923076924,0.0030959752321981426,0.0016863406408094434,0.02857142857142857,0.02857142857142857,0.003189792663476874,0.06290322580645161,0.020634920634920634,0.007776049766718507,0.0171606864274571,0.018209408194233688,0.018209408194233688,0.00322061191626409,0.0015037593984962407,0.004777070063694267,0.03317535545023697,0.025196850393700787,0.03316749585406302,0.03870967741935484,0.023529411764705882,0.0066555740432612314,0.0064516129032258064,0.0,0.006622516556291391,0.08094435075885328,0.0,0.0,0.013996889580093312,0.017770597738287562,0.014018691588785047,0.019261637239165328,0.0015313935681470138,0.004862236628849271,0.0,0.03968253968253968,0.0,0.013975155279503106,0.01355421686746988,0.0,0.04384485666104553,0.0,0.0016,0.0387858347386172,0.047540983606557376,0.010273972602739725,0.0015748031496062992,0.0180623973727422,0.009868421052631578,0.0015455950540958269,0.011093502377179081,0.0794392523364486,0.027287319422150885,0.01639344262295082,0.003246753246753247,0.0017513134851138354,0.013490725126475547,0.006472491909385114,0.0031201248049922,0.016025641025641024,0.009950248756218905,0.0031007751937984496,0.01877133105802048,0.0031007751937984496,0.020061728395061727,0.00641025641025641,0.0015267175572519084,0.007587253414264037,0.008116883116883116,0.007587253414264037,0.010606060606060607,0.0016025641025641025,0.006472491909385114,0.003205128205128205,0.0,0.00792393026941363,0.006339144215530904,0.06847133757961783,0.009448818897637795,0.023450586264656615,0.010432190760059613,0.041990668740279936
2019,1,9,prevalence,0.0016260162601626016,0.03134796238244514,0.008012820512820512,0.026533996683250415,0.0032948929159802307,0.059006211180124224,0.003215434083601286,0.0,0.0015479876160990713,0.001579778830963665,0.0234009360374415,0.08239095315024232,0.06602254428341385,0.045112781954887216,0.0,0.0017543859649122807,0.06965174129353234,0.0029940119760479044,0.038338658146964855,0.01732283464566929,0.003316749585406302,0.008389261744966443,0.06172839506172839,0.0,0.0,0.04032258064516129,0.004702194357366771,0.023890784982935155,0.0,0.0032,0.042692939244663386,0.001658374792703151,0.0015290519877675841,0.001564945226917058,0.003115264797507788,0.010819165378670788,0.0034602076124567475,0.0034602076124567475,0.004777070063694267,0.004694835680751174,0.0,0.02280130293159609,0.0033277870216306157,0.006482982171799027,0.001597444089456869,0.009009009009009009,0.0,0.011627906976744186,0.001607717041800643,0.0016366612111292963,0.008445945945945946,0.014195583596214511,0.001589825119236884,0.004754358161648178,0.030405405405405407,0.008156606851549755,0.0030349013657056147,0.0033003300330033004,0.013628620102214651,0.0031746031746031746,0.0,0.0014705882352941176,0.003367003367003367,0.020442930153321975,0.03511705685618729,0.009302325581395349,0.003215434083601286,0.0,0.1630971993410214,0.0032258064516129032,0.0,0.021630615640599003,0.060842433697347896,0.025411061285500747,0.012307692307692308,0.0032102728731942215,0.00792393026941363,0.004909983633387889,0.009933774834437087,0.004942339373970346,0.0015772870662460567,0.0015479876160990713,0.001669449081803005,0.003278688524590164,0.0015527950310559005,0.00333889816360601,0.0,0.03940886699507389,0.010852713178294573,0.06832298136645963,0.014492753623188406,0.010703363914373088,0.0,0.0029940119760479044,0.0016129032258064516,0.008051529790660225,0.007874015748031496,0.0,0.0016155088852988692,0.060995184590690206,0.01631321370309951,0.0016313213703099511,0.0032258064516129032,0.009554140127388535,0.060655737704918035,0.0,0.001594896331738437,0.0912,0.010084033613445379,0.004709576138147566,0.029801324503311258,0.02750809061488673,0.03361344537815126,0.00644122383252818,0.004658385093167702,0.008,0.0030075187969924814,0.007587253414264037,0.001736111111111111,0.03230769230769231,0.0,0.0017331022530329288,0.022617124394184167,0.022617124394184167,0.001589825119236884,0.07246376811594203,0.0219435736677116,0.00641025641025641,0.012364760432766615,0.0239880059970015,0.0239880059970015,0.0032310177705977385,0.0015552099533437014,0.004746835443037975,0.06132075471698113,0.03680981595092025,0.03204047217537943,0.03821656050955414,0.02,0.008291873963515755,0.004830917874396135,0.0,0.0032258064516129032,0.14333333333333334,0.0,0.0,0.0140625,0.009630818619582664,0.00764525993883792,0.014469453376205787,0.0015503875968992248,0.003289473684210526,0.0016611295681063123,0.057750759878419454,0.0,0.013888888888888888,0.012364760432766615,0.0,0.04530201342281879,0.0016207455429497568,0.0015772870662460567,0.022033898305084745,0.08660130718954248,0.0034482758620689655,0.003134796238244514,0.024793388429752067,0.00482315112540193,0.0,0.00819672131147541,0.20588235294117646,0.02750809061488673,0.007621951219512195,0.0,0.0,0.009836065573770493,0.004629629629629629,0.0015873015873015873,0.04081632653061224,0.00667779632721202,0.0015408320493066256,0.03292894280762565,0.004601226993865031,0.0375,0.0046875,0.0,0.001567398119122257,0.00644122383252818,0.005847953216374269,0.013910355486862442,0.0,0.001584786053882726,0.0,0.0060882800608828,0.004792332268370607,0.00303951367781155,0.11163522012578617,0.0016025641025641025,0.031141868512110725,0.0030441400304414,0.07974481658692185
2020,1,9,prevalence,0.001579778830963665,0.03205128205128205,0.013114754098360656,0.02152317880794702,0.001652892561983471,0.2223950233281493,0.001607717041800643,0.0,0.001567398119122257,0.0015772870662460567,0.03834355828220859,0.2403225806451613,0.0992,0.0621301775147929,0.0,0.0,0.15460526315789475,0.0015360983102918587,0.03543913713405239,0.015723270440251572,0.0016556291390728477,0.019704433497536946,0.11496062992125984,0.0,0.0,0.2141732283464567,0.0,0.048903878583473864,0.0,0.0015625,0.05237315875613748,0.0,0.0015220700152207,0.0015873015873015873,0.0016286644951140066,0.00463678516228748,0.0,0.0,0.0016181229773462784,0.010752688172043012,0.0,0.025806451612903226,0.0,0.0,0.0,0.0034662045060658577,0.0,0.006389776357827476,0.001644736842105263,0.001644736842105263,0.008361204013377926,0.03110419906687403,0.0,0.0015822784810126582,0.05360134003350084,0.003284072249589491,0.015267175572519083,0.00819672131147541,0.019543973941368076,0.001597444089456869,0.0,0.0014992503748125937,0.001658374792703151,0.020202020202020204,0.028145695364238412,0.0029985007496251873,0.001584786053882726,0.0,0.4495114006514658,0.004846526655896607,0.0,0.13432835820895522,0.09651898734177215,0.021052631578947368,0.01078582434514638,0.0016286644951140066,0.0015408320493066256,0.003169572107765452,0.0048543689320388345,0.0016806722689075631,0.0,0.0015552099533437014,0.0016233766233766235,0.003257328990228013,0.0015082956259426848,0.0016474464579901153,0.0,0.0576,0.006259780907668232,0.04173354735152488,0.009478672985781991,0.01564945226917058,0.0,0.00303951367781155,0.0,0.027914614121510674,0.004694835680751174,0.0048,0.001607717041800643,0.06501547987616099,0.01932367149758454,0.0,0.0,0.007987220447284345,0.13008130081300814,0.0,0.0016233766233766235,0.14622641509433962,0.004909983633387889,0.001610305958132045,0.03908794788273615,0.03284072249589491,0.028380634390651086,0.006359300476947536,0.004552352048558422,0.004777070063694267,0.0,0.0075528700906344415,0.0017271157167530224,0.041158536585365856,0.0016025641025641025,0.0,0.016339869281045753,0.016339869281045753,0.001607717041800643,0.09523809523809523,0.024883359253499222,0.0049586776859504135,0.006051437216338881,0.01818181818181818,0.01818181818181818,0.0016366612111292963,0.003215434083601286,0.004622496147919877,0.15629984051036683,0.0890625,0.040268456375838924,0.04472843450479233,0.03205128205128205,0.005008347245409015,0.0032,0.001692047377326565,0.001610305958132045,0.25666666666666665,0.0,0.0,0.004709576138147566,0.004815409309791332,0.003048780487804878,0.0064516129032258064,0.0,0.0016233766233766235,0.0016722408026755853,0.061633281972265024,0.001697792869269949,0.00764525993883792,0.01437699680511182,0.0,0.05067567567567568,0.0016129032258064516,0.0015923566878980893,0.030874785591766724,0.1426332288401254,0.00322061191626409,0.0015479876160990713,0.09816971713810316,0.004918032786885246,0.0,0.0032626427406199023,0.5117370892018779,0.0352,0.007692307692307693,0.0,0.0,0.0049504950495049506,0.003110419906687403,0.0015873015873015873,0.0589171974522293,0.0033112582781456954,0.0,0.07758620689655173,0.0045871559633027525,0.08333333333333333,0.003134796238244514,0.0,0.001597444089456869,0.003257328990228013,0.002976190476190476,0.0182648401826484,0.0,0.0016051364365971107,0.0,0.03680981595092025,0.0,0.0015503875968992248,0.11526479750778816,0.008012820512820512,0.02707275803722504,0.0,0.11838006230529595
2021,1,9,prevalence,0.0016129032258064516,0.026016260162601626,0.027243589743589744,0.029556650246305417,0.0016181229773462784,0.43206106870229005,0.001607717041800643,0.0,0.0015337423312883436,0.0,0.04066265060240964,0.6052631578947368,0.17128874388254486,0.08296296296296296,0.0017064846416382253,0.0,0.2561174551386623,0.0030959752321981426,0.04461538461538461,0.012578616352201259,0.001610305958132045,0.013050570962479609,0.11076443057722309,0.0,0.0,0.7225806451612903,0.0,0.10961214165261383,0.0,0.0,0.10789049919484701,0.0,0.0015082956259426848,0.0,0.0015873015873015873,0.0030581039755351682,0.0,0.0,0.0016260162601626016,0.004784688995215311,0.0,0.04411764705882353,0.0,0.0,0.0,0.0,0.0016233766233766235,0.0031201248049922,0.0,0.0,0.005128205128205128,0.0416,0.0,0.001557632398753894,0.08249158249158249,0.0,0.059375,0.001579778830963665,0.025889967637540454,0.0,0.0,0.0014641288433382138,0.0016474464579901153,0.023972602739726026,0.016286644951140065,0.0015037593984962407,0.001579778830963665,0.0,0.6104928457869634,0.003289473684210526,0.0,0.3609671848013817,0.167192429022082,0.03201219512195122,0.007776049766718507,0.0,0.0015337423312883436,0.0,0.022508038585209004,0.003372681281618887,0.0,0.0,0.0016051364365971107,0.0032948929159802307,0.0015290519877675841,0.018612521150592216,0.0029940119760479044,0.08056872037914692,0.003189792663476874,0.05825242718446602,0.006472491909385114,0.020537124802527645,0.0,0.008982035928143712,0.0,0.1118421052631579,0.0,0.001652892561983471,0.001579778830963665,0.055379746835443035,0.029079159935379646,0.0,0.0,0.004761904761904762,0.19836065573770492,0.0,0.0,0.262015503875969,0.0016129032258064516,0.0016207455429497568,0.0992,0.0202808112324493,0.03442622950819672,0.001594896331738437,0.0064,0.0049261083743842365,0.0,0.0,0.0016863406408094434,0.0640625,0.003289473684210526,0.0,0.01610305958132045,0.01610305958132045,0.0016474464579901153,0.14192495921696574,0.02332814930015552,0.01800327332242226,0.0029585798816568047,0.015384615384615385,0.015384615384615385,0.0016233766233766235,0.001584786053882726,0.001589825119236884,0.42301458670988656,0.15097402597402598,0.0436241610738255,0.04784688995215311,0.05331179321486268,0.0016835016835016834,0.0016474464579901153,0.003278688524590164,0.001564945226917058,0.3464052287581699,0.0,0.0,0.0,0.001579778830963665,0.0014947683109118087,0.008305647840531562,0.0,0.0,0.001694915254237288,0.12248062015503876,0.0017543859649122807,0.004702194357366771,0.02533783783783784,0.0,0.0782312925170068,0.001584786053882726,0.0,0.03666666666666667,0.17956656346749225,0.0016556291390728477,0.0015290519877675841,0.2504118616144975,0.00487012987012987,0.0016181229773462784,0.0,0.5477308294209703,0.10696920583468396,0.013975155279503106,0.0,0.0,0.003305785123966942,0.0015822784810126582,0.0016051364365971107,0.1388888888888889,0.0032414910858995136,0.0,0.1716171617161716,0.004651162790697674,0.4372937293729373,0.010869565217391304,0.0,0.0015552099533437014,0.0,0.0,0.03249630723781388,0.0,0.0046801872074883,0.0,0.15813953488372093,0.0,0.0015479876160990713,0.17791411042944785,0.017857142857142856,0.026578073089700997,0.0,0.13428120063191154
2022,1,9,prevalence,0.0015822784810126582,0.06991869918699187,0.029508196721311476,0.021702838063439065,0.001639344262295082,0.39967637540453077,0.0031645569620253164,0.0,0.0015174506828528073,0.0,0.03474320241691843,0.5513245033112583,0.21510673234811165,0.13609467455621302,0.003278688524590164,0.0,0.30971993410214166,0.00933125972006221,0.038880248833592534,0.0031446540880503146,0.0016339869281045752,0.015,0.1464968152866242,0.0,0.0,0.5758998435054773,0.0,0.17828200972447325,0.0,0.001610305958132045,0.15472312703583063,0.0,0.0015600624024961,0.0,0.0015822784810126582,0.0,0.0,0.0,0.0030911901081916537,0.006493506493506494,0.0,0.07898894154818326,0.0,0.0,0.0015873015873015873,0.001669449081803005,0.0016366612111292963,0.0,0.0,0.0,0.005008347245409015,0.07717041800643087,0.0,0.0015432098765432098,0.11092985318107668,0.0,0.2088607594936709,0.0015600624024961,0.014563106796116505,0.001597444089456869,0.0,0.0014992503748125937,0.0,0.034129692832764506,0.017857142857142856,0.0029411764705882353,0.001579778830963665,0.00315955766192733,0.4310077519379845,0.0015923566878980893,0.0,0.6213114754098361,0.2520064205457464,0.046224961479198766,0.0015552099533437014,0.0,0.0015552099533437014,0.0,0.03442879499217527,0.003289473684210526,0.0,0.0,0.0015723270440251573,0.0033500837520938024,0.0015408320493066256,0.09682804674457429,0.003129890453834116,0.057971014492753624,0.0031847133757961785,0.037520391517128875,0.003125,0.03389830508474576,0.0,0.023494860499265784,0.0,0.34105960264900664,0.0,0.003372681281618887,0.001597444089456869,0.06761006289308176,0.0484375,0.0,0.011254019292604502,0.004594180704441042,0.30357142857142855,0.0015822784810126582,0.0,0.2883156297420334,0.001567398119122257,0.0016501650165016502,0.1757188498402556,0.040880503144654086,0.076158940397351,0.0016025641025641025,0.006349206349206349,0.0034071550255536627,0.0,0.0,0.00338409475465313,0.11550151975683891,0.02145214521452145,0.0016778523489932886,0.014040561622464899,0.014040561622464899,0.0,0.1616,0.03503184713375796,0.06788079470198675,0.0015503875968992248,0.009146341463414634,0.009146341463414634,0.001639344262295082,0.0016313213703099511,0.056338028169014086,0.6018957345971564,0.22325581395348837,0.043029259896729774,0.0679304897314376,0.07941653160453808,0.0,0.0016806722689075631,0.0064516129032258064,0.0015772870662460567,0.3300813008130081,0.0,0.0110062893081761,0.0,0.0016181229773462784,0.004573170731707317,0.0049833887043189366,0.0,0.0,0.001644736842105263,0.20030816640986132,0.0,0.001564945226917058,0.007017543859649123,0.0,0.12074829931972789,0.001589825119236884,0.0,0.023178807947019868,0.26791277258566976,0.001658374792703151,0.0015313935681470138,0.5355371900826447,0.009375,0.0016891891891891893,0.0,0.40186915887850466,0.2025931928687196,0.05581395348837209,0.0,0.0,0.0033277870216306157,0.0016207455429497568,0.0016,0.28072837632776937,0.001658374792703151,0.0,0.3782467532467532,0.003076923076923077,0.7114093959731543,0.031201248049921998,0.0,0.0,0.0,0.0,0.023952095808383235,0.0,0.05625,0.0,0.4984472049689441,0.001607717041800643,0.0,0.2366412213740458,0.03333333333333333,0.039538714991762765,0.0,0.18840579710144928
2023,1,9,prevalence,0.0,0.09470304975922954,0.032679738562091505,0.016420361247947456,0.001594896331738437,0.3333333333333333,0.003115264797507788,0.0,0.0,0.0,0.04294478527607362,0.3687707641196013,0.22764227642276422,0.1344165435745938,0.0016366612111292963,0.0,0.3411580594679186,0.012422360248447204,0.015625,0.0015723270440251573,0.004838709677419355,0.01639344262295082,0.21508828250401285,0.0016025641025641025,0.0,0.3671497584541063,0.0,0.28548123980424145,0.0,0.0016474464579901153,0.27347611202635913,0.0,0.0,0.0016339869281045752,0.0015527950310559005,0.0014947683109118087,0.0,0.0,0.0030911901081916537,0.004815409309791332,0.0,0.13355048859934854,0.0,0.0,0.001644736842105263,0.003418803418803419,0.0015873015873015873,0.0,0.0,0.0,0.005042016806722689,0.1053484602917342,0.0,0.015360983102918587,0.17014446227929375,0.0,0.4718196457326892,0.001557632398753894,0.011272141706924315,0.0016,0.0016155088852988692,0.0015128593040847202,0.0,0.041237113402061855,0.03139717425431711,0.0014792899408284023,0.001584786053882726,0.009584664536741214,0.23854660347551343,0.0016420361247947454,0.0,0.41708542713567837,0.31311475409836065,0.05263157894736842,0.0015527950310559005,0.0016286644951140066,0.0015267175572519084,0.0015772870662460567,0.06645056726094004,0.00825082508250825,0.0,0.0,0.0,0.003372681281618887,0.0031446540880503146,0.3487603305785124,0.0015600624024961,0.10220125786163523,0.003189792663476874,0.05454545454545454,0.003205128205128205,0.0598159509202454,0.0015552099533437014,0.05357142857142857,0.0015698587127158557,0.6151315789473685,0.0,0.0033333333333333335,0.0,0.08062015503875969,0.0784,0.0,0.08866995073891626,0.0015313935681470138,0.38127090301003347,0.001579778830963665,0.0,0.33588957055214724,0.0,0.0016556291390728477,0.26129032258064516,0.06800618238021638,0.1485148514851485,0.0016420361247947454,0.021638330757341576,0.0067226890756302525,0.0,0.0,0.0016286644951140066,0.18931297709923664,0.09105960264900662,0.0016638935108153079,0.006269592476489028,0.006269592476489028,0.0,0.20421393841166938,0.056291390728476824,0.1630971993410214,0.0015432098765432098,0.014285714285714285,0.014285714285714285,0.001644736842105263,0.0,0.1166407465007776,0.46835443037974683,0.3175355450236967,0.04991680532445923,0.07993730407523511,0.10082644628099173,0.0,0.0016286644951140066,0.006546644844517185,0.0,0.3365539452495974,0.0,0.11624203821656051,0.0,0.003134796238244514,0.0046439628482972135,0.00333889816360601,0.0,0.0,0.0,0.24804992199687986,0.0,0.0,0.0017391304347826088,0.0,0.1377049180327869,0.003129890453834116,0.0015723270440251573,0.01644736842105263,0.37422360248447206,0.001639344262295082,0.0,0.5291181364392679,0.004846526655896607,0.001669449081803005,0.0,0.19969278033794163,0.2878289473684211,0.1650943396226415,0.0,0.0,0.0049833887043189366,0.001644736842105263,0.001567398119122257,0.4209726443768997,0.0016863406408094434,0.0,0.5016129032258064,0.0015772870662460567,0.5212418300653595,0.07692307692307693,0.00145985401459854,0.0,0.0,0.0,0.042105263157894736,0.0,0.19314641744548286,0.0,0.617693522906793,0.004807692307692308,0.0,0.3073394495412844,0.04071661237785016,0.05669291338582677,0.0,0.179080824088748
2024,1,9,prevalence,0.0,0.09461663947797716,0.0387858347386172,0.00980392156862745,0.0,0.257001647446458,0.0031446540880503146,0.0,0.0,0.0,0.09090909090909091,0.20483870967741935,0.2866141732283465,0.14540059347181009,0.0016260162601626016,0.0,0.28067484662576686,0.0421875,0.018575851393188854,0.0,0.019736842105263157,0.024232633279483037,0.24437299035369775,0.001594896331738437,0.0,0.2491961414790997,0.0,0.3799682034976153,0.0,0.0,0.357487922705314,0.0,0.0,0.0049504950495049506,0.0015313935681470138,0.0014947683109118087,0.004573170731707317,0.004573170731707317,0.0031847133757961785,0.0016129032258064516,0.0,0.1650485436893204,0.0,0.0,0.0,0.0016556291390728477,0.001589825119236884,0.0015015015015015015,0.0,0.0,0.00510204081632653,0.16062992125984252,0.0,0.014195583596214511,0.2247557003257329,0.0,0.6019736842105263,0.0015772870662460567,0.009852216748768473,0.0016260162601626016,0.0,0.0015290519877675841,0.0,0.07345575959933222,0.04381846635367762,0.001466275659824047,0.001610305958132045,0.00625,0.18085106382978725,0.001594896331738437,0.0,0.23205342237061768,0.3300813008130081,0.04113924050632911,0.001567398119122257,0.0016181229773462784,0.001607717041800643,0.001584786053882726,0.10047846889952153,0.008103727714748784,0.0,0.0,0.0,0.0033613445378151263,0.0030959752321981426,0.6595041322314049,0.0015527950310559005,0.09763779527559055,0.0,0.06341463414634146,0.001658374792703151,0.10493827160493827,0.0015503875968992248,0.1694915254237288,0.0031496062992125984,0.5191986644407346,0.0015600624024961,0.006734006734006734,0.0,0.128125,0.11290322580645161,0.0,0.2642740619902121,0.0,0.3517915309446254,0.0015552099533437014,0.0,0.3221884498480243,0.0,0.0016474464579901153,0.3504,0.07981927710843373,0.21405228758169934,0.001658374792703151,0.037257824143070044,0.01675041876046901,0.0,0.0,0.0016313213703099511,0.25898203592814373,0.25844594594594594,0.0016611295681063123,0.001589825119236884,0.001589825119236884,0.0,0.24149108589951376,0.075,0.22613065326633167,0.003110419906687403,0.03896103896103896,0.03896103896103896,0.0016556291390728477,0.0,0.29457364341085274,0.2866043613707165,0.3241935483870968,0.048903878583473864,0.1140625,0.12355848434925865,0.0,0.003305785123966942,0.006514657980456026,0.0,0.24882629107981222,0.0,0.8242612752721618,0.0,0.0015822784810126582,0.009448818897637795,0.0016778523489932886,0.0,0.0,0.004975124378109453,0.22932917316692666,0.0,0.0,0.010380622837370242,0.0016366612111292963,0.208130081300813,0.003129890453834116,0.0015313935681470138,0.017915309446254073,0.3109375,0.0016722408026755853,0.0,0.3764705882352941,0.008130081300813009,0.0017331022530329288,0.0,0.1461187214611872,0.30267558528428096,0.45085803432137284,0.0,0.0,0.008460236886632826,0.001639344262295082,0.0015082956259426848,0.40888208269525267,0.0016722408026755853,0.0,0.3729903536977492,0.0015552099533437014,0.3027823240589198,0.22169811320754718,0.0,0.0,0.0,0.0,0.06366459627329192,0.0,0.46394984326018807,0.0,0.4254658385093168,0.02748091603053435,0.0,0.2735562310030395,0.07407407407407407,0.08399366085578447,0.0,0.2071651090342679
2025,1,9,prevalence,0.0,0.10613598673300166,0.04006677796327212,0.00975609756097561,0.0,0.16584564860426929,0.0078125,0.0,0.0,0.0,0.179080824088748,0.11956521739130435,0.2132921174652241,0.19242424242424241,0.001589825119236884,0.0,0.17405063291139242,0.08372827804107424,0.01584786053882726,0.0031201248049922,0.03980099502487562,0.026143790849673203,0.22042139384116693,0.001607717041800643,0.0,0.1841680129240711,0.0,0.35949764521193095,0.0,0.0,0.3414239482200647,0.0,0.0,0.0049504950495049506,0.0,0.0,0.0062402496099844,0.0062402496099844,0.003134796238244514,0.004885993485342019,0.003194888178913738,0.26247987117552335,0.0,0.001567398119122257,0.0,0.001639344262295082,0.0032,0.001557632398753894,0.0,0.0,0.0017064846416382253,0.23950233281493002,0.0,0.017488076311605722,0.2380191693290735,0.0,0.4344262295081967,0.0,0.014469453376205787,0.0,0.0,0.0,0.0,0.11920529801324503,0.042789223454833596,0.0,0.0015625,0.014586709886547812,0.10510510510510511,0.0015600624024961,0.0,0.16447368421052633,0.31840796019900497,0.04975922953451043,0.001557632398753894,0.0016155088852988692,0.0031847133757961785,0.0016260162601626016,0.11488673139158576,0.019077901430842606,0.0,0.0,0.0,0.003257328990228013,0.003194888178913738,0.4901315789473684,0.0,0.11802232854864433,0.0,0.07868852459016394,0.001692047377326565,0.1858678955453149,0.0016313213703099511,0.3968253968253968,0.0015105740181268882,0.33278955954323003,0.003076923076923077,0.008547008547008548,0.004761904761904762,0.15038759689922482,0.15384615384615385,0.0,0.7018121911037891,0.0,0.31629392971246006,0.001524390243902439,0.0,0.23384615384615384,0.0,0.0017123287671232876,0.3011093502377179,0.08256880733944955,0.35313001605136435,0.0016863406408094434,0.03323262839879154,0.026622296173044926,0.0,0.0,0.0,0.3273001508295626,0.4768211920529801,0.0,0.0,0.0,0.0,0.23454833597464342,0.08275862068965517,0.33111480865224624,0.0015698587127158557,0.07865168539325842,0.07865168539325842,0.001594896331738437,0.0,0.48083067092651754,0.1445966514459665,0.2720125786163522,0.051364365971107544,0.17546583850931677,0.1781045751633987,0.0,0.009917355371900827,0.006349206349206349,0.0296875,0.15890850722311398,0.0,0.6097946287519748,0.0,0.001579778830963665,0.014263074484944533,0.0016155088852988692,0.001607717041800643,0.004878048780487805,0.0016339869281045752,0.15538461538461537,0.0,0.0015174506828528073,0.02226027397260274,0.0015923566878980893,0.2463768115942029,0.014106583072100314,0.0015360983102918587,0.03668261562998405,0.20126782884310618,0.0,0.0,0.22756410256410256,0.012924071082390954,0.0017241379310344827,0.0,0.1187800963081862,0.33934426229508197,0.5762439807383628,0.0,0.0,0.03547297297297297,0.0016313213703099511,0.0015060240963855422,0.35068912710566613,0.0,0.0,0.20221169036334913,0.0015748031496062992,0.20508474576271185,0.5015384615384615,0.0029154518950437317,0.0,0.0,0.0,0.07042253521126761,0.001557632398753894,0.5537720706260032,0.0,0.2763578274760383,0.03869969040247678,0.0,0.18604651162790697,0.11058451816745656,0.12198795180722892,0.0,0.2380191693290735
