Time,age_start,age_end,measure,draw_0,draw_1,draw_2,draw_3,draw_4,draw_5,draw_6,draw_7,draw_8,draw_9,draw_10,draw_11,draw_12,draw_13,draw_14,draw_15,draw_16,draw_17,draw_18,draw_19,draw_20,draw_21,draw_22,draw_23,draw_24,draw_25,draw_26,draw_27,draw_28,draw_29,draw_30,draw_31,draw_32,draw_33,draw_34,draw_35,draw_36,draw_37,draw_38,draw_39,draw_40,draw_41,draw_42,draw_43,draw_44,draw_45,draw_46,draw_47,draw_48,draw_49,draw_50,draw_51,draw_52,draw_53,draw_54,draw_55,draw_56,draw_57,draw_58,draw_59,draw_60,draw_61,draw_62,draw_63,draw_64,draw_65,draw_66,draw_67,draw_68,draw_69,draw_70,draw_71,draw_72,draw_73,draw_74,draw_75,draw_76,draw_77,draw_78,draw_79,draw_80,draw_81,draw_82,draw_83,draw_84,draw_85,draw_86,draw_87,draw_88,draw_89,draw_90,draw_91,draw_92,draw_93,draw_94,draw_95,draw_96,draw_97,draw_98,draw_99,draw_100,draw_101,draw_102,draw_103,draw_104,draw_105,draw_106,draw_107,draw_108,draw_109,draw_110,draw_111,draw_112,draw_113,draw_114,draw_115,draw_116,draw_117,draw_118,draw_119,draw_120,draw_121,draw_122,draw_123,draw_124,draw_125,draw_126,draw_127,draw_128,draw_129,draw_130,draw_131,draw_132,draw_133,draw_134,draw_135,draw_136,draw_137,draw_138,draw_139,draw_140,draw_141,draw_142,draw_143,draw_144,draw_145,draw_146,draw_147,draw_148,draw_149,draw_150,draw_151,draw_152,draw_153,draw_154,draw_155,draw_156,draw_157,draw_158,draw_159,draw_160,draw_161,draw_162,draw_163,draw_164,draw_165,draw_166,draw_167,draw_168,draw_169,draw_170,draw_171,draw_172,draw_173,draw_174,draw_175,draw_176,draw_177,draw_178,draw_179,draw_180,draw_181,draw_182,draw_183,draw_184,draw_185,draw_186,draw_187,draw_188,draw_189,draw_190,draw_191,draw_192,draw_193,draw_194,draw_195,draw_196,draw_197,draw_198,draw_199
1996,1,9,prevalence,0.056910569105691054,0.0,0.0,0.019736842105263157,0.0,0.0,0.0031007751937984496,0.0016155088852988692,0.0,0.003367003367003367,0.0,0.054187192118226604,0.0017006802721088435,0.001589825119236884,0.0,0.0016835016835016834,0.07166123778501629,0.0,0.0015552099533437014,0.05194805194805195,0.001597444089456869,0.06507936507936508,0.0016366612111292963,0.0,0.0,0.004830917874396135,0.0032679738562091504,0.0,0.0016420361247947454,0.0015873015873015873,0.05657492354740061,0.0015873015873015873,0.0015128593040847202,0.0,0.0995260663507109,0.0,0.0,0.04746835443037975,0.011023622047244094,0.003105590062111801,0.0015527950310559005,0.042682926829268296,0.0031201248049922,0.001594896331738437,0.0015600624024961,0.01854714064914992,0.2721518987341772,0.004658385093167702,0.0015384615384615385,0.17289719626168223,0.003134796238244514,0.0,0.0030581039755351682,0.001557632398753894,0.08235294117647059,0.07431340872374798,0.10508474576271186,0.005145797598627788,0.0,0.11311475409836065,0.10810810810810811,0.1971608832807571,0.021052631578947368,0.004672897196261682,0.0,0.003355704697986577,0.0015267175572519084,0.0030257186081694403,0.006134969325153374,0.01848998459167951,0.0,0.0015527950310559005,0.03058103975535168,0.030120481927710843,0.05329153605015674,0.016474464579901153,0.0015723270440251573,0.0,0.04588607594936709,0.0014749262536873156,0.11217948717948718,0.0046801872074883,0.0016366612111292963,0.07278481012658228,0.001579778830963665,0.0,0.0,0.0196078431372549,0.0,0.0,0.003305785123966942,0.0032679738562091504,0.029411764705882353,0.0015174506828528073,0.05687203791469194,0.05581395348837209,0.0015698587127158557,0.01948051948051948,0.0030257186081694403,0.125948406676783,0.004807692307692308,0.0,0.0,0.06853582554517133,0.07668711656441718,0.08372093023255814,0.0015174506828528073,0.0015384615384615385,0.027993779160186624,0.008361204013377926,0.05837173579109063,0.015503875968992248,0.136,0.0016501650165016502,0.0015479876160990713,0.041728763040238454,0.004830917874396135,0.11198738170347003,0.07654723127035831,0.0,0.00967741935483871,0.04807692307692308,0.01557632398753894,0.09806835066864784,0.0015923566878980893,0.021374045801526718,0.026446280991735537,0.004754358161648178,0.0907563025210084,0.0031446540880503146,0.022151898734177215,0.043209876543209874,0.050078247261345854,0.11735537190082644,0.0061823802163833074,0.003278688524590164,0.0243161094224924,0.010802469135802469,0.0,0.1277533039647577,0.054009819967266774,0.084070796460177,0.0,0.03169572107765452,0.006482982171799027,0.049206349206349205,0.13432835820895522,0.03225806451612903,0.0,0.012364760432766615,0.046849757673667204,0.10954616588419405,0.09062980030721966,0.07467532467532467,0.0,0.12598425196850394,0.1527331189710611,0.10378912685337727,0.03255813953488372,0.03453453453453453,0.04723127035830619,0.11205432937181664,0.0,0.0374414976599064,0.08128834355828221,0.16747181964573268,0.0,0.0,0.02843601895734597,0.0625,0.25308641975308643,0.0,0.0,0.19594594594594594,0.017770597738287562,0.09422492401215805,0.0,0.0031496062992125984,0.018456375838926176,0.05177993527508091,0.0,0.001610305958132045,0.0048543689320388345,0.054858934169279,0.1165644171779141,0.0,0.1467304625199362,0.0015384615384615385,0.001567398119122257,0.0,0.0,0.03761755485893417,0.11773472429210134,0.0014947683109118087,0.02471169686985173,0.07025411061285501,0.06441717791411043,0.003105590062111801,0.0,0.0
1997,1,9,prevalence,0.04957264957264957,0.0,0.0,0.02195945945945946,0.0,0.0,0.0016129032258064516,0.0,0.0,0.0017211703958691911,0.0,0.056856187290969896,0.0,0.00338409475465313,0.0,0.0017605633802816902,0.06711409395973154,0.0,0.0,0.046224961479198766,0.0,0.06873977086743044,0.0017574692442882249,0.0,0.001557632398753894,0.0016891891891891893,0.005154639175257732,0.0,0.0016501650165016502,0.003189792663476874,0.10366826156299841,0.001597444089456869,0.0,0.0,0.065,0.0,0.0,0.03915171288743882,0.008517887563884156,0.003305785123966942,0.0016025641025641025,0.03955696202531646,0.0032310177705977385,0.0,0.0,0.045234248788368334,0.22422258592471359,0.0016051364365971107,0.0015527950310559005,0.1564625850340136,0.0031746031746031746,0.0,0.0016260162601626016,0.0016339869281045752,0.09278350515463918,0.06988352745424292,0.1232876712328767,0.00528169014084507,0.0,0.09515859766277128,0.10403726708074534,0.1731748726655348,0.021739130434782608,0.0046875,0.0,0.003436426116838488,0.0015822784810126582,0.0015873015873015873,0.008130081300813009,0.0110062893081761,0.0,0.001579778830963665,0.02875399361022364,0.01694915254237288,0.05501618122977346,0.02982456140350877,0.0015873015873015873,0.0,0.03241491085899514,0.001524390243902439,0.09682804674457429,0.003284072249589491,0.0016722408026755853,0.09033280507131537,0.0016778523489932886,0.0,0.001644736842105263,0.015082956259426848,0.0,0.0,0.005042016806722689,0.0017574692442882249,0.0544,0.0,0.03924646781789639,0.04953560371517028,0.0016051364365971107,0.035175879396984924,0.0031746031746031746,0.10832025117739404,0.003257328990228013,0.0,0.0,0.0608,0.07479674796747968,0.11163522012578617,0.0015527950310559005,0.0015698587127158557,0.02,0.011884550084889643,0.07348242811501597,0.019448946515397084,0.1636060100166945,0.0,0.0015698587127158557,0.098256735340729,0.0034423407917383822,0.1237785016286645,0.07202680067001675,0.0,0.014423076923076924,0.02666666666666667,0.011308562197092083,0.10194174757281553,0.0016366612111292963,0.008116883116883116,0.02857142857142857,0.0016835016835016834,0.07475083056478406,0.004815409309791332,0.020066889632107024,0.06614173228346457,0.030595813204508857,0.1152542372881356,0.0176,0.0033783783783783786,0.03114754098360656,0.01263823064770932,0.0,0.08372827804107424,0.05555555555555555,0.05909090909090909,0.0,0.025167785234899327,0.004934210526315789,0.04159733777038269,0.136986301369863,0.01788617886178862,0.0,0.011513157894736841,0.03231017770597738,0.12195121951219512,0.09018987341772151,0.09298245614035087,0.0016051364365971107,0.119281045751634,0.14638157894736842,0.09137931034482759,0.0304,0.02258064516129032,0.0297029702970297,0.10217755443886097,0.0,0.03442622950819672,0.07309486780715396,0.1414141414141414,0.0,0.0,0.04700162074554295,0.04430379746835443,0.20376175548589343,0.0,0.0017513134851138354,0.13368055555555555,0.02106969205834684,0.10366826156299841,0.0032626427406199023,0.003179650238473768,0.03231292517006803,0.07419898819561552,0.0,0.0017094017094017094,0.0032310177705977385,0.05203252032520325,0.14149443561208266,0.0,0.1314935064935065,0.0015923566878980893,0.001658374792703151,0.0015313935681470138,0.0015748031496062992,0.04409448818897638,0.09891808346213292,0.0015698587127158557,0.01517706576728499,0.05873261205564142,0.0784,0.001610305958132045,0.0014285714285714286,0.0
1998,1,9,prevalence,0.030927835051546393,0.0,0.0,0.01353637901861252,0.0,0.0016,0.001644736842105263,0.0032520325203252032,0.0,0.001694915254237288,0.0,0.07641196013289037,0.0,0.0033277870216306157,0.0,0.0017482517482517483,0.05834683954619125,0.0,0.0,0.07987220447284345,0.0,0.04730831973898858,0.0,0.0015527950310559005,0.001594896331738437,0.0017064846416382253,0.008503401360544218,0.0,0.0016722408026755853,0.0015873015873015873,0.1056,0.0,0.0,0.0,0.0711864406779661,0.0,0.0,0.03420195439739414,0.011904761904761904,0.0,0.0015772870662460567,0.033846153846153845,0.003284072249589491,0.0016025641025641025,0.0,0.04785478547854786,0.2467948717948718,0.0016666666666666668,0.0015772870662460567,0.12436974789915967,0.003179650238473768,0.0,0.001567398119122257,0.001694915254237288,0.08547008547008547,0.10967741935483871,0.13179571663920922,0.003472222222222222,0.003048780487804878,0.09640522875816994,0.08384146341463415,0.2113144758735441,0.03296703296703297,0.009771986970684038,0.0030959752321981426,0.003355704697986577,0.001584786053882726,0.0015873015873015873,0.006514657980456026,0.0109717868338558,0.0,0.0,0.01938610662358643,0.0171606864274571,0.019639934533551555,0.02782608695652174,0.001610305958132045,0.0,0.032948929159802305,0.0015479876160990713,0.0847457627118644,0.0016474464579901153,0.0016501650165016502,0.0932475884244373,0.0017064846416382253,0.0,0.0016556291390728477,0.007564296520423601,0.001639344262295082,0.0,0.004975124378109453,0.0017985611510791368,0.06677265500794913,0.0,0.0453125,0.06739811912225706,0.0016,0.03885135135135135,0.0031746031746031746,0.13949843260188088,0.0032948929159802307,0.0,0.0,0.05161290322580645,0.03656597774244833,0.1389776357827476,0.0015552099533437014,0.003134796238244514,0.006644518272425249,0.001610305958132045,0.05930807248764415,0.016420361247947456,0.15719063545150502,0.0,0.0016556291390728477,0.1253968253968254,0.006756756756756757,0.1568627450980392,0.03764320785597381,0.0,0.011345218800648298,0.04433497536945813,0.01468189233278956,0.13050570962479607,0.0016366612111292963,0.006557377049180328,0.032362459546925564,0.0016891891891891893,0.07333333333333333,0.004934210526315789,0.02847571189279732,0.11755485893416928,0.030254777070063694,0.09121621621621621,0.037209302325581395,0.0016638935108153079,0.014950166112956811,0.0208,0.0,0.09046849757673667,0.06467661691542288,0.04400606980273141,0.0016420361247947454,0.006546644844517185,0.004901960784313725,0.07925801011804384,0.13131313131313133,0.008103727714748784,0.0,0.006633499170812604,0.032362459546925564,0.1477832512315271,0.0919175911251981,0.08754208754208755,0.0016313213703099511,0.08986928104575163,0.10197368421052631,0.1035653650254669,0.037914691943127965,0.03194888178913738,0.028391167192429023,0.08333333333333333,0.0,0.03650793650793651,0.055031446540880505,0.14189189189189189,0.0,0.0016025641025641025,0.05263157894736842,0.0768025078369906,0.14006514657980457,0.0,0.0016863406408094434,0.10051993067590988,0.05271828665568369,0.09433962264150944,0.003246753246753247,0.005,0.028764805414551606,0.07859531772575251,0.0,0.0017094017094017094,0.008547008547008548,0.08695652173913043,0.12832550860719874,0.0,0.10163934426229508,0.001594896331738437,0.0016474464579901153,0.0015455950540958269,0.0030816640986132513,0.055379746835443035,0.08782742681047766,0.0015408320493066256,0.017094017094017096,0.07418856259659969,0.07766990291262135,0.0016835016835016834,0.0014534883720930232,0.0
1999,1,9,prevalence,0.030560271646859084,0.0,0.001584786053882726,0.00676818950930626,0.0,0.0032102728731942215,0.0016155088852988692,0.004885993485342019,0.0,0.001639344262295082,0.0016,0.07643312101910828,0.007079646017699115,0.0016501650165016502,0.0,0.003527336860670194,0.03727714748784441,0.0,0.0,0.09917355371900827,0.001594896331738437,0.05289256198347107,0.0,0.0031645569620253164,0.001597444089456869,0.0017123287671232876,0.006622516556291391,0.0,0.001669449081803005,0.0015723270440251573,0.11764705882352941,0.0,0.0,0.0,0.06343906510851419,0.0,0.0,0.04065040650406504,0.01384083044982699,0.0016025641025641025,0.0,0.04376012965964344,0.0016722408026755853,0.0016025641025641025,0.0,0.036303630363036306,0.14653784219001612,0.001694915254237288,0.0016129032258064516,0.12687813021702837,0.003316749585406302,0.0,0.001584786053882726,0.0033112582781456954,0.0979020979020979,0.13659359190556492,0.16123778501628663,0.001697792869269949,0.0015625,0.10161290322580645,0.10172143974960876,0.24796084828711257,0.03582554517133956,0.008116883116883116,0.003048780487804878,0.0017123287671232876,0.001589825119236884,0.0031545741324921135,0.013311148086522463,0.009478672985781991,0.0,0.0,0.024115755627009645,0.0189873417721519,0.009852216748768473,0.025210084033613446,0.0015408320493066256,0.0,0.037162162162162164,0.001584786053882726,0.0919931856899489,0.0015772870662460567,0.001652892561983471,0.12441679626749612,0.0017513134851138354,0.0016207455429497568,0.003236245954692557,0.0045045045045045045,0.0016366612111292963,0.0,0.0033333333333333335,0.001841620626151013,0.049441786283891544,0.0,0.05873015873015873,0.07728706624605679,0.0,0.03209459459459459,0.0016260162601626016,0.1484992101105845,0.0016313213703099511,0.0,0.0,0.04384485666104553,0.033816425120772944,0.1751592356687898,0.0015822784810126582,0.00641025641025641,0.0016313213703099511,0.01155115511551155,0.06988352745424292,0.01669449081803005,0.1494057724957555,0.0,0.001639344262295082,0.14668769716088328,0.005154639175257732,0.1449044585987261,0.03289473684210526,0.0,0.013050570962479609,0.027597402597402596,0.022913256955810146,0.10967741935483871,0.0016181229773462784,0.0,0.028846153846153848,0.0033500837520938024,0.10016155088852989,0.004830917874396135,0.026755852842809364,0.12341772151898735,0.041666666666666664,0.11222780569514237,0.049206349206349205,0.0016420361247947454,0.017857142857142856,0.037914691943127965,0.0,0.038461538461538464,0.050335570469798654,0.0352760736196319,0.0016806722689075631,0.003205128205128205,0.004784688995215311,0.05676126878130217,0.13298791018998274,0.0015923566878980893,0.0,0.009917355371900827,0.026402640264026403,0.16286644951140064,0.09470304975922954,0.051580698835274545,0.0,0.09283387622149837,0.07704918032786885,0.12220309810671257,0.028346456692913385,0.035256410256410256,0.014516129032258065,0.06386554621848739,0.0,0.03776683087027915,0.041474654377880185,0.1461794019933555,0.0,0.006369426751592357,0.05763239875389408,0.06539074960127592,0.11848341232227488,0.0,0.005136986301369863,0.05342237061769616,0.045234248788368334,0.0970724191063174,0.0016155088852988692,0.011884550084889643,0.02195945945945946,0.06712564543889846,0.0,0.0016891891891891893,0.01864406779661017,0.08717105263157894,0.1465648854961832,0.0,0.06197654941373534,0.0032,0.0017094017094017094,0.0014858841010401188,0.0031645569620253164,0.057233704292527825,0.08308157099697885,0.0015313935681470138,0.017857142857142856,0.061128526645768025,0.1040650406504065,0.0,0.0,0.001440922190201729
2000,1,9,prevalence,0.015570934256055362,0.001658374792703151,0.0015552099533437014,0.008305647840531562,0.0,0.0031645569620253164,0.0015822784810126582,0.0,0.0,0.0016420361247947454,0.0016420361247947454,0.060556464811783964,0.0034542314335060447,0.0,0.0,0.003367003367003367,0.036243822075782535,0.0,0.0,0.06365159128978225,0.003215434083601286,0.0632279534109817,0.0,0.0031545741324921135,0.001589825119236884,0.001694915254237288,0.008183306055646482,0.0,0.003236245954692557,0.0015337423312883436,0.10361067503924647,0.0,0.0,0.0,0.05970149253731343,0.0,0.0,0.03316749585406302,0.010638297872340425,0.0016313213703099511,0.0,0.03864734299516908,0.0,0.0016778523489932886,0.0,0.033925686591276254,0.16987179487179488,0.001718213058419244,0.001567398119122257,0.13322091062394603,0.004838709677419355,0.0,0.0015625,0.004975124378109453,0.06304728546409807,0.1579861111111111,0.15196078431372548,0.0,0.0016,0.08441558441558442,0.08641975308641975,0.25895765472312704,0.03442879499217527,0.009630818619582664,0.0015360983102918587,0.0016420361247947454,0.0016420361247947454,0.004807692307692308,0.014950166112956811,0.006493506493506494,0.0,0.0,0.024509803921568627,0.028662420382165606,0.006568144499178982,0.016339869281045753,0.003110419906687403,0.0,0.026578073089700997,0.0016233766233766235,0.06814310051107325,0.0,0.003367003367003367,0.16043613707165108,0.0017035775127768314,0.0016233766233766235,0.003284072249589491,0.0060790273556231,0.0032679738562091504,0.0,0.0016835016835016834,0.0,0.07109004739336493,0.0,0.056074766355140186,0.07317073170731707,0.0,0.02037351443123939,0.0,0.12101910828025478,0.0016666666666666668,0.0,0.0,0.03035413153456998,0.03215434083601286,0.2368839427662957,0.0,0.009404388714733543,0.01011804384485666,0.011475409836065573,0.06357388316151202,0.017973856209150325,0.13402061855670103,0.0,0.001669449081803005,0.10965630114566285,0.0034129692832764505,0.14869281045751634,0.019169329073482427,0.0,0.036065573770491806,0.014634146341463415,0.02773246329526917,0.10466988727858294,0.0,0.0,0.024115755627009645,0.0032948929159802307,0.15609756097560976,0.0032520325203252032,0.041237113402061855,0.19169329073482427,0.01740506329113924,0.10085470085470086,0.07479674796747968,0.001669449081803005,0.027642276422764227,0.040880503144654086,0.0,0.04019292604501608,0.05272108843537415,0.023148148148148147,0.001736111111111111,0.006557377049180328,0.003134796238244514,0.05271828665568369,0.1054481546572935,0.0048,0.0,0.003246753246753247,0.026845637583892617,0.11428571428571428,0.0998389694041868,0.06229508196721312,0.0,0.08429752066115702,0.06589785831960461,0.1636060100166945,0.016129032258064516,0.03376205787781351,0.01644736842105263,0.048252911813643926,0.0,0.03453947368421053,0.047976011994003,0.1024793388429752,0.0016,0.006379585326953748,0.058084772370486655,0.05598755832037325,0.08602150537634409,0.0,0.005067567567567568,0.046052631578947366,0.05152979066022544,0.09937888198757763,0.0016155088852988692,0.006825938566552901,0.01870748299319728,0.06260869565217392,0.0,0.0033277870216306157,0.025380710659898477,0.08061749571183534,0.15861027190332327,0.0,0.05863192182410423,0.0,0.0,0.0014792899408284023,0.003134796238244514,0.06260032102728733,0.1076923076923077,0.0015822784810126582,0.015220700152207,0.05846153846153846,0.09577922077922078,0.0,0.0,0.0
2001,1,9,prevalence,0.01733102253032929,0.00322061191626409,0.003105590062111801,0.011513157894736841,0.0,0.003257328990228013,0.0,0.0,0.004792332268370607,0.001610305958132045,0.0015552099533437014,0.05331179321486268,0.006700167504187605,0.0,0.0,0.0033222591362126247,0.06218487394957983,0.0,0.0,0.06919275123558484,0.0032,0.05365853658536585,0.0,0.003189792663476874,0.0015772870662460567,0.0016806722689075631,0.008319467554076539,0.0,0.0032310177705977385,0.0,0.10289389067524116,0.0,0.0,0.0015873015873015873,0.0670926517571885,0.0,0.0,0.039316239316239315,0.011904761904761904,0.001639344262295082,0.0,0.02922077922077922,0.0,0.003367003367003367,0.001584786053882726,0.019704433497536946,0.1412151067323481,0.001718213058419244,0.0016474464579901153,0.08180300500834725,0.0049586776859504135,0.0015267175572519084,0.0015151515151515152,0.0033500837520938024,0.040421792618629174,0.19829059829059828,0.12274959083469722,0.0016129032258064516,0.001594896331738437,0.08466453674121406,0.078125,0.23011844331641285,0.021806853582554516,0.009584664536741214,0.0015337423312883436,0.0016155088852988692,0.0016233766233766235,0.00510204081632653,0.033783783783783786,0.004966887417218543,0.0,0.0,0.03523489932885906,0.014492753623188406,0.014705882352941176,0.016923076923076923,0.0032,0.0,0.03289473684210526,0.0016129032258064516,0.10149750415973377,0.0015923566878980893,0.0033444816053511705,0.16149068322981366,0.003372681281618887,0.001697792869269949,0.00338409475465313,0.009104704097116844,0.0016611295681063123,0.0,0.0016835016835016834,0.0,0.06220095693779904,0.0,0.03930817610062893,0.0592,0.0,0.02152317880794702,0.0,0.12052117263843648,0.001697792869269949,0.0,0.0016666666666666668,0.030303030303030304,0.01468189233278956,0.25535168195718655,0.0,0.0141287284144427,0.011075949367088608,0.013008130081300813,0.08333333333333333,0.009933774834437087,0.11864406779661017,0.0,0.001644736842105263,0.13258785942492013,0.0035087719298245615,0.16286644951140064,0.014516129032258065,0.0,0.050243111831442464,0.007836990595611285,0.02926829268292683,0.11386138613861387,0.0,0.0,0.02287581699346405,0.003278688524590164,0.14590163934426228,0.003246753246753247,0.050347222222222224,0.2523961661341853,0.022328548644338118,0.08774834437086093,0.07378335949764521,0.0,0.02459016393442623,0.0796875,0.0,0.04107424960505529,0.05747126436781609,0.021035598705501618,0.0017667844522968198,0.006791171477079796,0.0015772870662460567,0.05518394648829431,0.1330998248686515,0.004739336492890996,0.0,0.009554140127388535,0.029801324503311258,0.09369951534733441,0.08112582781456953,0.07729468599033816,0.001639344262295082,0.09849749582637729,0.04508856682769726,0.1744186046511628,0.0180623973727422,0.041390728476821195,0.006611570247933884,0.05254237288135593,0.0,0.02631578947368421,0.05349182763744428,0.10252100840336134,0.001607717041800643,0.00487012987012987,0.08074534161490683,0.05598755832037325,0.07559055118110236,0.0,0.0049586776859504135,0.04355108877721943,0.07852564102564102,0.07355242566510173,0.0016286644951140066,0.008547008547008548,0.016863406408094434,0.06589785831960461,0.0,0.00333889816360601,0.039735099337748346,0.13080895008605853,0.1328358208955224,0.0,0.06291390728476821,0.0,0.0,0.0014792899408284023,0.0031007751937984496,0.025157232704402517,0.09722222222222222,0.001597444089456869,0.009259259259259259,0.0713128038897893,0.08780487804878048,0.0,0.0,0.0
2002,1,9,prevalence,0.013745704467353952,0.00473186119873817,0.003076923076923077,0.00966183574879227,0.0,0.004918032786885246,0.0,0.0017123287671232876,0.0,0.001567398119122257,0.0016181229773462784,0.05564387917329094,0.0048543689320388345,0.0,0.0,0.003246753246753247,0.06741573033707865,0.0,0.0031545741324921135,0.05872756933115824,0.003284072249589491,0.04340836012861737,0.0,0.0032102728731942215,0.001567398119122257,0.0,0.021666666666666667,0.0,0.0016,0.0,0.12741935483870967,0.0032102728731942215,0.001736111111111111,0.0016474464579901153,0.033707865168539325,0.0,0.0,0.047619047619047616,0.011904761904761904,0.0016366612111292963,0.0,0.028081123244929798,0.001584786053882726,0.0032310177705977385,0.0032258064516129032,0.016891891891891893,0.125,0.0017391304347826088,0.0016313213703099511,0.08877721943048576,0.0,0.0014925373134328358,0.0,0.001697792869269949,0.015280135823429542,0.1440677966101695,0.19283276450511946,0.0031746031746031746,0.0048,0.08682170542635659,0.05564387917329094,0.24092409240924093,0.014354066985645933,0.01875,0.0015337423312883436,0.001579778830963665,0.001589825119236884,0.0049833887043189366,0.04786324786324787,0.003205128205128205,0.0,0.0,0.039383561643835614,0.006734006734006734,0.008064516129032258,0.012084592145015106,0.001658374792703151,0.0015267175572519084,0.05194805194805195,0.001597444089456869,0.14143094841930118,0.0032310177705977385,0.0033783783783783786,0.1805111821086262,0.001697792869269949,0.0017152658662092624,0.0049833887043189366,0.009287925696594427,0.0,0.0,0.0,0.0,0.0828125,0.0016181229773462784,0.015723270440251572,0.05379746835443038,0.0,0.026101141924959218,0.0016611295681063123,0.1111111111111111,0.0050933786078098476,0.0,0.0016778523489932886,0.02823920265780731,0.008305647840531562,0.19329073482428116,0.0,0.02090032154340836,0.011075949367088608,0.006462035541195477,0.0928,0.02195945945945946,0.1388888888888889,0.0,0.0,0.1347068145800317,0.0017421602787456446,0.1134185303514377,0.045813586097946286,0.0016722408026755853,0.05374592833876222,0.012987012987012988,0.02145214521452145,0.1477832512315271,0.0,0.0,0.023064250411861616,0.0031201248049922,0.1377049180327869,0.0033003300330033004,0.043029259896729774,0.2714285714285714,0.027419354838709678,0.07679465776293823,0.09886547811993517,0.0,0.02348993288590604,0.144,0.0,0.03656597774244833,0.08482871125611746,0.04451510333863275,0.0017825311942959,0.0016891891891891893,0.0015748031496062992,0.07804878048780488,0.15151515151515152,0.012987012987012988,0.001610305958132045,0.011023622047244094,0.029950083194675542,0.057755775577557754,0.05844155844155844,0.04340836012861737,0.0,0.08955223880597014,0.03110419906687403,0.17546848381601363,0.014308426073131956,0.029801324503311258,0.003284072249589491,0.04833333333333333,0.0017667844522968198,0.056105610561056105,0.060790273556231005,0.14869281045751634,0.001692047377326565,0.004878048780487805,0.07631160572337042,0.06141732283464567,0.05379746835443038,0.0,0.0032310177705977385,0.03642384105960265,0.09405940594059406,0.0707395498392283,0.0016501650165016502,0.006578947368421052,0.014975041597337771,0.05501618122977346,0.0016474464579901153,0.003355704697986577,0.054455445544554455,0.12727272727272726,0.10151515151515152,0.0,0.03273322422258593,0.0,0.0,0.0015151515151515152,0.004709576138147566,0.05055292259083728,0.08372827804107424,0.0016339869281045752,0.009287925696594427,0.08681135225375626,0.059800664451827246,0.0,0.001610305958132045,0.0
2003,1,9,prevalence,0.010416666666666666,0.0047169811320754715,0.0,0.015822784810126583,0.0016207455429497568,0.0047694753577106515,0.0,0.0017211703958691911,0.0,0.001567398119122257,0.0016181229773462784,0.056074766355140186,0.003278688524590164,0.0,0.0,0.001607717041800643,0.06612903225806452,0.0,0.0015923566878980893,0.044407894736842105,0.003246753246753247,0.06655574043261231,0.0,0.003316749585406302,0.0015625,0.004862236628849271,0.016891891891891893,0.0,0.001658374792703151,0.0,0.11782945736434108,0.003129890453834116,0.0017889087656529517,0.0015923566878980893,0.022764227642276424,0.0014903129657228018,0.0,0.030595813204508857,0.013628620102214651,0.001644736842105263,0.0,0.028662420382165606,0.0,0.0033277870216306157,0.0016260162601626016,0.014975041597337771,0.08466453674121406,0.0016806722689075631,0.0016501650165016502,0.08828522920203735,0.0,0.0,0.0,0.0016666666666666668,0.011884550084889643,0.1266891891891892,0.17483660130718953,0.003125,0.0033500837520938024,0.07371794871794872,0.037914691943127965,0.24052718286655683,0.019138755980861243,0.01567398119122257,0.0,0.001564945226917058,0.0016286644951140066,0.00487012987012987,0.04521739130434783,0.004885993485342019,0.0,0.0,0.036020583190394515,0.0,0.007849293563579277,0.020569620253164556,0.003367003367003367,0.0030165912518853697,0.06229508196721312,0.001589825119236884,0.14666666666666667,0.0016260162601626016,0.0016501650165016502,0.1987281399046105,0.0017574692442882249,0.0033333333333333335,0.0032520325203252032,0.0109717868338558,0.0,0.0,0.0,0.0,0.09162717219589257,0.001658374792703151,0.021487603305785124,0.048154093097913325,0.0016556291390728477,0.008305647840531562,0.001658374792703151,0.14018691588785046,0.004966887417218543,0.0,0.001639344262295082,0.038397328881469114,0.0066555740432612314,0.1677115987460815,0.0,0.024311183144246355,0.016,0.004694835680751174,0.08917197452229299,0.013582342954159592,0.11607142857142858,0.0,0.0,0.10132890365448505,0.0017421602787456446,0.09838709677419355,0.07350689127105667,0.0016666666666666668,0.05663430420711974,0.025477707006369428,0.02034428794992175,0.18092105263157895,0.0,0.0016260162601626016,0.03697478991596639,0.0031847133757961785,0.0993485342019544,0.0032310177705977385,0.047775947281713346,0.2358490566037736,0.01592356687898089,0.06844741235392321,0.1008130081300813,0.0,0.018302828618968387,0.1984251968503937,0.0,0.04809286898839138,0.08780487804878048,0.06420545746388442,0.0017543859649122807,0.0016750418760469012,0.001564945226917058,0.07062600321027288,0.1118421052631579,0.013513513513513514,0.0016181229773462784,0.00966183574879227,0.03436426116838488,0.056910569105691054,0.0592,0.03896103896103896,0.0,0.10884353741496598,0.029411764705882353,0.12758620689655173,0.00964630225080386,0.03565640194489465,0.0016611295681063123,0.057947019867549666,0.003484320557491289,0.061788617886178863,0.04461538461538461,0.125,0.0,0.004966887417218543,0.07131537242472266,0.09062003179650238,0.049206349206349205,0.0016286644951140066,0.003246753246753247,0.024115755627009645,0.11147011308562198,0.07424960505529225,0.0,0.020933977455716585,0.016129032258064516,0.07006369426751592,0.001589825119236884,0.0,0.08986928104575163,0.1111111111111111,0.05206738131699847,0.0,0.03387096774193549,0.0,0.0,0.0015552099533437014,0.0030303030303030303,0.047244094488188976,0.09015025041736227,0.0016778523489932886,0.0121580547112462,0.06818181818181818,0.06414473684210527,0.001697792869269949,0.0016155088852988692,0.0
2004,1,9,prevalence,0.020477815699658702,0.004746835443037975,0.0,0.008116883116883116,0.0015600624024961,0.004807692307692308,0.0,0.001669449081803005,0.0,0.0,0.0016313213703099511,0.027607361963190184,0.0032258064516129032,0.0,0.0,0.0015600624024961,0.05813953488372093,0.0,0.001644736842105263,0.038461538461538464,0.0031397174254317113,0.05929487179487179,0.0,0.0034602076124567475,0.001567398119122257,0.004792332268370607,0.02040816326530612,0.0,0.0016260162601626016,0.0,0.11746031746031746,0.004672897196261682,0.0017793594306049821,0.0016339869281045752,0.030844155844155844,0.0014534883720930232,0.0,0.026936026936026935,0.012131715771230503,0.001669449081803005,0.0,0.013157894736842105,0.0,0.0033222591362126247,0.001652892561983471,0.011532125205930808,0.09409888357256778,0.003424657534246575,0.0016501650165016502,0.12776831345826234,0.0,0.0,0.0,0.0016339869281045752,0.005110732538330494,0.12199036918138041,0.14803149606299212,0.004651162790697674,0.003305785123966942,0.06010016694490818,0.033816425120772944,0.20230263157894737,0.02073365231259968,0.009375,0.0,0.001579778830963665,0.0,0.004901960784313725,0.04591836734693878,0.005008347245409015,0.0,0.0,0.0273972602739726,0.0,0.0,0.025954198473282442,0.003316749585406302,0.0015337423312883436,0.06026058631921824,0.0016181229773462784,0.16611295681063123,0.001607717041800643,0.0016366612111292963,0.19175911251980982,0.0035398230088495575,0.003278688524590164,0.006622516556291391,0.01935483870967742,0.0,0.0,0.005,0.0,0.096,0.0,0.011475409836065573,0.05368098159509203,0.004909983633387889,0.02138157894736842,0.0032948929159802307,0.208955223880597,0.0016339869281045752,0.0,0.004991680532445923,0.041050903119868636,0.0,0.10935023771790808,0.001584786053882726,0.03508771929824561,0.00641025641025641,0.00631911532385466,0.09133858267716535,0.008389261744966443,0.1088560885608856,0.0,0.0,0.09900990099009901,0.0017094017094017094,0.08990536277602523,0.103125,0.0,0.04552845528455285,0.033816425120772944,0.009146341463414634,0.1347068145800317,0.003355704697986577,0.003305785123966942,0.029459901800327332,0.0031847133757961785,0.05958132045088567,0.006514657980456026,0.026936026936026935,0.19654088050314467,0.00967741935483871,0.04833333333333333,0.09470304975922954,0.0,0.017741935483870968,0.2962962962962963,0.0,0.07718120805369127,0.06135986733001658,0.060655737704918035,0.0,0.0,0.0015455950540958269,0.06393442622950819,0.0985691573926868,0.006745362563237774,0.001669449081803005,0.006568144499178982,0.04631217838765009,0.05392156862745098,0.05799373040752351,0.03577235772357724,0.0,0.1523972602739726,0.019969278033794162,0.09540034071550256,0.023809523809523808,0.022292993630573247,0.0016863406408094434,0.0625,0.0034129692832764505,0.042789223454833596,0.05092592592592592,0.08562197092084006,0.0,0.004815409309791332,0.08557844690966719,0.08346709470304976,0.07264296754250386,0.0016313213703099511,0.0032258064516129032,0.03481012658227848,0.10552763819095477,0.08667736757624397,0.0,0.04,0.011419249592169658,0.06913183279742766,0.0015360983102918587,0.0,0.10130718954248366,0.07894736842105263,0.05701078582434515,0.0,0.03636363636363636,0.0,0.0,0.0015600624024961,0.003105590062111801,0.044444444444444446,0.07804878048780488,0.0016051364365971107,0.015267175572519083,0.0625,0.06546644844517185,0.001669449081803005,0.0016129032258064516,0.0015503875968992248
2005,1,9,prevalence,0.02707275803722504,0.003215434083601286,0.0,0.009302325581395349,0.0016181229773462784,0.00487012987012987,0.0,0.001669449081803005,0.0,0.0,0.0016181229773462784,0.023291925465838508,0.0031645569620253164,0.0016313213703099511,0.0,0.0015527950310559005,0.03571428571428571,0.0,0.0016,0.05518394648829431,0.0032102728731942215,0.04390243902439024,0.0,0.0016863406408094434,0.0,0.001610305958132045,0.021775544388609715,0.0,0.0016155088852988692,0.0,0.1152073732718894,0.004784688995215311,0.0,0.003316749585406302,0.04304635761589404,0.0,0.0,0.01639344262295082,0.014109347442680775,0.0,0.0,0.00964630225080386,0.0,0.0,0.0033112582781456954,0.008503401360544218,0.09722222222222222,0.0035398230088495575,0.0,0.21746293245469522,0.006611570247933884,0.0,0.0,0.0016366612111292963,0.0017123287671232876,0.1480891719745223,0.0989010989010989,0.0015384615384615385,0.003395585738539898,0.056572379367720464,0.04552845528455285,0.11587301587301588,0.014285714285714285,0.00946372239747634,0.0,0.0015698587127158557,0.0,0.003236245954692557,0.07272727272727272,0.004991680532445923,0.0,0.0033500837520938024,0.04145077720207254,0.0,0.0,0.03697996918335902,0.003367003367003367,0.0015267175572519084,0.08214849921011058,0.0016051364365971107,0.18592964824120603,0.0015748031496062992,0.0033333333333333335,0.20280811232449297,0.0034782608695652175,0.003316749585406302,0.0016835016835016834,0.0176,0.0,0.0,0.0032310177705977385,0.0,0.09076433121019108,0.0,0.013289036544850499,0.03840245775729647,0.0032679738562091504,0.01680672268907563,0.003395585738539898,0.22948328267477203,0.001692047377326565,0.0,0.006589785831960461,0.03215434083601286,0.00644122383252818,0.08647798742138364,0.004777070063694267,0.048859934853420196,0.003246753246753247,0.007751937984496124,0.08144796380090498,0.011904761904761904,0.12338858195211787,0.0,0.0,0.11262798634812286,0.0016835016835016834,0.0985691573926868,0.08864696734059098,0.001607717041800643,0.04227642276422764,0.036243822075782535,0.015151515151515152,0.1500789889415482,0.003367003367003367,0.0032733224222585926,0.015748031496062992,0.0032258064516129032,0.05958132045088567,0.007836990595611285,0.03535353535353535,0.15625,0.0049261083743842365,0.052980132450331126,0.06745362563237774,0.0,0.007936507936507936,0.29952456418383516,0.0016806722689075631,0.10702341137123746,0.056666666666666664,0.06291390728476821,0.0,0.0,0.0,0.061258278145695365,0.11980830670926518,0.005235602094240838,0.0016638935108153079,0.009900990099009901,0.08249158249158249,0.03955696202531646,0.03627760252365931,0.03365384615384615,0.0,0.1292517006802721,0.03296703296703297,0.032148900169204735,0.011075949367088608,0.014446227929373997,0.008012820512820512,0.04227642276422764,0.0017574692442882249,0.05573770491803279,0.06951026856240126,0.11235955056179775,0.0,0.003289473684210526,0.1171875,0.08469055374592833,0.125,0.0032733224222585926,0.00322061191626409,0.03669724770642202,0.06919275123558484,0.11642743221690591,0.0,0.054276315789473686,0.004830917874396135,0.07401574803149606,0.0015220700152207,0.0,0.12131147540983607,0.06622516556291391,0.03067484662576687,0.0,0.043697478991596636,0.0,0.0,0.0,0.0015455950540958269,0.035483870967741936,0.06919275123558484,0.0016474464579901153,0.020958083832335328,0.07236842105263158,0.07455429497568881,0.001639344262295082,0.0017211703958691911,0.0015772870662460567
2006,1,9,prevalence,0.02155887230514096,0.003134796238244514,0.0,0.020186335403726708,0.001610305958132045,0.003189792663476874,0.0,0.0033277870216306157,0.0,0.0,0.0,0.010852713178294573,0.003205128205128205,0.001607717041800643,0.0,0.0015455950540958269,0.04032258064516129,0.0,0.0016556291390728477,0.07947019867549669,0.0032,0.027156549520766772,0.0,0.0033333333333333335,0.0,0.003236245954692557,0.015254237288135594,0.0,0.00338409475465313,0.0,0.1026438569206843,0.004846526655896607,0.0,0.0033277870216306157,0.04297520661157025,0.0014641288433382138,0.0,0.021172638436482084,0.010676156583629894,0.0,0.0,0.014106583072100314,0.0,0.001652892561983471,0.004942339373970346,0.009983361064891847,0.12735849056603774,0.0017452006980802793,0.0,0.19032258064516128,0.006644518272425249,0.0,0.0,0.0015822784810126582,0.0016611295681063123,0.2099533437013997,0.10047095761381476,0.0015748031496062992,0.0017421602787456446,0.04700162074554295,0.03322259136212625,0.11755725190839694,0.012738853503184714,0.008347245409015025,0.0015748031496062992,0.001579778830963665,0.0,0.0016129032258064516,0.10142348754448399,0.0016420361247947454,0.0,0.0033783783783783786,0.05154639175257732,0.0,0.0,0.04078549848942598,0.0049504950495049506,0.0015105740181268882,0.07472178060413355,0.0048543689320388345,0.20915032679738563,0.0015873015873015873,0.0016863406408094434,0.1684867394695788,0.005067567567567568,0.003257328990228013,0.0016556291390728477,0.011382113821138212,0.0,0.0,0.0016611295681063123,0.0,0.10204081632653061,0.0016806722689075631,0.010221465076660987,0.03139717425431711,0.0,0.02181208053691275,0.0033112582781456954,0.22442748091603054,0.0,0.006568144499178982,0.00505902192242833,0.017684887459807074,0.020766773162939296,0.04617834394904458,0.0016420361247947454,0.05237315875613748,0.0141287284144427,0.0047169811320754715,0.061933534743202415,0.012110726643598616,0.14788732394366197,0.0,0.0,0.1269296740994854,0.0,0.10015649452269171,0.07728706624605679,0.0,0.028985507246376812,0.030694668820678513,0.0182370820668693,0.13858267716535433,0.003284072249589491,0.003284072249589491,0.009478672985781991,0.0,0.05314009661835749,0.00911854103343465,0.04833333333333333,0.11708860759493671,0.003215434083601286,0.043697478991596636,0.07742998352553541,0.0,0.02073365231259968,0.2597402597402597,0.001644736842105263,0.125,0.06335616438356165,0.05756578947368421,0.0016339869281045752,0.0016260162601626016,0.0,0.08099173553719008,0.12933753943217666,0.005253940455341506,0.0017331022530329288,0.006700167504187605,0.07263513513513513,0.03189792663476874,0.020249221183800622,0.046801872074883,0.0,0.11608623548922056,0.04950495049504951,0.025041736227045076,0.011235955056179775,0.014173228346456693,0.0015923566878980893,0.051580698835274545,0.0,0.07617504051863858,0.09076682316118936,0.10628019323671498,0.0017793594306049821,0.0016155088852988692,0.10410094637223975,0.09836065573770492,0.19561815336463223,0.0033444816053511705,0.004754358161648178,0.0264797507788162,0.04671280276816609,0.11202635914332784,0.0,0.08089500860585198,0.004934210526315789,0.06518282988871224,0.0015105740181268882,0.0015723270440251573,0.1824212271973466,0.06477093206951026,0.036334913112164295,0.0,0.05132450331125828,0.0,0.0,0.0015723270440251573,0.0016155088852988692,0.03204047217537943,0.0761904761904762,0.0016366612111292963,0.024279210925644917,0.0791599353796446,0.09577922077922078,0.0015772870662460567,0.0017123287671232876,0.001564945226917058
2007,1,9,prevalence,0.025295109612141653,0.00315955766192733,0.0,0.023510971786833857,0.0,0.0,0.0,0.0033500837520938024,0.0,0.0,0.0,0.0061162079510703364,0.001589825119236884,0.001594896331738437,0.0016260162601626016,0.0015527950310559005,0.0333889816360601,0.0,0.0016666666666666668,0.0630048465266559,0.001639344262295082,0.049099836333878884,0.0,0.0017123287671232876,0.0,0.00631911532385466,0.011705685618729096,0.0032679738562091504,0.003418803418803419,0.0,0.11472868217054263,0.004615384615384616,0.0,0.003355704697986577,0.04433497536945813,0.0014534883720930232,0.0,0.014423076923076924,0.007042253521126761,0.0,0.0,0.006269592476489028,0.0,0.0016863406408094434,0.0,0.008103727714748784,0.16220472440944883,0.0016891891891891893,0.0,0.2368839427662957,0.01001669449081803,0.0,0.0,0.0,0.0,0.19375,0.08945686900958466,0.0030534351145038168,0.0,0.03488372093023256,0.028192371475953566,0.14797507788161993,0.009615384615384616,0.01788617886178862,0.003236245954692557,0.0,0.0,0.0016025641025641025,0.1267605633802817,0.0016339869281045752,0.0,0.0033613445378151263,0.04794520547945205,0.0,0.0,0.031914893617021274,0.003367003367003367,0.0029542097488921715,0.059967585089141004,0.0016666666666666668,0.25363489499192243,0.0,0.0016778523489932886,0.13423831070889894,0.005025125628140704,0.001610305958132045,0.001669449081803005,0.01155115511551155,0.0,0.0016313213703099511,0.0016638935108153079,0.0,0.12419354838709677,0.0033222591362126247,0.008547008547008548,0.028037383177570093,0.0016611295681063123,0.021172638436482084,0.0016722408026755853,0.1779788838612368,0.0,0.004724409448818898,0.0032626427406199023,0.02204724409448819,0.017713365539452495,0.038461538461538464,0.01020408163265306,0.06591639871382636,0.025682182985553772,0.003305785123966942,0.061654135338345864,0.01020408163265306,0.1408695652173913,0.001597444089456869,0.0,0.11452991452991453,0.0,0.07981220657276995,0.09178743961352658,0.0015873015873015873,0.01779935275080906,0.013179571663920923,0.01347305389221557,0.11446740858505565,0.0033277870216306157,0.003194888178913738,0.01779935275080906,0.0,0.04617834394904458,0.021739130434782608,0.06856187290969899,0.0576,0.007849293563579277,0.03745928338762215,0.05950413223140496,0.0,0.011093502377179081,0.17713365539452497,0.0032520325203252032,0.1253968253968254,0.059322033898305086,0.07768595041322314,0.0032,0.001692047377326565,0.0,0.08660130718954248,0.11477987421383648,0.0017699115044247787,0.0034904013961605585,0.00676818950930626,0.087893864013267,0.02664576802507837,0.016260162601626018,0.04508856682769726,0.0,0.10696095076400679,0.04227642276422764,0.024834437086092714,0.008,0.00946372239747634,0.0032679738562091504,0.07792207792207792,0.0017889087656529517,0.07642276422764227,0.14086687306501547,0.10655737704918032,0.001697792869269949,0.0016366612111292963,0.09621451104100946,0.10535117056856187,0.22274143302180685,0.001697792869269949,0.0,0.01664145234493192,0.0547008547008547,0.09731543624161074,0.0,0.15025041736227046,0.01001669449081803,0.062193126022913256,0.0015037593984962407,0.0015772870662460567,0.24363057324840764,0.06200317965023847,0.03409090909090909,0.0,0.06535947712418301,0.001567398119122257,0.0,0.0015873015873015873,0.0,0.04560810810810811,0.06832298136645963,0.003305785123966942,0.0289193302891933,0.06168831168831169,0.08881578947368421,0.0014992503748125937,0.0016863406408094434,0.003125
2008,1,9,prevalence,0.024509803921568627,0.003129890453834116,0.0,0.0265625,0.0,0.0,0.0,0.0,0.0,0.0,0.0,0.018209408194233688,0.001594896331738437,0.001597444089456869,0.0016722408026755853,0.0,0.04674457429048414,0.0,0.0016750418760469012,0.06851549755301795,0.0,0.07642276422764227,0.0,0.0016666666666666668,0.0,0.004622496147919877,0.01864406779661017,0.001610305958132045,0.0034602076124567475,0.0,0.08818897637795275,0.004702194357366771,0.0,0.004830917874396135,0.09380234505862646,0.0014641288433382138,0.0,0.021035598705501618,0.010452961672473868,0.0017605633802816902,0.0016207455429497568,0.003105590062111801,0.0,0.0017152658662092624,0.0,0.0047169811320754715,0.17665130568356374,0.0016806722689075631,0.0,0.21087314662273476,0.01620745542949757,0.0,0.0,0.0016233766233766235,0.0,0.1598173515981735,0.07777777777777778,0.0030864197530864196,0.0017241379310344827,0.05583756345177665,0.013136288998357963,0.18167938931297709,0.009630818619582664,0.0128,0.0033003300330033004,0.0015772870662460567,0.0,0.0,0.1505922165820643,0.0016,0.0,0.0034782608695652175,0.04974271012006861,0.0,0.0,0.04043545878693624,0.003424657534246575,0.003048780487804878,0.03442879499217527,0.001644736842105263,0.23214285714285715,0.0,0.0016366612111292963,0.10096153846153846,0.004838709677419355,0.0,0.0016806722689075631,0.005050505050505051,0.0,0.0,0.004901960784313725,0.0016313213703099511,0.10366826156299841,0.004885993485342019,0.0033333333333333335,0.02936630602782071,0.0,0.018121911037891267,0.0032520325203252032,0.17133956386292834,0.0,0.004724409448818898,0.01938610662358643,0.018838304552590265,0.014106583072100314,0.05379746835443038,0.010084033613445379,0.06414473684210527,0.02750809061488673,0.00315955766192733,0.05674846625766871,0.011884550084889643,0.09219858156028368,0.0016051364365971107,0.0,0.09075342465753425,0.0,0.06875,0.11308562197092084,0.009615384615384616,0.016260162601626018,0.012944983818770227,0.010432190760059613,0.12479201331114809,0.0016722408026755853,0.0032,0.012345679012345678,0.001594896331738437,0.04878048780487805,0.02034428794992175,0.10132890365448505,0.06109324758842444,0.017133956386292833,0.04153354632587859,0.028985507246376812,0.0,0.014218009478672985,0.10628019323671498,0.004846526655896607,0.1769352290679305,0.04,0.04786324786324787,0.0030911901081916537,0.0016556291390728477,0.0,0.057003257328990226,0.09937888198757763,0.0036101083032490976,0.003418803418803419,0.003367003367003367,0.09163987138263666,0.0297339593114241,0.0176,0.045307443365695796,0.0,0.1016949152542373,0.04730831973898858,0.0210016155088853,0.01658374792703151,0.006097560975609756,0.0032,0.06840390879478828,0.0017006802721088435,0.08809135399673736,0.16873065015479877,0.15497553017944535,0.0016891891891891893,0.0,0.05246422893481717,0.10766721044045677,0.1890145395799677,0.001644736842105263,0.0,0.014040561622464899,0.0451505016722408,0.06379310344827586,0.0,0.1812191103789127,0.004909983633387889,0.06156405990016639,0.0015267175572519084,0.0015552099533437014,0.277602523659306,0.0517503805175038,0.021346469622331693,0.0016207455429497568,0.08414239482200647,0.0,0.0,0.001597444089456869,0.0,0.05564924114671164,0.0680379746835443,0.00338409475465313,0.0265625,0.04051863857374392,0.08538587848932677,0.0029717682020802376,0.0016556291390728477,0.0032258064516129032
2009,1,9,prevalence,0.0203125,0.0016155088852988692,0.0,0.04661654135338346,0.0,0.0,0.001644736842105263,0.0016722408026755853,0.0,0.0,0.0,0.014925373134328358,0.0016025641025641025,0.0,0.0032948929159802307,0.0,0.03409090909090909,0.0,0.0016638935108153079,0.07094594594594594,0.0,0.06811145510835913,0.0,0.0016778523489932886,0.0,0.0015384615384615385,0.017973856209150325,0.001594896331738437,0.001736111111111111,0.0,0.07232704402515723,0.004784688995215311,0.0,0.0016181229773462784,0.11241610738255034,0.001466275659824047,0.0,0.02127659574468085,0.0068143100511073255,0.0017452006980802793,0.003289473684210526,0.014150943396226415,0.0016750418760469012,0.0016501650165016502,0.0,0.003129890453834116,0.1839258114374034,0.001658374792703151,0.001736111111111111,0.15841584158415842,0.01155115511551155,0.0,0.0,0.0,0.0,0.16329704510108864,0.054838709677419356,0.003110419906687403,0.0,0.03773584905660377,0.001597444089456869,0.22118380062305296,0.004862236628849271,0.01779935275080906,0.0016260162601626016,0.0016,0.0,0.0015384615384615385,0.16279069767441862,0.0016501650165016502,0.0,0.0016891891891891893,0.04355400696864112,0.0,0.0,0.05354330708661417,0.005067567567567568,0.007763975155279503,0.029780564263322883,0.0015748031496062992,0.18985270049099837,0.0,0.0016666666666666668,0.08064516129032258,0.0032733224222585926,0.0,0.0032948929159802307,0.001692047377326565,0.0,0.0,0.008038585209003215,0.0032310177705977385,0.08090614886731391,0.011146496815286623,0.001644736842105263,0.030211480362537766,0.0,0.0017035775127768314,0.003367003367003367,0.15566037735849056,0.0,0.0045662100456621,0.020634920634920634,0.01740506329113924,0.03265940902021773,0.06929133858267716,0.006944444444444444,0.08291873963515754,0.011326860841423949,0.0032679738562091504,0.049079754601226995,0.006837606837606838,0.1415929203539823,0.0015698587127158557,0.0016181229773462784,0.09028960817717206,0.0,0.055900621118012424,0.09884678747940692,0.011437908496732025,0.019417475728155338,0.0214168039538715,0.02384500745156483,0.11494252873563218,0.0016891891891891893,0.0015822784810126582,0.004524886877828055,0.004975124378109453,0.0392156862745098,0.012326656394453005,0.1377049180327869,0.05177993527508091,0.0224,0.04854368932038835,0.03231017770597738,0.0016129032258064516,0.014285714285714285,0.08387096774193549,0.004815409309791332,0.2099533437013997,0.03531300160513644,0.035058430717863104,0.0015220700152207,0.0016611295681063123,0.0,0.041050903119868636,0.10461538461538461,0.0068846815834767644,0.003484320557491289,0.0016611295681063123,0.06614173228346457,0.022364217252396165,0.013179571663920923,0.04,0.001564945226917058,0.09703947368421052,0.041254125412541254,0.03594771241830065,0.011705685618729096,0.001557632398753894,0.0032520325203252032,0.06369426751592357,0.001639344262295082,0.08293460925039872,0.2,0.19614147909967847,0.0016286644951140066,0.0,0.05625,0.1260229132569558,0.20957095709570958,0.0016722408026755853,0.0,0.010542168674698794,0.043333333333333335,0.05486725663716814,0.0,0.2042483660130719,0.006644518272425249,0.04186795491143317,0.0015151515151515152,0.0031007751937984496,0.19844961240310077,0.0631424375917768,0.01487603305785124,0.0016286644951140066,0.08045977011494253,0.0,0.0016611295681063123,0.0015822784810126582,0.0,0.032148900169204735,0.09627329192546584,0.003289473684210526,0.02593192868719611,0.039473684210526314,0.06209150326797386,0.0029806259314456036,0.0016366612111292963,0.003257328990228013
2010,1,9,prevalence,0.03333333333333333,0.0016181229773462784,0.0034129692832764505,0.04141104294478527,0.0,0.0,0.0017123287671232876,0.0016556291390728477,0.0016155088852988692,0.001557632398753894,0.0,0.016152716593245228,0.0016666666666666668,0.0,0.003401360544217687,0.0,0.04292527821939587,0.0,0.004893964110929853,0.04833333333333333,0.0,0.03571428571428571,0.0,0.0017241379310344827,0.0,0.001557632398753894,0.019704433497536946,0.0016474464579901153,0.0016778523489932886,0.0,0.06141732283464567,0.011075949367088608,0.0,0.0016313213703099511,0.11604095563139932,0.001483679525222552,0.0,0.023333333333333334,0.010434782608695653,0.007042253521126761,0.0016339869281045752,0.018808777429467086,0.0,0.0049586776859504135,0.0,0.0031446540880503146,0.18693009118541035,0.0,0.0016863406408094434,0.15136876006441224,0.016051364365971106,0.0,0.0,0.0015772870662460567,0.0,0.15175718849840256,0.02773246329526917,0.006289308176100629,0.0,0.034482758620689655,0.0,0.2740963855421687,0.001652892561983471,0.024311183144246355,0.0032948929159802307,0.0,0.0,0.0015174506828528073,0.21018062397372742,0.0032102728731942215,0.0,0.0016666666666666668,0.054982817869415807,0.0,0.0,0.05194805194805195,0.0033444816053511705,0.007898894154818325,0.029641185647425898,0.0031496062992125984,0.16830065359477125,0.0,0.0017152658662092624,0.07201309328968904,0.0032948929159802307,0.0,0.003236245954692557,0.0033112582781456954,0.0,0.0016207455429497568,0.00315955766192733,0.001594896331738437,0.088,0.012759170653907496,0.0,0.0258751902587519,0.0,0.017152658662092625,0.003289473684210526,0.12752721617418353,0.0,0.004622496147919877,0.018691588785046728,0.032,0.03610675039246468,0.08293460925039872,0.008389261744966443,0.10048622366288493,0.017915309446254073,0.011532125205930808,0.06821705426356589,0.005119453924914676,0.1771019677996422,0.0015600624024961,0.0016366612111292963,0.07394366197183098,0.0016666666666666668,0.038580246913580245,0.11696869851729819,0.009630818619582664,0.0192,0.018121911037891267,0.026239067055393587,0.11935483870967742,0.0033444816053511705,0.0015503875968992248,0.0,0.008291873963515755,0.045,0.007861635220125786,0.1539708265802269,0.047619047619047616,0.01901743264659271,0.04262295081967213,0.03826955074875208,0.0016611295681063123,0.009554140127388535,0.04020100502512563,0.0032310177705977385,0.2256,0.04390243902439024,0.02329450915141431,0.0015082956259426848,0.001658374792703151,0.0,0.05631399317406143,0.12593703148425786,0.008741258741258742,0.0034602076124567475,0.006568144499178982,0.0416,0.023923444976076555,0.006329113924050633,0.030844155844155844,0.0,0.08823529411764706,0.04180602006688963,0.03599374021909233,0.009630818619582664,0.0,0.0016313213703099511,0.0752,0.0016750418760469012,0.0672,0.21850079744816586,0.2368839427662957,0.001579778830963665,0.0,0.05055292259083728,0.1457286432160804,0.17264957264957265,0.0,0.0,0.018376722817764167,0.05619834710743802,0.05335628227194492,0.0,0.2245557350565428,0.003355704697986577,0.0429042904290429,0.001519756838905775,0.0031496062992125984,0.12359550561797752,0.08296296296296296,0.00686106346483705,0.0015822784810126582,0.08006535947712418,0.0,0.0,0.0016129032258064516,0.0,0.022727272727272728,0.12480739599383667,0.003215434083601286,0.0297339593114241,0.0379746835443038,0.0670926517571885,0.00291970802919708,0.0016051364365971107,0.0032733224222585926
2011,1,9,prevalence,0.04245283018867924,0.0016611295681063123,0.0035087719298245615,0.04552590266875981,0.0,0.0,0.0017605633802816902,0.0032679738562091504,0.0015923566878980893,0.004651162790697674,0.0,0.02245508982035928,0.0,0.0,0.0016722408026755853,0.0,0.027419354838709678,0.0,0.003236245954692557,0.04384485666104553,0.0,0.021875,0.0,0.0016750418760469012,0.0,0.001584786053882726,0.026845637583892617,0.001652892561983471,0.0,0.0016806722689075631,0.05581395348837209,0.009448818897637795,0.0016835016835016834,0.0016233766233766235,0.17719298245614035,0.0030257186081694403,0.0,0.025,0.015306122448979591,0.008802816901408451,0.006611570247933884,0.0047694753577106515,0.0,0.006666666666666667,0.0,0.0015698587127158557,0.20150375939849624,0.0,0.0,0.12857142857142856,0.01437699680511182,0.0,0.0,0.0,0.0,0.09615384615384616,0.02152317880794702,0.0047169811320754715,0.0,0.025252525252525252,0.0,0.26497005988023953,0.0016750418760469012,0.022764227642276424,0.014827018121911038,0.0,0.0,0.0015455950540958269,0.17045454545454544,0.003278688524590164,0.0,0.004909983633387889,0.05733558178752108,0.0,0.0,0.07960199004975124,0.003316749585406302,0.004746835443037975,0.0406885758998435,0.004830917874396135,0.1440536013400335,0.0015822784810126582,0.001718213058419244,0.0873015873015873,0.003305785123966942,0.0,0.0033222591362126247,0.0,0.0,0.001658374792703151,0.0047694753577106515,0.0015723270440251573,0.08225806451612903,0.006420545746388443,0.0,0.02923076923076923,0.0016051364365971107,0.01669449081803005,0.0031446540880503146,0.1550632911392405,0.0,0.0030959752321981426,0.01263823064770932,0.038338658146964855,0.0390625,0.0768025078369906,0.010238907849829351,0.08603896103896104,0.013468013468013467,0.0224,0.05388272583201268,0.024834437086092714,0.1889483065953654,0.0031645569620253164,0.0016474464579901153,0.05964912280701754,0.0016750418760469012,0.04078549848942598,0.09135399673735727,0.014263074484944533,0.019672131147540985,0.017488076311605722,0.013392857142857142,0.10049423393739704,0.0034423407917383822,0.0015174506828528073,0.0046801872074883,0.019834710743801654,0.03770491803278689,0.006201550387596899,0.16006600660066006,0.05128205128205128,0.012987012987012988,0.029950083194675542,0.02857142857142857,0.0016474464579901153,0.012461059190031152,0.04208754208754209,0.001694915254237288,0.14123376623376624,0.0256,0.025906735751295335,0.0014903129657228018,0.003278688524590164,0.0,0.07,0.13602391629297458,0.005008347245409015,0.0,0.006688963210702341,0.047021943573667714,0.014423076923076924,0.0064516129032258064,0.01340033500837521,0.0,0.07877813504823152,0.054385964912280704,0.0336,0.009819967266775777,0.0,0.0016181229773462784,0.06060606060606061,0.0016556291390728477,0.1008,0.2057877813504823,0.27258320126782887,0.0015723270440251573,0.0,0.04390243902439024,0.18333333333333332,0.163575042158516,0.0,0.0,0.016845329249617153,0.05591054313099041,0.057432432432432436,0.0,0.20689655172413793,0.01217391304347826,0.038917089678511,0.0015290519877675841,0.0031007751937984496,0.1043338683788122,0.07578008915304606,0.015384615384615385,0.006299212598425197,0.08542713567839195,0.0016366612111292963,0.0,0.0015873015873015873,0.0,0.01054481546572935,0.13551401869158877,0.0030959752321981426,0.02047244094488189,0.047987616099071206,0.05909797822706065,0.002962962962962963,0.0016051364365971107,0.004885993485342019
2012,1,9,prevalence,0.04953560371517028,0.0016863406408094434,0.005272407732864675,0.03571428571428571,0.0,0.0,0.0035971223021582736,0.004838709677419355,0.001610305958132045,0.0031645569620253164,0.0,0.023291925465838508,0.0,0.0,0.0017035775127768314,0.0,0.03987240829346093,0.0,0.0032,0.04208754208754209,0.0,0.03255813953488372,0.0,0.0016366612111292963,0.001579778830963665,0.0,0.038397328881469114,0.0016750418760469012,0.0,0.0016638935108153079,0.0794912559618442,0.008025682182985553,0.0016806722689075631,0.0016129032258064516,0.18439716312056736,0.0030627871362940277,0.0,0.022988505747126436,0.01174496644295302,0.01391304347826087,0.0032679738562091504,0.0030959752321981426,0.0,0.004792332268370607,0.0,0.0015923566878980893,0.17602427921092564,0.0,0.0031645569620253164,0.09230769230769231,0.022328548644338118,0.0,0.0,0.0,0.0,0.06634304207119741,0.011705685618729096,0.003125,0.0,0.03,0.0,0.27786032689450224,0.0016891891891891893,0.0128,0.011326860841423949,0.0,0.0016778523489932886,0.001557632398753894,0.12,0.003257328990228013,0.0016339869281045752,0.004754358161648178,0.04674457429048414,0.0016638935108153079,0.006535947712418301,0.05910543130990415,0.0016806722689075631,0.00778816199376947,0.05422647527910686,0.006359300476947536,0.1020066889632107,0.0016129032258064516,0.0,0.08814102564102565,0.00315955766192733,0.0,0.0,0.0016286644951140066,0.0016778523489932886,0.0,0.003284072249589491,0.0015174506828528073,0.10301109350237718,0.003215434083601286,0.0,0.039938556067588324,0.0016129032258064516,0.013422818791946308,0.003189792663476874,0.15348837209302327,0.0,0.003215434083601286,0.012965964343598054,0.026272577996715927,0.03125,0.0592,0.008403361344537815,0.08856682769726248,0.022033898305084745,0.022508038585209004,0.0453125,0.012718600953895072,0.14751286449399656,0.001589825119236884,0.0,0.058419243986254296,0.0016863406408094434,0.0475482912332838,0.07106598984771574,0.007961783439490446,0.024752475247524754,0.008210180623973728,0.01788375558867362,0.07377049180327869,0.0016863406408094434,0.0015625,0.004629629629629629,0.027914614121510674,0.03099510603588907,0.004724409448818898,0.1449044585987261,0.043029259896729774,0.0016420361247947454,0.018032786885245903,0.019769357495881382,0.0016339869281045752,0.017001545595054096,0.05272108843537415,0.0016891891891891893,0.13513513513513514,0.04984423676012461,0.032534246575342464,0.0014903129657228018,0.008051529790660225,0.0,0.09780775716694773,0.19969512195121952,0.003134796238244514,0.0,0.005050505050505051,0.06359300476947535,0.011345218800648298,0.011725293132328308,0.008333333333333333,0.0061068702290076335,0.11374407582938388,0.03237410071942446,0.03125,0.008237232289950576,0.0,0.0016051364365971107,0.05909797822706065,0.0016750418760469012,0.09854604200323101,0.1625615763546798,0.24332810047095763,0.003129890453834116,0.0,0.026272577996715927,0.1925566343042071,0.14795918367346939,0.0,0.0,0.0224,0.032948929159802305,0.05759162303664921,0.004975124378109453,0.14046822742474915,0.0176678445229682,0.037162162162162164,0.0015625,0.003105590062111801,0.0949367088607595,0.10688140556368961,0.010398613518197574,0.0064,0.08754208754208755,0.003215434083601286,0.0015822784810126582,0.0,0.0,0.01060070671378092,0.12912912912912913,0.0030864197530864196,0.016051364365971106,0.03924646781789639,0.06814580031695722,0.0014858841010401188,0.003236245954692557,0.004893964110929853
2013,1,9,prevalence,0.03453689167974882,0.0016638935108153079,0.0034602076124567475,0.04113924050632911,0.0,0.0017301038062283738,0.0034071550255536627,0.004838709677419355,0.001594896331738437,0.0031007751937984496,0.0,0.012232415902140673,0.0,0.0,0.0016025641025641025,0.0016155088852988692,0.04,0.0,0.0031645569620253164,0.059800664451827246,0.0,0.03265940902021773,0.0017331022530329288,0.001594896331738437,0.0016,0.0,0.03350083752093802,0.0,0.0033277870216306157,0.0017035775127768314,0.07861635220125786,0.003246753246753247,0.0,0.001589825119236884,0.2038327526132404,0.0015360983102918587,0.0,0.011647254575707155,0.020338983050847456,0.011844331641285956,0.001567398119122257,0.010719754977029096,0.001736111111111111,0.0032310177705977385,0.0,0.0,0.1901840490797546,0.0,0.004746835443037975,0.08689024390243902,0.02773246329526917,0.001607717041800643,0.0,0.0,0.0,0.05272108843537415,0.0034071550255536627,0.003129890453834116,0.0034482758620689655,0.009852216748768473,0.0,0.22624434389140272,0.0016891891891891893,0.008025682182985553,0.011235955056179775,0.0,0.003278688524590164,0.0,0.10828025477707007,0.004878048780487805,0.0016181229773462784,0.0046875,0.07003257328990228,0.00505902192242833,0.004878048780487805,0.044850498338870434,0.0016501650165016502,0.009302325581395349,0.032520325203252036,0.0031397174254317113,0.08,0.0016233766233766235,0.0,0.10823909531502424,0.0016025641025641025,0.0,0.0,0.001610305958132045,0.00505902192242833,0.0016806722689075631,0.0034602076124567475,0.0015128593040847202,0.11428571428571428,0.003179650238473768,0.0,0.04777070063694268,0.005,0.015254237288135594,0.0048,0.1291866028708134,0.0,0.003134796238244514,0.014173228346456693,0.025252525252525252,0.03968253968253968,0.04730831973898858,0.006666666666666667,0.08709677419354839,0.037800687285223365,0.025848142164781908,0.03864734299516908,0.00641025641025641,0.09884678747940692,0.003189792663476874,0.0,0.04852686308492201,0.001694915254237288,0.06595092024539877,0.03535353535353535,0.0031847133757961785,0.054187192118226604,0.004885993485342019,0.021406727828746176,0.08981001727115717,0.0016556291390728477,0.003129890453834116,0.009404388714733543,0.047775947281713346,0.017973856209150325,0.0,0.13009404388714735,0.04965753424657534,0.0,0.019867549668874173,0.0066555740432612314,0.003424657534246575,0.004615384615384616,0.04643449419568822,0.0,0.11912751677852348,0.04984423676012461,0.030560271646859084,0.0014792899408284023,0.006578947368421052,0.0,0.0979381443298969,0.17024539877300612,0.003257328990228013,0.0,0.003395585738539898,0.0759493670886076,0.011570247933884297,0.015100671140939598,0.004885993485342019,0.010606060606060607,0.1015625,0.02782608695652174,0.03610675039246468,0.00338409475465313,0.0,0.0016051364365971107,0.03317535545023697,0.003401360544217687,0.08976377952755905,0.11239669421487604,0.14556962025316456,0.0015455950540958269,0.0,0.022508038585209004,0.18553459119496854,0.12413793103448276,0.0,0.003048780487804878,0.046104928457869634,0.038461538461538464,0.04817275747508306,0.001607717041800643,0.12091503267973856,0.03008849557522124,0.032758620689655175,0.0,0.004601226993865031,0.07269789983844911,0.06896551724137931,0.012195121951219513,0.003129890453834116,0.06825938566552901,0.0032258064516129032,0.004746835443037975,0.0015432098765432098,0.0,0.013986013986013986,0.12041116005873716,0.0016,0.016420361247947456,0.03296703296703297,0.06359300476947535,0.0014727540500736377,0.004966887417218543,0.004878048780487805
2014,1,9,prevalence,0.03522205206738132,0.0016778523489932886,0.0034782608695652175,0.03205128205128205,0.0,0.005172413793103448,0.001718213058419244,0.0032948929159802307,0.0016129032258064516,0.0031645569620253164,0.0,0.0197869101978691,0.0,0.0,0.0016051364365971107,0.0016025641025641025,0.0380517503805175,0.0016233766233766235,0.003257328990228013,0.03789126853377265,0.0,0.01669195751138088,0.0034904013961605585,0.0,0.0016260162601626016,0.0,0.037606837606837605,0.0,0.003246753246753247,0.0016051364365971107,0.07802547770700637,0.008116883116883116,0.0,0.0,0.20490367775831875,0.0015384615384615385,0.0,0.022033898305084745,0.013201320132013201,0.009836065573770493,0.0015552099533437014,0.0062402496099844,0.0016638935108153079,0.004846526655896607,0.0,0.001607717041800643,0.178125,0.0,0.0016,0.07413249211356467,0.024630541871921183,0.0015923566878980893,0.0017123287671232876,0.0,0.0,0.03904923599320883,0.0017006802721088435,0.004651162790697674,0.006611570247933884,0.009708737864077669,0.0,0.23125,0.001658374792703151,0.014446227929373997,0.01779935275080906,0.0,0.0032414910858995136,0.0,0.10276073619631902,0.004777070063694267,0.0016051364365971107,0.0046875,0.04567699836867863,0.006622516556291391,0.0032626427406199023,0.05314009661835749,0.0016339869281045752,0.013574660633484163,0.03436988543371522,0.0032102728731942215,0.06732348111658457,0.0,0.0,0.09819967266775777,0.0,0.0,0.0,0.0,0.013468013468013467,0.0,0.0017482517482517483,0.0030303030303030303,0.12422360248447205,0.001567398119122257,0.0,0.05144694533762058,0.003316749585406302,0.005199306759098787,0.00473186119873817,0.07131537242472266,0.0,0.0,0.007668711656441718,0.015254237288135594,0.04186046511627907,0.0361247947454844,0.01340033500837521,0.0794912559618442,0.03350970017636684,0.02471169686985173,0.02181208053691275,0.02047244094488189,0.08652246256239601,0.003278688524590164,0.0,0.033444816053511704,0.0017035775127768314,0.08112094395280237,0.04809286898839138,0.003169572107765452,0.05140961857379768,0.009523809523809525,0.037209302325581395,0.08732876712328767,0.0,0.009077155824508321,0.008038585209003215,0.034653465346534656,0.028052805280528052,0.0,0.12575757575757576,0.03865546218487395,0.0,0.025167785234899327,0.006339144215530904,0.004934210526315789,0.009287925696594427,0.05090311986863711,0.0016286644951140066,0.12292358803986711,0.05069124423963134,0.026533996683250415,0.0029850746268656717,0.00322061191626409,0.0,0.08970099667774087,0.14485981308411214,0.0016129032258064516,0.0,0.003305785123966942,0.05747126436781609,0.00333889816360601,0.02152317880794702,0.005067567567567568,0.009077155824508321,0.08217054263565891,0.019130434782608695,0.02247191011235955,0.00847457627118644,0.0,0.0,0.03560371517027864,0.0033333333333333335,0.09553158705701079,0.10294117647058823,0.1168,0.0015552099533437014,0.0,0.024469820554649267,0.08585055643879173,0.10517241379310345,0.0,0.0030349013657056147,0.05245901639344262,0.03179650238473768,0.030100334448160536,0.001610305958132045,0.10082644628099173,0.026929982046678635,0.02434782608695652,0.0,0.00473186119873817,0.06105610561056106,0.07164179104477612,0.021052631578947368,0.007961783439490446,0.06020066889632107,0.0032679738562091504,0.0031496062992125984,0.0015772870662460567,0.0,0.01877133105802048,0.1240768094534712,0.0016025641025641025,0.022913256955810146,0.03307086614173228,0.06259780907668232,0.0,0.00322061191626409,0.004901960784313725
2015,1,9,prevalence,0.04192546583850932,0.0,0.0017513134851138354,0.02287581699346405,0.0,0.0071301247771836,0.001644736842105263,0.004942339373970346,0.003125,0.0032258064516129032,0.0015174506828528073,0.01875,0.0,0.0017064846416382253,0.0,0.001594896331738437,0.06146926536731634,0.0016638935108153079,0.0030581039755351682,0.025252525252525252,0.0,0.023510971786833857,0.003424657534246575,0.0,0.0016420361247947454,0.0,0.03691275167785235,0.0,0.0032,0.0016666666666666668,0.0593900481540931,0.0062402496099844,0.0,0.0,0.1708185053380783,0.003105590062111801,0.0,0.01517706576728499,0.00667779632721202,0.001639344262295082,0.0015384615384615385,0.009569377990430622,0.0016155088852988692,0.005008347245409015,0.0,0.0016025641025641025,0.10828025477707007,0.0,0.0015503875968992248,0.0768,0.02618657937806874,0.0015822784810126582,0.0,0.0,0.0,0.030664395229982964,0.0034782608695652175,0.003110419906687403,0.0016474464579901153,0.010033444816053512,0.0,0.1990521327014218,0.006711409395973154,0.0124804992199688,0.031198686371100164,0.0,0.0016233766233766235,0.0,0.09402985074626866,0.0031746031746031746,0.0031007751937984496,0.003179650238473768,0.05211726384364821,0.019448946515397084,0.01309328968903437,0.048701298701298704,0.0,0.006144393241167435,0.029079159935379646,0.004846526655896607,0.08163265306122448,0.0,0.0,0.08972267536704731,0.0,0.0,0.0,0.0,0.009917355371900827,0.004918032786885246,0.0034542314335060447,0.0030581039755351682,0.12654320987654322,0.0015923566878980893,0.0016313213703099511,0.025559105431309903,0.0016778523489932886,0.008278145695364239,0.0031847133757961785,0.04862236628849271,0.0,0.0,0.004545454545454545,0.011764705882352941,0.030911901081916538,0.05901116427432217,0.011844331641285956,0.050156739811912224,0.016304347826086956,0.028846153846153848,0.011904761904761904,0.020602218700475437,0.08149405772495756,0.0033277870216306157,0.0,0.03559870550161812,0.0016556291390728477,0.08656716417910448,0.02618657937806874,0.0,0.052100840336134456,0.01263823064770932,0.0391566265060241,0.06164383561643835,0.0,0.013975155279503106,0.003205128205128205,0.03645007923930269,0.037037037037037035,0.0,0.11161387631975868,0.03350083752093802,0.0,0.030716723549488054,0.008223684210526315,0.006493506493506494,0.006211180124223602,0.055105348460291734,0.0016313213703099511,0.11577181208053691,0.049773755656108594,0.02127659574468085,0.0030120481927710845,0.0078003120124804995,0.0,0.065,0.13829787234042554,0.009771986970684038,0.0,0.0,0.058333333333333334,0.0,0.013201320132013201,0.004942339373970346,0.015503875968992248,0.08179012345679013,0.03577512776831346,0.02459016393442623,0.0,0.0,0.001644736842105263,0.03058103975535168,0.0016260162601626016,0.06980273141122914,0.0744336569579288,0.08571428571428572,0.0015015015015015015,0.0,0.024549918166939442,0.07389937106918239,0.05291005291005291,0.0,0.006097560975609756,0.0430622009569378,0.03645007923930269,0.03317535545023697,0.0015772870662460567,0.08388157894736842,0.04929577464788732,0.02877697841726619,0.0,0.0015748031496062992,0.04878048780487805,0.06707317073170732,0.020905923344947737,0.008116883116883116,0.06091370558375635,0.0016474464579901153,0.001607717041800643,0.0046875,0.0,0.016611295681063124,0.1293759512937595,0.0016339869281045752,0.05237315875613748,0.0438871473354232,0.039755351681957186,0.0015625,0.003278688524590164,0.00631911532385466
2016,1,9,prevalence,0.03709428129829984,0.0,0.001718213058419244,0.029173419773095625,0.0,0.0069084628670120895,0.00333889816360601,0.0016155088852988692,0.0046875,0.0016366612111292963,0.0015105740181268882,0.02476780185758514,0.0,0.0017064846416382253,0.0031746031746031746,0.0016051364365971107,0.05909090909090909,0.001639344262295082,0.004594180704441042,0.03247863247863248,0.001669449081803005,0.02830188679245283,0.004975124378109453,0.0,0.0016339869281045752,0.0,0.042444821731748725,0.0016611295681063123,0.004724409448818898,0.0017094017094017094,0.041935483870967745,0.007898894154818325,0.0,0.0,0.11623931623931624,0.0030441400304414,0.0,0.009917355371900827,0.001692047377326565,0.0016339869281045752,0.0015174506828528073,0.019543973941368076,0.0015772870662460567,0.004830917874396135,0.0,0.0032733224222585926,0.09904153354632587,0.0,0.0015527950310559005,0.08056872037914692,0.04777070063694268,0.0016207455429497568,0.0,0.0,0.0,0.03806228373702422,0.0034904013961605585,0.0032310177705977385,0.001658374792703151,0.013377926421404682,0.0,0.13225806451612904,0.006756756756756757,0.012738853503184714,0.04213938411669368,0.0,0.0,0.0,0.07111756168359942,0.0015479876160990713,0.003179650238473768,0.0031645569620253164,0.04012841091492777,0.0180623973727422,0.009900990099009901,0.04241435562805873,0.0,0.004629629629629629,0.04012841091492777,0.004878048780487805,0.06028368794326241,0.0,0.001644736842105263,0.06473594548551959,0.0,0.004966887417218543,0.0,0.0031545741324921135,0.013445378151260505,0.004792332268370607,0.0017211703958691911,0.0030816640986132513,0.13043478260869565,0.0016025641025641025,0.0,0.015625,0.0,0.01938610662358643,0.0,0.03431372549019608,0.0016233766233766235,0.0,0.0047169811320754715,0.025684931506849314,0.029320987654320986,0.06299212598425197,0.010033444816053512,0.04326923076923077,0.0071301247771836,0.04588607594936709,0.01864406779661017,0.016233766233766232,0.07179487179487179,0.0033222591362126247,0.0,0.027287319422150885,0.0016286644951140066,0.09836065573770492,0.02912621359223301,0.0,0.05930807248764415,0.01669195751138088,0.016845329249617153,0.05527638190954774,0.0,0.01929260450160772,0.01129032258064516,0.03915171288743882,0.04126984126984127,0.0,0.08761329305135952,0.030405405405405407,0.0,0.027210884353741496,0.02159468438538206,0.006557377049180328,0.01664145234493192,0.04538341158059468,0.0016778523489932886,0.0945273631840796,0.04354587869362364,0.034482758620689655,0.0015060240963855422,0.009104704097116844,0.0,0.1044776119402985,0.1474164133738602,0.012598425196850394,0.0,0.0,0.03166666666666667,0.0,0.011326860841423949,0.005008347245409015,0.022796352583586626,0.04754601226993865,0.02586206896551724,0.028716216216216218,0.0,0.0,0.001594896331738437,0.018808777429467086,0.0,0.039816232771822356,0.055,0.11076443057722309,0.004838709677419355,0.0,0.02471169686985173,0.07861635220125786,0.027874564459930314,0.0,0.004545454545454545,0.04213938411669368,0.044374009508716325,0.03881987577639751,0.0030816640986132513,0.05501618122977346,0.051457975986277875,0.030612244897959183,0.0,0.0015432098765432098,0.05792163543441227,0.06334841628959276,0.007054673721340388,0.008130081300813009,0.07547169811320754,0.0016207455429497568,0.0,0.00631911532385466,0.0,0.0137221269296741,0.15654952076677317,0.0,0.05405405405405406,0.05909797822706065,0.048513302034428794,0.0032102728731942215,0.001589825119236884,0.00322061191626409
2017,1,9,prevalence,0.038461538461538464,0.0,0.0016638935108153079,0.026936026936026935,0.0016313213703099511,0.006791171477079796,0.0033500837520938024,0.0016366612111292963,0.003194888178913738,0.0017035775127768314,0.001557632398753894,0.01615508885298869,0.0,0.0016638935108153079,0.0047694753577106515,0.0031746031746031746,0.06990881458966565,0.0016501650165016502,0.003110419906687403,0.035897435897435895,0.0016339869281045752,0.019969278033794162,0.006546644844517185,0.0,0.0016556291390728477,0.0,0.0410958904109589,0.010398613518197574,0.004658385093167702,0.0,0.05537459283387622,0.006191950464396285,0.0,0.0,0.08094435075885328,0.003048780487804878,0.0,0.021346469622331693,0.0017064846416382253,0.0,0.0014925373134328358,0.028391167192429023,0.001567398119122257,0.004893964110929853,0.0,0.0050933786078098476,0.054635761589403975,0.0,0.0015822784810126582,0.07389937106918239,0.04381846635367762,0.001610305958132045,0.0,0.0,0.0,0.04513888888888889,0.017123287671232876,0.0016025641025641025,0.001610305958132045,0.0140625,0.0,0.16181229773462782,0.006700167504187605,0.013008130081300813,0.05245901639344262,0.0,0.0,0.0,0.059854014598540145,0.0015432098765432098,0.0031847133757961785,0.0031201248049922,0.0449438202247191,0.03257328990228013,0.01206896551724138,0.02903225806451613,0.0,0.00792393026941363,0.043548387096774194,0.0031645569620253164,0.05067567567567568,0.0,0.0016666666666666668,0.039603960396039604,0.0015748031496062992,0.004942339373970346,0.0,0.0031545741324921135,0.01694915254237288,0.006220839813374806,0.0,0.0031201248049922,0.08346456692913386,0.003257328990228013,0.0,0.022292993630573247,0.0,0.029079159935379646,0.0,0.03727714748784441,0.0016806722689075631,0.0,0.0032258064516129032,0.03367003367003367,0.03353658536585366,0.08653846153846154,0.014925373134328358,0.02843601895734597,0.01694915254237288,0.03685897435897436,0.027960526315789474,0.0065252854812398045,0.051070840197693576,0.0016420361247947454,0.0016420361247947454,0.015503875968992248,0.0015723270440251573,0.0907715582450832,0.021241830065359478,0.0015503875968992248,0.05237315875613748,0.008051529790660225,0.014492753623188406,0.057755775577557754,0.0,0.017350157728706624,0.02671118530884808,0.03442622950819672,0.0343213728549142,0.001694915254237288,0.06828528072837632,0.021702838063439065,0.0016611295681063123,0.022452504317789293,0.019933554817275746,0.008103727714748784,0.017001545595054096,0.045454545454545456,0.0016778523489932886,0.06913996627318718,0.04573170731707317,0.04409448818897638,0.0015290519877675841,0.011093502377179081,0.0,0.09570957095709572,0.141321044546851,0.00949367088607595,0.0,0.0,0.027257240204429302,0.0,0.008183306055646482,0.0033277870216306157,0.0228310502283105,0.036753445635528334,0.019966722129783693,0.031413612565445025,0.00482315112540193,0.0,0.0,0.015748031496062992,0.0,0.04484304932735426,0.037037037037037035,0.07692307692307693,0.006589785831960461,0.0015822784810126582,0.03257328990228013,0.06060606060606061,0.026041666666666668,0.0,0.004573170731707317,0.024311183144246355,0.04560260586319218,0.04205607476635514,0.003110419906687403,0.05573770491803279,0.07042253521126761,0.026359143327841845,0.001579778830963665,0.0031545741324921135,0.05175292153589316,0.07098765432098765,0.006968641114982578,0.006430868167202572,0.06303236797274275,0.0016286644951140066,0.0,0.00782472613458529,0.0,0.011647254575707155,0.13598673300165837,0.0,0.05536912751677853,0.05683563748079877,0.033950617283950615,0.0032258064516129032,0.003305785123966942,0.0
2018,1,9,prevalence,0.030303030303030304,0.0,0.0,0.034482758620689655,0.001644736842105263,0.00667779632721202,0.0016806722689075631,0.0016129032258064516,0.00315955766192733,0.0034782608695652175,0.0015552099533437014,0.014563106796116505,0.0,0.0016286644951140066,0.004761904761904762,0.003205128205128205,0.04128440366972477,0.0016181229773462784,0.0031446540880503146,0.03691275167785235,0.0032414910858995136,0.025396825396825397,0.006745362563237774,0.0,0.001644736842105263,0.0016366612111292963,0.05042016806722689,0.010434782608695653,0.0030721966205837174,0.0,0.04582651391162029,0.0045871559633027525,0.0,0.001652892561983471,0.05546218487394958,0.0031446540880503146,0.0,0.01800327332242226,0.0016666666666666668,0.0,0.0,0.045454545454545456,0.0,0.004966887417218543,0.0,0.003389830508474576,0.05813953488372093,0.0,0.0015723270440251573,0.09076175040518639,0.04285714285714286,0.0016611295681063123,0.0,0.0,0.0,0.046232876712328765,0.02195945945945946,0.0,0.0,0.041990668740279936,0.0,0.10620915032679738,0.008103727714748784,0.012924071082390954,0.050243111831442464,0.0,0.0,0.0,0.036656891495601175,0.0,0.004608294930875576,0.001597444089456869,0.03894080996884735,0.029079159935379646,0.023728813559322035,0.01938610662358643,0.0,0.015503875968992248,0.0380952380952381,0.004672897196261682,0.04835924006908463,0.0,0.0016778523489932886,0.039538714991762765,0.0031496062992125984,0.006420545746388443,0.0,0.004724409448818898,0.01507537688442211,0.0078003120124804995,0.00505902192242833,0.0,0.06528662420382166,0.0031397174254317113,0.0033500837520938024,0.016051364365971106,0.0,0.02403846153846154,0.0015105740181268882,0.03488372093023256,0.0,0.0,0.0032310177705977385,0.03171953255425709,0.030120481927710843,0.08482871125611746,0.0210016155088853,0.018808777429467086,0.025380710659898477,0.028169014084507043,0.03471074380165289,0.008077544426494346,0.04227642276422764,0.0016611295681063123,0.008278145695364239,0.01088646967340591,0.001567398119122257,0.07969924812030076,0.04245283018867924,0.0015527950310559005,0.032467532467532464,0.011058451816745656,0.02903225806451613,0.0451505016722408,0.0,0.020061728395061727,0.0338409475465313,0.03442622950819672,0.047619047619047616,0.0034662045060658577,0.0517503805175038,0.0165016501650165,0.0016181229773462784,0.027210884353741496,0.009884678747940691,0.006369426751592357,0.01951951951951952,0.03421461897356143,0.001652892561983471,0.04852686308492201,0.042682926829268296,0.03927986906710311,0.0,0.028081123244929798,0.0,0.07305194805194805,0.11496062992125984,0.009787928221859706,0.0,0.0,0.029616724738675958,0.0,0.025157232704402517,0.003389830508474576,0.02564102564102564,0.040880503144654086,0.02773246329526917,0.023890784982935155,0.008012820512820512,0.0,0.0,0.01615508885298869,0.0,0.0625,0.02058319039451115,0.060126582278481014,0.0067226890756302525,0.001597444089456869,0.029173419773095625,0.05055292259083728,0.03076923076923077,0.001610305958132045,0.0015174506828528073,0.0110062893081761,0.030206677265500796,0.021638330757341576,0.003048780487804878,0.021241830065359478,0.05676126878130217,0.03015075376884422,0.0,0.003194888178913738,0.05016722408026756,0.06748466257668712,0.00865051903114187,0.0031201248049922,0.057391304347826085,0.0015873015873015873,0.0,0.004792332268370607,0.0,0.022108843537414966,0.10927152317880795,0.0,0.044407894736842105,0.03987730061349693,0.052715654952076675,0.003278688524590164,0.0033277870216306157,0.0
2019,1,9,prevalence,0.025185185185185185,0.0,0.0,0.03367003367003367,0.0016666666666666668,0.0050335570469798654,0.001607717041800643,0.0,0.00473186119873817,0.00333889816360601,0.0,0.008051529790660225,0.0,0.0015873015873015873,0.00315955766192733,0.0031746031746031746,0.04146730462519936,0.0016025641025641025,0.0047169811320754715,0.04462809917355372,0.0016207455429497568,0.015748031496062992,0.0065252854812398045,0.0,0.0016339869281045752,0.0016474464579901153,0.03166666666666667,0.0137221269296741,0.0015337423312883436,0.0,0.026622296173044926,0.00315955766192733,0.0,0.0,0.03482587064676617,0.003194888178913738,0.0,0.021487603305785124,0.0,0.0,0.0,0.047244094488188976,0.0,0.003401360544217687,0.0,0.005008347245409015,0.04201680672268908,0.0,0.0015873015873015873,0.04952076677316294,0.027950310559006212,0.0016501650165016502,0.0,0.0016,0.0,0.0429042904290429,0.029315960912052116,0.0,0.0047169811320754715,0.05238828967642527,0.0,0.03257328990228013,0.006389776357827476,0.016,0.05374592833876222,0.0,0.0,0.0,0.03676470588235294,0.0,0.004622496147919877,0.0,0.04709576138147567,0.026984126984126985,0.028764805414551606,0.019230769230769232,0.0016313213703099511,0.007936507936507936,0.06687898089171974,0.0016129032258064516,0.047058823529411764,0.0033003300330033004,0.001610305958132045,0.0625,0.006389776357827476,0.004862236628849271,0.0,0.006379585326953748,0.013223140495867768,0.0030816640986132513,0.00847457627118644,0.0,0.05443234836702955,0.0031645569620253164,0.004792332268370607,0.007974481658692184,0.0,0.01437699680511182,0.0016339869281045752,0.0351493848857645,0.0,0.0,0.0032310177705977385,0.019801980198019802,0.03186646433990895,0.07960199004975124,0.019966722129783693,0.01746031746031746,0.016891891891891893,0.03333333333333333,0.04926108374384237,0.0109375,0.03470031545741325,0.003278688524590164,0.009836065573770493,0.025157232704402517,0.0,0.06116207951070336,0.05196850393700787,0.0,0.029173419773095625,0.0125,0.036605657237936774,0.04522613065326633,0.0,0.04874213836477988,0.04794520547945205,0.04628099173553719,0.06853582554517133,0.003355704697986577,0.053763440860215055,0.02027027027027027,0.0,0.025210084033613446,0.013582342954159592,0.006359300476947536,0.02674591381872214,0.03260869565217391,0.004934210526315789,0.04529616724738676,0.04160246533127889,0.05448717948717949,0.0,0.05188679245283019,0.0,0.08557844690966719,0.11128526645768025,0.008051529790660225,0.0,0.0,0.014084507042253521,0.0,0.045813586097946286,0.011627906976744186,0.049689440993788817,0.04094488188976378,0.029173419773095625,0.05517241379310345,0.01001669449081803,0.0,0.008090614886731391,0.003134796238244514,0.0,0.04395604395604396,0.03171953255425709,0.0491283676703645,0.006756756756756757,0.0015723270440251573,0.014900662251655629,0.045813586097946286,0.03735144312393888,0.007763975155279503,0.0031007751937984496,0.02040816326530612,0.021035598705501618,0.025157232704402517,0.003048780487804878,0.028052805280528052,0.05950413223140496,0.016260162601626018,0.0,0.0032679738562091504,0.03262642740619902,0.06769230769230769,0.011725293132328308,0.0,0.06132879045996593,0.0015455950540958269,0.0016129032258064516,0.0016051364365971107,0.0,0.018518518518518517,0.0812603648424544,0.0,0.04051863857374392,0.03686635944700461,0.043478260869565216,0.00333889816360601,0.0016891891891891893,0.0
2020,1,9,prevalence,0.036036036036036036,0.0,0.0015822784810126582,0.018487394957983194,0.001589825119236884,0.0049586776859504135,0.0,0.0,0.0015873015873015873,0.0,0.0,0.020933977455716585,0.0,0.0016181229773462784,0.0031847133757961785,0.003278688524590164,0.04120443740095087,0.001594896331738437,0.006420545746388443,0.029950083194675542,0.0,0.0144,0.006472491909385114,0.0,0.0016181229773462784,0.0016611295681063123,0.029459901800327332,0.01020408163265306,0.0014970059880239522,0.0,0.028192371475953566,0.0030959752321981426,0.0,0.0,0.03225806451612903,0.001594896331738437,0.0,0.027164685908319185,0.0,0.0,0.0,0.0473186119873817,0.0,0.001694915254237288,0.0,0.0033222591362126247,0.02072538860103627,0.0,0.001584786053882726,0.04084967320261438,0.03035143769968051,0.001697792869269949,0.0,0.004862236628849271,0.001519756838905775,0.060955518945634266,0.03425774877650897,0.0,0.012658227848101266,0.04821150855365474,0.0016501650165016502,0.05619834710743802,0.0046801872074883,0.007836990595611285,0.06546644844517185,0.0,0.0,0.0,0.03125,0.0,0.0060882800608828,0.0,0.051364365971107544,0.03035143769968051,0.02159468438538206,0.0109204368174727,0.0016366612111292963,0.006329113924050633,0.05695142378559464,0.0015290519877675841,0.085667215815486,0.0032679738562091504,0.0016051364365971107,0.0805921052631579,0.0064516129032258064,0.0048,0.0,0.0,0.013029315960912053,0.0015384615384615385,0.003289473684210526,0.0,0.06141732283464567,0.0030581039755351682,0.0016260162601626016,0.007680491551459293,0.0,0.007961783439490446,0.003278688524590164,0.017421602787456445,0.0,0.0,0.0015873015873015873,0.023411371237458192,0.06593406593406594,0.0743801652892562,0.01594896331738437,0.0109204368174727,0.02861952861952862,0.022222222222222223,0.06570512820512821,0.025682182985553772,0.030110935023771792,0.0016556291390728477,0.006514657980456026,0.04113924050632911,0.0,0.07585139318885449,0.059375,0.0,0.036741214057507986,0.01892744479495268,0.02127659574468085,0.046357615894039736,0.0,0.06656101426307448,0.04658901830282862,0.05132450331125828,0.08069620253164557,0.006666666666666667,0.03484848484848485,0.012965964343598054,0.0,0.019736842105263157,0.010101010101010102,0.006359300476947536,0.014858841010401188,0.036418816388467376,0.0016207455429497568,0.07317073170731707,0.0581039755351682,0.10876623376623376,0.0,0.05745341614906832,0.0,0.09500805152979067,0.09618320610687023,0.009708737864077669,0.0,0.006568144499178982,0.012089810017271158,0.0016778523489932886,0.0592,0.006600660066006601,0.06074766355140187,0.046875,0.03815580286168521,0.05211726384364821,0.019867549668874173,0.0015503875968992248,0.022727272727272728,0.007961783439490446,0.0,0.04231974921630094,0.03307086614173228,0.08818897637795275,0.003305785123966942,0.0016181229773462784,0.00322061191626409,0.041666666666666664,0.045307443365695796,0.0047169811320754715,0.0,0.009375,0.017543859649122806,0.019817073170731708,0.004573170731707317,0.024630541871921183,0.05374592833876222,0.015873015873015872,0.0,0.003289473684210526,0.037162162162162164,0.07186544342507645,0.013136288998357963,0.0,0.06633499170812604,0.003110419906687403,0.0,0.0,0.0,0.013605442176870748,0.09090909090909091,0.0,0.030844155844155844,0.03869969040247678,0.05950413223140496,0.0032520325203252032,0.0,0.0
2021,1,9,prevalence,0.045662100456621,0.0016835016835016834,0.0015600624024961,0.011844331641285956,0.0015923566878980893,0.0016722408026755853,0.0,0.0,0.0015384615384615385,0.0,0.0,0.01809954751131222,0.0,0.0016155088852988692,0.0032520325203252032,0.0031446540880503146,0.0416,0.001557632398753894,0.00644122383252818,0.0453781512605042,0.0,0.011075949367088608,0.003205128205128205,0.0,0.0,0.0033222591362126247,0.03333333333333333,0.0137221269296741,0.0,0.0,0.03877221324717286,0.001557632398753894,0.0,0.0,0.01904761904761905,0.0031645569620253164,0.0,0.02072538860103627,0.0,0.0,0.0,0.0379746835443038,0.0,0.001692047377326565,0.0,0.0,0.012089810017271158,0.0,0.0,0.065,0.03365384615384615,0.0017152658662092624,0.0,0.004746835443037975,0.009389671361502348,0.09951060358890701,0.026845637583892617,0.0,0.01282051282051282,0.09226190476190477,0.0016313213703099511,0.1185064935064935,0.00625,0.0046875,0.06218487394957983,0.0034129692832764505,0.0,0.001584786053882726,0.017777777777777778,0.0,0.004622496147919877,0.0,0.10272873194221509,0.07484076433121019,0.011326860841423949,0.004622496147919877,0.0,0.00473186119873817,0.03814262023217247,0.001564945226917058,0.11974110032362459,0.0016366612111292963,0.0016051364365971107,0.08267090620031796,0.006493506493506494,0.0045662100456621,0.0,0.0031446540880503146,0.016286644951140065,0.0075528700906344415,0.004777070063694267,0.0,0.061128526645768025,0.0030441400304414,0.0015625,0.007680491551459293,0.0,0.006430868167202572,0.0032679738562091504,0.021621621621621623,0.0,0.0,0.00482315112540193,0.05016722408026756,0.07084019769357495,0.07768595041322314,0.006430868167202572,0.003105590062111801,0.04013377926421405,0.03930817610062893,0.08542713567839195,0.014492753623188406,0.01597444089456869,0.0,0.0016313213703099511,0.04897314375987362,0.0015267175572519084,0.10989010989010989,0.06511627906976744,0.0,0.03210272873194221,0.023510971786833857,0.026936026936026935,0.034653465346534656,0.0,0.08452950558213716,0.01948051948051948,0.027419354838709678,0.0670926517571885,0.008130081300813009,0.03767660910518053,0.025848142164781908,0.0,0.014975041597337771,0.003355704697986577,0.0062402496099844,0.00906344410876133,0.061654135338345864,0.0,0.11209964412811388,0.05,0.11635220125786164,0.0016,0.0717557251908397,0.0,0.12130637636080871,0.06259541984732825,0.004830917874396135,0.0,0.013157894736842105,0.02464788732394366,0.0016638935108153079,0.07550077041602465,0.0,0.06041335453100159,0.05709876543209876,0.03328050713153724,0.07755775577557755,0.019672131147540985,0.0015772870662460567,0.0220125786163522,0.01129032258064516,0.0016129032258064516,0.02332814930015552,0.048818897637795275,0.11285266457680251,0.0032679738562091504,0.0016638935108153079,0.0,0.0432,0.0528,0.006600660066006601,0.003110419906687403,0.012345679012345678,0.014634146341463415,0.030534351145038167,0.0030911901081916537,0.02912621359223301,0.06430868167202572,0.027070063694267517,0.0,0.001644736842105263,0.04215851602023609,0.08722741433021806,0.03262642740619902,0.0,0.06666666666666667,0.004629629629629629,0.0,0.0,0.0,0.020202020202020204,0.11564625850340136,0.0,0.03365384615384615,0.04923076923076923,0.06611570247933884,0.0031645569620253164,0.0,0.0
2022,1,9,prevalence,0.04682779456193353,0.0034071550255536627,0.003076923076923077,0.006791171477079796,0.0,0.0,0.0,0.0,0.004559270516717325,0.0,0.0,0.024205748865355523,0.0,0.0016181229773462784,0.00505902192242833,0.0,0.03343949044585987,0.0015503875968992248,0.003169572107765452,0.04631217838765009,0.0,0.01579778830963665,0.0031847133757961785,0.0,0.0,0.0033613445378151263,0.031055900621118012,0.011904761904761904,0.001524390243902439,0.0,0.0429042904290429,0.0,0.0,0.0,0.02254428341384863,0.004838709677419355,0.0,0.01718213058419244,0.0,0.0,0.0,0.031446540880503145,0.0,0.0,0.0,0.0,0.006825938566552901,0.0,0.0031496062992125984,0.09650582362728785,0.07246376811594203,0.0,0.0,0.0030959752321981426,0.0125,0.14285714285714285,0.04470198675496689,0.0,0.01904761904761905,0.13623188405797101,0.0033003300330033004,0.2110236220472441,0.007874015748031496,0.004608294930875576,0.05536912751677853,0.003355704697986577,0.0,0.0016051364365971107,0.016819571865443424,0.0,0.003048780487804878,0.0,0.11217948717948718,0.06035889070146819,0.013333333333333334,0.009188361408882083,0.0,0.0,0.046357615894039736,0.0015923566878980893,0.18993506493506493,0.001589825119236884,0.001610305958132045,0.06511627906976744,0.006589785831960461,0.004559270516717325,0.0,0.0,0.015202702702702704,0.021638330757341576,0.0030441400304414,0.0,0.049206349206349205,0.003048780487804878,0.0,0.0061633281972265025,0.0032414910858995136,0.018867924528301886,0.0032733224222585926,0.049557522123893805,0.0,0.0015220700152207,0.003305785123966942,0.043689320388349516,0.06230031948881789,0.09328968903436989,0.009693053311793215,0.004658385093167702,0.03204047217537943,0.04838709677419355,0.08631921824104234,0.011182108626198083,0.0016474464579901153,0.0,0.0016556291390728477,0.029641185647425898,0.0015128593040847202,0.12939297124600638,0.06416275430359937,0.0,0.03803486529318542,0.025682182985553772,0.03209459459459459,0.0608,0.0,0.0781758957654723,0.021035598705501618,0.02786377708978328,0.11198738170347003,0.011400651465798045,0.06280193236714976,0.024,0.0,0.02287581699346405,0.001697792869269949,0.0030534351145038168,0.0029850746268656717,0.07807807807807808,0.0,0.13926174496644295,0.08421052631578947,0.09399075500770417,0.001610305958132045,0.07751937984496124,0.0,0.13978494623655913,0.056179775280898875,0.0,0.0,0.006369426751592357,0.01384083044982699,0.0064,0.06184012066365008,0.0034423407917383822,0.08553654743390357,0.03980891719745223,0.032520325203252036,0.12687813021702837,0.0297339593114241,0.0016025641025641025,0.02750809061488673,0.012718600953895072,0.0016286644951140066,0.014040561622464899,0.07298136645962733,0.13734567901234568,0.0016474464579901153,0.0016339869281045752,0.003236245954692557,0.030015797788309637,0.07941653160453808,0.004918032786885246,0.004672897196261682,0.02403846153846154,0.008156606851549755,0.0464,0.003205128205128205,0.032148900169204735,0.10526315789473684,0.02786377708978328,0.0,0.001692047377326565,0.035058430717863104,0.10658307210031348,0.03418803418803419,0.0,0.08617886178861789,0.009230769230769232,0.0,0.0,0.0,0.02512562814070352,0.12110726643598616,0.0,0.024311183144246355,0.038880248833592534,0.07755775577557755,0.00322061191626409,0.0,0.0
2023,1,9,prevalence,0.05023547880690738,0.001644736842105263,0.003134796238244514,0.003527336860670194,0.0,0.0,0.0,0.0,0.004573170731707317,0.001584786053882726,0.0,0.02599388379204893,0.0,0.0016556291390728477,0.005050505050505051,0.0,0.04516129032258064,0.0015698587127158557,0.003215434083601286,0.03247863247863248,0.0,0.02365930599369085,0.004746835443037975,0.0,0.0,0.0016750418760469012,0.021212121212121213,0.008445945945945946,0.0015290519877675841,0.0,0.031096563011456628,0.0,0.0,0.0,0.017107309486780714,0.003305785123966942,0.004901960784313725,0.008445945945945946,0.0,0.0,0.0,0.023622047244094488,0.0,0.0,0.0,0.0,0.009868421052631578,0.0,0.003110419906687403,0.1256198347107438,0.09615384615384616,0.0,0.0,0.0045871559633027525,0.004615384615384616,0.22690437601296595,0.08688524590163935,0.0015600624024961,0.029950083194675542,0.1184407796101949,0.008291873963515755,0.29846153846153844,0.009724473257698542,0.003129890453834116,0.04208754208754209,0.0016420361247947454,0.0,0.00315955766192733,0.018633540372670808,0.0,0.0015503875968992248,0.0,0.11290322580645161,0.04,0.016835016835016835,0.0078125,0.0,0.0,0.046511627906976744,0.003246753246753247,0.2630744849445325,0.0033500837520938024,0.0016420361247947454,0.04566929133858268,0.006611570247933884,0.0031201248049922,0.0,0.0,0.00676818950930626,0.0109204368174727,0.001519756838905775,0.0,0.04032258064516129,0.007473841554559043,0.0,0.007776049766718507,0.0032626427406199023,0.022970903522205207,0.0033222591362126247,0.07917383820998279,0.0,0.0015290519877675841,0.0017064846416382253,0.03821656050955414,0.09165302782324058,0.11367380560131796,0.006279434850863423,0.006230529595015576,0.03225806451612903,0.0440251572327044,0.07537688442211055,0.015723270440251572,0.0016366612111292963,0.0,0.0,0.0397456279809221,0.0015337423312883436,0.10466988727858294,0.07740916271721959,0.0,0.04823151125401929,0.038523274478330656,0.03442622950819672,0.05466237942122187,0.0,0.09752066115702479,0.024,0.03927492447129909,0.15193798449612403,0.0032310177705977385,0.07580645161290323,0.033707865168539325,0.0,0.029556650246305417,0.0017152658662092624,0.0,0.0029895366218236174,0.09582689335394126,0.0,0.1675213675213675,0.09777777777777778,0.0639269406392694,0.0,0.07692307692307693,0.0,0.1310452418096724,0.052715654952076675,0.0,0.0,0.0016260162601626016,0.008237232289950576,0.006359300476947536,0.06346749226006192,0.005190311418685121,0.06269592476489028,0.07154742096505824,0.02384737678855326,0.09747899159663866,0.033386327503974564,0.0015723270440251573,0.01824212271973466,0.006220839813374806,0.0016835016835016834,0.029827315541601257,0.11023622047244094,0.1850079744816587,0.0016286644951140066,0.0016638935108153079,0.0015723270440251573,0.046875,0.09656301145662848,0.0047169811320754715,0.004702194357366771,0.03464566929133858,0.006349206349206349,0.0625,0.001644736842105263,0.03130148270181219,0.07993730407523511,0.03538461538461538,0.0,0.001669449081803005,0.06393442622950819,0.12480739599383667,0.036605657237936774,0.0,0.09833333333333333,0.0030303030303030303,0.0016286644951140066,0.0,0.0,0.010344827586206896,0.08900523560209424,0.0,0.017741935483870968,0.023474178403755867,0.026845637583892617,0.0016339869281045752,0.0,0.0
2024,1,9,prevalence,0.05555555555555555,0.0032733224222585926,0.0030864197530864196,0.0016778523489932886,0.0,0.0,0.0,0.0,0.0061633281972265025,0.0016,0.0,0.027607361963190184,0.0016260162601626016,0.0016233766233766235,0.00338409475465313,0.0,0.04265402843601896,0.0,0.0016638935108153079,0.04513888888888889,0.0,0.029827315541601257,0.003105590062111801,0.0,0.0,0.0017006802721088435,0.015128593040847202,0.008503401360544218,0.001524390243902439,0.0,0.018032786885245903,0.0,0.0,0.0,0.009419152276295133,0.0033112582781456954,0.0046801872074883,0.017006802721088437,0.001564945226917058,0.0,0.0,0.0171875,0.0,0.0,0.0015267175572519084,0.003284072249589491,0.01487603305785124,0.0,0.003194888178913738,0.12833333333333333,0.07395498392282958,0.0,0.0,0.004622496147919877,0.00906344410876133,0.24058919803600654,0.08828250401284109,0.0015552099533437014,0.04118616144975288,0.13742690058479531,0.008389261744966443,0.37424242424242427,0.0064516129032258064,0.004672897196261682,0.03150912106135987,0.0016339869281045752,0.0,0.003284072249589491,0.011041009463722398,0.0,0.0015503875968992248,0.0,0.07448494453248812,0.02364864864864865,0.008223684210526315,0.014240506329113924,0.0,0.0,0.03896103896103896,0.0032,0.3015625,0.0016155088852988692,0.00473186119873817,0.05116279069767442,0.0033277870216306157,0.0015772870662460567,0.0,0.0016181229773462784,0.006611570247933884,0.007898894154818325,0.0015748031496062992,0.0,0.03980099502487562,0.005847953216374269,0.0,0.0031545741324921135,0.006389776357827476,0.028963414634146343,0.008417508417508417,0.1234991423670669,0.0,0.004739336492890996,0.00338409475465313,0.02190923317683881,0.10299003322259136,0.13122923588039867,0.004702194357366771,0.0015723270440251573,0.03542673107890499,0.06129032258064516,0.09446254071661238,0.00641025641025641,0.001644736842105263,0.0015873015873015873,0.0,0.02945736434108527,0.0,0.10662358642972536,0.0941358024691358,0.0,0.04918032786885246,0.03889789303079417,0.045075125208681135,0.07667731629392971,0.0,0.10828025477707007,0.026016260162601626,0.04160246533127889,0.19682539682539682,0.001589825119236884,0.07395498392282958,0.03889789303079417,0.0,0.01485148514851485,0.0017064846416382253,0.0,0.01020408163265306,0.12061068702290076,0.0,0.1456953642384106,0.07749627421758569,0.06891271056661562,0.0,0.09161490683229814,0.0,0.12300319488817892,0.09369951534733441,0.0015772870662460567,0.0,0.01309328968903437,0.004846526655896607,0.0031201248049922,0.04375,0.0068846815834767644,0.07272727272727272,0.0912106135986733,0.03955696202531646,0.06844741235392321,0.017828200972447326,0.001594896331738437,0.01697792869269949,0.009244992295839754,0.001694915254237288,0.01904761904761905,0.18035426731078905,0.3047001620745543,0.0033444816053511705,0.00322061191626409,0.0031545741324921135,0.06875,0.14332247557003258,0.0032414910858995136,0.003076923076923077,0.054187192118226604,0.0016313213703099511,0.0565149136577708,0.0016,0.036243822075782535,0.0782472613458529,0.04626865671641791,0.0,0.0016474464579901153,0.07580645161290323,0.18181818181818182,0.04186795491143317,0.0,0.11853088480801335,0.0015408320493066256,0.003215434083601286,0.0,0.0,0.010327022375215147,0.06610169491525424,0.0,0.02336448598130841,0.01594896331738437,0.037037037037037035,0.0,0.0,0.0
2025,1,9,prevalence,0.08077544426494346,0.0033112582781456954,0.0015625,0.0017094017094017094,0.0,0.0,0.0,0.0,0.006097560975609756,0.0016025641025641025,0.0,0.01687116564417178,0.003278688524590164,0.0015873015873015873,0.0034482758620689655,0.0,0.0410958904109589,0.0,0.004777070063694267,0.048494983277591976,0.0,0.043209876543209874,0.0015748031496062992,0.001557632398753894,0.0,0.0017331022530329288,0.00782472613458529,0.013050570962479609,0.0015432098765432098,0.0,0.013136288998357963,0.0,0.0,0.0,0.012598425196850394,0.0033783783783783786,0.0030581039755351682,0.018425460636515914,0.001557632398753894,0.0,0.0,0.025,0.0030349013657056147,0.0016286644951140066,0.0015220700152207,0.001644736842105263,0.02912621359223301,0.0,0.003246753246753247,0.15268456375838926,0.08095238095238096,0.0,0.0,0.004511278195488722,0.0045385779122541605,0.2671009771986971,0.0791599353796446,0.0015873015873015873,0.04126984126984127,0.15164520743919885,0.004991680532445923,0.29893778452200304,0.014331210191082803,0.001579778830963665,0.04552845528455285,0.0016313213703099511,0.001567398119122257,0.0032310177705977385,0.014563106796116505,0.0,0.0,0.0,0.10526315789473684,0.037037037037037035,0.020168067226890758,0.020537124802527645,0.0,0.0,0.03205128205128205,0.001584786053882726,0.37816455696202533,0.0,0.001610305958132045,0.059190031152647975,0.003257328990228013,0.0030581039755351682,0.0,0.0031201248049922,0.003236245954692557,0.011023622047244094,0.0016051364365971107,0.0,0.03296703296703297,0.0029239766081871343,0.0,0.008130081300813009,0.00487012987012987,0.0228310502283105,0.005145797598627788,0.22956521739130434,0.0,0.0016025641025641025,0.003401360544217687,0.03755868544600939,0.09628378378378379,0.16020236087689713,0.007680491551459293,0.0015384615384615385,0.06070287539936102,0.05362776025236593,0.09688013136288999,0.004754358161648178,0.001639344262295082,0.001564945226917058,0.0,0.02459016393442623,0.0,0.06478405315614617,0.08978328173374613,0.0,0.07236842105263158,0.04262295081967213,0.035830618892508145,0.1184,0.001557632398753894,0.1201923076923077,0.019230769230769232,0.042488619119878605,0.19626168224299065,0.001567398119122257,0.07667731629392971,0.10294117647058823,0.0,0.014729950900163666,0.001669449081803005,0.0,0.022288261515601784,0.14015748031496064,0.0,0.16129032258064516,0.08982035928143713,0.09711684370257967,0.0,0.09448818897637795,0.0,0.10764430577223089,0.11858974358974358,0.0016181229773462784,0.0,0.016286644951140065,0.012698412698412698,0.0031496062992125984,0.07480916030534351,0.006589785831960461,0.0549618320610687,0.12603648424543948,0.0448,0.09210526315789473,0.026359143327841845,0.0,0.015410958904109588,0.01676829268292683,0.0016778523489932886,0.044444444444444446,0.2118380062305296,0.32273449920508746,0.0032,0.0016181229773462784,0.0031645569620253164,0.07355242566510173,0.2161290322580645,0.0032,0.0015384615384615385,0.06229508196721312,0.0016025641025641025,0.05196850393700787,0.0015503875968992248,0.04326123128119801,0.056074766355140186,0.0359375,0.0,0.001639344262295082,0.04961240310077519,0.16123778501628663,0.03139717425431711,0.0015220700152207,0.09539473684210527,0.0015527950310559005,0.0031746031746031746,0.0,0.0,0.015126050420168067,0.09539473684210527,0.0016155088852988692,0.01957831325301205,0.02037617554858934,0.029459901800327332,0.0,0.001567398119122257,0.0
