Time,age_start,age_end,measure,draw_0,draw_1,draw_2,draw_3,draw_4,draw_5,draw_6,draw_7,draw_8,draw_9,draw_10,draw_11,draw_12,draw_13,draw_14,draw_15,draw_16,draw_17,draw_18,draw_19,draw_20,draw_21,draw_22,draw_23,draw_24,draw_25,draw_26,draw_27,draw_28,draw_29,draw_30,draw_31,draw_32,draw_33,draw_34,draw_35,draw_36,draw_37,draw_38,draw_39,draw_40,draw_41,draw_42,draw_43,draw_44,draw_45,draw_46,draw_47,draw_48,draw_49,draw_50,draw_51,draw_52,draw_53,draw_54,draw_55,draw_56,draw_57,draw_58,draw_59,draw_60,draw_61,draw_62,draw_63,draw_64,draw_65,draw_66,draw_67,draw_68,draw_69,draw_70,draw_71,draw_72,draw_73,draw_74,draw_75,draw_76,draw_77,draw_78,draw_79,draw_80,draw_81,draw_82,draw_83,draw_84,draw_85,draw_86,draw_87,draw_88,draw_89,draw_90,draw_91,draw_92,draw_93,draw_94,draw_95,draw_96,draw_97,draw_98,draw_99,draw_100,draw_101,draw_102,draw_103,draw_104,draw_105,draw_106,draw_107,draw_108,draw_109,draw_110,draw_111,draw_112,draw_113,draw_114,draw_115,draw_116,draw_117,draw_118,draw_119,draw_120,draw_121,draw_122,draw_123,draw_124,draw_125,draw_126,draw_127,draw_128,draw_129,draw_130,draw_131,draw_132,draw_133,draw_134,draw_135,draw_136,draw_137,draw_138,draw_139,draw_140,draw_141,draw_142,draw_143,draw_144,draw_145,draw_146,draw_147,draw_148,draw_149,draw_150,draw_151,draw_152,draw_153,draw_154,draw_155,draw_156,draw_157,draw_158,draw_159,draw_160,draw_161,draw_162,draw_163,draw_164,draw_165,draw_166,draw_167,draw_168,draw_169,draw_170,draw_171,draw_172,draw_173,draw_174,draw_175,draw_176,draw_177,draw_178,draw_179,draw_180,draw_181,draw_182,draw_183,draw_184,draw_185,draw_186,draw_187,draw_188,draw_189,draw_190,draw_191,draw_192,draw_193,draw_194,draw_195,draw_196,draw_197,draw_198,draw_199
1996,1,9,prevalence,0.2655786350148368,0.329635499207607,0.2635431918008785,0.5477707006369427,0.38845553822152884,0.33278418451400327,0.3935483870967742,0.4324734446130501,0.48264984227129337,0.4115853658536585,0.4247226624405705,0.3656957928802589,0.4134328358208955,0.2833333333333333,0.30303030303030304,0.2631578947368421,0.33383458646616543,0.24919093851132687,0.5270049099836334,0.13738019169329074,0.30171073094867806,0.4032520325203252,0.15711947626841244,0.23889739663093415,0.4392220421393841,0.37770897832817335,0.4500818330605565,0.4586709886547812,0.5259146341463414,0.45865834633385333,0.36932707355242567,0.4069591527987897,0.31118314424635335,0.3505311077389985,0.49918166939443537,0.3333333333333333,0.4141914191419142,0.5098039215686274,0.2634146341463415,0.47974068071312803,0.5512048192771084,0.3500784929356358,0.4509493670886076,0.465,0.3448275862068966,0.40705128205128205,0.4124031007751938,0.4370139968895801,0.40615384615384614,0.5217391304347826,0.4287974683544304,0.4830917874396135,0.3375,0.5578446909667195,0.415625,0.5235772357723577,0.4765886287625418,0.3106508875739645,0.4216300940438871,0.25038880248833595,0.2213375796178344,0.4343891402714932,0.41517857142857145,0.4301242236024845,0.30427892234548337,0.3302034428794992,0.4234527687296417,0.29890453834115804,0.4096774193548387,0.42289348171701113,0.578386605783866,0.5139318885448917,0.5107438016528926,0.4961832061068702,0.48291233283803864,0.4252696456086287,0.4265402843601896,0.46166666666666667,0.4015873015873016,0.4297385620915033,0.4041204437400951,0.3264,0.375594294770206,0.42028985507246375,0.4708588957055215,0.5188087774294671,0.45975232198142413,0.39967637540453077,0.31278195488721805,0.46677471636953,0.5375,0.4696485623003195,0.32293291731669266,0.2837209302325581,0.3500784929356358,0.5084459459459459,0.44407345575959933,0.3314037626628075,0.29465648854961835,0.40390879478827363,0.4023372287145242,0.41139240506329117,0.4510948905109489,0.46308724832214765,0.4115755627009646,0.38,0.4153605015673981,0.3757861635220126,0.42750373692077726,0.31810490693739424,0.5308441558441559,0.28808446455505277,0.31527093596059114,0.35648148148148145,0.2372322899505766,0.45741324921135645,0.4271186440677966,0.3912310286677909,0.2893175074183976,0.3338842975206612,0.3473053892215569,0.47874015748031495,0.46229508196721314,0.4683734939759036,0.40387722132471726,0.3532258064516129,0.3819672131147541,0.4339908952959029,0.2727272727272727,0.39171974522292996,0.329635499207607,0.34365325077399383,0.31942215088282505,0.4107142857142857,0.3408,0.44565217391304346,0.3207261724659607,0.4470404984423676,0.29541864139020535,0.47943037974683544,0.4263005780346821,0.40702781844802344,0.36391912908242613,0.47703703703703704,0.3919523099850969,0.3981042654028436,0.3397745571658615,0.38385502471169686,0.39556962025316456,0.4154351395730706,0.4423076923076923,0.38967136150234744,0.4959083469721768,0.5023255813953489,0.3262518968133536,0.4476650563607085,0.4272151898734177,0.367816091954023,0.37756714060031593,0.5424528301886793,0.3978658536585366,0.37732919254658387,0.4716981132075472,0.37442218798151,0.2868217054263566,0.43456375838926176,0.48411497730711045,0.4576547231270358,0.35038759689922483,0.4779969650986343,0.38548387096774195,0.495398773006135,0.4278688524590164,0.3181126331811263,0.5327380952380952,0.3827751196172249,0.4156441717791411,0.3450920245398773,0.40279937791601866,0.34308943089430893,0.49144634525660963,0.3382352941176471,0.4041095890410959,0.3525641025641026,0.34782608695652173,0.40894568690095845,0.3755868544600939,0.39144215530903326,0.4809741248097412,0.4251968503937008,0.2268370607028754,0.39436619718309857,0.366306027820711,0.4722222222222222,0.5053272450532724,0.322061191626409,0.478134110787172,0.35798816568047337,0.3509933774834437,0.37320574162679426
1997,1,9,prevalence,0.29102167182662536,0.3092948717948718,0.3303030303030303,0.5024630541871922,0.4084507042253521,0.33907056798623064,0.4421768707482993,0.41639871382636656,0.44761904761904764,0.3744075829383886,0.4557377049180328,0.397456279809221,0.3956228956228956,0.300163132137031,0.28125,0.38235294117647056,0.3209302325581395,0.3126050420168067,0.5460750853242321,0.17313915857605178,0.21440536013400335,0.3811965811965812,0.11647254575707154,0.2785829307568438,0.49331103678929766,0.4676145339652449,0.5058043117744611,0.45193929173693087,0.5094043887147336,0.4804560260586319,0.4085667215815486,0.47943037974683544,0.3532423208191126,0.3684210526315789,0.5269565217391304,0.2980769230769231,0.4983164983164983,0.5015822784810127,0.2573913043478261,0.485,0.5536547433903577,0.30781758957654726,0.5444078947368421,0.4717314487632509,0.41765704584040747,0.3536,0.43573667711598746,0.4402618657937807,0.3971061093247588,0.5317460317460317,0.37664473684210525,0.3903225806451613,0.3136593591905565,0.5154975530179445,0.375,0.4967845659163987,0.4155405405405405,0.308411214953271,0.3853503184713376,0.26391096979332274,0.15890850722311398,0.39236641221374047,0.3944954128440367,0.4326465927099842,0.3545751633986928,0.2971246006389776,0.42088091353996737,0.26973684210526316,0.40415335463258784,0.43100511073253833,0.5901898734177216,0.5504,0.5378151260504201,0.5184,0.46412213740458014,0.4620355411954766,0.31239669421487604,0.5148342059336823,0.32305194805194803,0.47560975609756095,0.4577922077922078,0.3401709401709402,0.3933333333333333,0.35311572700296734,0.43143297380585516,0.5074135090609555,0.44798657718120805,0.49324324324324326,0.2476340694006309,0.4169435215946844,0.49592169657422513,0.4817880794701987,0.3366174055829228,0.3279742765273312,0.3964968152866242,0.5197934595524957,0.4750830564784053,0.3380503144654088,0.31528662420382164,0.37437603993344426,0.3918918918918919,0.3979933110367893,0.34186746987951805,0.4010889292196007,0.47194719471947194,0.3354330708661417,0.47665056360708535,0.44089456869009586,0.42727272727272725,0.2986577181208054,0.5242070116861436,0.31121642969984203,0.31046312178387653,0.3673780487804878,0.3076923076923077,0.41830065359477125,0.4682274247491639,0.411663807890223,0.34022257551669316,0.4121739130434783,0.32445141065830724,0.46967340590979784,0.38687392055267705,0.46676737160120846,0.3644067796610169,0.4006677796327212,0.33448275862068966,0.4274193548387097,0.30198019801980197,0.3399014778325123,0.34775374376039936,0.4208860759493671,0.3469721767594108,0.46140939597315433,0.30333333333333334,0.49682539682539684,0.30757575757575756,0.4675118858954041,0.2764227642276423,0.406807131280389,0.39215686274509803,0.3508500772797527,0.4274061990212072,0.5255023183925811,0.3826219512195122,0.4577922077922078,0.2965964343598055,0.3707482993197279,0.3633276740237691,0.4491525423728814,0.4340567612687813,0.43066884176182707,0.42033898305084744,0.5094637223974764,0.40408805031446543,0.4450084602368866,0.39663865546218485,0.385146804835924,0.4215686274509804,0.5473321858864028,0.40093603744149764,0.3365231259968102,0.4798061389337641,0.3857374392220421,0.3492822966507177,0.41509433962264153,0.4528,0.5294117647058824,0.31239935587761675,0.3965785381026439,0.3876871880199667,0.4936708860759494,0.39414802065404475,0.4074074074074074,0.5179640718562875,0.32676518883415434,0.3553459119496855,0.3674418604651163,0.36650082918739635,0.35392320534223703,0.5134706814580031,0.27639751552795033,0.3903281519861831,0.38461538461538464,0.41390205371248023,0.4175084175084175,0.4051863857374392,0.4471947194719472,0.4984423676012461,0.4,0.2310177705977383,0.40129449838187703,0.36391912908242613,0.4821705426356589,0.5537974683544303,0.3037542662116041,0.44648318042813456,0.3470031545741325,0.3589315525876461,0.40729001584786056
1998,1,9,prevalence,0.25462962962962965,0.28365384615384615,0.27386541471048514,0.5132013201320133,0.4381846635367762,0.29692832764505117,0.4340277777777778,0.36550632911392406,0.5203915171288744,0.3563402889245586,0.3469721767594108,0.3333333333333333,0.3586572438162544,0.33004926108374383,0.3716216216216216,0.33444259567387685,0.25821596244131456,0.3554817275747508,0.5568561872909699,0.20491803278688525,0.234375,0.4416243654822335,0.14991482112436116,0.2369281045751634,0.4781144781144781,0.43213728549141966,0.4146341463414634,0.46787479406919275,0.48753894080996885,0.5161290322580645,0.392914653784219,0.40930232558139534,0.3527454242928453,0.37245696400625977,0.5017006802721088,0.3157894736842105,0.4239316239316239,0.48303715670436187,0.2486865148861646,0.4639865996649916,0.5073409461663948,0.3190789473684211,0.4888535031847134,0.5062166962699822,0.4612794612794613,0.46526655896607433,0.43111831442463533,0.4867549668874172,0.38354037267080743,0.5120772946859904,0.31732418524871353,0.3935483870967742,0.426890756302521,0.5127388535031847,0.37458745874587457,0.48089171974522293,0.38250428816466553,0.2697160883280757,0.38810641627543035,0.2197452229299363,0.277602523659306,0.39689922480620154,0.3498452012383901,0.39076923076923076,0.38333333333333336,0.30818619582664525,0.40691927512355847,0.2904238618524333,0.35864297253634897,0.4578512396694215,0.5480314960629922,0.49528301886792453,0.44810543657331137,0.526813880126183,0.4845201238390093,0.40540540540540543,0.39408866995073893,0.4824561403508772,0.38057324840764334,0.5130434782608696,0.4304635761589404,0.31918505942275044,0.4105960264900662,0.3177570093457944,0.45045045045045046,0.5283630470016207,0.44839255499153974,0.4155844155844156,0.36334913112164297,0.3956953642384106,0.5492063492063493,0.46153846153846156,0.3737704918032787,0.32315112540192925,0.39628482972136225,0.5415224913494809,0.47294938917975565,0.35837245696400627,0.367986798679868,0.37748344370860926,0.42549668874172186,0.4473684210526316,0.43846153846153846,0.4523809523809524,0.4435215946843854,0.39191290824261277,0.4444444444444444,0.43769968051118213,0.44580152671755724,0.3119584055459272,0.5357737104825291,0.34022257551669316,0.2722419928825623,0.2971342383107089,0.3102362204724409,0.4292845257903494,0.46901172529313234,0.3333333333333333,0.31735537190082647,0.3400673400673401,0.3114241001564945,0.45145631067961167,0.3854166666666667,0.4627092846270928,0.39434276206322794,0.41050903119868637,0.3344594594594595,0.4773462783171521,0.35451505016722407,0.355877616747182,0.30017152658662094,0.358609794628752,0.29079159935379645,0.4157119476268412,0.2396694214876033,0.3936,0.3653250773993808,0.41930379746835444,0.36553945249597425,0.4097331240188383,0.39939024390243905,0.3790849673202614,0.4261744966442953,0.4645669291338583,0.325,0.4785373608903021,0.27503974562798095,0.4143835616438356,0.2830820770519263,0.46075085324232085,0.3902439024390244,0.4393939393939394,0.4612794612794613,0.4513556618819777,0.3574730354391371,0.4898989898989899,0.3926174496644295,0.36054421768707484,0.48484848484848486,0.5008460236886633,0.31061806656101426,0.30094043887147337,0.47095761381475665,0.34201954397394135,0.353518821603928,0.36454849498327757,0.43829113924050633,0.5024390243902439,0.33225283630470015,0.2507987220447284,0.38474295190713104,0.46845425867507884,0.3606837606837607,0.33658536585365856,0.43872919818456885,0.31280388978930307,0.4074074074074074,0.31875,0.3637901861252115,0.32189542483660133,0.5,0.2727272727272727,0.38617200674536256,0.33497536945812806,0.45412130637636083,0.40397350993377484,0.42995169082125606,0.47429519071310117,0.44049459041731065,0.4459016393442623,0.18962722852512157,0.3781094527363184,0.33490566037735847,0.4896988906497623,0.5478806907378336,0.32094594594594594,0.5062695924764891,0.3056,0.383739837398374,0.33063209076175043
1999,1,9,prevalence,0.26851851851851855,0.2770897832817337,0.23186119873817035,0.5344262295081967,0.4945226917057903,0.28401360544217685,0.4537671232876712,0.38819875776397517,0.4984423676012461,0.32903225806451614,0.49335548172757476,0.3754152823920266,0.3044982698961938,0.3421487603305785,0.27941176470588236,0.26744186046511625,0.2576489533011272,0.3565365025466893,0.5175879396984925,0.24787775891341257,0.24956369982547993,0.4135593220338983,0.15025906735751296,0.24212271973466004,0.5182724252491694,0.3887147335423197,0.4157119476268412,0.4788273615635179,0.4842271293375394,0.4194577352472089,0.4109375,0.4364207221350079,0.38879456706281834,0.38109756097560976,0.4838160136286201,0.39144215530903326,0.44851657940663175,0.4730831973898858,0.2823920265780731,0.4745762711864407,0.5321543408360129,0.28363047001620745,0.48673946957878317,0.4991023339317774,0.3712374581939799,0.4700162074554295,0.38301282051282054,0.46895424836601307,0.46,0.5535714285714286,0.3161397670549085,0.420265780730897,0.32310177705977383,0.5176848874598071,0.3741830065359477,0.5150554675118859,0.39896373056994816,0.35772357723577236,0.3669724770642202,0.16535433070866143,0.25902668759811615,0.31124807395993837,0.3554868624420402,0.3996815286624204,0.33835845896147404,0.2671009771986971,0.3848684210526316,0.24727838258164853,0.4363929146537842,0.3840947546531303,0.576138147566719,0.5222222222222223,0.521669341894061,0.5356576862123613,0.47791798107255523,0.4,0.38305084745762713,0.4068965517241379,0.33011272141706927,0.434412265758092,0.49754500818330605,0.3417085427135678,0.45854483925549916,0.29555895865237364,0.37198795180722893,0.5182829888712241,0.4045138888888889,0.430622009569378,0.3036565977742448,0.4949664429530201,0.522273425499232,0.4925619834710744,0.44625407166123776,0.36303630363036304,0.41368584758942456,0.5,0.44166666666666665,0.3563579277864992,0.3548387096774194,0.4159869494290375,0.44966442953020136,0.4504950495049505,0.515527950310559,0.4242957746478873,0.3739424703891709,0.4046511627906977,0.3880368098159509,0.334384858044164,0.44036697247706424,0.2979452054794521,0.4769736842105263,0.2896890343698854,0.29842931937172773,0.29046898638426627,0.3092948717948718,0.4438860971524288,0.5,0.36486486486486486,0.2948073701842546,0.3333333333333333,0.3237639553429027,0.4745222929936306,0.47058823529411764,0.4395770392749245,0.3954983922829582,0.36894824707846413,0.3464052287581699,0.4163934426229508,0.28805237315875615,0.3532182103610675,0.270223752151463,0.30718954248366015,0.24878048780487805,0.4591194968553459,0.17792421746293247,0.4576,0.2629179331306991,0.4305555555555556,0.35973597359735976,0.3548895899053628,0.45131375579598143,0.44390243902439025,0.4114671163575042,0.4659270998415214,0.3218210361067504,0.4521880064829822,0.3573717948717949,0.38421955403087477,0.30333333333333334,0.41935483870967744,0.4496753246753247,0.4351535836177474,0.49203821656050956,0.5126182965299685,0.3338368580060423,0.5122377622377622,0.41385135135135137,0.3101694915254237,0.4288079470198676,0.5041322314049587,0.3145539906103286,0.3184,0.4426751592356688,0.37720706260032105,0.31840796019900497,0.3615257048092869,0.5057096247960848,0.4662379421221865,0.3264,0.32921174652241114,0.2692307692307692,0.4693548387096774,0.4273204903677758,0.3756260434056761,0.4094368340943683,0.28338762214983715,0.34923076923076923,0.2961832061068702,0.33278145695364236,0.36935483870967745,0.4570552147239264,0.21337579617834396,0.41047297297297297,0.2702702702702703,0.3941267387944359,0.423841059602649,0.41368078175895767,0.43870967741935485,0.4440993788819876,0.3944353518821604,0.28363047001620745,0.3264,0.3627450980392157,0.5063091482649842,0.5008077544426495,0.32130584192439865,0.5023622047244094,0.2815533980582524,0.38954468802698144,0.3646677471636953
2000,1,9,prevalence,0.21669341894060995,0.250381679389313,0.3223270440251572,0.5796387520525451,0.4152410575427683,0.3187702265372168,0.4740484429065744,0.3923444976076555,0.4605873261205564,0.33825944170771755,0.4193011647254576,0.33506044905008636,0.32926829268292684,0.29519071310116085,0.32569558101472995,0.3078149920255183,0.2902155887230514,0.20654044750430292,0.5177065767284992,0.2568027210884354,0.3142857142857143,0.4748322147651007,0.20648464163822525,0.31711409395973156,0.5147058823529411,0.44605475040257647,0.42857142857142855,0.48220064724919093,0.5032051282051282,0.41384615384615386,0.4175824175824176,0.47310126582278483,0.3959731543624161,0.34276729559748426,0.43470790378006874,0.4062015503875969,0.4175257731958763,0.45394736842105265,0.380327868852459,0.48080133555926546,0.5429497568881686,0.26742301458670986,0.5095541401273885,0.49016100178890876,0.3556280587275693,0.4368,0.3888888888888889,0.4628099173553719,0.4015503875968992,0.5456026058631922,0.41867954911433175,0.39728353140916806,0.35555555555555557,0.5537974683544303,0.47019867549668876,0.484472049689441,0.40508474576271186,0.34913112164297,0.32242990654205606,0.20904836193447737,0.27936507936507937,0.35909090909090907,0.3977455716586151,0.3869426751592357,0.2951096121416526,0.22416534181240064,0.3316831683168317,0.2621664050235479,0.3883495145631068,0.3873720136518771,0.5595054095826894,0.4884488448844885,0.49607535321821034,0.551779935275081,0.48194662480376765,0.439873417721519,0.38220757825370677,0.3652173913043478,0.24267100977198697,0.4288135593220339,0.4083333333333333,0.34628378378378377,0.39145299145299145,0.30842607313195547,0.4500768049155146,0.5573248407643312,0.41578947368421054,0.41652892561983473,0.33386581469648563,0.4752136752136752,0.5060975609756098,0.48013245033112584,0.47580645161290325,0.3872549019607843,0.41641337386018235,0.5148342059336823,0.46434494195688225,0.37738853503184716,0.3463414634146341,0.40032679738562094,0.42567567567567566,0.4184514003294893,0.4530046224961479,0.5129533678756477,0.36741767764298094,0.35968992248062015,0.43051359516616317,0.4027777777777778,0.3761609907120743,0.3277027027027027,0.44861337683523655,0.3872053872053872,0.32358003442340794,0.30454545454545456,0.34039087947882735,0.48355263157894735,0.4819078947368421,0.35423728813559324,0.20918367346938777,0.21983471074380165,0.29838709677419356,0.4578696343402226,0.44922547332185886,0.44728915662650603,0.4075829383886256,0.3269565217391304,0.4068627450980392,0.4178628389154705,0.3415841584158416,0.314785373608903,0.342512908777969,0.2623762376237624,0.26490066225165565,0.44089456869009586,0.15798045602605862,0.4514003294892916,0.28939393939393937,0.4552352048558422,0.391653290529695,0.4525316455696203,0.4707692307692308,0.4048,0.411663807890223,0.42857142857142855,0.448062015503876,0.4120443740095087,0.42790697674418604,0.42016806722689076,0.3051948051948052,0.37037037037037035,0.36348684210526316,0.4341880341880342,0.43156199677938806,0.4729299363057325,0.29878048780487804,0.453125,0.38879159369527144,0.30664395229982966,0.43414634146341463,0.4911147011308562,0.32326283987915405,0.3103448275862069,0.4303599374021909,0.38095238095238093,0.31893687707641194,0.39173553719008264,0.5295109612141653,0.5333333333333333,0.3903654485049834,0.4060031595576619,0.37649063032367974,0.4449838187702265,0.5120274914089347,0.44481054365733114,0.4444444444444444,0.26537216828478966,0.3391167192429022,0.3161094224924012,0.365,0.3360128617363344,0.46533127889060094,0.2884927066450567,0.35785953177257523,0.24719101123595505,0.4588045234248788,0.4542483660130719,0.3858267716535433,0.49019607843137253,0.49606299212598426,0.3851239669421488,0.3177570093457944,0.3662420382165605,0.42215088282504015,0.46845425867507884,0.4936708860759494,0.3148148148148148,0.4527439024390244,0.25884244372990356,0.4158415841584158,0.29307568438003223
2001,1,9,prevalence,0.22383252818035426,0.3904320987654321,0.3401253918495298,0.5868167202572347,0.4274193548387097,0.304635761589404,0.4306569343065693,0.39274447949526814,0.47433903576982894,0.395,0.3973727422003284,0.2871452420701169,0.45818815331010454,0.3148148148148148,0.3241491085899514,0.3359375,0.3826955074875208,0.15789473684210525,0.5523648648648649,0.2602965403624382,0.3279742765273312,0.42786069651741293,0.2777777777777778,0.3338926174496644,0.4825291181364393,0.4380952380952381,0.44426229508196724,0.4645161290322581,0.5255591054313099,0.3767885532591415,0.449685534591195,0.46774193548387094,0.38688524590163936,0.3375594294770206,0.5303030303030303,0.35358255451713394,0.44741235392320533,0.47906197654941374,0.3753993610223642,0.4664484451718494,0.5852842809364549,0.23355263157894737,0.5301587301587302,0.5175438596491229,0.4156050955414013,0.4567699836867863,0.41252006420545745,0.4557595993322204,0.3614088820826952,0.5812101910828026,0.420032310177706,0.40939597315436244,0.40716612377850164,0.5280373831775701,0.4467741935483871,0.468944099378882,0.43434343434343436,0.339171974522293,0.26758409785932724,0.26025236593059936,0.3595505617977528,0.3763440860215054,0.3951219512195122,0.3925233644859813,0.2832764505119454,0.22635658914728682,0.40947546531302875,0.32192846034214617,0.3322314049586777,0.4169435215946844,0.552099533437014,0.5462184873949579,0.5249221183800623,0.5594294770206022,0.5089141004862237,0.39346811819595645,0.3758169934640523,0.47487844408427876,0.29605263157894735,0.4880952380952381,0.4601328903654485,0.3288135593220339,0.4696707105719237,0.336,0.44290123456790126,0.4475743348982786,0.38605442176870747,0.4435483870967742,0.3327974276527331,0.45200698080279234,0.5045317220543807,0.5073649754500819,0.4338709677419355,0.3467741935483871,0.334841628959276,0.49480968858131485,0.465,0.3873015873015873,0.2946859903381642,0.3684210526315789,0.47368421052631576,0.4517766497461929,0.45973645680819913,0.44816053511705684,0.44201680672268906,0.30094043887147337,0.37272727272727274,0.4469096671949287,0.38349514563106796,0.2893401015228426,0.5088,0.33217993079584773,0.3540983606557377,0.2564885496183206,0.32053422370617696,0.42995169082125606,0.5184,0.345,0.2673434856175973,0.3440514469453376,0.2928802588996764,0.3873581847649919,0.4219269102990033,0.42664670658682635,0.4046511627906977,0.2927241962774958,0.3587140439932318,0.4378029079159935,0.39522998296422485,0.3472,0.3344768439108062,0.3383084577114428,0.30132450331125826,0.4921875,0.1921768707482993,0.3721311475409836,0.29115853658536583,0.4479638009049774,0.29516129032258065,0.456,0.44178628389154706,0.3768352365415987,0.45768566493955093,0.41545893719806765,0.4294573643410853,0.39285714285714285,0.3360258481421648,0.3859060402684564,0.3031301482701812,0.41407528641571195,0.39346811819595645,0.45077720207253885,0.41423948220064727,0.46899841017488075,0.2310077519379845,0.43739279588336194,0.44107142857142856,0.3963515754560531,0.4161290322580645,0.535483870967742,0.41807044410413474,0.2909090909090909,0.47269890795631825,0.3102310231023102,0.29491525423728815,0.3898858075040783,0.4673721340388007,0.5048701298701299,0.3643926788685524,0.3559870550161812,0.4489795918367347,0.49201277955271566,0.4332191780821918,0.35927152317880795,0.470679012345679,0.2936378466557912,0.3146067415730337,0.3067669172932331,0.4157119476268412,0.4027355623100304,0.46827794561933533,0.3549920760697306,0.4894308943089431,0.28278041074249605,0.4510433386837881,0.3536,0.3798076923076923,0.4410828025477707,0.45754716981132076,0.4439102564102564,0.31527093596059114,0.34235668789808915,0.3467094703049759,0.4823717948717949,0.5220949263502455,0.28522920203735147,0.4221879815100154,0.26929392446633826,0.39158576051779936,0.30272108843537415
2002,1,9,prevalence,0.2864157119476268,0.3063063063063063,0.25636942675159236,0.550561797752809,0.46226415094339623,0.30807248764415157,0.44912280701754387,0.42457231726283046,0.5095846645367412,0.287215411558669,0.43260188087774293,0.28209459459459457,0.41708542713567837,0.30675909878682844,0.28503937007874014,0.3317384370015949,0.34071550255536626,0.20588235294117646,0.5491803278688525,0.17962003454231434,0.2928802588996764,0.42995169082125606,0.2836065573770492,0.3333333333333333,0.4768211920529801,0.4119448698315467,0.47334410339256866,0.42789223454833597,0.4620253164556962,0.39178515007898895,0.4491392801251956,0.42786069651741293,0.42833333333333334,0.3953125,0.5067567567567568,0.3386327503974563,0.4772727272727273,0.4565972222222222,0.347068145800317,0.47020933977455714,0.5742904841402338,0.3371710526315789,0.4968051118210863,0.5213523131672598,0.42950819672131146,0.3777038269550749,0.40723270440251574,0.5158069883527454,0.40210843373493976,0.532051282051282,0.39325842696629215,0.46826758147512865,0.36885245901639346,0.5772230889235569,0.4218009478672986,0.49528301886792453,0.39100346020761245,0.33914421553090335,0.32248062015503876,0.3125,0.30048465266558966,0.33692307692307694,0.4431818181818182,0.43137254901960786,0.21658206429780033,0.2836990595611285,0.3653516295025729,0.2748091603053435,0.30337078651685395,0.4150326797385621,0.6,0.5371900826446281,0.5070866141732283,0.5528052805280528,0.49843260188087773,0.43156199677938806,0.402555910543131,0.5196232339089482,0.3464052287581699,0.48353552859618715,0.4486301369863014,0.2928452579034942,0.45,0.2797427652733119,0.4195488721804511,0.443217665615142,0.38169257340241797,0.3664,0.27879799666110183,0.42857142857142855,0.5226209048361935,0.5151515151515151,0.36,0.29372937293729373,0.3282442748091603,0.4713804713804714,0.48344370860927155,0.4025974025974026,0.3322475570032573,0.3140096618357488,0.4578512396694215,0.44537815126050423,0.40969162995594716,0.3905996758508914,0.40336134453781514,0.3232963549920761,0.4108527131782946,0.40793650793650793,0.3885135135135135,0.3142361111111111,0.4230769230769231,0.2533557046979866,0.3254237288135593,0.3046875,0.20853858784893267,0.4735202492211838,0.4322678843226788,0.30971993410214166,0.30847457627118646,0.3333333333333333,0.32172470978441126,0.44173913043478263,0.48833333333333334,0.35285053929121724,0.3975346687211094,0.378839590443686,0.3293310463121784,0.44565217391304346,0.3772954924874791,0.40930979133226325,0.27241379310344827,0.2864,0.3416666666666667,0.4290171606864275,0.23195876288659795,0.45187601957585644,0.3379416282642089,0.41363636363636364,0.24262295081967214,0.42949756888168555,0.44838212634822805,0.42096774193548386,0.5044722719141324,0.47351524879614765,0.45441176470588235,0.4130781499202552,0.29411764705882354,0.3653516295025729,0.2945091514143095,0.4799357945425361,0.40605095541401276,0.4302721088435374,0.43657331136738053,0.4478330658105939,0.2897196261682243,0.4557377049180328,0.43133802816901406,0.3728,0.375,0.5049180327868853,0.3030769230769231,0.325,0.4657320872274143,0.2847682119205298,0.298811544991511,0.36666666666666664,0.5570698466780238,0.45297805642633227,0.3129139072847682,0.3146417445482866,0.4214876033057851,0.4889937106918239,0.45254237288135596,0.3990228013029316,0.4751203852327448,0.3238095238095238,0.3438985736925515,0.2774390243902439,0.339171974522293,0.3630862329803328,0.5145929339477726,0.3646677471636953,0.3343949044585987,0.3405238828967643,0.453781512605042,0.43553459119496857,0.30194805194805197,0.4418238993710692,0.3792,0.40938511326860844,0.3993558776167472,0.3011456628477905,0.32576985413290116,0.44992050874403816,0.5252032520325203,0.31343283582089554,0.5046728971962616,0.24126984126984127,0.4088050314465409,0.2709030100334448
2003,1,9,prevalence,0.29073482428115016,0.282642089093702,0.293354943273906,0.5635792778649922,0.432475884244373,0.3333333333333333,0.4704861111111111,0.4616564417177914,0.4968152866242038,0.4057724957555178,0.4085173501577287,0.42495784148397975,0.3202054794520548,0.35798319327731093,0.294770206022187,0.3204334365325077,0.3672787979966611,0.25252525252525254,0.49747899159663866,0.16891891891891891,0.2625607779578606,0.42716857610474634,0.29967948717948717,0.30095541401273884,0.4603960396039604,0.4370015948963317,0.4881516587677725,0.46411483253588515,0.44390243902439025,0.4276827371695179,0.38087774294670845,0.4728813559322034,0.36363636363636365,0.410459587955626,0.5033444816053512,0.34022257551669316,0.4032,0.5060034305317325,0.35782747603833864,0.4936708860759494,0.5750853242320819,0.4112903225806452,0.5370675453047776,0.5424610051993067,0.24750830564784054,0.4297658862876254,0.35570469798657717,0.5197368421052632,0.3333333333333333,0.5362318840579711,0.3698854337152209,0.3949579831932773,0.41707717569786534,0.5406626506024096,0.3844884488448845,0.5,0.43270868824531517,0.2841269841269841,0.31442463533225284,0.312202852614897,0.3186119873817035,0.3595679012345679,0.42326332794830374,0.5224358974358975,0.1996615905245347,0.34318555008210183,0.38813559322033897,0.319047619047619,0.3887147335423197,0.40924092409240925,0.5769230769230769,0.48105436573311366,0.5109375,0.5495934959349593,0.5158227848101266,0.42496050552922593,0.4031496062992126,0.4570552147239264,0.3380281690140845,0.47368421052631576,0.4633333333333333,0.33043478260869563,0.3973288814691152,0.3306709265175719,0.40718562874251496,0.4504792332268371,0.41710296684118675,0.38926174496644295,0.29052969502407705,0.4379310344827586,0.4548335974643423,0.4827044025157233,0.37293729372937295,0.34536082474226804,0.3941717791411043,0.5154109589041096,0.4524590163934426,0.3741721854304636,0.30048465266558966,0.328149300155521,0.43025210084033616,0.4866220735785953,0.48628048780487804,0.34049586776859503,0.4372822299651568,0.35974643423137875,0.42391304347826086,0.3640625,0.32274247491638797,0.281786941580756,0.4526813880126183,0.307426597582038,0.25546218487394956,0.25227963525835867,0.2956081081081081,0.4788732394366197,0.4323076923076923,0.3022875816993464,0.29797979797979796,0.35426731078904994,0.42470389170896783,0.4268707482993197,0.40484429065743943,0.44976816074188564,0.303125,0.37645107794361526,0.3656462585034014,0.40062111801242234,0.36,0.3629032258064516,0.3712871287128713,0.3399014778325123,0.3698630136986301,0.4519685039370079,0.30796460176991153,0.469721767594108,0.32457496136012365,0.34749620637329287,0.2540192926045016,0.410459587955626,0.4353312302839117,0.4234527687296417,0.4804964539007092,0.44285714285714284,0.3593984962406015,0.40063091482649843,0.32701421800947866,0.43993506493506496,0.3648424543946932,0.4832,0.35828025477707004,0.37755102040816324,0.46102819237147596,0.4646302250803859,0.2841614906832298,0.4721311475409836,0.4125874125874126,0.3065015479876161,0.4500792393026941,0.5337726523887973,0.3167701863354037,0.33003300330033003,0.40887480190174325,0.3413848631239936,0.33620689655172414,0.3411371237458194,0.4312393887945671,0.49615975422427033,0.353322528363047,0.3606299212598425,0.3769100169779287,0.5355521936459909,0.47966101694915253,0.40468227424749165,0.5064516129032258,0.3232,0.3166397415185784,0.27906976744186046,0.3847376788553259,0.26555386949924126,0.48406676783004554,0.3338815789473684,0.30218068535825543,0.281437125748503,0.4656616415410385,0.42902208201892744,0.3449367088607595,0.43217665615141954,0.4354066985645933,0.3993610223642173,0.3241042345276873,0.3250414593698176,0.3769968051118211,0.45425361155698235,0.48599670510708404,0.3025210084033613,0.473604826546003,0.3069306930693069,0.28104575163398693,0.2669826224328594
2004,1,9,prevalence,0.2220447284345048,0.2252663622526636,0.26644736842105265,0.44810543657331137,0.4257748776508972,0.281055900621118,0.4283246977547496,0.35284552845528455,0.4524959742351047,0.5008460236886633,0.3864734299516908,0.3962900505902192,0.3412969283276451,0.38422818791946306,0.3343949044585987,0.36574074074074076,0.371900826446281,0.29491525423728815,0.563011456628478,0.1452991452991453,0.2775974025974026,0.3136288998357964,0.23824959481361427,0.28044871794871795,0.46901172529313234,0.43478260869565216,0.38810641627543035,0.46526655896607433,0.5085034013605442,0.3709150326797386,0.44654088050314467,0.44481605351170567,0.335,0.4012539184952978,0.5008264462809917,0.32263242375601925,0.3963815789473684,0.4654300168634064,0.37676609105180536,0.5107438016528926,0.5206611570247934,0.3432343234323432,0.4834123222748815,0.5101351351351351,0.33610648918469216,0.44221105527638194,0.39327731092436974,0.5074135090609555,0.37152209492635024,0.5496794871794872,0.3011456628477905,0.3717105263157895,0.37138263665594856,0.528158295281583,0.40728476821192056,0.5023474178403756,0.40439932318104904,0.29519071310116085,0.2787682333873582,0.25774877650897227,0.2834138486312399,0.3547351524879615,0.4772370486656201,0.38827258320126784,0.2155887230514096,0.2870967741935484,0.32172470978441126,0.24880382775119617,0.3872549019607843,0.3300813008130081,0.5170278637770898,0.47516556291390727,0.508500772797527,0.47775947281713343,0.5178849144634525,0.4470404984423676,0.44208809135399674,0.42507645259938837,0.3448275862068966,0.4889267461669506,0.4372937293729373,0.40350877192982454,0.4218241042345277,0.3518821603927987,0.4171779141104294,0.4533762057877814,0.4844827586206897,0.41,0.28109854604200324,0.4703891708967851,0.4825291181364393,0.4148264984227129,0.36129032258064514,0.3615257048092869,0.4182098765432099,0.5257048092868989,0.46215780998389694,0.33668341708542715,0.37375415282392027,0.3933649289099526,0.4003322259136213,0.4552980132450331,0.3993660855784469,0.43094841930116473,0.41,0.3975346687211094,0.45933734939759036,0.4267515923566879,0.4266441821247892,0.27615780445969124,0.496742671009772,0.30084033613445377,0.2456445993031359,0.2345132743362832,0.309328968903437,0.5174603174603175,0.4426751592356688,0.36757624398073835,0.24620573355817876,0.3682588597842835,0.3730834752981261,0.46735395189003437,0.4533106960950764,0.4569640062597809,0.266347687400319,0.35785953177257523,0.40439932318104904,0.3937984496124031,0.36633663366336633,0.416,0.34991708126036486,0.353518821603928,0.3487179487179487,0.4937694704049844,0.2694300518134715,0.4446280991735537,0.27488151658767773,0.3378995433789954,0.2805872756933116,0.39346811819595645,0.4331306990881459,0.46405228758169936,0.43781942078364566,0.4464579901153213,0.3567073170731707,0.40093603744149764,0.3620689655172414,0.43929712460063897,0.367816091954023,0.38461538461538464,0.32854864433811803,0.49830508474576274,0.5084485407066052,0.42269736842105265,0.2985781990521327,0.44901315789473684,0.4418604651162791,0.30120481927710846,0.33753943217665616,0.49185667752442996,0.38704581358609796,0.3500810372771475,0.48517940717628705,0.4048,0.3030821917808219,0.3567921440261866,0.5426621160409556,0.4611872146118721,0.3651315789473684,0.38621794871794873,0.3931034482758621,0.4582701062215478,0.3445378151260504,0.432520325203252,0.44093178036605657,0.2980456026058632,0.3554119547657512,0.30064308681672025,0.41430948419301167,0.3445635528330781,0.4637904468412943,0.3198051948051948,0.3713405238828968,0.24727838258164853,0.4472361809045226,0.3854660347551343,0.4031496062992126,0.40217391304347827,0.454242928452579,0.3782467532467532,0.2736,0.3067993366500829,0.3923444976076555,0.4375,0.5870253164556962,0.31118314424635335,0.4283513097072419,0.28805237315875615,0.32362459546925565,0.3791469194312796
2005,1,9,prevalence,0.2192429022082019,0.27414330218068533,0.2809917355371901,0.5292153589315526,0.4660033167495854,0.2453125,0.5108514190317195,0.3365539452495974,0.4519230769230769,0.3559322033898305,0.4472843450479233,0.4071550255536627,0.36427320490367776,0.31833333333333336,0.308411214953271,0.3409436834094368,0.3180327868852459,0.345,0.5377207062600321,0.16863406408094436,0.3557377049180328,0.4178628389154705,0.19086460032626426,0.19162640901771336,0.4642857142857143,0.44983818770226536,0.49613601236476046,0.4943639291465378,0.4899665551839465,0.41830065359477125,0.37538940809968846,0.5248796147672552,0.3523654159869494,0.4474097331240188,0.44754098360655736,0.3001605136436597,0.45718901453957994,0.49081803005008345,0.3617693522906793,0.4578512396694215,0.5287162162162162,0.3216,0.48264984227129337,0.6043046357615894,0.43929712460063897,0.38587848932676516,0.4782608695652174,0.4791318864774624,0.33818770226537215,0.5024793388429752,0.36626916524701875,0.44221105527638194,0.3376,0.5765230312035661,0.4459234608985025,0.4878419452887538,0.45408163265306123,0.3284072249589491,0.34941763727121466,0.23421926910299004,0.2631578947368421,0.33889816360601,0.43890675241157556,0.38801261829652994,0.31727574750830567,0.3748006379585327,0.3108108108108108,0.26959247648902823,0.4028892455858748,0.4257095158597663,0.5333333333333333,0.5296108291032149,0.4938837920489297,0.5917355371900826,0.5260663507109005,0.41770186335403725,0.3760262725779967,0.4046875,0.32263242375601925,0.5389830508474577,0.4368770764119601,0.27586206896551724,0.3333333333333333,0.38333333333333336,0.4602941176470588,0.4738562091503268,0.4362068965517241,0.4318181818181818,0.37166666666666665,0.45394736842105265,0.5024232633279483,0.5070866141732283,0.39215686274509803,0.3648424543946932,0.42018072289156627,0.4878048780487805,0.4755700325732899,0.34858044164037855,0.3383333333333333,0.39906832298136646,0.4525790349417637,0.4228187919463087,0.5192926045016077,0.42251223491027734,0.4522184300341297,0.353870458135861,0.4499252615844544,0.41185897435897434,0.493891797556719,0.29124579124579125,0.522508038585209,0.22641509433962265,0.3050847457627119,0.30640243902439024,0.2969502407704655,0.4227129337539432,0.45625,0.3616,0.29015544041450775,0.37833827893175076,0.3582608695652174,0.46790540540540543,0.47145187601957583,0.4881516587677725,0.27768860353130015,0.31703204047217537,0.3167808219178082,0.4259818731117825,0.3006535947712418,0.39469578783151327,0.31552587646076796,0.29401993355481726,0.28205128205128205,0.37697160883280756,0.3747870528109029,0.4236706689536878,0.2777777777777778,0.46105919003115264,0.35294117647058826,0.36334913112164297,0.3848531684698609,0.4267716535433071,0.47920133111480867,0.4510135135135135,0.40494590417310666,0.36037441497659906,0.28885400313971743,0.4097560975609756,0.3278955954323002,0.44976076555023925,0.39365079365079364,0.43993231810490696,0.470679012345679,0.5257903494176372,0.3418940609951846,0.3904,0.4369602763385147,0.2880116959064328,0.3993660855784469,0.5358306188925082,0.38871951219512196,0.2988313856427379,0.4666666666666667,0.33986928104575165,0.32593856655290104,0.4355628058727569,0.49829351535836175,0.5132743362831859,0.34206219312602293,0.36231884057971014,0.34966216216216217,0.49775112443778113,0.40487804878048783,0.3704918032786885,0.5215231788079471,0.31451612903225806,0.3967479674796748,0.3498452012383901,0.36617405582922824,0.3059006211180124,0.5139751552795031,0.3523809523809524,0.3953488372093023,0.16962843295638125,0.48154093097913325,0.3990228013029316,0.3408360128617363,0.3975720789074355,0.4983388704318937,0.3598673300165838,0.3165905631659056,0.3651315789473684,0.3918032786885246,0.46469622331691296,0.48580441640378547,0.323943661971831,0.4890282131661442,0.2995008319467554,0.38499184339314846,0.4016393442622951
2006,1,9,prevalence,0.25,0.271875,0.23737373737373738,0.5629984051036683,0.4786184210526316,0.2863636363636364,0.42598684210526316,0.4166666666666667,0.5123558484349259,0.36769759450171824,0.3987538940809969,0.38564273789649417,0.3872053872053872,0.30917874396135264,0.28044871794871795,0.29098966026587886,0.31735537190082647,0.29,0.4927536231884058,0.17413793103448275,0.29307568438003223,0.4117647058823529,0.13504823151125403,0.18506493506493507,0.5016233766233766,0.4112,0.42989214175654855,0.4638364779874214,0.5464926590538336,0.4103852596314908,0.42194744976816073,0.46529968454258674,0.3760262725779967,0.4131455399061033,0.5049019607843137,0.35135135135135137,0.38950715421303655,0.46,0.36570561456752654,0.43914473684210525,0.5689655172413793,0.2848101265822785,0.5321543408360129,0.5032051282051282,0.44657097288676234,0.3818493150684932,0.45454545454545453,0.5299837925445705,0.3295819935691318,0.5108877721943048,0.26825127334465193,0.4051863857374392,0.34831460674157305,0.5178041543026706,0.46905537459283386,0.47104851330203446,0.38926174496644295,0.3383333333333333,0.41887417218543044,0.1986644407345576,0.28180354267310787,0.34891485809682804,0.41798107255520506,0.3167202572347267,0.3768595041322314,0.28115015974440893,0.38917089678510997,0.25562700964630225,0.34831460674157305,0.39408866995073893,0.5721153846153846,0.5080385852090032,0.45190839694656487,0.5909090909090909,0.4883720930232558,0.5007564296520424,0.4796875,0.43402225755166934,0.3127035830618892,0.5211505922165821,0.4061433447098976,0.27147766323024053,0.3976311336717428,0.3926174496644295,0.41068702290076337,0.4831649831649832,0.48983050847457626,0.48519736842105265,0.3025210084033613,0.41442953020134227,0.5112903225806451,0.4732824427480916,0.41054313099041534,0.4322469982847341,0.4147465437788018,0.5180921052631579,0.4174603174603175,0.37101910828025475,0.37479541734860883,0.39351851851851855,0.4288107202680067,0.48661417322834644,0.43402225755166934,0.4096,0.4149305555555556,0.34185303514376997,0.41411042944785276,0.42414355628058725,0.43275862068965515,0.2696817420435511,0.44281045751633985,0.33993399339933994,0.33774834437086093,0.38461538461538464,0.30412371134020616,0.41935483870967744,0.5149606299212598,0.3343949044585987,0.3151618398637138,0.3191489361702128,0.38581314878892736,0.46337308347529815,0.4800637958532695,0.43929712460063897,0.35173501577287064,0.2847682119205298,0.3844884488448845,0.39968404423380727,0.2532051282051282,0.3549920760697306,0.27040816326530615,0.3015075376884422,0.298811544991511,0.3942307692307692,0.39152542372881355,0.5091514143094842,0.33063209076175043,0.4437400950871632,0.40032414910858993,0.38808373590982287,0.39280359820089955,0.39375,0.47516556291390727,0.4886561954624782,0.3887147335423197,0.43820224719101125,0.3088,0.387459807073955,0.26688632619439867,0.4528,0.3904,0.4714765100671141,0.3746130030959752,0.5034013605442177,0.3225806451612903,0.43956043956043955,0.4265975820379965,0.32116788321167883,0.39968404423380727,0.50814332247557,0.40188383045525905,0.3195364238410596,0.48484848484848486,0.33170731707317075,0.3578767123287671,0.45187601957585644,0.5255354200988468,0.4873323397913562,0.23424878836833601,0.3404605263157895,0.3764705882352941,0.4114977307110439,0.5165016501650165,0.3943894389438944,0.45705024311183146,0.2854757929883139,0.4253968253968254,0.28328173374613,0.39325842696629215,0.30974842767295596,0.49770290964777947,0.3748006379585327,0.4539969834087481,0.22975206611570248,0.463768115942029,0.41166936790923825,0.2969502407704655,0.4527736131934033,0.4787052810902896,0.419672131147541,0.3091715976331361,0.37540983606557377,0.4320785597381342,0.4737704918032787,0.5786163522012578,0.3052959501557632,0.4735202492211838,0.31281198003327787,0.4003215434083601,0.32669983416252074
2007,1,9,prevalence,0.22979397781299524,0.3651050080775444,0.2408026755852843,0.5756630265210608,0.42333333333333334,0.3062130177514793,0.40483870967741936,0.4110929853181077,0.5209003215434084,0.3191126279863481,0.42563291139240506,0.4048,0.3648424543946932,0.2932454695222405,0.2757475083056478,0.24963289280469897,0.3488,0.26608695652173914,0.540765391014975,0.1793103448275862,0.34755134281200634,0.4185303514376997,0.16037735849056603,0.23349436392914655,0.4902597402597403,0.3554119547657512,0.42834890965732086,0.4914196567862715,0.4966887417218543,0.417910447761194,0.36334913112164297,0.46614173228346456,0.40197693574958815,0.3719806763285024,0.4586092715231788,0.304140127388535,0.3348982785602504,0.4537953795379538,0.28293413173652693,0.46611570247933887,0.5326633165829145,0.2863849765258216,0.4845528455284553,0.5153473344103393,0.3092948717948718,0.46179401993355484,0.4555921052631579,0.41830065359477125,0.42414355628058725,0.5056726094003241,0.38344594594594594,0.39144215530903326,0.3034257748776509,0.5464071856287425,0.43450479233226835,0.5301587301587302,0.4065573770491803,0.36006546644844517,0.34328358208955223,0.2,0.3064516129032258,0.3487179487179487,0.4059097978227061,0.3956953642384106,0.36038961038961037,0.26391096979332274,0.4186851211072664,0.3082942097026604,0.3494539781591264,0.4128289473684211,0.5673534072900158,0.5126984126984127,0.5363214837712519,0.5145161290322581,0.5200642054574639,0.36363636363636365,0.4354587869362364,0.4177215189873418,0.326158940397351,0.526578073089701,0.3969849246231156,0.3204903677758319,0.4865771812080537,0.3282828282828283,0.41679160419790107,0.535958904109589,0.51010101010101,0.3949152542372881,0.2689655172413793,0.48026315789473684,0.4850498338870432,0.47611464968152867,0.4249201277955272,0.41304347826086957,0.3397129186602871,0.5570032573289903,0.41930379746835444,0.3723916532905297,0.30327868852459017,0.23148148148148148,0.3963210702341137,0.4435612082670906,0.42038216560509556,0.42338072669826227,0.3758741258741259,0.4185303514376997,0.44654088050314467,0.5172413793103449,0.48911222780569513,0.3703099510603589,0.5024793388429752,0.35655058043117743,0.28338762214983715,0.3353846153846154,0.3628472222222222,0.4220472440944882,0.4214618973561431,0.34726688102893893,0.33448275862068966,0.33281972265023113,0.3417085427135678,0.4657534246575342,0.41867954911433175,0.4855769230769231,0.387987012987013,0.3980891719745223,0.38436482084690554,0.4528593508500773,0.2384,0.42,0.29720853858784896,0.34056761268781305,0.37037037037037035,0.49144634525660963,0.31118314424635335,0.4242928452579035,0.33884297520661155,0.44657097288676234,0.32605042016806723,0.4471947194719472,0.37631184407796103,0.4335347432024169,0.37891268533772654,0.5246478873239436,0.3228346456692913,0.40630182421227196,0.3154471544715447,0.3756019261637239,0.33112582781456956,0.3643533123028391,0.3607085346215781,0.4591503267973856,0.41272430668841764,0.5507745266781411,0.30363036303630364,0.43769968051118213,0.48312611012433393,0.30180180180180183,0.3977812995245642,0.5041186161449753,0.3253968253968254,0.307032590051458,0.42536115569823435,0.40625,0.3250883392226148,0.3262642740619902,0.4614121510673235,0.4858420268256334,0.27724358974358976,0.24754098360655738,0.362012987012987,0.443267776096823,0.4669887278582931,0.3388704318936877,0.4663382594417077,0.281505728314239,0.3376835236541599,0.2717219589257504,0.3684210526315789,0.3258785942492013,0.46360759493670883,0.3338762214983713,0.3535660091047041,0.24155405405405406,0.4471947194719472,0.4377049180327869,0.34375,0.4407796101949025,0.5034013605442177,0.41778523489932884,0.3229166666666667,0.3741830065359477,0.39308176100628933,0.4900990099009901,0.5108695652173914,0.26825396825396824,0.43610223642172524,0.3063973063973064,0.42088091353996737,0.3272425249169435
2008,1,9,prevalence,0.197869101978691,0.36628849270664504,0.3416666666666667,0.5863141524105754,0.4864406779661017,0.25656877897990726,0.4590690208667737,0.3924466338259442,0.530278232405892,0.38095238095238093,0.3890625,0.37735849056603776,0.3607085346215781,0.2239057239057239,0.26247987117552335,0.263768115942029,0.3328125,0.26573426573426573,0.5527156549520766,0.15577889447236182,0.2548076923076923,0.4,0.13043478260869565,0.27751196172248804,0.5349593495934959,0.4764227642276423,0.46504559270516715,0.44,0.45483870967741935,0.3950413223140496,0.4031746031746032,0.35135135135135137,0.36470588235294116,0.4214876033057851,0.5120385232744783,0.3783783783783784,0.3767441860465116,0.4633333333333333,0.3328220858895706,0.43094841930116473,0.5524126455906821,0.31150159744408945,0.49523809523809526,0.5118858954041204,0.4204724409448819,0.4539249146757679,0.48743718592964824,0.545,0.3054187192118227,0.6066115702479339,0.43386243386243384,0.40249609984399376,0.38499184339314846,0.4932330827067669,0.4359805510534846,0.4767255216693419,0.4576547231270358,0.33876221498371334,0.4677685950413223,0.19337979094076654,0.2897350993377483,0.393526405451448,0.4079147640791476,0.43156199677938806,0.28139904610492844,0.2358642972536349,0.425569176882662,0.308411214953271,0.27903225806451615,0.4216300940438871,0.5382113821138211,0.5218068535825545,0.49375,0.47874015748031495,0.5008,0.4003021148036254,0.3669724770642202,0.4435483870967742,0.4198717948717949,0.47920133111480867,0.4672131147540984,0.3808695652173913,0.4601328903654485,0.3468013468013468,0.36716417910447763,0.5309882747068677,0.5024311183144247,0.4178082191780822,0.30313588850174217,0.37521222410865873,0.5320945945945946,0.46238244514106586,0.39325842696629215,0.3258064516129032,0.3794788273615635,0.5445705024311183,0.41235392320534225,0.36065573770491804,0.34840871021775544,0.31378763866877973,0.4825291181364393,0.4960254372019078,0.4707740916271722,0.3158756137479542,0.42546063651591287,0.3581847649918963,0.3869426751592357,0.4150641025641026,0.5,0.3252032520325203,0.5152542372881356,0.2755775577557756,0.3089700996677741,0.328125,0.4053156146179402,0.43143297380585516,0.4117647058823529,0.3607085346215781,0.3546712802768166,0.3858267716535433,0.4132231404958678,0.41739130434782606,0.49592169657422513,0.5023847376788553,0.39215686274509803,0.3791469194312796,0.3747927031509121,0.43164362519201227,0.3016129032258065,0.3785488958990536,0.25252525252525254,0.35064935064935066,0.39225589225589225,0.4628482972136223,0.19206349206349208,0.48355263157894735,0.33278418451400327,0.37360890302066774,0.31900826446280994,0.41833333333333333,0.46875,0.3740685543964232,0.4230118443316413,0.48983050847457626,0.30670926517571884,0.428099173553719,0.2857142857142857,0.41930379746835444,0.38126009693053314,0.41324921135646686,0.4258373205741627,0.48562300319488816,0.4837662337662338,0.5270506108202443,0.28524046434494194,0.47692307692307695,0.4831649831649832,0.3558282208588957,0.46440129449838186,0.5376884422110553,0.33488372093023255,0.3229166666666667,0.4701130856219709,0.30782029950083195,0.375,0.40916530278232405,0.474025974025974,0.45606060606060606,0.31158238172920066,0.22937293729372937,0.3524720893141946,0.45440729483282677,0.3942766295707472,0.3836065573770492,0.4612850082372323,0.2670906200317965,0.2921535893155259,0.29984301412872844,0.3549920760697306,0.28286189683860236,0.44594594594594594,0.2840909090909091,0.2765647743813683,0.20666666666666667,0.42598684210526316,0.4154351395730706,0.3040650406504065,0.4532710280373832,0.5049668874172185,0.46114864864864863,0.3328380386329866,0.3504132231404959,0.34330708661417325,0.4718543046357616,0.5362095531587057,0.31811023622047246,0.4912559618441971,0.3573825503355705,0.39403973509933776,0.2958677685950413
2009,1,9,prevalence,0.2465753424657534,0.268370607028754,0.40229885057471265,0.5725677830940988,0.4492512479201331,0.2773497688751926,0.39087947882736157,0.43230016313213704,0.47106109324758844,0.40425531914893614,0.40634920634920635,0.29465648854961835,0.4505672609400324,0.23661485319516407,0.3162118780096308,0.2852897473997028,0.2737169517884914,0.22613065326633167,0.5578125,0.20454545454545456,0.22491909385113268,0.3839869281045752,0.12828438948995363,0.3532258064516129,0.45893719806763283,0.3873581847649919,0.42153846153846153,0.44984802431610943,0.4675324675324675,0.41496598639455784,0.38057324840764334,0.4505672609400324,0.36180904522613067,0.43980738362760835,0.5015527950310559,0.29541864139020535,0.46635367762128327,0.43097643097643096,0.24620060790273557,0.3717728055077453,0.5417348608837971,0.3573717948717949,0.5329153605015674,0.49382716049382713,0.3923444976076555,0.4432809773123909,0.3756260434056761,0.4689655172413793,0.3825944170771757,0.5291181364392679,0.3752244165170557,0.40577507598784196,0.4678456591639871,0.5106382978723404,0.47730829420970267,0.4911717495987159,0.34868421052631576,0.3741721854304636,0.3958333333333333,0.2720970537261698,0.27124183006535946,0.3298611111111111,0.38484848484848483,0.44660194174757284,0.2480127186009539,0.27124183006535946,0.4324786324786325,0.3512658227848101,0.37886178861788616,0.4518167456556082,0.5507487520798668,0.4869431643625192,0.42105263157894735,0.5153473344103393,0.5031545741324921,0.45454545454545453,0.3486529318541997,0.5,0.4370139968895801,0.5063492063492063,0.3941368078175896,0.4117647058823529,0.4712460063897764,0.3233333333333333,0.481651376146789,0.511400651465798,0.40253565768621236,0.4318555008210181,0.3482758620689655,0.45723684210526316,0.5016891891891891,0.35782747603833864,0.33386581469648563,0.36683417085427134,0.449438202247191,0.5213946117274167,0.4735945485519591,0.32948929159802304,0.373109243697479,0.33868378812199035,0.48360655737704916,0.4968553459119497,0.39781591263650545,0.42251223491027734,0.42857142857142855,0.4072249589490969,0.46677471636953,0.4245901639344262,0.5067567567567568,0.3117744610281924,0.46153846153846156,0.2604340567612688,0.2654424040066778,0.20933977455716588,0.31074380165289256,0.46273291925465837,0.4765625,0.3722044728434505,0.2607944732297064,0.3746130030959752,0.40468227424749165,0.5221088435374149,0.4444444444444444,0.4629032258064516,0.40716612377850164,0.29160063391442154,0.4491114701130856,0.44462025316455694,0.33011272141706927,0.36977491961414793,0.28222996515679444,0.3360128617363344,0.37012987012987014,0.4213740458015267,0.11075441412520064,0.44625407166123776,0.3355263157894737,0.4287974683544304,0.3037542662116041,0.45595854922279794,0.442572741194487,0.3907185628742515,0.4611727416798732,0.48217317487266553,0.3073170731707317,0.41580756013745707,0.35194585448392557,0.35313001605136435,0.3191489361702128,0.46656050955414013,0.3884430176565008,0.4526813880126183,0.46141479099678456,0.5333333333333333,0.2864157119476268,0.48130841121495327,0.36772046589018303,0.31952662721893493,0.43986820428336076,0.5403624382207578,0.3125,0.35901926444833626,0.4098883572567783,0.36260162601626017,0.40559440559440557,0.3621533442088091,0.4983922829581994,0.4637462235649547,0.3843700159489633,0.30097087378640774,0.4272300469483568,0.4383561643835616,0.42276422764227645,0.34102141680395387,0.4532258064516129,0.3648,0.3953871499176277,0.30112721417069244,0.34444444444444444,0.23344370860927152,0.4062015503875969,0.26391096979332274,0.3494704992435703,0.21652892561983472,0.39705882352941174,0.453525641025641,0.4107142857142857,0.444104134762634,0.5317460317460317,0.41585760517799353,0.24270353302611367,0.3826955074875208,0.4078125,0.5125628140703518,0.49617151607963245,0.33228346456692914,0.46229508196721314,0.24792013311148087,0.346218487394958,0.2945091514143095
2010,1,9,prevalence,0.22590361445783133,0.26782884310618066,0.45098039215686275,0.5188087774294671,0.4741235392320534,0.2798165137614679,0.44904458598726116,0.44753086419753085,0.5031847133757962,0.4146341463414634,0.40683229813664595,0.2942989214175655,0.40098199672667756,0.38605442176870747,0.3888888888888889,0.27217125382262997,0.3767441860465116,0.2287145242070117,0.5169082125603864,0.273972602739726,0.18211920529801323,0.45555555555555555,0.20030816640986132,0.27936507936507937,0.48966613672496023,0.4351395730706076,0.4551083591331269,0.5193199381761978,0.4259567387687188,0.46488294314381273,0.4218241042345277,0.5296,0.39593908629441626,0.38485804416403785,0.5107033639143731,0.3615023474178404,0.46687211093990755,0.5169491525423728,0.31221719457013575,0.46153846153846156,0.5578778135048231,0.34651898734177217,0.48019017432646594,0.4648318042813456,0.3557692307692308,0.4050420168067227,0.41467576791808874,0.42782608695652175,0.37353433835845895,0.5820642978003384,0.4200351493848858,0.4140030441400304,0.43618739903069464,0.5326251896813353,0.38977635782747605,0.47088186356073214,0.39792387543252594,0.4152823920265781,0.35782747603833864,0.34523809523809523,0.28407224958949095,0.3634782608695652,0.4200298953662182,0.37745098039215685,0.2335423197492163,0.29679595278246207,0.4520547945205479,0.2861685214626391,0.35148514851485146,0.4301587301587302,0.5466666666666666,0.49074074074074076,0.4668769716088328,0.5358306188925082,0.460093896713615,0.41013824884792627,0.35769828926905134,0.42833052276559863,0.3353846153846154,0.4555735056542811,0.4180327868852459,0.3404605263157895,0.42995169082125606,0.3446601941747573,0.45718654434250766,0.4583333333333333,0.4238095238095238,0.4079601990049751,0.3885017421602787,0.38817891373801916,0.48743718592964824,0.4752475247524752,0.45990180032733224,0.2832764505119454,0.38449111470113084,0.48589341692789967,0.5049833887043189,0.3613861386138614,0.3727714748784441,0.3449920508744038,0.4791666666666667,0.49013657056145676,0.44788273615635177,0.41887417218543044,0.440536013400335,0.36816720257234725,0.48335974643423135,0.4418604651162791,0.4200680272108844,0.31311475409836065,0.47896440129449835,0.26916524701873934,0.23809523809523808,0.2534562211981567,0.2969502407704655,0.4301412872841444,0.4706814580031696,0.29180327868852457,0.2552083333333333,0.4332298136645963,0.4006734006734007,0.4824120603015075,0.5024077046548957,0.5416666666666666,0.3567921440261866,0.2879746835443038,0.32805071315372425,0.373015873015873,0.4218009478672986,0.3654743390357698,0.33390705679862304,0.3808724832214765,0.375,0.4088050314465409,0.104,0.4599686028257457,0.3990066225165563,0.41961414790996787,0.3098827470686767,0.4778156996587031,0.39509954058192953,0.37351190476190477,0.4060031595576619,0.4891846921797005,0.3683360258481422,0.4319327731092437,0.30456852791878175,0.4230769230769231,0.3576158940397351,0.46153846153846156,0.38397328881469117,0.43573667711598746,0.4760432766615147,0.5033333333333333,0.3657331136738056,0.4281150159744409,0.3880597014925373,0.3193403298350825,0.36807817589576547,0.5607779578606159,0.30985915492957744,0.3773913043478261,0.4688,0.35275080906148865,0.35008665511265163,0.4806451612903226,0.46204620462046203,0.45454545454545453,0.3968253968253968,0.45310015898251194,0.4891304347826087,0.44976816074188564,0.4504792332268371,0.39291736930860033,0.4479338842975207,0.34069400630914826,0.41971383147853736,0.35909822866344604,0.41451612903225804,0.30390492359932086,0.5069984447900466,0.29069767441860467,0.3448275862068966,0.2939244663382594,0.4509151414309484,0.4094616639477977,0.4077669902912621,0.41379310344827586,0.5112540192926045,0.45662847790507366,0.31689088191330345,0.423841059602649,0.3609375,0.49589490968801314,0.4857142857142857,0.30141287284144425,0.377326565143824,0.24429967426710097,0.37748344370860926,0.28135048231511256
2011,1,9,prevalence,0.27105666156202146,0.29160063391442154,0.3395931142410016,0.4596774193548387,0.3903281519861831,0.2950075642965204,0.4806451612903226,0.3613707165109034,0.4953271028037383,0.41996830427892234,0.34181240063593005,0.31839258114374036,0.36073825503355705,0.4288107202680067,0.39186991869918697,0.3052959501557632,0.3575757575757576,0.29497568881685576,0.5355371900826447,0.2903752039151713,0.21287128712871287,0.40064102564102566,0.25806451612903225,0.31687898089171973,0.5039619651347068,0.44370860927152317,0.4085173501577287,0.4756838905775076,0.46928327645051193,0.49169435215946844,0.33889816360601,0.4944,0.3925081433224756,0.3580645161290323,0.4963072378138848,0.337442218798151,0.4301412872841444,0.44350758853288363,0.34762633996937214,0.4956521739130435,0.5263157894736842,0.2979397781299525,0.48303715670436187,0.4447852760736196,0.3639240506329114,0.49188311688311687,0.4991652754590985,0.488135593220339,0.34576271186440677,0.5419463087248322,0.3925399644760213,0.3972809667673716,0.40064102564102566,0.5238095238095238,0.4681528662420382,0.45714285714285713,0.3938356164383562,0.37681159420289856,0.3333333333333333,0.31788079470198677,0.305,0.3618881118881119,0.4217585692995529,0.4215686274509804,0.24651162790697675,0.30049261083743845,0.36893203883495146,0.2924071082390953,0.38023450586264657,0.42476489028213166,0.49916805324459235,0.48536209553158705,0.518341307814992,0.5105008077544426,0.5223642172523961,0.45718654434250766,0.4071207430340557,0.44082332761578047,0.3595166163141994,0.48863636363636365,0.4717607973421927,0.3279742765273312,0.39869281045751637,0.28125,0.45345345345345345,0.5089430894308943,0.4156050955414013,0.4624183006535948,0.3282312925170068,0.443217665615142,0.4656616415410385,0.38166666666666665,0.34444444444444444,0.3630252100840336,0.46511627906976744,0.5280373831775701,0.4867549668874172,0.3047138047138047,0.3373083475298126,0.4031746031746032,0.4041204437400951,0.42388059701492536,0.4128289473684211,0.43456375838926176,0.44481605351170567,0.453416149068323,0.4431818181818182,0.3684210526315789,0.4006514657980456,0.28013029315960913,0.4451718494271686,0.31088082901554404,0.24459234608985025,0.27202472952086554,0.3222748815165877,0.4117647058823529,0.5379644588045234,0.37254901960784315,0.3469721767594108,0.33783783783783783,0.3795379537953795,0.5278219395866455,0.42630744849445323,0.4439102564102564,0.3605769230769231,0.28343949044585987,0.3446601941747573,0.4064516129032258,0.33170731707317075,0.39692307692307693,0.34941763727121466,0.36894824707846413,0.2764900662251656,0.49767441860465117,0.20673076923076922,0.3977635782747604,0.3744,0.4359375,0.3149078726968174,0.4856175972927242,0.4384,0.39438700147710487,0.44711538461538464,0.49335548172757476,0.4035656401944895,0.4852941176470588,0.31871838111298484,0.34838709677419355,0.3079416531604538,0.3878887070376432,0.3500837520938023,0.4608,0.4660347551342812,0.5499181669394435,0.334983498349835,0.4673202614379085,0.4543973941368078,0.3498452012383901,0.39344262295081966,0.4944,0.23424878836833601,0.2916666666666667,0.4713375796178344,0.4159869494290375,0.36824324324324326,0.3804878048780488,0.48327759197324416,0.4047244094488189,0.3543913713405239,0.4356120826709062,0.45709828393135726,0.4162826420890937,0.4532488114104596,0.31596638655462184,0.46153846153846156,0.3313161875945537,0.37750385208012327,0.30434782608695654,0.4032520325203252,0.3945578231292517,0.4319620253164557,0.2588996763754045,0.39069767441860465,0.37006578947368424,0.41774193548387095,0.37181663837011886,0.4168012924071082,0.4305343511450382,0.42788461538461536,0.39052287581699346,0.2928679817905918,0.38996763754045305,0.3108320251177394,0.48092868988391374,0.49348534201954397,0.3019169329073482,0.44727891156462585,0.2936378466557912,0.35075885328836426,0.3073248407643312
2012,1,9,prevalence,0.30317460317460315,0.3003048780487805,0.3312202852614897,0.5201938610662359,0.45797598627787306,0.35348837209302325,0.4536741214057508,0.441747572815534,0.46200607902735563,0.34918032786885245,0.3570300157977883,0.3516483516483517,0.34390651085141904,0.405,0.28431372549019607,0.3813291139240506,0.35222052067381315,0.27450980392156865,0.5056726094003241,0.26094003241491087,0.33825944170771755,0.35837245696400627,0.29310344827586204,0.356120826709062,0.4582677165354331,0.3790849673202614,0.3778501628664495,0.3889763779527559,0.502495840266223,0.43166666666666664,0.4019933554817276,0.4336569579288026,0.4003215434083601,0.4149443561208267,0.43171806167400884,0.3247172859450727,0.4401244167962675,0.4444444444444444,0.3394495412844037,0.47952218430034127,0.540625,0.38126009693053314,0.4507269789983845,0.49230769230769234,0.3173076923076923,0.4807987711213518,0.3933884297520661,0.4578313253012048,0.4128289473684211,0.5697674418604651,0.41551724137931034,0.34101382488479265,0.4009433962264151,0.5834683954619124,0.4203125,0.5052083333333334,0.48896434634974534,0.3295638126009693,0.4620253164556962,0.362012987012987,0.2944078947368421,0.42132867132867136,0.4213740458015267,0.4395424836601307,0.3333333333333333,0.2601880877742947,0.3618421052631579,0.28056426332288403,0.4027072758037225,0.4783950617283951,0.609715242881072,0.5173501577287066,0.521259842519685,0.5081168831168831,0.49047619047619045,0.5318181818181819,0.4253393665158371,0.4608843537414966,0.2922374429223744,0.5064724919093851,0.46115702479338844,0.33607907742998355,0.3752066115702479,0.3823038397328882,0.4369369369369369,0.5451713395638629,0.4180064308681672,0.40418679549114334,0.3471502590673575,0.4984423676012461,0.47058823529411764,0.42546063651591287,0.3667205169628433,0.42045454545454547,0.43498452012383904,0.5485362095531587,0.456198347107438,0.3853820598006645,0.3614864864864865,0.37142857142857144,0.44769230769230767,0.41025641025641024,0.4338358458961474,0.4394904458598726,0.4213938411669368,0.335423197492163,0.40770465489566615,0.4219269102990033,0.3780290791599354,0.3192868719611021,0.46859903381642515,0.28665568369028005,0.33497536945812806,0.28503937007874014,0.23174603174603176,0.44680851063829785,0.5152487961476726,0.3817891373801917,0.3642276422764228,0.3611111111111111,0.3310924369747899,0.49300155520995337,0.3904320987654321,0.4475743348982786,0.35974643423137875,0.33495934959349594,0.367047308319739,0.4064,0.3563218390804598,0.38461538461538464,0.3596638655462185,0.36772046589018303,0.34782608695652173,0.4133545310015898,0.3548895899053628,0.35566188197767146,0.3453355155482815,0.46141479099678456,0.33220910623946037,0.46204620462046203,0.40826446280991735,0.35843373493975905,0.4449838187702265,0.5278688524590164,0.35161290322580646,0.40266222961730447,0.33558178752107926,0.3618421052631579,0.3228995057660626,0.43094841930116473,0.34545454545454546,0.4078125,0.456,0.4503311258278146,0.3158756137479542,0.5213270142180095,0.48722044728434505,0.33487654320987653,0.3844884488448845,0.5159235668789809,0.368,0.32142857142857145,0.45987654320987653,0.3410981697171381,0.333889816360601,0.432520325203252,0.43288590604026844,0.4352409638554217,0.3540090771558245,0.30637636080870917,0.40515933232169954,0.49310872894333846,0.4338461538461538,0.3979763912310287,0.4848966613672496,0.29923664122137406,0.33947772657450076,0.3018867924528302,0.38825448613376834,0.36379310344827587,0.462992125984252,0.33001658374792703,0.3866877971473851,0.28500823723228996,0.48599670510708404,0.3609671848013817,0.3617021276595745,0.4693572496263079,0.5143312101910829,0.41412520064205455,0.26749611197511663,0.36482084690553745,0.38854489164086686,0.4664484451718494,0.460655737704918,0.38509316770186336,0.49401709401709404,0.32367149758454106,0.2992,0.34318555008210183
2013,1,9,prevalence,0.2468354430379747,0.29721362229102166,0.3103448275862069,0.5812101910828026,0.5153061224489796,0.36706948640483383,0.44136807817589574,0.39968404423380727,0.4890625,0.3486088379705401,0.37676609105180536,0.3871951219512195,0.3595317725752508,0.4165316045380875,0.23832528180354268,0.37579617834394907,0.297583081570997,0.25884244372990356,0.4975767366720517,0.200652528548124,0.31511254019292606,0.3934169278996865,0.3138801261829653,0.33072100313479624,0.5039872408293461,0.4228187919463087,0.4492753623188406,0.5261538461538462,0.46006389776357826,0.4773462783171521,0.41225165562913907,0.4745484400656814,0.33226837060702874,0.4041204437400951,0.46533127889060094,0.26121794871794873,0.4296875,0.4854202401372213,0.2669683257918552,0.5076660988074957,0.5119236883942766,0.3634920634920635,0.50814332247557,0.5256609642301711,0.3943217665615142,0.4510108864696734,0.4449838187702265,0.42857142857142855,0.392914653784219,0.5916398713826366,0.38704318936877075,0.3675344563552833,0.47327044025157233,0.5492957746478874,0.32861635220125784,0.4966101694915254,0.40308747855917665,0.23595505617977527,0.43610223642172524,0.3175355450236967,0.367479674796748,0.385146804835924,0.40428790199081166,0.3840947546531303,0.31755725190839695,0.3333333333333333,0.39184952978056425,0.26461038961038963,0.4050420168067227,0.4110429447852761,0.5651438240270727,0.49149922720247297,0.5063492063492063,0.5395799676898223,0.4943639291465378,0.5060606060606061,0.3958333333333333,0.4519867549668874,0.2996941896024465,0.46481178396072015,0.46416938110749184,0.33011272141706927,0.42237061769616024,0.3715670436187399,0.382089552238806,0.5007824726134585,0.4411764705882353,0.48333333333333334,0.36678200692041524,0.5272435897435898,0.5289389067524116,0.4590984974958264,0.358974358974359,0.398989898989899,0.3921259842519685,0.5543130990415336,0.46,0.31343283582089554,0.3261231281198003,0.34035656401944897,0.49157733537519144,0.413953488372093,0.4255663430420712,0.46656050955414013,0.4614121510673235,0.34488188976377954,0.45645161290322583,0.4006568144499179,0.4573268921095008,0.3262642740619902,0.5046728971962616,0.3639344262295082,0.3863275039745628,0.3365231259968102,0.27980922098569155,0.4153094462540717,0.49838187702265374,0.3370429252782194,0.31437598736176936,0.3960546282245827,0.3440134907251265,0.4953125,0.41368584758942456,0.45,0.3237639553429027,0.38571428571428573,0.3760129659643436,0.3629032258064516,0.3415841584158416,0.3847352024922118,0.337248322147651,0.373134328358209,0.27070063694267515,0.38,0.47706422018348627,0.4691358024691358,0.2763578274760383,0.3839869281045752,0.40268456375838924,0.47783251231527096,0.47157190635451507,0.375,0.44861337683523655,0.4867549668874172,0.3104,0.3745819397993311,0.3925549915397631,0.3912310286677909,0.36258278145695366,0.424390243902439,0.4251207729468599,0.4246153846153846,0.46153846153846156,0.4910277324632953,0.3306188925081433,0.4854368932038835,0.4368,0.30303030303030304,0.45425361155698235,0.5201288244766505,0.3694581280788177,0.38160136286201024,0.42022116903633494,0.3434343434343434,0.3758169934640523,0.3815789473684211,0.49411764705882355,0.47706422018348627,0.28270676691729324,0.3069620253164557,0.40029542097488924,0.5182370820668692,0.481089258698941,0.42150170648464164,0.4849921011058452,0.30335365853658536,0.3267175572519084,0.32457496136012365,0.2893081761006289,0.3316412859560068,0.5108024691358025,0.3703071672354949,0.4043887147335423,0.3107890499194847,0.4154103852596315,0.3823038397328882,0.4576,0.46656534954407297,0.4732824427480916,0.37398373983739835,0.26031746031746034,0.3157894736842105,0.4421875,0.41625207296849087,0.6,0.29448818897637796,0.4273356401384083,0.2838283828382838,0.3949843260188088,0.2915980230642504
2014,1,9,prevalence,0.24358974358974358,0.2626582278481013,0.2895148669796557,0.5811023622047244,0.5126475548060708,0.32978723404255317,0.36333878887070375,0.45187601957585644,0.4788732394366197,0.3487261146496815,0.3875598086124402,0.3555900621118012,0.39865996649916247,0.34053156146179403,0.18272425249169436,0.277504105090312,0.29154078549848944,0.2252836304700162,0.56,0.21212121212121213,0.3104575163398693,0.48049921996879874,0.34651898734177217,0.2857142857142857,0.49765258215962443,0.3790186125211506,0.4510135135135135,0.45166402535657685,0.5349593495934959,0.37662337662337664,0.4895330112721417,0.49238578680203043,0.35121951219512193,0.3602584814216478,0.45176110260336905,0.30537974683544306,0.43354430379746833,0.5158450704225352,0.38404726735598227,0.4713804713804714,0.5472312703583062,0.3163097199341021,0.47019867549668876,0.4765625,0.41736227045075125,0.4325581395348837,0.4576547231270358,0.43674176776429807,0.4116666666666667,0.6068111455108359,0.3311897106109325,0.34365325077399383,0.4323076923076923,0.5734157650695518,0.3847352024922118,0.49748743718592964,0.4278523489932886,0.3801916932907348,0.3924050632911392,0.28188976377952757,0.27569331158238175,0.38671209540034074,0.39968404423380727,0.37185929648241206,0.34045801526717556,0.3954983922829582,0.45141065830721006,0.2160392798690671,0.4431818181818182,0.4621212121212121,0.5740740740740741,0.5360501567398119,0.4290171606864275,0.5570032573289903,0.48688524590163934,0.4414814814814815,0.3699248120300752,0.5008291873963516,0.44359756097560976,0.46229508196721314,0.37846655791190864,0.2864,0.46129541864139023,0.3365695792880259,0.40853658536585363,0.5332278481012658,0.4464579901153213,0.4925619834710744,0.33666666666666667,0.4294770206022187,0.5023923444976076,0.4957410562180579,0.3951219512195122,0.2953795379537954,0.3996815286624204,0.5080645161290323,0.47854785478547857,0.3615916955017301,0.32338308457711445,0.33004926108374383,0.4339339339339339,0.44242424242424244,0.42833876221498374,0.38486312399355876,0.4056291390728477,0.4188163884673748,0.42549668874172186,0.3316831683168317,0.40938511326860844,0.2761437908496732,0.5410094637223974,0.37888198757763975,0.24754098360655738,0.2740157480314961,0.23311897106109325,0.49506578947368424,0.45977011494252873,0.33442088091353994,0.27419354838709675,0.3322784810126582,0.39365079365079364,0.4382716049382716,0.42718446601941745,0.4678456591639871,0.3984375,0.2904761904761905,0.30660377358490565,0.3723228995057661,0.2945990180032733,0.365625,0.29983792544570503,0.3170731707317073,0.2110236220472441,0.4120603015075377,0.3769230769230769,0.44153846153846155,0.256,0.40491803278688526,0.32727272727272727,0.413290113452188,0.43594009983361065,0.4200913242009132,0.43230016313213704,0.48111658456486045,0.38287560581583197,0.4057239057239057,0.30313588850174217,0.4327390599675851,0.309328968903437,0.45528455284552843,0.41116751269035534,0.4067796610169492,0.4383116883116883,0.5233494363929146,0.33063209076175043,0.4226475279106858,0.36348684210526316,0.3893376413570275,0.42207792207792205,0.5340729001584786,0.33931484502446985,0.35798319327731093,0.4308176100628931,0.3108108108108108,0.3983739837398374,0.2740619902120718,0.515,0.4538341158059468,0.34992679355783307,0.3220064724919094,0.36430678466076694,0.481651376146789,0.46142433234421365,0.4054982817869416,0.49105691056910566,0.30349013657056145,0.2444794952681388,0.3549382716049383,0.4009584664536741,0.3910149750415973,0.4714064914992272,0.352112676056338,0.2762520193861066,0.2302936630602782,0.4948805460750853,0.40264026402640263,0.3470031545741325,0.3816793893129771,0.4278996865203762,0.31001589825119236,0.31921824104234525,0.38160136286201024,0.4520547945205479,0.509090909090909,0.5508474576271186,0.27491961414790994,0.4966216216216216,0.33278688524590166,0.4353312302839117,0.27070063694267515
2015,1,9,prevalence,0.16393442622950818,0.2286158631415241,0.30109204368174725,0.5591054313099042,0.4916387959866221,0.26749611197511663,0.4781906300484653,0.36044657097288674,0.4860248447204969,0.4040247678018576,0.4039408866995074,0.31703470031545744,0.3591905564924115,0.3898858075040783,0.2561174551386623,0.28807947019867547,0.2559171597633136,0.2476038338658147,0.5024630541871922,0.16216216216216217,0.3056,0.439209726443769,0.2778675282714055,0.30877742946708464,0.463452566096423,0.3936348408710218,0.4597315436241611,0.4566929133858268,0.5048231511254019,0.36824877250409166,0.45454545454545453,0.47058823529411764,0.38576158940397354,0.375609756097561,0.4906832298136646,0.3354330708661417,0.37360890302066774,0.5714285714285714,0.3698630136986301,0.5099009900990099,0.5048076923076923,0.29720853858784896,0.4542483660130719,0.44122383252818037,0.37925445705024313,0.4422187981510015,0.45024469820554647,0.5095652173913043,0.3872053872053872,0.5569044006069803,0.36306729264475746,0.4032258064516129,0.345565749235474,0.5331278890600925,0.45,0.5245346869712352,0.3622950819672131,0.40063091482649843,0.35714285714285715,0.24430955993930198,0.2306451612903226,0.2975778546712803,0.43527508090614886,0.345,0.2700617283950617,0.2861736334405145,0.374805598755832,0.2023217247097844,0.38349514563106796,0.42572741194486985,0.5664451827242525,0.5569620253164557,0.4767080745341615,0.5314009661835749,0.5242070116861436,0.4932330827067669,0.37915407854984895,0.4403225806451613,0.40515933232169954,0.5073649754500819,0.4580152671755725,0.28917609046849757,0.391304347826087,0.36774193548387096,0.42664670658682635,0.4697674418604651,0.44537815126050423,0.4095394736842105,0.3059210526315789,0.45839874411302983,0.5126182965299685,0.49155405405405406,0.448,0.2988313856427379,0.3942766295707472,0.5266666666666666,0.46381578947368424,0.3647260273972603,0.3652597402597403,0.35842880523731585,0.4193061840120664,0.45950155763239875,0.4707792207792208,0.4500792393026941,0.5168,0.40310077519379844,0.4166666666666667,0.44932432432432434,0.40197693574958815,0.277337559429477,0.4907120743034056,0.3546325878594249,0.2365415986949429,0.264,0.2492063492063492,0.46476510067114096,0.4901639344262295,0.3444976076555024,0.2653061224489796,0.39097744360902253,0.38485804416403785,0.4762633996937213,0.449438202247191,0.45032051282051283,0.4183835182250396,0.253125,0.3701923076923077,0.41914191419141916,0.353322528363047,0.27216174183514774,0.336,0.3792,0.3614649681528662,0.41545893719806765,0.2401263823064771,0.46635367762128327,0.2395498392282958,0.3181818181818182,0.2750809061488673,0.408,0.445,0.4270516717325228,0.46365105008077545,0.4673202614379085,0.3685064935064935,0.43564356435643564,0.31727574750830567,0.4723127035830619,0.33072100313479624,0.4161184210526316,0.37104825291181365,0.33962264150943394,0.43492063492063493,0.49597423510466987,0.326984126984127,0.5,0.39486356340288925,0.34271523178807944,0.4258064516129032,0.555379746835443,0.3344155844155844,0.28983050847457625,0.419672131147541,0.3081967213114754,0.34910277324632955,0.351575456053068,0.5429042904290429,0.41679873217115687,0.2943854324734446,0.31699346405228757,0.36795252225519287,0.4510703363914373,0.4977578475336323,0.3996627318718381,0.4470198675496689,0.2794561933534743,0.2818471337579618,0.3353846153846154,0.3927392739273927,0.30756302521008405,0.5266457680250783,0.3282312925170068,0.3866231647634584,0.2121684867394696,0.451114922813036,0.36920529801324503,0.25363489499192243,0.434715821812596,0.4923547400611621,0.38752052545155996,0.3333333333333333,0.4057239057239057,0.38333333333333336,0.4691151919866444,0.5749185667752443,0.35118110236220473,0.49328859060402686,0.35864297253634897,0.41878980891719747,0.3056
2016,1,9,prevalence,0.1907051282051282,0.2846270928462709,0.30434782608695654,0.5856,0.3976510067114094,0.3142857142857143,0.4901639344262295,0.40442338072669826,0.5166402535657686,0.38485804416403785,0.40789473684210525,0.32371794871794873,0.3954983922829582,0.314785373608903,0.4098883572567783,0.27697262479871176,0.31343283582089554,0.23076923076923078,0.5467980295566502,0.1348314606741573,0.19579288025889968,0.40150375939849625,0.31017770597738287,0.3037156704361874,0.435126582278481,0.4479166666666667,0.4533551554828151,0.4343598055105348,0.4823717948717949,0.4176182707993475,0.42813455657492355,0.4395973154362416,0.35275080906148865,0.34726688102893893,0.415625,0.34169278996865204,0.4185303514376997,0.47750865051903113,0.2948328267477204,0.46709470304975925,0.5632,0.27967479674796747,0.4991596638655462,0.5133437990580848,0.33548387096774196,0.40950920245398775,0.4133545310015898,0.4947916666666667,0.3651315789473684,0.541033434650456,0.3685897435897436,0.325434439178515,0.3116279069767442,0.5378670788253478,0.4510108864696734,0.5385906040268457,0.4010152284263959,0.304,0.3195548489666137,0.2706422018348624,0.20458265139116202,0.3737704918032787,0.40032679738562094,0.4176372712146423,0.3105022831050228,0.22764227642276422,0.4289985052316891,0.24744027303754265,0.359349593495935,0.41001564945226915,0.5397631133671743,0.524031007751938,0.4888535031847134,0.4528,0.5025125628140703,0.4009216589861751,0.45440729483282677,0.4856687898089172,0.26586102719033233,0.48717948717948717,0.41915227629513346,0.31189710610932475,0.3902053712480253,0.33440514469453375,0.3567073170731707,0.4182098765432099,0.5397350993377483,0.416260162601626,0.28,0.3752012882447665,0.5170807453416149,0.451505016722408,0.37964458804523427,0.3890728476821192,0.4630225080385852,0.48848684210526316,0.4368932038834951,0.4397283531409168,0.35714285714285715,0.2996742671009772,0.4576523031203566,0.4858490566037736,0.3785123966942149,0.4188976377952756,0.4115755627009646,0.431924882629108,0.38283828382838286,0.39487179487179486,0.44370860927152317,0.3075684380032206,0.48982785602503914,0.2540453074433657,0.32142857142857145,0.2222222222222222,0.3333333333333333,0.5112179487179487,0.4833887043189369,0.3793103448275862,0.29754601226993865,0.38074074074074077,0.3921875,0.5211480362537765,0.43238993710691825,0.46859903381642515,0.3169491525423729,0.31343283582089554,0.38782051282051283,0.4197952218430034,0.3613312202852615,0.30497592295345105,0.2959349593495935,0.3467094703049759,0.34394904458598724,0.4479338842975207,0.18471337579617833,0.4394904458598726,0.2916666666666667,0.43781094527363185,0.25487012987012986,0.43402225755166934,0.475,0.3922480620155039,0.4342948717948718,0.5056910569105691,0.41158059467918623,0.4257748776508972,0.2820097244732577,0.4754358161648177,0.3078149920255183,0.4852459016393443,0.4103852596314908,0.43066884176182707,0.3962558502340094,0.4489795918367347,0.28639240506329117,0.49270664505672607,0.47295208655332305,0.28685897435897434,0.42673107890499196,0.5564024390243902,0.37898089171974525,0.2757475083056478,0.4527687296416938,0.3819672131147541,0.37066246056782337,0.455,0.4798657718120805,0.419672131147541,0.3123076923076923,0.3555194805194805,0.36874051593323215,0.46333853354134164,0.44545454545454544,0.43300653594771243,0.492845786963434,0.19055118110236222,0.34276729559748426,0.2876506024096386,0.27479674796747966,0.40131578947368424,0.5385802469135802,0.34223706176961605,0.3898858075040783,0.27565084226646247,0.47294938917975565,0.49432739059967584,0.3469721767594108,0.4370139968895801,0.4761171032357473,0.4416,0.34094616639477976,0.2980132450331126,0.29675425038639874,0.4494949494949495,0.5033557046979866,0.2881619937694704,0.4852941176470588,0.30128205128205127,0.3209076175040519,0.26978998384491115
2017,1,9,prevalence,0.20826446280991737,0.3083969465648855,0.3405909797822706,0.6199677938808373,0.498371335504886,0.2390625,0.423841059602649,0.3900481540930979,0.5205047318611987,0.4141732283464567,0.4370860927152318,0.36507936507936506,0.38898163606010017,0.31868131868131866,0.3611111111111111,0.2898550724637681,0.2465753424657534,0.1858974358974359,0.555008210180624,0.1573926868044515,0.29780564263322884,0.39813374805598756,0.2134453781512605,0.22903225806451613,0.47596153846153844,0.4577702702702703,0.47768595041322315,0.471169686985173,0.5056910569105691,0.4243421052631579,0.4208860759493671,0.48747913188647746,0.3580645161290323,0.3888888888888889,0.42362204724409447,0.3961352657004831,0.3842364532019704,0.5008460236886633,0.2796208530805687,0.44019138755980863,0.5856905158069884,0.3004769475357711,0.5266781411359724,0.5186335403726708,0.41533546325878595,0.3601236476043277,0.4703125,0.46596858638743455,0.3969849246231156,0.5417298937784522,0.3968503937007874,0.3432601880877743,0.4015748031496063,0.5007949125596184,0.4278996865203762,0.562396006655574,0.4745762711864407,0.31504702194357365,0.30095541401273884,0.21654135338345865,0.1890145395799677,0.3448844884488449,0.3983050847457627,0.46452702702702703,0.29675425038639874,0.18700475435816163,0.3852080123266564,0.3158783783783784,0.33170731707317075,0.4,0.5566502463054187,0.5169628432956381,0.5647249190938511,0.5570469798657718,0.5184,0.3410493827160494,0.40061633281972264,0.4953125,0.27751196172248804,0.43890675241157556,0.4659270998415214,0.3523076923076923,0.4267515923566879,0.34565916398713825,0.42290076335877863,0.4183835182250396,0.44193548387096776,0.3720538720538721,0.2908805031446541,0.4358161648177496,0.49613601236476046,0.4908485856905158,0.3996710526315789,0.36054421768707484,0.38522012578616355,0.5090016366612111,0.4813614262560778,0.335,0.3111111111111111,0.36550632911392406,0.46546546546546547,0.4936507936507937,0.44224422442244227,0.4221183800623053,0.4790996784565916,0.3532182103610675,0.401305057096248,0.3653516295025729,0.4358108108108108,0.2753623188405797,0.5344563552833078,0.22274881516587677,0.27543035993740217,0.2054140127388535,0.45081967213114754,0.4369747899159664,0.48936170212765956,0.34146341463414637,0.337442218798151,0.3835021707670043,0.3686708860759494,0.4575757575757576,0.4704944178628389,0.4662379421221865,0.39522998296422485,0.3470394736842105,0.38387096774193546,0.4514480408858603,0.32601880877742945,0.28996865203761757,0.3170731707317073,0.2742200328407225,0.3130016051364366,0.4511784511784512,0.1641337386018237,0.4255663430420712,0.31433224755700323,0.4491525423728814,0.22861842105263158,0.43956043956043955,0.4473684210526316,0.3192488262910798,0.45641838351822506,0.5196078431372549,0.3653543307086614,0.44281045751633985,0.2632450331125828,0.4096,0.28913738019169327,0.4461028192371476,0.40241796200345425,0.4876847290640394,0.4301765650080257,0.5401574803149606,0.3087557603686636,0.4574290484140234,0.49763779527559054,0.30112721417069244,0.4660347551342812,0.5799701046337817,0.4185667752442997,0.3,0.4919093851132686,0.41272430668841764,0.3146067415730337,0.47596153846153844,0.5217391304347826,0.47254575707154745,0.28810975609756095,0.359349593495935,0.39097744360902253,0.46855345911949686,0.425,0.4829821717990275,0.4888888888888889,0.21360759493670886,0.36550632911392406,0.2997032640949555,0.3708609271523179,0.3783783783783784,0.4943089430894309,0.31382113821138213,0.4271356783919598,0.2661290322580645,0.4697754749568221,0.41243862520458263,0.36423841059602646,0.4938080495356037,0.428125,0.4650793650793651,0.2836065573770492,0.3150912106135987,0.31761006289308175,0.5582608695652174,0.6,0.2687022900763359,0.5,0.26973684210526316,0.29248366013071897,0.3111111111111111
2018,1,9,prevalence,0.20826446280991737,0.30326594090202175,0.2747603833865815,0.6003236245954693,0.44537815126050423,0.2401263823064771,0.503257328990228,0.4519230769230769,0.4976303317535545,0.424390243902439,0.3408723747980614,0.49615975422427033,0.41050903119868637,0.3195084485407066,0.3035143769968051,0.30818619582664525,0.23700305810397554,0.20717781402936378,0.5934426229508196,0.18053375196232338,0.3826771653543307,0.4059561128526646,0.14950166112956811,0.2016,0.48058252427184467,0.44353518821603927,0.512396694214876,0.48148148148148145,0.4805194805194805,0.4129032258064516,0.31743421052631576,0.48929159802306427,0.3146964856230032,0.4158249158249158,0.4654895666131621,0.3895253682487725,0.3848684210526316,0.445,0.28292682926829266,0.42902208201892744,0.5704918032786885,0.3790849673202614,0.5687285223367697,0.5532258064516129,0.3787638668779715,0.4054878048780488,0.3795275590551181,0.5257731958762887,0.43781094527363185,0.5428134556574924,0.42724458204334365,0.5088852988691438,0.4622792937399679,0.5241057542768274,0.46445497630331756,0.4794745484400657,0.4216666666666667,0.35030864197530864,0.41223832528180354,0.22869955156950672,0.27479674796747966,0.3766025641025641,0.4816053511705686,0.535472972972973,0.2896764252696456,0.19523809523809524,0.4036697247706422,0.36930860033726814,0.39872408293460926,0.36628849270664504,0.5612582781456954,0.5329052969502408,0.5,0.5114754098360655,0.5171288743882545,0.42857142857142855,0.42834890965732086,0.4430769230769231,0.29790660225442833,0.4880952380952381,0.43661971830985913,0.27044025157232704,0.4462025316455696,0.2761904761904762,0.39123867069486407,0.5474683544303798,0.4782608695652174,0.4571917808219178,0.24920127795527156,0.4718196457326892,0.5086342229199372,0.43791946308724833,0.44552845528455287,0.35170178282009723,0.3984,0.5491803278688525,0.5488,0.342809364548495,0.36261980830670926,0.37770897832817335,0.4054878048780488,0.47797716150081565,0.47194719471947194,0.36018957345971564,0.4444444444444444,0.37251908396946565,0.4729064039408867,0.45826235093696766,0.4337152209492635,0.21069182389937108,0.517557251908397,0.22328548644338117,0.27258566978193144,0.26053042121684866,0.3709150326797386,0.47088186356073214,0.4601910828025478,0.31797235023041476,0.4,0.3553223388305847,0.2827476038338658,0.4884437596302003,0.44929797191887677,0.4837662337662338,0.3865546218487395,0.30917874396135264,0.5343137254901961,0.4828767123287671,0.3421461897356143,0.358161648177496,0.32315112540192925,0.27917981072555204,0.353968253968254,0.4991652754590985,0.2389649923896499,0.49093904448105435,0.3583061889250814,0.45081967213114754,0.3563218390804598,0.5185185185185185,0.5232558139534884,0.4200626959247649,0.4741235392320534,0.40348101265822783,0.3675078864353312,0.413961038961039,0.28171334431630973,0.37936507936507935,0.34055727554179566,0.48494983277591974,0.42642140468227424,0.4682926829268293,0.46568627450980393,0.5086071987480438,0.33591331269349844,0.5034013605442177,0.47295208655332305,0.3944353518821604,0.4437596302003082,0.5038051750380518,0.3154471544715447,0.2954898911353033,0.4782608695652174,0.42978003384094754,0.27986906710310966,0.4433811802232855,0.4837133550488599,0.46798029556650245,0.34277198211624443,0.29623567921440264,0.4461538461538462,0.4669887278582931,0.38088235294117645,0.39215686274509803,0.48807631160572335,0.23376623376623376,0.41185897435897434,0.24174174174174173,0.36995153473344106,0.3150242326332795,0.4712460063897764,0.2905844155844156,0.44976076555023925,0.23307086614173228,0.4931972789115646,0.49337748344370863,0.358843537414966,0.5079113924050633,0.49201277955271566,0.47797716150081565,0.27454242928452577,0.3559870550161812,0.4166666666666667,0.5033444816053512,0.5482315112540193,0.2803149606299213,0.5229793977812995,0.27759197324414714,0.3649754500818331,0.35714285714285715
2019,1,9,prevalence,0.32040472175379425,0.3713405238828968,0.2841091492776886,0.5725806451612904,0.41721854304635764,0.3853503184713376,0.4503311258278146,0.43234323432343236,0.5523349436392915,0.4391025641025641,0.44039735099337746,0.4549689440993789,0.5112540192926045,0.32618683001531396,0.32216905901116427,0.37089201877934275,0.296875,0.25,0.5647425897035881,0.24960505529225907,0.3697996918335901,0.3852327447833066,0.1692573402417962,0.2332214765100671,0.48012718600953896,0.42483660130718953,0.46405228758169936,0.4761092150170648,0.4622792937399679,0.4462809917355372,0.3872549019607843,0.49673202614379086,0.2884012539184953,0.44554455445544555,0.5015974440894568,0.4359805510534846,0.36930860033726814,0.5258064516129032,0.2652027027027027,0.473015873015873,0.5573770491803278,0.40476190476190477,0.4612794612794613,0.44516129032258067,0.33610648918469216,0.42153846153846153,0.38310708898944196,0.5074626865671642,0.4258064516129032,0.558599695585997,0.36801242236024845,0.45528455284552843,0.41001564945226915,0.5218093699515347,0.46489859594383776,0.4794952681388013,0.4428341384863124,0.30197268588770865,0.3466453674121406,0.2709284627092846,0.3185550082101806,0.3150242326332795,0.4772344013490725,0.4431438127090301,0.24574961360123648,0.25972006220839816,0.38058551617873654,0.2964824120603015,0.3343949044585987,0.3536977491961415,0.5762987012987013,0.5048231511254019,0.4864,0.5385906040268457,0.4902597402597403,0.4203125,0.4208,0.43157894736842106,0.44670846394984326,0.45531197301854975,0.4119496855345912,0.315955766192733,0.40217391304347827,0.4190938511326861,0.39469578783151327,0.5167682926829268,0.45645161290322583,0.46410684474123537,0.265625,0.4309210526315789,0.5882352941176471,0.4184514003294893,0.38699186991869916,0.43130990415335463,0.45063694267515925,0.553968253968254,0.49453978159126366,0.3949152542372881,0.35073409461663946,0.42024539877300615,0.45131375579598143,0.4744645799011532,0.4213938411669368,0.3466453674121406,0.4402618657937807,0.3616,0.4226289517470882,0.48032786885245904,0.4439102564102564,0.28188976377952757,0.50231124807396,0.30990415335463256,0.31170886075949367,0.35828025477707004,0.36468646864686466,0.47775947281713343,0.4410828025477707,0.3541341653666147,0.3378995433789954,0.3171471927162367,0.4177215189873418,0.4740853658536585,0.44660194174757284,0.44694533762057875,0.3924914675767918,0.42483660130718953,0.4435483870967742,0.4578313253012048,0.3333333333333333,0.3904448105436573,0.31761006289308175,0.4287974683544304,0.3939393939393939,0.4867549668874172,0.33076923076923076,0.4675324675324675,0.4016260162601626,0.4590984974958264,0.3910891089108911,0.5015527950310559,0.46078431372549017,0.4748427672955975,0.4672131147540984,0.4968944099378882,0.3688394276629571,0.39603960396039606,0.37398373983739835,0.4703125,0.3850837138508371,0.4336134453781513,0.35596026490066224,0.4376012965964344,0.5201288244766505,0.5108359133126935,0.2765625,0.472636815920398,0.4182098765432099,0.36097560975609755,0.4126984126984127,0.4915254237288136,0.2889983579638752,0.3016845329249617,0.45528455284552843,0.32148900169204736,0.33554817275747506,0.4168012924071082,0.5182250396196514,0.4729064039408867,0.366306027820711,0.36363636363636365,0.4064516129032258,0.5363924050632911,0.40564635958395245,0.3630573248407643,0.44745222929936307,0.2761437908496732,0.4588815789473684,0.32298136645962733,0.3983606557377049,0.326984126984127,0.49270664505672607,0.36492890995260663,0.39184952978056425,0.28217054263565894,0.4862681744749596,0.4639344262295082,0.48484848484848486,0.5401234567901234,0.4415156507413509,0.4218241042345277,0.2724252491694352,0.3952380952380952,0.4075829383886256,0.46563573883161513,0.5070643642072213,0.3232169954476479,0.4976452119309262,0.2829861111111111,0.37373737373737376,0.4219001610305958
2020,1,9,prevalence,0.37796610169491524,0.423963133640553,0.3059210526315789,0.5487421383647799,0.44208809135399674,0.3688394276629571,0.504950495049505,0.3944353518821604,0.5207006369426752,0.40096618357487923,0.3913793103448276,0.44631901840490795,0.40923566878980894,0.34591194968553457,0.3450479233226837,0.3338557993730408,0.33170731707317075,0.35927152317880795,0.525,0.2966507177033493,0.3102409638554217,0.38287560581583197,0.20945945945945946,0.26688632619439867,0.5094637223974764,0.4333868378812199,0.41883116883116883,0.3968531468531469,0.5032051282051282,0.464041095890411,0.34582623509369675,0.45454545454545453,0.42012779552715657,0.47753743760399336,0.46526655896607433,0.3639291465378422,0.5025553662691652,0.5172955974842768,0.3781094527363184,0.4799357945425361,0.547107438016529,0.3824,0.49748743718592964,0.48776508972267535,0.42351046698872785,0.46781789638932497,0.3898305084745763,0.5,0.3869426751592357,0.5100154083204931,0.40752351097178685,0.416260162601626,0.3584,0.5562805872756933,0.46986089644513135,0.48635634028892455,0.37479541734860883,0.2688679245283019,0.3656597774244833,0.2555205047318612,0.37763371150729336,0.43221690590111644,0.4080560420315236,0.4176182707993475,0.215962441314554,0.32339089481946626,0.3380503144654088,0.2654424040066778,0.399673735725938,0.4176,0.5788617886178862,0.5481727574750831,0.49282296650717705,0.5594059405940595,0.5128617363344051,0.41001564945226915,0.4651539708265802,0.4595808383233533,0.3973941368078176,0.47877758913412566,0.43538461538461537,0.3274760383386581,0.43797856049004597,0.3072,0.432258064516129,0.491679273827534,0.44861337683523655,0.4154351395730706,0.2967741935483871,0.5112903225806451,0.5281899109792285,0.4297520661157025,0.35702479338842974,0.40384615384615385,0.4,0.49765258215962443,0.44761904761904764,0.45024469820554647,0.3592233009708738,0.3432601880877743,0.40938511326860844,0.4585365853658537,0.4526143790849673,0.3990461049284579,0.3896940418679549,0.42414355628058725,0.38870431893687707,0.4354561101549053,0.44246353322528365,0.28109854604200324,0.48031496062992124,0.30491803278688523,0.3642072213500785,0.32263242375601925,0.3582089552238806,0.45751633986928103,0.5024077046548957,0.3643533123028391,0.31129032258064515,0.33839150227617604,0.4520766773162939,0.44049459041731065,0.5062695924764891,0.5069124423963134,0.37565217391304345,0.46763754045307443,0.43297380585516176,0.4054982817869416,0.4067524115755627,0.494077834179357,0.28821656050955413,0.4572784810126582,0.31527093596059114,0.5140961857379768,0.3533950617283951,0.4755134281200632,0.36065573770491804,0.44574290484140233,0.406099518459069,0.4446227929373997,0.3973509933774834,0.3697068403908795,0.4600326264274062,0.47806354009077157,0.43217665615141954,0.4006734006734007,0.38971807628524047,0.4876923076923077,0.36574074074074076,0.4405940594059406,0.40032414910858993,0.39408866995073893,0.46405228758169936,0.5173501577287066,0.3059581320450886,0.4324786324786325,0.4831804281345566,0.29430379746835444,0.38596491228070173,0.5157728706624606,0.3852327447833066,0.3452566096423017,0.46735395189003437,0.3316239316239316,0.3546218487394958,0.39067524115755625,0.5242566510172144,0.48292682926829267,0.3333333333333333,0.3963210702341137,0.39144215530903326,0.45,0.488822652757079,0.41341653666146644,0.45307443365695793,0.38175675675675674,0.41414141414141414,0.3059581320450886,0.37104825291181365,0.3553054662379421,0.4524959742351047,0.4221183800623053,0.4371069182389937,0.38028169014084506,0.4362745098039216,0.44019138755980863,0.3712374581939799,0.42443729903536975,0.4396694214876033,0.38801261829652994,0.3164983164983165,0.39178515007898895,0.4265625,0.48606271777003485,0.5394321766561514,0.3476968796433878,0.4305993690851735,0.4029605263157895,0.4517766497461929,0.35748031496062993
2021,1,9,prevalence,0.31333333333333335,0.37059724349157736,0.33169129720853857,0.5474006116207951,0.4692556634304207,0.3435483870967742,0.46942148760330576,0.43381180223285487,0.5115511551155115,0.3744075829383886,0.42567567567567566,0.3665158371040724,0.35379644588045234,0.3322784810126582,0.379585326953748,0.29127725856697817,0.4081967213114754,0.37846655791190864,0.5,0.27049180327868855,0.29635258358662614,0.3262295081967213,0.27318718381112983,0.32954545454545453,0.5111821086261981,0.39331210191082805,0.42130365659777425,0.4353146853146853,0.5089141004862237,0.44880546075085326,0.3896321070234114,0.39184952978056425,0.3729903536977492,0.4220032840722496,0.4959481361426256,0.27416798732171155,0.3875838926174497,0.4625199362041467,0.34910277324632955,0.5238879736408567,0.547077922077922,0.355877616747182,0.5570247933884298,0.5094637223974764,0.3652312599681021,0.451559934318555,0.4261275272161742,0.471169686985173,0.3936,0.49310872894333846,0.3832807570977918,0.44992050874403816,0.3651315789473684,0.5176282051282052,0.4474885844748858,0.45569620253164556,0.35845896147403683,0.32436708860759494,0.3285024154589372,0.28180354267310787,0.32059800664451826,0.49282296650717705,0.45611015490533563,0.40978077571669475,0.24921630094043887,0.37658227848101267,0.360062893081761,0.27162629757785467,0.4050632911392405,0.44549763033175355,0.5952,0.47704918032786886,0.4599686028257457,0.506896551724138,0.5,0.37101910828025475,0.4323873121869783,0.489766081871345,0.2721417069243156,0.511744966442953,0.4469096671949287,0.3076923076923077,0.3368421052631579,0.389937106918239,0.42880258899676377,0.5553846153846154,0.42207792207792205,0.4507269789983845,0.36477987421383645,0.4157303370786517,0.5710102489019033,0.4768976897689769,0.4651539708265802,0.39109697933227344,0.40491803278688526,0.5268987341772152,0.4129746835443038,0.40584415584415584,0.409967845659164,0.26582278481012656,0.48440065681444994,0.4846029173419773,0.4525316455696203,0.40842787682333875,0.36304700162074555,0.3761755485893417,0.47833333333333333,0.45233968804159447,0.409967845659164,0.33974358974358976,0.4524959742351047,0.25496688741721857,0.28188976377952757,0.2288961038961039,0.28135048231511256,0.44549763033175355,0.4329073482428115,0.34276729559748426,0.2693548387096774,0.363914373088685,0.4391025641025641,0.46634615384615385,0.5,0.44753086419753085,0.41872791519434627,0.3834710743801653,0.3987635239567233,0.391304347826087,0.39331210191082805,0.40301003344481606,0.31466227347611203,0.358609794628752,0.2292358803986711,0.4551386623164764,0.2717219589257504,0.38301282051282054,0.38791732909379967,0.4243421052631579,0.33117932148626816,0.43729903536977494,0.4169435215946844,0.37598736176935227,0.4693200663349917,0.4556390977443609,0.33860759493670883,0.43278688524590164,0.3934959349593496,0.4711964549483013,0.3035439137134052,0.44098360655737706,0.39933993399339934,0.41098169717138106,0.4215530903328051,0.5157232704402516,0.2958860759493671,0.46258503401360546,0.4777947932618683,0.26484751203852325,0.4430379746835443,0.5425361155698234,0.38825448613376834,0.37480314960629924,0.4966887417218543,0.38513513513513514,0.3739565943238731,0.41638795986622074,0.4562798092209857,0.47920133111480867,0.3673139158576052,0.41924398625429554,0.3630573248407643,0.5079872204472844,0.4302848575712144,0.374414976599064,0.48792270531400966,0.3316412859560068,0.35842880523731585,0.3134087237479806,0.3733108108108108,0.3355155482815057,0.5096463022508039,0.44684129429892144,0.3858858858858859,0.4326465927099842,0.4788961038961039,0.45768025078369906,0.34219269102990035,0.3552,0.4528301886792453,0.3063973063973064,0.2837370242214533,0.35,0.3364485981308411,0.5111492281303602,0.5229357798165137,0.3204334365325077,0.4356120826709062,0.4361525704809287,0.39092495636998253,0.3264984227129338
2022,1,9,prevalence,0.3109656301145663,0.2811550151975684,0.3306188925081433,0.598159509202454,0.4155844155844156,0.3612040133779264,0.501628664495114,0.4015748031496063,0.5267295597484277,0.3397129186602871,0.387263339070568,0.41358024691358025,0.3782051282051282,0.3873581847649919,0.3127962085308057,0.28731942215088285,0.4473684210526316,0.2838063439065108,0.516380655226209,0.20616883116883117,0.30303030303030304,0.35313001605136435,0.30084033613445377,0.2972536348949919,0.4474097331240188,0.4107424960505529,0.47596153846153844,0.5256637168141592,0.5182724252491694,0.4461028192371476,0.3684210526315789,0.4491392801251956,0.3789308176100629,0.4049586776859504,0.47104851330203446,0.29559748427672955,0.4135090609555189,0.48031496062992124,0.3688663282571912,0.5016339869281046,0.568561872909699,0.24918032786885247,0.5141955835962145,0.559375,0.40723270440251574,0.37662337662337664,0.4296875,0.47929936305732485,0.32901134521880065,0.554160125588697,0.36245954692556637,0.4180064308681672,0.3808724832214765,0.567524115755627,0.4413145539906103,0.4700162074554295,0.380327868852459,0.33015873015873015,0.33706070287539935,0.3364632237871675,0.281505728314239,0.47049924357034795,0.4205128205128205,0.3815789473684211,0.2512,0.3724247226624406,0.35443037974683544,0.36993243243243246,0.43769470404984423,0.4583333333333333,0.569377990430622,0.5382113821138211,0.4751203852327448,0.4850498338870432,0.46405228758169936,0.42905405405405406,0.4588815789473684,0.47230320699708456,0.2647527910685805,0.5057851239669422,0.4520123839009288,0.3940809968847352,0.4539969834087481,0.3562300319488818,0.3944805194805195,0.4946236559139785,0.4492753623188406,0.4351395730706076,0.2896,0.4155629139072848,0.5022091310751104,0.47020933977455714,0.4169381107491857,0.356120826709062,0.41091492776886035,0.5238828967642527,0.4643423137876387,0.3965785381026439,0.3411949685534591,0.2755905511811024,0.4552980132450331,0.4294770206022187,0.37681159420289856,0.4428341384863124,0.432520325203252,0.3942766295707472,0.43781942078364566,0.3896321070234114,0.3648,0.3462157809983897,0.5057851239669422,0.3853989813242784,0.3074484944532488,0.3201267828843106,0.29623567921440264,0.48847926267281105,0.45425361155698235,0.34340222575516693,0.28921568627450983,0.40902021772939345,0.445468509984639,0.44462540716612375,0.409375,0.462109955423477,0.41047297297297297,0.3937908496732026,0.38622754491017963,0.4754653130287648,0.35873015873015873,0.4139072847682119,0.38220757825370677,0.2815533980582524,0.2633390705679862,0.4281098546042003,0.20098039215686275,0.43485342019543977,0.315359477124183,0.426517571884984,0.32516339869281047,0.3873015873015873,0.474025974025974,0.38087774294670845,0.46078431372549017,0.475,0.3978494623655914,0.3741830065359477,0.4161392405063291,0.35347432024169184,0.2476340694006309,0.5091210613598673,0.43211920529801323,0.4431438127090301,0.5118858954041204,0.44929797191887677,0.2957074721780604,0.4300341296928328,0.4807692307692308,0.334375,0.41300813008130083,0.5,0.4660347551342812,0.35873015873015873,0.47833333333333333,0.34731543624161076,0.4151260504201681,0.3793103448275862,0.5007874015748032,0.4033057851239669,0.33121019108280253,0.4057239057239057,0.39872408293460926,0.5007923930269413,0.4481707317073171,0.3220338983050847,0.521669341894061,0.2461799660441426,0.36597110754414125,0.367047308319739,0.4116666666666667,0.35081967213114756,0.4519685039370079,0.3668188736681887,0.4219219219219219,0.3412698412698413,0.47208931419457734,0.4057507987220447,0.306368330464716,0.44301765650080255,0.42482517482517484,0.36605657237936773,0.28422876949740034,0.3978494623655914,0.4793261868300153,0.49581239530988275,0.5389408099688473,0.32515337423312884,0.43730886850152906,0.3825503355704698,0.3466424682395644,0.35276073619631904
2023,1,9,prevalence,0.24630541871921183,0.22664624808575803,0.3952,0.5359877488514548,0.46178861788617886,0.3262987012987013,0.46166394779771613,0.4243369734789392,0.43354430379746833,0.29853181076672103,0.5008605851979346,0.386046511627907,0.403125,0.3898573692551506,0.26813880126182965,0.31181102362204727,0.3946932006633499,0.22276422764227644,0.5634674922600619,0.1718494271685761,0.22239031770045387,0.4166666666666667,0.24058919803600654,0.3088,0.43156199677938806,0.36597110754414125,0.44089456869009586,0.4750430292598967,0.5591216216216216,0.4593698175787728,0.36394557823129253,0.43934426229508194,0.43720190779014306,0.3503289473684211,0.471875,0.31181102362204727,0.4676145339652449,0.4930232558139535,0.37264957264957266,0.5032362459546925,0.5707317073170731,0.2682119205298013,0.46177847113884557,0.5461658841940532,0.39570552147239263,0.49203821656050956,0.3984615384615385,0.5145482388973966,0.30634920634920637,0.5756630265210608,0.44715447154471544,0.38961038961038963,0.35451505016722407,0.4601328903654485,0.4240506329113924,0.4837662337662338,0.44810543657331137,0.3813953488372093,0.38486312399355876,0.3088923556942278,0.2973421926910299,0.3415765069551777,0.3787878787878788,0.4184027777777778,0.3033175355450237,0.34335443037974683,0.42996742671009774,0.3841059602649007,0.3803486529318542,0.42857142857142855,0.5850234009360374,0.5274193548387097,0.4600326264274062,0.4991624790619765,0.49427168576104746,0.45868465430016864,0.3789649415692821,0.4174041297935103,0.2905844155844156,0.49663299663299665,0.49074074074074076,0.40735068912710565,0.3984732824427481,0.2866043613707165,0.4894308943089431,0.524031007751938,0.45307443365695793,0.4592833876221498,0.2986577181208054,0.5072,0.4984709480122324,0.4229559748427673,0.431924882629108,0.3136,0.4028662420382166,0.5046153846153846,0.5086887835703001,0.35974643423137875,0.416793893129771,0.31201248049922,0.44039735099337746,0.4391785150078989,0.4642289348171701,0.4140127388535032,0.4269293924466338,0.3273615635179153,0.46366782006920415,0.43485617597292725,0.463768115942029,0.3125,0.49421487603305786,0.42857142857142855,0.3115264797507788,0.3275039745627981,0.2698412698412698,0.4310077519379845,0.46214511041009465,0.28683385579937304,0.26375404530744334,0.33433734939759036,0.39351851851851855,0.4096185737976783,0.42391304347826086,0.4501466275659824,0.42758620689655175,0.3463414634146341,0.3960843373493976,0.4672131147540984,0.2836767036450079,0.34390651085141904,0.4412751677852349,0.31869918699186994,0.2602739726027397,0.42424242424242425,0.19902120717781402,0.42833876221498374,0.33825944170771755,0.39228295819935693,0.3780687397708674,0.543859649122807,0.43657331136738053,0.39490445859872614,0.48796147672552165,0.45269286754002913,0.32253086419753085,0.359349593495935,0.3574730354391371,0.4331306990881459,0.34072900158478603,0.46381578947368424,0.3462157809983897,0.401006711409396,0.505564387917329,0.46401225114854516,0.2833078101071976,0.4235500878734622,0.4407796101949025,0.3507692307692308,0.39313572542901715,0.4521880064829822,0.3580441640378549,0.35524256651017216,0.4803921568627451,0.36981757877280264,0.4117647058823529,0.412751677852349,0.4945054945054945,0.4716666666666667,0.4205607476635514,0.27941176470588236,0.4075286415711948,0.5,0.4195046439628483,0.3322884012539185,0.44155844155844154,0.28735632183908044,0.35071090047393366,0.3825944170771757,0.35073409461663946,0.3667205169628433,0.4821705426356589,0.29954614220877457,0.40350877192982454,0.26996805111821087,0.44952681388012616,0.3495440729483283,0.3783783783783784,0.48576214405360135,0.4947916666666667,0.42122719734660036,0.26252158894645944,0.43297380585516176,0.4156441717791411,0.4943639291465378,0.5375,0.3161875945537065,0.48923076923076925,0.3073170731707317,0.41986062717770034,0.32242990654205606
2024,1,9,prevalence,0.21256038647342995,0.23052959501557632,0.3700159489633174,0.5186915887850467,0.4373983739837398,0.2752442996742671,0.4500818330605565,0.41379310344827586,0.45555555555555555,0.3871499176276771,0.48,0.3577981651376147,0.3625,0.36378205128205127,0.2761904761904762,0.2942989214175655,0.3065068493150685,0.2754098360655738,0.513677811550152,0.14497528830313014,0.2731411229135053,0.4394904458598726,0.26721311475409837,0.28205128205128205,0.5024469820554649,0.45741324921135645,0.3961038961038961,0.5129087779690189,0.42592592592592593,0.41914191419141916,0.39372822299651566,0.4576,0.36850393700787404,0.4,0.5279503105590062,0.3252818035426731,0.4396135265700483,0.4931506849315068,0.3082077051926298,0.5347334410339257,0.49581239530988275,0.3516666666666667,0.48330683624801274,0.5362095531587057,0.32605304212168484,0.46928327645051193,0.44869831546707506,0.4570552147239264,0.3617693522906793,0.5518796992481203,0.3637873754152824,0.35657686212361334,0.3548387096774194,0.5256849315068494,0.40186915887850466,0.5367047308319739,0.402317880794702,0.37829457364341085,0.42356687898089174,0.26073131955484896,0.36885245901639346,0.4076335877862595,0.40816326530612246,0.48403361344537815,0.364951768488746,0.2786377708978328,0.4016260162601626,0.3305785123966942,0.336,0.39747634069400634,0.6111975116640747,0.5168539325842697,0.4918032786885246,0.5025041736227045,0.5598705501618123,0.45315161839863716,0.3702479338842975,0.4341906202723147,0.31655844155844154,0.47126436781609193,0.42718446601941745,0.3415384615384615,0.4733637747336377,0.2979397781299525,0.4411302982731554,0.49074074074074076,0.49363057324840764,0.41904761904761906,0.3092948717948718,0.3853658536585366,0.536697247706422,0.4423076923076923,0.39968404423380727,0.31129032258064515,0.48194662480376765,0.5225225225225225,0.478125,0.34782608695652173,0.37808641975308643,0.3629283489096573,0.4437194127243067,0.4129032258064516,0.419773095623987,0.3646677471636953,0.4475873544093178,0.4306451612903226,0.4175084175084175,0.45098039215686275,0.44461778471138846,0.3554119547657512,0.4924114671163575,0.33499170812603646,0.3104575163398693,0.24440894568690097,0.3089171974522293,0.4946401225114854,0.4911147011308562,0.32018927444794953,0.2959349593495935,0.386748844375963,0.3081664098613251,0.49744463373083475,0.4409937888198758,0.4808259587020649,0.3892733564013841,0.2824302134646962,0.3948170731707317,0.4889589905362776,0.3632,0.3566666666666667,0.3299145299145299,0.3704918032786885,0.3719723183391003,0.4453376205787781,0.19523809523809524,0.47479674796747967,0.2915309446254072,0.45746388443017655,0.3729641693811075,0.4511627906976744,0.43234323432343236,0.4115755627009646,0.41776315789473684,0.4294117647058823,0.3015151515151515,0.42718446601941745,0.33015873015873015,0.42201834862385323,0.3442088091353997,0.4190938511326861,0.37067545304777594,0.42857142857142855,0.47468354430379744,0.48598130841121495,0.3023255813953488,0.506872852233677,0.37384615384615383,0.30368098159509205,0.35101404056162244,0.5317460317460317,0.31545741324921134,0.25080906148867316,0.4757433489827856,0.3525423728813559,0.3772954924874791,0.4288107202680067,0.48314606741573035,0.4935275080906149,0.38009049773755654,0.23519736842105263,0.32377740303541314,0.45482866043613707,0.4328125,0.40353697749196143,0.42487883683360256,0.2672,0.3047619047619048,0.3069139966273187,0.3209076175040519,0.32679738562091504,0.525,0.22935779816513763,0.3378787878787879,0.25161290322580643,0.48829953198127923,0.3328173374613003,0.3492333901192504,0.45662847790507366,0.5103092783505154,0.46044303797468356,0.2596964586846543,0.45068285280728376,0.3639240506329114,0.5054773082942097,0.4537037037037037,0.3574730354391371,0.4799382716049383,0.27823240589198034,0.32013769363166955,0.3148148148148148
2025,1,9,prevalence,0.23389830508474577,0.27811550151975684,0.25826771653543307,0.5666666666666667,0.44745222929936307,0.23731587561374795,0.3935483870967742,0.4485981308411215,0.5079365079365079,0.46740858505564387,0.4234527687296417,0.30966767371601206,0.3877221324717286,0.3646153846153846,0.3110419906687403,0.35093167701863354,0.3269230769230769,0.28044871794871795,0.5022761760242792,0.17857142857142858,0.23333333333333334,0.44025157232704404,0.24561403508771928,0.3076923076923077,0.5197368421052632,0.43302180685358255,0.4392220421393841,0.5017123287671232,0.4983277591973244,0.39579967689822293,0.47368421052631576,0.42351046698872785,0.4170692431561997,0.41883116883116883,0.5128983308042488,0.3494363929146538,0.3890728476821192,0.4947209653092006,0.24956369982547993,0.46771653543307085,0.5870307167235495,0.3780290791599354,0.5,0.5149136577708007,0.3562691131498471,0.5057471264367817,0.3707865168539326,0.4869831546707504,0.4437299035369775,0.5308641975308642,0.3366013071895425,0.44651162790697674,0.34894991922455576,0.48976109215017066,0.4182098765432099,0.5064935064935064,0.3719806763285024,0.3364485981308411,0.3141524105754277,0.21428571428571427,0.32598425196850395,0.4423676012461059,0.46116504854368934,0.4304857621440536,0.3322314049586777,0.21003134796238246,0.39804241435562804,0.19934102141680396,0.35657686212361334,0.384251968503937,0.5261538461538462,0.5410628019323671,0.4935897435897436,0.5742574257425742,0.4738562091503268,0.4049586776859504,0.3833605220228385,0.4302848575712144,0.3829787234042553,0.5185185185185185,0.424390243902439,0.3470948012232416,0.4192073170731707,0.3401253918495298,0.4138486312399356,0.4921383647798742,0.45125786163522014,0.4045307443365696,0.3059581320450886,0.43295638126009695,0.5320121951219512,0.47649918962722854,0.3487261146496815,0.38778877887788776,0.40873634945397813,0.511520737327189,0.44954128440366975,0.37384615384615383,0.3083832335329341,0.3807266982622433,0.4867109634551495,0.4330708661417323,0.39074960127591707,0.3029801324503311,0.46256239600665555,0.3633440514469453,0.40683760683760684,0.42012779552715657,0.4462279293739968,0.31378763866877973,0.5782312925170068,0.3104575163398693,0.3277870216306156,0.2229299363057325,0.3502377179080824,0.44565217391304346,0.44264943457189015,0.38533541341653665,0.26788685524126454,0.277602523659306,0.3623853211009174,0.4793814432989691,0.4589905362776025,0.44272445820433437,0.3338870431893688,0.374805598755832,0.3328100470957614,0.4716981132075472,0.335,0.383739837398374,0.2840531561461794,0.39903846153846156,0.328719723183391,0.46273291925465837,0.21844660194174756,0.4560260586319218,0.23567921440261866,0.4088050314465409,0.2791461412151067,0.4208860759493671,0.41459369817578773,0.4033333333333333,0.4975609756097561,0.41244573082489144,0.35944700460829493,0.4121510673234811,0.31378763866877973,0.36645962732919257,0.25801282051282054,0.5194174757281553,0.40594059405940597,0.4540983606557377,0.4156050955414013,0.5420560747663551,0.34829721362229105,0.44666666666666666,0.39346811819595645,0.2993730407523511,0.37101910828025475,0.4583333333333333,0.3189792663476874,0.266347687400319,0.49133858267716535,0.3310580204778157,0.4307178631051753,0.44462540716612375,0.5157728706624606,0.5338461538461539,0.29096477794793263,0.3525535420098847,0.37,0.3956723338485317,0.4460093896713615,0.47468354430379744,0.4355628058727569,0.3241491085899514,0.3225283630470016,0.34262295081967215,0.34539473684210525,0.3904448105436573,0.510236220472441,0.37261146496815284,0.4199395770392749,0.24363057324840764,0.4817073170731707,0.4864864864864865,0.3685092127303183,0.4518167456556082,0.4567062818336163,0.4006514657980456,0.3532258064516129,0.3588957055214724,0.30672926447574334,0.4900459418070444,0.5140625,0.2703125,0.4691729323308271,0.31484502446982054,0.39590443686006827,0.3033033033033033
