Time,age_start,age_end,measure,draw_0,draw_1,draw_2,draw_3,draw_4,draw_5,draw_6,draw_7,draw_8,draw_9,draw_10,draw_11,draw_12,draw_13,draw_14,draw_15,draw_16,draw_17,draw_18,draw_19,draw_20,draw_21,draw_22,draw_23,draw_24,draw_25,draw_26,draw_27,draw_28,draw_29,draw_30,draw_31,draw_32,draw_33,draw_34,draw_35,draw_36,draw_37,draw_38,draw_39,draw_40,draw_41,draw_42,draw_43,draw_44,draw_45,draw_46,draw_47,draw_48,draw_49,draw_50,draw_51,draw_52,draw_53,draw_54,draw_55,draw_56,draw_57,draw_58,draw_59,draw_60,draw_61,draw_62,draw_63,draw_64,draw_65,draw_66,draw_67,draw_68,draw_69,draw_70,draw_71,draw_72,draw_73,draw_74,draw_75,draw_76,draw_77,draw_78,draw_79,draw_80,draw_81,draw_82,draw_83,draw_84,draw_85,draw_86,draw_87,draw_88,draw_89,draw_90,draw_91,draw_92,draw_93,draw_94,draw_95,draw_96,draw_97,draw_98,draw_99,draw_100,draw_101,draw_102,draw_103,draw_104,draw_105,draw_106,draw_107,draw_108,draw_109,draw_110,draw_111,draw_112,draw_113,draw_114,draw_115,draw_116,draw_117,draw_118,draw_119,draw_120,draw_121,draw_122,draw_123,draw_124,draw_125,draw_126,draw_127,draw_128,draw_129,draw_130,draw_131,draw_132,draw_133,draw_134,draw_135,draw_136,draw_137,draw_138,draw_139,draw_140,draw_141,draw_142,draw_143,draw_144,draw_145,draw_146,draw_147,draw_148,draw_149,draw_150,draw_151,draw_152,draw_153,draw_154,draw_155,draw_156,draw_157,draw_158,draw_159,draw_160,draw_161,draw_162,draw_163,draw_164,draw_165,draw_166,draw_167,draw_168,draw_169,draw_170,draw_171,draw_172,draw_173,draw_174,draw_175,draw_176,draw_177,draw_178,draw_179,draw_180,draw_181,draw_182,draw_183,draw_184,draw_185,draw_186,draw_187,draw_188,draw_189,draw_190,draw_191,draw_192,draw_193,draw_194,draw_195,draw_196,draw_197,draw_198,draw_199
1996,1,9,prevalence,0.0,0.0015432098765432098,0.0,0.0,0.0015267175572519084,0,0.0015455950540958269,0.09329446064139942,0.0,0.0,0.0016260162601626016,0.20180722891566266,0.07239819004524888,0.0867430441898527,0.004846526655896607,0.0,0.06655844155844155,0.129783693843594,0.03732503888024884,0.009230769230769232,0.005813953488372093,0.16459627329192547,0.04510108864696734,0.09448818897637795,0.1447587354409318,0.009174311926605505,0.2073170731707317,0.31297709923664124,0.08592592592592592,0.003246753246753247,0.047407407407407405,0.010835913312693499,0.04430379746835443,0.05434782608695652,0.0344311377245509,0.07796101949025487,0.12096774193548387,0.05555555555555555,0.0,0.14580031695721077,0.03994082840236687,0.05102040816326531,0.030627871362940276,0.1046875,0.06471494607087827,0.001610305958132045,0.07858243451463791,0.018154311649016642,0.10764430577223089,0.004531722054380665,0.0014814814814814814,0.0,0.0,0.003278688524590164,0.001694915254237288,0.004608294930875576,0.05623100303951368,0.06372549019607843,0.048286604361370715,0.03610675039246468,0.06199021207177814,0.0015384615384615385,0.0078003120124804995,0.08333333333333333,0.10082644628099173,0.10180623973727422,0.10225563909774436,0.0015290519877675841,0.027777777777777776,0.10664605873261206,0.0016556291390728477,0.06853582554517133,0.03255813953488372,0.08571428571428572,0.01732283464566929,0.0,0.0016,0.1085899513776337,0.0,0.08763693270735524,0.14877300613496933,0.07121212121212121,0.035168195718654434,0.04113924050632911,0.044657097288676235,0.001589825119236884,0.10965630114566285,0.022653721682847898,0.002976190476190476,0.038580246913580245,0.15666666666666668,0.05409582689335394,0.01631321370309951,0.0695517774343122,0.0033444816053511705,0.08868501529051988,0.05475040257648953,0.061046511627906974,0.030694668820678513,0.1382636655948553,0.0,0.07384615384615385,0.0065252854812398045,0.004724409448818898,0.06279434850863422,0.0030211480362537764,0.11367380560131796,0.09717868338557993,0.164576802507837,0.11075441412520064,0.004665629860031105,0.0,0.08229813664596274,0.07377049180327869,0.0016233766233766235,0.056074766355140186,0.09206349206349207,0.023112480739599383,0.06518282988871224,0.11609907120743033,0.06546644844517185,0.14440993788819875,0.1389776357827476,0.10140405616224649,0.11363636363636363,0.02403846153846154,0.10977443609022557,0.15030674846625766,0.17522658610271905,0.10526315789473684,0.06436420722135008,0.09697933227344992,0.17298187808896212,0.011235955056179775,0.09287925696594428,0.06676783004552352,0.0713224368499257,0.05245346869712352,0.1444805194805195,0.11147011308562198,0.065625,0.12883435582822086,0.06339144215530904,0.1289308176100629,0.03577512776831346,0.023809523809523808,0.10675039246467818,0.011475409836065573,0.08308157099697885,0.0015037593984962407,0.06307692307692307,0.0744336569579288,0.09794628751974724,0.059870550161812294,0.064891846921797,0.07836990595611286,0.0940032414910859,0.08042488619119878,0.02108433734939759,0.17845659163987138,0.054773082942097026,0.0,0.12116564417177914,0.10785824345146379,0.06288343558282208,0.0016129032258064516,0.13601236476043277,0.0290519877675841,0.058637083993660855,0.15765069551777433,0.18864774624373956,0.09278350515463918,0.18006430868167203,0.07076923076923076,0.010622154779969651,0.06317411402157165,0.007518796992481203,0.08925869894099848,0.08244274809160305,0.12227805695142378,0.05071315372424723,0.0,0.016286644951140065,0.09515570934256055,0.0078125,0.0514018691588785,0.0722495894909688,0.01088646967340591,0.06739811912225706,0.021374045801526718,0.13917525773195877,0.0749185667752443,0.054878048780487805,0.2236024844720497,0.10584518167456557,0.0748829953198128,0.047244094488188976,0.09421487603305785,0.022556390977443608,0.05752212389380531
1997,1,9,prevalence,0.0,0.0016420361247947454,0.0,0.0,0.0015408320493066256,0,0.0,0.0794392523364486,0.0,0.0,0.0016366612111292963,0.20615384615384616,0.08079268292682927,0.09274873524451939,0.0067226890756302525,0.001607717041800643,0.07178631051752922,0.12478031634446397,0.009584664536741214,0.012578616352201259,0.005943536404160475,0.1488,0.04725609756097561,0.09983361064891846,0.11965811965811966,0.0031847133757961785,0.1629746835443038,0.2993920972644377,0.10493827160493827,0.0033500837520938024,0.03303303303303303,0.018867924528301886,0.03542673107890499,0.043478260869565216,0.05238828967642527,0.107981220657277,0.1437908496732026,0.061806656101426306,0.0016313213703099511,0.18,0.06354009077155824,0.048214285714285716,0.018808777429467086,0.10714285714285714,0.08103727714748785,0.0017421602787456446,0.06885758998435054,0.05582137161084529,0.09836065573770492,0.004709576138147566,0.0015748031496062992,0.0,0.0,0.003424657534246575,0.00510204081632653,0.004885993485342019,0.06708268330733229,0.08566433566433566,0.051118210862619806,0.03459119496855346,0.06988352745424292,0.001567398119122257,0.013245033112582781,0.07058823529411765,0.11375212224108659,0.18333333333333332,0.1822429906542056,0.0016474464579901153,0.032362459546925564,0.0966183574879227,0.0034965034965034965,0.06320907617504051,0.050793650793650794,0.09230769230769231,0.014469453376205787,0.0,0.00333889816360601,0.14691151919866444,0.0,0.0734094616639478,0.14903846153846154,0.06031746031746032,0.038834951456310676,0.049019607843137254,0.04477611940298507,0.0,0.08596491228070176,0.01870748299319728,0.00792393026941363,0.0463258785942492,0.13287904599659284,0.06732348111658457,0.006611570247933884,0.08186195826645265,0.003424657534246575,0.06771653543307087,0.041390728476821195,0.09063444108761329,0.04377104377104377,0.16584564860426929,0.0,0.11059907834101383,0.011608623548922056,0.005076142131979695,0.03902439024390244,0.0032,0.09060402684563758,0.09584664536741214,0.17766497461928935,0.1008130081300813,0.006299212598425197,0.0,0.08265802269043761,0.06896551724137931,0.0016891891891891893,0.0781758957654723,0.09104938271604938,0.01461038961038961,0.07717569786535304,0.144,0.06535947712418301,0.12540192926045016,0.13643926788685523,0.11451612903225807,0.10138248847926268,0.03125,0.12038523274478331,0.1751592356687898,0.14596273291925466,0.16722972972972974,0.04975922953451043,0.10535117056856187,0.13368055555555555,0.008305647840531562,0.08333333333333333,0.04969879518072289,0.056782334384858045,0.05460750853242321,0.18078175895765472,0.05912162162162162,0.10584518167456557,0.12400635930047695,0.02866779089376054,0.0947867298578199,0.03204047217537943,0.02054794520547945,0.11954765751211632,0.008090614886731391,0.0736196319018405,0.0031496062992125984,0.06615384615384616,0.1118421052631579,0.1696869851729819,0.059113300492610835,0.05546218487394958,0.07601351351351351,0.08967851099830795,0.08031496062992126,0.043209876543209874,0.12337662337662338,0.054365733113673806,0.0,0.11400651465798045,0.11414790996784566,0.06132075471698113,0.0016366612111292963,0.13738019169329074,0.030063291139240507,0.04991680532445923,0.151033386327504,0.1765704584040747,0.10158730158730159,0.1694915254237288,0.0722495894909688,0.012441679626749611,0.0734375,0.015267175572519083,0.07154471544715447,0.09771986970684039,0.11973018549747048,0.048154093097913325,0.0,0.02138157894736842,0.06571936056838366,0.004975124378109453,0.09106239460370995,0.08445945945945946,0.014586709886547812,0.06368330464716007,0.012598425196850394,0.1195079086115993,0.1064891846921797,0.04258675078864353,0.22838499184339314,0.12248322147651007,0.09968354430379747,0.06969205834683954,0.08431703204047218,0.020766773162939296,0.07186544342507645
1998,1,9,prevalence,0.0016722408026755853,0.0016313213703099511,0.0,0.0,0.0015337423312883436,0,0.0,0.07177033492822966,0.0,0.001584786053882726,0.003289473684210526,0.1934477379095164,0.1029641185647426,0.09703947368421052,0.005190311418685121,0.0016260162601626016,0.05042016806722689,0.0774526678141136,0.015772870662460567,0.008103727714748784,0.004545454545454545,0.18788819875776397,0.060092449922958396,0.05787781350482315,0.12353923205342238,0.0032,0.15170278637770898,0.250386398763524,0.12025316455696203,0.003389830508474576,0.03188405797101449,0.014018691588785047,0.017684887459807074,0.0432,0.05709876543209876,0.14606741573033707,0.18316831683168316,0.07827476038338659,0.00338409475465313,0.22601626016260162,0.0565149136577708,0.020869565217391306,0.0109204368174727,0.11965811965811966,0.09015025041736227,0.0017035775127768314,0.05687203791469194,0.08032786885245902,0.08051529790660225,0.0015408320493066256,0.001584786053882726,0.0,0.0,0.0033222591362126247,0.0033783783783783786,0.004784688995215311,0.07272727272727272,0.11896551724137931,0.04258675078864353,0.03937007874015748,0.06,0.0015360983102918587,0.01839464882943144,0.11367380560131796,0.10623946037099494,0.16558441558441558,0.24440894568690097,0.0016181229773462784,0.03636363636363636,0.08398133748055987,0.0,0.054098360655737705,0.034653465346534656,0.07882534775888717,0.02155887230514096,0.0016313213703099511,0.0,0.13290113452188007,0.0016233766233766235,0.09640522875816994,0.1297208538587849,0.049099836333878884,0.031545741324921134,0.03271028037383177,0.03945111492281304,0.0,0.09424083769633508,0.026041666666666668,0.011419249592169658,0.0734094616639478,0.16415410385259632,0.05756578947368421,0.01948051948051948,0.08507223113964688,0.0017301038062283738,0.06969205834683954,0.03431372549019608,0.10365853658536585,0.03636363636363636,0.18679549114331723,0.0,0.11937984496124031,0.016556291390728478,0.0050335570469798654,0.042483660130718956,0.0016129032258064516,0.10472972972972973,0.10634920634920635,0.11055276381909548,0.1168,0.006379585326953748,0.0015060240963855422,0.09555189456342669,0.06239460370994941,0.003278688524590164,0.07592891760904685,0.14198473282442747,0.014354066985645933,0.07941653160453808,0.13408723747980614,0.06988352745424292,0.1497584541062802,0.1552901023890785,0.12643678160919541,0.12158054711246201,0.05737704918032787,0.09787928221859707,0.2129032258064516,0.12693498452012383,0.2146422628951747,0.0889967637540453,0.11512027491408934,0.12041884816753927,0.015332197614991482,0.050243111831442464,0.05108359133126935,0.05519480519480519,0.06633499170812604,0.16264090177133655,0.04723127035830619,0.09337349397590361,0.16129032258064516,0.039735099337748346,0.11320754716981132,0.04304635761589404,0.007017543859649123,0.134185303514377,0.009569377990430622,0.08229813664596274,0.00473186119873817,0.0594679186228482,0.13987138263665594,0.1791044776119403,0.06414473684210527,0.04628099173553719,0.0722495894909688,0.08762886597938144,0.0816,0.04395604395604396,0.10551181102362205,0.04785478547854786,0.0,0.1312803889789303,0.1263823064770932,0.06907378335949764,0.003305785123966942,0.15495207667731628,0.03773584905660377,0.05901116427432217,0.10909090909090909,0.1266891891891892,0.11968503937007874,0.14189189189189189,0.051926298157453935,0.0121765601217656,0.07350689127105667,0.043209876543209874,0.036303630363036306,0.08530805687203792,0.11620294599018004,0.04472843450479233,0.0015503875968992248,0.011382113821138212,0.06260575296108291,0.004975124378109453,0.0702054794520548,0.0738255033557047,0.022292993630573247,0.08688524590163935,0.014263074484944533,0.11469534050179211,0.11844331641285956,0.025559105431309903,0.23460898502495842,0.14358974358974358,0.10883280757097792,0.10339256865912763,0.06756756756756757,0.03322784810126582,0.05674846625766871
1999,1,9,prevalence,0.0016366612111292963,0.0016420361247947454,0.0,0.0015503875968992248,0.0015337423312883436,0,0.0016233766233766235,0.05737704918032787,0.0,0.0016025641025641025,0.0016260162601626016,0.14106583072100312,0.10124610591900311,0.06785137318255251,0.0017574692442882249,0.0,0.046511627906976744,0.0595446584938704,0.011345218800648298,0.0049261083743842365,0.004491017964071856,0.17045454545454544,0.0374414976599064,0.05845181674565561,0.10152284263959391,0.003205128205128205,0.14375,0.17103235747303544,0.15325077399380804,0.00333889816360601,0.019345238095238096,0.012578616352201259,0.025682182985553772,0.04120443740095087,0.06853582554517133,0.15262321144674085,0.2623762376237624,0.08320251177394035,0.005172413793103448,0.22861842105263158,0.04715447154471545,0.0333889816360601,0.017241379310344827,0.1509433962264151,0.06589785831960461,0.0016638935108153079,0.0608,0.12155591572123177,0.0656,0.0,0.003067484662576687,0.0,0.0,0.0017035775127768314,0.003316749585406302,0.0016051364365971107,0.0673076923076923,0.16440677966101694,0.03943217665615142,0.035541195476575124,0.06610169491525424,0.0015290519877675841,0.014754098360655738,0.10084033613445378,0.08388157894736842,0.13911620294599017,0.27682737169517885,0.0,0.03915171288743882,0.07142857142857142,0.0017921146953405018,0.040268456375838924,0.07011686143572621,0.09375,0.03442879499217527,0.0032102728731942215,0.004975124378109453,0.15161290322580645,0.0016313213703099511,0.06942148760330578,0.1467304625199362,0.06031746031746032,0.03215434083601286,0.03486529318541997,0.025210084033613446,0.0,0.09644670050761421,0.018803418803418803,0.03425774877650897,0.07980456026058631,0.13705583756345177,0.03600654664484452,0.029411764705882353,0.06842923794712286,0.0017667844522968198,0.08169934640522876,0.04084967320261438,0.08962264150943396,0.036303630363036306,0.21061093247588425,0.0016286644951140066,0.13804173354735153,0.02422145328719723,0.006688963210702341,0.036303630363036306,0.0015479876160990713,0.08774834437086093,0.10725552050473186,0.11074380165289256,0.08796296296296297,0.00487012987012987,0.0015128593040847202,0.05619834710743802,0.02857142857142857,0.0,0.08072487644151564,0.13161875945537066,0.009917355371900827,0.04071661237785016,0.12238325281803543,0.09539473684210527,0.15309446254071662,0.1390728476821192,0.19458544839255498,0.13063763608087092,0.060240963855421686,0.14192495921696574,0.21644295302013422,0.15527950310559005,0.25295109612141653,0.06343906510851419,0.08717948717948718,0.10350877192982456,0.015100671140939598,0.06645056726094004,0.059654631083202514,0.08077544426494346,0.0978441127694859,0.17665130568356374,0.06209150326797386,0.0696969696969697,0.19523809523809524,0.02823920265780731,0.1202435312024353,0.05555555555555555,0.010067114093959731,0.12539184952978055,0.006369426751592357,0.1321656050955414,0.0,0.06511627906976744,0.11993517017828201,0.15594855305466238,0.052980132450331126,0.0794912559618442,0.05084745762711865,0.09391304347826086,0.07419354838709677,0.05263157894736842,0.10501567398119123,0.04639175257731959,0.0,0.11612903225806452,0.13112164296998421,0.0717557251908397,0.009884678747940691,0.12324492979719189,0.053353658536585365,0.05718954248366013,0.13787878787878788,0.12897822445561138,0.11682242990654206,0.13050847457627118,0.04590163934426229,0.009259259259259259,0.0981012658227848,0.042682926829268296,0.035,0.10140405616224649,0.09197324414715718,0.05660377358490566,0.003257328990228013,0.008237232289950576,0.08191126279863481,0.01011804384485666,0.07205623901581722,0.0667779632721202,0.028391167192429023,0.06856187290969899,0.02336448598130841,0.07355516637478109,0.08644067796610169,0.03758169934640523,0.17905405405405406,0.12709030100334448,0.10476190476190476,0.1287758346581876,0.08448275862068966,0.03715170278637771,0.07511737089201878
2000,1,9,prevalence,0.001589825119236884,0.001652892561983471,0.0,0.001567398119122257,0.0014814814814814814,0,0.0016891891891891893,0.07692307692307693,0.0,0.0016313213703099511,0.001597444089456869,0.14883720930232558,0.14285714285714285,0.059870550161812294,0.0034071550255536627,0.0,0.052202283849918436,0.05181347150259067,0.012558869701726845,0.009787928221859706,0.004511278195488722,0.18048780487804877,0.03296703296703297,0.06836248012718601,0.08600337268128162,0.007751937984496124,0.11764705882352941,0.11180124223602485,0.15432098765432098,0.0033333333333333335,0.009009009009009009,0.008012820512820512,0.05405405405405406,0.046251993620414676,0.07210031347962383,0.17335473515248795,0.257001647446458,0.1111111111111111,0.008403361344537815,0.24833333333333332,0.04462809917355372,0.028428093645484948,0.024844720496894408,0.13780918727915195,0.04770017035775128,0.0,0.050955414012738856,0.19745222929936307,0.06708268330733229,0.0,0.003067484662576687,0.0,0.0,0.0017006802721088435,0.008038585209003215,0.0016778523489932886,0.06946688206785137,0.2435483870967742,0.04662379421221865,0.014827018121911038,0.06228373702422145,0.001597444089456869,0.0180623973727422,0.09628378378378379,0.08528428093645485,0.14913657770800628,0.282574568288854,0.0,0.051926298157453935,0.07178631051752922,0.0018181818181818182,0.02768729641693811,0.06239168110918544,0.09350237717908082,0.06924315619967794,0.0032,0.0016339869281045752,0.14012738853503184,0.001589825119236884,0.06382978723404255,0.1276595744680851,0.05778491171749599,0.06041335453100159,0.04186046511627907,0.05872756933115824,0.0,0.1234991423670669,0.020477815699658702,0.06200317965023847,0.10264900662251655,0.17609046849757673,0.030844155844155844,0.04665629860031104,0.08054711246200608,0.0,0.09136212624584718,0.053691275167785234,0.0890302066772655,0.043478260869565216,0.22397476340694006,0.001697792869269949,0.14285714285714285,0.030927835051546393,0.006611570247933884,0.032948929159802305,0.003048780487804878,0.08239095315024232,0.0970873786407767,0.08866995073891626,0.07366771159874608,0.011570247933884297,0.0,0.06869009584664537,0.013468013468013467,0.0,0.08514190317195326,0.09487951807228916,0.01487603305785124,0.04292527821939587,0.1734860883797054,0.06341463414634146,0.135678391959799,0.11582381729200653,0.19536423841059603,0.1544461778471139,0.04482758620689655,0.11037891268533773,0.21322314049586777,0.17455138662316477,0.24041811846689895,0.046822742474916385,0.09540034071550256,0.06643952299829642,0.01174496644295302,0.0644122383252818,0.06290322580645161,0.08609271523178808,0.11608623548922056,0.16109422492401215,0.047697368421052634,0.049079754601226995,0.22044728434504793,0.03722504230118443,0.1141552511415525,0.07202680067001675,0.01001669449081803,0.13953488372093023,0.0,0.13935681470137826,0.0,0.05657492354740061,0.11736334405144695,0.1652892561983471,0.03745928338762215,0.05863192182410423,0.0812603648424544,0.09705372616984402,0.0625,0.07290015847860538,0.08201892744479496,0.04187604690117253,0.0,0.060897435897435896,0.14606741573033707,0.06584992343032159,0.021103896103896104,0.08791208791208792,0.06901840490797546,0.07178631051752922,0.18083462132921174,0.13442622950819672,0.09697933227344992,0.09715242881072027,0.029654036243822075,0.0016025641025641025,0.10641627543035993,0.03987240829346093,0.05583756345177665,0.11129296235679215,0.07796610169491526,0.0766721044045677,0.0066555740432612314,0.009983361064891847,0.06368330464716007,0.008278145695364239,0.05344827586206897,0.05785123966942149,0.04817275747508306,0.07973421926910298,0.030864197530864196,0.11884550084889643,0.11833333333333333,0.07792207792207792,0.21788617886178863,0.12258064516129032,0.11006289308176101,0.10806451612903226,0.11519198664440734,0.03400309119010819,0.09523809523809523
2001,1,9,prevalence,0.008,0.001644736842105263,0.0,0.0016051364365971107,0.0,0,0.0033333333333333335,0.057283142389525366,0.0,0.0016155088852988692,0.0,0.1625,0.179080824088748,0.06862745098039216,0.005042016806722689,0.0,0.06829268292682927,0.07355516637478109,0.030110935023771792,0.014354066985645933,0.0015313935681470138,0.20165289256198346,0.03225806451612903,0.08832807570977919,0.06218487394957983,0.012578616352201259,0.12135176651305683,0.0821917808219178,0.14152410575427682,0.0034423407917383822,0.024427480916030534,0.004878048780487805,0.06141732283464567,0.06200317965023847,0.05214723926380368,0.17552334943639292,0.24835526315789475,0.08580343213728549,0.004942339373970346,0.19457735247208932,0.04222972972972973,0.04404567699836868,0.017241379310344827,0.12089810017271158,0.03648424543946932,0.0,0.05379746835443038,0.24613003095975233,0.06750392464678179,0.0,0.004709576138147566,0.0,0.0,0.0,0.006359300476947536,0.0,0.06741573033707865,0.32211538461538464,0.0457516339869281,0.010186757215619695,0.08207705192629816,0.0015748031496062992,0.016286644951140065,0.09375,0.05862646566164154,0.12924071082390953,0.23633440514469453,0.0015384615384615385,0.022033898305084745,0.05175292153589316,0.0017921146953405018,0.02181208053691275,0.05647840531561462,0.09204368174726989,0.08095238095238096,0.001567398119122257,0.009852216748768473,0.12151067323481117,0.003257328990228013,0.06070826306913996,0.13853503184713375,0.05314009661835749,0.0698051948051948,0.04874213836477988,0.07211538461538461,0.0,0.18043844856661045,0.03865546218487395,0.07177033492822966,0.08196721311475409,0.17845659163987138,0.025252525252525252,0.057663125948406675,0.0729483282674772,0.0,0.10851419031719532,0.06076388888888889,0.09355828220858896,0.06891025641025642,0.24600638977635783,0.003395585738539898,0.13782051282051283,0.03150912106135987,0.00967741935483871,0.04508856682769726,0.0030581039755351682,0.07028753993610223,0.07528641571194762,0.05574324324324324,0.0995260663507109,0.015254237288135594,0.0,0.0821256038647343,0.016863406408094434,0.0016155088852988692,0.06872852233676977,0.08649468892261002,0.015025041736227046,0.03827751196172249,0.15746753246753248,0.08373590982286634,0.14720812182741116,0.10983606557377049,0.1913477537437604,0.13679245283018868,0.0659536541889483,0.13628899835796388,0.21546052631578946,0.1574539363484087,0.2153846153846154,0.038525963149078725,0.08635578583765112,0.10471204188481675,0.005008347245409015,0.050955414012738856,0.059870550161812294,0.06862745098039216,0.15780998389694043,0.17611026033690658,0.05929487179487179,0.07357357357357357,0.2025931928687196,0.03418803418803419,0.11838006230529595,0.13220338983050847,0.01652892561983471,0.0984375,0.01098901098901099,0.13476263399693722,0.0,0.04430379746835443,0.10584518167456557,0.15959252971137522,0.052202283849918436,0.06372549019607843,0.060755336617405585,0.09042553191489362,0.08737864077669903,0.08306188925081433,0.1297709923664122,0.055,0.0,0.03481012658227848,0.12361331220285261,0.04434250764525994,0.030497592295345103,0.07592891760904685,0.08160237388724036,0.059322033898305086,0.1573926868044515,0.16476345840130505,0.10284810126582279,0.12106135986733002,0.03333333333333333,0.0016155088852988692,0.11338582677165354,0.034055727554179564,0.06949152542372881,0.10372771474878444,0.0821917808219178,0.0848,0.005,0.011686143572621035,0.06902356902356903,0.008051529790660225,0.02711864406779661,0.07395498392282958,0.0864,0.06050420168067227,0.051118210862619806,0.15206611570247933,0.09710391822827939,0.10383386581469649,0.27986906710310966,0.08398133748055987,0.0959119496855346,0.14215686274509803,0.13445378151260504,0.029275808936825885,0.10289389067524116
2002,1,9,prevalence,0.009569377990430622,0.001644736842105263,0.0,0.0031545741324921135,0.0,0,0.003355704697986577,0.047377326565143825,0.0,0.0016666666666666668,0.0015923566878980893,0.16164817749603805,0.17218543046357615,0.06472491909385113,0.0033112582781456954,0.0,0.054098360655737705,0.07465277777777778,0.02843601895734597,0.017350157728706624,0.0,0.1772357723577236,0.0483619344773791,0.09006211180124224,0.053691275167785234,0.00631911532385466,0.11838006230529595,0.08103975535168195,0.12403100775193798,0.0033783783783783786,0.03479576399394856,0.011146496815286623,0.05555555555555555,0.05100463678516229,0.02857142857142857,0.15711947626841244,0.22580645161290322,0.08948194662480377,0.004878048780487805,0.23887973640856672,0.043402777777777776,0.04006410256410257,0.030395136778115502,0.12869565217391304,0.02800658978583196,0.0,0.0876923076923077,0.27672955974842767,0.05714285714285714,0.0016313213703099511,0.00315955766192733,0.0,0.0,0.0,0.00819672131147541,0.0,0.0889967637540453,0.24646781789638933,0.04180064308681672,0.013333333333333334,0.09688581314878893,0.001584786053882726,0.02388535031847134,0.08183306055646482,0.08460236886632826,0.1332263242375602,0.20219435736677116,0.0015772870662460567,0.011945392491467578,0.03908794788273615,0.001736111111111111,0.014150943396226415,0.03577235772357724,0.10236220472440945,0.06957928802588997,0.0,0.01437699680511182,0.1111111111111111,0.001597444089456869,0.06,0.10289389067524116,0.048939641109298535,0.056782334384858045,0.05354330708661417,0.12374581939799331,0.0,0.2910958904109589,0.05186385737439222,0.0848,0.09870550161812297,0.2679425837320574,0.010050251256281407,0.07198748043818466,0.06528189910979229,0.0,0.08940397350993377,0.0846286701208981,0.12140575079872204,0.060221870047543584,0.21009771986970685,0.005190311418685121,0.13106796116504854,0.028862478777589132,0.008090614886731391,0.04777070063694268,0.0,0.07006369426751592,0.12335526315789473,0.05357142857142857,0.07278481012658228,0.02003338898163606,0.0078003120124804995,0.13764510779436154,0.03431372549019608,0.0016806722689075631,0.05782312925170068,0.09711684370257967,0.029310344827586206,0.022328548644338118,0.14263074484944532,0.09195402298850575,0.1411764705882353,0.10378912685337727,0.17886178861788618,0.13137557959814528,0.0627177700348432,0.0893760539629005,0.2016260162601626,0.13712374581939799,0.22277227722772278,0.047217537942664416,0.047285464098073555,0.10912343470483005,0.003289473684210526,0.07777777777777778,0.06750392464678179,0.08576051779935275,0.17214397496087636,0.1934477379095164,0.03987240829346093,0.08602150537634409,0.1590909090909091,0.03536977491961415,0.1435257410296412,0.15894039735099338,0.022988505747126436,0.09841269841269841,0.011235955056179775,0.18769230769230769,0.0,0.02912621359223301,0.12557427258805512,0.15397631133671744,0.0722495894909688,0.07281553398058252,0.060655737704918035,0.0913978494623656,0.09515859766277128,0.0832,0.1558641975308642,0.07525083612040134,0.0,0.03469079939668175,0.11075949367088607,0.0484375,0.03815580286168521,0.06280193236714976,0.11297709923664122,0.061224489795918366,0.15789473684210525,0.20292207792207792,0.11056910569105691,0.0946843853820598,0.06965174129353234,0.001639344262295082,0.10483870967741936,0.03129890453834116,0.06354515050167224,0.13738019169329074,0.08191126279863481,0.057233704292527825,0.008375209380234505,0.03156146179401993,0.08210180623973727,0.00322061191626409,0.018487394957983194,0.05930807248764415,0.1157556270096463,0.04770017035775128,0.05529225908372828,0.1796116504854369,0.11147540983606558,0.0736,0.2921535893155259,0.0763239875389408,0.07301587301587302,0.14143094841930118,0.17147707979626486,0.0359375,0.1322314049586777
2003,1,9,prevalence,0.003179650238473768,0.003215434083601286,0.0,0.0031545741324921135,0.0,0,0.0016722408026755853,0.059800664451827246,0.0015723270440251573,0.0,0.0031446540880503146,0.16639741518578352,0.12962962962962962,0.060126582278481014,0.003305785123966942,0.0016,0.07556270096463022,0.051194539249146756,0.012698412698412698,0.01129032258064516,0.0015527950310559005,0.20257234726688103,0.04229607250755287,0.08842443729903537,0.06085526315789474,0.004580152671755725,0.1808,0.06616541353383458,0.14262820512820512,0.003246753246753247,0.059006211180124224,0.022435897435897436,0.056179775280898875,0.04866562009419152,0.022151898734177215,0.1186161449752883,0.1841680129240711,0.06750392464678179,0.004838709677419355,0.21774193548387097,0.05391304347826087,0.05472636815920398,0.06507936507936508,0.13194444444444445,0.07885906040268456,0.0,0.09388971684053651,0.24920127795527156,0.05090311986863711,0.0033222591362126247,0.0015527950310559005,0.0,0.0,0.0,0.015100671140939598,0.0,0.10914927768860354,0.17757009345794392,0.049403747870528106,0.015,0.12241379310344827,0.0,0.02247191011235955,0.088379705400982,0.10862068965517241,0.140625,0.10810810810810811,0.003246753246753247,0.012280701754385965,0.05339805825242718,0.0017421602787456446,0.009787928221859706,0.029411764705882353,0.09394904458598727,0.09602649006622517,0.0,0.024752475247524754,0.093603744149766,0.004846526655896607,0.05852842809364549,0.15097402597402598,0.041254125412541254,0.045454545454545456,0.041033434650455926,0.17656500802568217,0.0,0.35353535353535354,0.06230031948881789,0.08530805687203792,0.11980033277870217,0.31901840490797545,0.021487603305785124,0.09004739336492891,0.04420731707317073,0.0016750418760469012,0.08631921824104234,0.08919382504288165,0.0919175911251981,0.06270096463022508,0.16584564860426929,0.001694915254237288,0.11653543307086614,0.01870748299319728,0.00487012987012987,0.07154471544715447,0.0,0.05672609400324149,0.11486486486486487,0.03833333333333333,0.08006535947712418,0.028333333333333332,0.009569377990430622,0.14106583072100312,0.019230769230769232,0.0016722408026755853,0.05084745762711865,0.11161387631975868,0.03103448275862069,0.015,0.14193548387096774,0.06840390879478828,0.1273031825795645,0.13043478260869565,0.15920398009950248,0.1225114854517611,0.08754208754208755,0.09731543624161074,0.21382636655948553,0.11785095320623917,0.14453781512605043,0.0347682119205298,0.03466204506065858,0.08781362007168458,0.0016366612111292963,0.11587301587301588,0.07198748043818466,0.08196721311475409,0.1441717791411043,0.15987460815047022,0.05396825396825397,0.14791987673343607,0.17263843648208468,0.026143790849673203,0.136986301369863,0.19166666666666668,0.04220779220779221,0.10327868852459017,0.014563106796116505,0.18769716088328076,0.0,0.0210016155088853,0.091324200913242,0.16225165562913907,0.07580645161290323,0.07628524046434494,0.06451612903225806,0.11091549295774648,0.06932409012131716,0.08320251177394035,0.13719512195121952,0.09492635024549918,0.0,0.05023547880690738,0.1588785046728972,0.06132075471698113,0.05705229793977813,0.07911392405063292,0.1597542242703533,0.08542713567839195,0.18740157480314962,0.19476268412438624,0.12254901960784313,0.08361204013377926,0.09797297297297297,0.0016638935108153079,0.09968354430379747,0.022082018927444796,0.05,0.14285714285714285,0.08108108108108109,0.07389937106918239,0.011764705882352941,0.03536977491961415,0.10281923714759536,0.0065040650406504065,0.03494176372712146,0.05977382875605816,0.1346153846153846,0.040336134453781515,0.04777070063694268,0.23225806451612904,0.13658536585365855,0.05519480519480519,0.25811965811965815,0.08846761453396525,0.053125,0.13109243697478992,0.1782178217821782,0.052050473186119876,0.11314475873544093
2004,1,9,prevalence,0.006359300476947536,0.003205128205128205,0.0,0.00315955766192733,0.0,0,0.0017391304347826088,0.06467661691542288,0.0015923566878980893,0.0,0.0031397174254317113,0.1590909090909091,0.08053691275167785,0.050393700787401574,0.001658374792703151,0.0016420361247947454,0.0672,0.043973941368078175,0.01282051282051282,0.004975124378109453,0.0,0.23186119873817035,0.0513595166163142,0.08426073131955485,0.06776859504132231,0.00792393026941363,0.1932367149758454,0.06317411402157165,0.1472,0.0016638935108153079,0.1271860095389507,0.0096,0.05396825396825397,0.0499194847020934,0.02403846153846154,0.1001669449081803,0.17549668874172186,0.07413249211356467,0.004878048780487805,0.18932038834951456,0.06044905008635579,0.07920792079207921,0.06158833063209076,0.13013698630136986,0.09634551495016612,0.0,0.06534954407294832,0.21236133122028525,0.035,0.0,0.0,0.0,0.0,0.0,0.01658374792703151,0.0,0.12520064205457465,0.14465408805031446,0.03278688524590164,0.01951219512195122,0.0817391304347826,0.0016051364365971107,0.021406727828746176,0.10231023102310231,0.07166123778501629,0.12792511700468018,0.09538950715421304,0.003194888178913738,0.016260162601626018,0.07107438016528926,0.003527336860670194,0.01644736842105263,0.033816425120772944,0.11003236245954692,0.09949409780775717,0.0,0.03436988543371522,0.09393939393939393,0.004893964110929853,0.06030150753768844,0.249185667752443,0.043548387096774194,0.0429042904290429,0.030656934306569343,0.16908212560386474,0.0,0.35798319327731093,0.0421216848673947,0.10097719869706841,0.08848080133555926,0.2704791344667697,0.026402640264026403,0.08755760368663594,0.05909090909090909,0.001610305958132045,0.06312292358803986,0.11013986013986014,0.08860759493670886,0.07453416149068323,0.13006756756756757,0.0016778523489932886,0.12102874432677761,0.026936026936026935,0.0032414910858995136,0.06896551724137931,0.0,0.03125,0.12302284710017575,0.024271844660194174,0.07580645161290323,0.021775544388609715,0.02073365231259968,0.10323574730354391,0.025889967637540454,0.004862236628849271,0.06239168110918544,0.10638297872340426,0.023809523809523808,0.020442930153321975,0.1461794019933555,0.041050903119868636,0.1018363939899833,0.11486486486486487,0.2315270935960591,0.11353032659409021,0.07342657342657342,0.1558872305140962,0.18518518518518517,0.10726643598615918,0.116751269035533,0.03542673107890499,0.04088586030664395,0.06814310051107325,0.0032626427406199023,0.10015898251192369,0.06280193236714976,0.07177814029363784,0.11526946107784432,0.13793103448275862,0.0754414125200642,0.14596273291925466,0.1616,0.03697478991596639,0.11370716510903427,0.19376026272577998,0.07177814029363784,0.08917197452229299,0.011058451816745656,0.17138364779874213,0.0,0.018779342723004695,0.09984639016897082,0.15358361774744028,0.0940032414910859,0.09369951534733441,0.043478260869565216,0.11655405405405406,0.05518394648829431,0.0819935691318328,0.11367127496159754,0.10894308943089431,0.0,0.0679304897314376,0.16984126984126985,0.05061349693251534,0.06031746031746032,0.07223113964686999,0.18641390205371247,0.07130730050933787,0.19063004846526657,0.17077175697865354,0.1485148514851485,0.08277027027027027,0.1111111111111111,0.0016666666666666668,0.11960132890365449,0.017741935483870968,0.06397306397306397,0.15857605177993528,0.1050080775444265,0.08307692307692308,0.009819967266775777,0.0297029702970297,0.11345218800648298,0.009538950715421303,0.051036682615629984,0.08647798742138364,0.15981012658227847,0.04975124378109453,0.049099836333878884,0.3338632750397456,0.15372168284789645,0.08064516129032258,0.21864406779661016,0.08103727714748785,0.04100946372239748,0.13687600644122383,0.1490787269681742,0.04430379746835443,0.10815307820299501
2005,1,9,prevalence,0.004909983633387889,0.0032626427406199023,0.0,0.0032,0.0,0,0.003430531732418525,0.06972789115646258,0.0015772870662460567,0.003205128205128205,0.0015455950540958269,0.1590909090909091,0.06557377049180328,0.0406885758998435,0.0016420361247947454,0.001594896331738437,0.061224489795918366,0.036605657237936774,0.024350649350649352,0.003284072249589491,0.0,0.23885350318471338,0.07716049382716049,0.052547770700636945,0.06230031948881789,0.006389776357827476,0.23462783171521034,0.033123028391167195,0.10929853181076672,0.0016666666666666668,0.1583198707592892,0.01620745542949757,0.06279434850863422,0.04746317512274959,0.01631321370309951,0.09105960264900662,0.12396694214876033,0.0981012658227848,0.0034071550255536627,0.13376835236541598,0.06085526315789474,0.07642276422764227,0.034653465346534656,0.13628899835796388,0.07820299500831947,0.0,0.03924646781789639,0.1784037558685446,0.040983606557377046,0.0,0.0,0.0,0.0,0.0,0.019966722129783693,0.0,0.13548387096774195,0.10625,0.05218855218855219,0.01487603305785124,0.10442477876106195,0.0030534351145038168,0.02406015037593985,0.12393887945670629,0.07973421926910298,0.10749185667752444,0.08675078864353312,0.0046801872074883,0.04051863857374392,0.04948805460750853,0.0034965034965034965,0.026981450252951095,0.026272577996715927,0.06995230524642289,0.0893760539629005,0.001607717041800643,0.024311183144246355,0.06144393241167435,0.003194888178913738,0.06568144499178982,0.2507987220447284,0.05993690851735016,0.04674457429048414,0.02911208151382824,0.19743178170144463,0.0,0.22838499184339314,0.030254777070063694,0.13793103448275862,0.07833333333333334,0.2076923076923077,0.030303030303030304,0.11338582677165354,0.08421052631578947,0.0,0.08754208754208755,0.13898305084745763,0.08580343213728549,0.06549520766773163,0.10815307820299501,0.0016,0.12267080745341614,0.041736227045075125,0.003284072249589491,0.0817717206132879,0.0,0.022764227642276424,0.11241610738255034,0.01461038961038961,0.07617504051863858,0.02936378466557912,0.01740506329113924,0.10866141732283464,0.03481012658227848,0.003205128205128205,0.0807899461400359,0.08456973293768547,0.02809917355371901,0.014729950900163666,0.12845528455284552,0.02631578947368421,0.1077943615257048,0.06271186440677966,0.23361344537815126,0.07492354740061162,0.09710391822827939,0.12395309882747069,0.14910858995137763,0.070446735395189,0.09902597402597403,0.037953795379537955,0.04051863857374392,0.07550335570469799,0.0016638935108153079,0.1331168831168831,0.05627009646302251,0.06885245901639345,0.09733124018838304,0.15419847328244274,0.07861635220125786,0.14603174603174604,0.1529968454258675,0.04833333333333333,0.10097719869706841,0.22491909385113268,0.10031847133757962,0.06984126984126984,0.014492753623188406,0.18316831683168316,0.001610305958132045,0.02040816326530612,0.11295180722891567,0.14424635332252836,0.09235668789808917,0.08250825082508251,0.03755868544600939,0.1045531197301855,0.07023411371237458,0.07617504051863858,0.12888198757763975,0.11525974025974026,0.0,0.08279220779220779,0.13643659711075443,0.04915514592933948,0.057692307692307696,0.06591639871382636,0.1640378548895899,0.07251264755480608,0.17845659163987138,0.13673805601317957,0.11409395973154363,0.07885906040268456,0.15656565656565657,0.0,0.14653784219001612,0.017543859649122806,0.10423452768729642,0.16260162601626016,0.07776049766718507,0.061514195583596214,0.017488076311605722,0.05654281098546042,0.10016155088852989,0.00792393026941363,0.07830342577487764,0.09646302250803858,0.1856,0.04377104377104377,0.07017543859649122,0.3773006134969325,0.1323529411764706,0.08809135399673736,0.28213689482470783,0.06451612903225806,0.036334913112164295,0.1685761047463175,0.16047297297297297,0.03328050713153724,0.0959349593495935
2006,1,9,prevalence,0.003189792663476874,0.004878048780487805,0.0,0.001584786053882726,0.0,0,0.005119453924914676,0.07214765100671142,0.0016025641025641025,0.0032414910858995136,0.001584786053882726,0.1904,0.07214765100671142,0.038461538461538464,0.0,0.0016181229773462784,0.05705229793977813,0.024958402662229616,0.03130148270181219,0.004901960784313725,0.0032310177705977385,0.17077175697865354,0.06309148264984227,0.07535321821036106,0.08443708609271523,0.0016207455429497568,0.2934609250398724,0.052884615384615384,0.11774461028192372,0.0,0.1696869851729819,0.022328548644338118,0.0530421216848674,0.03015873015873016,0.014331210191082803,0.10299003322259136,0.11148648648648649,0.14217252396166133,0.001718213058419244,0.13365539452495975,0.05527638190954774,0.10077519379844961,0.015254237288135594,0.1111111111111111,0.07516339869281045,0.0,0.03492063492063492,0.10426540284360189,0.03355704697986577,0.0016,0.0032520325203252032,0.0,0.0,0.0,0.011589403973509934,0.0,0.14308681672025725,0.1026438569206843,0.05136986301369863,0.013513513513513514,0.08376963350785341,0.006201550387596899,0.019969278033794162,0.10588235294117647,0.11475409836065574,0.09395973154362416,0.13290113452188007,0.004815409309791332,0.0528,0.03333333333333333,0.0034482758620689655,0.04152823920265781,0.021207177814029365,0.08452950558213716,0.08783783783783784,0.0,0.04006410256410257,0.08242612752721618,0.0031545741324921135,0.06869009584664537,0.21461897356143078,0.083596214511041,0.04145936981757877,0.016923076923076923,0.19935691318327975,0.0,0.17647058823529413,0.048286604361370715,0.14772727272727273,0.07226890756302522,0.153125,0.02258064516129032,0.12982998454404945,0.05623100303951368,0.0016501650165016502,0.04975124378109453,0.11447811447811448,0.06050955414012739,0.04809286898839138,0.09151414309484193,0.003236245954692557,0.08992248062015504,0.04658901830282862,0.001610305958132045,0.08153078202995008,0.0,0.032467532467532464,0.12020033388981637,0.010903426791277258,0.0704,0.03145695364238411,0.015503875968992248,0.1150855365474339,0.06656346749226007,0.006472491909385114,0.04974271012006861,0.08923076923076922,0.03864734299516908,0.01468189233278956,0.08631921824104234,0.044293015332197615,0.09966216216216216,0.08361204013377926,0.226890756302521,0.05311077389984825,0.08249158249158249,0.12706270627062707,0.12317666126418152,0.042105263157894736,0.0642504118616145,0.03135313531353135,0.06105610561056106,0.0907563025210084,0.0033112582781456954,0.12598425196850394,0.04472843450479233,0.05853658536585366,0.08818897637795275,0.11729323308270677,0.09119496855345911,0.18022328548644337,0.14576802507836992,0.04983388704318937,0.11006289308176101,0.21690590111642744,0.10140405616224649,0.0781758957654723,0.029556650246305417,0.17532467532467533,0.0,0.022328548644338118,0.13793103448275862,0.12643678160919541,0.0935483870967742,0.0946843853820598,0.0189873417721519,0.0779436152570481,0.08347529812606473,0.05492730210016155,0.12254901960784313,0.1421647819063005,0.0,0.09838709677419355,0.11556982343499198,0.05246913580246913,0.0864,0.061461794019933555,0.18876755070202808,0.054009819967266774,0.1630971993410214,0.10756302521008404,0.1140495867768595,0.0891089108910891,0.14310051107325383,0.003289473684210526,0.13247172859450726,0.016778523489932886,0.15348101265822786,0.19901315789473684,0.06521739130434782,0.04552590266875981,0.01263823064770932,0.07508532423208192,0.13064516129032258,0.011182108626198083,0.0756578947368421,0.14126984126984127,0.19165378670788252,0.0627062706270627,0.0845771144278607,0.27692307692307694,0.1510673234811166,0.1050080775444265,0.34262295081967215,0.04952076677316294,0.041666666666666664,0.18333333333333332,0.13851351351351351,0.05,0.10596026490066225
2007,1,9,prevalence,0.003215434083601286,0.004878048780487805,0.0,0.0015313935681470138,0.0,0,0.003401360544217687,0.06208053691275168,0.0016722408026755853,0.001669449081803005,0.001579778830963665,0.12641815235008103,0.06301824212271974,0.03912363067292645,0.0,0.001610305958132045,0.029595015576323987,0.024916943521594685,0.026143790849673203,0.00315955766192733,0.0032626427406199023,0.15333333333333332,0.08976377952755905,0.08607198748043818,0.11129568106312292,0.004846526655896607,0.20032310177705978,0.0631911532385466,0.11001642036124795,0.0,0.15245901639344261,0.006589785831960461,0.04496124031007752,0.05718954248366013,0.00792393026941363,0.1312,0.09547738693467336,0.15883306320907617,0.0,0.11666666666666667,0.05289256198347107,0.10625,0.01507537688442211,0.09046849757673667,0.0734094616639478,0.0,0.018867924528301886,0.07407407407407407,0.027491408934707903,0.001658374792703151,0.0031847133757961785,0.0,0.0,0.0,0.01652892561983471,0.0,0.1077943615257048,0.09162717219589257,0.05546218487394958,0.02385008517887564,0.06156405990016639,0.006230529595015576,0.007987220447284345,0.09595959595959595,0.09045226130653267,0.08609271523178808,0.13504823151125403,0.0031847133757961785,0.07765451664025357,0.0333889816360601,0.003355704697986577,0.049679487179487176,0.025396825396825397,0.0641025641025641,0.08524590163934426,0.0,0.018838304552590265,0.08571428571428572,0.001564945226917058,0.06721311475409836,0.19818456883509833,0.10377358490566038,0.04404567699836868,0.04559748427672956,0.15497553017944535,0.0,0.12244897959183673,0.043410852713178294,0.14845024469820556,0.03820598006644518,0.127831715210356,0.014446227929373997,0.11926605504587157,0.0380517503805175,0.0031847133757961785,0.03789126853377265,0.12435233160621761,0.036334913112164295,0.04304635761589404,0.09333333333333334,0.009569377990430622,0.0768025078369906,0.05601317957166392,0.0016025641025641025,0.08267090620031796,0.0,0.03354632587859425,0.08227848101265822,0.010703363914373088,0.08265802269043761,0.03739837398373984,0.023026315789473683,0.11700468018720749,0.07858243451463791,0.001644736842105263,0.053082191780821915,0.0847457627118644,0.03739837398373984,0.014634146341463415,0.07606973058637084,0.058333333333333334,0.06631762652705062,0.08333333333333333,0.18940609951845908,0.07802547770700637,0.09268292682926829,0.13838550247116968,0.08360655737704918,0.050699300699300696,0.04006677796327212,0.04597701149425287,0.09135399673735727,0.08571428571428572,0.0016501650165016502,0.11961722488038277,0.05529225908372828,0.051118210862619806,0.07606973058637084,0.12195121951219512,0.06168831168831169,0.1674641148325359,0.12116316639741519,0.07475083056478406,0.11392405063291139,0.17014446227929375,0.09984639016897082,0.07790143084260731,0.039735099337748346,0.12357723577235773,0.0,0.026194144838212634,0.1346153846153846,0.10638297872340426,0.05331179321486268,0.09752066115702479,0.02702702702702703,0.056291390728476824,0.07457627118644068,0.0594059405940594,0.16908212560386474,0.156957928802589,0.0,0.07401574803149606,0.06035889070146819,0.04,0.10935023771790808,0.06045751633986928,0.13043478260869565,0.06158833063209076,0.15120274914089346,0.07730263157894737,0.11186440677966102,0.07894736842105263,0.13728813559322034,0.009917355371900827,0.10214168039538715,0.011475409836065573,0.20537124802527645,0.1625615763546798,0.07596899224806201,0.01589825119236884,0.020700636942675158,0.0891089108910891,0.15815485996705106,0.011093502377179081,0.07448494453248812,0.21077654516640254,0.17170111287758347,0.050933786078098474,0.11036789297658862,0.2503937007874016,0.11544715447154472,0.12845528455284552,0.2917341977309562,0.06957928802588997,0.045813586097946286,0.17152658662092624,0.11241610738255034,0.03968253968253968,0.11831442463533225
2008,1,9,prevalence,0.0016181229773462784,0.003215434083601286,0.0,0.0015037593984962407,0.0,0,0.0016750418760469012,0.06540447504302926,0.0016313213703099511,0.0,0.001597444089456869,0.1308562197092084,0.0743801652892562,0.025236593059936908,0.0,0.0,0.02258064516129032,0.01948051948051948,0.03908794788273615,0.0,0.0032414910858995136,0.11074380165289256,0.1035548686244204,0.06376360808709176,0.11716171617161716,0.0032310177705977385,0.19801980198019803,0.07255520504731862,0.10851419031719532,0.0,0.15960912052117263,0.018151815181518153,0.040310077519379844,0.044189852700491,0.014285714285714285,0.13725490196078433,0.07550335570469799,0.19966442953020133,0.0,0.17275747508305647,0.05065359477124183,0.12738853503184713,0.03130148270181219,0.05582137161084529,0.06,0.0,0.023547880690737835,0.04792332268370607,0.028192371475953566,0.0,0.003278688524590164,0.0017513134851138354,0.0016750418760469012,0.0,0.01779935275080906,0.0016260162601626016,0.08210180623973727,0.06942148760330578,0.04258943781942078,0.03316749585406302,0.0587248322147651,0.004724409448818898,0.006535947712418301,0.07,0.10049423393739704,0.11021069692058347,0.11974110032362459,0.001584786053882726,0.08280254777070063,0.03966942148760331,0.003355704697986577,0.06761006289308176,0.024922118380062305,0.0608,0.1474036850921273,0.0,0.025806451612903226,0.09822866344605476,0.0015455950540958269,0.06612903225806452,0.16741405082212257,0.11650485436893204,0.06635071090047394,0.050793650793650794,0.11812297734627832,0.0,0.11483253588516747,0.0571870170015456,0.12222222222222222,0.03672787979966611,0.1282051282051282,0.008064516129032258,0.11329305135951662,0.019169329073482427,0.003125,0.04628099173553719,0.10921501706484642,0.025806451612903226,0.03459637561779242,0.060240963855421686,0.007692307692307693,0.07165605095541401,0.057971014492753624,0.0015748031496062992,0.09523809523809523,0.0015479876160990713,0.058637083993660855,0.08607198748043818,0.0015527950310559005,0.06188925081433225,0.03770491803278689,0.02936378466557912,0.08945686900958466,0.07668711656441718,0.0,0.03350083752093802,0.07298136645962733,0.03210272873194221,0.0016181229773462784,0.08626198083067092,0.0472972972972973,0.0757314974182444,0.0823327615780446,0.16164817749603805,0.06436420722135008,0.0832,0.10792580101180438,0.06220095693779904,0.053726169844020795,0.029459901800327332,0.03896103896103896,0.09763779527559055,0.09443507588532883,0.0033277870216306157,0.1260096930533118,0.04173106646058733,0.04559748427672956,0.08427876823338736,0.14285714285714285,0.04707792207792208,0.15711947626841244,0.06581059390048154,0.05396825396825397,0.10082644628099173,0.1498371335504886,0.08163265306122448,0.10310965630114566,0.026446280991735537,0.13651315789473684,0.0,0.030448717948717948,0.13141025641025642,0.08952702702702703,0.05144694533762058,0.12773109243697478,0.03464566929133858,0.04865771812080537,0.10726643598615918,0.07885906040268456,0.1895424836601307,0.16614420062695925,0.0032948929159802307,0.08948194662480377,0.07049180327868852,0.046251993620414676,0.08874801901743265,0.06312292358803986,0.09090909090909091,0.0630048465266559,0.1260647359454855,0.10154905335628227,0.10921501706484642,0.09546925566343042,0.12237762237762238,0.01098901098901099,0.10472972972972973,0.009950248756218905,0.1987075928917609,0.12859560067681894,0.07208588957055215,0.028985507246376812,0.048286604361370715,0.07641196013289037,0.1890547263681592,0.006359300476947536,0.05714285714285714,0.20537124802527645,0.16773162939297126,0.044481054365733116,0.12869565217391304,0.19409937888198758,0.12379421221864952,0.14426229508196722,0.24154589371980675,0.08319738988580751,0.04292527821939587,0.1694915254237288,0.09844559585492228,0.035256410256410256,0.10759493670886076
2009,1,9,prevalence,0.001692047377326565,0.0032,0.0,0.0015337423312883436,0.0,0,0.001694915254237288,0.04786324786324787,0.001652892561983471,0.0,0.0,0.132569558101473,0.042662116040955635,0.026856240126382307,0.0,0.0,0.024115755627009645,0.025559105431309903,0.02459016393442623,0.0,0.0032733224222585926,0.09595959595959595,0.07692307692307693,0.05388272583201268,0.12690355329949238,0.003389830508474576,0.1185064935064935,0.07165605095541401,0.08823529411764706,0.0,0.13658536585365855,0.009852216748768473,0.03349282296650718,0.02975206611570248,0.007656967840735069,0.10268562401263823,0.07345575959933222,0.13136288998357964,0.0017331022530329288,0.12106135986733002,0.041050903119868636,0.096,0.03367003367003367,0.03115264797507788,0.05008347245409015,0.0,0.027950310559006212,0.031446540880503145,0.018456375838926176,0.0,0.00322061191626409,0.0016638935108153079,0.001736111111111111,0.0,0.0231023102310231,0.0,0.06035889070146819,0.06197654941373534,0.03304347826086956,0.028938906752411574,0.04785478547854786,0.006211180124223602,0.0032679738562091504,0.040268456375838924,0.07941653160453808,0.10613598673300166,0.09602649006622517,0.001644736842105263,0.07511737089201878,0.03398058252427184,0.004830917874396135,0.05065359477124183,0.025236593059936908,0.07401315789473684,0.1116584564860427,0.0,0.024671052631578948,0.075,0.0016181229773462784,0.061708860759493674,0.14390602055800295,0.07528641571194762,0.04897314375987362,0.0704,0.08702791461412152,0.0,0.1111111111111111,0.04461538461538461,0.11059190031152648,0.025423728813559324,0.11148086522462562,0.012965964343598054,0.09276729559748427,0.01929260450160772,0.0031201248049922,0.05778491171749599,0.08034188034188035,0.02159468438538206,0.04377104377104377,0.039316239316239315,0.006097560975609756,0.06951026856240126,0.036544850498338874,0.001644736842105263,0.05255023183925812,0.001564945226917058,0.048154093097913325,0.050381679389312976,0.0015082956259426848,0.05601317957166392,0.03296703296703297,0.02155887230514096,0.05098684210526316,0.0677710843373494,0.0016638935108153079,0.024390243902439025,0.053208137715179966,0.029605263157894735,0.0049261083743842365,0.04395604395604396,0.02512562814070352,0.044596912521440824,0.06944444444444445,0.13183279742765272,0.04326923076923077,0.048154093097913325,0.0775716694772344,0.05203252032520325,0.03709949409780776,0.04006410256410257,0.05203252032520325,0.10932475884244373,0.09816971713810316,0.001639344262295082,0.1104,0.03852080123266564,0.041666666666666664,0.06589785831960461,0.10260336906584992,0.05582922824302135,0.12258064516129032,0.048701298701298704,0.06035889070146819,0.08862876254180602,0.12580645161290321,0.10675039246467818,0.06814310051107325,0.024834437086092714,0.11631944444444445,0.0,0.01607717041800643,0.11650485436893204,0.0915032679738562,0.03571428571428571,0.13598673300165837,0.02631578947368421,0.04187604690117253,0.0839041095890411,0.07993197278911565,0.16777408637873753,0.12687813021702837,0.004777070063694267,0.07275541795665634,0.054098360655737705,0.032915360501567396,0.08103727714748785,0.03789126853377265,0.08860759493670886,0.07317073170731707,0.08249158249158249,0.070298769771529,0.08277027027027027,0.08832807570977919,0.08793103448275862,0.004651162790697674,0.08249158249158249,0.011041009463722398,0.14511041009463724,0.08752025931928688,0.05180533751962323,0.025682182985553772,0.05329153605015674,0.06796116504854369,0.1625615763546798,0.010769230769230769,0.028616852146263912,0.143317230273752,0.13446676970633695,0.036605657237936774,0.09965635738831616,0.13538461538461538,0.09405940594059406,0.1302170283806344,0.16638935108153077,0.07917383820998279,0.046849757673667204,0.13036020583190394,0.04529616724738676,0.03833333333333333,0.0896
2010,1,9,prevalence,0.0,0.001607717041800643,0.0,0.0,0.0,0,0.003367003367003367,0.0328719723183391,0.0,0.0,0.003246753246753247,0.0904836193447738,0.025951557093425604,0.01610305958132045,0.0,0.0,0.041401273885350316,0.016420361247947456,0.02926829268292683,0.0,0.0032520325203252032,0.06856187290969899,0.07877813504823152,0.04411764705882353,0.09780775716694773,0.001652892561983471,0.10784313725490197,0.057971014492753624,0.10256410256410256,0.0,0.11717495987158909,0.008389261744966443,0.03104575163398693,0.01675041876046901,0.004761904761904762,0.07177033492822966,0.05194805194805195,0.09870550161812297,0.0017301038062283738,0.10101010101010101,0.03815580286168521,0.06885245901639345,0.02680067001675042,0.025157232704402517,0.03664921465968586,0.0,0.017350157728706624,0.014925373134328358,0.013651877133105802,0.0,0.003169572107765452,0.005110732538330494,0.0016638935108153079,0.0016778523489932886,0.013029315960912053,0.0,0.05718954248366013,0.04318936877076412,0.036521739130434785,0.0220125786163522,0.05,0.006389776357827476,0.0016313213703099511,0.0288135593220339,0.07201309328968904,0.10963455149501661,0.06349206349206349,0.001639344262295082,0.05359877488514548,0.022690437601296597,0.004846526655896607,0.03333333333333333,0.020249221183800622,0.08931419457735247,0.08520900321543408,0.0,0.03656597774244833,0.05472636815920398,0.0015698587127158557,0.042789223454833596,0.12960235640648013,0.05806451612903226,0.038461538461538464,0.05546492659053834,0.0757825370675453,0.0,0.08962264150943396,0.057488653555219364,0.078125,0.010169491525423728,0.0919931856899489,0.020700636942675158,0.0732484076433121,0.009724473257698542,0.003067484662576687,0.07017543859649122,0.06478405315614617,0.01800327332242226,0.032148900169204735,0.03547297297297297,0.007575757575757576,0.03307086614173228,0.03015075376884422,0.0,0.036741214057507986,0.001557632398753894,0.042833607907743,0.03554868624420402,0.0,0.05065359477124183,0.026194144838212634,0.023890784982935155,0.03425774877650897,0.04461538461538461,0.006535947712418301,0.027597402597402596,0.03565891472868217,0.014586709886547812,0.009884678747940691,0.025196850393700787,0.02030456852791878,0.04,0.06365159128978225,0.10897435897435898,0.030944625407166124,0.04126984126984127,0.07288135593220339,0.044481054365733116,0.025252525252525252,0.03858520900321544,0.05228758169934641,0.08641975308641975,0.08415841584158416,0.0016366612111292963,0.10416666666666667,0.024844720496894408,0.032520325203252036,0.06403940886699508,0.07919254658385093,0.05448717948717949,0.10593900481540931,0.04081632653061224,0.09339774557165861,0.07537688442211055,0.0966183574879227,0.07739938080495357,0.043333333333333335,0.016666666666666666,0.07653061224489796,0.0,0.014539579967689823,0.09220985691573927,0.07244094488188976,0.02280130293159609,0.11892797319932999,0.026113671274961597,0.04778156996587031,0.05110732538330494,0.056856187290969896,0.12751677852348994,0.0993485342019544,0.004754358161648178,0.06466876971608833,0.04311774461028192,0.026113671274961597,0.06493506493506493,0.054098360655737705,0.0630048465266559,0.06229508196721312,0.048013245033112585,0.05045045045045045,0.057003257328990226,0.08012326656394453,0.059130434782608696,0.0047694753577106515,0.07679465776293823,0.014469453376205787,0.10452418096723869,0.06799336650082918,0.0421216848673947,0.02086677367576244,0.05737704918032787,0.05950413223140496,0.12335526315789473,0.012924071082390954,0.04361370716510903,0.11812297734627832,0.09553158705701079,0.043689320388349516,0.07601351351351351,0.11145038167938931,0.05737704918032787,0.10726072607260725,0.11967213114754098,0.06937394247038917,0.03531300160513644,0.08652246256239601,0.03595890410958904,0.02564102564102564,0.06260032102728733
2011,1,9,prevalence,0.0,0.003246753246753247,0.0,0.0,0.0,0,0.008445945945945946,0.024518388791593695,0.0,0.0,0.0015923566878980893,0.08056872037914692,0.01718213058419244,0.01594896331738437,0.0,0.0015698587127158557,0.037383177570093455,0.0144,0.029173419773095625,0.0,0.0016474464579901153,0.057947019867549666,0.05519480519480519,0.03177257525083612,0.0727580372250423,0.0016806722689075631,0.10465116279069768,0.04265402843601896,0.09016393442622951,0.0,0.09335443037974683,0.008077544426494346,0.02152317880794702,0.00505902192242833,0.004709576138147566,0.061708860759493674,0.05081967213114754,0.08012820512820513,0.0035149384885764497,0.08319467554076539,0.028938906752411574,0.04746317512274959,0.03005008347245409,0.02190923317683881,0.028169014084507043,0.0,0.01938610662358643,0.00980392156862745,0.008532423208191127,0.0,0.0016,0.0033112582781456954,0.0016129032258064516,0.0017271157167530224,0.012924071082390954,0.0,0.052715654952076675,0.035653650254668934,0.024054982817869417,0.012539184952978056,0.03328050713153724,0.004862236628849271,0.0016835016835016834,0.028333333333333332,0.054313099041533544,0.07407407407407407,0.05177993527508091,0.0032258064516129032,0.04725609756097561,0.013050570962479609,0.0032310177705977385,0.030694668820678513,0.027243589743589744,0.0706436420722135,0.0673076923076923,0.0,0.034108527131782945,0.04982817869415808,0.0,0.03481012658227848,0.10778443113772455,0.03588907014681892,0.03881987577639751,0.049099836333878884,0.06477093206951026,0.0,0.06739811912225706,0.0390625,0.0594679186228482,0.010050251256281407,0.07781456953642384,0.022435897435897436,0.04574132492113565,0.0066555740432612314,0.0030627871362940277,0.06623586429725363,0.052980132450331126,0.02047244094488189,0.03035413153456998,0.02773246329526917,0.008759124087591242,0.018867924528301886,0.015025041736227046,0.0,0.03169572107765452,0.0,0.03870967741935484,0.024615384615384615,0.0,0.0361247947454844,0.0234375,0.019130434782608695,0.03639240506329114,0.03125,0.012718600953895072,0.027642276422764227,0.03479576399394856,0.014516129032258065,0.008103727714748784,0.01938610662358643,0.015202702702702704,0.02460456942003515,0.05040650406504065,0.08562197092084006,0.027552674230145867,0.03333333333333333,0.05342237061769616,0.039473684210526314,0.024054982817869417,0.04662379421221865,0.04433497536945813,0.10333863275039745,0.05546492659053834,0.001644736842105263,0.0915032679738562,0.026234567901234566,0.025477707006369428,0.049342105263157895,0.06334841628959276,0.04091653027823241,0.06750392464678179,0.03139717425431711,0.08842443729903537,0.06754530477759473,0.08943089430894309,0.06511627906976744,0.03140495867768595,0.016722408026755852,0.05641025641025641,0.0,0.017488076311605722,0.07570977917981073,0.05466237942122187,0.019077901430842606,0.11205432937181664,0.017027863777089782,0.04311774461028192,0.0410958904109589,0.04560810810810811,0.10580204778156997,0.07590759075907591,0.007751937984496124,0.05537459283387622,0.03488372093023256,0.01866251944012442,0.04071661237785016,0.059113300492610835,0.0343213728549142,0.050488599348534204,0.028192371475953566,0.04448398576512456,0.04692556634304207,0.06201550387596899,0.058823529411764705,0.006289308176100629,0.06862745098039216,0.03054662379421222,0.08087091757387248,0.039538714991762765,0.03605015673981191,0.019169329073482427,0.04792332268370607,0.0380794701986755,0.08760330578512397,0.012759170653907496,0.03686635944700461,0.0928,0.06542056074766354,0.035256410256410256,0.06228956228956229,0.09422492401215805,0.039603960396039604,0.10726072607260725,0.10702341137123746,0.05025125628140704,0.04038772213247173,0.05843071786310518,0.034782608695652174,0.027419354838709678,0.0554675118858954
2012,1,9,prevalence,0.0,0.0032626427406199023,0.0,0.0,0.0015552099533437014,0,0.016778523489932886,0.020905923344947737,0.0,0.0,0.0016,0.07467532467532467,0.016722408026755852,0.014754098360655738,0.0,0.0015748031496062992,0.0395738203957382,0.01129032258064516,0.04091653027823241,0.0,0.0016155088852988692,0.047933884297520664,0.04201680672268908,0.023026315789473683,0.05555555555555555,0.0017035775127768314,0.08542713567839195,0.04091653027823241,0.08373590982286634,0.0,0.08056872037914692,0.006430868167202572,0.02576489533011272,0.006482982171799027,0.009433962264150943,0.04560260586319218,0.059113300492610835,0.06260032102728733,0.0035335689045936395,0.0727580372250423,0.026771653543307086,0.038880248833592534,0.028380634390651086,0.015748031496062992,0.026845637583892617,0.0,0.0165016501650165,0.02155887230514096,0.01011804384485666,0.0,0.0032733224222585926,0.0034602076124567475,0.0033277870216306157,0.0017301038062283738,0.012779552715654952,0.0,0.03257328990228013,0.03125,0.0189328743545611,0.017241379310344827,0.025848142164781908,0.0048,0.0049504950495049506,0.02181208053691275,0.046948356807511735,0.06722689075630252,0.038461538461538464,0.0016233766233766235,0.0514820592823713,0.013008130081300813,0.001607717041800643,0.028985507246376812,0.04361370716510903,0.05601317957166392,0.06482982171799027,0.0,0.03625377643504532,0.04560810810810811,0.0,0.04897314375987362,0.08885542168674698,0.02750809061488673,0.03852080123266564,0.03697478991596639,0.05672609400324149,0.0,0.07003257328990228,0.025,0.04231974921630094,0.008156606851549755,0.06988352745424292,0.02471169686985173,0.03481012658227848,0.011023622047244094,0.001584786053882726,0.06677524429967427,0.044407894736842105,0.01800327332242226,0.02508361204013378,0.02073365231259968,0.00911854103343465,0.014778325123152709,0.011589403973509934,0.0,0.019448946515397084,0.0,0.038338658146964855,0.02147239263803681,0.0,0.04538087520259319,0.022796352583586626,0.01824817518248175,0.027287319422150885,0.023291925465838508,0.008264462809917356,0.020634920634920634,0.023474178403755867,0.016638935108153077,0.006462035541195477,0.016474464579901153,0.0165016501650165,0.02640845070422535,0.04383116883116883,0.07820299500831947,0.0192,0.02936378466557912,0.04340567612687813,0.032679738562091505,0.023608768971332208,0.03870967741935484,0.04091653027823241,0.06761006289308176,0.04700162074554295,0.0016778523489932886,0.07754442649434572,0.04173106646058733,0.03459637561779242,0.03482587064676617,0.059541984732824425,0.03666666666666667,0.047692307692307694,0.020634920634920634,0.08186195826645265,0.07357859531772576,0.07305194805194805,0.052969502407704656,0.02531645569620253,0.014802631578947368,0.052364864864864864,0.0015220700152207,0.014331210191082803,0.06141732283464567,0.034976152623211444,0.01929260450160772,0.09556313993174062,0.018092105263157895,0.048494983277591976,0.03035413153456998,0.02922077922077922,0.09215017064846416,0.06890756302521009,0.007716049382716049,0.05354330708661417,0.02847571189279732,0.0167427701674277,0.03387096774193549,0.054455445544554455,0.029548989113530325,0.04411764705882353,0.020100502512562814,0.050173010380622836,0.03776683087027915,0.054858934169279,0.04391891891891892,0.0061633281972265025,0.07425742574257425,0.03599374021909233,0.06761006289308176,0.02975206611570248,0.031446540880503145,0.02768729641693811,0.030694668820678513,0.03431372549019608,0.06862745098039216,0.01631321370309951,0.04019292604501608,0.06230031948881789,0.046031746031746035,0.030744336569579287,0.04340567612687813,0.07750759878419453,0.031198686371100164,0.09137055837563451,0.08745874587458746,0.03782894736842105,0.03833333333333333,0.048027444253859346,0.02671118530884808,0.023064250411861616,0.04487179487179487
2013,1,9,prevalence,0.0016474464579901153,0.0033500837520938024,0.0,0.0,0.0015479876160990713,0,0.016286644951140065,0.01565217391304348,0.0016611295681063123,0.0,0.00315955766192733,0.05873015873015873,0.01517706576728499,0.014950166112956811,0.0033333333333333335,0.0015479876160990713,0.024922118380062305,0.00964630225080386,0.03662420382165605,0.0,0.001594896331738437,0.03826955074875208,0.03322259136212625,0.025041736227045076,0.04065040650406504,0.0,0.06109324758842444,0.026359143327841845,0.0624,0.0,0.0679304897314376,0.011272141706924315,0.02773246329526917,0.008077544426494346,0.011111111111111112,0.039619651347068144,0.04777070063694268,0.0463258785942492,0.005128205128205128,0.05546492659053834,0.030063291139240507,0.0327613104524181,0.023923444976076555,0.013953488372093023,0.018121911037891267,0.0,0.02073365231259968,0.018456375838926176,0.01011804384485666,0.0015527950310559005,0.0016025641025641025,0.005,0.003418803418803419,0.0017123287671232876,0.012861736334405145,0.0,0.024834437086092714,0.029459901800327332,0.015901060070671377,0.02280130293159609,0.024115755627009645,0.0,0.005084745762711864,0.01680672268907563,0.037267080745341616,0.05,0.03514376996805112,0.00482315112540193,0.03968253968253968,0.007961783439490446,0.001579778830963665,0.0196078431372549,0.03115264797507788,0.04383116883116883,0.05032467532467533,0.0,0.030837004405286344,0.03098106712564544,0.0,0.037914691943127965,0.0748829953198128,0.021103896103896104,0.029320987654320986,0.030716723549488054,0.04019292604501608,0.0,0.05306799336650083,0.014657980456026058,0.03317535545023697,0.00794912559618442,0.061224489795918366,0.013157894736842105,0.028481012658227847,0.011058451816745656,0.0015267175572519084,0.06518282988871224,0.04276315789473684,0.01597444089456869,0.022336769759450172,0.015479876160990712,0.007633587786259542,0.011456628477905073,0.015050167224080268,0.0,0.01751592356687898,0.0,0.03215434083601286,0.02564102564102564,0.0,0.03764320785597381,0.015432098765432098,0.0186219739292365,0.016,0.02336448598130841,0.01675041876046901,0.019138755980861243,0.02384737678855326,0.016339869281045753,0.006299212598425197,0.014586709886547812,0.016366612111292964,0.024390243902439025,0.030694668820678513,0.06732348111658457,0.016129032258064516,0.017543859649122806,0.036544850498338874,0.03079416531604538,0.01951219512195122,0.020833333333333332,0.03177257525083612,0.05246422893481717,0.03915171288743882,0.0016806722689075631,0.07037643207855974,0.03379416282642089,0.022727272727272728,0.021922428330522766,0.046296296296296294,0.03672787979966611,0.034055727554179564,0.018121911037891267,0.061611374407582936,0.048013245033112585,0.052545155993431854,0.04251968503937008,0.021848739495798318,0.01174496644295302,0.043697478991596636,0.0015479876160990713,0.011363636363636364,0.05466237942122187,0.03205128205128205,0.02090032154340836,0.0663265306122449,0.014754098360655738,0.036020583190394515,0.023529411764705882,0.021103896103896104,0.06473594548551959,0.0472972972972973,0.009345794392523364,0.045234248788368334,0.019867549668874173,0.02021772939346812,0.030694668820678513,0.026490066225165563,0.02262443438914027,0.04376012965964344,0.01957585644371941,0.04063604240282685,0.027552674230145867,0.04451510333863275,0.022452504317789293,0.007974481658692184,0.0499194847020934,0.026113671274961597,0.04830917874396135,0.023026315789473683,0.028708133971291867,0.021035598705501618,0.02127659574468085,0.02975206611570248,0.0544,0.022950819672131147,0.029900332225913623,0.045234248788368334,0.04024767801857585,0.02572347266881029,0.03770491803278689,0.06891271056661562,0.017770597738287562,0.04965753424657534,0.07085346215780998,0.03605015673981191,0.023450586264656615,0.031413612565445025,0.019704433497536946,0.0196078431372549,0.04225352112676056
2014,1,9,prevalence,0.0016366612111292963,0.0050933786078098476,0.0,0.0,0.0031496062992125984,0,0.012841091492776886,0.01559792027729636,0.0016420361247947454,0.0,0.0015873015873015873,0.04313099041533546,0.013769363166953529,0.01340033500837521,0.0017123287671232876,0.0015772870662460567,0.014218009478672985,0.008025682182985553,0.036163522012578615,0.0,0.0,0.02809917355371901,0.018302828618968387,0.01694915254237288,0.03902439024390244,0.0,0.04823151125401929,0.01990049751243781,0.05144694533762058,0.0,0.04784688995215311,0.017741935483870968,0.038397328881469114,0.007936507936507936,0.0109375,0.033707865168539325,0.03475513428120063,0.03864734299516908,0.006802721088435374,0.04111842105263158,0.03231017770597738,0.025039123630672927,0.03194888178913738,0.015220700152207,0.013245033112582781,0.0,0.014150943396226415,0.018302828618968387,0.006745362563237774,0.003110419906687403,0.001589825119236884,0.006557377049180328,0.003305785123966942,0.001718213058419244,0.00974025974025974,0.0,0.02337228714524207,0.023064250411861616,0.015280135823429542,0.022913256955810146,0.01579778830963665,0.0,0.00333889816360601,0.011627906976744186,0.026397515527950312,0.05306799336650083,0.029411764705882353,0.005008347245409015,0.029950083194675542,0.012461059190031152,0.001557632398753894,0.0171606864274571,0.030303030303030304,0.026101141924959218,0.03565640194489465,0.0,0.029542097488921712,0.02782608695652174,0.0,0.027950310559006212,0.06481481481481481,0.014950166112956811,0.0256797583081571,0.02821869488536155,0.028346456692913385,0.0,0.044481054365733116,0.012841091492776886,0.025236593059936908,0.006299212598425197,0.03872053872053872,0.01461038961038961,0.028526148969889066,0.014150943396226415,0.0,0.056818181818181816,0.030560271646859084,0.006611570247933884,0.013201320132013201,0.009146341463414634,0.01088646967340591,0.009554140127388535,0.010067114093959731,0.0,0.012759170653907496,0.0,0.027777777777777776,0.03215926493108729,0.0,0.03715670436187399,0.012121212121212121,0.014414414414414415,0.012598425196850394,0.0379746835443038,0.023255813953488372,0.01584786053882726,0.019230769230769232,0.019169329073482427,0.006359300476947536,0.009787928221859706,0.017973856209150325,0.027491408934707903,0.027642276422764227,0.046474358974358976,0.014778325123152709,0.020833333333333332,0.026446280991735537,0.02073365231259968,0.016051364365971106,0.012861736334405145,0.041390728476821195,0.050488599348534204,0.027868852459016394,0.0016474464579901153,0.05351170568561873,0.031201248049921998,0.02112676056338028,0.01620745542949757,0.041401273885350316,0.027375201288244767,0.04231974921630094,0.016366612111292964,0.04340836012861737,0.0420032310177706,0.04118616144975288,0.034976152623211444,0.01800327332242226,0.011844331641285956,0.03471074380165289,0.0015923566878980893,0.004846526655896607,0.03745928338762215,0.028333333333333332,0.010033444816053512,0.0462046204620462,0.011494252873563218,0.029801324503311258,0.02037351443123939,0.013289036544850499,0.04931972789115646,0.03583617747440273,0.003115264797507788,0.03588907014681892,0.009433962264150943,0.011235955056179775,0.022082018927444796,0.013050570962479609,0.025,0.043689320388349516,0.01309328968903437,0.02735042735042735,0.03889789303079417,0.040783034257748776,0.01174496644295302,0.0047169811320754715,0.05177993527508091,0.044374009508716325,0.032467532467532464,0.016722408026755852,0.024154589371980676,0.027156549520766772,0.02533783783783784,0.029654036243822075,0.03322784810126582,0.014657980456026058,0.027463651050080775,0.030595813204508857,0.03863987635239567,0.0171875,0.037162162162162164,0.054773082942097026,0.016474464579901153,0.04187604690117253,0.05638474295190713,0.03697749196141479,0.027257240204429302,0.02329450915141431,0.017857142857142856,0.022764227642276424,0.03889789303079417
2015,1,9,prevalence,0.0016778523489932886,0.003389830508474576,0.0,0.0,0.0031847133757961785,0,0.012598425196850394,0.005145797598627788,0.0015723270440251573,0.0016181229773462784,0.001564945226917058,0.029801324503311258,0.014010507880910683,0.009884678747940691,0.0032626427406199023,0.0015873015873015873,0.013953488372093023,0.008012820512820512,0.019230769230769232,0.0,0.0,0.014586709886547812,0.016611295681063124,0.0069084628670120895,0.03902439024390244,0.0017094017094017094,0.036741214057507986,0.014900662251655629,0.03588907014681892,0.0,0.03870967741935484,0.011326860841423949,0.050590219224283306,0.00974025974025974,0.006493506493506494,0.025356576862123614,0.024922118380062305,0.025806451612903226,0.005076142131979695,0.029411764705882353,0.02472952086553323,0.01610305958132045,0.0187207488299532,0.013432835820895522,0.011864406779661017,0.0,0.014308426073131956,0.016233766233766232,0.0049261083743842365,0.0031007751937984496,0.0,0.004815409309791332,0.003389830508474576,0.003401360544217687,0.006568144499178982,0.0,0.016722408026755852,0.013333333333333334,0.008431703204047217,0.016474464579901153,0.00949367088607595,0.0016366612111292963,0.003179650238473768,0.00819672131147541,0.013975155279503106,0.03130148270181219,0.021671826625386997,0.005016722408026756,0.018092105263157895,0.0031496062992125984,0.0,0.014018691588785047,0.016975308641975308,0.021172638436482084,0.033386327503974564,0.0,0.023809523809523808,0.015410958904109588,0.0,0.02127659574468085,0.04665629860031104,0.009966777408637873,0.02190923317683881,0.018581081081081082,0.017377567140600316,0.0,0.03648424543946932,0.004672897196261682,0.026729559748427674,0.004651162790697674,0.026981450252951095,0.011647254575707155,0.021739130434782608,0.007763975155279503,0.0,0.03140495867768595,0.019434628975265017,0.0031645569620253164,0.00975609756097561,0.007656967840735069,0.007886435331230283,0.006462035541195477,0.006825938566552901,0.0,0.01746031746031746,0.0,0.01948051948051948,0.01059001512859304,0.0,0.03559870550161812,0.007541478129713424,0.009025270758122744,0.012903225806451613,0.040310077519379844,0.018957345971563982,0.01088646967340591,0.01765650080256822,0.012841091492776886,0.0032520325203252032,0.006349206349206349,0.011272141706924315,0.013793103448275862,0.013513513513513514,0.02572347266881029,0.011589403973509934,0.0187207488299532,0.018739352640545145,0.01866251944012442,0.012944983818770227,0.00933125972006221,0.03877221324717286,0.03035143769968051,0.012965964343598054,0.0,0.04152823920265781,0.0219435736677116,0.017699115044247787,0.011725293132328308,0.026984126984126985,0.022151898734177215,0.034375,0.01507537688442211,0.04404567699836868,0.03333333333333333,0.029508196721311476,0.02247191011235955,0.012759170653907496,0.015410958904109588,0.028428093645484948,0.0016129032258064516,0.0031847133757961785,0.024154589371980676,0.027914614121510674,0.01309328968903437,0.03262642740619902,0.009771986970684038,0.03529411764705882,0.01461038961038961,0.010101010101010102,0.03156146179401993,0.028764805414551606,0.006269592476489028,0.026101141924959218,0.0046801872074883,0.009478672985781991,0.025,0.012759170653907496,0.034482758620689655,0.02403846153846154,0.011164274322169059,0.023333333333333334,0.03104575163398693,0.02922077922077922,0.009787928221859706,0.004724409448818898,0.045307443365695796,0.04361370716510903,0.024054982817869417,0.012965964343598054,0.016638935108153077,0.03915171288743882,0.015025041736227046,0.03231017770597738,0.018867924528301886,0.006611570247933884,0.028938906752411574,0.022187004754358162,0.026604068857589983,0.009146341463414634,0.022690437601296597,0.04285714285714286,0.014705882352941176,0.03125,0.03436426116838488,0.02073365231259968,0.03418803418803419,0.016339869281045753,0.011111111111111112,0.02040816326530612,0.03531300160513644
2016,1,9,prevalence,0.0016778523489932886,0.003430531732418525,0.0016051364365971107,0.0,0.00315955766192733,0,0.009345794392523364,0.0033500837520938024,0.00641025641025641,0.0016339869281045752,0.0,0.019261637239165328,0.012612612612612612,0.008305647840531562,0.0033112582781456954,0.0,0.015772870662460567,0.0016025641025641025,0.02066772655007949,0.001644736842105263,0.0,0.01468189233278956,0.009787928221859706,0.012027491408934709,0.03639240506329114,0.003284072249589491,0.02511773940345369,0.009724473257698542,0.024350649350649352,0.0,0.026101141924959218,0.00964630225080386,0.044850498338870434,0.007886435331230283,0.0031446540880503146,0.01155115511551155,0.01818181818181818,0.017543859649122806,0.004975124378109453,0.01788617886178862,0.032357473035439135,0.014563106796116505,0.01901743264659271,0.006042296072507553,0.0064,0.0,0.011093502377179081,0.011363636363636364,0.003205128205128205,0.004615384615384616,0.0,0.004901960784313725,0.0033613445378151263,0.0034129692832764505,0.006557377049180328,0.0,0.009917355371900827,0.006557377049180328,0.006802721088435374,0.011589403973509934,0.004975124378109453,0.0016,0.0030911901081916537,0.0016286644951140066,0.007849293563579277,0.01818181818181818,0.0136986301369863,0.0068846815834767644,0.011608623548922056,0.0015408320493066256,0.0,0.013782542113323124,0.01032448377581121,0.012924071082390954,0.024311183144246355,0.0,0.0167427701674277,0.008431703204047217,0.001589825119236884,0.009630818619582664,0.02830188679245283,0.00975609756097561,0.011128775834658187,0.008333333333333333,0.012539184952978056,0.0,0.02181208053691275,0.004665629860031105,0.01935483870967742,0.0030911901081916537,0.018487394957983194,0.010344827586206896,0.018425460636515914,0.009316770186335404,0.0,0.028145695364238412,0.015306122448979591,0.0032414910858995136,0.011570247933884297,0.0061162079510703364,0.003246753246753247,0.004815409309791332,0.0070921985815602835,0.0,0.006802721088435374,0.0,0.008278145695364239,0.016129032258064516,0.0,0.03739837398373984,0.006172839506172839,0.005319148936170213,0.009708737864077669,0.0384,0.02388535031847134,0.0077279752704791345,0.02773246329526917,0.006389776357827476,0.0016129032258064516,0.0016181229773462784,0.009538950715421303,0.008264462809917356,0.006700167504187605,0.011382113821138212,0.008223684210526315,0.011058451816745656,0.008143322475570033,0.015082956259426848,0.004893964110929853,0.007587253414264037,0.04118616144975288,0.024429967426710098,0.006633499170812604,0.0,0.032467532467532464,0.018838304552590265,0.014311270125223614,0.00825082508250825,0.01889763779527559,0.0093603744149766,0.03035143769968051,0.011456628477905073,0.0492845786963434,0.032520325203252036,0.025380710659898477,0.008210180623973728,0.010169491525423728,0.006802721088435374,0.015025041736227046,0.0,0.0016260162601626016,0.015479876160990712,0.02113821138211382,0.009771986970684038,0.016339869281045753,0.008116883116883116,0.03488372093023256,0.00974025974025974,0.0049833887043189366,0.01340033500837521,0.0137221269296741,0.003215434083601286,0.02891156462585034,0.004559270516717325,0.013953488372093023,0.019230769230769232,0.00964630225080386,0.028662420382165606,0.01910828025477707,0.008012820512820512,0.020512820512820513,0.021172638436482084,0.019801980198019802,0.0064516129032258064,0.0031746031746031746,0.01951219512195122,0.0406885758998435,0.022838499184339316,0.013157894736842105,0.008445945945945946,0.04777070063694268,0.018211920529801324,0.024671052631578948,0.011075949367088608,0.0064,0.021630615640599003,0.014285714285714285,0.02564102564102564,0.007429420505200594,0.017543859649122806,0.025196850393700787,0.008012820512820512,0.026402640264026403,0.02030456852791878,0.011111111111111112,0.039655172413793106,0.011128775834658187,0.0109204368174727,0.010687022900763359,0.03099510603588907
2017,1,9,prevalence,0.0016891891891891893,0.003484320557491289,0.0015432098765432098,0.0,0.001597444089456869,0,0.004672897196261682,0.0,0.023622047244094488,0.001652892561983471,0.0,0.013008130081300813,0.00859106529209622,0.0049261083743842365,0.0048543689320388345,0.0,0.0046801872074883,0.0,0.03076923076923077,0.001607717041800643,0.0,0.016181229773462782,0.004878048780487805,0.024778761061946902,0.02664576802507837,0.0032310177705977385,0.007911392405063292,0.0032948929159802307,0.014925373134328358,0.0,0.01597444089456869,0.006379585326953748,0.05970149253731343,0.003110419906687403,0.0032679738562091504,0.003246753246753247,0.012030075187969926,0.01129032258064516,0.004815409309791332,0.0032626427406199023,0.0273972602739726,0.004754358161648178,0.016286644951140065,0.0030911901081916537,0.006279434850863423,0.0,0.015772870662460567,0.009584664536741214,0.0016501650165016502,0.003110419906687403,0.0,0.006734006734006734,0.0016638935108153079,0.0033003300330033004,0.003257328990228013,0.0,0.006837606837606838,0.004878048780487805,0.005084745762711864,0.008210180623973728,0.0,0.0016233766233766235,0.0030441400304414,0.0016233766233766235,0.006299212598425197,0.008305647840531562,0.009345794392523364,0.006944444444444444,0.008156606851549755,0.0,0.0,0.007776049766718507,0.004464285714285714,0.0032102728731942215,0.027552674230145867,0.0016,0.013513513513513514,0.00676818950930626,0.0015923566878980893,0.004792332268370607,0.01584786053882726,0.004815409309791332,0.003246753246753247,0.01129032258064516,0.004754358161648178,0.0,0.011475409836065573,0.00315955766192733,0.006700167504187605,0.0015503875968992248,0.005067567567567568,0.0053285968028419185,0.015437392795883362,0.00764525993883792,0.0,0.011570247933884297,0.01048951048951049,0.0,0.010238907849829351,0.0030534351145038168,0.0016051364365971107,0.00463678516228748,0.007104795737122558,0.0,0.006688963210702341,0.0,0.0016366612111292963,0.024311183144246355,0.0,0.032467532467532464,0.0030349013657056147,0.0,0.0047694753577106515,0.03987240829346093,0.03955696202531646,0.004651162790697674,0.016233766233766232,0.001597444089456869,0.001564945226917058,0.001639344262295082,0.008038585209003215,0.004885993485342019,0.0049586776859504135,0.008038585209003215,0.004878048780487805,0.020569620253164556,0.0032310177705977385,0.01818181818181818,0.0016260162601626016,0.0045385779122541605,0.029079159935379646,0.03125,0.0049504950495049506,0.0,0.022690437601296597,0.007680491551459293,0.010810810810810811,0.0016260162601626016,0.004918032786885246,0.0031746031746031746,0.02177293934681182,0.004918032786885246,0.037914691943127965,0.022222222222222223,0.014950166112956811,0.003316749585406302,0.008361204013377926,0.0034071550255536627,0.009917355371900827,0.003289473684210526,0.0016129032258064516,0.01386748844375963,0.01,0.00975609756097561,0.0128,0.0064,0.039603960396039604,0.0047169811320754715,0.003257328990228013,0.00482315112540193,0.005067567567567568,0.0016,0.02030456852791878,0.0014970059880239522,0.013412816691505217,0.015625,0.006359300476947536,0.018867924528301886,0.01579778830963665,0.004918032786885246,0.008547008547008548,0.019639934533551555,0.010135135135135136,0.0030349013657056147,0.0016233766233766235,0.016260162601626018,0.05319148936170213,0.012924071082390954,0.006578947368421052,0.003395585738539898,0.04739336492890995,0.008503401360544218,0.016129032258064516,0.003134796238244514,0.00641025641025641,0.009554140127388535,0.006359300476947536,0.007680491551459293,0.0046439628482972135,0.022292993630573247,0.00949367088607595,0.00949367088607595,0.01800327332242226,0.008319467554076539,0.006535947712418301,0.022569444444444444,0.0031496062992125984,0.006259780907668232,0.0213089802130898,0.01549053356282272
2018,1,9,prevalence,0.001639344262295082,0.0034782608695652175,0.0030864197530864196,0.0,0.0016025641025641025,0,0.003134796238244514,0.0,0.0224,0.0032679738562091504,0.0,0.001584786053882726,0.005084745762711864,0.0016501650165016502,0.0033003300330033004,0.0,0.004658385093167702,0.0,0.03949447077409163,0.006349206349206349,0.0,0.008169934640522876,0.0015360983102918587,0.011945392491467578,0.04160246533127889,0.001639344262295082,0.003179650238473768,0.0033003300330033004,0.008305647840531562,0.0,0.009708737864077669,0.009419152276295133,0.047933884297520664,0.003169572107765452,0.003305785123966942,0.0,0.005997001499250375,0.009933774834437087,0.00322061191626409,0.0016025641025641025,0.02262443438914027,0.0015503875968992248,0.0112,0.0030911901081916537,0.003115264797507788,0.0,0.007898894154818325,0.003194888178913738,0.003305785123966942,0.0015384615384615385,0.0,0.0033444816053511705,0.0016181229773462784,0.0033613445378151263,0.0016129032258064516,0.0,0.003395585738539898,0.0032258064516129032,0.004934210526315789,0.0033783783783783786,0.0,0.00482315112540193,0.0015360983102918587,0.0032310177705977385,0.0030627871362940277,0.0032520325203252032,0.0061633281972265025,0.005154639175257732,0.006589785831960461,0.0,0.0,0.0030441400304414,0.004573170731707317,0.0,0.029801324503311258,0.0016155088852988692,0.0091324200913242,0.0033222591362126247,0.0015923566878980893,0.0032948929159802307,0.0031847133757961785,0.0032626427406199023,0.0,0.01,0.0,0.0,0.0049586776859504135,0.0032102728731942215,0.0016722408026755853,0.0015337423312883436,0.0032626427406199023,0.003472222222222222,0.013422818791946308,0.006259780907668232,0.0,0.013582342954159592,0.02154398563734291,0.0,0.006756756756756757,0.001519756838905775,0.001564945226917058,0.00315955766192733,0.0070052539404553416,0.0,0.008431703204047217,0.0,0.0016129032258064516,0.01746031746031746,0.0,0.02287581699346405,0.0,0.0,0.007961783439490446,0.027375201288244767,0.02773497688751926,0.006230529595015576,0.013029315960912053,0.0016025641025641025,0.001564945226917058,0.0016129032258064516,0.006688963210702341,0.011513157894736841,0.003236245954692557,0.0016025641025641025,0.0033222591362126247,0.0220125786163522,0.0016129032258064516,0.025602409638554216,0.001669449081803005,0.0014814814814814814,0.027070063694267517,0.01788617886178862,0.0050335570469798654,0.0016474464579901153,0.013266998341625208,0.006069802731411229,0.0035460992907801418,0.0016181229773462784,0.0016051364365971107,0.001584786053882726,0.02050473186119874,0.00487012987012987,0.04043545878693624,0.012519561815336464,0.008375209380234505,0.0016722408026755853,0.01340033500837521,0.0017094017094017094,0.0032733224222585926,0.004885993485342019,0.0016051364365971107,0.00315955766192733,0.005145797598627788,0.0050933786078098476,0.0064,0.008305647840531562,0.03114754098360656,0.0,0.011254019292604502,0.0015772870662460567,0.0033613445378151263,0.006644518272425249,0.017271157167530225,0.0,0.015527950310559006,0.009523809523809525,0.0015723270440251573,0.02086677367576244,0.032357473035439135,0.003278688524590164,0.004909983633387889,0.019736842105263157,0.0,0.0015408320493066256,0.0016155088852988692,0.017973856209150325,0.040123456790123455,0.006493506493506494,0.0017211703958691911,0.001658374792703151,0.03980891719745223,0.00505902192242833,0.016129032258064516,0.004651162790697674,0.004885993485342019,0.010050251256281407,0.001567398119122257,0.010542168674698794,0.001567398119122257,0.020569620253164556,0.0048,0.007656967840735069,0.0016313213703099511,0.004934210526315789,0.0032,0.024475524475524476,0.0030581039755351682,0.0031746031746031746,0.0124804992199688,0.0033500837520938024
2019,1,9,prevalence,0.001652892561983471,0.001736111111111111,0.003076923076923077,0.003305785123966942,0.0016207455429497568,0,0.006230529595015576,0.0015723270440251573,0.024844720496894408,0.0016025641025641025,0.0,0.0016722408026755853,0.001610305958132045,0.001610305958132045,0.00967741935483871,0.0,0.004651162790697674,0.0,0.03622047244094488,0.0032,0.0,0.0,0.0,0.006688963210702341,0.04281345565749235,0.0016233766233766235,0.0,0.0016366612111292963,0.00338409475465313,0.0,0.00333889816360601,0.0032414910858995136,0.025889967637540454,0.003169572107765452,0.004918032786885246,0.0,0.0060790273556231,0.006369426751592357,0.0033500837520938024,0.0,0.027607361963190184,0.0015527950310559005,0.007861635220125786,0.0030303030303030303,0.0015408320493066256,0.0015360983102918587,0.010835913312693499,0.007898894154818325,0.0032414910858995136,0.0015408320493066256,0.001584786053882726,0.0016286644951140066,0.0016778523489932886,0.001610305958132045,0.0016313213703099511,0.0,0.0017006802721088435,0.004777070063694267,0.0016207455429497568,0.005016722408026756,0.0,0.0031397174254317113,0.0015723270440251573,0.003179650238473768,0.004552352048558422,0.004885993485342019,0.00782472613458529,0.0034423407917383822,0.00782472613458529,0.0,0.0,0.0015503875968992248,0.0030581039755351682,0.0,0.05564924114671164,0.0016129032258064516,0.009554140127388535,0.0016666666666666668,0.0016051364365971107,0.0032679738562091504,0.0,0.0032414910858995136,0.0,0.01288244766505636,0.0,0.0016366612111292963,0.0016666666666666668,0.0016,0.0032520325203252032,0.0,0.014018691588785047,0.0,0.021666666666666667,0.0031746031746031746,0.0,0.022108843537414966,0.0285204991087344,0.0,0.0049261083743842365,0.00463678516228748,0.0,0.003129890453834116,0.005226480836236934,0.001589825119236884,0.011475409836065573,0.0,0.0015748031496062992,0.016051364365971106,0.0,0.025380710659898477,0.001519756838905775,0.0,0.003189792663476874,0.039936102236421724,0.021604938271604937,0.016,0.022328548644338118,0.009836065573770493,0.0030864197530864196,0.0016025641025641025,0.014802631578947368,0.01788617886178862,0.0032948929159802307,0.0016891891891891893,0.0033222591362126247,0.027375201288244767,0.00322061191626409,0.028744326777609682,0.0032414910858995136,0.001483679525222552,0.036334913112164295,0.023728813559322035,0.006568144499178982,0.0,0.006825938566552901,0.004608294930875576,0.001669449081803005,0.0016051364365971107,0.0,0.0,0.017915309446254073,0.004761904761904762,0.04573170731707317,0.010954616588419406,0.009787928221859706,0.006791171477079796,0.01990049751243781,0.0,0.001644736842105263,0.0016611295681063123,0.0016129032258064516,0.0016051364365971107,0.0017123287671232876,0.004991680532445923,0.0031645569620253164,0.008264462809917356,0.037914691943127965,0.0,0.01088646967340591,0.0,0.0017421602787456446,0.011764705882352941,0.010067114093959731,0.0,0.015174506828528073,0.01889763779527559,0.0,0.021103896103896104,0.03470031545741325,0.0033003300330033004,0.006201550387596899,0.03535353535353535,0.0,0.0015527950310559005,0.0,0.011058451816745656,0.0517503805175038,0.004807692307692308,0.0016666666666666668,0.0,0.03210272873194221,0.0033003300330033004,0.022617124394184167,0.004594180704441042,0.0032,0.030405405405405407,0.0,0.01694915254237288,0.001597444089456869,0.0171875,0.0015822784810126582,0.007598784194528876,0.0016155088852988692,0.0016313213703099511,0.008223684210526315,0.015901060070671377,0.004746835443037975,0.0015748031496062992,0.012422360248447204,0.0017064846416382253
2020,1,9,prevalence,0.0016556291390728477,0.0016891891891891893,0.0030816640986132513,0.006472491909385114,0.001564945226917058,0,0.009077155824508321,0.0031007751937984496,0.022292993630573247,0.0016339869281045752,0.0,0.0016339869281045752,0.0,0.0016474464579901153,0.006349206349206349,0.0,0.006279434850863423,0.0,0.0328125,0.0032733224222585926,0.0,0.0,0.0,0.0051635111876075735,0.0197869101978691,0.0016207455429497568,0.0,0.0016556291390728477,0.001639344262295082,0.0,0.001694915254237288,0.001697792869269949,0.027070063694267517,0.0032102728731942215,0.003316749585406302,0.0016025641025641025,0.0045871559633027525,0.0144,0.0033277870216306157,0.0,0.021638330757341576,0.0,0.0030864197530864196,0.0030257186081694403,0.0,0.0015151515151515152,0.012403100775193798,0.014308426073131956,0.0016313213703099511,0.0015527950310559005,0.003189792663476874,0.001669449081803005,0.0016556291390728477,0.001589825119236884,0.001639344262295082,0.0,0.0016750418760469012,0.0016051364365971107,0.001607717041800643,0.00847457627118644,0.0016207455429497568,0.0031545741324921135,0.0015174506828528073,0.003169572107765452,0.0015267175572519084,0.0016286644951140066,0.013910355486862442,0.0,0.012461059190031152,0.0,0.0,0.0,0.0015455950540958269,0.0,0.03678929765886288,0.0016155088852988692,0.026058631921824105,0.0016750418760469012,0.0016025641025641025,0.0,0.0,0.006289308176100629,0.0,0.008169934640522876,0.0,0.004885993485342019,0.0,0.0016155088852988692,0.0016207455429497568,0.0,0.0,0.0,0.020477815699658702,0.0015723270440251573,0.0,0.004838709677419355,0.02831858407079646,0.0015923566878980893,0.0032626427406199023,0.0060882800608828,0.0016286644951140066,0.004552352048558422,0.003424657534246575,0.001607717041800643,0.01839464882943144,0.0,0.001579778830963665,0.019543973941368076,0.0,0.043478260869565216,0.0015151515151515152,0.0,0.0016313213703099511,0.04878048780487805,0.0218408736349454,0.025518341307814992,0.03870967741935484,0.006472491909385114,0.004651162790697674,0.0015408320493066256,0.011326860841423949,0.045234248788368334,0.0032520325203252032,0.001658374792703151,0.0,0.02384737678855326,0.003372681281618887,0.0364741641337386,0.0016233766233766235,0.0045385779122541605,0.03840245775729647,0.02823920265780731,0.008291873963515755,0.0,0.003372681281618887,0.003115264797507788,0.005145797598627788,0.001658374792703151,0.0,0.0,0.022508038585209004,0.0049586776859504135,0.05076923076923077,0.006389776357827476,0.025477707006369428,0.013468013468013467,0.02152317880794702,0.0,0.0016181229773462784,0.001763668430335097,0.0,0.0016366612111292963,0.0017006802721088435,0.0034129692832764505,0.0031446540880503146,0.014634146341463415,0.04582651391162029,0.0,0.0,0.0,0.0017035775127768314,0.006837606837606838,0.009933774834437087,0.0,0.015527950310559006,0.014150943396226415,0.0015408320493066256,0.029556650246305417,0.028526148969889066,0.003284072249589491,0.006134969325153374,0.06020066889632107,0.0,0.0015772870662460567,0.0,0.003236245954692557,0.03265940902021773,0.0032733224222585926,0.001692047377326565,0.0,0.05799373040752351,0.0032520325203252032,0.03650793650793651,0.0015625,0.0031847133757961785,0.041666666666666664,0.0,0.006144393241167435,0.0016286644951140066,0.009433962264150943,0.0016155088852988692,0.004672897196261682,0.0016313213703099511,0.003205128205128205,0.013201320132013201,0.010398613518197574,0.012326656394453005,0.0015600624024961,0.024806201550387597,0.0017211703958691911
2021,1,9,prevalence,0.0016863406408094434,0.0,0.003134796238244514,0.0033003300330033004,0.0016025641025641025,0,0.006060606060606061,0.0,0.0144,0.0016025641025641025,0.0,0.0,0.0,0.001697792869269949,0.0030959752321981426,0.001610305958132045,0.001597444089456869,0.0,0.02936630602782071,0.003215434083601286,0.0,0.0016366612111292963,0.0,0.00338409475465313,0.0110062893081761,0.001610305958132045,0.0,0.0016638935108153079,0.0016,0.0,0.0,0.0016722408026755853,0.03697749196141479,0.0,0.0016420361247947454,0.001557632398753894,0.0015037593984962407,0.020123839009287926,0.003355704697986577,0.0,0.0109375,0.0,0.0,0.006069802731411229,0.0,0.0015174506828528073,0.015455950540958269,0.014218009478672985,0.0016233766233766235,0.0015220700152207,0.00315955766192733,0.0016051364365971107,0.0016556291390728477,0.0,0.001610305958132045,0.0017064846416382253,0.0,0.0016207455429497568,0.0,0.024875621890547265,0.0,0.0031397174254317113,0.0015723270440251573,0.003169572107765452,0.0030721966205837174,0.0016286644951140066,0.03815580286168521,0.0,0.00782472613458529,0.0,0.0,0.0,0.001584786053882726,0.0,0.018032786885245903,0.001597444089456869,0.050243111831442464,0.001669449081803005,0.001644736842105263,0.0017241379310344827,0.0,0.012461059190031152,0.0,0.001669449081803005,0.0,0.005,0.0,0.0015772870662460567,0.0032733224222585926,0.0,0.00782472613458529,0.0,0.018581081081081082,0.0032626427406199023,0.0,0.012738853503184714,0.030035335689045935,0.0,0.003305785123966942,0.005997001499250375,0.0015625,0.0030959752321981426,0.001736111111111111,0.0015923566878980893,0.02145214521452145,0.0,0.0015503875968992248,0.013223140495867768,0.008169934640522876,0.04700162074554295,0.001567398119122257,0.0,0.0,0.03115264797507788,0.0390015600624025,0.04313099041533546,0.06366459627329192,0.0272,0.009104704097116844,0.0,0.02593192868719611,0.08774834437086093,0.003257328990228013,0.016420361247947456,0.0,0.0189873417721519,0.0016638935108153079,0.03206106870229008,0.0016233766233766235,0.0014903129657228018,0.0264797507788162,0.05008347245409015,0.0050335570469798654,0.008103727714748784,0.0,0.0,0.01507537688442211,0.003355704697986577,0.0,0.0,0.01951219512195122,0.004878048780487805,0.06779661016949153,0.022222222222222223,0.015822784810126583,0.00338409475465313,0.017482517482517484,0.0016891891891891893,0.001610305958132045,0.0035087719298245615,0.0,0.0,0.0,0.0017064846416382253,0.003169572107765452,0.012924071082390954,0.06158833063209076,0.0,0.0,0.0,0.001697792869269949,0.010221465076660987,0.013422818791946308,0.0,0.0171606864274571,0.011075949367088608,0.0032102728731942215,0.03870967741935484,0.04205607476635514,0.0033277870216306157,0.003105590062111801,0.1026936026936027,0.0017421602787456446,0.0015772870662460567,0.0,0.0,0.027777777777777776,0.003236245954692557,0.0033333333333333335,0.0,0.06003159557661927,0.0016233766233766235,0.04409448818897638,0.0015360983102918587,0.013008130081300813,0.03005008347245409,0.0,0.003134796238244514,0.001597444089456869,0.008012820512820512,0.0016051364365971107,0.0015408320493066256,0.0015698587127158557,0.0016129032258064516,0.013605442176870748,0.013937282229965157,0.019817073170731708,0.0,0.03245749613601236,0.001736111111111111
2022,1,9,prevalence,0.0,0.0,0.0031645569620253164,0.003367003367003367,0.0016025641025641025,0,0.0015527950310559005,0.0015128593040847202,0.010719754977029096,0.0016155088852988692,0.0,0.0,0.0,0.0,0.0,0.001567398119122257,0.0030816640986132513,0.001644736842105263,0.02384737678855326,0.0032310177705977385,0.0,0.0015479876160990713,0.0,0.005145797598627788,0.018032786885245903,0.0016,0.0,0.0016366612111292963,0.0015698587127158557,0.0,0.0,0.001669449081803005,0.03322784810126582,0.0032310177705977385,0.0,0.0016207455429497568,0.0015503875968992248,0.01732283464566929,0.003430531732418525,0.0,0.02388535031847134,0.0,0.001519756838905775,0.010954616588419406,0.0,0.0015748031496062992,0.025757575757575757,0.01567398119122257,0.0016233766233766235,0.0062402496099844,0.004838709677419355,0.003194888178913738,0.0032520325203252032,0.0,0.0016129032258064516,0.0016835016835016834,0.0,0.0016286644951140066,0.0,0.019704433497536946,0.0,0.003179650238473768,0.0015625,0.003169572107765452,0.0031446540880503146,0.001607717041800643,0.08427876823338736,0.0,0.007874015748031496,0.0,0.0,0.0,0.0015432098765432098,0.0,0.011272141706924315,0.001589825119236884,0.08112582781456953,0.0,0.0016155088852988692,0.006779661016949152,0.0016313213703099511,0.02476780185758514,0.0,0.003284072249589491,0.0,0.003316749585406302,0.0,0.003169572107765452,0.003316749585406302,0.0,0.033973412112259974,0.0,0.019704433497536946,0.0033333333333333335,0.0,0.014586709886547812,0.02982456140350877,0.0,0.004724409448818898,0.004784688995215311,0.0016181229773462784,0.0047169811320754715,0.0016778523489932886,0.001597444089456869,0.017915309446254073,0.0,0.007656967840735069,0.014925373134328358,0.006430868167202572,0.04692556634304207,0.0015873015873015873,0.0,0.0,0.05221518987341772,0.0438871473354232,0.04952076677316294,0.08372093023255814,0.04276315789473684,0.0106544901065449,0.0,0.013157894736842105,0.07260726072607261,0.003236245954692557,0.05,0.0,0.02388535031847134,0.0016666666666666668,0.05214723926380368,0.0016611295681063123,0.001519756838905775,0.05023547880690738,0.047697368421052634,0.001652892561983471,0.003284072249589491,0.0,0.0,0.011532125205930808,0.003372681281618887,0.0,0.0,0.013029315960912053,0.003257328990228013,0.05598755832037325,0.05614567526555387,0.017054263565891473,0.0016339869281045752,0.019639934533551555,0.0,0.0048,0.0017094017094017094,0.0,0.0,0.0,0.0016501650165016502,0.004629629629629629,0.024077046548956663,0.06168831168831169,0.0,0.0,0.0,0.0017035775127768314,0.015100671140939598,0.03940886699507389,0.0015105740181268882,0.06103286384976526,0.011058451816745656,0.006420545746388443,0.031879194630872486,0.05,0.001697792869269949,0.0015313935681470138,0.08207705192629816,0.008896797153024912,0.003179650238473768,0.0,0.0,0.02073365231259968,0.003246753246753247,0.0032,0.0,0.05598755832037325,0.0,0.03894080996884735,0.0015873015873015873,0.004846526655896607,0.07060755336617405,0.0,0.0046875,0.0,0.01935483870967742,0.0,0.0015455950540958269,0.001589825119236884,0.0017094017094017094,0.02972027972027972,0.010186757215619695,0.046546546546546545,0.0,0.044274809160305344,0.005119453924914676
2023,1,9,prevalence,0.0,0.0016207455429497568,0.004846526655896607,0.004885993485342019,0.001594896331738437,0,0.0,0.0075528700906344415,0.011023622047244094,0.0,0.0032102728731942215,0.0,0.0015337423312883436,0.0,0.0,0.0015151515151515152,0.004709576138147566,0.0016420361247947454,0.043973941368078175,0.003257328990228013,0.0,0.0015360983102918587,0.0,0.008605851979345954,0.01951219512195122,0.001524390243902439,0.0017094017094017094,0.0,0.001557632398753894,0.0,0.0,0.0016722408026755853,0.028169014084507043,0.00315955766192733,0.0016051364365971107,0.001579778830963665,0.0015748031496062992,0.007739938080495356,0.0016556291390728477,0.0,0.016339869281045753,0.0,0.001584786053882726,0.006369426751592357,0.0,0.0014992503748125937,0.02607361963190184,0.017432646592709985,0.001607717041800643,0.0046875,0.001610305958132045,0.0032679738562091504,0.0033003300330033004,0.0,0.001610305958132045,0.0016339869281045752,0.0,0.0016155088852988692,0.0,0.029411764705882353,0.0,0.003169572107765452,0.0015527950310559005,0.0030721966205837174,0.0031545741324921135,0.0016129032258064516,0.183739837398374,0.0,0.004658385093167702,0.0,0.0,0.0,0.001610305958132045,0.0,0.017713365539452495,0.0032520325203252032,0.060955518945634266,0.0,0.0,0.008849557522123894,0.0016722408026755853,0.03662420382165605,0.0,0.0,0.0,0.006379585326953748,0.0,0.0016025641025641025,0.003289473684210526,0.0015337423312883436,0.07033639143730887,0.0016501650165016502,0.011272141706924315,0.0032310177705977385,0.0,0.03241491085899514,0.032590051457975985,0.0,0.006289308176100629,0.0016260162601626016,0.0015503875968992248,0.003115264797507788,0.0,0.0016233766233766235,0.022222222222222223,0.0,0.007849293563579277,0.022727272727272728,0.0015625,0.04738562091503268,0.0031446540880503146,0.0,0.0,0.0483619344773791,0.04892966360856269,0.057971014492753624,0.12305295950155763,0.04745762711864407,0.014446227929373997,0.0,0.01652892561983471,0.072,0.003169572107765452,0.14925373134328357,0.0,0.007974481658692184,0.006622516556291391,0.0717628705148206,0.0032414910858995136,0.005979073243647235,0.08280254777070063,0.0784313725490196,0.0016420361247947454,0.0033112582781456954,0.0,0.0,0.009933774834437087,0.003401360544217687,0.0,0.0,0.013008130081300813,0.0033222591362126247,0.06787330316742081,0.09494640122511486,0.023510971786833857,0.001589825119236884,0.027960526315789474,0.0,0.006389776357827476,0.0016806722689075631,0.0,0.006535947712418301,0.0,0.0016155088852988692,0.0015360983102918587,0.024077046548956663,0.09931506849315068,0.0,0.0016207455429497568,0.0,0.001652892561983471,0.010186757215619695,0.0784313725490196,0.0015313935681470138,0.08588957055214724,0.008064516129032258,0.011494252873563218,0.0304,0.06614173228346457,0.0017211703958691911,0.003110419906687403,0.0706896551724138,0.019434628975265017,0.003105590062111801,0.0,0.0,0.01904761904761905,0.001644736842105263,0.0031545741324921135,0.0,0.028938906752411574,0.004846526655896607,0.07142857142857142,0.004878048780487805,0.0016051364365971107,0.075,0.0045662100456621,0.0031847133757961785,0.0016666666666666668,0.011093502377179081,0.0,0.0,0.0,0.0016611295681063123,0.025597269624573378,0.008264462809917356,0.07006369426751592,0.0,0.04066265060240964,0.005119453924914676
2024,1,9,prevalence,0.0,0.0016313213703099511,0.0032258064516129032,0.0050335570469798654,0.0,0,0.0,0.009146341463414634,0.022364217252396165,0.0,0.0031496062992125984,0.0,0.0015037593984962407,0.0,0.003169572107765452,0.0,0.006389776357827476,0.0,0.07096774193548387,0.0,0.0,0.0015360983102918587,0.0,0.01011804384485666,0.012698412698412698,0.001557632398753894,0.001652892561983471,0.0,0.0015698587127158557,0.0,0.001639344262295082,0.0,0.023006134969325152,0.0048,0.0,0.00964630225080386,0.0,0.0,0.0016638935108153079,0.0,0.01867572156196944,0.0,0.0015723270440251573,0.004792332268370607,0.0,0.0,0.03354632587859425,0.03877221324717286,0.0016501650165016502,0.0015723270440251573,0.0047694753577106515,0.004830917874396135,0.0,0.0,0.001594896331738437,0.0,0.0,0.0015748031496062992,0.0015923566878980893,0.01788617886178862,0.0,0.0,0.0030959752321981426,0.0015552099533437014,0.0032,0.004702194357366771,0.3704918032786885,0.0,0.010852713178294573,0.0,0.0,0.0,0.0016420361247947454,0.0,0.012965964343598054,0.0032258064516129032,0.07954545454545454,0.0,0.0,0.001736111111111111,0.003289473684210526,0.04107424960505529,0.0,0.011513157894736841,0.004991680532445923,0.0031847133757961785,0.0,0.001584786053882726,0.003424657534246575,0.0015923566878980893,0.17377567140600317,0.0016501650165016502,0.0032520325203252032,0.0032733224222585926,0.0015174506828528073,0.07804878048780488,0.039316239316239315,0.0,0.017027863777089782,0.009375,0.0015313935681470138,0.003129890453834116,0.0016181229773462784,0.0,0.006493506493506494,0.0,0.004761904761904762,0.0448,0.0015552099533437014,0.04862236628849271,0.0032,0.0,0.0,0.06987577639751552,0.05,0.05863192182410423,0.13836477987421383,0.04060913705583756,0.0078125,0.0,0.008445945945945946,0.10939907550077041,0.0030816640986132513,0.288107202680067,0.001669449081803005,0.0016025641025641025,0.019801980198019802,0.07643312101910828,0.00980392156862745,0.013761467889908258,0.09951060358890701,0.06456953642384106,0.0016474464579901153,0.004909983633387889,0.0,0.0016051364365971107,0.01461038961038961,0.003389830508474576,0.0,0.0,0.009787928221859706,0.0049261083743842365,0.09365558912386707,0.13710879284649777,0.026687598116169546,0.007874015748031496,0.0196078431372549,0.0,0.008116883116883116,0.0,0.0,0.013422818791946308,0.004975124378109453,0.001589825119236884,0.0015625,0.01652892561983471,0.087248322147651,0.0,0.0016,0.0,0.0033613445378151263,0.020905923344947737,0.12214983713355049,0.0031545741324921135,0.11848341232227488,0.00819672131147541,0.0033277870216306157,0.04692556634304207,0.0821256038647343,0.001763668430335097,0.013996889580093312,0.07890222984562607,0.02443280977312391,0.004658385093167702,0.0,0.0,0.004746835443037975,0.0015600624024961,0.006289308176100629,0.0,0.04012841091492777,0.011419249592169658,0.043209876543209874,0.004975124378109453,0.0,0.09256198347107437,0.02147239263803681,0.006578947368421052,0.0,0.016181229773462782,0.0,0.0,0.0031201248049922,0.0016025641025641025,0.03672787979966611,0.005025125628140704,0.11717495987158909,0.0,0.05124223602484472,0.005199306759098787
2025,1,9,prevalence,0.0,0.003305785123966942,0.0032258064516129032,0.004885993485342019,0.0,0,0.0,0.001579778830963665,0.03912363067292645,0.0015625,0.001597444089456869,0.0,0.0014858841010401188,0.0,0.003115264797507788,0.0,0.004665629860031105,0.0,0.0734094616639478,0.0,0.0,0.0,0.0,0.006745362563237774,0.013223140495867768,0.0,0.0016722408026755853,0.001669449081803005,0.0031446540880503146,0.0,0.0016207455429497568,0.0,0.015313935681470138,0.004746835443037975,0.0,0.01594896331738437,0.0,0.0,0.0016835016835016834,0.0,0.011647254575707155,0.0,0.00631911532385466,0.011041009463722398,0.0,0.0,0.038834951456310676,0.036065573770491806,0.0016155088852988692,0.0031446540880503146,0.0,0.004777070063694267,0.0016051364365971107,0.0,0.0,0.0,0.0,0.0015600624024961,0.0015923566878980893,0.015503875968992248,0.0,0.0,0.009316770186335404,0.0,0.001579778830963665,0.006289308176100629,0.48760330578512395,0.0,0.020155038759689922,0.0,0.001669449081803005,0.0,0.001697792869269949,0.0016750418760469012,0.013201320132013201,0.0031496062992125984,0.0762987012987013,0.0031007751937984496,0.0,0.0,0.0032733224222585926,0.05475040257648953,0.0,0.006688963210702341,0.0032679738562091504,0.014240506329113924,0.0032258064516129032,0.0015698587127158557,0.005016722408026756,0.00322061191626409,0.38028169014084506,0.0015923566878980893,0.008169934640522876,0.0016863406408094434,0.0,0.11256117455138662,0.06451612903225806,0.0015337423312883436,0.0228310502283105,0.0264797507788162,0.0,0.001594896331738437,0.0015748031496062992,0.0,0.003105590062111801,0.0,0.012678288431061807,0.046948356807511735,0.0,0.08267090620031796,0.0031446540880503146,0.001557632398753894,0.0,0.0655226209048362,0.04559748427672956,0.0704,0.16139240506329114,0.02702702702702703,0.007861635220125786,0.0,0.014950166112956811,0.13016845329249618,0.0015337423312883436,0.3933649289099526,0.0,0.0,0.011764705882352941,0.09193548387096774,0.016129032258064516,0.015082956259426848,0.12845528455284552,0.07395498392282958,0.0,0.01800327332242226,0.0,0.0,0.004739336492890996,0.003305785123966942,0.0,0.0,0.0049504950495049506,0.001652892561983471,0.06125574272588055,0.16152716593245228,0.024883359253499222,0.009508716323296355,0.054773082942097026,0.0015552099533437014,0.006578947368421052,0.0,0.0,0.008347245409015025,0.03156146179401993,0.0,0.0015527950310559005,0.00487012987012987,0.07407407407407407,0.0,0.0032414910858995136,0.0,0.0180623973727422,0.013986013986013986,0.16,0.004754358161648178,0.18166939443535188,0.0016233766233766235,0.003289473684210526,0.062193126022913256,0.07974481658692185,0.0,0.03951367781155015,0.10278745644599303,0.04013377926421405,0.004761904761904762,0.0,0.003125,0.001579778830963665,0.0,0.020440251572327043,0.0,0.04361370716510903,0.01610305958132045,0.050473186119873815,0.0032520325203252032,0.0,0.1254125412541254,0.027950310559006212,0.008210180623973728,0.0,0.0420032310177706,0.0,0.0,0.006172839506172839,0.0016638935108153079,0.059602649006622516,0.006622516556291391,0.24879614767255218,0.0,0.08186195826645265,0.001736111111111111
