Time,age_start,age_end,measure,draw_0,draw_1,draw_2,draw_3,draw_4,draw_5,draw_6,draw_7,draw_8,draw_9,draw_10,draw_11,draw_12,draw_13,draw_14,draw_15,draw_16,draw_17,draw_18,draw_19,draw_20,draw_21,draw_22,draw_23,draw_24,draw_25,draw_26,draw_27,draw_28,draw_29,draw_30,draw_31,draw_32,draw_33,draw_34,draw_35,draw_36,draw_37,draw_38,draw_39,draw_40,draw_41,draw_42,draw_43,draw_44,draw_45,draw_46,draw_47,draw_48,draw_49,draw_50,draw_51,draw_52,draw_53,draw_54,draw_55,draw_56,draw_57,draw_58,draw_59,draw_60,draw_61,draw_62,draw_63,draw_64,draw_65,draw_66,draw_67,draw_68,draw_69,draw_70,draw_71,draw_72,draw_73,draw_74,draw_75,draw_76,draw_77,draw_78,draw_79,draw_80,draw_81,draw_82,draw_83,draw_84,draw_85,draw_86,draw_87,draw_88,draw_89,draw_90,draw_91,draw_92,draw_93,draw_94,draw_95,draw_96,draw_97,draw_98,draw_99,draw_100,draw_101,draw_102,draw_103,draw_104,draw_105,draw_106,draw_107,draw_108,draw_109,draw_110,draw_111,draw_112,draw_113,draw_114,draw_115,draw_116,draw_117,draw_118,draw_119,draw_120,draw_121,draw_122,draw_123,draw_124,draw_125,draw_126,draw_127,draw_128,draw_129,draw_130,draw_131,draw_132,draw_133,draw_134,draw_135,draw_136,draw_137,draw_138,draw_139,draw_140,draw_141,draw_142,draw_143,draw_144,draw_145,draw_146,draw_147,draw_148,draw_149,draw_150,draw_151,draw_152,draw_153,draw_154,draw_155,draw_156,draw_157,draw_158,draw_159,draw_160,draw_161,draw_162,draw_163,draw_164,draw_165,draw_166,draw_167,draw_168,draw_169,draw_170,draw_171,draw_172,draw_173,draw_174,draw_175,draw_176,draw_177,draw_178,draw_179,draw_180,draw_181,draw_182,draw_183,draw_184,draw_185,draw_186,draw_187,draw_188,draw_189,draw_190,draw_191,draw_192,draw_193,draw_194,draw_195,draw_196,draw_197,draw_198,draw_199
1996,1,9,prevalence,0.1563517915309446,0.16853932584269662,0.07281553398058252,0.006369426751592357,0.07455429497568881,0.25196850393700787,0.0967741935483871,0.09831029185867896,0.2563291139240506,0.2398042414355628,0.14992503748125938,0.11235955056179775,0.11509715994020926,0.176759410801964,0.16774193548387098,0.16536661466458658,0.291866028708134,0.10377358490566038,0.19224806201550387,0.2429210134128167,0.0732899022801303,0.09204368174726989,0.14328358208955225,0.10124610591900311,0.16091954022988506,0.10437710437710437,0.13099041533546327,0.12693498452012383,0.11627906976744186,0.18433931484502447,0.08108108108108109,0.08201892744479496,0.2204968944099379,0.21153846153846154,0.1262135922330097,0.22042139384116693,0.13548387096774195,0.1362179487179487,0.15206611570247933,0.19904458598726116,0.09904153354632587,0.17602427921092564,0.04430379746835443,0.1895734597156398,0.04597701149425287,0.08217054263565891,0.21348314606741572,0.14046822742474915,0.1325115562403698,0.104,0.010752688172043012,0.12779552715654952,0.13273001508295626,0.11609907120743033,0.1426256077795786,0.10823170731707317,0.2854889589905363,0.1383147853736089,0.13764510779436154,0.06525285481239804,0.038523274478330656,0.22289156626506024,0.21187800963081863,0.07547169811320754,0.1430722891566265,0.11968503937007874,0.20508744038155802,0.13239875389408098,0.13145539906103287,0.13967310549777118,0.10243055555555555,0.2966360856269113,0.1004566210045662,0.12857142857142856,0.152276295133438,0.19158878504672897,0.18529862174578868,0.10837438423645321,0.11392405063291139,0.15447154471544716,0.0676818950930626,0.1130298273155416,0.27967479674796747,0.16375198728139906,0.13228346456692913,0.2800658978583196,0.09813084112149532,0.24878048780487805,0.18888888888888888,0.22085889570552147,0.13509060955518945,0.1179245283018868,0.1206611570247934,0.09331259720062209,0.28913738019169327,0.20637329286798178,0.21815286624203822,0.25477707006369427,0.18932038834951456,0.09320695102685624,0.15673981191222572,0.2077922077922078,0.03709428129829984,0.1926040061633282,0.20394736842105263,0.03697996918335902,0.1543026706231454,0.24610591900311526,0.04100946372239748,0.3500810372771475,0.2633181126331811,0.29750778816199375,0.27929373996789725,0.16422764227642275,0.12828438948995363,0.28338278931750743,0.16153846153846155,0.03442879499217527,0.26738794435857804,0.2700617283950617,0.13213703099510604,0.2096,0.11410459587955626,0.07154471544715447,0.23618090452261306,0.08809135399673736,0.1945288753799392,0.16944024205748864,0.14528593508500773,0.16536661466458658,0.14308681672025725,0.19025157232704404,0.19025157232704404,0.12106135986733002,0.16427432216905902,0.18799368088467613,0.12140575079872204,0.25,0.14580031695721077,0.11690363349131122,0.06240713224368499,0.17307692307692307,0.19032258064516128,0.19032258064516128,0.10610932475884244,0.12291350531107739,0.17014446227929375,0.11708860759493671,0.10061919504643962,0.10061919504643962,0.10061919504643962,0.27344992050874406,0.22909698996655517,0.17828200972447325,0.06998444790046657,0.12745098039215685,0.18238993710691823,0.138801261829653,0.09924812030075188,0.12575757575757576,0.08242612752721618,0.22188449848024316,0.1126984126984127,0.12172573189522343,0.1274658573596358,0.14285714285714285,0.17432646592709986,0.2850609756097561,0.04230118443316413,0.21372854914196568,0.12703101920236337,0.20098846787479407,0.14558823529411766,0.2401883830455259,0.05627009646302251,0.23311897106109325,0.127831715210356,0.1932367149758454,0.21138211382113822,0.06626506024096386,0.056,0.08360655737704918,0.028985507246376812,0.1292517006802721,0.17226277372262774,0.09188361408882083,0.15749235474006115,0.20520673813169985,0.09344262295081968,0.07765451664025357,0.20504731861198738,0.029315960912052116,0.16825396825396827,0.19904458598726116,0.12599681020733652,0.0016260162601626016,0.0016260162601626016,0.1144578313253012,0.16422287390029325,0.2652482269503546
1997,1,9,prevalence,0.1146384479717813,0.23289902280130292,0.07167235494880546,0.00322061191626409,0.05152979066022544,0.20678513731825526,0.12025316455696203,0.11311475409836065,0.24217462932454695,0.33444259567387685,0.16,0.10726072607260725,0.1143740340030912,0.26557377049180325,0.19087837837837837,0.1402936378466558,0.31319554848966613,0.13658536585365855,0.21375186846038863,0.2541856925418569,0.08631921824104234,0.07166666666666667,0.10631741140215717,0.12807881773399016,0.17637271214642264,0.1505922165820643,0.18616144975288304,0.1262135922330097,0.17073170731707318,0.1815126050420168,0.091324200913242,0.056666666666666664,0.18945634266886327,0.21639344262295082,0.14310344827586208,0.2663230240549828,0.1554054054054054,0.13287904599659284,0.19152542372881357,0.2413223140495868,0.1449511400651466,0.20537124802527645,0.05357142857142857,0.2992,0.03161397670549085,0.09134615384615384,0.2669983416252073,0.1735985533453888,0.1564945226917058,0.09724473257698542,0.004724409448818898,0.11019736842105263,0.15165876777251186,0.1277602523659306,0.13220338983050847,0.1072,0.30247933884297523,0.10260586319218241,0.08838821490467938,0.0630048465266559,0.09508196721311475,0.16539050535987748,0.22903225806451613,0.07781456953642384,0.1564945226917058,0.11056910569105691,0.2536115569823435,0.1605960264900662,0.14123376623376624,0.12898089171974522,0.1094017094017094,0.25949367088607594,0.13628899835796388,0.13432835820895522,0.173109243697479,0.172859450726979,0.20806451612903226,0.1310116086235489,0.1291390728476821,0.1206896551724138,0.06390328151986183,0.1447587354409318,0.34105960264900664,0.1583198707592892,0.08917197452229299,0.28169014084507044,0.10301109350237718,0.2026359143327842,0.18302828618968386,0.19682539682539682,0.19230769230769232,0.16134453781512606,0.18469217970049917,0.08426073131955485,0.2292358803986711,0.2276923076923077,0.2604340567612688,0.27346278317152106,0.20922570016474465,0.09075907590759076,0.14521452145214522,0.2864321608040201,0.04383116883116883,0.20625,0.2534246575342466,0.040983606557377046,0.130568356374808,0.255700325732899,0.03858520900321544,0.24324324324324326,0.16910569105691056,0.26517571884984026,0.2558922558922559,0.15202702702702703,0.14285714285714285,0.2353870458135861,0.17480314960629922,0.0288,0.20722135007849293,0.2126984126984127,0.0743801652892562,0.21906354515050167,0.08006535947712418,0.06343906510851419,0.2198952879581152,0.11884550084889643,0.2003257328990228,0.16878980891719744,0.14330708661417324,0.2352,0.1557377049180328,0.2634920634920635,0.2634920634920635,0.07692307692307693,0.16155088852988692,0.1518578352180937,0.12020905923344948,0.2247557003257329,0.226890756302521,0.13983739837398373,0.07790143084260731,0.22347266881028938,0.24149108589951376,0.24149108589951376,0.14309484193011648,0.21642969984202212,0.13290113452188007,0.14724919093851133,0.10569105691056911,0.10569105691056911,0.10569105691056911,0.21266233766233766,0.1870748299319728,0.18448275862068966,0.07154213036565978,0.16025641025641027,0.1967741935483871,0.15081967213114755,0.05864197530864197,0.18210862619808307,0.12101910828025478,0.2346456692913386,0.11594202898550725,0.09195402298850575,0.10486322188449848,0.10673234811165845,0.15181518151815182,0.2643312101910828,0.09466437177280551,0.21835443037974683,0.1803030303030303,0.18135593220338983,0.15301391035548687,0.24161073825503357,0.06260575296108291,0.13884297520661157,0.18434782608695652,0.13964686998394862,0.2688356164383562,0.08818897637795275,0.08080808080808081,0.10869565217391304,0.04187604690117253,0.15263157894736842,0.1774960380348653,0.13556618819776714,0.1291866028708134,0.26515151515151514,0.07504363001745201,0.06156405990016639,0.29635499207606975,0.02072538860103627,0.17207792207792208,0.20672268907563024,0.17993079584775087,0.001692047377326565,0.001692047377326565,0.09724473257698542,0.13444108761329304,0.28892215568862273
1998,1,9,prevalence,0.08145580589254767,0.23529411764705882,0.0821917808219178,0.0,0.03571428571428571,0.20278637770897834,0.14149443561208266,0.11488673139158576,0.20431893687707642,0.3209677419354839,0.1388888888888889,0.11260504201680673,0.13971742543171115,0.2631578947368421,0.18257956448911222,0.10082644628099173,0.22564935064935066,0.19642857142857142,0.25227963525835867,0.22188449848024316,0.15843270868824533,0.10385259631490787,0.1150855365474339,0.12540192926045016,0.1605351170568562,0.22750424448217318,0.1625615763546798,0.11323763955342903,0.15640599001663893,0.175787728026534,0.1109350237717908,0.09475465313028765,0.16264090177133655,0.20032310177705978,0.14662273476112025,0.2652733118971061,0.14046822742474915,0.19008264462809918,0.23488773747841105,0.20198675496688742,0.15091210613598674,0.17535545023696683,0.07109004739336493,0.3612403100775194,0.05351170568561873,0.1064516129032258,0.24675324675324675,0.1992818671454219,0.1763779527559055,0.1407766990291262,0.0015337423312883436,0.08881578947368421,0.1619047619047619,0.15165876777251186,0.15187713310580206,0.10062893081761007,0.2719594594594595,0.0907563025210084,0.13485113835376533,0.06765676567656766,0.10912052117263844,0.11280487804878049,0.2508361204013378,0.06435643564356436,0.15337423312883436,0.13344316309719934,0.28548644338118023,0.1414790996784566,0.13388429752066117,0.09531502423263329,0.08485856905158069,0.2108626198083067,0.20512820512820512,0.13333333333333333,0.18166089965397925,0.2409448818897638,0.2520193861066236,0.15853658536585366,0.11519198664440734,0.10810810810810811,0.09090909090909091,0.11842105263157894,0.3272425249169435,0.14513556618819776,0.08688524590163935,0.22866894197952217,0.12442396313364056,0.18566775244299674,0.17391304347826086,0.2084639498432602,0.205,0.19249592169657423,0.22742474916387959,0.07631160572337042,0.2035541195476575,0.20211161387631976,0.2731788079470199,0.2262295081967213,0.18668831168831168,0.10490693739424704,0.11544715447154472,0.2352,0.02750809061488673,0.2124031007751938,0.25,0.03858520900321544,0.08426073131955485,0.2419871794871795,0.04227642276422764,0.15625,0.13333333333333333,0.275,0.2534246575342466,0.12520593080724876,0.1495798319327731,0.22535211267605634,0.2601880877742947,0.022292993630573247,0.17445482866043613,0.17147435897435898,0.10847457627118644,0.2529118136439268,0.09168081494057725,0.0791599353796446,0.17926186291739896,0.09411764705882353,0.288961038961039,0.21498371335504887,0.15814696485623003,0.28084415584415584,0.13957307060755336,0.2634920634920635,0.2634920634920635,0.054982817869415807,0.19055374592833876,0.20376175548589343,0.12310286677908938,0.18619582664526485,0.3132137030995106,0.18167202572347266,0.09682539682539683,0.20583468395461912,0.1859706362153344,0.1859706362153344,0.16779661016949152,0.2528,0.12372881355932204,0.1168,0.17711598746081506,0.17711598746081506,0.17711598746081506,0.267741935483871,0.14357262103505844,0.1378737541528239,0.060655737704918035,0.17492260061919504,0.20772946859903382,0.21452702702702703,0.04258675078864353,0.1942215088282504,0.14677419354838708,0.31942215088282505,0.1532258064516129,0.07496012759170653,0.06835066864784546,0.08045977011494253,0.12866449511400652,0.22432859399684044,0.1218274111675127,0.1938610662358643,0.205607476635514,0.16612377850162866,0.17784711388455537,0.260797342192691,0.04852686308492201,0.13856427378964942,0.20309810671256454,0.12082670906200318,0.21739130434782608,0.10526315789473684,0.09045226130653267,0.10891089108910891,0.03986710963455149,0.14262023217247097,0.2568659127625202,0.1605960264900662,0.143317230273752,0.2476489028213166,0.09395973154362416,0.07177814029363784,0.33014354066985646,0.0436241610738255,0.14424635332252836,0.16198347107438016,0.16123499142367068,0.0016722408026755853,0.0016722408026755853,0.09028960817717206,0.13354037267080746,0.2311178247734139
1999,1,9,prevalence,0.08075601374570447,0.2102803738317757,0.06902654867256637,0.0,0.02975206611570248,0.14556962025316456,0.09650582362728785,0.11003236245954692,0.17470881863560733,0.28938906752411575,0.1260229132569558,0.10221465076660988,0.20616883116883117,0.24878048780487805,0.17304492512479203,0.08723747980613894,0.20450885668276972,0.22129783693843594,0.20212765957446807,0.2047244094488189,0.2026578073089701,0.08250825082508251,0.12698412698412698,0.1552,0.14770797962648557,0.28448275862068967,0.13866231647634583,0.14152410575427682,0.2280130293159609,0.15619694397283532,0.13322884012539185,0.12919463087248323,0.14630225080385853,0.20751633986928106,0.14751286449399656,0.24519230769230768,0.1335559265442404,0.18646864686468648,0.32046979865771813,0.19532554257095158,0.15894039735099338,0.1653290529695024,0.17124394184168013,0.3485540334855403,0.05102040816326531,0.10897435897435898,0.21671826625386997,0.23636363636363636,0.15031645569620253,0.17096774193548386,0.0015479876160990713,0.08881578947368421,0.1143317230273752,0.23863636363636365,0.13660245183887915,0.06426332288401254,0.2662337662337662,0.10085470085470086,0.1282051282051282,0.0840064620355412,0.1270358306188925,0.11538461538461539,0.24752475247524752,0.04692556634304207,0.15492957746478872,0.13322368421052633,0.23771790808240886,0.1456,0.1642512077294686,0.07679738562091504,0.08803986710963455,0.2120253164556962,0.18668831168831168,0.18288590604026847,0.2689655172413793,0.3011093502377179,0.231496062992126,0.1588628762541806,0.08388157894736842,0.09306260575296109,0.0727580372250423,0.10543657331136738,0.25882352941176473,0.13902053712480253,0.07692307692307693,0.18840579710144928,0.2251552795031056,0.17298187808896212,0.19120135363790186,0.1723027375201288,0.1729200652528548,0.30629139072847683,0.2773972602739726,0.08429752066115702,0.20098846787479407,0.23875968992248062,0.22696245733788395,0.2854838709677419,0.2548076923076923,0.09644670050761421,0.0910569105691057,0.22913256955810146,0.03114754098360656,0.18309859154929578,0.24668874172185432,0.01610305958132045,0.030844155844155844,0.22897196261682243,0.0457516339869281,0.15141430948419302,0.14748784440842788,0.3189792663476874,0.20512820512820512,0.1291866028708134,0.11945392491467577,0.25117004680187205,0.20679012345679013,0.0288,0.21900161030595813,0.14548238897396631,0.09122203098106713,0.30642504118616143,0.06578947368421052,0.09001636661211129,0.10915492957746478,0.06301824212271974,0.25806451612903225,0.27140549273021003,0.1596774193548387,0.3409090909090909,0.119281045751634,0.172859450726979,0.172859450726979,0.07191780821917808,0.17587939698492464,0.23696682464454977,0.13769363166953527,0.175,0.3243697478991597,0.24794745484400657,0.10526315789473684,0.16336633663366337,0.16613418530351437,0.16613418530351437,0.1680960548885077,0.25039123630672927,0.09917355371900827,0.0592,0.24646781789638933,0.24646781789638933,0.24646781789638933,0.28391167192429023,0.09359605911330049,0.15894039735099338,0.06796116504854369,0.12018489984591679,0.25040650406504067,0.24872231686541738,0.044407894736842105,0.23424878836833601,0.14803149606299212,0.31446540880503143,0.23039215686274508,0.04227642276422764,0.0770392749244713,0.08414239482200647,0.12231404958677686,0.25826771653543307,0.12435233160621761,0.16293929712460065,0.2361111111111111,0.16476345840130505,0.1735668789808917,0.23294509151414308,0.07470288624787776,0.21895424836601307,0.23993288590604026,0.128500823723229,0.18821603927986907,0.10766721044045677,0.11513157894736842,0.07534246575342465,0.05149501661129568,0.14285714285714285,0.21915584415584416,0.14726027397260275,0.11056105610561057,0.1895734597156398,0.11639344262295082,0.07450331125827815,0.24065040650406505,0.04020100502512563,0.15901639344262294,0.1510673234811166,0.15525876460767946,0.0016666666666666668,0.0016666666666666668,0.0686106346483705,0.06584992343032159,0.20238095238095238
2000,1,9,prevalence,0.08528428093645485,0.24483306836248012,0.05432937181663837,0.0015723270440251573,0.03870967741935484,0.11598746081504702,0.14382402707275804,0.11041009463722397,0.14942528735632185,0.28955696202531644,0.10603588907014681,0.09450171821305842,0.2542372881355932,0.2717041800643087,0.19269102990033224,0.06403940886699508,0.2234910277324633,0.18319327731092436,0.14803149606299212,0.17084639498432602,0.26411960132890366,0.15692821368948248,0.10509554140127389,0.22932917316692666,0.13435374149659865,0.26903553299492383,0.11074918566775244,0.1723027375201288,0.1791530944625407,0.14358974358974358,0.20806451612903226,0.16971713810316139,0.14539579967689822,0.1505016722408027,0.16385135135135134,0.11544461778471139,0.14333333333333334,0.17263843648208468,0.2956081081081081,0.15682967959527824,0.2222222222222222,0.13064516129032258,0.3584905660377358,0.29439252336448596,0.09656301145662848,0.1140625,0.223950233281493,0.20640569395017794,0.1389776357827476,0.1833855799373041,0.0014903129657228018,0.11869918699186992,0.11251980982567353,0.31239935587761675,0.1343804537521815,0.07042253521126761,0.21103896103896103,0.1643835616438356,0.115,0.11292962356792144,0.1408,0.10909090909090909,0.29052969502407705,0.07023411371237458,0.19365079365079366,0.1839080459770115,0.21958925750394945,0.19001610305958133,0.18914473684210525,0.10638297872340426,0.12837837837837837,0.15,0.15296052631578946,0.1777408637873754,0.28347826086956524,0.2617124394184168,0.23943661971830985,0.1461794019933555,0.08731466227347612,0.1302170283806344,0.08756567425569177,0.09884678747940692,0.20701168614357263,0.12898089171974522,0.05844155844155844,0.23824959481361427,0.3075684380032206,0.2440944881889764,0.16020236087689713,0.1901743264659271,0.20826446280991737,0.37282780410742494,0.20032840722495895,0.052901023890784986,0.1895424836601307,0.21517027863777088,0.21890547263681592,0.21739130434782608,0.2654424040066778,0.0831918505942275,0.09061488673139159,0.18729641693811075,0.03125,0.1802773497688752,0.27347611202635913,0.02843601895734597,0.026446280991735537,0.23902439024390243,0.05958132045088567,0.13247172859450726,0.09090909090909091,0.26688102893890675,0.16339869281045752,0.08306188925081433,0.10380622837370242,0.2740157480314961,0.1949286846275753,0.013888888888888888,0.15873015873015872,0.1609375,0.10714285714285714,0.2967213114754098,0.07119741100323625,0.08441558441558442,0.1443661971830986,0.0664451827242525,0.2132701421800948,0.30392156862745096,0.1423948220064725,0.265139116202946,0.1272430668841762,0.16501650165016502,0.16501650165016502,0.09369676320272573,0.1880064829821718,0.171875,0.14912280701754385,0.11930926216640503,0.2996742671009772,0.24257425742574257,0.11006289308176101,0.1416803953871499,0.16237942122186494,0.16237942122186494,0.13157894736842105,0.21283255086071987,0.07364975450081833,0.04468412942989214,0.29606299212598425,0.29606299212598425,0.29606299212598425,0.2407108239095315,0.07425742574257425,0.1510673234811166,0.07484076433121019,0.11076443057722309,0.22445561139028475,0.23993288590604026,0.03993344425956739,0.20574162679425836,0.1331168831168831,0.24842767295597484,0.23548922056384744,0.026771653543307086,0.05855161787365177,0.06589785831960461,0.16896551724137931,0.23950233281493002,0.12457337883959044,0.10305958132045089,0.2867981790591806,0.16,0.13987138263665594,0.23519736842105263,0.08249158249158249,0.20234113712374582,0.23393739703459637,0.13694267515923567,0.2222222222222222,0.08250825082508251,0.13553719008264462,0.10956521739130434,0.047933884297520664,0.13827993254637436,0.20462046204620463,0.12372881355932204,0.15284552845528454,0.13354531001589826,0.1751592356687898,0.08914100486223663,0.1971383147853736,0.048576214405360134,0.23974763406940064,0.15460526315789475,0.1658291457286432,0.0016722408026755853,0.0016722408026755853,0.11333333333333333,0.08012820512820513,0.2736842105263158
2001,1,9,prevalence,0.06856187290969899,0.29936305732484075,0.04786324786324787,0.006339144215530904,0.03481012658227848,0.10339256865912763,0.1715686274509804,0.12738853503184713,0.15993537964458804,0.2363919129082426,0.08173076923076923,0.0727580372250423,0.31161971830985913,0.27580645161290324,0.18197278911564627,0.05090311986863711,0.22508038585209003,0.1614497528830313,0.12560386473429952,0.15055467511885895,0.22036727879799667,0.13464696223316913,0.10272873194221509,0.22580645161290322,0.13949579831932774,0.21300813008130082,0.14593698175787728,0.14082278481012658,0.16530278232405893,0.11794019933554817,0.20222929936305734,0.17089678510998307,0.12100840336134454,0.14473684210526316,0.1767515923566879,0.1328125,0.10396039603960396,0.15091210613598674,0.2270450751252087,0.17157712305025996,0.323943661971831,0.10047095761381476,0.41601255886970173,0.2049306625577812,0.10662358642972536,0.14960629921259844,0.19937205651491366,0.20418848167539266,0.1330128205128205,0.2283464566929134,0.004665629860031105,0.22838499184339314,0.09819967266775777,0.3511326860841424,0.1810344827586207,0.0796875,0.07345575959933222,0.16695059625212946,0.12755102040816327,0.13987138263665594,0.14583333333333334,0.15703703703703703,0.24143556280587275,0.09932659932659933,0.12759170653907495,0.18739635157545606,0.14100486223662884,0.24115755627009647,0.2023217247097844,0.11961722488038277,0.23355263157894737,0.14634146341463414,0.16530278232405893,0.15,0.20926243567753003,0.2507936507936508,0.2267536704730832,0.16530278232405893,0.09,0.1357615894039735,0.08214285714285714,0.10828025477707007,0.1588628762541806,0.09047619047619047,0.057692307692307696,0.16033057851239668,0.3581847649918963,0.22815533980582525,0.13321799307958476,0.2231139646869984,0.19934102141680396,0.3003246753246753,0.1912479740680713,0.05218855218855219,0.25573770491803277,0.1646153846153846,0.1746031746031746,0.23739837398373984,0.205,0.08888888888888889,0.12337662337662338,0.10675039246467818,0.034976152623211444,0.1233974358974359,0.23832528180354268,0.0265210608424337,0.019801980198019802,0.12341772151898735,0.06800618238021638,0.1918032786885246,0.10491803278688525,0.25,0.11596638655462185,0.13410596026490065,0.0979381443298969,0.3421461897356143,0.1545595054095827,0.024844720496894408,0.21587301587301588,0.15880503144654087,0.14065180102915953,0.2540453074433657,0.0875796178343949,0.0768,0.1809872029250457,0.07142857142857142,0.15136876006441224,0.2731707317073171,0.08291873963515754,0.2358642972536349,0.11437908496732026,0.20993589743589744,0.20993589743589744,0.10677966101694915,0.18600953895071543,0.15457413249211358,0.19415807560137457,0.08598726114649681,0.18739903069466882,0.25041736227045075,0.11428571428571428,0.11900826446280992,0.14733542319749215,0.14733542319749215,0.10726643598615918,0.17024539877300612,0.06776859504132231,0.05359877488514548,0.29037267080745344,0.29037267080745344,0.29037267080745344,0.270935960591133,0.06949152542372881,0.23927392739273928,0.06771653543307087,0.1347068145800317,0.19899665551839466,0.2465986394557823,0.03833333333333333,0.24025974025974026,0.13838550247116968,0.18022328548644337,0.23887973640856672,0.01589825119236884,0.04574132492113565,0.09268292682926829,0.1523972602739726,0.2223950233281493,0.13804173354735153,0.08239095315024232,0.2596599690880989,0.11885895404120443,0.14012738853503184,0.29900332225913623,0.06902356902356903,0.15474209650582363,0.20404721753794267,0.10128617363344052,0.2161290322580645,0.07096774193548387,0.13179571663920922,0.1384083044982699,0.06109324758842444,0.1750841750841751,0.208955223880597,0.11993243243243243,0.15235008103727715,0.1458670988654781,0.20766773162939298,0.0641025641025641,0.19278996865203762,0.07482993197278912,0.20031796502384738,0.1264559068219634,0.19504132231404958,0.008532423208191127,0.008532423208191127,0.08717105263157894,0.08264462809917356,0.26186830015313933
2002,1,9,prevalence,0.1020066889632107,0.26782884310618066,0.056896551724137934,0.011146496815286623,0.022292993630573247,0.08803986710963455,0.23462783171521034,0.17993630573248406,0.20933977455716588,0.18847352024922118,0.09905660377358491,0.043973941368078175,0.25749559082892415,0.2355848434925865,0.14554794520547945,0.07037643207855974,0.24600638977635783,0.1212624584717608,0.1421875,0.19298245614035087,0.23825503355704697,0.18840579710144928,0.09309791332263243,0.19935691318327975,0.12289562289562289,0.18962722852512157,0.16869565217391305,0.1762820512820513,0.13969335604770017,0.15359477124183007,0.17580645161290323,0.18272425249169436,0.116751269035533,0.1742671009771987,0.1653290529695024,0.13629160063391443,0.09833333333333333,0.18003273322422259,0.18887015177065766,0.20959147424511546,0.3686635944700461,0.10126582278481013,0.3102918586789555,0.13157894736842105,0.10742496050552923,0.13924050632911392,0.16908212560386474,0.18771929824561404,0.11305732484076433,0.23500810372771475,0.001564945226917058,0.26580226904376014,0.09724473257698542,0.2911184210526316,0.25257731958762886,0.08716323296354993,0.15953947368421054,0.17304492512479203,0.17420435510887772,0.14913657770800628,0.15384615384615385,0.14736842105263157,0.22677165354330708,0.08665511265164645,0.10517799352750809,0.2049586776859504,0.15127388535031847,0.2528,0.22405271828665568,0.18019480519480519,0.26153846153846155,0.12559618441971382,0.2032520325203252,0.1737704918032787,0.19031719532554256,0.17891373801916932,0.1896838602329451,0.19508196721311474,0.11908646003262642,0.21,0.09185441941074524,0.0592,0.17744610281923714,0.07037643207855974,0.058333333333333334,0.20672268907563024,0.2727272727272727,0.22495894909688013,0.1440677966101695,0.21967213114754097,0.13911620294599017,0.224,0.24958677685950414,0.09326424870466321,0.2231139646869984,0.16897081413210446,0.17014446227929375,0.21035058430717862,0.20130932896890344,0.0899830220713073,0.1072,0.10615384615384615,0.03508771929824561,0.145,0.1477832512315271,0.0213089802130898,0.008488964346349746,0.10383386581469649,0.08978328173374613,0.2628099173553719,0.1098546042003231,0.1325115562403698,0.06473594548551959,0.14017094017094017,0.09661016949152543,0.23027375201288244,0.1480916030534351,0.020123839009287926,0.23278688524590163,0.15325077399380804,0.18374558303886926,0.2375601926163724,0.1171875,0.08571428571428572,0.22282608695652173,0.04679376083188908,0.0784,0.2492063492063492,0.10420168067226891,0.19237147595356552,0.12479474548440066,0.2395498392282958,0.2395498392282958,0.1035031847133758,0.16363636363636364,0.16666666666666666,0.14432989690721648,0.10223642172523961,0.11075949367088607,0.26418152350081037,0.13064516129032258,0.09650582362728785,0.1376,0.1376,0.06060606060606061,0.14067278287461774,0.07457627118644068,0.047987616099071206,0.23233908948194662,0.23233908948194662,0.23233908948194662,0.2665589660743134,0.07627118644067797,0.23442622950819672,0.056782334384858045,0.15275590551181104,0.1835016835016835,0.26455906821963393,0.03789126853377265,0.20192307692307693,0.17470881863560733,0.16012558869701726,0.2064516129032258,0.01910828025477707,0.04120443740095087,0.12560386473429952,0.17132867132867133,0.1312,0.13106796116504854,0.09369951534733441,0.1987673343605547,0.11234177215189874,0.1645367412140575,0.336,0.06335616438356165,0.10965630114566285,0.16417910447761194,0.08482871125611746,0.22186495176848875,0.09180327868852459,0.16772151898734178,0.13973063973063973,0.06984126984126984,0.12897822445561138,0.17857142857142858,0.17696160267111852,0.12580645161290321,0.12622950819672132,0.3,0.06310679611650485,0.1864951768488746,0.05414551607445008,0.18095238095238095,0.1188118811881188,0.15091210613598674,0.015437392795883362,0.015437392795883362,0.08717105263157894,0.14735099337748345,0.1800302571860817
2003,1,9,prevalence,0.11371237458193979,0.23333333333333334,0.07652173913043478,0.024350649350649352,0.02857142857142857,0.07188498402555911,0.20465890183028287,0.1568,0.24143556280587275,0.16925465838509315,0.12155591572123177,0.05196850393700787,0.20985401459854014,0.2197092084006462,0.0945945945945946,0.08183306055646482,0.2949526813880126,0.11092150170648464,0.17133956386292834,0.1674491392801252,0.23220338983050848,0.2012779552715655,0.1233974358974359,0.16134185303514376,0.1135593220338983,0.1904,0.1320754716981132,0.20907617504051865,0.15345699831365936,0.1354515050167224,0.2176759410801964,0.1857379767827529,0.10396039603960396,0.24879614767255218,0.17560975609756097,0.15654952076677317,0.10333863275039745,0.1888,0.1310344827586207,0.2513562386980108,0.3364632237871675,0.09149277688603531,0.19781931464174454,0.15070643642072212,0.09531502423263329,0.1614420062695925,0.13117283950617284,0.18150087260034903,0.1746031746031746,0.25,0.01729559748427673,0.3241935483870968,0.10177705977382875,0.2355848434925865,0.3087248322147651,0.08950617283950617,0.15789473684210525,0.17455138662316477,0.22838499184339314,0.15127388535031847,0.13866231647634583,0.1400304414003044,0.17357910906298002,0.07216494845360824,0.11021069692058347,0.2146341463414634,0.16822429906542055,0.3106796116504854,0.25925925925925924,0.23237179487179488,0.21477663230240548,0.09320695102685624,0.17903225806451614,0.2736156351791531,0.19117647058823528,0.15325077399380804,0.1624790619765494,0.17495987158908508,0.168,0.19055374592833876,0.10102739726027397,0.06341463414634146,0.15497553017944535,0.0805921052631579,0.0734094616639478,0.235,0.16881028938906753,0.22096774193548388,0.13458262350936967,0.1870967741935484,0.1596774193548387,0.1796875,0.2578512396694215,0.11532125205930807,0.27168576104746317,0.20833333333333334,0.2088607594936709,0.19831932773109243,0.16719745222929935,0.09739130434782609,0.12419354838709677,0.09379727685325265,0.029320987654320986,0.11932773109243698,0.16006600660066006,0.03353658536585366,0.010221465076660987,0.0989010989010989,0.11954765751211632,0.32318104906937395,0.1437908496732026,0.183206106870229,0.04666666666666667,0.16666666666666666,0.15656565656565657,0.25848142164781907,0.16440422322775264,0.026397515527950312,0.22815533980582525,0.13567073170731708,0.23049645390070922,0.200652528548124,0.12347560975609756,0.13793103448275862,0.2037037037037037,0.06666666666666667,0.10197368421052631,0.2642740619902121,0.12690355329949238,0.18137254901960784,0.12231404958677686,0.22432859399684044,0.22432859399684044,0.10108864696734059,0.17298187808896212,0.1456752655538695,0.12798634812286688,0.11345218800648298,0.08426073131955485,0.1744,0.11736334405144695,0.09045226130653267,0.13814756671899528,0.13814756671899528,0.06506849315068493,0.09328968903436989,0.10465116279069768,0.0239880059970015,0.20977917981072555,0.20977917981072555,0.20977917981072555,0.20949263502454993,0.05132450331125828,0.3190789473684211,0.06477093206951026,0.13843648208469056,0.1490787269681742,0.2981878088962109,0.06176961602671119,0.15955766192733017,0.20954003407155025,0.1414790996784566,0.220949263502455,0.030944625407166124,0.03481012658227848,0.13079470198675497,0.24662162162162163,0.13893376413570274,0.12026359143327842,0.10047846889952153,0.13957055214723926,0.12379421221864952,0.15689381933438987,0.3300813008130081,0.04280821917808219,0.1212624584717608,0.12748344370860928,0.08032786885245902,0.2491961414790997,0.0905982905982906,0.19047619047619047,0.15449915110356535,0.09657320872274143,0.0935374149659864,0.1990521327014218,0.18530884808013356,0.12721417069243157,0.15614617940199335,0.30303030303030304,0.0848,0.2714285714285714,0.05718954248366013,0.1544461778471139,0.13636363636363635,0.11858974358974358,0.013513513513513514,0.013513513513513514,0.09385113268608414,0.28350515463917525,0.2215568862275449
2004,1,9,prevalence,0.14959349593495935,0.20187793427230047,0.13333333333333333,0.0528,0.061488673139158574,0.10256410256410256,0.21333333333333335,0.18016528925619835,0.27182866556836904,0.152276295133438,0.1510673234811166,0.04716981132075472,0.17297297297297298,0.16558441558441558,0.17307692307692307,0.08818635607321132,0.3194029850746269,0.10034602076124567,0.17823343848580442,0.1289308176100629,0.24534686971235195,0.14715189873417722,0.12274959083469722,0.12872841444270017,0.09800664451827243,0.14803149606299212,0.136986301369863,0.24292845257903495,0.18592964824120603,0.1695205479452055,0.20198675496688742,0.18585526315789475,0.09983633387888707,0.20285261489698891,0.18135593220338983,0.21052631578947367,0.11550632911392406,0.1478537360890302,0.1302170283806344,0.1950354609929078,0.26339969372128635,0.10114192495921696,0.1410459587955626,0.1362179487179487,0.10819672131147541,0.11631663974151858,0.11464968152866242,0.17035775127768313,0.175,0.21543408360128619,0.0197869101978691,0.3344103392568659,0.1362179487179487,0.24267100977198697,0.29720853858784896,0.10697674418604651,0.23460898502495842,0.14497528830313014,0.2980456026058632,0.1503267973856209,0.15472312703583063,0.16358024691358025,0.17038216560509553,0.11206896551724138,0.10628019323671498,0.14488188976377953,0.1977491961414791,0.2656,0.3161290322580645,0.27906976744186046,0.19639934533551553,0.09247648902821316,0.15806451612903225,0.2641509433962264,0.16051364365971107,0.1642512077294686,0.12414965986394558,0.15284552845528454,0.16822429906542055,0.20168067226890757,0.06872852233676977,0.0859504132231405,0.17195325542570952,0.061872909698996656,0.026578073089700997,0.23865546218487396,0.15066225165562913,0.17857142857142858,0.08881578947368421,0.13870967741935483,0.17179902755267423,0.15870570107858242,0.20907617504051865,0.11333333333333333,0.26904376012965964,0.2614173228346457,0.27531645569620256,0.19765494137353434,0.1656441717791411,0.09693877551020408,0.10714285714285714,0.09365079365079365,0.01664145234493192,0.11716171617161716,0.1762820512820513,0.05076923076923077,0.02910958904109589,0.09163987138263666,0.15,0.22350993377483444,0.1472,0.19908814589665655,0.057947019867549666,0.22660098522167488,0.3126079447322971,0.22508038585209003,0.16941529235382308,0.04792332268370607,0.20907617504051865,0.09335443037974683,0.34071550255536626,0.12520325203252033,0.11764705882352941,0.16366612111292964,0.2007233273056058,0.09930313588850175,0.2193126022913257,0.19237147595356552,0.14261460101867574,0.2,0.14214046822742474,0.18138041733547353,0.18138041733547353,0.12050078247261346,0.16523235800344235,0.17024539877300612,0.132013201320132,0.12111292962356793,0.12307692307692308,0.12520593080724876,0.15650741350906094,0.08112582781456953,0.125,0.125,0.0781758957654723,0.10064935064935066,0.1386481802426343,0.04134762633996937,0.19334389857369255,0.19334389857369255,0.19334389857369255,0.23129251700680273,0.04111842105263158,0.266347687400319,0.060897435897435896,0.1570945945945946,0.1354515050167224,0.2961165048543689,0.1361344537815126,0.11700468018720749,0.16267123287671234,0.10372771474878444,0.17335473515248795,0.03459637561779242,0.06456692913385827,0.15960912052117263,0.19528619528619529,0.13843648208469056,0.09415584415584416,0.16062992125984252,0.12866449511400652,0.17298937784522003,0.1529790660225443,0.36585365853658536,0.08695652173913043,0.11092436974789915,0.1449511400651466,0.08306709265175719,0.25878594249201275,0.1386986301369863,0.153125,0.11705685618729098,0.1152073732718894,0.0726643598615917,0.18849840255591055,0.22628951747088186,0.12322274881516587,0.19504132231404958,0.25673534072900156,0.09886547811993517,0.2533112582781457,0.06188925081433225,0.09740259740259741,0.1070811744386874,0.0991869918699187,0.025597269624573378,0.025597269624573378,0.11239669421487604,0.3502626970227671,0.25671641791044775
2005,1,9,prevalence,0.1416803953871499,0.1598173515981735,0.12459016393442623,0.0464,0.06320907617504051,0.11746031746031746,0.1760797342192691,0.20032840722495895,0.28213689482470783,0.1700787401574803,0.16639209225700163,0.03881987577639751,0.14690265486725665,0.1500815660685155,0.1646234676007005,0.090311986863711,0.36227544910179643,0.10034602076124567,0.246875,0.15064102564102563,0.19709208400646203,0.13064516129032258,0.15091210613598674,0.12828947368421054,0.17552334943639292,0.11598746081504702,0.1788756388415673,0.21875,0.2182410423452769,0.1289198606271777,0.1490787269681742,0.19047619047619047,0.13410596026490065,0.14375,0.15345699831365936,0.30806451612903224,0.1016949152542373,0.15333333333333332,0.172859450726979,0.2038664323374341,0.18292682926829268,0.11764705882352941,0.12599681020733652,0.17014446227929375,0.11973018549747048,0.10440456769983687,0.11812297734627832,0.1621160409556314,0.2117465224111283,0.17038216560509553,0.02021772939346812,0.23696682464454977,0.14402618657937807,0.2192,0.23063973063973064,0.08787878787878788,0.3651315789473684,0.15711947626841244,0.26373626373626374,0.19902912621359223,0.18106312292358803,0.16718266253869968,0.1891025641025641,0.17647058823529413,0.13658536585365855,0.1263823064770932,0.23114754098360657,0.1821138211382114,0.2900641025641026,0.3456,0.16369529983792544,0.14992025518341306,0.12057877813504823,0.2716236722306525,0.14330708661417324,0.1955128205128205,0.13582342954159593,0.10969793322734499,0.16279069767441862,0.20137693631669534,0.09882747068676717,0.07966101694915254,0.21858864027538727,0.06333333333333334,0.040453074433656956,0.21533442088091354,0.12060301507537688,0.18739903069466882,0.12186978297161936,0.11993517017828201,0.12824675324675325,0.13210445468509985,0.1891891891891892,0.14358974358974358,0.26232114467408585,0.26825396825396824,0.2903225806451613,0.24126455906821964,0.136431784107946,0.11864406779661017,0.09375,0.109375,0.03587443946188341,0.0903010033444816,0.11330049261083744,0.06656580937972768,0.02385008517887564,0.08874801901743265,0.15220949263502456,0.19701986754966888,0.14761904761904762,0.3431952662721893,0.08955223880597014,0.22772277227722773,0.2764505119453925,0.18840579710144928,0.16491754122938532,0.0636215334420881,0.18241042345276873,0.10696920583468396,0.31925675675675674,0.13517915309446255,0.10849056603773585,0.18196994991652754,0.2775800711743772,0.1254180602006689,0.30413223140495865,0.16530278232405893,0.151618398637138,0.2650793650793651,0.11333333333333333,0.19601328903654486,0.19601328903654486,0.09953343701399689,0.13705583756345177,0.1937984496124031,0.12871287128712872,0.1590909090909091,0.14174454828660435,0.09375,0.18270799347471453,0.09813874788494077,0.1588628762541806,0.1588628762541806,0.08542713567839195,0.10754414125200643,0.193717277486911,0.060221870047543584,0.1640625,0.1640625,0.1640625,0.23283082077051925,0.07085346215780998,0.2827476038338658,0.07244094488188976,0.13926174496644295,0.11092715231788079,0.19269102990033224,0.1323529411764706,0.10268562401263823,0.2182410423452769,0.12861736334405144,0.16045380875202594,0.06902086677367576,0.11513157894736842,0.16830065359477125,0.23953098827470687,0.12935323383084577,0.10883280757097792,0.1622464898595944,0.13162118780096307,0.20474777448071216,0.13843648208469056,0.24878048780487805,0.14100486223662884,0.10032894736842106,0.11514195583596215,0.08667736757624397,0.2086677367576244,0.16267123287671234,0.17197452229299362,0.12919463087248323,0.1763779527559055,0.07394957983193277,0.2387820512820513,0.20064724919093851,0.07928802588996764,0.21405228758169934,0.28304821150855364,0.1380952380952381,0.24155405405405406,0.09546925566343042,0.14054927302100162,0.14408233276157806,0.06991869918699187,0.048109965635738834,0.048109965635738834,0.0993485342019544,0.33214285714285713,0.2527131782945736
2006,1,9,prevalence,0.16024653312788906,0.1376,0.15955766192733017,0.054365733113673806,0.058823529411764705,0.15960912052117263,0.15593220338983052,0.18530884808013356,0.1890547263681592,0.17540983606557378,0.2009966777408638,0.03625377643504532,0.171875,0.18357487922705315,0.1710758377425044,0.10327868852459017,0.28177641653905056,0.07625649913344887,0.30983606557377047,0.11004784688995216,0.18302828618968386,0.14729950900163666,0.16912972085385877,0.14638157894736842,0.1890547263681592,0.08752025931928688,0.17094017094017094,0.1637239165329053,0.18566775244299674,0.12054329371816638,0.12436115843270869,0.1390728476821192,0.12580645161290321,0.11811023622047244,0.09570957095709572,0.32,0.09017713365539452,0.17014446227929375,0.19899665551839466,0.1952054794520548,0.13808801213960548,0.19801980198019803,0.11305732484076433,0.2959349593495935,0.17687074829931973,0.12560386473429952,0.17767295597484276,0.1371900826446281,0.20031055900621117,0.15055467511885895,0.02903225806451613,0.21060842433697347,0.14451827242524917,0.17560975609756097,0.1956521739130435,0.07963246554364471,0.34724540901502504,0.22276422764227644,0.2062015503875969,0.1964573268921095,0.16990291262135923,0.21840873634945399,0.2096,0.1669626998223801,0.1358609794628752,0.14241001564945227,0.22628951747088186,0.15580286168521462,0.2854889589905363,0.31530139103554866,0.1715686274509804,0.13942307692307693,0.1588785046728972,0.19631901840490798,0.1276923076923077,0.2305194805194805,0.14091680814940577,0.11147011308562198,0.12388059701492538,0.19763513513513514,0.16055846422338568,0.08121827411167512,0.3069139966273187,0.07563025210084033,0.043333333333333335,0.18270799347471453,0.12603648424543948,0.15714285714285714,0.12295081967213115,0.12292358803986711,0.10114192495921696,0.129080118694362,0.1763779527559055,0.21934369602763384,0.1967479674796748,0.2540983606557377,0.26916802610114193,0.327212020033389,0.18361153262518967,0.1232638888888889,0.11716171617161716,0.13001605136436598,0.03736920777279522,0.12353923205342238,0.13445378151260504,0.1137370753323486,0.037953795379537955,0.11650485436893204,0.18914473684210525,0.2574750830564784,0.15544871794871795,0.2784615384615385,0.09411764705882353,0.284789644012945,0.20748299319727892,0.24394184168012925,0.1901840490797546,0.10576923076923077,0.16229508196721312,0.1337579617834395,0.24914675767918087,0.1444805194805195,0.12199036918138041,0.23102310231023102,0.2714285714285714,0.17905405405405406,0.3864013266998342,0.19370078740157481,0.13442622950819672,0.21565495207667731,0.12207357859531773,0.1777408637873754,0.1777408637873754,0.1542056074766355,0.13941480206540446,0.1896551724137931,0.13548387096774195,0.16420361247947454,0.1952755905511811,0.07973421926910298,0.12824675324675325,0.17294520547945205,0.17886178861788618,0.17886178861788618,0.06988352745424292,0.1390625,0.22487223168654175,0.1147011308562197,0.1232876712328767,0.1232876712328767,0.1232876712328767,0.2185430463576159,0.07108239095315025,0.2787136294027565,0.09049079754601227,0.10238907849829351,0.10909090909090909,0.2224025974025974,0.11612903225806452,0.12341772151898735,0.20907617504051865,0.1216,0.13861386138613863,0.10031347962382445,0.17763157894736842,0.1762820512820513,0.27229299363057324,0.1444991789819376,0.13071895424836602,0.20465116279069767,0.128500823723229,0.1723625557206538,0.1859706362153344,0.2596599690880989,0.1777408637873754,0.08716323296354993,0.14175654853620956,0.09271523178807947,0.15220949263502456,0.1793570219966159,0.13744075829383887,0.13898305084745763,0.1636085626911315,0.0851063829787234,0.278816199376947,0.2087378640776699,0.09902597402597403,0.2540983606557377,0.23394495412844038,0.1901743264659271,0.16873889875666073,0.15325077399380804,0.13237639553429026,0.2184873949579832,0.06466876971608833,0.09777015437392796,0.09777015437392796,0.06115702479338843,0.24955436720142601,0.25806451612903225
2007,1,9,prevalence,0.18066561014263074,0.1456,0.20532915360501566,0.07550335570469799,0.06228373702422145,0.21227197346600332,0.16390728476821192,0.1323283082077052,0.173841059602649,0.1423948220064725,0.23355263157894737,0.046296296296296294,0.17900172117039587,0.2523364485981308,0.2144082332761578,0.14724919093851133,0.2073732718894009,0.07192982456140351,0.30049261083743845,0.19516129032258064,0.15436241610738255,0.12400635930047695,0.11538461538461539,0.1373534338358459,0.2453781512605042,0.12140575079872204,0.13921901528013583,0.12519561815336464,0.18518518518518517,0.1643835616438356,0.09612141652613827,0.11336717428087986,0.15883306320907617,0.1408,0.08542713567839195,0.2847571189279732,0.09621451104100946,0.1919191919191919,0.2544,0.20648464163822525,0.09782608695652174,0.2367549668874172,0.1426332288401254,0.40553745928338764,0.20100502512562815,0.11688311688311688,0.25040916530278234,0.11538461538461539,0.17834394904458598,0.10900473933649289,0.052980132450331126,0.17182662538699692,0.16694772344013492,0.1977491961414791,0.22278056951423786,0.10477657935285054,0.270935960591133,0.20793650793650795,0.17024539877300612,0.2,0.1643192488262911,0.2379471228615863,0.2,0.17985611510791366,0.13968253968253969,0.13782542113323124,0.20583468395461912,0.1824,0.20184899845916796,0.233587786259542,0.1525974025974026,0.11525974025974026,0.18009478672985782,0.18628912071535023,0.14746543778801843,0.2948073701842546,0.17826825127334464,0.12125984251968504,0.15477996965098634,0.16666666666666666,0.19283276450511946,0.08117443868739206,0.311336717428088,0.1152542372881356,0.055379746835443035,0.24835526315789475,0.13,0.22240802675585283,0.1488673139158576,0.10474631751227496,0.0935374149659864,0.1636904761904762,0.15673981191222572,0.24742268041237114,0.2552504038772213,0.20735785953177258,0.2504012841091493,0.29360967184801384,0.2551181102362205,0.13945578231292516,0.11577181208053691,0.14329738058551617,0.03479576399394856,0.13377926421404682,0.1309328968903437,0.12162162162162163,0.10097719869706841,0.1253968253968254,0.19306930693069307,0.22986577181208054,0.19554848966613672,0.25117739403453687,0.17898193760262726,0.25396825396825395,0.16139767054908485,0.275974025974026,0.19201228878648233,0.14967105263157895,0.1411764705882353,0.16293929712460065,0.22146507666098808,0.25122349102773245,0.15517241379310345,0.22466216216216217,0.23356401384083045,0.18664383561643835,0.3811881188118812,0.18935837245696402,0.160828025477707,0.2140625,0.15384615384615385,0.1896838602329451,0.1896838602329451,0.22995461422087746,0.14839797639123103,0.17580645161290323,0.14772727272727273,0.17435897435897435,0.22098569157392686,0.09726962457337884,0.09886547811993517,0.22842639593908629,0.23089430894308943,0.23089430894308943,0.0946843853820598,0.24804992199687986,0.22641509433962265,0.16559485530546625,0.11181102362204724,0.11181102362204724,0.11181102362204724,0.21262458471760798,0.08399366085578447,0.23274478330658105,0.0847723704866562,0.12141652613827993,0.1206611570247934,0.21690590111642744,0.20165289256198346,0.15930599369085174,0.21019108280254778,0.1189710610932476,0.1752411575562701,0.152317880794702,0.16583747927031509,0.19488817891373802,0.22113821138211381,0.27197346600331673,0.13578274760383385,0.22664624808575803,0.10099337748344371,0.17994100294985252,0.16013628620102216,0.23195084485407066,0.2263843648208469,0.10327868852459017,0.1875,0.06467661691542288,0.1140495867768595,0.16166666666666665,0.14015748031496064,0.11813643926788686,0.1646153846153846,0.10787671232876712,0.3328125,0.20094936708860758,0.15472312703583063,0.2310126582278481,0.191131498470948,0.2583732057416268,0.13368055555555555,0.25316455696202533,0.16903633491311215,0.26109215017064846,0.08265802269043761,0.1765704584040747,0.1765704584040747,0.06050955414012739,0.1911504424778761,0.22897196261682243
2008,1,9,prevalence,0.17901234567901234,0.23322683706070288,0.21450151057401812,0.07692307692307693,0.07890222984562607,0.24462809917355371,0.1821247892074199,0.12046204620462046,0.1390728476821192,0.17892976588628762,0.26885245901639343,0.08333333333333333,0.2071307300509338,0.3223787167449139,0.20347826086956522,0.18225039619651348,0.14909638554216867,0.07547169811320754,0.29264214046822745,0.3413848631239936,0.1701388888888889,0.09294871794871795,0.12828947368421054,0.15746753246753248,0.28642384105960267,0.14968152866242038,0.14629948364888123,0.18066561014263074,0.19425675675675674,0.2138047138047138,0.1390284757118928,0.09243697478991597,0.1567043618739903,0.14174454828660435,0.08012820512820513,0.15537190082644628,0.1152,0.17697594501718214,0.30844155844155846,0.2106164383561644,0.11329305135951662,0.23809523809523808,0.2,0.4253246753246753,0.17081260364842454,0.1281198003327787,0.2539130434782609,0.11003236245954692,0.17142857142857143,0.0924092409240924,0.0777027027027027,0.14774494556765164,0.16666666666666666,0.2224025974025974,0.21241830065359477,0.13500784929356358,0.26101141924959215,0.22413793103448276,0.14751552795031056,0.16558441558441558,0.17647058823529413,0.19905956112852666,0.18506998444790046,0.17679558011049723,0.1870967741935484,0.15863141524105753,0.21844660194174756,0.21428571428571427,0.19409937888198758,0.20454545454545456,0.11392405063291139,0.1280388978930308,0.16773162939297126,0.19129082426127528,0.22205438066465258,0.25170068027210885,0.2038327526132404,0.14968152866242038,0.17117117117117117,0.17666666666666667,0.22110552763819097,0.08644067796610169,0.2777777777777778,0.14991482112436116,0.0759493670886076,0.24958123953098826,0.11686143572621036,0.24877250409165302,0.11658456486042693,0.1370309951060359,0.10645724258289703,0.15038759689922482,0.23076923076923078,0.23411371237458195,0.22098569157392686,0.20163934426229507,0.2190923317683881,0.28499156829679595,0.24132492113564669,0.14358974358974358,0.14604810996563575,0.1712538226299694,0.05943536404160475,0.17763157894736842,0.17647058823529413,0.16766467065868262,0.16996699669966997,0.13225806451612904,0.16193656093489148,0.22203672787979967,0.17263843648208468,0.18335901386748846,0.2964824120603015,0.254071661237785,0.17781402936378465,0.3058252427184466,0.1926605504587156,0.13278688524590163,0.1444805194805195,0.215311004784689,0.19834710743801653,0.25,0.1984251968503937,0.2129783693843594,0.24190800681431004,0.2195945945945946,0.3525535420098847,0.26635514018691586,0.2,0.22585669781931464,0.151618398637138,0.1891891891891892,0.1891891891891892,0.3086232980332829,0.14309210526315788,0.19736842105263158,0.18078175895765472,0.2179930795847751,0.26094003241491087,0.11869918699186992,0.10064935064935066,0.21972318339100347,0.25,0.25,0.1254180602006689,0.28662420382165604,0.19185059422750425,0.23089430894308943,0.11455108359133127,0.11455108359133127,0.11455108359133127,0.2382608695652174,0.13385826771653545,0.2042483660130719,0.08936825885978428,0.1444991789819376,0.2135593220338983,0.2269170579029734,0.24528301886792453,0.21826625386996903,0.18110236220472442,0.15508885298869143,0.1634304207119741,0.14833333333333334,0.2010221465076661,0.17884914463452567,0.21360759493670886,0.43906510851419034,0.1298904538341158,0.21234939759036145,0.17235494880546076,0.20562130177514792,0.18791946308724833,0.2561349693251534,0.20666666666666667,0.10361842105263158,0.20916030534351146,0.08833333333333333,0.1262135922330097,0.18660287081339713,0.15112540192926044,0.1157556270096463,0.17754172989377845,0.12919463087248323,0.2632375189107413,0.18153364632237873,0.14696485623003194,0.19875776397515527,0.16563467492260062,0.24294670846394983,0.17353951890034364,0.32440944881889766,0.2124031007751938,0.23890784982935154,0.11058451816745656,0.2037351443123939,0.2037351443123939,0.06403940886699508,0.13285457809694792,0.2361111111111111
2009,1,9,prevalence,0.15689381933438987,0.3272450532724505,0.19728915662650603,0.06565656565656566,0.12908777969018934,0.20066889632107024,0.16775244299674266,0.15206611570247933,0.17647058823529413,0.24283305227655985,0.28662420382165604,0.09954751131221719,0.25662251655629137,0.332312404287902,0.20632279534109818,0.19122257053291536,0.15892053973013492,0.09878682842287695,0.2541528239202658,0.3719412724306688,0.1359724612736661,0.13687600644122383,0.14910858995137763,0.20717781402936378,0.24875621890547264,0.22186495176848875,0.11596638655462185,0.19273301737756715,0.1703958691910499,0.2106164383561644,0.13333333333333333,0.09672131147540984,0.18225039619651348,0.10903426791277258,0.0992,0.1399662731871838,0.17391304347826086,0.16549295774647887,0.29545454545454547,0.2593856655290102,0.1554559043348281,0.26245847176079734,0.18167456556082148,0.3008,0.19833333333333333,0.13114754098360656,0.22678571428571428,0.1358609794628752,0.15118110236220472,0.10227272727272728,0.08361204013377926,0.17996870109546165,0.15824915824915825,0.21844660194174756,0.21077654516640254,0.10969793322734499,0.20812182741116753,0.18138041733547353,0.11692307692307692,0.14618973561430793,0.2161741835147745,0.1751592356687898,0.2173202614379085,0.1546572934973638,0.2234375,0.15548780487804878,0.2,0.23052464228934816,0.2246153846153846,0.18923076923076923,0.10664605873261206,0.16267942583732056,0.1935483870967742,0.15716486902927582,0.25263157894736843,0.24319727891156462,0.17195325542570952,0.18780096308186195,0.15313935681470137,0.21202003338898165,0.2528548123980424,0.0846286701208981,0.21096345514950166,0.2188034188034188,0.11726384364820847,0.2746710526315789,0.17803660565723795,0.26897689768976896,0.1362179487179487,0.1688963210702341,0.12762237762237763,0.15118110236220472,0.18441971383147854,0.23927392739273928,0.25884244372990356,0.18677685950413223,0.20465116279069767,0.24361158432708688,0.16485225505443235,0.1896838602329451,0.1660839160839161,0.17530487804878048,0.10179640718562874,0.1899159663865546,0.2395498392282958,0.15165165165165165,0.23125996810207336,0.18253968253968253,0.20165289256198346,0.1989795918367347,0.13302034428794993,0.16164817749603805,0.4159869494290375,0.25363489499192243,0.16193656093489148,0.26484751203852325,0.21036585365853658,0.20270270270270271,0.1631321370309951,0.2762520193861066,0.2396694214876033,0.26742301458670986,0.24311183144246354,0.22166666666666668,0.23946037099494097,0.21839080459770116,0.29516129032258065,0.31937984496124033,0.17647058823529413,0.21100917431192662,0.1419031719532554,0.16917922948073702,0.16917922948073702,0.3087557603686636,0.14845024469820556,0.2346456692913386,0.18124006359300476,0.21635434412265758,0.2677165354330709,0.17704918032786884,0.1472,0.26013513513513514,0.22903225806451613,0.22903225806451613,0.13815789473684212,0.2761904761904762,0.16971713810316139,0.28524590163934427,0.153125,0.153125,0.153125,0.27563025210084036,0.16615853658536586,0.17335473515248795,0.090625,0.1325503355704698,0.19773095623987033,0.23575949367088608,0.25705329153605017,0.23854660347551343,0.15323854660347552,0.1891025641025641,0.1836734693877551,0.137987012987013,0.2113144758735441,0.16049382716049382,0.17274167987321712,0.3996655518394649,0.16940789473684212,0.22121212121212122,0.22241379310344828,0.19969742813918306,0.16557377049180327,0.289193302891933,0.23214285714285715,0.1525974025974026,0.2507598784194529,0.11148086522462562,0.2262295081967213,0.19743178170144463,0.11688311688311688,0.13782051282051283,0.17251908396946564,0.12903225806451613,0.2188449848024316,0.16930379746835442,0.13050314465408805,0.24489795918367346,0.17739403453689168,0.22756410256410256,0.23578595317725753,0.2643312101910828,0.2592,0.16521739130434782,0.1761827079934747,0.2605042016806723,0.2605042016806723,0.09328968903436989,0.1252236135957066,0.26489028213166144
2010,1,9,prevalence,0.14691943127962084,0.2744186046511628,0.19393939393939394,0.0702054794520548,0.10420168067226891,0.14590163934426228,0.19658119658119658,0.1330049261083744,0.175787728026534,0.16333333333333333,0.22990353697749197,0.1080669710806697,0.19439868204283361,0.27022900763358776,0.13821138211382114,0.13567073170731708,0.15709969788519637,0.1188118811881188,0.21335504885993486,0.2370617696160267,0.1266233766233766,0.13354531001589826,0.15934959349593497,0.15754560530679934,0.20458265139116202,0.2283464566929134,0.16229508196721312,0.17896389324960754,0.15100671140939598,0.15841584158415842,0.13322368421052633,0.07269789983844911,0.13157894736842105,0.10543130990415335,0.09328968903436989,0.11725293132328309,0.13673805601317957,0.11872909698996656,0.2581699346405229,0.24440894568690097,0.16853932584269662,0.21252059308072488,0.17084639498432602,0.21565495207667731,0.15502555366269166,0.10385259631490787,0.13080895008605853,0.1674491392801252,0.12206572769953052,0.1325503355704698,0.07718120805369127,0.13884555382215288,0.12956810631229235,0.20521172638436483,0.1833855799373041,0.12857142857142856,0.17246835443037975,0.152,0.09090909090909091,0.13145539906103287,0.1627172195892575,0.1157556270096463,0.2054140127388535,0.12345679012345678,0.2300469483568075,0.11544461778471139,0.15599343185550082,0.17580645161290323,0.1656441717791411,0.1619047619047619,0.11041009463722397,0.14645669291338584,0.12578616352201258,0.13996889580093314,0.21020092735703247,0.24749163879598662,0.17863105175292154,0.1287758346581876,0.13312693498452013,0.1865546218487395,0.21197411003236247,0.0913884007029877,0.19381107491856678,0.22866894197952217,0.10855263157894737,0.21967213114754097,0.1771523178807947,0.22258064516129034,0.13008130081300814,0.1370309951060359,0.10899653979238755,0.13707165109034267,0.13333333333333333,0.1791044776119403,0.20793650793650795,0.1482084690553746,0.1633587786259542,0.22203947368421054,0.14015748031496064,0.17529215358931552,0.1399662731871838,0.18597560975609756,0.12691131498470948,0.1772357723577236,0.19032258064516128,0.16843702579666162,0.1758957654723127,0.16377952755905512,0.18612521150592218,0.1506849315068493,0.13366336633663367,0.12480739599383667,0.3238095238095238,0.19745222929936307,0.13277310924369748,0.2233169129720854,0.2089783281733746,0.20666666666666667,0.16470588235294117,0.20880913539967375,0.1551155115511551,0.23941368078175895,0.22660098522167488,0.16552901023890784,0.18016528925619835,0.1362126245847176,0.19806763285024154,0.22308892355694226,0.11181102362204724,0.16485225505443235,0.15397350993377484,0.1414141414141414,0.1414141414141414,0.2306501547987616,0.12312811980033278,0.18122977346278318,0.18536585365853658,0.21783876500857632,0.2248427672955975,0.17405582922824303,0.1500789889415482,0.17918088737201365,0.16123778501628663,0.16123778501628663,0.11392405063291139,0.22019867549668873,0.15025041736227046,0.22241086587436332,0.1765625,0.1765625,0.1765625,0.22495894909688013,0.14069591527987896,0.15580286168521462,0.0941358024691358,0.11442786069651742,0.15213946117274169,0.1589825119236884,0.18282988871224165,0.20806451612903226,0.0989010989010989,0.18739903069466882,0.2125984251968504,0.12135922330097088,0.16472545757071547,0.15160796324655437,0.13601236476043277,0.3413848631239936,0.15849673202614378,0.1656534954407295,0.17739130434782607,0.16692426584234932,0.1503267973856209,0.2476780185758514,0.1901743264659271,0.18688524590163935,0.23636363636363636,0.13598673300165837,0.1886178861788618,0.17326732673267325,0.11038961038961038,0.1400329489291598,0.12380952380952381,0.1392,0.16463414634146342,0.13679245283018868,0.13198757763975155,0.21806853582554517,0.16329704510108864,0.1870860927152318,0.215,0.20190779014308427,0.2296875,0.1457975986277873,0.12618296529968454,0.23114754098360657,0.23114754098360657,0.08040201005025126,0.11623931623931624,0.21815286624203822
2011,1,9,prevalence,0.10802469135802469,0.22432859399684044,0.2085889570552147,0.07291666666666667,0.1040268456375839,0.15146579804560262,0.15889464594127806,0.11904761904761904,0.1631321370309951,0.1346153846153846,0.12841091492776885,0.09457364341085271,0.16363636363636364,0.209375,0.13428120063191154,0.1277258566978193,0.1566265060240964,0.1430817610062893,0.18412162162162163,0.1936026936026936,0.11961722488038277,0.15746753246753248,0.1593959731543624,0.11666666666666667,0.17495987158908508,0.19273301737756715,0.16506410256410256,0.1640625,0.1636060100166945,0.13333333333333333,0.10561056105610561,0.057692307692307696,0.11856474258970359,0.09250398724082935,0.08183306055646482,0.10305958132045089,0.0993485342019544,0.12736660929432014,0.2159468438538206,0.22491909385113268,0.14446227929373998,0.16611295681063123,0.1271860095389507,0.18780096308186195,0.12521150592216582,0.09752066115702479,0.11608623548922056,0.2073732718894009,0.11059190031152648,0.11239669421487604,0.12769485903814262,0.1203125,0.12458471760797342,0.17218543046357615,0.1547049441786284,0.14862681744749595,0.15857605177993528,0.13731825525040386,0.11076923076923077,0.10697674418604651,0.13629160063391443,0.0981012658227848,0.1589825119236884,0.10580204778156997,0.1838351822503962,0.09384615384615384,0.11589403973509933,0.16031746031746033,0.14570552147239263,0.12618296529968454,0.11616954474097331,0.1454248366013072,0.13551401869158877,0.1078125,0.1622464898595944,0.23411371237458195,0.15763546798029557,0.1270096463022508,0.125,0.13851351351351351,0.1589825119236884,0.13659359190556492,0.16339869281045752,0.23,0.09455128205128205,0.1692047377326565,0.13810316139767054,0.17133956386292834,0.10147299509001637,0.1408,0.09391304347826086,0.16139240506329114,0.11912225705329153,0.1348314606741573,0.15855572998430142,0.12892561983471074,0.15246636771300448,0.19471947194719472,0.10032362459546926,0.16166666666666665,0.10314685314685315,0.18461538461538463,0.104199066874028,0.14626391096979333,0.1627172195892575,0.141287284144427,0.13344051446945338,0.12540192926045016,0.15126050420168066,0.13298791018998274,0.11333333333333333,0.1267387944358578,0.2632398753894081,0.1958266452648475,0.12374581939799331,0.25483870967741934,0.18518518518518517,0.2036727879799666,0.1321656050955414,0.1533442088091354,0.15599343185550082,0.20128824476650564,0.17478991596638654,0.13930348258706468,0.15081967213114755,0.12580645161290321,0.18181818181818182,0.18944099378881987,0.11128526645768025,0.14378029079159935,0.12418300653594772,0.13712374581939799,0.13712374581939799,0.20032310177705978,0.1376,0.14427860696517414,0.13968253968253969,0.1834710743801653,0.1984126984126984,0.14049586776859505,0.13658536585365855,0.14356435643564355,0.13036565977742448,0.13036565977742448,0.10932475884244373,0.1879310344827586,0.11241610738255034,0.17785234899328858,0.13902053712480253,0.13902053712480253,0.13902053712480253,0.18760469011725292,0.10194902548725637,0.125,0.08042488619119878,0.12664473684210525,0.13228346456692913,0.15654952076677317,0.1358609794628752,0.16876971608832808,0.08527131782945736,0.14638157894736842,0.18048780487804877,0.12234910277324633,0.155,0.1140625,0.0970724191063174,0.2733333333333333,0.11311475409836065,0.12863705972434916,0.1264957264957265,0.15846153846153846,0.12265758091993186,0.2023217247097844,0.16,0.12866449511400652,0.21362229102167182,0.15151515151515152,0.17263843648208468,0.13643659711075443,0.08485856905158069,0.1527331189710611,0.10284810126582279,0.13643410852713178,0.16903633491311215,0.1290824261275272,0.12480499219968799,0.1819620253164557,0.15288611544461778,0.13712374581939799,0.22112211221122113,0.13526570048309178,0.1945288753799392,0.1519434628975265,0.10305958132045089,0.17898193760262726,0.17898193760262726,0.08688524590163935,0.12331081081081081,0.2048
2012,1,9,prevalence,0.09651898734177215,0.19554848966613672,0.1719242902208202,0.10291595197255575,0.08896210873146623,0.12111292962356793,0.12013536379018612,0.09872611464968153,0.1439873417721519,0.11022364217252396,0.08848080133555926,0.0953125,0.16323296354992076,0.17337461300309598,0.125,0.10876132930513595,0.15170278637770898,0.14488188976377953,0.16034482758620688,0.16323024054982818,0.0880503144654088,0.12012987012987013,0.12091503267973856,0.09624796084828711,0.15857605177993528,0.15421303656597773,0.12903225806451613,0.14678899082568808,0.23728813559322035,0.09859154929577464,0.09061488673139159,0.0625,0.10625,0.08240887480190175,0.0746031746031746,0.08974358974358974,0.08319738988580751,0.12926391382405744,0.1592775041050903,0.17488076311605724,0.11182108626198083,0.12376237623762376,0.15241057542768274,0.16025641025641027,0.1038961038961039,0.09137055837563451,0.11480865224625623,0.16715976331360946,0.09567901234567901,0.11345218800648298,0.08292682926829269,0.09846153846153846,0.09531772575250837,0.14593698175787728,0.10929853181076672,0.14285714285714285,0.1478537360890302,0.12439418416801293,0.08409785932721713,0.09480122324159021,0.11128775834658187,0.08173076923076923,0.1309148264984227,0.08417508417508418,0.13592233009708737,0.10883280757097792,0.08346709470304976,0.13975155279503104,0.14465408805031446,0.10551181102362205,0.08133971291866028,0.12032520325203253,0.10969793322734499,0.08742331288343558,0.14035087719298245,0.20066889632107024,0.13043478260869565,0.11022364217252396,0.10126582278481013,0.11073253833049404,0.137987012987013,0.10316139767054909,0.13924050632911392,0.1837748344370861,0.07923930269413629,0.1281618887015177,0.12038523274478331,0.16797488226059654,0.10771704180064309,0.12355848434925865,0.07334525939177101,0.1454248366013072,0.12280701754385964,0.11423841059602649,0.14126984126984127,0.10623946037099494,0.14586466165413534,0.17845659163987138,0.08493589743589744,0.12100840336134454,0.08388157894736842,0.13213213213213212,0.08095238095238096,0.11370716510903427,0.11707317073170732,0.12480499219968799,0.1116584564860427,0.09047619047619047,0.1361344537815126,0.11394557823129252,0.08389261744966443,0.12101910828025478,0.23125,0.15737704918032788,0.13798977853492334,0.2132701421800948,0.15847860538827258,0.1913477537437604,0.11129296235679215,0.12141652613827993,0.1308562197092084,0.17092651757188498,0.14527027027027026,0.1212624584717608,0.13008130081300814,0.09921259842519685,0.15865384615384615,0.1664050235478807,0.10542635658914729,0.11993517017828201,0.09380234505862646,0.12091503267973856,0.12091503267973856,0.16693944353518822,0.13614262560777957,0.1301482701812191,0.11477987421383648,0.16695059625212946,0.1540983606557377,0.1186161449752883,0.13333333333333333,0.11912751677852348,0.10903426791277258,0.10903426791277258,0.09922480620155039,0.12935323383084577,0.10880829015544041,0.12859560067681894,0.13043478260869565,0.13043478260869565,0.13043478260869565,0.14629948364888123,0.1036036036036036,0.11163522012578617,0.07922272047832586,0.09935897435897435,0.1187800963081862,0.13213703099510604,0.11696869851729819,0.13270142180094788,0.08320251177394035,0.12745098039215685,0.15016501650165018,0.10107197549770292,0.11892797319932999,0.09822866344605476,0.07401574803149606,0.21739130434782608,0.1045958795562599,0.11267605633802817,0.11320754716981132,0.15830721003134796,0.09948542024013722,0.1721311475409836,0.13258785942492013,0.1077943615257048,0.15813953488372093,0.11390284757118928,0.15064102564102563,0.10191082802547771,0.07475083056478406,0.11885895404120443,0.0890625,0.0916030534351145,0.15422077922077923,0.11526479750778816,0.13517665130568357,0.16972477064220184,0.13070866141732285,0.1226252158894646,0.19249592169657423,0.10509554140127389,0.16459627329192547,0.12627986348122866,0.087893864013267,0.13192182410423453,0.13192182410423453,0.08040201005025126,0.10344827586206896,0.15650741350906094
2013,1,9,prevalence,0.07424960505529225,0.2048,0.10126582278481013,0.13725490196078433,0.07166123778501629,0.11494252873563218,0.11148086522462562,0.096875,0.13333333333333333,0.09561128526645768,0.06688417618270799,0.10397553516819572,0.1563517915309446,0.15372670807453417,0.11980830670926518,0.09264705882352942,0.14015748031496064,0.12759170653907495,0.11703958691910499,0.1343804537521815,0.07042253521126761,0.10828025477707007,0.10097719869706841,0.09967320261437909,0.14261744966442952,0.13145539906103287,0.11764705882352941,0.14285714285714285,0.2533557046979866,0.0882800608828006,0.07504078303425775,0.06329113924050633,0.11272141706924316,0.07107438016528926,0.08125,0.0761904761904762,0.07830342577487764,0.11599297012302284,0.12437810945273632,0.1490066225165563,0.08794788273615635,0.10114192495921696,0.13538461538461538,0.14603174603174604,0.05591054313099041,0.07718120805369127,0.11754966887417219,0.165625,0.08527131782945736,0.09028960817717206,0.07692307692307693,0.08734939759036145,0.07894736842105263,0.12436974789915967,0.09163987138263666,0.14502529510961215,0.17061611374407584,0.0912106135986733,0.07906976744186046,0.09580838323353294,0.0898876404494382,0.07371794871794872,0.11332312404287902,0.0756578947368421,0.128,0.07377049180327869,0.0847723704866562,0.12052117263843648,0.13247172859450726,0.0819935691318328,0.06785137318255251,0.10465116279069768,0.09345794392523364,0.07448494453248812,0.13486842105263158,0.20065789473684212,0.1399662731871838,0.09904153354632587,0.10501567398119123,0.1011608623548922,0.1296,0.09061488673139159,0.12836767036450078,0.18274111675126903,0.0625,0.10801963993453355,0.14862681744749595,0.14645669291338584,0.09983361064891846,0.115,0.05799648506151142,0.1310116086235489,0.11290322580645161,0.09740259740259741,0.1287758346581876,0.11037891268533773,0.12612612612612611,0.1757188498402556,0.06891025641025642,0.11019736842105263,0.08223684210526316,0.10117302052785923,0.06041335453100159,0.10047095761381476,0.10214168039538715,0.104,0.09485530546623794,0.08548387096774193,0.10099337748344371,0.11035653650254669,0.06765676567656766,0.10903426791277258,0.1953125,0.13195548489666137,0.1406003159557662,0.1839258114374034,0.14285714285714285,0.16447368421052633,0.09803921568627451,0.11833333333333333,0.11345218800648298,0.16666666666666666,0.1423841059602649,0.10197368421052631,0.11147011308562198,0.09711684370257967,0.13543307086614173,0.15814696485623003,0.08755760368663594,0.10766721044045677,0.09475465313028765,0.09119496855345911,0.09119496855345911,0.13365539452495975,0.15127388535031847,0.127831715210356,0.08667736757624397,0.14211438474870017,0.11912751677852348,0.10841423948220065,0.12214983713355049,0.10613598673300166,0.09298780487804878,0.09298780487804878,0.10158730158730159,0.11447811447811448,0.1011608623548922,0.10562180579216354,0.13333333333333333,0.13333333333333333,0.13333333333333333,0.12396694214876033,0.09647779479326186,0.09291338582677165,0.06437125748502993,0.08796296296296297,0.10268562401263823,0.10561056105610561,0.09838709677419355,0.11419249592169657,0.11198738170347003,0.10570469798657718,0.12706270627062707,0.12848297213622292,0.09612141652613827,0.0910569105691057,0.05864197530864197,0.2,0.08661417322834646,0.10284810126582279,0.09836065573770492,0.15763546798029557,0.09830508474576272,0.13946117274167988,0.1168,0.09539473684210527,0.13744075829383887,0.10815307820299501,0.1407766990291262,0.08099688473520249,0.050488599348534204,0.09178743961352658,0.08225806451612903,0.09821428571428571,0.13278688524590163,0.1181959564541213,0.13798449612403102,0.13125,0.11041009463722397,0.1317157712305026,0.1968,0.075,0.14437689969604864,0.10163934426229508,0.05501618122977346,0.10578512396694215,0.10578512396694215,0.08538587848932677,0.10789049919484701,0.1477832512315271
2014,1,9,prevalence,0.06676783004552352,0.15934959349593497,0.07592891760904685,0.10017574692442882,0.07563025210084033,0.07679465776293823,0.06677524429967427,0.05972434915773354,0.11645962732919254,0.0796875,0.04560810810810811,0.11356466876971609,0.13442622950819672,0.12759170653907495,0.10410094637223975,0.07357357357357357,0.11698717948717949,0.10828025477707007,0.0931899641577061,0.11837455830388692,0.06456692913385827,0.0985691573926868,0.08210180623973727,0.08914100486223663,0.10517799352750809,0.10628019323671498,0.103125,0.130298273155416,0.2309027777777778,0.0765625,0.051070840197693576,0.07727975270479134,0.11221122112211221,0.057660626029654036,0.06918238993710692,0.06902086677367576,0.06382978723404255,0.07521367521367521,0.11367380560131796,0.1322314049586777,0.07011686143572621,0.07765451664025357,0.10802469135802469,0.1309148264984227,0.03260869565217391,0.0664451827242525,0.08852459016393442,0.16560509554140126,0.0734375,0.07730263157894737,0.052901023890784986,0.06976744186046512,0.06393442622950819,0.09555189456342669,0.08012820512820513,0.09743589743589744,0.15015479876160992,0.07704654895666131,0.08307692307692308,0.07418856259659969,0.07165109034267912,0.0644122383252818,0.10593900481540931,0.06873977086743044,0.12155591572123177,0.05592105263157895,0.06539074960127592,0.08914100486223663,0.10675039246467818,0.06962025316455696,0.05073649754500818,0.08103727714748785,0.07332293291731669,0.06210191082802548,0.10063897763578275,0.16086235489220563,0.108348134991119,0.06339144215530904,0.08333333333333333,0.08196721311475409,0.10776545166402536,0.06862745098039216,0.10188087774294671,0.1444991789819376,0.041666666666666664,0.0929853181076672,0.14170692431561996,0.1157556270096463,0.09001636661211129,0.09602649006622517,0.04488330341113106,0.11073825503355705,0.0867430441898527,0.0804416403785489,0.11093247588424437,0.09949409780775717,0.09923664122137404,0.12755905511811025,0.05555555555555555,0.09017713365539452,0.06349206349206349,0.09603658536585366,0.05396825396825397,0.08121019108280254,0.08183306055646482,0.06788079470198675,0.07792207792207792,0.07504078303425775,0.09302325581395349,0.08703071672354949,0.06280193236714976,0.10047095761381476,0.15457413249211358,0.10903426791277258,0.10841423948220065,0.15053763440860216,0.1150855365474339,0.14735099337748345,0.08045977011494253,0.08955223880597014,0.08527131782945736,0.16449511400651465,0.11235955056179775,0.08090614886731391,0.09320695102685624,0.07503828483920368,0.1216,0.12214983713355049,0.08461538461538462,0.08305084745762711,0.09375,0.06929133858267716,0.06929133858267716,0.11942675159235669,0.15275590551181104,0.10227272727272728,0.0732484076433121,0.1099476439790576,0.10801963993453355,0.09328968903436989,0.08710217755443886,0.09359605911330049,0.08728943338437979,0.08728943338437979,0.0804416403785489,0.09230769230769231,0.09120521172638436,0.08576329331046312,0.11690363349131122,0.11690363349131122,0.11690363349131122,0.095,0.07264296754250386,0.09724473257698542,0.04029850746268657,0.06771653543307087,0.09868421052631579,0.08695652173913043,0.0816,0.09271523178807947,0.1038961038961039,0.08469055374592833,0.10327868852459017,0.13893129770992366,0.06435643564356436,0.08452950558213716,0.056162246489859596,0.168,0.06729264475743349,0.08626198083067092,0.0805921052631579,0.1390728476821192,0.09165302782324058,0.12206572769953052,0.0926517571884984,0.08644067796610169,0.1045016077170418,0.08745874587458746,0.127831715210356,0.05754276827371695,0.042483660130718956,0.059870550161812294,0.07967479674796749,0.07692307692307693,0.11274509803921569,0.12618296529968454,0.11246200607902736,0.0989010989010989,0.09606299212598425,0.09930313588850175,0.15530903328050713,0.06366459627329192,0.12229102167182662,0.07704918032786885,0.04897314375987362,0.08794788273615635,0.08794788273615635,0.07666666666666666,0.11582381729200653,0.12195121951219512
2015,1,9,prevalence,0.03761755485893417,0.13237639553429026,0.06655574043261231,0.09773123909249563,0.06382978723404255,0.07765451664025357,0.06451612903225806,0.048558421851289835,0.11755725190839694,0.08628659476117104,0.04384485666104553,0.11513157894736842,0.10310965630114566,0.10810810810810811,0.08255451713395638,0.061633281972265024,0.10161290322580645,0.0935483870967742,0.07445008460236886,0.1103448275862069,0.0633693972179289,0.0963302752293578,0.06645056726094004,0.11237785016286644,0.0782472613458529,0.08517350157728706,0.096875,0.11378205128205128,0.13513513513513514,0.050393700787401574,0.04180064308681672,0.07776049766718507,0.10440456769983687,0.047775947281713346,0.05855161787365177,0.06046511627906977,0.04617834394904458,0.08261617900172118,0.09569377990430622,0.11276948590381426,0.05792163543441227,0.06708268330733229,0.09800918836140889,0.12759170653907495,0.026234567901234566,0.04707792207792208,0.06633499170812604,0.12213740458015267,0.0625,0.08082408874801902,0.0462046204620462,0.0630048465266559,0.057003257328990226,0.08149405772495756,0.06656101426307448,0.06788079470198675,0.17611026033690658,0.06041335453100159,0.09309309309309309,0.07246376811594203,0.06141732283464567,0.048589341692789965,0.08466453674121406,0.07540983606557378,0.10702341137123746,0.040783034257748776,0.0492845786963434,0.08250825082508251,0.08441558441558442,0.061611374407582936,0.06200317965023847,0.09570957095709572,0.04383116883116883,0.05669291338582677,0.083596214511041,0.13398692810457516,0.09930313588850175,0.05984251968503937,0.08782742681047766,0.06799336650082918,0.09331259720062209,0.07244094488188976,0.0875796178343949,0.12824675324675325,0.039816232771822356,0.08183306055646482,0.11904761904761904,0.08766233766233766,0.06776859504132231,0.0784313725490196,0.03327495621716287,0.08843537414965986,0.07401315789473684,0.061128526645768025,0.08214849921011058,0.10378912685337727,0.09146341463414634,0.10518053375196232,0.04723127035830619,0.07364975450081833,0.049679487179487176,0.0791476407914764,0.0528,0.07049180327868852,0.06239737274220033,0.06565656565656566,0.062193126022913256,0.05573248407643312,0.08955223880597014,0.0676818950930626,0.07903225806451612,0.07858243451463791,0.1346749226006192,0.08709175738724728,0.12155591572123177,0.1411042944785276,0.08978328173374613,0.13651315789473684,0.050434782608695654,0.08552631578947369,0.076103500761035,0.15849673202614378,0.08985024958402663,0.06666666666666667,0.09062003179650238,0.06738131699846861,0.10509554140127389,0.0966183574879227,0.07198748043818466,0.06699346405228758,0.09833333333333333,0.06379585326953748,0.06379585326953748,0.09421487603305785,0.12305295950155763,0.08077544426494346,0.06031746031746032,0.08542713567839195,0.08626198083067092,0.07425742574257425,0.06711409395973154,0.07419354838709677,0.09320695102685624,0.09320695102685624,0.06656580937972768,0.07005253940455342,0.07234726688102894,0.08131487889273356,0.10561056105610561,0.10561056105610561,0.10561056105610561,0.08333333333333333,0.0547945205479452,0.09872611464968153,0.03201219512195122,0.05339805825242718,0.06699346405228758,0.06957928802588997,0.07154471544715447,0.07559055118110236,0.08173076923076923,0.06543624161073826,0.08019639934533551,0.12347560975609756,0.05747126436781609,0.09105431309904154,0.04874213836477988,0.13517915309446255,0.05451713395638629,0.06446280991735537,0.06785137318255251,0.10684474123539232,0.07754442649434572,0.09569377990430622,0.07210031347962383,0.07719298245614035,0.08976377952755905,0.06902086677367576,0.11021069692058347,0.045171339563862926,0.032467532467532464,0.044585987261146494,0.06907378335949764,0.062111801242236024,0.08842443729903537,0.1136,0.11248073959938366,0.081377151799687,0.07401574803149606,0.08981001727115717,0.1309148264984227,0.04434250764525994,0.09545454545454546,0.0594059405940594,0.0368,0.08387096774193549,0.08387096774193549,0.058823529411764705,0.10344827586206896,0.12374581939799331
2016,1,9,prevalence,0.03949447077409163,0.119281045751634,0.04713804713804714,0.07979626485568761,0.05339805825242718,0.081377151799687,0.03355704697986577,0.06379821958456973,0.11278195488721804,0.06771653543307087,0.03361344537815126,0.09268292682926829,0.07777777777777778,0.08934169278996865,0.07436708860759493,0.04482225656877898,0.07389162561576355,0.07512520868113523,0.058922558922558925,0.09215017064846416,0.04954954954954955,0.06572769953051644,0.06269592476489028,0.11292962356792144,0.06269592476489028,0.06862745098039216,0.07936507936507936,0.10163934426229508,0.10066006600660066,0.055205047318611984,0.030448717948717948,0.0717557251908397,0.08166666666666667,0.033112582781456956,0.06,0.04747774480712166,0.028708133971291867,0.05945945945945946,0.07177814029363784,0.08780487804878048,0.046822742474916385,0.05434782608695652,0.08709175738724728,0.11019736842105263,0.02050473186119874,0.04186795491143317,0.05152979066022544,0.09891808346213292,0.052307692307692305,0.048818897637795275,0.02922077922077922,0.048,0.03915171288743882,0.05912162162162162,0.046801872074883,0.04975124378109453,0.14528593508500773,0.04769475357710652,0.07646176911544228,0.059967585089141004,0.046031746031746035,0.03877221324717286,0.06761006289308176,0.055031446540880505,0.07768595041322314,0.03145695364238411,0.0372168284789644,0.05902192242833052,0.064891846921797,0.04595879556259905,0.052132701421800945,0.06525285481239804,0.04272151898734177,0.038880248833592534,0.0592,0.11326860841423948,0.07692307692307693,0.03636363636363636,0.07264296754250386,0.05,0.06018518518518518,0.07142857142857142,0.062402496099843996,0.11423841059602649,0.055900621118012424,0.06230031948881789,0.09204368174726989,0.06645569620253164,0.05365853658536585,0.05527638190954774,0.026362038664323375,0.07375643224699828,0.05912162162162162,0.04769475357710652,0.05492730210016155,0.08267090620031796,0.07208588957055215,0.08448540706605223,0.03968253968253968,0.07603305785123966,0.0492845786963434,0.05128205128205128,0.03354632587859425,0.05331179321486268,0.04567699836867863,0.05306799336650083,0.04830917874396135,0.041401273885350316,0.09046052631578948,0.052100840336134456,0.05306799336650083,0.06870229007633588,0.11196319018404909,0.065625,0.07820299500831947,0.1191553544494721,0.07741935483870968,0.0896,0.036020583190394515,0.06199021207177814,0.06412213740458016,0.12987012987012986,0.08852459016393442,0.04590163934426229,0.06656101426307448,0.061933534743202415,0.09508716323296355,0.07272727272727272,0.05669291338582677,0.05008347245409015,0.07967479674796749,0.046104928457869634,0.046104928457869634,0.06565656565656566,0.10032362459546926,0.06041335453100159,0.047021943573667714,0.07006369426751592,0.06339144215530904,0.05144694533762058,0.050522648083623695,0.0628099173553719,0.08320251177394035,0.08320251177394035,0.05891238670694864,0.04647160068846816,0.06050955414012739,0.05749128919860627,0.06581059390048154,0.06581059390048154,0.06581059390048154,0.06473594548551959,0.046583850931677016,0.07680491551459294,0.02909647779479326,0.04,0.06351791530944625,0.051070840197693576,0.05357142857142857,0.05572755417956656,0.06836248012718601,0.043697478991596636,0.05564648117839607,0.11295180722891567,0.04862236628849271,0.08752025931928688,0.030744336569579287,0.10668789808917198,0.04588607594936709,0.05392156862745098,0.05,0.07781456953642384,0.050393700787401574,0.07317073170731707,0.05108359133126935,0.05902192242833052,0.0625,0.05705229793977813,0.08866995073891626,0.03230769230769231,0.02531645569620253,0.02922077922077922,0.05,0.037037037037037035,0.07790143084260731,0.10726072607260725,0.08695652173913043,0.0624,0.052547770700636945,0.06678082191780822,0.08860759493670886,0.028744326777609682,0.0680786686838124,0.04715447154471545,0.03376205787781351,0.07244094488188976,0.07244094488188976,0.030100334448160536,0.08809135399673736,0.10679611650485436
2017,1,9,prevalence,0.03666666666666667,0.08547008547008547,0.02891156462585034,0.06754530477759473,0.03627760252365931,0.08163265306122448,0.02003338898163606,0.054411764705882354,0.0888208269525268,0.04665629860031104,0.01903114186851211,0.08870967741935484,0.05128205128205128,0.05329153605015674,0.04874213836477988,0.028526148969889066,0.050335570469798654,0.07119741100323625,0.034482758620689655,0.05423728813559322,0.0406015037593985,0.04133545310015898,0.05448717948717949,0.087248322147651,0.04024767801857585,0.032467532467532464,0.05993690851735016,0.07370184254606366,0.0664451827242525,0.03875968992248062,0.019077901430842606,0.06317411402157165,0.07072368421052631,0.021630615640599003,0.06027820710973725,0.03592814371257485,0.019138755980861243,0.04736842105263158,0.047775947281713346,0.06984126984126984,0.03620689655172414,0.032507739938080496,0.080370942812983,0.06290322580645161,0.006191950464396285,0.02377179080824089,0.03821656050955414,0.0851063829787234,0.03322784810126582,0.03379416282642089,0.04574132492113565,0.02843601895734597,0.02666666666666667,0.037162162162162164,0.0330188679245283,0.04383116883116883,0.096875,0.025078369905956112,0.06927710843373494,0.029315960912052116,0.023696682464454975,0.022222222222222223,0.046583850931677016,0.04595879556259905,0.06403940886699508,0.024916943521594685,0.027156549520766772,0.037953795379537955,0.03459637561779242,0.020537124802527645,0.03610675039246468,0.047697368421052634,0.03379416282642089,0.02365930599369085,0.03349282296650718,0.08986928104575163,0.06076388888888889,0.03474320241691843,0.05443234836702955,0.03355704697986577,0.046583850931677016,0.05910543130990415,0.050078247261345854,0.10543657331136738,0.0724191063174114,0.03758169934640523,0.05745341614906832,0.04276315789473684,0.0392156862745098,0.03514376996805112,0.014184397163120567,0.05527638190954774,0.039735099337748346,0.02197802197802198,0.034976152623211444,0.05466237942122187,0.05451713395638629,0.059654631083202514,0.02996845425867508,0.07394957983193277,0.0366412213740458,0.031746031746031744,0.026446280991735537,0.037337662337662336,0.022764227642276424,0.059870550161812294,0.029874213836477988,0.026771653543307086,0.06721311475409836,0.03125,0.0352,0.05687203791469194,0.08421052631578947,0.03943217665615142,0.07419898819561552,0.09365558912386707,0.04784688995215311,0.0732484076433121,0.012006861063464836,0.03770491803278689,0.04672897196261682,0.08156606851549755,0.054276315789473686,0.032948929159802305,0.039619651347068144,0.05446293494704992,0.05741626794258373,0.04654895666131621,0.03184713375796178,0.029950083194675542,0.07119741100323625,0.03492063492063492,0.03492063492063492,0.03826955074875208,0.08514190317195326,0.04409448818897638,0.030721966205837174,0.0467741935483871,0.04595879556259905,0.032679738562091505,0.033628318584070796,0.042789223454833596,0.050393700787401574,0.050393700787401574,0.046686746987951805,0.028716216216216218,0.04597701149425287,0.034782608695652174,0.04180064308681672,0.04180064308681672,0.04180064308681672,0.04326123128119801,0.03115264797507788,0.05429864253393665,0.02635658914728682,0.030894308943089432,0.06359300476947535,0.028616852146263912,0.03278688524590164,0.033707865168539325,0.06341463414634146,0.02280130293159609,0.0330188679245283,0.08196721311475409,0.05071315372424723,0.07479674796747968,0.02090032154340836,0.07028753993610223,0.02996845425867508,0.023608768971332208,0.02900763358778626,0.0636215334420881,0.04383116883116883,0.051118210862619806,0.032507739938080496,0.04230118443316413,0.04574132492113565,0.045171339563862926,0.05475040257648953,0.017054263565891473,0.014729950900163666,0.022950819672131147,0.0379746835443038,0.02945736434108527,0.0593900481540931,0.07730263157894737,0.0671875,0.03685897435897436,0.038834951456310676,0.042444821731748725,0.07476635514018691,0.012326656394453005,0.0390625,0.03064516129032258,0.01929260450160772,0.06031746031746032,0.06031746031746032,0.019448946515397084,0.06869009584664537,0.06699346405228758
2018,1,9,prevalence,0.05,0.051194539249146756,0.03511705685618729,0.048859934853420196,0.02106969205834684,0.06518282988871224,0.008635578583765112,0.048600883652430045,0.07165109034267912,0.031201248049921998,0.007142857142857143,0.06026058631921824,0.026856240126382307,0.021207177814029365,0.027960526315789474,0.016181229773462782,0.02577319587628866,0.060955518945634266,0.016474464579901153,0.023333333333333334,0.030534351145038167,0.018867924528301886,0.03745928338762215,0.07026143790849673,0.03048780487804878,0.01155115511551155,0.03542673107890499,0.04753820033955857,0.05676126878130217,0.02365930599369085,0.0016339869281045752,0.037267080745341616,0.05154639175257732,0.004942339373970346,0.03785488958990536,0.023112480739599383,0.004862236628849271,0.03180212014134275,0.017828200972447326,0.04430379746835443,0.03672787979966611,0.017214397496087636,0.04574132492113565,0.035541195476575124,0.0031201248049922,0.02034428794992175,0.031055900621118012,0.05732484076433121,0.02009273570324575,0.015360983102918587,0.0421216848673947,0.009508716323296355,0.007961783439490446,0.01155115511551155,0.009584664536741214,0.03508771929824561,0.07044410413476264,0.011111111111111112,0.047839506172839504,0.018518518518518517,0.009693053311793215,0.008064516129032258,0.01687116564417178,0.028481012658227847,0.03156146179401993,0.011513157894736841,0.008064516129032258,0.0214168039538715,0.03035143769968051,0.004807692307692308,0.03930817610062893,0.02631578947368421,0.018808777429467086,0.006389776357827476,0.01461038961038961,0.05922165820642978,0.040421792618629174,0.039755351681957186,0.03571428571428571,0.009836065573770493,0.03365384615384615,0.039816232771822356,0.028081123244929798,0.06525285481239804,0.058646616541353384,0.016611295681063124,0.03968253968253968,0.024958402662229616,0.021739130434782608,0.02040816326530612,0.006956521739130435,0.02782608695652174,0.013136288998357963,0.004838709677419355,0.012678288431061807,0.029508196721311476,0.028125,0.0304,0.008090614886731391,0.07508532423208192,0.030120481927710843,0.03870967741935484,0.0144,0.01751592356687898,0.011532125205930808,0.040783034257748776,0.012903225806451613,0.014195583596214511,0.06026058631921824,0.020689655172413793,0.020833333333333332,0.03767660910518053,0.040584415584415584,0.01564945226917058,0.057096247960848286,0.0705521472392638,0.02531645569620253,0.05672609400324149,0.005136986301369863,0.02287581699346405,0.020123839009287926,0.04918032786885246,0.04462809917355372,0.011705685618729096,0.02711323763955343,0.04769001490312966,0.01800327332242226,0.024549918166939442,0.03554868624420402,0.014754098360655738,0.05365853658536585,0.02050473186119874,0.02050473186119874,0.02891156462585034,0.057660626029654036,0.019801980198019802,0.013740458015267175,0.02875399361022364,0.017543859649122806,0.014492753623188406,0.02608695652173913,0.01751592356687898,0.028037383177570093,0.028037383177570093,0.03003003003003003,0.016556291390728478,0.02287581699346405,0.013961605584642234,0.03079416531604538,0.03079416531604538,0.03079416531604538,0.014900662251655629,0.023809523809523808,0.027439024390243903,0.02786377708978328,0.015723270440251572,0.03656597774244833,0.0109204368174727,0.013157894736842105,0.00782472613458529,0.05582137161084529,0.008130081300813009,0.007987220447284345,0.0700152207001522,0.029459901800327332,0.03902439024390244,0.009584664536741214,0.03968253968253968,0.00967741935483871,0.008375209380234505,0.00625,0.04220779220779221,0.03492063492063492,0.0124804992199688,0.01228878648233487,0.02079722703639515,0.03374233128834356,0.02926829268292683,0.023333333333333334,0.011041009463722398,0.004658385093167702,0.011400651465798045,0.03421461897356143,0.017241379310344827,0.030497592295345103,0.054009819967266774,0.05388272583201268,0.019077901430842606,0.01607717041800643,0.02249134948096886,0.04662379421221865,0.004559270516717325,0.015337423312883436,0.020537124802527645,0.006369426751592357,0.03354632587859425,0.03354632587859425,0.013201320132013201,0.0512,0.0416
2019,1,9,prevalence,0.042662116040955635,0.025951557093425604,0.013422818791946308,0.04292527821939587,0.014469453376205787,0.0423861852433281,0.005016722408026756,0.0712166172106825,0.06539074960127592,0.02321981424148607,0.0017953321364452424,0.05090311986863711,0.0110062893081761,0.006622516556291391,0.0196078431372549,0.009724473257698542,0.0066555740432612314,0.05360134003350084,0.0,0.013651877133105802,0.015313935681470138,0.00778816199376947,0.02750809061488673,0.062193126022913256,0.016975308641975308,0.0016666666666666668,0.03125,0.03103448275862069,0.05245346869712352,0.01386748844375963,0.0,0.030816640986132512,0.03571428571428571,0.0016233766233766235,0.030816640986132512,0.009202453987730062,0.003215434083601286,0.01263537906137184,0.007987220447284345,0.01951219512195122,0.014778325123152709,0.001567398119122257,0.04472843450479233,0.022913256955810146,0.0,0.017488076311605722,0.014516129032258065,0.045813586097946286,0.013996889580093312,0.01188707280832095,0.032208588957055216,0.003194888178913738,0.0061162079510703364,0.003305785123966942,0.001589825119236884,0.021241830065359478,0.04975922953451043,0.0032102728731942215,0.04936305732484077,0.011725293132328308,0.0065040650406504065,0.0031496062992125984,0.007680491551459293,0.0249609984399376,0.011608623548922056,0.0049833887043189366,0.001584786053882726,0.013114754098360656,0.02564102564102564,0.00473186119873817,0.0264797507788162,0.01675041876046901,0.012558869701726845,0.0016207455429497568,0.004878048780487805,0.02680067001675042,0.024390243902439025,0.04126984126984127,0.023923444976076555,0.0033277870216306157,0.0192,0.026234567901234566,0.0109204368174727,0.049206349206349205,0.0425531914893617,0.006472491909385114,0.019261637239165328,0.011686143572621035,0.013289036544850499,0.004573170731707317,0.0035087719298245615,0.01507537688442211,0.005016722408026756,0.0015822784810126582,0.0,0.0196078431372549,0.014469453376205787,0.014446227929373997,0.0,0.07370184254606366,0.013657056145675266,0.03739837398373984,0.004862236628849271,0.006589785831960461,0.004878048780487805,0.04716981132075472,0.00641025641025641,0.00322061191626409,0.04966887417218543,0.008532423208191127,0.018957345971563982,0.027375201288244767,0.018803418803418803,0.013910355486862442,0.06166666666666667,0.040310077519379844,0.014173228346456693,0.04186795491143317,0.0016722408026755853,0.025396825396825397,0.012121212121212121,0.03099510603588907,0.019801980198019802,0.003246753246753247,0.01732283464566929,0.027982326951399118,0.004862236628849271,0.013422818791946308,0.02694136291600634,0.003316749585406302,0.04416403785488959,0.01228878648233487,0.01228878648233487,0.03993055555555555,0.041390728476821195,0.01001669449081803,0.004524886877828055,0.010903426791277258,0.0016,0.006299212598425197,0.033391915641476276,0.0096,0.014423076923076924,0.014423076923076924,0.017080745341614908,0.004830917874396135,0.011272141706924315,0.006802721088435374,0.01589825119236884,0.01589825119236884,0.01589825119236884,0.0016611295681063123,0.019769357495881382,0.021671826625386997,0.012598425196850394,0.004739336492890996,0.02622950819672131,0.001557632398753894,0.003236245954692557,0.006060606060606061,0.04784688995215311,0.0016260162601626016,0.0046875,0.04482225656877898,0.018302828618968387,0.027287319422150885,0.0033003300330033004,0.007898894154818325,0.004918032786885246,0.001644736842105263,0.0015360983102918587,0.03431372549019608,0.03930817610062893,0.0,0.0046439628482972135,0.013582342954159592,0.0265625,0.023026315789473683,0.013050570962479609,0.006279434850863423,0.003048780487804878,0.009554140127388535,0.023112480739599383,0.0032626427406199023,0.015698587127158554,0.038523274478330656,0.041401273885350316,0.012403100775193798,0.003278688524590164,0.02249134948096886,0.033816425120772944,0.0,0.004672897196261682,0.012759170653907496,0.003305785123966942,0.0219435736677116,0.0219435736677116,0.009508716323296355,0.0327613104524181,0.02511773940345369
2020,1,9,prevalence,0.045,0.013769363166953529,0.006611570247933884,0.017080745341614908,0.014563106796116505,0.021341463414634148,0.004934210526315789,0.08941877794336811,0.08173076923076923,0.01589825119236884,0.0,0.03685897435897436,0.0062402496099844,0.0032310177705977385,0.00980392156862745,0.008051529790660225,0.0,0.057432432432432436,0.001594896331738437,0.008319467554076539,0.006546644844517185,0.005988023952095809,0.025437201907790145,0.1143317230273752,0.00764525993883792,0.0,0.021241830065359478,0.020066889632107024,0.026755852842809364,0.0047169811320754715,0.0,0.0265625,0.032758620689655175,0.0,0.03709428129829984,0.00473186119873817,0.0,0.003472222222222222,0.001567398119122257,0.00641025641025641,0.01129032258064516,0.0,0.0641025641025641,0.014331210191082803,0.0,0.019639934533551555,0.008143322475570033,0.03317535545023697,0.006379585326953748,0.0030534351145038168,0.024691358024691357,0.0,0.0030257186081694403,0.0016129032258064516,0.003067484662576687,0.013050570962479609,0.035483870967741936,0.0,0.0733652312599681,0.008620689655172414,0.003289473684210526,0.001597444089456869,0.0031397174254317113,0.023734177215189875,0.009983361064891847,0.0016501650165016502,0.0016051364365971107,0.004975124378109453,0.025974025974025976,0.0032,0.028081123244929798,0.013333333333333334,0.00644122383252818,0.0,0.0,0.009983361064891847,0.01877133105802048,0.039938556067588324,0.01788617886178862,0.001607717041800643,0.011382113821138212,0.019138755980861243,0.007704160246533128,0.04326923076923077,0.05692307692307692,0.0015923566878980893,0.014285714285714285,0.003372681281618887,0.009933774834437087,0.0014992503748125937,0.0016806722689075631,0.0067226890756302525,0.0033003300330033004,0.0016,0.0,0.014827018121911038,0.003194888178913738,0.004909983633387889,0.0,0.08441558441558442,0.00727802037845706,0.03937007874015748,0.004702194357366771,0.001669449081803005,0.0016666666666666668,0.05069124423963134,0.0031847133757961785,0.0,0.036605657237936774,0.003372681281618887,0.0202808112324493,0.021848739495798318,0.005190311418685121,0.03636363636363636,0.04654895666131621,0.049766718506998445,0.006493506493506494,0.02287581699346405,0.0,0.01938610662358643,0.006042296072507553,0.0322061191626409,0.014469453376205787,0.0016835016835016834,0.01238390092879257,0.03003003003003003,0.0016339869281045752,0.009917355371900827,0.022116903633491312,0.0032520325203252032,0.0330188679245283,0.00909090909090909,0.00909090909090909,0.06734006734006734,0.03150912106135987,0.005076142131979695,0.0030303030303030303,0.004651162790697674,0.0,0.003194888178913738,0.05432937181663837,0.0049586776859504135,0.022187004754358162,0.022187004754358162,0.0128,0.0032414910858995136,0.009819967266775777,0.005136986301369863,0.012678288431061807,0.012678288431061807,0.012678288431061807,0.0016207455429497568,0.011419249592169658,0.010954616588419406,0.003236245954692557,0.007898894154818325,0.019672131147540985,0.0015384615384615385,0.0,0.007598784194528876,0.057283142389525366,0.0,0.0015552099533437014,0.03484848484848485,0.008417508417508417,0.028938906752411574,0.0016,0.0030627871362940277,0.004991680532445923,0.0,0.004629629629629629,0.06026058631921824,0.04225352112676056,0.0,0.0015408320493066256,0.006872852233676976,0.016516516516516516,0.012944983818770227,0.0015822784810126582,0.0030581039755351682,0.0030581039755351682,0.003194888178913738,0.01529051987767584,0.0016260162601626016,0.009478672985781991,0.024671052631578948,0.03605015673981191,0.006172839506172839,0.0032733224222585926,0.025510204081632654,0.0125,0.0,0.0,0.0093603744149766,0.0033333333333333335,0.01676829268292683,0.01676829268292683,0.0048543689320388345,0.025,0.014150943396226415
2021,1,9,prevalence,0.0462046204620462,0.01020408163265306,0.00644122383252818,0.0124804992199688,0.011058451816745656,0.017001545595054096,0.004934210526315789,0.14307004470938897,0.10784313725490197,0.012658227848101266,0.0,0.02576489533011272,0.0,0.003289473684210526,0.004893964110929853,0.006611570247933884,0.0016778523489932886,0.07563025210084033,0.0016366612111292963,0.005,0.00333889816360601,0.004552352048558422,0.04487179487179487,0.19540229885057472,0.0015432098765432098,0.0,0.01932367149758454,0.014657980456026058,0.017973856209150325,0.0032733224222585926,0.0,0.0256,0.02276707530647986,0.0,0.04961240310077519,0.00322061191626409,0.0,0.0034071550255536627,0.0016207455429497568,0.00322061191626409,0.03420195439739414,0.0,0.06602254428341385,0.008130081300813009,0.0,0.018867924528301886,0.008333333333333333,0.022257551669316374,0.0015600624024961,0.0030627871362940277,0.015408320493066256,0.0,0.002976190476190476,0.001644736842105263,0.007704160246533128,0.00949367088607595,0.02138157894736842,0.0,0.10891089108910891,0.0033003300330033004,0.0016051364365971107,0.0030959752321981426,0.02635658914728682,0.02476780185758514,0.00967741935483871,0.005,0.0,0.001697792869269949,0.040983606557377046,0.0016339869281045752,0.0445468509984639,0.008389261744966443,0.004761904761904762,0.0,0.0,0.009693053311793215,0.01680672268907563,0.05564142194744977,0.014173228346456693,0.0031847133757961785,0.00641025641025641,0.03627760252365931,0.003194888178913738,0.03333333333333333,0.062111801242236024,0.001589825119236884,0.00967741935483871,0.0034423407917383822,0.006633499170812604,0.0015174506828528073,0.0,0.0033444816053511705,0.0032733224222585926,0.004709576138147566,0.0,0.006389776357827476,0.003179650238473768,0.004792332268370607,0.0016420361247947454,0.08103727714748785,0.004545454545454545,0.0463258785942492,0.0046875,0.003289473684210526,0.0,0.049206349206349205,0.0031847133757961785,0.0,0.04455445544554455,0.0,0.008038585209003215,0.03064516129032258,0.0016501650165016502,0.07680722891566265,0.0490506329113924,0.203125,0.0032,0.02773246329526917,0.0,0.03968253968253968,0.0046875,0.03536977491961415,0.008143322475570033,0.0016286644951140066,0.006279434850863423,0.027950310559006212,0.0016339869281045752,0.008291873963515755,0.03104575163398693,0.0,0.031446540880503145,0.0061162079510703364,0.0061162079510703364,0.1490787269681742,0.01675041876046901,0.001644736842105263,0.0015267175572519084,0.004658385093167702,0.0,0.0031446540880503146,0.07023411371237458,0.00482315112540193,0.020766773162939296,0.020766773162939296,0.011308562197092083,0.003236245954692557,0.0064516129032258064,0.00505902192242833,0.009508716323296355,0.009508716323296355,0.009508716323296355,0.0016181229773462784,0.019834710743801654,0.007898894154818325,0.003194888178913738,0.004807692307692308,0.03898305084745763,0.0015360983102918587,0.0,0.04113924050632911,0.05,0.0,0.0014947683109118087,0.022187004754358162,0.008143322475570033,0.024875621890547265,0.0015723270440251573,0.0015455950540958269,0.0034129692832764505,0.0016339869281045752,0.015220700152207,0.10128617363344052,0.05100463678516229,0.0,0.0015552099533437014,0.006666666666666667,0.013157894736842105,0.011326860841423949,0.0016051364365971107,0.0030911901081916537,0.0030349013657056147,0.0,0.010852713178294573,0.009724473257698542,0.0015479876160990713,0.016778523489932886,0.02912621359223301,0.009433962264150943,0.0016,0.018518518518518517,0.007898894154818325,0.0,0.0015873015873015873,0.007861635220125786,0.0016051364365971107,0.010736196319018405,0.010736196319018405,0.0016051364365971107,0.015600624024960999,0.0096
2022,1,9,prevalence,0.07920792079207921,0.003278688524590164,0.0016556291390728477,0.013975155279503106,0.012779552715654952,0.04420731707317073,0.0,0.13075780089153047,0.15,0.006420545746388443,0.0,0.02047244094488189,0.0,0.0016501650165016502,0.0046875,0.003418803418803419,0.0017301038062283738,0.06988352745424292,0.0016260162601626016,0.001644736842105263,0.0032258064516129032,0.0015105740181268882,0.028428093645484948,0.23434991974317818,0.0,0.0017574692442882249,0.012738853503184714,0.012698412698412698,0.009819967266775777,0.0016181229773462784,0.0,0.022222222222222223,0.013377926421404682,0.0,0.041474654377880185,0.0016051364365971107,0.001597444089456869,0.001697792869269949,0.001607717041800643,0.001579778830963665,0.07614213197969544,0.0015822784810126582,0.10430463576158941,0.004846526655896607,0.0,0.0144,0.0016,0.017107309486780714,0.0,0.00303951367781155,0.03125,0.0,0.0,0.0,0.00463678516228748,0.004815409309791332,0.008183306055646482,0.0,0.10662358642972536,0.0,0.001610305958132045,0.0031446540880503146,0.06426332288401254,0.027692307692307693,0.004885993485342019,0.003284072249589491,0.001594896331738437,0.0,0.04889589905362776,0.0016181229773462784,0.05625,0.005199306759098787,0.001639344262295082,0.0,0.0,0.009508716323296355,0.006600660066006601,0.05688622754491018,0.00631911532385466,0.001658374792703151,0.0016051364365971107,0.036741214057507986,0.0016025641025641025,0.03494176372712146,0.06677018633540373,0.001607717041800643,0.008116883116883116,0.0016778523489932886,0.0068143100511073255,0.0,0.0,0.003278688524590164,0.0032258064516129032,0.0031201248049922,0.0,0.004739336492890996,0.0016,0.004761904761904762,0.0016420361247947454,0.09165302782324058,0.0045662100456621,0.044233807266982623,0.004761904761904762,0.0016420361247947454,0.0,0.04510108864696734,0.0016051364365971107,0.0,0.06525285481239804,0.0,0.00641025641025641,0.039473684210526314,0.0,0.1426448736998514,0.03896103896103896,0.36447166921898927,0.0016129032258064516,0.018151815181518153,0.0,0.052050473186119876,0.003076923076923077,0.03503184713375796,0.00505902192242833,0.0,0.006289308176100629,0.02190923317683881,0.0016750418760469012,0.0049833887043189366,0.061389337641357025,0.0,0.023148148148148147,0.0015384615384615385,0.0015384615384615385,0.155668358714044,0.00975609756097561,0.0,0.0015527950310559005,0.001519756838905775,0.0,0.0048543689320388345,0.09852216748768473,0.00487012987012987,0.0128,0.0128,0.009917355371900827,0.0,0.0032520325203252032,0.001639344262295082,0.003215434083601286,0.003215434083601286,0.003215434083601286,0.0016051364365971107,0.03225806451612903,0.008064516129032258,0.003257328990228013,0.001610305958132045,0.06451612903225806,0.0,0.009966777408637873,0.057663125948406675,0.046031746031746035,0.0,0.0015060240963855422,0.01904761904761905,0.008347245409015025,0.03231017770597738,0.001610305958132045,0.0,0.0017331022530329288,0.001610305958132045,0.01848998459167951,0.11993517017828201,0.046031746031746035,0.0015723270440251573,0.0015290519877675841,0.006734006734006734,0.010447761194029851,0.0049261083743842365,0.0016129032258064516,0.001579778830963665,0.0030441400304414,0.0,0.015337423312883436,0.016260162601626018,0.0,0.008264462809917356,0.01487603305785124,0.008103727714748784,0.001639344262295082,0.01353637901861252,0.004694835680751174,0.0,0.001594896331738437,0.0032310177705977385,0.004830917874396135,0.015479876160990712,0.015479876160990712,0.0,0.012658227848101266,0.006600660066006601
2023,1,9,prevalence,0.12929623567921442,0.003284072249589491,0.0,0.01676829268292683,0.015625,0.06259541984732825,0.0,0.15512048192771086,0.28217821782178215,0.003246753246753247,0.0,0.023076923076923078,0.0015625,0.0016313213703099511,0.003125,0.0034542314335060447,0.0016750418760469012,0.13277310924369748,0.001597444089456869,0.0015527950310559005,0.0016501650165016502,0.0,0.03135313531353135,0.3354531001589825,0.0,0.001718213058419244,0.01155115511551155,0.008064516129032258,0.008169934640522876,0.003125,0.0,0.031746031746031744,0.00949367088607595,0.0016260162601626016,0.0365296803652968,0.0,0.0015600624024961,0.0017123287671232876,0.0016,0.0015698587127158557,0.24302134646962234,0.001658374792703151,0.13,0.012718600953895072,0.0,0.012841091492776886,0.0,0.01355421686746988,0.0,0.0015698587127158557,0.039755351681957186,0.0,0.014992503748125937,0.0,0.003125,0.004694835680751174,0.0016891891891891893,0.0032258064516129032,0.12727272727272726,0.0016233766233766235,0.0015873015873015873,0.001594896331738437,0.18968133535660092,0.026986506746626688,0.004754358161648178,0.0016260162601626016,0.0,0.0,0.08163265306122448,0.00322061191626409,0.059282371294851796,0.0035149384885764497,0.0,0.0,0.0,0.006420545746388443,0.0031545741324921135,0.10030864197530864,0.003215434083601286,0.0016474464579901153,0.001639344262295082,0.03622047244094488,0.001594896331738437,0.03904923599320883,0.047400611620795105,0.0016051364365971107,0.0047169811320754715,0.001652892561983471,0.0049833887043189366,0.0,0.0,0.0016260162601626016,0.0031847133757961785,0.003215434083601286,0.0,0.006191950464396285,0.0,0.0016366612111292963,0.0016286644951140066,0.1143317230273752,0.0030120481927710845,0.10172143974960876,0.0032102728731942215,0.0016722408026755853,0.0,0.061068702290076333,0.0016638935108153079,0.0,0.05475040257648953,0.0,0.00487012987012987,0.06472491909385113,0.0,0.28,0.04700162074554295,0.6610687022900763,0.0,0.011686143572621035,0.0,0.11182108626198083,0.0016233766233766235,0.04807692307692308,0.003316749585406302,0.0,0.0031847133757961785,0.01288244766505636,0.0,0.006644518272425249,0.07431340872374798,0.001589825119236884,0.0374414976599064,0.0015037593984962407,0.0015037593984962407,0.16339869281045752,0.008012820512820512,0.0,0.0015384615384615385,0.0015105740181268882,0.0,0.001597444089456869,0.15136876006441224,0.0016501650165016502,0.026397515527950312,0.026397515527950312,0.016286644951140065,0.0,0.003246753246753247,0.0,0.0032733224222585926,0.0032733224222585926,0.0032733224222585926,0.0016207455429497568,0.056818181818181816,0.006389776357827476,0.005,0.0015503875968992248,0.14067796610169492,0.0,0.05324459234608985,0.13097072419106318,0.0671875,0.0,0.001524390243902439,0.021103896103896104,0.004991680532445923,0.03943217665615142,0.0016025641025641025,0.0015923566878980893,0.0,0.0016,0.01199400299850075,0.18387096774193548,0.06807131280388978,0.001589825119236884,0.0,0.006711409395973154,0.0073964497041420114,0.0016611295681063123,0.0,0.0,0.0015060240963855422,0.0,0.01088646967340591,0.03225806451612903,0.0015151515151515152,0.004909983633387889,0.011382113821138212,0.006535947712418301,0.001610305958132045,0.005110732538330494,0.0015552099533437014,0.0,0.001594896331738437,0.001639344262295082,0.00322061191626409,0.007692307692307693,0.007692307692307693,0.0,0.006359300476947536,0.004761904761904762
2024,1,9,prevalence,0.16286644951140064,0.003289473684210526,0.0,0.013846153846153847,0.017543859649122806,0.1099236641221374,0.0,0.18865030674846625,0.34655172413793106,0.0,0.0,0.02245508982035928,0.0015873015873015873,0.003316749585406302,0.0015723270440251573,0.001692047377326565,0.0016233766233766235,0.1488294314381271,0.0016474464579901153,0.0,0.0,0.003076923076923077,0.02631578947368421,0.27129337539432175,0.0,0.0017064846416382253,0.006535947712418301,0.0015822784810126582,0.00641025641025641,0.0031847133757961785,0.0,0.03286384976525822,0.007974481658692184,0.0016,0.023734177215189875,0.0,0.0015455950540958269,0.001669449081803005,0.001607717041800643,0.0015923566878980893,0.39903846153846156,0.0016806722689075631,0.1419141914191419,0.0065040650406504065,0.0,0.026058631921824105,0.0,0.0061823802163833074,0.0,0.0,0.03761755485893417,0.0,0.01078582434514638,0.0,0.003110419906687403,0.001579778830963665,0.0,0.0016051364365971107,0.12903225806451613,0.0016313213703099511,0.0,0.003284072249589491,0.2169230769230769,0.02108433734939759,0.01740506329113924,0.0,0.0,0.0,0.07154213036565978,0.0032310177705977385,0.05396825396825397,0.0,0.0,0.0,0.0,0.004934210526315789,0.0,0.10260336906584992,0.0015923566878980893,0.0,0.0016129032258064516,0.037383177570093455,0.0015698587127158557,0.02456140350877193,0.04179566563467492,0.001607717041800643,0.0,0.0016129032258064516,0.0,0.0,0.0016286644951140066,0.0,0.0015873015873015873,0.00322061191626409,0.0,0.00463678516228748,0.00482315112540193,0.0047694753577106515,0.001579778830963665,0.10873146622734761,0.0014903129657228018,0.16383307573415765,0.009868421052631578,0.0017094017094017094,0.0,0.05745341614906832,0.001692047377326565,0.0,0.03215434083601286,0.0,0.0016260162601626016,0.10147299509001637,0.0016835016835016834,0.33084947839046197,0.046031746031746035,0.4984567901234568,0.0,0.009933774834437087,0.0,0.16164817749603805,0.0016501650165016502,0.04120443740095087,0.0015822784810126582,0.0,0.001579778830963665,0.009615384615384616,0.0,0.005076142131979695,0.15241057542768274,0.0015748031496062992,0.025157232704402517,0.0014858841010401188,0.0014858841010401188,0.14285714285714285,0.003215434083601286,0.0,0.0015337423312883436,0.0,0.0,0.0015600624024961,0.19806763285024154,0.0016891891891891893,0.031496062992125984,0.031496062992125984,0.015025041736227046,0.003105590062111801,0.0031746031746031746,0.0,0.0,0.0,0.0,0.0031446540880503146,0.06333333333333334,0.0064516129032258064,0.0033003300330033004,0.0,0.2578947368421053,0.0,0.06389776357827476,0.18441971383147854,0.08294930875576037,0.003189792663476874,0.0030721966205837174,0.023923444976076555,0.016366612111292964,0.0680379746835443,0.0015822784810126582,0.0015748031496062992,0.0,0.0016366612111292963,0.0121765601217656,0.18022328548644337,0.061389337641357025,0.0016181229773462784,0.0,0.001584786053882726,0.006191950464396285,0.0,0.0,0.0,0.0,0.0,0.006259780907668232,0.024193548387096774,0.0015313935681470138,0.003169572107765452,0.006279434850863423,0.003257328990228013,0.0,0.003436426116838488,0.0015625,0.0,0.0016366612111292963,0.001607717041800643,0.0031746031746031746,0.00927357032457496,0.00927357032457496,0.0,0.003169572107765452,0.0015503875968992248
2025,1,9,prevalence,0.15359477124183007,0.0016207455429497568,0.0,0.007936507936507936,0.017350157728706624,0.12386706948640483,0.0,0.1490015360983103,0.3086206896551724,0.0015600624024961,0.0,0.020958083832335328,0.001639344262295082,0.0033003300330033004,0.0015625,0.0016666666666666668,0.0016129032258064516,0.16,0.00338409475465313,0.0,0.0016666666666666668,0.003048780487804878,0.029459901800327332,0.22015503875968992,0.0,0.0033277870216306157,0.006369426751592357,0.0,0.003278688524590164,0.001579778830963665,0.0,0.041666666666666664,0.001584786053882726,0.0016181229773462784,0.01889763779527559,0.0,0.0015552099533437014,0.0,0.0015772870662460567,0.001639344262295082,0.3732283464566929,0.0016501650165016502,0.11726384364820847,0.006230529595015576,0.0,0.049342105263157895,0.0,0.0047169811320754715,0.0,0.0,0.021806853582554516,0.0,0.0045385779122541605,0.0,0.003189792663476874,0.0,0.0,0.0015772870662460567,0.11442786069651742,0.0016366612111292963,0.0,0.003246753246753247,0.2724358974358974,0.015337423312883436,0.01129032258064516,0.0,0.0,0.0016778523489932886,0.06614173228346457,0.003257328990228013,0.05016181229773463,0.0,0.0,0.0016638935108153079,0.0,0.001652892561983471,0.0,0.09702660406885759,0.0015527950310559005,0.0,0.001597444089456869,0.021638330757341576,0.001584786053882726,0.025041736227045076,0.03459119496855346,0.0016501650165016502,0.0015772870662460567,0.0015600624024961,0.0,0.0,0.0015723270440251573,0.0,0.0015313935681470138,0.006339144215530904,0.0,0.001597444089456869,0.011182108626198083,0.006359300476947536,0.001639344262295082,0.11601307189542484,0.0014814814814814814,0.21011058451816747,0.05619834710743802,0.0016835016835016834,0.0064,0.05654281098546042,0.0017123287671232876,0.0,0.025518341307814992,0.0016835016835016834,0.001584786053882726,0.12479740680713128,0.003355704697986577,0.2912912912912913,0.08548387096774193,0.40186915887850466,0.0,0.006666666666666667,0.0,0.16826923076923078,0.0016835016835016834,0.07643312101910828,0.0,0.0,0.0,0.006420545746388443,0.0,0.005,0.16211878009630817,0.0015723270440251573,0.025682182985553772,0.0,0.0,0.12828947368421054,0.0015748031496062992,0.0,0.004709576138147566,0.0,0.0,0.001589825119236884,0.20192307692307693,0.0016722408026755853,0.03864734299516908,0.03864734299516908,0.018363939899833055,0.006042296072507553,0.0016129032258064516,0.0,0.0,0.0,0.0,0.001557632398753894,0.05660377358490566,0.001639344262295082,0.0065040650406504065,0.0,0.29462738301559793,0.0,0.06623586429725363,0.24437299035369775,0.09276729559748427,0.006622516556291391,0.004552352048558422,0.031545741324921134,0.011589403973509934,0.0912,0.0015384615384615385,0.0015408320493066256,0.0,0.0016260162601626016,0.009230769230769232,0.18789808917197454,0.056451612903225805,0.001610305958132045,0.0,0.0016233766233766235,0.0015503875968992248,0.0,0.0,0.0,0.0,0.0,0.006134969325153374,0.019672131147540985,0.0015174506828528073,0.0015772870662460567,0.004658385093167702,0.0015873015873015873,0.0,0.0033444816053511705,0.0015455950540958269,0.0,0.0016155088852988692,0.0015748031496062992,0.0030534351145038168,0.006279434850863423,0.006279434850863423,0.0,0.0,0.0016155088852988692
