Time,age_start,age_end,measure,draw_0,draw_1,draw_2,draw_3,draw_4,draw_5,draw_6,draw_7,draw_8,draw_9,draw_10,draw_11,draw_12,draw_13,draw_14,draw_15,draw_16,draw_17,draw_18,draw_19,draw_20,draw_21,draw_22,draw_23,draw_24,draw_25,draw_26,draw_27,draw_28,draw_29,draw_30,draw_31,draw_32,draw_33,draw_34,draw_35,draw_36,draw_37,draw_38,draw_39,draw_40,draw_41,draw_42,draw_43,draw_44,draw_45,draw_46,draw_47,draw_48,draw_49,draw_50,draw_51,draw_52,draw_53,draw_54,draw_55,draw_56,draw_57,draw_58,draw_59,draw_60,draw_61,draw_62,draw_63,draw_64,draw_65,draw_66,draw_67,draw_68,draw_69,draw_70,draw_71,draw_72,draw_73,draw_74,draw_75,draw_76,draw_77,draw_78,draw_79,draw_80,draw_81,draw_82,draw_83,draw_84,draw_85,draw_86,draw_87,draw_88,draw_89,draw_90,draw_91,draw_92,draw_93,draw_94,draw_95,draw_96,draw_97,draw_98,draw_99,draw_100,draw_101,draw_102,draw_103,draw_104,draw_105,draw_106,draw_107,draw_108,draw_109,draw_110,draw_111,draw_112,draw_113,draw_114,draw_115,draw_116,draw_117,draw_118,draw_119,draw_120,draw_121,draw_122,draw_123,draw_124,draw_125,draw_126,draw_127,draw_128,draw_129,draw_130,draw_131,draw_132,draw_133,draw_134,draw_135,draw_136,draw_137,draw_138,draw_139,draw_140,draw_141,draw_142,draw_143,draw_144,draw_145,draw_146,draw_147,draw_148,draw_149,draw_150,draw_151,draw_152,draw_153,draw_154,draw_155,draw_156,draw_157,draw_158,draw_159,draw_160,draw_161,draw_162,draw_163,draw_164,draw_165,draw_166,draw_167,draw_168,draw_169,draw_170,draw_171,draw_172,draw_173,draw_174,draw_175,draw_176,draw_177,draw_178,draw_179,draw_180,draw_181,draw_182,draw_183,draw_184,draw_185,draw_186,draw_187,draw_188,draw_189,draw_190,draw_191,draw_192,draw_193,draw_194,draw_195,draw_196,draw_197,draw_198,draw_199
1996,1,9,prevalence,0.009836065573770493,0.12420382165605096,0.16876971608832808,0.004709576138147566,0.0015748031496062992,0.0,0.08255451713395638,0.0031645569620253164,0.11146496815286625,0.0030911901081916537,0.05692307692307692,0.0016025641025641025,0.07246376811594203,0.06634304207119741,0.0015432098765432098,0.06708268330733229,0.07792207792207792,0.030206677265500796,0.028616852146263912,0.0,0.0031397174254317113,0.024115755627009645,0.03519061583577713,0.08952959028831563,0.06635802469135803,0.1465798045602606,0.06046511627906977,0.013050570962479609,0.030395136778115502,0.011128775834658187,0.08221476510067115,0.0,0.0804416403785489,0.0,0.0016025641025641025,0.0,0.02108433734939759,0.16693418940609953,0.0015772870662460567,0.16981132075471697,0.0,0.05929487179487179,0.061224489795918366,0.003110419906687403,0.12307692307692308,0.03875968992248062,0.05132192846034215,0.017054263565891473,0.07592891760904685,0.15639810426540285,0.00644122383252818,0.0061633281972265025,0.001584786053882726,0.0380952380952381,0.01461038961038961,0.03179650238473768,0.07631160572337042,0.003067484662576687,0.1167192429022082,0.001658374792703151,0.08023774145616643,0.001597444089456869,0.01984732824427481,0.0015625,0.09574468085106383,0.09574468085106383,0.01732283464566929,0.0032310177705977385,0.06416275430359937,0.0030075187969924814,0.15530903328050713,0.15530903328050713,0.0,0.12217194570135746,0.10917721518987342,0.00322061191626409,0.0,0.009950248756218905,0.07680491551459294,0.0,0.17429837518463812,0.0,0.05546492659053834,0.085667215815486,0.011799410029498525,0.001564945226917058,0.14710485133020346,0.0015723270440251573,0.007874015748031496,0.012539184952978056,0.13601236476043277,0.17147192716236723,0.0014925373134328358,0.02384737678855326,0.2317262830482115,0.135,0.044444444444444446,0.0,0.08012820512820513,0.017770597738287562,0.11582381729200653,0.003246753246753247,0.14837712519319937,0.024115755627009645,0.11338582677165354,0.001567398119122257,0.06726457399103139,0.0,0.001594896331738437,0.07309486780715396,0.10339506172839506,0.07210031347962383,0.03986710963455149,0.05705229793977813,0.060221870047543584,0.05573770491803279,0.05238828967642527,0.11774744027303755,0.0,0.0,0.06976744186046512,0.02865761689291101,0.001579778830963665,0.00303951367781155,0.012422360248447204,0.0453857791225416,0.07197549770290965,0.0343796711509716,0.12074303405572756,0.09375,0.05490848585690516,0.0015723270440251573,0.05573248407643312,0.033478893740902474,0.013136288998357963,0.0015625,0.01694915254237288,0.0827178729689808,0.061514195583596214,0.0864600326264274,0.055205047318611984,0.04503105590062112,0.0015105740181268882,0.0,0.1595744680851064,0.21621621621621623,0.042993630573248405,0.014792899408284023,0.06422018348623854,0.003305785123966942,0.16232771822358347,0.10329985652797705,0.10176991150442478,0.09341500765696784,0.030063291139240507,0.12973760932944606,0.0031847133757961785,0.056451612903225805,0.09177215189873418,0.08333333333333333,0.08186195826645265,0.18619582664526485,0.003110419906687403,0.05263157894736842,0.11464968152866242,0.003179650238473768,0.0873634945397816,0.029556650246305417,0.05206738131699847,0.08575803981623277,0.02900763358778626,0.0015723270440251573,0.0,0.02321981424148607,0.07623318385650224,0.01584786053882726,0.01729559748427673,0.0,0.04012841091492777,0.0015723270440251573,0.031496062992125984,0.008012820512820512,0.04889589905362776,0.09561128526645768,0.05374592833876222,0.1357615894039735,0.215748031496063,0.0,0.16747967479674797,0.16747967479674797,0.10542168674698796,0.14108527131782947,0.05007587253414264,0.08557844690966719,0.03533026113671275,0.0031746031746031746,0.016025641025641024,0.0,0.0471841704718417,0.008823529411764706
1997,1,9,prevalence,0.008237232289950576,0.08207705192629816,0.14729950900163666,0.009884678747940691,0.001607717041800643,0.0,0.08333333333333333,0.0033277870216306157,0.09455128205128205,0.001557632398753894,0.046296296296296294,0.001610305958132045,0.048027444253859346,0.08974358974358974,0.0016129032258064516,0.07644305772230889,0.08644067796610169,0.03387096774193549,0.0210016155088853,0.0,0.0016129032258064516,0.028380634390651086,0.03686635944700461,0.08914100486223663,0.044585987261146494,0.11912751677852348,0.05246913580246913,0.00676818950930626,0.046511627906976744,0.013223140495867768,0.07360861759425494,0.0,0.07269789983844911,0.0,0.0,0.0,0.02875399361022364,0.1605351170568562,0.0033444816053511705,0.16150081566068517,0.0,0.06807131280388978,0.056572379367720464,0.0031201248049922,0.12145110410094637,0.03594771241830065,0.04508856682769726,0.014423076923076924,0.06907894736842106,0.20101351351351351,0.026446280991735537,0.003169572107765452,0.0016638935108153079,0.057724957555178265,0.013745704467353952,0.036741214057507986,0.06710310965630115,0.003179650238473768,0.09816971713810316,0.005,0.10845295055821372,0.0,0.018032786885245903,0.0016260162601626016,0.11773700305810397,0.11773700305810397,0.024115755627009645,0.0032520325203252032,0.07729468599033816,0.0031446540880503146,0.18003273322422259,0.18003273322422259,0.0,0.09576138147566719,0.1370309951060359,0.006557377049180328,0.0,0.020869565217391306,0.08860759493670886,0.0016666666666666668,0.17156105100463678,0.0,0.06239460370994941,0.10702341137123746,0.0125,0.0016025641025641025,0.19349593495934958,0.0016339869281045752,0.006666666666666667,0.008012820512820512,0.17142857142857143,0.20388349514563106,0.001557632398753894,0.016474464579901153,0.21815286624203822,0.15771230502599654,0.05287713841368585,0.0,0.07807308970099668,0.016260162601626018,0.08485856905158069,0.00333889816360601,0.13578274760383385,0.0392156862745098,0.11217948717948718,0.0016181229773462784,0.072,0.0015432098765432098,0.0017211703958691911,0.0784313725490196,0.09428129829984544,0.06687898089171974,0.026016260162601626,0.04700162074554295,0.06229508196721312,0.0630048465266559,0.056451612903225805,0.10452961672473868,0.0,0.001567398119122257,0.053691275167785234,0.046224961479198766,0.0016286644951140066,0.004573170731707317,0.0031545741324921135,0.044407894736842105,0.10144927536231885,0.02118003025718608,0.0889967637540453,0.08263069139966273,0.04895104895104895,0.0,0.052364864864864864,0.04833836858006042,0.011345218800648298,0.0016806722689075631,0.025466893039049237,0.07608695652173914,0.07504078303425775,0.07407407407407407,0.05337519623233909,0.03398058252427184,0.0015772870662460567,0.0,0.15419847328244274,0.16506410256410256,0.027331189710610933,0.016897081413210446,0.06539074960127592,0.0016556291390728477,0.134185303514377,0.10914454277286136,0.09076923076923077,0.07827476038338659,0.01794453507340946,0.12946428571428573,0.004909983633387889,0.07178631051752922,0.13957307060755336,0.05719237435008666,0.06833333333333333,0.20751633986928106,0.0015527950310559005,0.08263069139966273,0.11330049261083744,0.0016260162601626016,0.1134185303514377,0.02434782608695652,0.04723127035830619,0.05573770491803279,0.023510971786833857,0.003125,0.0,0.037383177570093455,0.08069620253164557,0.01174496644295302,0.0210016155088853,0.0,0.024232633279483037,0.004838709677419355,0.06109324758842444,0.009884678747940691,0.03741496598639456,0.08986928104575163,0.065,0.12943262411347517,0.19439868204283361,0.0,0.13838550247116968,0.13838550247116968,0.11038961038961038,0.17990275526742303,0.0315955766192733,0.10666666666666667,0.04739336492890995,0.003355704697986577,0.02533783783783784,0.0,0.04692556634304207,0.008915304606240713
1998,1,9,prevalence,0.006578947368421052,0.07401315789473684,0.14170692431561996,0.009917355371900827,0.0016501650165016502,0.0,0.061128526645768025,0.0034482758620689655,0.08305647840531562,0.0,0.05100463678516229,0.001607717041800643,0.06218487394957983,0.07479674796747968,0.001589825119236884,0.057692307692307696,0.0975609756097561,0.04738562091503268,0.029950083194675542,0.0,0.0016474464579901153,0.037520391517128875,0.03945371775417299,0.09379968203497616,0.07320872274143302,0.07177814029363784,0.05683563748079877,0.006589785831960461,0.06572769953051644,0.008375209380234505,0.08586762075134168,0.0,0.0993485342019544,0.0,0.0,0.0,0.030959752321981424,0.1323024054982818,0.0033112582781456954,0.15865384615384615,0.0,0.07986688851913477,0.03135313531353135,0.0016286644951140066,0.1184,0.014331210191082803,0.05324459234608985,0.01694915254237288,0.08928571428571429,0.24149659863945577,0.05324459234608985,0.003115264797507788,0.0016891891891891893,0.029654036243822075,0.019197207678883072,0.029780564263322883,0.1134185303514377,0.0,0.07781456953642384,0.005,0.12924071082390953,0.007974481658692184,0.016835016835016835,0.0016181229773462784,0.20489296636085627,0.20489296636085627,0.02926829268292683,0.003215434083601286,0.04975922953451043,0.0015455950540958269,0.1567043618739903,0.1567043618739903,0.0,0.12297734627831715,0.15282392026578073,0.006568144499178982,0.001694915254237288,0.025423728813559324,0.07765451664025357,0.0016051364365971107,0.19776714513556617,0.0,0.10413223140495868,0.155668358714044,0.02040816326530612,0.001567398119122257,0.19370860927152317,0.0,0.004934210526315789,0.00967741935483871,0.19937694704049844,0.12664473684210525,0.0015360983102918587,0.019448946515397084,0.1777059773828756,0.1619217081850534,0.07751937984496124,0.0,0.10294117647058823,0.022950819672131147,0.06451612903225806,0.011217948717948718,0.11612903225806452,0.030560271646859084,0.12231404958677686,0.001610305958132045,0.05901639344262295,0.0015479876160990713,0.0017452006980802793,0.10873146622734761,0.09161490683229814,0.07244094488188976,0.02337228714524207,0.043478260869565216,0.05687203791469194,0.06957928802588997,0.056,0.1588628762541806,0.0,0.0,0.06598984771573604,0.07644305772230889,0.0032102728731942215,0.001567398119122257,0.0,0.05211726384364821,0.07923930269413629,0.01848998459167951,0.085667215815486,0.11428571428571428,0.05779334500875657,0.0016891891891891893,0.046052631578947366,0.07283763277693475,0.003246753246753247,0.0016313213703099511,0.029513888888888888,0.0859375,0.04120443740095087,0.087248322147651,0.07006369426751592,0.024671052631578948,0.0,0.0,0.1441717791411043,0.1186161449752883,0.028391167192429023,0.016793893129770993,0.06851549755301795,0.0016611295681063123,0.10097719869706841,0.09865470852017937,0.1111111111111111,0.09235668789808917,0.012924071082390954,0.125948406676783,0.0016722408026755853,0.08210180623973727,0.19039735099337748,0.0730050933786078,0.06557377049180328,0.1742671009771987,0.001524390243902439,0.08112582781456953,0.11292962356792144,0.0032310177705977385,0.1564945226917058,0.021922428330522766,0.03104575163398693,0.06403940886699508,0.02254428341384863,0.0032,0.007680491551459293,0.031446540880503145,0.050974512743628186,0.026981450252951095,0.01794453507340946,0.0,0.01238390092879257,0.007886435331230283,0.0878594249201278,0.01155115511551155,0.04006677796327212,0.10742496050552923,0.07729468599033816,0.09717314487632508,0.1323283082077052,0.0,0.11185308848080133,0.11185308848080133,0.06612903225806452,0.15457413249211358,0.028391167192429023,0.12956810631229235,0.02247191011235955,0.001669449081803005,0.022413793103448276,0.0,0.05638474295190713,0.01347305389221557
1999,1,9,prevalence,0.011513157894736841,0.07370184254606366,0.12305295950155763,0.0078125,0.0016722408026755853,0.0,0.04874213836477988,0.0016835016835016834,0.07304347826086957,0.0,0.04192546583850932,0.0016181229773462784,0.0457516339869281,0.07053291536050156,0.001610305958132045,0.044585987261146494,0.10588235294117647,0.05172413793103448,0.020134228187919462,0.0,0.0,0.04669887278582931,0.05454545454545454,0.08130081300813008,0.06593406593406594,0.09602649006622517,0.06859756097560976,0.006711409395973154,0.07993730407523511,0.011382113821138212,0.06368330464716007,0.0,0.10679611650485436,0.0,0.0,0.0,0.04833836858006042,0.12248322147651007,0.0033333333333333335,0.13754045307443366,0.0,0.06666666666666667,0.05305466237942122,0.0016,0.13312202852614896,0.008103727714748784,0.06199021207177814,0.01437699680511182,0.08702531645569621,0.18871252204585537,0.0910569105691057,0.0031496062992125984,0.0,0.04318936877076412,0.015358361774744027,0.04709576138147567,0.12317666126418152,0.0,0.07575757575757576,0.0016366612111292963,0.11414790996784566,0.001610305958132045,0.024096385542168676,0.003179650238473768,0.2473604826546003,0.2473604826546003,0.03179650238473768,0.0033613445378151263,0.03015873015873016,0.0,0.12183544303797468,0.12183544303797468,0.0,0.09538950715421304,0.10947712418300654,0.0,0.0,0.018612521150592216,0.07765451664025357,0.001579778830963665,0.1951219512195122,0.0,0.09348914858096828,0.1099476439790576,0.04245283018867924,0.003169572107765452,0.19322033898305085,0.0,0.008291873963515755,0.01282051282051282,0.1873015873015873,0.09003215434083602,0.0015151515151515152,0.00974025974025974,0.11551155115511551,0.18327402135231316,0.08399366085578447,0.0,0.09735973597359736,0.046052631578947366,0.052969502407704656,0.024671052631578948,0.10413223140495868,0.03076923076923077,0.12418300653594772,0.0016366612111292963,0.03865546218487395,0.0015552099533437014,0.001718213058419244,0.09350237717908082,0.12012480499219969,0.08870967741935484,0.040453074433656956,0.06570512820512821,0.02702702702702703,0.05546492659053834,0.06946688206785137,0.1652754590984975,0.0015748031496062992,0.003215434083601286,0.07601351351351351,0.10223642172523961,0.0032520325203252032,0.0015408320493066256,0.004702194357366771,0.0592,0.07872696817420435,0.007668711656441718,0.07472178060413355,0.11260504201680673,0.05789473684210526,0.003395585738539898,0.03541315345699832,0.09516616314199396,0.0016611295681063123,0.0016501650165016502,0.01721170395869191,0.08320251177394035,0.03773584905660377,0.09475465313028765,0.05778491171749599,0.02459016393442623,0.001579778830963665,0.0,0.11267605633802817,0.07413509060955518,0.042993630573248405,0.02727272727272727,0.07777777777777778,0.0016233766233766235,0.09693053311793215,0.08395802098950525,0.08487654320987655,0.09807073954983923,0.026687598116169546,0.1443609022556391,0.004934210526315789,0.09636650868878358,0.2119205298013245,0.06984667802385008,0.040257648953301126,0.12748344370860928,0.0015432098765432098,0.08896210873146623,0.10016420361247948,0.0015923566878980893,0.15323854660347552,0.02329450915141431,0.038338658146964855,0.06814310051107325,0.016025641025641024,0.0015723270440251573,0.009259259259259259,0.04205607476635514,0.04878048780487805,0.05921052631578947,0.027823240589198037,0.0,0.0046801872074883,0.004754358161648178,0.0985691573926868,0.00482315112540193,0.05695142378559464,0.08557844690966719,0.05853658536585366,0.0893169877408056,0.06976744186046512,0.0,0.1260229132569558,0.1260229132569558,0.05921052631578947,0.13153724247226625,0.03554868624420402,0.14748784440842788,0.013136288998357963,0.01155115511551155,0.025728987993138937,0.0016666666666666668,0.04975124378109453,0.010638297872340425
2000,1,9,prevalence,0.016260162601626018,0.05792163543441227,0.08850931677018634,0.019969278033794162,0.0,0.0,0.04791344667697063,0.0016366612111292963,0.09982174688057041,0.0,0.06210191082802548,0.001610305958132045,0.027419354838709678,0.0633693972179289,0.003236245954692557,0.044657097288676235,0.10562180579216354,0.049679487179487176,0.01335559265442404,0.0,0.0,0.033707865168539325,0.058823529411764705,0.07011686143572621,0.08051529790660225,0.10491803278688525,0.07255520504731862,0.008305647840531562,0.08360128617363344,0.013201320132013201,0.08205128205128205,0.0015748031496062992,0.12,0.0016286644951140066,0.0,0.001697792869269949,0.04606240713224369,0.13036303630363036,0.0033500837520938024,0.10952380952380952,0.0,0.05110732538330494,0.03940886699507389,0.0016286644951140066,0.10158730158730159,0.00967741935483871,0.08441558441558442,0.03758169934640523,0.07453416149068323,0.13134851138353765,0.11382113821138211,0.004830917874396135,0.0,0.04276315789473684,0.01487603305785124,0.04472843450479233,0.1465798045602606,0.0,0.03758169934640523,0.001639344262295082,0.09584664536741214,0.0016155088852988692,0.04006677796327212,0.0030721966205837174,0.31268436578171094,0.31268436578171094,0.03129890453834116,0.0016286644951140066,0.0288,0.0015698587127158557,0.11198738170347003,0.11198738170347003,0.0,0.09833333333333333,0.09375,0.0016260162601626016,0.0,0.011945392491467578,0.078003120124805,0.0031201248049922,0.17880794701986755,0.0,0.07487520798668885,0.11284722222222222,0.02358490566037736,0.0015772870662460567,0.21,0.0,0.013628620102214651,0.0189873417721519,0.1424,0.0762987012987013,0.0015015015015015015,0.014308426073131956,0.12224108658743633,0.18057921635434412,0.0898876404494382,0.0,0.12965964343598055,0.026272577996715927,0.03542673107890499,0.038525963149078725,0.1254125412541254,0.0351493848857645,0.11021069692058347,0.0016286644951140066,0.018835616438356163,0.0015923566878980893,0.0,0.0878594249201278,0.1332263242375602,0.10737179487179487,0.06935483870967742,0.09563758389261745,0.01929260450160772,0.04508856682769726,0.05950413223140496,0.13598673300165837,0.0015698587127158557,0.0016501650165016502,0.07008547008547009,0.151033386327504,0.006420545746388443,0.0,0.003125,0.04878048780487805,0.09380234505862646,0.0060882800608828,0.07377049180327869,0.1318864774624374,0.03806228373702422,0.0,0.028286189683860232,0.11515151515151516,0.0016611295681063123,0.001597444089456869,0.022887323943661973,0.0973724884080371,0.021806853582554516,0.08388157894736842,0.06041335453100159,0.023026315789473683,0.0015625,0.0,0.09538461538461539,0.05564648117839607,0.0397456279809221,0.022900763358778626,0.07364975450081833,0.0016474464579901153,0.09032258064516129,0.10510046367851623,0.07355242566510173,0.10492845786963434,0.0343213728549142,0.1362940275650842,0.005110732538330494,0.09900990099009901,0.22564935064935066,0.08278145695364239,0.032679738562091505,0.12479201331114809,0.0015723270440251573,0.0701468189233279,0.10149750415973377,0.0016025641025641025,0.17901234567901234,0.02003338898163606,0.050314465408805034,0.03898305084745763,0.014150943396226415,0.004615384615384616,0.020030816640986132,0.03490136570561457,0.04783258594917788,0.03284072249589491,0.02040816326530612,0.0,0.0015220700152207,0.010736196319018405,0.1130030959752322,0.003205128205128205,0.06333333333333334,0.08069620253164557,0.0825242718446602,0.07355516637478109,0.06655290102389079,0.0016556291390728477,0.1497584541062802,0.1497584541062802,0.05555555555555555,0.09104938271604938,0.026234567901234566,0.0890625,0.012965964343598054,0.01757188498402556,0.03806228373702422,0.0016474464579901153,0.04530201342281879,0.0073964497041420114
2001,1,9,prevalence,0.025518341307814992,0.06429780033840947,0.0759493670886076,0.024096385542168676,0.0,0.003367003367003367,0.028708133971291867,0.0,0.0824561403508772,0.0,0.05654281098546042,0.004885993485342019,0.028526148969889066,0.11232449297971919,0.004885993485342019,0.05090311986863711,0.06271186440677966,0.0438871473354232,0.016339869281045753,0.0,0.0,0.027243589743589744,0.08047690014903129,0.06890756302521009,0.07961783439490445,0.11908646003262642,0.060126582278481014,0.008278145695364239,0.08631921824104234,0.008210180623973728,0.045,0.0,0.12231404958677686,0.0032,0.0,0.0017035775127768314,0.053175775480059084,0.11129296235679215,0.003355704697986577,0.08576051779935275,0.0,0.06620209059233449,0.0425531914893617,0.0016366612111292963,0.0958904109589041,0.011475409836065573,0.11129032258064517,0.054187192118226604,0.051908396946564885,0.1076388888888889,0.152,0.00487012987012987,0.0,0.03482587064676617,0.014563106796116505,0.04777070063694268,0.17857142857142858,0.0,0.040257648953301126,0.001644736842105263,0.09531502423263329,0.0096,0.04071661237785016,0.0030534351145038168,0.2971768202080238,0.2971768202080238,0.02450229709035222,0.0016233766233766235,0.015873015873015872,0.0015748031496062992,0.1488,0.1488,0.0,0.09283387622149837,0.11480865224625623,0.006622516556291391,0.0016181229773462784,0.023931623931623933,0.06511627906976744,0.0030721966205837174,0.1482084690553746,0.0,0.06478405315614617,0.06951871657754011,0.02034428794992175,0.0015822784810126582,0.18226600985221675,0.0,0.00530035335689046,0.0125,0.11075441412520064,0.06991869918699187,0.0015220700152207,0.017432646592709985,0.06010016694490818,0.16637478108581435,0.06581059390048154,0.0,0.10628019323671498,0.026143790849673203,0.024311183144246355,0.06833333333333333,0.10361842105263158,0.04152249134948097,0.12254901960784313,0.0,0.009950248756218905,0.001594896331738437,0.0,0.09208400646203554,0.12302839116719243,0.12710566615620214,0.06969205834683954,0.08644067796610169,0.01309328968903437,0.05228758169934641,0.04530201342281879,0.1939799331103679,0.001589825119236884,0.0015923566878980893,0.07625649913344887,0.12366412213740458,0.00819672131147541,0.0,0.0045662100456621,0.04918032786885246,0.08768971332209106,0.006329113924050633,0.10016155088852989,0.10909090909090909,0.06540447504302926,0.0,0.022913256955810146,0.15592203898050974,0.0032733224222585926,0.0,0.037606837606837605,0.165402124430956,0.01889763779527559,0.09106239460370995,0.04081632653061224,0.024509803921568627,0.006299212598425197,0.001644736842105263,0.07253086419753087,0.024232633279483037,0.04094488188976378,0.010769230769230769,0.061461794019933555,0.004830917874396135,0.09672131147540984,0.0717628705148206,0.0755287009063444,0.0915032679738562,0.04806201550387597,0.08888888888888889,0.001692047377326565,0.09294871794871795,0.21221864951768488,0.09554140127388536,0.02768729641693811,0.10576923076923077,0.0015527950310559005,0.05289256198347107,0.10277324632952692,0.0016313213703099511,0.14854517611026033,0.018456375838926176,0.0528,0.024958402662229616,0.0192,0.0030721966205837174,0.0182648401826484,0.045871559633027525,0.024390243902439025,0.04426229508196721,0.0140625,0.0,0.001519756838905775,0.024883359253499222,0.11398176291793313,0.0,0.048494983277591976,0.05573248407643312,0.058823529411764705,0.07508532423208192,0.06598984771573604,0.0,0.20941558441558442,0.20941558441558442,0.07216494845360824,0.15600624024961,0.01984732824427481,0.06200317965023847,0.008223684210526315,0.02365930599369085,0.029159519725557463,0.0015923566878980893,0.04222972972972973,0.001488095238095238
2002,1,9,prevalence,0.03225806451612903,0.06949152542372881,0.08188976377952756,0.02476780185758514,0.0,0.006802721088435374,0.017684887459807074,0.0,0.07950530035335689,0.0,0.035830618892508145,0.008333333333333333,0.02936630602782071,0.13271604938271606,0.004991680532445923,0.06435643564356436,0.0805921052631579,0.045454545454545456,0.0196078431372549,0.0,0.0,0.008090614886731391,0.08128834355828221,0.07011686143572621,0.09208400646203554,0.08305647840531562,0.07919254658385093,0.0049833887043189366,0.08090614886731391,0.006557377049180328,0.033444816053511704,0.0,0.09015025041736227,0.0016286644951140066,0.0,0.0034071550255536627,0.06304985337243402,0.0967741935483871,0.001669449081803005,0.08012820512820513,0.0034071550255536627,0.07407407407407407,0.02533783783783784,0.0016286644951140066,0.0914826498422713,0.014516129032258065,0.10016420361247948,0.06135986733001658,0.04866562009419152,0.08333333333333333,0.1192368839427663,0.0048543689320388345,0.0,0.05333333333333334,0.014331210191082803,0.05863192182410423,0.18253968253968253,0.0,0.0544,0.0016638935108153079,0.10440456769983687,0.004709576138147566,0.03442622950819672,0.004665629860031105,0.2364963503649635,0.2364963503649635,0.020634920634920634,0.0,0.018272425249169437,0.003134796238244514,0.17546583850931677,0.17546583850931677,0.0,0.06851549755301795,0.12603648424543948,0.0033444816053511705,0.0016181229773462784,0.0189328743545611,0.06951026856240126,0.0015290519877675841,0.14106583072100312,0.0,0.05073649754500818,0.04647160068846816,0.00967741935483871,0.0015552099533437014,0.17517006802721088,0.0,0.005272407732864675,0.0064,0.12400635930047695,0.11298482293423272,0.0015432098765432098,0.012779552715654952,0.058823529411764705,0.1314878892733564,0.05365853658536585,0.0,0.09162717219589257,0.026272577996715927,0.04006410256410257,0.12807881773399016,0.08443708609271523,0.04957264957264957,0.09715242881072027,0.0,0.009950248756218905,0.001610305958132045,0.0,0.08333333333333333,0.13043478260869565,0.14854517611026033,0.08653846153846154,0.04088586030664395,0.023064250411861616,0.03425774877650897,0.039383561643835614,0.1505016722408027,0.001597444089456869,0.003169572107765452,0.07032590051457976,0.20440251572327045,0.004901960784313725,0.0015527950310559005,0.01078582434514638,0.0779436152570481,0.10152284263959391,0.004724409448818898,0.07419354838709677,0.09595959595959595,0.08347529812606473,0.0,0.029173419773095625,0.20031055900621117,0.004838709677419355,0.0015625,0.034782608695652174,0.151033386327504,0.04024767801857585,0.08552631578947369,0.01910828025477707,0.04040404040404041,0.003129890453834116,0.0016750418760469012,0.0589171974522293,0.022508038585209004,0.036334913112164295,0.015128593040847202,0.05422647527910686,0.006359300476947536,0.10876623376623376,0.059654631083202514,0.06446776611694154,0.0831918505942275,0.03852080123266564,0.06935483870967742,0.004909983633387889,0.11370716510903427,0.19743178170144463,0.09584664536741214,0.03691813804173355,0.08552631578947369,0.0015455950540958269,0.057432432432432436,0.08576051779935275,0.0016,0.1178343949044586,0.021666666666666667,0.042789223454833596,0.023450586264656615,0.02037617554858934,0.0015923566878980893,0.028169014084507043,0.027692307692307693,0.030395136778115502,0.035175879396984924,0.017543859649122806,0.0,0.0,0.01615508885298869,0.13808801213960548,0.0,0.06984667802385008,0.0440251572327044,0.05084745762711865,0.0436241610738255,0.051926298157453935,0.003389830508474576,0.23870967741935484,0.23870967741935484,0.04679376083188908,0.17928902627511592,0.025974025974025976,0.04552845528455285,0.00975609756097561,0.024671052631578948,0.027777777777777776,0.0016233766233766235,0.035897435897435895,0.0014992503748125937
2003,1,9,prevalence,0.012422360248447204,0.10474631751227496,0.09775641025641026,0.02923076923076923,0.0017094017094017094,0.006557377049180328,0.01589825119236884,0.0,0.1592920353982301,0.0,0.04451510333863275,0.005016722408026756,0.03668261562998405,0.1059001512859304,0.005025125628140704,0.08040201005025126,0.10628019323671498,0.03863987635239567,0.04220779220779221,0.0,0.0,0.01779935275080906,0.07606973058637084,0.06239737274220033,0.07768595041322314,0.09121621621621621,0.07894736842105263,0.005008347245409015,0.06156405990016639,0.0032679738562091504,0.030744336569579287,0.0016207455429497568,0.08496732026143791,0.001597444089456869,0.0,0.0016835016835016834,0.05693430656934306,0.09,0.001639344262295082,0.05206738131699847,0.006802721088435374,0.10316139767054909,0.026936026936026935,0.006568144499178982,0.10993975903614457,0.03015075376884422,0.0966183574879227,0.08914100486223663,0.07022900763358779,0.0722495894909688,0.13636363636363635,0.006535947712418301,0.0,0.06473594548551959,0.012578616352201259,0.06785137318255251,0.12792511700468018,0.0,0.04709576138147567,0.003189792663476874,0.1069078947368421,0.0032520325203252032,0.0288135593220339,0.001589825119236884,0.17543859649122806,0.17543859649122806,0.030448717948717948,0.0,0.008169934640522876,0.0032626427406199023,0.20722135007849293,0.20722135007849293,0.0,0.07190635451505016,0.14715719063545152,0.006600660066006601,0.001639344262295082,0.013245033112582781,0.08399366085578447,0.0016,0.13137557959814528,0.0,0.07305194805194805,0.06710310965630115,0.009584664536741214,0.0,0.12479474548440066,0.0,0.01263537906137184,0.006329113924050633,0.14790996784565916,0.10677966101694915,0.001607717041800643,0.004709576138147566,0.05555555555555555,0.09417808219178082,0.055105348460291734,0.0016051364365971107,0.07532051282051282,0.0361247947454844,0.02875399361022364,0.2152317880794702,0.07106598984771574,0.0392156862745098,0.09106239460370995,0.0,0.02145214521452145,0.001610305958132045,0.0,0.0912,0.12618296529968454,0.18769230769230769,0.08562197092084006,0.04948805460750853,0.022764227642276424,0.028052805280528052,0.035897435897435895,0.12479474548440066,0.003179650238473768,0.003215434083601286,0.06551724137931035,0.18985270049099837,0.006568144499178982,0.0015337423312883436,0.010819165378670788,0.06976744186046512,0.12231404958677686,0.006514657980456026,0.10281923714759536,0.09230769230769231,0.06010016694490818,0.001669449081803005,0.03225806451612903,0.20251177394034536,0.0016155088852988692,0.001564945226917058,0.03424657534246575,0.1526479750778816,0.027331189710610933,0.08626198083067092,0.0016611295681063123,0.0636215334420881,0.0031007751937984496,0.0016313213703099511,0.041736227045075125,0.011647254575707155,0.041666666666666664,0.006289308176100629,0.0630048465266559,0.007633587786259542,0.11256117455138662,0.08373590982286634,0.03969465648854962,0.08433734939759036,0.030864197530864196,0.0462046204620462,0.0016806722689075631,0.12944983818770225,0.2085987261146497,0.09291338582677165,0.028346456692913385,0.05825242718446602,0.001594896331738437,0.06688963210702341,0.09886547811993517,0.0,0.0736,0.011146496815286623,0.039619651347068144,0.016835016835016835,0.023809523809523808,0.00473186119873817,0.033925686591276254,0.03522205206738132,0.035493827160493825,0.0429553264604811,0.0192,0.0,0.0,0.024350649350649352,0.11127819548872181,0.0015552099533437014,0.061855670103092786,0.03773584905660377,0.04187604690117253,0.03697478991596639,0.041050903119868636,0.0016722408026755853,0.27344992050874406,0.27344992050874406,0.026936026936026935,0.17027863777089783,0.03577235772357724,0.030894308943089432,0.011326860841423949,0.02027027027027027,0.04310344827586207,0.0016129032258064516,0.03709949409780776,0.0015360983102918587
2004,1,9,prevalence,0.0031847133757961785,0.18284789644012944,0.06771653543307087,0.03930817610062893,0.0033783783783783786,0.0016260162601626016,0.026533996683250415,0.0,0.22994652406417113,0.0,0.04375,0.011986301369863013,0.0288,0.09287925696594428,0.003367003367003367,0.08538587848932677,0.11392405063291139,0.03115264797507788,0.05073649754500818,0.0,0.0,0.022328548644338118,0.07298136645962733,0.05201342281879195,0.07766990291262135,0.07692307692307693,0.0770440251572327,0.0016891891891891893,0.07119205298013245,0.0016474464579901153,0.024509803921568627,0.0032258064516129032,0.10465116279069768,0.0016181229773462784,0.0,0.0016420361247947454,0.057692307692307696,0.12254901960784313,0.0,0.0350076103500761,0.0033500837520938024,0.1592775041050903,0.024958402662229616,0.011589403973509934,0.11836115326251896,0.029411764705882353,0.0875796178343949,0.11363636363636363,0.0745814307458143,0.09015025041736227,0.10603588907014681,0.012738853503184714,0.0,0.08833333333333333,0.017488076311605722,0.052969502407704656,0.09888357256778309,0.0015337423312883436,0.022764227642276424,0.003189792663476874,0.09105960264900662,0.0049586776859504135,0.02054794520547945,0.0016051364365971107,0.12575757575757576,0.12575757575757576,0.025039123630672927,0.0,0.0049261083743842365,0.0034482758620689655,0.1875993640699523,0.1875993640699523,0.0,0.06666666666666667,0.10309278350515463,0.006578947368421052,0.003189792663476874,0.011589403973509934,0.09233176838810642,0.0015723270440251573,0.10015649452269171,0.0016339869281045752,0.10194174757281553,0.11563517915309446,0.012779552715654952,0.0,0.10367892976588629,0.0,0.030249110320284697,0.0048,0.128500823723229,0.10552763819095477,0.0015723270440251573,0.006289308176100629,0.05387205387205387,0.07718696397941681,0.03166666666666667,0.0,0.029874213836477988,0.011182108626198083,0.014423076923076924,0.2681744749596123,0.046232876712328765,0.04433497536945813,0.06495726495726496,0.0,0.01818181818181818,0.001589825119236884,0.0,0.057947019867549666,0.1470113085621971,0.1722560975609756,0.10759493670886076,0.05317324185248713,0.01757188498402556,0.031446540880503145,0.022413793103448276,0.14378029079159935,0.004761904761904762,0.003125,0.04063604240282685,0.19148936170212766,0.006369426751592357,0.009216589861751152,0.019230769230769232,0.08376068376068375,0.1183533447684391,0.01870748299319728,0.10841423948220065,0.09983079526226735,0.04817275747508306,0.0016863406408094434,0.022328548644338118,0.1650485436893204,0.0016286644951140066,0.0015290519877675841,0.022452504317789293,0.1918238993710692,0.04051863857374392,0.05669291338582677,0.004893964110929853,0.057724957555178265,0.003194888178913738,0.0016339869281045752,0.031096563011456628,0.013289036544850499,0.040268456375838924,0.0015527950310559005,0.05348460291734198,0.015337423312883436,0.14691151919866444,0.05737704918032787,0.04451510333863275,0.09913043478260869,0.0374414976599064,0.03305785123966942,0.006589785831960461,0.11446740858505565,0.13071895424836602,0.09523809523809523,0.029548989113530325,0.06310679611650485,0.001652892561983471,0.04991394148020654,0.07781456953642384,0.0,0.05180533751962323,0.022151898734177215,0.0491283676703645,0.02159468438538206,0.022328548644338118,0.007974481658692184,0.044657097288676235,0.04258675078864353,0.04043545878693624,0.056666666666666664,0.01751592356687898,0.0,0.0,0.03425774877650897,0.09104258443465492,0.0015923566878980893,0.054455445544554455,0.03852080123266564,0.04477611940298507,0.0391156462585034,0.040783034257748776,0.006734006734006734,0.29559748427672955,0.29559748427672955,0.011666666666666667,0.13765822784810128,0.05132450331125828,0.046052631578947366,0.011235955056179775,0.013605442176870748,0.05181347150259067,0.0016233766233766235,0.036458333333333336,0.0015267175572519084
2005,1,9,prevalence,0.0031496062992125984,0.34455128205128205,0.06622516556291391,0.05581395348837209,0.003401360544217687,0.0016366612111292963,0.04227642276422764,0.0,0.3979763912310287,0.0,0.048589341692789965,0.022298456260720412,0.04754358161648178,0.07668231611893583,0.0017152658662092624,0.061872909698996656,0.0991869918699187,0.04675716440422323,0.04,0.0,0.0,0.021705426356589147,0.06003159557661927,0.05733558178752108,0.07836990595611286,0.05555555555555555,0.09350237717908082,0.001697792869269949,0.06960950764006792,0.0016638935108153079,0.009448818897637795,0.001610305958132045,0.11774461028192372,0.0033783783783783786,0.0,0.001607717041800643,0.05030487804878049,0.11074918566775244,0.0016286644951140066,0.017107309486780714,0.004934210526315789,0.1465076660988075,0.02512562814070352,0.03494176372712146,0.13221884498480244,0.012110726643598616,0.0985691573926868,0.11363636363636363,0.07174887892376682,0.11764705882352941,0.10033444816053512,0.025356576862123614,0.0,0.05573770491803279,0.01098901098901099,0.06199021207177814,0.0589171974522293,0.0,0.01335559265442404,0.001644736842105263,0.09547738693467336,0.008347245409015025,0.013445378151260505,0.0016420361247947454,0.10638297872340426,0.10638297872340426,0.02388535031847134,0.0,0.001644736842105263,0.0016891891891891893,0.15336463223787167,0.15336463223787167,0.0,0.08025682182985554,0.09735973597359736,0.003355704697986577,0.0015923566878980893,0.018808777429467086,0.10920436817472699,0.0015873015873015873,0.09621451104100946,0.0016420361247947454,0.07890499194847021,0.09813874788494077,0.01592356687898089,0.0,0.08566433566433566,0.0,0.05154639175257732,0.004608294930875576,0.12603648424543948,0.09075907590759076,0.0016155088852988692,0.007776049766718507,0.04118616144975288,0.057291666666666664,0.023026315789473683,0.0,0.023510971786833857,0.014492753623188406,0.006379585326953748,0.3256578947368421,0.051580698835274545,0.07475083056478406,0.06925675675675676,0.0,0.013289036544850499,0.003110419906687403,0.0,0.036303630363036306,0.10114192495921696,0.13291139240506328,0.0992,0.03166666666666667,0.018425460636515914,0.0296875,0.018456375838926176,0.13162118780096307,0.00482315112540193,0.003246753246753247,0.05272407732864675,0.15625,0.0,0.012539184952978056,0.029411764705882353,0.0657439446366782,0.12006578947368421,0.018835616438356163,0.0929853181076672,0.12478920741989882,0.05472636815920398,0.006756756756756757,0.03508771929824561,0.15875613747954173,0.0,0.003169572107765452,0.06030150753768844,0.15483870967741936,0.04227642276422764,0.050080775444264945,0.011235955056179775,0.06091370558375635,0.006430868167202572,0.0,0.018518518518518517,0.016722408026755852,0.04404567699836868,0.0015552099533437014,0.048939641109298535,0.004724409448818898,0.16478190630048464,0.03908794788273615,0.05929487179487179,0.08492201039861352,0.0359375,0.02847571189279732,0.009708737864077669,0.1152073732718894,0.10738255033557047,0.10076335877862595,0.04739336492890995,0.05229793977812995,0.0016638935108153079,0.03389830508474576,0.07308970099667775,0.0,0.05417956656346749,0.012861736334405145,0.06546644844517185,0.01877133105802048,0.03273322422258593,0.0096,0.04227642276422764,0.0423861852433281,0.056402439024390245,0.07142857142857142,0.0208,0.0015723270440251573,0.0,0.04597701149425287,0.13224368499257058,0.006535947712418301,0.05228758169934641,0.04328358208955224,0.0462046204620462,0.02861952861952862,0.06389776357827476,0.0033277870216306157,0.3086816720257235,0.3086816720257235,0.01692047377326565,0.16422764227642275,0.06026058631921824,0.04416403785488959,0.011419249592169658,0.01353637901861252,0.052901023890784986,0.003205128205128205,0.027303754266211604,0.001594896331738437
2006,1,9,prevalence,0.0047694753577106515,0.33541341653666146,0.10613598673300166,0.060882800608828,0.0017452006980802793,0.0015772870662460567,0.04404567699836868,0.0,0.38312829525483305,0.001610305958132045,0.04361873990306947,0.030821917808219176,0.0544,0.08146964856230032,0.0,0.06844741235392321,0.07643312101910828,0.039634146341463415,0.020833333333333332,0.0,0.0,0.023291925465838508,0.0592,0.040783034257748776,0.1015625,0.07179487179487179,0.11496062992125984,0.005154639175257732,0.05862646566164154,0.003236245954692557,0.0096,0.001639344262295082,0.06612903225806452,0.005050505050505051,0.0016339869281045752,0.0015408320493066256,0.043478260869565216,0.10810810810810811,0.0015552099533437014,0.02689873417721519,0.006633499170812604,0.16156462585034015,0.01788617886178862,0.05392156862745098,0.19724770642201836,0.010186757215619695,0.09075907590759076,0.07580645161290323,0.06542056074766354,0.08360128617363344,0.08620689655172414,0.02145214521452145,0.0,0.04416403785488959,0.012345679012345678,0.048494983277591976,0.03758169934640523,0.0,0.02936378466557912,0.0016863406408094434,0.10078740157480315,0.008237232289950576,0.011494252873563218,0.0016638935108153079,0.07177033492822966,0.07177033492822966,0.030894308943089432,0.0,0.0016155088852988692,0.0017035775127768314,0.0984375,0.0984375,0.0,0.08,0.07980456026058631,0.003305785123966942,0.0015873015873015873,0.011182108626198083,0.09888357256778309,0.0,0.0804416403785489,0.001669449081803005,0.0816,0.10490693739424704,0.018518518518518517,0.001597444089456869,0.08566433566433566,0.0015772870662460567,0.08681135225375626,0.0015503875968992248,0.09415584415584416,0.07570977917981073,0.0016,0.00794912559618442,0.040983606557377046,0.05114638447971781,0.020967741935483872,0.00322061191626409,0.017133956386292833,0.02145214521452145,0.011146496815286623,0.2762063227953411,0.032362459546925564,0.061258278145695365,0.053082191780821915,0.0,0.013311148086522463,0.008051529790660225,0.0,0.039538714991762765,0.06168831168831169,0.12082670906200318,0.10047095761381476,0.04201680672268908,0.008169934640522876,0.027777777777777776,0.008431703204047217,0.12317666126418152,0.004878048780487805,0.0048,0.047619047619047616,0.12171052631578948,0.0,0.013910355486862442,0.0358814352574103,0.076158940397351,0.09904153354632587,0.01584507042253521,0.0875796178343949,0.12116040955631399,0.0496,0.008278145695364239,0.03015873015873016,0.14653784219001612,0.0,0.0031397174254317113,0.08047945205479452,0.15645161290322582,0.051118210862619806,0.049679487179487176,0.011326860841423949,0.03595890410958904,0.011093502377179081,0.0,0.013333333333333334,0.019867549668874173,0.04567699836867863,0.0,0.054365733113673806,0.008183306055646482,0.19407894736842105,0.02903225806451613,0.06507936507936508,0.07540983606557378,0.05337519623233909,0.01936619718309859,0.0049261083743842365,0.11515151515151516,0.08680555555555555,0.09337349397590361,0.0368,0.05844155844155844,0.001658374792703151,0.066006600660066,0.05519480519480519,0.0,0.0421875,0.01437699680511182,0.05081967213114754,0.015,0.032520325203252036,0.006339144215530904,0.054098360655737705,0.04186795491143317,0.07834101382488479,0.054098360655737705,0.015822784810126583,0.0031545741324921135,0.0,0.03215434083601286,0.12481203007518797,0.004830917874396135,0.03064516129032258,0.06537890044576523,0.056818181818181816,0.025848142164781908,0.11642743221690591,0.0033500837520938024,0.28365384615384615,0.28365384615384615,0.014925373134328358,0.15257048092868988,0.04416403785488959,0.046251993620414676,0.004792332268370607,0.02145214521452145,0.039182282793867124,0.003110419906687403,0.026578073089700997,0.0015923566878980893
2007,1,9,prevalence,0.00966183574879227,0.27346278317152106,0.1079734219269103,0.046875,0.0017271157167530224,0.0016,0.02926829268292683,0.0,0.27533783783783783,0.0015923566878980893,0.028481012658227847,0.04736842105263158,0.06687898089171974,0.07643312101910828,0.0,0.06324786324786325,0.071875,0.04813664596273292,0.027243589743589744,0.0,0.0,0.030627871362940276,0.059870550161812294,0.05263157894736842,0.08986928104575163,0.059602649006622516,0.09606299212598425,0.006980802792321117,0.05601317957166392,0.02113821138211382,0.01288244766505636,0.004975124378109453,0.05329153605015674,0.005067567567567568,0.0016501650165016502,0.0015625,0.027070063694267517,0.09409888357256778,0.0,0.03470031545741325,0.006514657980456026,0.11258278145695365,0.022617124394184167,0.04032258064516129,0.20031055900621117,0.020761245674740483,0.09547738693467336,0.07142857142857142,0.05055292259083728,0.06622516556291391,0.0812603648424544,0.018032786885245903,0.0,0.034375,0.015105740181268883,0.07023411371237458,0.04180602006688963,0.0,0.027552674230145867,0.0017006802721088435,0.07804878048780488,0.008333333333333333,0.011308562197092083,0.0016835016835016834,0.034976152623211444,0.034976152623211444,0.03064516129032258,0.001594896331738437,0.0015923566878980893,0.003372681281618887,0.06951026856240126,0.06951026856240126,0.0,0.05901639344262295,0.061806656101426306,0.006779661016949152,0.0015822784810126582,0.012903225806451613,0.11128775834658187,0.0016207455429497568,0.056782334384858045,0.001697792869269949,0.11653543307086614,0.09800664451827243,0.02865761689291101,0.0016638935108153079,0.08407871198568873,0.0016366612111292963,0.1273344651952462,0.0015455950540958269,0.05081967213114754,0.08945686900958466,0.001579778830963665,0.008025682182985553,0.0429042904290429,0.04452054794520548,0.00792393026941363,0.003257328990228013,0.009345794392523364,0.023140495867768594,0.004815409309791332,0.1815126050420168,0.009836065573770493,0.06026058631921824,0.037953795379537955,0.0,0.00966183574879227,0.0033112582781456954,0.0015290519877675841,0.029850746268656716,0.06329113924050633,0.12965964343598055,0.09175738724727839,0.03535353535353535,0.013179571663920923,0.026143790849673203,0.016611295681063124,0.08099173553719008,0.001584786053882726,0.006430868167202572,0.037606837606837605,0.09253246753246754,0.0,0.011093502377179081,0.03980891719745223,0.06390328151986183,0.09697933227344992,0.02054794520547945,0.08306709265175719,0.07939189189189189,0.055205047318611984,0.006379585326953748,0.04340836012861737,0.13983739837398373,0.0,0.004608294930875576,0.06429780033840947,0.13861386138613863,0.06732348111658457,0.04984423676012461,0.017350157728706624,0.04597701149425287,0.02365930599369085,0.0,0.01192504258943782,0.0112,0.028333333333333332,0.0,0.039538714991762765,0.011345218800648298,0.1907051282051282,0.0304,0.07590759075907591,0.04567699836867863,0.0453125,0.019197207678883072,0.011345218800648298,0.14149443561208266,0.06209150326797386,0.10757575757575757,0.040983606557377046,0.059800664451827246,0.0016750418760469012,0.07768595041322314,0.05454545454545454,0.0,0.044233807266982623,0.01288244766505636,0.06375838926174497,0.024630541871921183,0.02903225806451613,0.006201550387596899,0.03934426229508197,0.04950495049504951,0.08217054263565891,0.04590163934426229,0.012213740458015267,0.00482315112540193,0.0,0.04054054054054054,0.0903522205206738,0.004702194357366771,0.03189792663476874,0.07153502235469449,0.03209459459459459,0.020967741935483872,0.14397496087636932,0.001669449081803005,0.232,0.232,0.01468189233278956,0.1644518272425249,0.05023547880690738,0.036741214057507986,0.0031446540880503146,0.028192371475953566,0.03814262023217247,0.0031446540880503146,0.018456375838926176,0.0030959752321981426
2008,1,9,prevalence,0.0128,0.18949044585987262,0.10535117056856187,0.029079159935379646,0.001736111111111111,0.0,0.022913256955810146,0.0,0.17355371900826447,0.0,0.0296875,0.07625649913344887,0.07062600321027288,0.05405405405405406,0.0,0.07291666666666667,0.10210696920583469,0.0436817472698908,0.0192,0.0,0.0,0.02465331278890601,0.05071315372424723,0.0473186119873817,0.05929487179487179,0.057283142389525366,0.08166409861325115,0.010676156583629894,0.07755775577557755,0.024154589371980676,0.011146496815286623,0.025167785234899327,0.05246422893481717,0.00505902192242833,0.004807692307692308,0.0015151515151515152,0.032679738562091505,0.09268292682926829,0.0016155088852988692,0.04285714285714286,0.0032258064516129032,0.10128617363344052,0.01592356687898089,0.04522613065326633,0.2146118721461187,0.011705685618729096,0.09060402684563758,0.07355242566510173,0.04314329738058552,0.06382978723404255,0.06228956228956229,0.023255813953488372,0.0,0.0334855403348554,0.015432098765432098,0.06745362563237774,0.027868852459016394,0.0,0.03827751196172249,0.0017241379310344827,0.06612903225806452,0.009884678747940691,0.007911392405063292,0.001697792869269949,0.023064250411861616,0.023064250411861616,0.01757188498402556,0.0015552099533437014,0.00473186119873817,0.009917355371900827,0.03915171288743882,0.03915171288743882,0.001658374792703151,0.05475040257648953,0.04390243902439024,0.008417508417508417,0.003129890453834116,0.008090614886731391,0.0888529886914378,0.0016260162601626016,0.07281553398058252,0.0016722408026755853,0.1171875,0.08739495798319327,0.019817073170731708,0.0033277870216306157,0.06761565836298933,0.001639344262295082,0.17478991596638654,0.004792332268370607,0.03650793650793651,0.07967479674796749,0.003189792663476874,0.012738853503184714,0.02768729641693811,0.03626943005181347,0.015698587127158554,0.006269592476489028,0.01732283464566929,0.015822784810126583,0.0016207455429497568,0.1557377049180328,0.009933774834437087,0.0288,0.04152823920265781,0.0,0.03354632587859425,0.0032948929159802307,0.0015479876160990713,0.041736227045075125,0.06487341772151899,0.12987012987012986,0.055900621118012424,0.02,0.008389261744966443,0.02572347266881029,0.020134228187919462,0.05466237942122187,0.0016420361247947454,0.0064516129032258064,0.02936096718480138,0.07830342577487764,0.0,0.01461038961038961,0.04375,0.0673758865248227,0.07643312101910828,0.024691358024691357,0.09807073954983923,0.064891846921797,0.047400611620795105,0.006568144499178982,0.048818897637795275,0.13636363636363635,0.0,0.004658385093167702,0.04060913705583756,0.12376237623762376,0.05472636815920398,0.04192546583850932,0.025477707006369428,0.032679738562091505,0.026687598116169546,0.0032258064516129032,0.011705685618729096,0.007911392405063292,0.019704433497536946,0.0,0.05582922824302135,0.013223140495867768,0.13001605136436598,0.0256,0.07742998352553541,0.02750809061488673,0.04314329738058552,0.014134275618374558,0.0049504950495049506,0.10126582278481013,0.03820598006644518,0.07469512195121951,0.052805280528052806,0.07781456953642384,0.0016339869281045752,0.05299145299145299,0.05357142857142857,0.0,0.056179775280898875,0.014018691588785047,0.036303630363036306,0.022257551669316374,0.01935483870967742,0.012519561815336464,0.027210884353741496,0.0392156862745098,0.06797583081570997,0.04220779220779221,0.0258751902587519,0.004792332268370607,0.0,0.05612244897959184,0.09076682316118936,0.004746835443037975,0.03481012658227848,0.0639269406392694,0.022435897435897436,0.031096563011456628,0.16946564885496182,0.011965811965811967,0.1187800963081862,0.1187800963081862,0.011437908496732025,0.2052980132450331,0.060221870047543584,0.043689320388349516,0.010954616588419406,0.03735144312393888,0.034653465346534656,0.0015408320493066256,0.02564102564102564,0.0061633281972265025
2009,1,9,prevalence,0.024193548387096774,0.09486780715396578,0.08552631578947369,0.03140495867768595,0.001644736842105263,0.0,0.020766773162939296,0.0,0.10517529215358931,0.0,0.03816793893129771,0.0893169877408056,0.05536912751677853,0.05457463884430177,0.0,0.07407407407407407,0.08012820512820513,0.0483619344773791,0.026856240126382307,0.004878048780487805,0.0,0.007633587786259542,0.04075235109717868,0.029320987654320986,0.05799373040752351,0.0576,0.07680491551459294,0.005199306759098787,0.06785137318255251,0.0328125,0.011164274322169059,0.026143790849673203,0.06761006289308176,0.006568144499178982,0.00946372239747634,0.0,0.02040816326530612,0.0851063829787234,0.0031746031746031746,0.054455445544554455,0.008103727714748784,0.08896210873146623,0.03286384976525822,0.023411371237458192,0.15781487101669195,0.019543973941368076,0.07717569786535304,0.04503105590062112,0.06708268330733229,0.04700162074554295,0.03152364273204904,0.02159468438538206,0.0,0.0453857791225416,0.008143322475570033,0.03859060402684564,0.04186795491143317,0.0,0.0453125,0.003389830508474576,0.04975124378109453,0.02066772655007949,0.00482315112540193,0.0017331022530329288,0.021207177814029365,0.021207177814029365,0.01757188498402556,0.001610305958132045,0.007530120481927711,0.011217948717948718,0.01788617886178862,0.01788617886178862,0.0016313213703099511,0.06836248012718601,0.0736,0.025167785234899327,0.0,0.008210180623973728,0.07768595041322314,0.0016366612111292963,0.05098684210526316,0.0033444816053511705,0.08974358974358974,0.07781456953642384,0.006172839506172839,0.004942339373970346,0.07168458781362007,0.0016339869281045752,0.20550161812297735,0.004761904761904762,0.05555555555555555,0.06602254428341385,0.0032414910858995136,0.01751592356687898,0.03409090909090909,0.0506108202443281,0.023734177215189875,0.006462035541195477,0.020700636942675158,0.009375,0.0,0.13504823151125403,0.016556291390728478,0.03481012658227848,0.033277870216306155,0.0,0.017488076311605722,0.003284072249589491,0.0015503875968992248,0.04628099173553719,0.048,0.08193979933110368,0.03945371775417299,0.011608623548922056,0.006802721088435374,0.025437201907790145,0.013136288998357963,0.056962025316455694,0.003401360544217687,0.006299212598425197,0.015,0.07425742574257425,0.0,0.018456375838926176,0.03296703296703297,0.06747404844290658,0.09247648902821316,0.04063604240282685,0.10474631751227496,0.06229508196721312,0.029806259314456036,0.004878048780487805,0.05660377358490566,0.08051529790660225,0.0,0.007974481658692184,0.03231017770597738,0.1054421768707483,0.034071550255536626,0.031007751937984496,0.02843601895734597,0.033112582781456956,0.028037383177570093,0.004838709677419355,0.024305555555555556,0.0064,0.014827018121911038,0.0,0.052969502407704656,0.017915309446254073,0.11987381703470032,0.03425774877650897,0.0762987012987013,0.03387096774193549,0.029459901800327332,0.01015228426395939,0.004901960784313725,0.06707317073170732,0.023931623931623933,0.04704097116843703,0.04071661237785016,0.06050420168067227,0.0016339869281045752,0.059931506849315065,0.04723127035830619,0.0,0.050080775444264945,0.0187207488299532,0.042444821731748725,0.031746031746031744,0.0203125,0.018808777429467086,0.014109347442680775,0.04091653027823241,0.05413533834586466,0.03436988543371522,0.020249221183800622,0.0031645569620253164,0.0016207455429497568,0.04931972789115646,0.09984152139461172,0.012345679012345678,0.02996845425867508,0.05642633228840126,0.02618657937806874,0.019261637239165328,0.17429837518463812,0.01950354609929078,0.08387096774193549,0.08387096774193549,0.009884678747940691,0.19102990033222592,0.08025682182985554,0.029900332225913623,0.009523809523809525,0.0429553264604811,0.03588907014681892,0.0,0.02152317880794702,0.008
2010,1,9,prevalence,0.019261637239165328,0.07750759878419453,0.0664451827242525,0.03257328990228013,0.0016025641025641025,0.0,0.023183925811437404,0.0,0.12141652613827993,0.0,0.04608294930875576,0.0847750865051903,0.06546644844517185,0.03453689167974882,0.0,0.09417808219178082,0.054945054945054944,0.052715654952076675,0.015748031496062992,0.006535947712418301,0.0,0.012678288431061807,0.050078247261345854,0.038461538461538464,0.0483619344773791,0.042071197411003236,0.07692307692307693,0.0032948929159802307,0.058084772370486655,0.04245283018867924,0.01732283464566929,0.045307443365695796,0.05116279069767442,0.0033222591362126247,0.013910355486862442,0.0,0.02901023890784983,0.08250825082508251,0.004862236628849271,0.07479674796747968,0.014729950900163666,0.08401976935749589,0.03271028037383177,0.040783034257748776,0.13333333333333333,0.019639934533551555,0.06840390879478828,0.0547945205479452,0.06646058732612056,0.03814262023217247,0.02654867256637168,0.01948051948051948,0.0,0.02976190476190476,0.006611570247933884,0.0333889816360601,0.031198686371100164,0.0,0.05573248407643312,0.013008130081300813,0.042692939244663386,0.02618657937806874,0.001594896331738437,0.0017271157167530224,0.014729950900163666,0.014729950900163666,0.012924071082390954,0.0016260162601626016,0.004511278195488722,0.011475409836065573,0.0210016155088853,0.0210016155088853,0.0016129032258064516,0.0853462157809984,0.06923076923076923,0.01839464882943144,0.0,0.008051529790660225,0.05815831987075929,0.0016666666666666668,0.05175292153589316,0.004878048780487805,0.07931570762052877,0.07131011608623548,0.012121212121212121,0.006430868167202572,0.06569343065693431,0.003278688524590164,0.15619967793880837,0.007716049382716049,0.09120521172638436,0.04739336492890995,0.0033613445378151263,0.010954616588419406,0.03403565640194489,0.036020583190394515,0.043689320388349516,0.00487012987012987,0.01263823064770932,0.01564945226917058,0.0,0.11707317073170732,0.01620745542949757,0.03225806451612903,0.031825795644891124,0.0,0.02329450915141431,0.003257328990228013,0.0046439628482972135,0.04081632653061224,0.050488599348534204,0.09847198641765705,0.0171606864274571,0.003401360544217687,0.013266998341625208,0.022328548644338118,0.014469453376205787,0.0358814352574103,0.003278688524590164,0.006299212598425197,0.03140495867768595,0.0592,0.0,0.020689655172413793,0.023961661341853034,0.037606837606837605,0.08513931888544891,0.029565217391304348,0.07692307692307693,0.0297029702970297,0.027439024390243903,0.0049586776859504135,0.041401273885350316,0.04552845528455285,0.004975124378109453,0.009950248756218905,0.02702702702702703,0.08726003490401396,0.024429967426710098,0.020155038759689922,0.02945736434108527,0.03559870550161812,0.01393188854489164,0.007987220447284345,0.031825795644891124,0.006279434850863423,0.016722408026755852,0.0,0.04091653027823241,0.01288244766505636,0.09018987341772151,0.028192371475953566,0.057755775577557754,0.024077046548956663,0.02618657937806874,0.010238907849829351,0.001697792869269949,0.06027820710973725,0.006589785831960461,0.04122137404580153,0.03782894736842105,0.051839464882943144,0.0016666666666666668,0.06,0.026402640264026403,0.0,0.04326923076923077,0.028616852146263912,0.03372681281618887,0.03542673107890499,0.028526148969889066,0.014173228346456693,0.017513134851138354,0.024,0.02694610778443114,0.03431372549019608,0.018404907975460124,0.0032626427406199023,0.0031397174254317113,0.05201342281879195,0.10284810126582279,0.020766773162939296,0.028846153846153848,0.0736,0.01788617886178862,0.04333868378812199,0.15431164901664146,0.013961605584642234,0.0464,0.0464,0.024549918166939442,0.09866220735785954,0.085667215815486,0.011345218800648298,0.016051364365971106,0.03436426116838488,0.039538714991762765,0.0,0.023064250411861616,0.007886435331230283
2011,1,9,prevalence,0.016260162601626018,0.0803030303030303,0.04187604690117253,0.0453781512605042,0.0015873015873015873,0.0017123287671232876,0.0171606864274571,0.001639344262295082,0.10945273631840796,0.0032102728731942215,0.05945121951219512,0.07388316151202749,0.08305084745762711,0.0515625,0.0,0.06408094435075885,0.052050473186119876,0.03492063492063492,0.03918495297805643,0.00487012987012987,0.0,0.006339144215530904,0.0598159509202454,0.031545741324921134,0.024427480916030534,0.029556650246305417,0.050393700787401574,0.004885993485342019,0.06739811912225706,0.04709576138147567,0.028125,0.05186385737439222,0.053353658536585365,0.006557377049180328,0.009259259259259259,0.0,0.02079722703639515,0.05582137161084529,0.00315955766192733,0.054635761589403975,0.004918032786885246,0.04091653027823241,0.02627511591962906,0.04375,0.1187214611872146,0.024509803921568627,0.05422647527910686,0.06006006006006006,0.07606973058637084,0.03577235772357724,0.013513513513513514,0.014802631578947368,0.0015923566878980893,0.04,0.009966777408637873,0.024916943521594685,0.018272425249169437,0.0,0.06310679611650485,0.022222222222222223,0.05457463884430177,0.028052805280528052,0.00949367088607595,0.0,0.009787928221859706,0.009787928221859706,0.019448946515397084,0.0016207455429497568,0.002976190476190476,0.009852216748768473,0.03099510603588907,0.03099510603588907,0.0015625,0.09061488673139159,0.06356589147286822,0.02054794520547945,0.0,0.015822784810126583,0.05591054313099041,0.0,0.05217391304347826,0.004918032786885246,0.05855161787365177,0.05414551607445008,0.017699115044247787,0.006568144499178982,0.04847396768402154,0.0033277870216306157,0.16692913385826771,0.004615384615384616,0.09539473684210527,0.04153354632587859,0.004885993485342019,0.014240506329113924,0.03376205787781351,0.04280821917808219,0.04311774461028192,0.0032679738562091504,0.014754098360655738,0.020569620253164556,0.0,0.09836065573770492,0.015625,0.019417475728155338,0.025889967637540454,0.0,0.03215434083601286,0.0032948929159802307,0.003236245954692557,0.03211009174311927,0.054098360655737705,0.09563758389261745,0.01589825119236884,0.0016750418760469012,0.015025041736227046,0.03559870550161812,0.003169572107765452,0.034161490683229816,0.001597444089456869,0.007936507936507936,0.043697478991596636,0.0592,0.0,0.02364864864864865,0.022508038585209004,0.023923444976076555,0.07087827426810478,0.020833333333333332,0.056818181818181816,0.043689320388349516,0.024615384615384615,0.008319467554076539,0.041401273885350316,0.030206677265500796,0.006734006734006734,0.01,0.03755868544600939,0.0625,0.040584415584415584,0.01594896331738437,0.03930817610062893,0.020766773162939296,0.00966183574879227,0.004934210526315789,0.029079159935379646,0.009508716323296355,0.019543973941368076,0.0,0.024752475247524754,0.012519561815336464,0.057003257328990226,0.018739352640545145,0.05357142857142857,0.03773584905660377,0.03414634146341464,0.011904761904761904,0.00333889816360601,0.04272151898734177,0.013223140495867768,0.028744326777609682,0.052545155993431854,0.039538714991762765,0.001718213058419244,0.08183306055646482,0.030303030303030304,0.0,0.04231974921630094,0.011093502377179081,0.017006802721088437,0.03169572107765452,0.013029315960912053,0.0264797507788162,0.008375209380234505,0.027823240589198037,0.026905829596412557,0.03877221324717286,0.017001545595054096,0.0033333333333333335,0.004792332268370607,0.06710310965630115,0.07496012759170653,0.015455950540958269,0.020155038759689922,0.0722495894909688,0.016129032258064516,0.0380952380952381,0.10015408320493066,0.017361111111111112,0.027070063694267517,0.027070063694267517,0.011308562197092083,0.06677265500794913,0.08056872037914692,0.022508038585209004,0.01564945226917058,0.029654036243822075,0.025356576862123614,0.0,0.022838499184339316,0.0234009360374415
2012,1,9,prevalence,0.008090614886731391,0.06327160493827161,0.028892455858747994,0.04159733777038269,0.0,0.0017574692442882249,0.015600624024960999,0.0016260162601626016,0.08493589743589744,0.015822784810126583,0.07858243451463791,0.07008547008547009,0.05344827586206897,0.04538341158059468,0.0016155088852988692,0.07859531772575251,0.06037151702786378,0.03894080996884735,0.05108359133126935,0.004893964110929853,0.0,0.012678288431061807,0.05263157894736842,0.03169572107765452,0.030165912518853696,0.025806451612903226,0.05745341614906832,0.006299212598425197,0.0532258064516129,0.04915514592933948,0.02247191011235955,0.0723905723905724,0.04496124031007752,0.0049261083743842365,0.00482315112540193,0.0016233766233766235,0.0213903743315508,0.04792332268370607,0.004777070063694267,0.04180602006688963,0.004893964110929853,0.024,0.017001545595054096,0.06144393241167435,0.0703125,0.03387096774193549,0.06677524429967427,0.038461538461538464,0.0717628705148206,0.03431372549019608,0.008333333333333333,0.015,0.001579778830963665,0.036308623298033284,0.011844331641285956,0.011532125205930808,0.03035413153456998,0.0,0.051643192488262914,0.033386327503974564,0.03296703296703297,0.022222222222222223,0.006462035541195477,0.0016863406408094434,0.017713365539452495,0.017713365539452495,0.024271844660194174,0.0033003300330033004,0.004531722054380665,0.006329113924050633,0.027960526315789474,0.027960526315789474,0.0032258064516129032,0.0898876404494382,0.06269592476489028,0.025041736227045076,0.0,0.009433962264150943,0.04945904173106646,0.0,0.030357142857142857,0.003289473684210526,0.05642633228840126,0.04391891891891892,0.024853801169590642,0.004885993485342019,0.02617801047120419,0.0017035775127768314,0.12222222222222222,0.006379585326953748,0.07540983606557378,0.04,0.00315955766192733,0.023510971786833857,0.041050903119868636,0.03150912106135987,0.048939641109298535,0.006611570247933884,0.0067226890756302525,0.021406727828746176,0.0,0.044481054365733116,0.009554140127388535,0.03262642740619902,0.017713365539452495,0.0,0.04590163934426229,0.0032258064516129032,0.0015479876160990713,0.03400309119010819,0.05314009661835749,0.04475043029259897,0.012698412698412698,0.011627906976744186,0.03156146179401993,0.0440251572327044,0.00975609756097561,0.0374414976599064,0.001607717041800643,0.01607717041800643,0.03741496598639456,0.03918495297805643,0.0,0.03945111492281304,0.04489164086687306,0.02689873417721519,0.05927051671732523,0.022071307300509338,0.07865168539325842,0.046849757673667204,0.030303030303030304,0.016420361247947456,0.037037037037037035,0.02527646129541864,0.016863406408094434,0.008291873963515755,0.031746031746031744,0.04340567612687813,0.040310077519379844,0.01594896331738437,0.02073365231259968,0.016025641025641024,0.006462035541195477,0.013223140495867768,0.03164556962025317,0.015360983102918587,0.027552674230145867,0.0016129032258064516,0.026058631921824105,0.01437699680511182,0.03618421052631579,0.030303030303030304,0.04707792207792208,0.03328050713153724,0.03387096774193549,0.019672131147540985,0.0033112582781456954,0.030063291139240507,0.014802631578947368,0.02074074074074074,0.05804311774461028,0.037037037037037035,0.0016863406408094434,0.05806451612903226,0.03198653198653199,0.0,0.048286604361370715,0.003278688524590164,0.015306122448979591,0.031746031746031744,0.014586709886547812,0.031746031746031744,0.02258064516129032,0.0304,0.029850746268656716,0.04220779220779221,0.020249221183800622,0.003372681281618887,0.004807692307692308,0.06535947712418301,0.0499194847020934,0.010510510510510511,0.017377567140600316,0.05910543130990415,0.017684887459807074,0.03785488958990536,0.09486780715396578,0.014010507880910683,0.039538714991762765,0.039538714991762765,0.01935483870967742,0.06132075471698113,0.05339805825242718,0.02384737678855326,0.025477707006369428,0.027823240589198037,0.0144,0.0,0.018211920529801324,0.039936102236421724
2013,1,9,prevalence,0.007898894154818325,0.07244094488188976,0.03387096774193549,0.026490066225165563,0.0,0.0,0.014354066985645933,0.0015822784810126582,0.06984126984126984,0.016845329249617153,0.06666666666666667,0.07475083056478406,0.050434782608695654,0.027906976744186046,0.0016025641025641025,0.05811965811965812,0.02830188679245283,0.037267080745341616,0.06060606060606061,0.0032310177705977385,0.0,0.015698587127158554,0.04468412942989214,0.055031446540880505,0.03475513428120063,0.037914691943127965,0.05271317829457364,0.00794912559618442,0.046251993620414676,0.044072948328267476,0.0243531202435312,0.07462686567164178,0.044274809160305344,0.008156606851549755,0.001579778830963665,0.0,0.019230769230769232,0.0416,0.0032,0.05574912891986063,0.0032626427406199023,0.0449438202247191,0.030254777070063694,0.055031446540880505,0.05787781350482315,0.03889789303079417,0.026755852842809364,0.03765060240963856,0.04983922829581994,0.027243589743589744,0.006578947368421052,0.01631321370309951,0.001564945226917058,0.028064992614475627,0.015,0.00980392156862745,0.034129692832764506,0.0,0.03927492447129909,0.044444444444444446,0.03870967741935484,0.03409090909090909,0.008103727714748784,0.0016835016835016834,0.026234567901234566,0.026234567901234566,0.00825082508250825,0.0016474464579901153,0.021341463414634148,0.0047694753577106515,0.027960526315789474,0.027960526315789474,0.0033112582781456954,0.06210191082802548,0.06666666666666667,0.023450586264656615,0.0,0.01904761904761905,0.043410852713178294,0.0,0.036231884057971016,0.0016233766233766235,0.0315955766192733,0.04753820033955857,0.027417027417027416,0.003205128205128205,0.013675213675213675,0.0017331022530329288,0.060064935064935064,0.017214397496087636,0.0766721044045677,0.024271844660194174,0.006369426751592357,0.044585987261146494,0.026402640264026403,0.033444816053511704,0.03508771929824561,0.0032258064516129032,0.006688963210702341,0.013996889580093312,0.0,0.030252100840336135,0.01592356687898089,0.014950166112956811,0.01639344262295082,0.0,0.05,0.004901960784313725,0.0032,0.027314112291350532,0.04501607717041801,0.051194539249146756,0.022617124394184167,0.017094017094017096,0.02707275803722504,0.0392156862745098,0.013266998341625208,0.046875,0.0016129032258064516,0.030744336569579287,0.048252911813643926,0.030254777070063694,0.0,0.05172413793103448,0.019138755980861243,0.029275808936825885,0.07451564828614009,0.03035413153456998,0.09135399673735727,0.022617124394184167,0.04830917874396135,0.014516129032258065,0.04173354735152488,0.024615384615384615,0.017421602787456445,0.004901960784313725,0.01386748844375963,0.03315881326352531,0.03400309119010819,0.012718600953895072,0.02040816326530612,0.014240506329113924,0.008103727714748784,0.009852216748768473,0.024390243902439025,0.017214397496087636,0.024,0.0,0.024,0.01468189233278956,0.03565640194489465,0.02823920265780731,0.03571428571428571,0.05853658536585366,0.04038772213247173,0.029459901800327332,0.008547008547008548,0.05314009661835749,0.022116903633491312,0.00911854103343465,0.06218487394957983,0.029459901800327332,0.001694915254237288,0.05826771653543307,0.04426229508196721,0.0,0.040584415584415584,0.00792393026941363,0.02138157894736842,0.01929260450160772,0.019169329073482427,0.028526148969889066,0.023140495867768594,0.020186335403726708,0.0581039755351682,0.03,0.020249221183800622,0.0033222591362126247,0.011494252873563218,0.0630048465266559,0.0451505016722408,0.0076103500761035,0.03409090909090909,0.05573248407643312,0.022364217252396165,0.04975922953451043,0.0452418096723869,0.029259896729776247,0.04390243902439024,0.04390243902439024,0.015772870662460567,0.06656101426307448,0.05342237061769616,0.046052631578947366,0.01932367149758454,0.029173419773095625,0.02197802197802198,0.0,0.015822784810126583,0.04
2014,1,9,prevalence,0.00322061191626409,0.10096153846153846,0.030448717948717948,0.013266998341625208,0.0,0.0017152658662092624,0.044189852700491,0.0016,0.07166123778501629,0.02321981424148607,0.05521472392638037,0.08389261744966443,0.055077452667814115,0.03945371775417299,0.001579778830963665,0.05733558178752108,0.02527646129541864,0.052547770700636945,0.09782608695652174,0.003205128205128205,0.0,0.004792332268370607,0.04107424960505529,0.03894080996884735,0.021638330757341576,0.029595015576323987,0.03715170278637771,0.001584786053882726,0.047987616099071206,0.050381679389312976,0.02773497688751926,0.0641025641025641,0.0578125,0.006379585326953748,0.001589825119236884,0.0,0.02768166089965398,0.04692556634304207,0.001594896331738437,0.08117443868739206,0.0016556291390728477,0.07062600321027288,0.02748091603053435,0.06259780907668232,0.048701298701298704,0.024271844660194174,0.022950819672131147,0.044709388971684055,0.05747126436781609,0.040783034257748776,0.009836065573770493,0.03064516129032258,0.0032626427406199023,0.026627218934911243,0.01020408163265306,0.009508716323296355,0.027491408934707903,0.0,0.035982008995502246,0.06396255850234009,0.05128205128205128,0.02564102564102564,0.006191950464396285,0.0016025641025641025,0.036923076923076927,0.036923076923076927,0.00686106346483705,0.001579778830963665,0.015128593040847202,0.0016155088852988692,0.064891846921797,0.064891846921797,0.0016286644951140066,0.05787781350482315,0.1029641185647426,0.0214168039538715,0.0,0.015313935681470138,0.05015197568389058,0.0,0.0379746835443038,0.001639344262295082,0.037383177570093455,0.023608768971332208,0.010309278350515464,0.0016420361247947454,0.021702838063439065,0.0017035775127768314,0.05732484076433121,0.02086677367576244,0.07556270096463022,0.01620745542949757,0.006379585326953748,0.05186385737439222,0.03436988543371522,0.04285714285714286,0.05090311986863711,0.004909983633387889,0.004991680532445923,0.026729559748427674,0.0,0.02138157894736842,0.01779935275080906,0.008103727714748784,0.044585987261146494,0.0,0.04013377926421405,0.001652892561983471,0.0048543689320388345,0.039634146341463415,0.06645056726094004,0.07046979865771812,0.028846153846153848,0.01864406779661017,0.03511705685618729,0.03511705685618729,0.006711409395973154,0.06356589147286822,0.0,0.03179650238473768,0.037953795379537955,0.012718600953895072,0.0,0.04297520661157025,0.01740506329113924,0.018292682926829267,0.11838006230529595,0.02037351443123939,0.08626198083067092,0.012759170653907496,0.06209150326797386,0.016233766233766232,0.0463258785942492,0.021604938271604937,0.01559792027729636,0.004885993485342019,0.018292682926829267,0.02564102564102564,0.02627511591962906,0.013910355486862442,0.024232633279483037,0.011308562197092083,0.008361204013377926,0.011272141706924315,0.025806451612903226,0.023112480739599383,0.0297029702970297,0.0,0.014285714285714285,0.008319467554076539,0.04118616144975288,0.018803418803418803,0.028145695364238412,0.06721311475409836,0.03387096774193549,0.035483870967741936,0.00333889816360601,0.05546492659053834,0.029827315541601257,0.012269938650306749,0.048903878583473864,0.026490066225165563,0.0016313213703099511,0.054858934169279,0.07872696817420435,0.0,0.05853658536585366,0.006191950464396285,0.009216589861751152,0.022082018927444796,0.016819571865443424,0.0202808112324493,0.015100671140939598,0.015772870662460567,0.05076923076923077,0.024916943521594685,0.020155038759689922,0.003418803418803419,0.024958402662229616,0.048701298701298704,0.04746317512274959,0.004491017964071856,0.03656597774244833,0.06752411575562701,0.011345218800648298,0.0970873786407767,0.05817610062893082,0.054514480408858604,0.07868852459016394,0.07868852459016394,0.007898894154818325,0.0890625,0.052969502407704656,0.048013245033112585,0.025889967637540454,0.0463258785942492,0.015873015873015872,0.0,0.030595813204508857,0.03286384976525822
2015,1,9,prevalence,0.00974025974025974,0.12135922330097088,0.031496062992125984,0.01155115511551155,0.0,0.005145797598627788,0.06341463414634146,0.001584786053882726,0.10031847133757962,0.03639240506329114,0.060653188180404355,0.09169550173010381,0.05172413793103448,0.040419161676646706,0.0015625,0.07731958762886598,0.03322784810126582,0.03349282296650718,0.13601236476043277,0.0031746031746031746,0.0,0.003169572107765452,0.022257551669316374,0.04838709677419355,0.02321981424148607,0.0374414976599064,0.038880248833592534,0.0015527950310559005,0.05087440381558029,0.05504587155963303,0.023112480739599383,0.06763285024154589,0.04739336492890995,0.004838709677419355,0.0,0.0,0.020338983050847456,0.0701468189233279,0.0016474464579901153,0.10175438596491228,0.0016207455429497568,0.06220839813374806,0.026604068857589983,0.04133545310015898,0.04590163934426229,0.018121911037891267,0.01610305958132045,0.030257186081694403,0.05357142857142857,0.05186385737439222,0.004702194357366771,0.0483619344773791,0.004878048780487805,0.01854714064914992,0.0050933786078098476,0.007861635220125786,0.03135313531353135,0.0,0.015174506828528073,0.13063763608087092,0.054817275747508304,0.025236593059936908,0.00463678516228748,0.0016155088852988692,0.06891271056661562,0.06891271056661562,0.0033222591362126247,0.0016233766233766235,0.006172839506172839,0.003189792663476874,0.08814102564102565,0.08814102564102565,0.0016129032258064516,0.0491283676703645,0.08832807570977919,0.019736842105263157,0.0,0.00909090909090909,0.0529500756429652,0.0,0.03125,0.0016666666666666668,0.03816793893129771,0.020134228187919462,0.014084507042253521,0.001639344262295082,0.044189852700491,0.0032679738562091504,0.037337662337662336,0.028125,0.08069620253164557,0.008333333333333333,0.004807692307692308,0.05057096247960848,0.04091653027823241,0.04791344667697063,0.060755336617405585,0.004893964110929853,0.005128205128205128,0.03143712574850299,0.0,0.024311183144246355,0.03398058252427184,0.001669449081803005,0.07389937106918239,0.0,0.04019292604501608,0.0016,0.0016501650165016502,0.02727272727272727,0.06965174129353234,0.07692307692307693,0.016233766233766232,0.023333333333333334,0.04690117252931323,0.04145936981757877,0.004885993485342019,0.041791044776119404,0.0,0.02875399361022364,0.03322259136212625,0.015503875968992248,0.0,0.030252100840336135,0.011023622047244094,0.015772870662460567,0.1310452418096724,0.01001669449081803,0.12251655629139073,0.01,0.05073649754500818,0.012779552715654952,0.01892744479495268,0.02127659574468085,0.010238907849829351,0.006462035541195477,0.022865853658536585,0.014059753954305799,0.024844720496894408,0.01564945226917058,0.022617124394184167,0.0282574568288854,0.008291873963515755,0.008156606851549755,0.024509803921568627,0.05045871559633028,0.024549918166939442,0.0,0.009554140127388535,0.021035598705501618,0.06199021207177814,0.010344827586206896,0.041390728476821195,0.05423728813559322,0.027287319422150885,0.055205047318611984,0.003305785123966942,0.0757825370675453,0.024806201550387597,0.007861635220125786,0.03966942148760331,0.01818181818181818,0.0,0.04552590266875981,0.09,0.0,0.07142857142857142,0.0074850299401197605,0.0182370820668693,0.0322061191626409,0.014423076923076924,0.021638330757341576,0.01384083044982699,0.012578616352201259,0.08384146341463415,0.03801652892561983,0.01579778830963665,0.0017152658662092624,0.06543624161073826,0.036741214057507986,0.04926108374384237,0.0060882800608828,0.019543973941368076,0.09797297297297297,0.016260162601626018,0.13712374581939799,0.09791332263242375,0.06228373702422145,0.13793103448275862,0.13793103448275862,0.012403100775193798,0.09389671361502347,0.05263157894736842,0.07190635451505016,0.06050420168067227,0.032520325203252036,0.012539184952978056,0.0,0.057003257328990226,0.04738562091503268
2016,1,9,prevalence,0.004724409448818898,0.2006269592476489,0.04559748427672956,0.013333333333333334,0.0,0.003372681281618887,0.04292527821939587,0.0015625,0.10207336523125997,0.0473186119873817,0.056162246489859596,0.06521739130434782,0.042444821731748725,0.0572289156626506,0.0032626427406199023,0.059726962457337884,0.048154093097913325,0.03870967741935484,0.10869565217391304,0.001607717041800643,0.0,0.0016155088852988692,0.011058451816745656,0.07153965785381027,0.04400606980273141,0.04716981132075472,0.06269592476489028,0.0015360983102918587,0.040257648953301126,0.076103500761035,0.021439509954058193,0.06369426751592357,0.03189792663476874,0.0031847133757961785,0.0,0.0,0.02155887230514096,0.07580645161290323,0.0015923566878980893,0.11247803163444639,0.0016025641025641025,0.0315955766192733,0.03949447077409163,0.030015797788309637,0.05619834710743802,0.01794453507340946,0.011128775834658187,0.024464831804281346,0.059602649006622516,0.12732919254658384,0.0032258064516129032,0.03354632587859425,0.006557377049180328,0.011058451816745656,0.0017211703958691911,0.0109717868338558,0.019769357495881382,0.0,0.010703363914373088,0.21684867394695787,0.07269789983844911,0.035493827160493825,0.0045871559633027525,0.0031496062992125984,0.12206572769953052,0.12206572769953052,0.00684931506849315,0.0,0.009433962264150943,0.0,0.10793650793650794,0.10793650793650794,0.0016207455429497568,0.048,0.10935023771790808,0.028192371475953566,0.0,0.013677811550151976,0.06574923547400612,0.0,0.06132879045996593,0.0015772870662460567,0.024922118380062305,0.029159519725557463,0.007911392405063292,0.0016025641025641025,0.0380794701986755,0.001567398119122257,0.03576982892690513,0.0343213728549142,0.09230769230769231,0.001658374792703151,0.004846526655896607,0.06320907617504051,0.03571428571428571,0.053208137715179966,0.06711409395973154,0.004909983633387889,0.0033277870216306157,0.03283582089552239,0.0,0.03205128205128205,0.04654895666131621,0.0,0.11308562197092084,0.0,0.037037037037037035,0.003305785123966942,0.0,0.023255813953488372,0.07836456558773425,0.08346972176759411,0.020168067226890758,0.041666666666666664,0.05582922824302135,0.04304635761589404,0.0033112582781456954,0.06764705882352941,0.001644736842105263,0.034055727554179564,0.025889967637540454,0.023148148148148147,0.0,0.021311475409836064,0.01694915254237288,0.01726844583987441,0.1332312404287902,0.008460236886632826,0.09276729559748427,0.00667779632721202,0.10016420361247948,0.02903225806451613,0.019077901430842606,0.01228878648233487,0.008503401360544218,0.006666666666666667,0.016923076923076923,0.003372681281618887,0.03605015673981191,0.019938650306748466,0.021630615640599003,0.027070063694267517,0.003278688524590164,0.004991680532445923,0.03099510603588907,0.05116279069767442,0.03642384105960265,0.0031397174254317113,0.010835913312693499,0.011345218800648298,0.03600654664484452,0.00865051903114187,0.06135986733001658,0.05351170568561873,0.026272577996715927,0.0738362760834671,0.006535947712418301,0.08,0.0304,0.006097560975609756,0.04326123128119801,0.024390243902439025,0.0,0.06230529595015576,0.11423841059602649,0.0,0.04830917874396135,0.01649175412293853,0.016591251885369532,0.02912621359223301,0.015600624024960999,0.02631578947368421,0.021052631578947368,0.011023622047244094,0.0950920245398773,0.042662116040955635,0.00975609756097561,0.0016806722689075631,0.09965635738831616,0.039936102236421724,0.05357142857142857,0.009188361408882083,0.0214168039538715,0.09563758389261745,0.022328548644338118,0.13277310924369748,0.11483253588516747,0.04827586206896552,0.24796084828711257,0.24796084828711257,0.009230769230769232,0.08771929824561403,0.05379746835443038,0.043029259896729774,0.06722689075630252,0.02975206611570248,0.004830917874396135,0.0015748031496062992,0.06807131280388978,0.05718954248366013
2017,1,9,prevalence,0.009508716323296355,0.25199362041467305,0.03915171288743882,0.0033003300330033004,0.0015037593984962407,0.0051635111876075735,0.03464566929133858,0.0015600624024961,0.17560975609756097,0.049766718506998445,0.07507987220447285,0.0891089108910891,0.061224489795918366,0.09567901234567901,0.0016611295681063123,0.05574324324324324,0.03543913713405239,0.04038772213247173,0.09350237717908082,0.0015772870662460567,0.0,0.001607717041800643,0.00946372239747634,0.05727554179566564,0.06329113924050633,0.03622047244094488,0.04961240310077519,0.0,0.03542673107890499,0.10736196319018405,0.02635658914728682,0.0514820592823713,0.02923076923076923,0.003236245954692557,0.0016366612111292963,0.0,0.01507537688442211,0.11382113821138211,0.001584786053882726,0.08916083916083917,0.0016233766233766235,0.028346456692913385,0.030595813204508857,0.052307692307692305,0.0735042735042735,0.032520325203252036,0.012759170653907496,0.02021772939346812,0.05289256198347107,0.15454545454545454,0.0187207488299532,0.02875399361022364,0.004746835443037975,0.00794912559618442,0.0017331022530329288,0.014150943396226415,0.011608623548922056,0.0,0.0060790273556231,0.29153605015673983,0.12032520325203253,0.04416403785488959,0.0,0.0015923566878980893,0.22342064714946072,0.22342064714946072,0.0088339222614841,0.0,0.015873015873015872,0.0,0.1171875,0.1171875,0.001658374792703151,0.0734094616639478,0.14174454828660435,0.03262642740619902,0.0,0.007587253414264037,0.09049079754601227,0.0,0.11018363939899833,0.0,0.021739130434782608,0.039603960396039604,0.012841091492776886,0.0,0.029508196721311476,0.0015822784810126582,0.023622047244094488,0.027777777777777776,0.10220125786163523,0.0032626427406199023,0.0,0.057902973395931145,0.05672609400324149,0.08791208791208792,0.08460236886632826,0.003289473684210526,0.008210180623973728,0.0327613104524181,0.0,0.04,0.04897314375987362,0.0,0.1620745542949757,0.0,0.032679738562091505,0.0049586776859504135,0.0,0.011940298507462687,0.11784511784511785,0.08562197092084006,0.02782608695652174,0.044850498338870434,0.06743421052631579,0.023769100169779286,0.001607717041800643,0.10014727540500737,0.0016025641025641025,0.029320987654320986,0.025396825396825397,0.010542168674698794,0.0,0.022764227642276424,0.01929260450160772,0.02,0.13744075829383887,0.0048,0.09135399673735727,0.006932409012131715,0.12224108658743633,0.026984126984126985,0.010050251256281407,0.029850746268656716,0.0033783783783783786,0.004975124378109453,0.02607361963190184,0.008460236886632826,0.023510971786833857,0.02197802197802198,0.009708737864077669,0.0609375,0.0016051364365971107,0.00333889816360601,0.013468013468013467,0.05956112852664577,0.06451612903225806,0.0030864197530864196,0.00933125972006221,0.015822784810126583,0.05872756933115824,0.01011804384485666,0.07345575959933222,0.07056798623063683,0.019704433497536946,0.08957654723127036,0.0015408320493066256,0.08372827804107424,0.03924646781789639,0.007776049766718507,0.04452054794520548,0.02247191011235955,0.0,0.07086614173228346,0.11036789297658862,0.0,0.04411764705882353,0.01355421686746988,0.014925373134328358,0.02564102564102564,0.003110419906687403,0.020700636942675158,0.023608768971332208,0.001589825119236884,0.10077519379844961,0.030716723549488054,0.004761904761904762,0.001694915254237288,0.2,0.03605015673981191,0.0496,0.012326656394453005,0.025167785234899327,0.12457337883959044,0.019261637239165328,0.15191986644407346,0.17045454545454544,0.03076923076923077,0.33548387096774196,0.33548387096774196,0.0015220700152207,0.10161290322580645,0.046251993620414676,0.05565217391304348,0.08403361344537816,0.016638935108153077,0.003125,0.0015748031496062992,0.06016260162601626,0.05492730210016155
2018,1,9,prevalence,0.012759170653907496,0.25363489499192243,0.0587248322147651,0.001669449081803005,0.003076923076923077,0.0,0.03536977491961415,0.0015503875968992248,0.2870514820592824,0.06583072100313479,0.06761006289308176,0.08660130718954248,0.05545927209705372,0.10973724884080371,0.001652892561983471,0.04591836734693878,0.05754276827371695,0.045813586097946286,0.09539473684210527,0.0,0.0,0.0016750418760469012,0.010954616588419406,0.07389937106918239,0.09538950715421304,0.0282574568288854,0.0784,0.0,0.05930807248764415,0.11764705882352941,0.02599388379204893,0.027375201288244767,0.023734177215189875,0.004878048780487805,0.0016722408026755853,0.0,0.008077544426494346,0.1461038961038961,0.0015698587127158557,0.09540034071550256,0.003194888178913738,0.03333333333333333,0.025477707006369428,0.04643962848297214,0.08231173380035026,0.05203252032520325,0.027156549520766772,0.01765650080256822,0.049586776859504134,0.20884146341463414,0.012232415902140673,0.0322061191626409,0.0,0.009615384615384616,0.003316749585406302,0.012441679626749611,0.014802631578947368,0.0,0.0,0.315625,0.08695652173913043,0.04672897196261682,0.0,0.0016051364365971107,0.2287480680061824,0.2287480680061824,0.007194244604316547,0.0,0.01824212271973466,0.0,0.18547140649149924,0.18547140649149924,0.0016051364365971107,0.048,0.16355140186915887,0.012678288431061807,0.0,0.007704160246533128,0.08169440242057488,0.0,0.14625850340136054,0.0,0.010852713178294573,0.03494176372712146,0.016,0.0031746031746031746,0.0430622009569378,0.001564945226917058,0.009615384615384616,0.028708133971291867,0.07371794871794872,0.006622516556291391,0.0,0.046104928457869634,0.05229793977812995,0.09779179810725552,0.0707070707070707,0.0032310177705977385,0.00667779632721202,0.055379746835443035,0.008278145695364239,0.046474358974358976,0.052969502407704656,0.0,0.17886178861788618,0.0,0.017915309446254073,0.006568144499178982,0.0,0.0062402496099844,0.17102966841186737,0.08292682926829269,0.021487603305785124,0.04071661237785016,0.0749185667752443,0.030303030303030304,0.0,0.17287630402384502,0.0015503875968992248,0.024539877300613498,0.023547880690737835,0.01347305389221557,0.0,0.031545741324921134,0.01757188498402556,0.0144,0.1702127659574468,0.0031201248049922,0.10586319218241043,0.008547008547008548,0.10104529616724739,0.009724473257698542,0.008169934640522876,0.026113671274961597,0.004830917874396135,0.003284072249589491,0.03531300160513644,0.004966887417218543,0.030063291139240507,0.015600624024960999,0.008116883116883116,0.06929133858267716,0.0,0.0016611295681063123,0.013157894736842105,0.08306709265175719,0.06896551724137931,0.003110419906687403,0.006472491909385114,0.010954616588419406,0.062193126022913256,0.01288244766505636,0.07413509060955518,0.05709342560553633,0.0144,0.11961722488038277,0.0,0.0992,0.05581395348837209,0.012678288431061807,0.03316749585406302,0.027906976744186046,0.0,0.06366459627329192,0.11204013377926421,0.0,0.05324459234608985,0.019548872180451128,0.03254437869822485,0.028125,0.01910828025477707,0.0112,0.023026315789473683,0.003215434083601286,0.10093167701863354,0.013605442176870748,0.0016155088852988692,0.0017064846416382253,0.2569444444444444,0.014173228346456693,0.05331179321486268,0.0208,0.02471169686985173,0.09602649006622517,0.02047244094488189,0.15833333333333333,0.14827018121911037,0.038461538461538464,0.3937007874015748,0.3937007874015748,0.005961251862891207,0.1184,0.06472491909385113,0.06725663716814159,0.08040201005025126,0.01892744479495268,0.0015600624024961,0.0016025641025641025,0.06414473684210527,0.047540983606557376
2019,1,9,prevalence,0.028708133971291867,0.2870967741935484,0.0627062706270627,0.004991680532445923,0.001557632398753894,0.0,0.04038772213247173,0.003105590062111801,0.34662576687116564,0.06842923794712286,0.06041335453100159,0.10766721044045677,0.06540447504302926,0.16820987654320987,0.001692047377326565,0.03739837398373984,0.0861244019138756,0.059654631083202514,0.08752025931928688,0.0,0.0,0.0016611295681063123,0.00949367088607595,0.08012820512820513,0.06462035541195477,0.04134762633996937,0.0671875,0.0,0.05472636815920398,0.11497730711043873,0.024464831804281346,0.024154589371980676,0.019417475728155338,0.0032102728731942215,0.001652892561983471,0.001639344262295082,0.004702194357366771,0.17073170731707318,0.001567398119122257,0.10732538330494037,0.0048,0.041401273885350316,0.02531645569620253,0.03662420382165605,0.08641975308641975,0.06924315619967794,0.03453947368421053,0.024232633279483037,0.029556650246305417,0.14947683109118087,0.012102874432677761,0.03980891719745223,0.0016750418760469012,0.016260162601626018,0.0016611295681063123,0.015873015873015872,0.009836065573770493,0.0,0.006097560975609756,0.25972006220839816,0.0998389694041868,0.07492354740061162,0.0,0.0016339869281045752,0.2401883830455259,0.2401883830455259,0.0018148820326678765,0.0,0.01639344262295082,0.0,0.24574961360123648,0.24574961360123648,0.001589825119236884,0.04854368932038835,0.2032,0.0030864197530864196,0.0,0.011182108626198083,0.0546875,0.0,0.17826825127334464,0.0,0.011041009463722398,0.04643449419568822,0.022764227642276424,0.001597444089456869,0.07028753993610223,0.0,0.013910355486862442,0.019543973941368076,0.05984251968503937,0.00980392156862745,0.0,0.07049180327868852,0.07313195548489666,0.0864,0.08940397350993377,0.0032679738562091504,0.02321724709784411,0.042483660130718956,0.006779661016949152,0.03930817610062893,0.05806451612903226,0.0015360983102918587,0.23383084577114427,0.0016420361247947454,0.012598425196850394,0.006420545746388443,0.0015923566878980893,0.0,0.17922948073701842,0.11598746081504702,0.022653721682847898,0.038523274478330656,0.05555555555555555,0.02348993288590604,0.0,0.22171945701357465,0.0031201248049922,0.025196850393700787,0.05084745762711865,0.013803680981595092,0.0,0.06027820710973725,0.007987220447284345,0.009708737864077669,0.14638157894736842,0.0030911901081916537,0.14150943396226415,0.0033500837520938024,0.08361204013377926,0.008051529790660225,0.008223684210526315,0.02702702702702703,0.0016420361247947454,0.0047694753577106515,0.0288,0.009852216748768473,0.025437201907790145,0.01866251944012442,0.0016420361247947454,0.09728867623604466,0.006379585326953748,0.0016155088852988692,0.0016835016835016834,0.09618573797678276,0.07214765100671142,0.0031007751937984496,0.0015723270440251573,0.0032,0.0756578947368421,0.012987012987012988,0.06833333333333333,0.059726962457337884,0.01935483870967742,0.1627172195892575,0.0,0.13765822784810128,0.0484375,0.004754358161648178,0.040336134453781515,0.01892744479495268,0.0,0.07009345794392523,0.16202945990180032,0.0,0.05902192242833052,0.01327433628318584,0.02909647779479326,0.03828483920367534,0.03179650238473768,0.024429967426710098,0.02689873417721519,0.004909983633387889,0.07919254658385093,0.009771986970684038,0.003194888178913738,0.0016835016835016834,0.31175468483816016,0.015772870662460567,0.05374592833876222,0.015822784810126583,0.02922077922077922,0.10819672131147541,0.009852216748768473,0.17785234899328858,0.14743589743589744,0.03161397670549085,0.3062200956937799,0.3062200956937799,0.0075528700906344415,0.15895061728395063,0.05844155844155844,0.08422939068100359,0.07792207792207792,0.028081123244929798,0.0015432098765432098,0.0016286644951140066,0.06761006289308176,0.06375838926174497
2020,1,9,prevalence,0.07108239095315025,0.22926829268292684,0.06589785831960461,0.006600660066006601,0.0,0.0,0.030694668820678513,0.004784688995215311,0.3605769230769231,0.07890499194847021,0.050243111831442464,0.09446254071661238,0.06132879045996593,0.22205438066465258,0.001669449081803005,0.03776683087027915,0.09268292682926829,0.0828125,0.08156606851549755,0.0,0.0,0.0,0.0048543689320388345,0.09235668789808917,0.06472491909385113,0.016442451420029897,0.09049773755656108,0.0015552099533437014,0.061016949152542375,0.11826347305389222,0.03333333333333333,0.029605263157894735,0.016129032258064516,0.0016313213703099511,0.0016474464579901153,0.0032,0.0030534351145038168,0.12520868113522537,0.0015552099533437014,0.08121827411167512,0.0048543689320388345,0.0297029702970297,0.018461538461538463,0.0288,0.08221476510067115,0.06339144215530904,0.03409090909090909,0.028523489932885907,0.013289036544850499,0.12518853695324283,0.023006134969325152,0.03542673107890499,0.001658374792703151,0.016051364365971106,0.001607717041800643,0.00964630225080386,0.011725293132328308,0.0,0.01804511278195489,0.16185897435897437,0.11410459587955626,0.06487341772151899,0.0,0.00333889816360601,0.2367601246105919,0.2367601246105919,0.0,0.0,0.011475409836065573,0.0,0.28012519561815336,0.28012519561815336,0.0015698587127158557,0.028846153846153848,0.14622641509433962,0.00927357032457496,0.0,0.01610305958132045,0.06191950464396285,0.0,0.18823529411764706,0.0,0.004830917874396135,0.05289256198347107,0.02702702702702703,0.0031847133757961785,0.052969502407704656,0.0,0.014423076923076924,0.011570247933884297,0.09033280507131537,0.011419249592169658,0.0,0.058544303797468354,0.10078740157480315,0.11690363349131122,0.08766233766233766,0.0031645569620253164,0.03156146179401993,0.07717041800643087,0.00676818950930626,0.034161490683229816,0.049586776859504134,0.0015151515151515152,0.23421926910299004,0.0016863406408094434,0.01393188854489164,0.001567398119122257,0.0015552099533437014,0.0,0.13432835820895522,0.12135922330097088,0.02689075630252101,0.05750798722044728,0.05754276827371695,0.015025041736227046,0.0016750418760469012,0.2191358024691358,0.0015822784810126582,0.04205607476635514,0.05731523378582202,0.012307692307692308,0.0,0.05229793977812995,0.009448818897637795,0.0033112582781456954,0.16777408637873753,0.0,0.17329093799682035,0.01,0.07107438016528926,0.01567398119122257,0.008417508417508417,0.030395136778115502,0.0015923566878980893,0.0016025641025641025,0.03376205787781351,0.006557377049180328,0.030694668820678513,0.03271028037383177,0.001594896331738437,0.11163522012578617,0.0045871559633027525,0.001584786053882726,0.004893964110929853,0.10213414634146341,0.07465277777777778,0.0015432098765432098,0.0,0.0016051364365971107,0.10593900481540931,0.012738853503184714,0.051666666666666666,0.08277027027027027,0.022764227642276424,0.12222222222222222,0.0,0.14910858995137763,0.03492063492063492,0.00473186119873817,0.08485856905158069,0.018867924528301886,0.0,0.07448494453248812,0.16747181964573268,0.0,0.07191780821917808,0.005943536404160475,0.02735562310030395,0.05271317829457364,0.031055900621118012,0.029827315541601257,0.025437201907790145,0.0032258064516129032,0.07221350078492936,0.006546644844517185,0.0015748031496062992,0.0,0.27882960413080893,0.031746031746031744,0.055105348460291734,0.0392156862745098,0.030894308943089432,0.09562398703403566,0.020569620253164556,0.17597292724196278,0.14035087719298245,0.0410958904109589,0.27759197324414714,0.27759197324414714,0.0015313935681470138,0.24358974358974358,0.07166666666666667,0.13489208633093525,0.05921052631578947,0.021035598705501618,0.0,0.001697792869269949,0.07366771159874608,0.08431703204047218
2021,1,9,prevalence,0.09819967266775777,0.17731629392971246,0.10551948051948051,0.0016778523489932886,0.0,0.0,0.03896103896103896,0.0030816640986132513,0.290625,0.09208400646203554,0.01990049751243781,0.12026359143327842,0.08207705192629816,0.20150375939849624,0.0,0.0451505016722408,0.0845771144278607,0.10064935064935066,0.06339144215530904,0.0,0.0,0.0,0.0047694753577106515,0.10256410256410256,0.03414634146341464,0.019637462235649546,0.11006289308176101,0.0,0.06045751633986928,0.09230769230769231,0.035982008995502246,0.02593192868719611,0.00949367088607595,0.0016806722689075631,0.0016260162601626016,0.0031007751937984496,0.0015337423312883436,0.14710743801652892,0.001597444089456869,0.07563025210084033,0.006557377049180328,0.020134228187919462,0.02607361963190184,0.03821656050955414,0.09650582362728785,0.0491283676703645,0.040257648953301126,0.030405405405405407,0.026622296173044926,0.0701219512195122,0.028081123244929798,0.04878048780487805,0.0016722408026755853,0.012558869701726845,0.0015772870662460567,0.001589825119236884,0.006482982171799027,0.0,0.013574660633484163,0.13366336633663367,0.08660130718954248,0.06750392464678179,0.0015600624024961,0.005025125628140704,0.22838499184339314,0.22838499184339314,0.0,0.0,0.006734006734006734,0.0,0.2024353120243531,0.2024353120243531,0.0045045045045045045,0.027960526315789474,0.12421383647798742,0.01567398119122257,0.0,0.008064516129032258,0.056782334384858045,0.0,0.2126984126984127,0.0,0.006546644844517185,0.07272727272727272,0.018900343642611683,0.0032948929159802307,0.035256410256410256,0.0,0.00967741935483871,0.014195583596214511,0.0825242718446602,0.021103896103896104,0.0,0.04936305732484077,0.0847457627118644,0.08791208791208792,0.08896210873146623,0.0016181229773462784,0.07470288624787776,0.09967845659163987,0.00505902192242833,0.026397515527950312,0.047619047619047616,0.0015360983102918587,0.22644628099173553,0.001644736842105263,0.015360983102918587,0.0,0.0016286644951140066,0.0,0.1307300509337861,0.12121212121212122,0.01001669449081803,0.04738562091503268,0.07538461538461538,0.016778523489932886,0.0017064846416382253,0.19568567026194145,0.0030911901081916537,0.021806853582554516,0.07569141193595343,0.017214397496087636,0.0,0.050078247261345854,0.011254019292604502,0.0049586776859504135,0.13628899835796388,0.0,0.17986798679867988,0.001597444089456869,0.03821656050955414,0.015748031496062992,0.013157894736842105,0.03338391502276176,0.008,0.0,0.028037383177570093,0.0032679738562091504,0.024916943521594685,0.030303030303030304,0.0,0.1276595744680851,0.0,0.0015923566878980893,0.009771986970684038,0.1294851794071763,0.0625,0.0,0.0,0.0,0.11942675159235669,0.009419152276295133,0.066006600660066,0.07920792079207921,0.011128775834658187,0.13504823151125403,0.0015552099533437014,0.12852664576802508,0.057233704292527825,0.00322061191626409,0.07345575959933222,0.03464566929133858,0.0015408320493066256,0.08306709265175719,0.15079365079365079,0.0,0.08121827411167512,0.004341534008683068,0.033950617283950615,0.04675716440422323,0.03134796238244514,0.022116903633491312,0.017684887459807074,0.0015698587127158557,0.05457463884430177,0.006535947712418301,0.0015503875968992248,0.0033112582781456954,0.26124567474048443,0.0224,0.041390728476821195,0.035830618892508145,0.028169014084507043,0.09259259259259259,0.031746031746031744,0.1361344537815126,0.08346972176759411,0.035653650254668934,0.20098039215686275,0.20098039215686275,0.006299212598425197,0.1825525040387722,0.06467661691542288,0.13859649122807016,0.07603305785123966,0.008,0.0,0.0016750418760469012,0.09888357256778309,0.06365159128978225
2022,1,9,prevalence,0.10914927768860354,0.1473851030110935,0.1388888888888889,0.008403361344537815,0.0,0.0,0.0421875,0.003134796238244514,0.2070015220700152,0.07556270096463022,0.01889763779527559,0.13754045307443366,0.09286898839137644,0.17325227963525835,0.0,0.05527638190954774,0.11323763955342903,0.1111111111111111,0.06698564593301436,0.0,0.0,0.0,0.0031746031746031746,0.10366826156299841,0.050080775444264945,0.02157164869029276,0.1187800963081862,0.003125,0.0594059405940594,0.059748427672955975,0.04643962848297214,0.014657980456026058,0.008025682182985553,0.0,0.0032733224222585926,0.0031545741324921135,0.0,0.14144736842105263,0.0015552099533437014,0.05737704918032787,0.006688963210702341,0.027463651050080775,0.03828483920367534,0.03322784810126582,0.09870550161812297,0.03803486529318542,0.0397456279809221,0.034129692832764506,0.0208,0.06451612903225806,0.01904761904761905,0.05203252032520325,0.001692047377326565,0.012718600953895072,0.0,0.004622496147919877,0.0031847133757961785,0.0,0.020771513353115726,0.07556270096463022,0.09828393135725429,0.05446293494704992,0.0015432098765432098,0.005050505050505051,0.16749585406301823,0.16749585406301823,0.0,0.0,0.011437908496732025,0.0,0.19879518072289157,0.19879518072289157,0.0029895366218236174,0.039473684210526314,0.1203125,0.02037617554858934,0.0,0.009523809523809525,0.06907378335949764,0.0,0.16718266253869968,0.0,0.00641025641025641,0.112,0.01011804384485666,0.0016666666666666668,0.0528,0.0,0.01607717041800643,0.012841091492776886,0.11348684210526316,0.037520391517128875,0.0,0.04560260586319218,0.13629160063391443,0.08256880733944955,0.06879194630872483,0.004807692307692308,0.08506944444444445,0.0768,0.018333333333333333,0.03353658536585366,0.05750798722044728,0.0015408320493066256,0.16990291262135923,0.0,0.004552352048558422,0.0,0.0,0.0,0.11694915254237288,0.1270096463022508,0.011456628477905073,0.052884615384615384,0.08059701492537313,0.0196078431372549,0.0016722408026755853,0.2066772655007949,0.0015360983102918587,0.021341463414634148,0.09453471196454949,0.025559105431309903,0.0,0.052050473186119876,0.0031847133757961785,0.008264462809917356,0.14705882352941177,0.0,0.156957928802589,0.0015748031496062992,0.02564102564102564,0.011308562197092083,0.011217948717948718,0.0359375,0.004545454545454545,0.0,0.02034428794992175,0.012658227848101266,0.06112054329371817,0.02996845425867508,0.0015723270440251573,0.07195301027900147,0.0,0.0016051364365971107,0.011419249592169658,0.18466353677621283,0.07705479452054795,0.0,0.0,0.001658374792703151,0.09061488673139159,0.0078003120124804995,0.046031746031746035,0.0853462157809984,0.00463678516228748,0.1206611570247934,0.001519756838905775,0.13237639553429026,0.03508771929824561,0.00322061191626409,0.08717105263157894,0.05492730210016155,0.0015503875968992248,0.07911392405063292,0.13556618819776714,0.0016366612111292963,0.0821917808219178,0.005788712011577424,0.0514018691588785,0.04813664596273292,0.03210272873194221,0.0327613104524181,0.011075949367088608,0.004694835680751174,0.058637083993660855,0.0049504950495049506,0.0015625,0.003278688524590164,0.20534223706176963,0.017350157728706624,0.03764320785597381,0.030694668820678513,0.0296875,0.07705192629815745,0.03139717425431711,0.08774834437086093,0.07717569786535304,0.026845637583892617,0.1895093062605753,0.1895093062605753,0.0031446540880503146,0.19281045751633988,0.07352941176470588,0.12695652173913044,0.08112582781456953,0.014563106796116505,0.0,0.003424657534246575,0.07928802588996764,0.05128205128205128
2023,1,9,prevalence,0.1630971993410214,0.14592933947772657,0.15789473684210525,0.001652892561983471,0.0015698587127158557,0.0,0.045454545454545456,0.003169572107765452,0.1515601783060921,0.08293460925039872,0.00949367088607595,0.1365079365079365,0.08417508417508418,0.1461187214611872,0.0,0.036605657237936774,0.1507293354943274,0.08631921824104234,0.07967479674796749,0.0,0.0,0.0,0.0032102728731942215,0.08744038155802862,0.06020066889632107,0.02332814930015552,0.11237785016286644,0.001579778830963665,0.08163265306122448,0.056451612903225805,0.07198748043818466,0.006622516556291391,0.0048543689320388345,0.001697792869269949,0.006535947712418301,0.004792332268370607,0.0,0.10385259631490787,0.0015822784810126582,0.06743421052631579,0.004934210526315789,0.03273322422258593,0.0219435736677116,0.018838304552590265,0.13001605136436598,0.03486529318541997,0.07755775577557755,0.048986486486486486,0.012738853503184714,0.06531881804043546,0.02050473186119874,0.06741573033707865,0.001639344262295082,0.0,0.0,0.006329113924050633,0.0015625,0.0,0.047407407407407405,0.07177814029363784,0.09728867623604466,0.0358814352574103,0.0,0.0049833887043189366,0.15630252100840336,0.15630252100840336,0.0,0.001519756838905775,0.014802631578947368,0.0,0.18440779610194902,0.18440779610194902,0.0029455081001472753,0.04952076677316294,0.12106918238993711,0.03215434083601286,0.0016556291390728477,0.011400651465798045,0.07177033492822966,0.003129890453834116,0.1527777777777778,0.0,0.014705882352941176,0.13709677419354838,0.013311148086522463,0.001607717041800643,0.0492845786963434,0.003169572107765452,0.011146496815286623,0.00792393026941363,0.1478405315614618,0.02622950819672131,0.0,0.05063291139240506,0.20616883116883117,0.0794912559618442,0.026446280991735537,0.0031746031746031746,0.08885017421602788,0.10223642172523961,0.011235955056179775,0.06103286384976526,0.10883280757097792,0.0015015015015015015,0.12864493996569468,0.0,0.0,0.0,0.0,0.0,0.06291390728476821,0.1625615763546798,0.00974025974025974,0.07188498402555911,0.10993975903614457,0.017350157728706624,0.0016891891891891893,0.17647058823529413,0.0015408320493066256,0.009259259259259259,0.10762331838565023,0.018633540372670808,0.0,0.044585987261146494,0.0,0.001644736842105263,0.08848080133555926,0.0015698587127158557,0.11947626841243862,0.0,0.037267080745341616,0.003246753246753247,0.009259259259259259,0.04975922953451043,0.0061823802163833074,0.0,0.003205128205128205,0.019639934533551555,0.07859531772575251,0.06041335453100159,0.001557632398753894,0.08175182481751825,0.0,0.0,0.014586709886547812,0.2225705329153605,0.07095709570957096,0.0016638935108153079,0.0,0.0016501650165016502,0.16775244299674266,0.006220839813374806,0.046583850931677016,0.12337662337662338,0.001524390243902439,0.0976,0.0015527950310559005,0.11022364217252396,0.041254125412541254,0.0031746031746031746,0.08702791461412152,0.06869009584664537,0.0015337423312883436,0.0640625,0.1671875,0.0016339869281045752,0.10634648370497427,0.01639344262295082,0.050080775444264945,0.04754358161648178,0.065,0.025196850393700787,0.007716049382716049,0.007961783439490446,0.047021943573667714,0.001694915254237288,0.0015432098765432098,0.0016286644951140066,0.1347068145800317,0.01694915254237288,0.03425774877650897,0.0462046204620462,0.02073365231259968,0.08153078202995008,0.02923076923076923,0.08538587848932677,0.07178631051752922,0.019704433497536946,0.10666666666666667,0.10666666666666667,0.00933125972006221,0.11437908496732026,0.05930807248764415,0.11694915254237288,0.08496732026143791,0.017973856209150325,0.0,0.0034542314335060447,0.05501618122977346,0.04974271012006861
2024,1,9,prevalence,0.18421052631578946,0.16310975609756098,0.16229508196721312,0.006482982171799027,0.0016366612111292963,0.0,0.04420731707317073,0.003134796238244514,0.09566517189835576,0.08744038155802862,0.021875,0.12087912087912088,0.06393442622950819,0.10158730158730159,0.0,0.027597402597402596,0.16586921850079744,0.07814992025518341,0.056,0.0,0.0015174506828528073,0.0,0.0032102728731942215,0.10889570552147239,0.06890756302521009,0.027522935779816515,0.08974358974358974,0.0,0.06806282722513089,0.05592105263157895,0.07232704402515723,0.004901960784313725,0.0016666666666666668,0.0,0.0032948929159802307,0.0016286644951140066,0.0,0.10101010101010101,0.0,0.05546492659053834,0.003305785123966942,0.02768729641693811,0.02037617554858934,0.023148148148148147,0.20476190476190476,0.056162246489859596,0.07730263157894737,0.04060913705583756,0.014354066985645933,0.07987220447284345,0.02531645569620253,0.0734094616639478,0.0016339869281045752,0.0016313213703099511,0.0016025641025641025,0.001594896331738437,0.0,0.0,0.08727810650887574,0.06796116504854369,0.10897435897435898,0.02664576802507837,0.0,0.0016638935108153079,0.10743801652892562,0.10743801652892562,0.0,0.0014992503748125937,0.008,0.0,0.13533834586466165,0.13533834586466165,0.0030211480362537764,0.06752411575562701,0.12087912087912088,0.023961661341853034,0.0016025641025641025,0.022653721682847898,0.04272151898734177,0.0030257186081694403,0.16380655226209048,0.0,0.04215851602023609,0.14465408805031446,0.01592356687898089,0.001584786053882726,0.04952076677316294,0.0031496062992125984,0.023734177215189875,0.014263074484944533,0.1232876712328767,0.043478260869565216,0.0,0.038461538461538464,0.173015873015873,0.07419354838709677,0.02113821138211382,0.003076923076923077,0.12,0.0928,0.009508716323296355,0.06349206349206349,0.1523809523809524,0.0,0.13595706618962433,0.0,0.0,0.0,0.0,0.0,0.06493506493506493,0.1478537360890302,0.016366612111292964,0.1,0.0928462709284627,0.01875,0.001692047377326565,0.11556982343499198,0.0015455950540958269,0.0064516129032258064,0.09351432880844646,0.0208,0.0,0.03767660910518053,0.0,0.0016366612111292963,0.07966101694915254,0.003278688524590164,0.11021069692058347,0.0,0.018691588785046728,0.0016051364365971107,0.007633587786259542,0.05203252032520325,0.00315955766192733,0.0,0.003205128205128205,0.023734177215189875,0.07933884297520662,0.06046511627906977,0.0015723270440251573,0.0637037037037037,0.001597444089456869,0.0,0.019138755980861243,0.21951219512195122,0.06493506493506493,0.003472222222222222,0.0,0.0016863406408094434,0.20554649265905384,0.004531722054380665,0.0514820592823713,0.13376835236541598,0.00764525993883792,0.08099173553719008,0.001579778830963665,0.10679611650485436,0.03414634146341464,0.0015723270440251573,0.10457516339869281,0.06591639871382636,0.0015060240963855422,0.0640625,0.12322274881516587,0.0016181229773462784,0.1404399323181049,0.015432098765432098,0.05443234836702955,0.04915514592933948,0.07119741100323625,0.014240506329113924,0.009009009009009009,0.00644122383252818,0.04205607476635514,0.01594896331738437,0.0015337423312883436,0.0,0.09785932721712538,0.009188361408882083,0.01644736842105263,0.02823920265780731,0.017543859649122806,0.10231023102310231,0.031446540880503145,0.06862745098039216,0.064891846921797,0.016181229773462782,0.07885906040268456,0.07885906040268456,0.01740506329113924,0.12950819672131147,0.061191626409017714,0.12395309882747069,0.06873977086743044,0.025437201907790145,0.0,0.0016863406408094434,0.0361247947454844,0.059233449477351915
2025,1,9,prevalence,0.18010291595197256,0.1482059282371295,0.1527331189710611,0.006430868167202572,0.001610305958132045,0.0,0.04180064308681672,0.0015723270440251573,0.05891238670694864,0.06414473684210527,0.04,0.10610932475884244,0.06896551724137931,0.0694006309148265,0.0,0.0336,0.17445482866043613,0.06462035541195477,0.047619047619047616,0.0,0.0029498525073746312,0.0,0.006493506493506494,0.10466988727858294,0.0651085141903172,0.028831562974203338,0.0765625,0.0,0.06428571428571428,0.032948929159802305,0.06456692913385827,0.0016611295681063123,0.0032102728731942215,0.0,0.0032310177705977385,0.003305785123966942,0.0,0.0718954248366013,0.0,0.029459901800327332,0.0032520325203252032,0.016025641025641024,0.016923076923076923,0.024539877300613498,0.22150882825040127,0.0572289156626506,0.04878048780487805,0.045060658578856154,0.009448818897637795,0.07654723127035831,0.0219435736677116,0.05374592833876222,0.0016260162601626016,0.001639344262295082,0.004559270516717325,0.0,0.0,0.0,0.07600596125186289,0.06472491909385113,0.09385113268608414,0.020569620253164556,0.0,0.0016420361247947454,0.06774193548387097,0.06774193548387097,0.0,0.0031496062992125984,0.011308562197092083,0.0,0.11702127659574468,0.11702127659574468,0.0029806259314456036,0.07364975450081833,0.09105180533751962,0.017713365539452495,0.0015600624024961,0.02127659574468085,0.031578947368421054,0.0045871559633027525,0.14890282131661442,0.0,0.06143344709897611,0.13535031847133758,0.003215434083601286,0.0,0.02996845425867508,0.0031847133757961785,0.02086677367576244,0.014516129032258065,0.12074829931972789,0.04006677796327212,0.0017152658662092624,0.037993920972644375,0.1346153846153846,0.09220985691573927,0.01935483870967742,0.006201550387596899,0.1606837606837607,0.0840064620355412,0.022292993630573247,0.07244094488188976,0.12480252764612954,0.0,0.1094017094017094,0.0,0.0,0.0,0.0,0.0,0.04617834394904458,0.13548387096774195,0.011058451816745656,0.10702875399361023,0.11578947368421053,0.016051364365971106,0.0016722408026755853,0.11853088480801335,0.0015698587127158557,0.008077544426494346,0.13719512195121952,0.022257551669316374,0.0,0.037037037037037035,0.0,0.0016051364365971107,0.0651085141903172,0.003278688524590164,0.08401976935749589,0.0,0.014150943396226415,0.0016129032258064516,0.013888888888888888,0.04126984126984127,0.0016025641025641025,0.0,0.0016207455429497568,0.02768729641693811,0.09640522875816994,0.044657097288676235,0.0,0.07871720116618076,0.003189792663476874,0.0015822784810126582,0.026194144838212634,0.21705426356589147,0.0416,0.0016778523489932886,0.0,0.0,0.17115689381933438,0.0030441400304414,0.051643192488262914,0.1488673139158576,0.015408320493066256,0.0736,0.0016181229773462784,0.07496012759170653,0.03475513428120063,0.0015772870662460567,0.10112359550561797,0.07377049180327869,0.0015313935681470138,0.042748091603053436,0.1296,0.0016260162601626016,0.15110356536502548,0.019696969696969695,0.07861635220125786,0.04281345565749235,0.06829268292682927,0.01437699680511182,0.021244309559939303,0.00644122383252818,0.03869969040247678,0.00778816199376947,0.0015128593040847202,0.0,0.08282208588957055,0.009259259259259259,0.01948051948051948,0.023688663282571912,0.025806451612903226,0.12520868113522537,0.06738131699846861,0.0967741935483871,0.07881773399014778,0.009933774834437087,0.066006600660066,0.066006600660066,0.012861736334405145,0.14285714285714285,0.07512520868113523,0.10231023102310231,0.05228758169934641,0.010869565217391304,0.0,0.0,0.026143790849673203,0.06597222222222222
