Time,age_start,age_end,measure,draw_0,draw_1,draw_2,draw_3,draw_4,draw_5,draw_6,draw_7,draw_8,draw_9,draw_10,draw_11,draw_12,draw_13,draw_14,draw_15,draw_16,draw_17,draw_18,draw_19,draw_20,draw_21,draw_22,draw_23,draw_24,draw_25,draw_26,draw_27,draw_28,draw_29,draw_30,draw_31,draw_32,draw_33,draw_34,draw_35,draw_36,draw_37,draw_38,draw_39,draw_40,draw_41,draw_42,draw_43,draw_44,draw_45,draw_46,draw_47,draw_48,draw_49,draw_50,draw_51,draw_52,draw_53,draw_54,draw_55,draw_56,draw_57,draw_58,draw_59,draw_60,draw_61,draw_62,draw_63,draw_64,draw_65,draw_66,draw_67,draw_68,draw_69,draw_70,draw_71,draw_72,draw_73,draw_74,draw_75,draw_76,draw_77,draw_78,draw_79,draw_80,draw_81,draw_82,draw_83,draw_84,draw_85,draw_86,draw_87,draw_88,draw_89,draw_90,draw_91,draw_92,draw_93,draw_94,draw_95,draw_96,draw_97,draw_98,draw_99,draw_100,draw_101,draw_102,draw_103,draw_104,draw_105,draw_106,draw_107,draw_108,draw_109,draw_110,draw_111,draw_112,draw_113,draw_114,draw_115,draw_116,draw_117,draw_118,draw_119,draw_120,draw_121,draw_122,draw_123,draw_124,draw_125,draw_126,draw_127,draw_128,draw_129,draw_130,draw_131,draw_132,draw_133,draw_134,draw_135,draw_136,draw_137,draw_138,draw_139,draw_140,draw_141,draw_142,draw_143,draw_144,draw_145,draw_146,draw_147,draw_148,draw_149,draw_150,draw_151,draw_152,draw_153,draw_154,draw_155,draw_156,draw_157,draw_158,draw_159,draw_160,draw_161,draw_162,draw_163,draw_164,draw_165,draw_166,draw_167,draw_168,draw_169,draw_170,draw_171,draw_172,draw_173,draw_174,draw_175,draw_176,draw_177,draw_178,draw_179,draw_180,draw_181,draw_182,draw_183,draw_184,draw_185,draw_186,draw_187,draw_188,draw_189,draw_190,draw_191,draw_192,draw_193,draw_194,draw_195,draw_196,draw_197,draw_198,draw_199
1996,1,9,prevalence,0.2825342465753425,0.23491027732463296,0.3580645161290323,0.2677165354330709,0.32423756019261635,0.2980030721966206,0.27613104524180965,0.23511450381679388,0.2661654135338346,0.22762951334379905,0.28821656050955413,0.1955128205128205,0.20606060606060606,0.25339366515837103,0.20389805097451275,0.12538226299694188,0.13174603174603175,0.27675840978593275,0.08463949843260188,0.2992481203007519,0.35406698564593303,0.1536,0.334855403348554,0.1494435612082671,0.15268456375838926,0.17484662576687116,0.30363036303630364,0.15709969788519637,0.20253164556962025,0.17558528428093645,0.2544642857142857,0.14130434782608695,0.2716236722306525,0.15749235474006115,0.125,0.2884310618066561,0.17787742899850523,0.17235772357723578,0.24587458745874588,0.2535885167464115,0.33014354066985646,0.14442700156985872,0.2692913385826772,0.29464285714285715,0.17004680187207488,0.24469820554649266,0.07679465776293823,0.11093990755007704,0.37735849056603776,0.20447284345047922,0.1259600614439324,0.12417218543046357,0.12480739599383667,0.1171875,0.20996978851963746,0.1720257234726688,0.19940029985007496,0.16467065868263472,0.28091603053435116,0.20209580838323354,0.23052464228934816,0.2983606557377049,0.1480891719745223,0.2140625,0.22778675282714056,0.08763693270735524,0.2955271565495208,0.0684931506849315,0.20722135007849293,0.21052631578947367,0.2328125,0.320695102685624,0.2753403933434191,0.2802547770700637,0.2581699346405229,0.18113772455089822,0.11411411411411411,0.21812596006144394,0.1983739837398374,0.14623338257016247,0.29489291598023065,0.27014218009478674,0.1951219512195122,0.3386327503974563,0.19135802469135801,0.20359281437125748,0.2291350531107739,0.3195548489666137,0.30337078651685395,0.09567901234567901,0.13741721854304637,0.10752688172043011,0.23466257668711657,0.1,0.1680129240710824,0.28024502297090353,0.26782884310618066,0.2650793650793651,0.09574468085106383,0.19778481012658228,0.2468354430379747,0.2805872756933116,0.11145996860282574,0.1069182389937107,0.1935483870967742,0.37138263665594856,0.15883306320907617,0.31329113924050633,0.21112929623567922,0.1646525679758308,0.21779141104294478,0.057902973395931145,0.3232484076433121,0.18555008210180624,0.10194174757281553,0.08047945205479452,0.34222919937205654,0.1783960720130933,0.0622154779969651,0.1948249619482496,0.28081123244929795,0.17320261437908496,0.12079510703363915,0.26031746031746034,0.23089171974522293,0.15193798449612403,0.1774960380348653,0.17863105175292154,0.08217054263565891,0.10702875399361023,0.2982998454404946,0.3259493670886076,0.2937595129375951,0.22075782537067545,0.20268256333830104,0.18316831683168316,0.15846153846153846,0.16051364365971107,0.14285714285714285,0.25996810207336524,0.16966966966966968,0.11525974025974026,0.2519201228878648,0.21812596006144394,0.08051529790660225,0.2632375189107413,0.26198083067092653,0.10569105691056911,0.10366826156299841,0.23263327948303716,0.13636363636363635,0.07035175879396985,0.19145569620253164,0.13776337115072934,0.22585924713584288,0.0834597875569044,0.15033783783783783,0.2015748031496063,0.25960061443932414,0.2265625,0.15625,0.15644171779141106,0.06534954407294832,0.1629746835443038,0.22488038277511962,0.13526570048309178,0.05952380952380952,0.24126984126984127,0.2945091514143095,0.16796267496111975,0.10429447852760736,0.16640746500777606,0.09763779527559055,0.10714285714285714,0.16091954022988506,0.1262848751835536,0.15348837209302327,0.2372093023255814,0.07669616519174041,0.2527821939586645,0.2838915470494418,0.14067278287461774,0.17084639498432602,0.10662358642972536,0.16512345679012347,0.11944869831546708,0.3136288998357964,0.21732522796352582,0.20884146341463414,0.2861635220125786,0.28217821782178215,0.14511494252873564,0.2268370607028754,0.2721417069243156,0.22981366459627328,0.15780998389694043,0.19968553459119498,0.21818181818181817,0.20916030534351146,0.21568627450980393
1997,1,9,prevalence,0.30434782608695654,0.29259896729776247,0.3875838926174497,0.2524752475247525,0.2915980230642504,0.2523364485981308,0.26009693053311794,0.22151898734177214,0.296969696969697,0.2613065326633166,0.22328548644338117,0.3099315068493151,0.2740963855421687,0.2836065573770492,0.19085173501577288,0.19448946515397084,0.1465798045602606,0.2854785478547855,0.09697933227344992,0.3365231259968102,0.3764135702746365,0.2555366269165247,0.3054662379421222,0.22445561139028475,0.2191780821917808,0.18770226537216828,0.23128119800332778,0.15503875968992248,0.304635761589404,0.20435510887772193,0.26614173228346455,0.13050570962479607,0.27917981072555204,0.24528301886792453,0.1652754590984975,0.22537562604340566,0.17857142857142858,0.20957095709570958,0.2722689075630252,0.31290322580645163,0.30756578947368424,0.13870967741935483,0.12861736334405144,0.23716012084592145,0.17886178861788618,0.3202725724020443,0.13689482470784642,0.0858085808580858,0.2878535773710483,0.20361247947454844,0.14516129032258066,0.12975778546712802,0.2714285714285714,0.16429699842022116,0.2115085536547434,0.13377926421404682,0.24378881987577639,0.218562874251497,0.28526148969889065,0.19689922480620156,0.17970049916805325,0.3627287853577371,0.13924050632911392,0.2078559738134206,0.2810344827586207,0.10333863275039745,0.26418152350081037,0.07560137457044673,0.2630718954248366,0.21901528013582344,0.2956381260096931,0.34003350083752093,0.23870967741935484,0.21061359867330018,0.25538971807628524,0.19457013574660634,0.10843373493975904,0.22535211267605634,0.22259696458684655,0.20689655172413793,0.3017241379310345,0.254071661237785,0.1711229946524064,0.32569558101472995,0.19395866454689983,0.1962025316455696,0.2701863354037267,0.3382352941176471,0.39316239316239315,0.0914826498422713,0.16748768472906403,0.1695447409733124,0.19814241486068113,0.10883280757097792,0.16006600660066006,0.32674772036474165,0.2687296416938111,0.2752902155887231,0.11179173047473201,0.24044585987261147,0.3097913322632424,0.3086003372681282,0.1652892561983471,0.12218649517684887,0.21688741721854304,0.24074074074074073,0.22613065326633167,0.34710743801652894,0.1552901023890785,0.1746031746031746,0.3566775244299674,0.09744408945686901,0.4065040650406504,0.2482758620689655,0.13400335008375208,0.046875,0.2358490566037736,0.18867924528301888,0.08176100628930817,0.18412698412698414,0.2535885167464115,0.21247892074198987,0.14896988906497624,0.2642740619902121,0.3026315789473684,0.20094191522762953,0.20775193798449612,0.19405594405594406,0.07936507936507936,0.09238249594813615,0.3188854489164087,0.2786624203821656,0.2792511700468019,0.31216931216931215,0.23186119873817035,0.2191780821917808,0.19117647058823528,0.20729684908789386,0.11519198664440734,0.24433656957928804,0.175,0.1325503355704698,0.2224,0.26986754966887416,0.1360655737704918,0.21428571428571427,0.32300163132137033,0.18717504332755633,0.10294117647058823,0.2996688741721854,0.13398692810457516,0.12310286677908938,0.15883306320907617,0.11947626841243862,0.20304568527918782,0.083596214511041,0.15870307167235495,0.29890453834115804,0.2578125,0.3150242326332795,0.0912280701754386,0.1403225806451613,0.06581059390048154,0.22240527182866557,0.28716216216216217,0.15716753022452504,0.10158730158730159,0.29516129032258065,0.3125,0.25199362041467305,0.10423452768729642,0.24262295081967214,0.14614121510673234,0.16449511400651465,0.14890016920473773,0.09803921568627451,0.17092651757188498,0.32051282051282054,0.11246200607902736,0.2730318257956449,0.2535885167464115,0.15132605304212168,0.19508196721311474,0.12241379310344827,0.17795275590551182,0.1974921630094044,0.24666666666666667,0.24921135646687698,0.19312602291325695,0.3184,0.2222222222222222,0.14573643410852713,0.2138157894736842,0.23624595469255663,0.19902912621359223,0.19696969696969696,0.23841059602649006,0.2594417077175698,0.20280811232449297,0.2731554160125589
1998,1,9,prevalence,0.2736318407960199,0.25125628140703515,0.3034825870646766,0.24958402662229617,0.297029702970297,0.25196850393700787,0.2870967741935484,0.19903691813804172,0.31626506024096385,0.3187919463087248,0.2953451043338684,0.38160136286201024,0.26165413533834586,0.20469798657718122,0.19309262166405022,0.23739837398373984,0.14729950900163666,0.2532051282051282,0.17703349282296652,0.3508771929824561,0.21311475409836064,0.2671009771986971,0.2576489533011272,0.24878048780487805,0.1853146853146853,0.17944535073409462,0.17529215358931552,0.14082278481012658,0.31125827814569534,0.24675324675324675,0.23961661341853036,0.1464226289517471,0.297427652733119,0.3442367601246106,0.13471502590673576,0.2,0.17535545023696683,0.21138211382113822,0.3083475298126065,0.35537190082644626,0.24707846410684475,0.13225806451612904,0.192,0.1712121212121212,0.2565789473684211,0.28498293515358364,0.1737649063032368,0.15824915824915825,0.27504244482173174,0.1804635761589404,0.14035087719298245,0.0975609756097561,0.35135135135135137,0.20922570016474465,0.210016155088853,0.1482084690553746,0.15457413249211358,0.2785388127853881,0.21163166397415187,0.2803149606299213,0.16580310880829016,0.3060556464811784,0.17495987158908508,0.17142857142857143,0.28,0.12619808306709265,0.3241042345276873,0.08333333333333333,0.26257861635220126,0.14864864864864866,0.2576489533011272,0.2762063227953411,0.22990353697749197,0.19601328903654486,0.25166666666666665,0.20030581039755352,0.14461538461538462,0.16293929712460065,0.23927392739273928,0.2413793103448276,0.22408026755852842,0.2643478260869565,0.17553191489361702,0.3063209076175041,0.1859375,0.24271844660194175,0.27906976744186046,0.26484751203852325,0.27411167512690354,0.09500805152979067,0.2353923205342237,0.16510903426791276,0.22530864197530864,0.12520064205457465,0.11940298507462686,0.2837209302325581,0.18225806451612903,0.3485342019543974,0.16024653312788906,0.3113207547169811,0.3630573248407643,0.27166666666666667,0.16863406408094436,0.12748344370860928,0.1737012987012987,0.19727891156462585,0.22007042253521128,0.36394557823129253,0.16188870151770657,0.15955766192733017,0.36378205128205127,0.1416803953871499,0.30806451612903224,0.281786941580756,0.14935064935064934,0.035175879396984924,0.2048,0.22203098106712565,0.15408320493066255,0.2593167701863354,0.26174496644295303,0.2552845528455285,0.20431893687707642,0.2580101180438449,0.21797004991680533,0.18471337579617833,0.1873015873015873,0.19430485762144054,0.10685805422647528,0.1629032258064516,0.3482142857142857,0.24311926605504589,0.21739130434782608,0.19897084048027444,0.18856259659969088,0.2627986348122867,0.22093023255813954,0.29276315789473684,0.10344827586206896,0.25,0.19968051118210864,0.22073578595317725,0.2463295269168026,0.25040387722132473,0.23993558776167473,0.2032258064516129,0.3399014778325123,0.22108843537414966,0.11298482293423272,0.26744186046511625,0.18181818181818182,0.17003367003367004,0.22113821138211381,0.12135922330097088,0.13175675675675674,0.1456,0.14655172413793102,0.36990595611285265,0.3072100313479624,0.3624801271860095,0.13240418118466898,0.14426229508196722,0.0778816199376947,0.27768595041322314,0.24040066777963273,0.23769100169779286,0.10015649452269171,0.2660098522167488,0.25982905982905985,0.2746031746031746,0.1402936378466558,0.2448,0.25806451612903225,0.2085987261146497,0.1515650741350906,0.09797822706065319,0.19672131147540983,0.2733118971061093,0.20909090909090908,0.2598684210526316,0.24838709677419354,0.14691943127962084,0.30664395229982966,0.1457975986277873,0.1264,0.15698587127158556,0.21311475409836064,0.2343032159264931,0.22058823529411764,0.22705314009661837,0.17455138662316477,0.11285266457680251,0.293354943273906,0.171334431630972,0.14469453376205788,0.20950704225352113,0.2747068676716918,0.29707792207792205,0.23052959501557632,0.24522292993630573
1999,1,9,prevalence,0.2562814070351759,0.2169657422512235,0.2838499184339315,0.2731788079470199,0.2746710526315789,0.21293375394321767,0.29296235679214405,0.14606741573033707,0.2723146747352496,0.23875432525951557,0.31655844155844154,0.3103448275862069,0.20178041543026706,0.19966722129783693,0.16451612903225807,0.2664526484751204,0.17326732673267325,0.22115384615384615,0.24918032786885247,0.3080568720379147,0.14845024469820556,0.30456026058631924,0.22204213938411668,0.1977124183006536,0.26360544217687076,0.21639344262295082,0.1488,0.2096,0.2824302134646962,0.22580645161290322,0.19457735247208932,0.14093959731543623,0.25326797385620914,0.3364341085271318,0.0847457627118644,0.189419795221843,0.19457735247208932,0.265139116202946,0.3261943986820428,0.26865671641791045,0.19078947368421054,0.13278688524590163,0.17656500802568217,0.15548780487804878,0.2442622950819672,0.22972972972972974,0.2319327731092437,0.2354948805460751,0.2482876712328767,0.176,0.16134185303514376,0.1504424778761062,0.3687600644122383,0.24242424242424243,0.21978021978021978,0.16586921850079744,0.16930379746835442,0.37349397590361444,0.18357487922705315,0.2383177570093458,0.10413223140495868,0.21138211382113822,0.16097560975609757,0.14846416382252559,0.2127659574468085,0.10806451612903226,0.2621359223300971,0.146218487394958,0.33171521035598706,0.17333333333333334,0.2347266881028939,0.2961730449251248,0.2144,0.20723684210526316,0.22795341098169716,0.1822289156626506,0.1889400921658986,0.1590909090909091,0.2838063439065108,0.3068181818181818,0.19471947194719472,0.29780033840947545,0.1443661971830986,0.2679738562091503,0.17591125198098256,0.2496,0.231496062992126,0.27813504823151125,0.21731748726655348,0.17647058823529413,0.2779605263157895,0.22698412698412698,0.13043478260869565,0.14705882352941177,0.12317666126418152,0.2434915773353752,0.16666666666666666,0.30655737704918035,0.2534992223950233,0.31045241809672386,0.2974683544303797,0.26013513513513514,0.18381112984822934,0.18668831168831168,0.13559322033898305,0.13728813559322034,0.20521739130434782,0.34285714285714286,0.15897435897435896,0.1787974683544304,0.2681744749596123,0.23824959481361427,0.2796208530805687,0.2756183745583039,0.16639477977161501,0.05378151260504202,0.23076923076923078,0.21052631578947367,0.2689969604863222,0.2648401826484018,0.2616984402079723,0.2579034941763727,0.2911184210526316,0.2482758620689655,0.25041736227045075,0.2367549668874172,0.19585987261146498,0.20854700854700856,0.13562091503267973,0.16253869969040247,0.25036603221083453,0.19722650231124808,0.2457757296466974,0.176056338028169,0.2087227414330218,0.2179054054054054,0.2052980132450331,0.271523178807947,0.14006514657980457,0.2110236220472441,0.27056962025316456,0.3142857142857143,0.20450885668276972,0.36153846153846153,0.30112721417069244,0.20583468395461912,0.26094003241491087,0.28498293515358364,0.12736660929432014,0.26136363636363635,0.16751269035532995,0.23026315789473684,0.24251968503937008,0.1718494271685761,0.10490693739424704,0.2066772655007949,0.18275862068965518,0.29307568438003223,0.2757527733755943,0.23454833597464342,0.18048780487804877,0.17563291139240506,0.11392405063291139,0.33663366336633666,0.21783876500857632,0.3042016806722689,0.1536,0.21895424836601307,0.25906735751295334,0.290625,0.2224,0.3108974358974359,0.29448818897637796,0.22435897435897437,0.12289562289562289,0.15421303656597773,0.22383252818035426,0.19585987261146498,0.25585023400936036,0.17478991596638654,0.2515923566878981,0.16449511400651465,0.28407224958949095,0.18181818181818182,0.1864951768488746,0.19692307692307692,0.2,0.2507598784194529,0.22549019607843138,0.19236883942766295,0.16202945990180032,0.11563517915309446,0.3375796178343949,0.20064724919093851,0.11940298507462686,0.2823741007194245,0.20304568527918782,0.23089430894308943,0.21178343949044587,0.2727272727272727
2000,1,9,prevalence,0.22920203735144312,0.23575949367088608,0.24671052631578946,0.33172302737520126,0.2973856209150327,0.2908805031446541,0.2692967409948542,0.1232,0.22817764165390506,0.17465753424657535,0.29411764705882354,0.2222222222222222,0.20089285714285715,0.2152317880794702,0.13709677419354838,0.21405750798722045,0.1797752808988764,0.21674876847290642,0.3519736842105263,0.22204213938411668,0.12796208530805686,0.26003210272873195,0.13195548489666137,0.21753246753246752,0.27197346600331673,0.17898193760262726,0.1819645732689211,0.2628951747088186,0.2103448275862069,0.17936507936507937,0.16666666666666666,0.21357615894039736,0.2282958199356913,0.22535211267605634,0.11584327086882454,0.19145299145299147,0.203125,0.2935323383084577,0.21951219512195122,0.23076923076923078,0.14497528830313014,0.17684887459807075,0.173841059602649,0.21439749608763695,0.21724709784411278,0.21760797342192692,0.2652388797364086,0.19655172413793104,0.24232081911262798,0.22275641025641027,0.240625,0.17184643510054845,0.33814102564102566,0.3355048859934853,0.18962722852512157,0.1631663974151858,0.15497553017944535,0.2893175074183976,0.16282894736842105,0.19589257503949448,0.08514190317195326,0.23014586709886548,0.1511627906976744,0.1848013816925734,0.2067137809187279,0.061488673139158574,0.1983739837398374,0.23115577889447236,0.2904238618524333,0.16139767054908485,0.2148626817447496,0.27483443708609273,0.18,0.22408026755852842,0.25961538461538464,0.1870286576168929,0.24961479198767333,0.14421553090332806,0.20563847429519072,0.2432,0.21300813008130082,0.22937293729372937,0.13485113835376533,0.27724358974358976,0.16164817749603805,0.19743178170144463,0.2693498452012384,0.21178343949044587,0.270935960591133,0.26991869918699185,0.26455906821963393,0.26006191950464397,0.1503267973856209,0.19933554817275748,0.1864951768488746,0.17619783616692428,0.15849673202614378,0.2783018867924528,0.300314465408805,0.2569230769230769,0.2352,0.30456852791878175,0.19666666666666666,0.2026359143327842,0.11604095563139932,0.07692307692307693,0.155668358714044,0.2871287128712871,0.24161073825503357,0.19055118110236222,0.24203821656050956,0.3594009983361065,0.16558441558441558,0.2689655172413793,0.22312703583061888,0.08843537414965986,0.30077519379844964,0.19204152249134948,0.3448275862068966,0.2526158445440957,0.2657580919931857,0.21294718909710392,0.29526916802610115,0.17616580310880828,0.2369281045751634,0.22512234910277323,0.30781758957654726,0.22469982847341338,0.1984126984126984,0.19781931464174454,0.23053435114503817,0.19171779141104295,0.2948517940717629,0.2030716723549488,0.19726858877086495,0.1691542288557214,0.17733990147783252,0.19902120717781402,0.1772357723577236,0.18701700154559506,0.19412724306688417,0.3530377668308703,0.1607717041800643,0.3761755485893417,0.3474714518760196,0.18892508143322476,0.2272,0.2857142857142857,0.15476190476190477,0.26375404530744334,0.15912897822445563,0.26580226904376014,0.21044303797468356,0.2059800664451827,0.1703204047217538,0.28338762214983715,0.25432525951557095,0.26533996683250416,0.23615635179153094,0.2192429022082019,0.23202614379084968,0.214170692431562,0.13765822784810128,0.31781701444622795,0.22148760330578512,0.3023255813953488,0.20221169036334913,0.16722972972972974,0.17586206896551723,0.28173374613003094,0.20224719101123595,0.27724358974358976,0.31781701444622795,0.24213836477987422,0.13689482470784642,0.2376237623762376,0.27184466019417475,0.14467408585055644,0.3265940902021773,0.25205930807248766,0.2841091492776886,0.23941368078175895,0.3021346469622332,0.17983193277310924,0.23237179487179488,0.1777434312210201,0.1271860095389507,0.19817073170731708,0.13911620294599017,0.18181818181818182,0.13322368421052633,0.11532125205930807,0.2583201267828843,0.19093851132686085,0.1301482701812191,0.27450980392156865,0.15474209650582363,0.17656500802568217,0.23125996810207336,0.27941176470588236
2001,1,9,prevalence,0.2026359143327842,0.23742138364779874,0.19230769230769232,0.2955665024630542,0.28407224958949095,0.3333333333333333,0.2023217247097844,0.12214983713355049,0.24542682926829268,0.15051903114186851,0.28431372549019607,0.13474025974025974,0.20864381520119224,0.2762063227953411,0.17491749174917492,0.24880382775119617,0.2421875,0.17384370015948963,0.31683168316831684,0.19607843137254902,0.10492845786963434,0.1721958925750395,0.14710485133020346,0.1858974358974359,0.3375594294770206,0.1751592356687898,0.09149277688603531,0.33164983164983164,0.20465890183028287,0.18681318681318682,0.19158878504672897,0.2032520325203252,0.24172185430463577,0.15136876006441224,0.19435215946843853,0.22297297297297297,0.16257668711656442,0.2287145242070117,0.20418006430868169,0.21915584415584416,0.11382113821138211,0.1875,0.2071917808219178,0.30647709320695105,0.25538971807628524,0.24161073825503357,0.3355048859934853,0.22837370242214533,0.23154362416107382,0.25199362041467305,0.1847649918962723,0.23665480427046262,0.2984126984126984,0.3987341772151899,0.15798045602605862,0.14729950900163666,0.16286644951140064,0.24887556221889057,0.24098360655737705,0.17475728155339806,0.10491803278688525,0.17731629392971246,0.16530278232405893,0.1888111888111888,0.1543859649122807,0.045307443365695796,0.18035426731078905,0.3534201954397394,0.2277526395173454,0.2553191489361702,0.21009771986970685,0.25365853658536586,0.16666666666666666,0.22553897180762852,0.25039619651347067,0.14949201741654572,0.33121019108280253,0.16828478964401294,0.16279069767441862,0.215311004784689,0.19339622641509435,0.23684210526315788,0.1780821917808219,0.1984,0.191869918699187,0.2269170579029734,0.28,0.19967532467532467,0.29383116883116883,0.350253807106599,0.25,0.25771604938271603,0.11974110032362459,0.24549918166939444,0.2160392798690671,0.14285714285714285,0.18363939899833054,0.2118380062305296,0.374805598755832,0.27287066246056785,0.1500789889415482,0.27586206896551724,0.21322314049586777,0.17733990147783252,0.19322033898305085,0.17218543046357615,0.14333333333333334,0.2520193861066236,0.2600671140939597,0.1794071762870515,0.24044585987261147,0.39008264462809916,0.14376996805111822,0.215929203539823,0.21172638436482086,0.1736930860033727,0.26479750778816197,0.20272572402044292,0.3380503144654088,0.20485584218512898,0.28125,0.1018363939899833,0.2783018867924528,0.1793570219966159,0.21207177814029363,0.23240589198036007,0.34476843910806176,0.2082616179001721,0.24719101123595505,0.21283255086071987,0.1435483870967742,0.21850079744816586,0.21495327102803738,0.18588640275387264,0.1945288753799392,0.20297029702970298,0.23948220064724918,0.20717781402936378,0.24247491638795987,0.2327718223583461,0.18668831168831168,0.26666666666666666,0.16260162601626016,0.3292307692307692,0.33387888707037644,0.2901134521880065,0.2434640522875817,0.2376068376068376,0.2097902097902098,0.2257001647446458,0.22778675282714056,0.32019704433497537,0.2630718954248366,0.27740863787375414,0.1912479740680713,0.2966666666666667,0.1879310344827586,0.17124394184168013,0.15,0.18412698412698414,0.2730263157894737,0.2542901716068643,0.1763779527559055,0.2568218298555377,0.24,0.2899022801302932,0.24921135646687698,0.16302521008403362,0.19476268412438624,0.27416798732171155,0.248,0.24878836833602586,0.2724306688417618,0.26357827476038337,0.14333333333333334,0.38917089678510997,0.2483974358974359,0.14471544715447154,0.3076923076923077,0.23817292006525284,0.20793650793650795,0.27741935483870966,0.27463651050080773,0.19652173913043477,0.18798151001540833,0.1578125,0.153125,0.14086687306501547,0.12685337726523888,0.1414790996784566,0.19376026272577998,0.16751269035532995,0.1841680129240711,0.21061093247588425,0.13247172859450726,0.24295774647887325,0.10726072607260725,0.1642512077294686,0.1958266452648475,0.2884012539184953
2002,1,9,prevalence,0.2582781456953642,0.2554858934169279,0.18646864686468648,0.21428571428571427,0.23278688524590163,0.2749615975422427,0.17105263157894737,0.17275747508305647,0.28548644338118023,0.23275862068965517,0.2403225806451613,0.12046204620462046,0.19672131147540983,0.39546191247974066,0.19863013698630136,0.2523961661341853,0.310126582278481,0.17017828200972449,0.2586490939044481,0.22258064516129034,0.11267605633802817,0.15031645569620253,0.22549019607843138,0.20941558441558442,0.28217054263565894,0.19803600654664485,0.0864,0.335559265442404,0.17081260364842454,0.1769352290679305,0.37267080745341613,0.2287145242070117,0.18003273322422259,0.15650741350906094,0.18729096989966554,0.23890784982935154,0.13479623824451412,0.20358306188925082,0.18167202572347266,0.1925566343042071,0.15179968701095461,0.19601328903654486,0.22110552763819097,0.3047619047619048,0.24796084828711257,0.18394648829431437,0.292358803986711,0.20490367775831875,0.25041736227045075,0.27941176470588236,0.18016528925619835,0.2564991334488735,0.19808306709265175,0.29307568438003223,0.21252059308072488,0.16558441558441558,0.1734860883797054,0.2372093023255814,0.23424878836833601,0.18227424749163879,0.19001610305958133,0.23380726698262244,0.1567043618739903,0.20938023450586266,0.1346153846153846,0.051070840197693576,0.18571428571428572,0.31442463533225284,0.1336405529953917,0.29079159935379645,0.19093851132686085,0.1824212271973466,0.17064846416382254,0.30514096185737977,0.22712933753943218,0.13728323699421965,0.25796178343949044,0.24170616113744076,0.15551839464882944,0.1653290529695024,0.28683385579937304,0.21266233766233766,0.19550173010380623,0.24382716049382716,0.200652528548124,0.23052464228934816,0.2552504038772213,0.19617224880382775,0.3782467532467532,0.3083067092651757,0.2134646962233169,0.25688073394495414,0.13258785942492013,0.293354943273906,0.20907617504051865,0.09339774557165861,0.22330097087378642,0.2777777777777778,0.24881889763779527,0.2190332326283988,0.10862619808306709,0.347682119205298,0.23294509151414308,0.22719734660033167,0.21140939597315436,0.3079526226734349,0.10535117056856187,0.25363489499192243,0.2222222222222222,0.23162939297124602,0.21621621621621623,0.27986906710310966,0.16300940438871472,0.19855595667870035,0.22491909385113268,0.2647058823529412,0.29260450160771706,0.1927512355848435,0.28325508607198746,0.15292353823088456,0.20701168614357263,0.05492730210016155,0.23622047244094488,0.20469798657718122,0.19471947194719472,0.17973856209150327,0.2733333333333333,0.25585284280936454,0.3610648918469218,0.18167456556082148,0.1537242472266244,0.1752411575562701,0.2255054432348367,0.15268456375838926,0.24608150470219436,0.24878048780487805,0.24838709677419354,0.17580645161290323,0.24625623960066556,0.2204968944099379,0.20247295208655333,0.23202614379084968,0.18660287081339713,0.296,0.18032786885245902,0.3288590604026846,0.2743221690590112,0.1685761047463175,0.2402044293015332,0.24838709677419354,0.2532051282051282,0.32550335570469796,0.24917491749174916,0.3105691056910569,0.2766990291262136,0.2707275803722504,0.2198581560283688,0.15177065767284992,0.15321252059308071,0.1956521739130435,0.2948717948717949,0.2519201228878648,0.25236593059936907,0.18152350081037277,0.22439024390243903,0.22770700636942676,0.2727272727272727,0.1497504159733777,0.24149108589951376,0.23076923076923078,0.21565495207667731,0.19836065573770492,0.1762820512820513,0.29233226837060705,0.14893617021276595,0.39705882352941174,0.2778675282714055,0.22042139384116693,0.2857142857142857,0.23228995057660626,0.24405705229793978,0.3107890499194847,0.2515923566878981,0.20207253886010362,0.2118380062305296,0.16037735849056603,0.171875,0.10403726708074534,0.14513556618819776,0.15262321144674085,0.29441624365482233,0.21891418563922943,0.19902120717781402,0.2566510172143975,0.19617224880382775,0.1945392491467577,0.09212730318257957,0.2679425837320574,0.2035541195476575,0.23742138364779874
2003,1,9,prevalence,0.265905383360522,0.2676056338028169,0.1821138211382114,0.25210084033613445,0.25844594594594594,0.2625,0.16447368421052633,0.3038397328881469,0.23613312202852615,0.2799325463743676,0.2552845528455285,0.11185308848080133,0.16869300911854104,0.3102893890675241,0.2905982905982906,0.2861685214626391,0.33591331269349844,0.13539967373572595,0.2182741116751269,0.22741935483870968,0.22610015174506828,0.15530903328050713,0.22617124394184168,0.22712418300653595,0.31201248049922,0.1890971039182283,0.0759493670886076,0.31209150326797386,0.18344155844155843,0.19314641744548286,0.33650793650793653,0.24196277495769883,0.21555915721231766,0.15161290322580645,0.16279069767441862,0.2958477508650519,0.1238390092879257,0.17543859649122806,0.1629746835443038,0.21725239616613418,0.15372168284789645,0.19047619047619047,0.2436548223350254,0.2631578947368421,0.15815485996705106,0.1777408637873754,0.20066334991708126,0.18166089965397925,0.24870466321243523,0.22240802675585283,0.23255813953488372,0.2956081081081081,0.1951219512195122,0.21293375394321767,0.2705479452054795,0.15397350993377484,0.20198675496688742,0.21483771251931993,0.3241042345276873,0.16183986371379896,0.25967741935483873,0.24564183835182252,0.208,0.22110552763819097,0.10481099656357389,0.049586776859504134,0.1744,0.2912,0.13719512195121952,0.31259968102073366,0.23289902280130292,0.1669421487603306,0.15924657534246575,0.264,0.2539936102236422,0.14609929078014183,0.17965023847376788,0.31766612641815234,0.2042483660130719,0.13804173354735153,0.2974683544303797,0.20195439739413681,0.25742574257425743,0.26198083067092653,0.20307692307692307,0.2346456692913386,0.19198664440734559,0.21835443037974683,0.31329113924050633,0.25853658536585367,0.20098846787479407,0.24620060790273557,0.08771929824561403,0.2962962962962963,0.20565149136577707,0.1050080775444265,0.24336973478939158,0.22870662460567823,0.178743961352657,0.22995461422087746,0.1515625,0.27884615384615385,0.1935483870967742,0.24921135646687698,0.23011844331641285,0.4743801652892562,0.12289562289562289,0.16474464579901152,0.23857868020304568,0.2730210016155089,0.22521008403361345,0.24522292993630573,0.3001579778830964,0.1989342806394316,0.18867924528301888,0.40553745928338764,0.36421725239616615,0.18962722852512157,0.1795275590551181,0.2186046511627907,0.2181208053691275,0.02145214521452145,0.15926493108728942,0.2119205298013245,0.15041322314049588,0.16778523489932887,0.2787682333873582,0.2620578778135048,0.3721311475409836,0.2459807073954984,0.13291139240506328,0.1716171617161716,0.21725239616613418,0.20100502512562815,0.28482003129890454,0.29769736842105265,0.2718600953895072,0.22857142857142856,0.166383701188455,0.18683001531393567,0.2266244057052298,0.25365853658536586,0.2132701421800948,0.21815286624203822,0.1503267973856209,0.26013513513513514,0.2827140549273021,0.14705882352941177,0.20903010033444816,0.2900641025641026,0.17898193760262726,0.2553542009884679,0.22641509433962265,0.2476038338658147,0.28225806451612906,0.24328859060402686,0.16695957820738136,0.19145299145299147,0.18151815181518152,0.2653061224489796,0.2645161290322581,0.31278890600924497,0.2987220447284345,0.2057877813504823,0.20516962843295639,0.21018062397372742,0.34858044164037855,0.16990291262135923,0.26480263157894735,0.1889763779527559,0.24509803921568626,0.18226600985221675,0.19110378912685339,0.21241830065359477,0.20707070707070707,0.3560732113144759,0.22617124394184168,0.3338762214983713,0.26356589147286824,0.26436781609195403,0.2384,0.27936507936507937,0.3052464228934817,0.1992818671454219,0.271585557299843,0.17156105100463678,0.17739403453689168,0.08450704225352113,0.2288961038961039,0.2800632911392405,0.3113673805601318,0.27495621716287216,0.15806451612903225,0.2720125786163522,0.2694063926940639,0.1891891891891892,0.09043478260869565,0.31911532385466035,0.19604612850082373,0.17004680187207488
2004,1,9,prevalence,0.23987034035656402,0.27469135802469136,0.1986644407345576,0.3531409168081494,0.2262295081967213,0.24371069182389937,0.20336134453781513,0.35353535353535354,0.2901639344262295,0.30132450331125826,0.2778675282714055,0.13278688524590163,0.12749615975422426,0.3022508038585209,0.2516891891891892,0.22820919175911253,0.33796296296296297,0.10638297872340426,0.12455516014234876,0.3201320132013201,0.34142640364188165,0.13814756671899528,0.28642384105960267,0.19162640901771336,0.22452229299363058,0.17758620689655172,0.12274959083469722,0.2296416938110749,0.17405582922824303,0.2062015503875969,0.2727272727272727,0.28888888888888886,0.24668874172185432,0.12680577849117175,0.13080895008605853,0.24869565217391304,0.12091503267973856,0.184375,0.18138801261829654,0.27936507936507937,0.15901639344262294,0.2078559738134206,0.33612040133779264,0.26973684210526316,0.11707317073170732,0.19594594594594594,0.16666666666666666,0.15384615384615385,0.25259515570934254,0.19250425894378195,0.22366288492706646,0.2084063047285464,0.20485584218512898,0.1958266452648475,0.24482758620689654,0.26245847176079734,0.21963394342762063,0.1527777777777778,0.3399014778325123,0.22934232715008432,0.31311475409836065,0.24681528662420382,0.2066772655007949,0.2270450751252087,0.06902356902356903,0.06980802792321117,0.21864951768488747,0.266347687400319,0.09636650868878358,0.246422893481717,0.21639344262295082,0.16188870151770657,0.243006993006993,0.2569558101472995,0.1674641148325359,0.16248153618906944,0.12939297124600638,0.21256038647342995,0.17540983606557378,0.17391304347826086,0.40476190476190477,0.22342064714946072,0.28135593220338984,0.2379471228615863,0.25588697017268447,0.1926751592356688,0.21680672268907564,0.2444794952681388,0.28802588996763756,0.1672077922077922,0.2026359143327842,0.23266563944530047,0.09966777408637874,0.2570951585976628,0.19967532467532467,0.1168,0.31179321486268174,0.2124600638977636,0.1330049261083744,0.15757575757575756,0.15813953488372093,0.2368,0.16524701873935263,0.22119815668202766,0.2778702163061564,0.4304635761589404,0.10457516339869281,0.14354066985645933,0.20930232558139536,0.2467948717948718,0.2306368330464716,0.2724306688417618,0.3817891373801917,0.27289048473967686,0.184,0.3536184210526316,0.3312597200622084,0.1498422712933754,0.09904153354632587,0.22923076923076924,0.22405271828665568,0.0066555740432612314,0.11801242236024845,0.2969502407704655,0.07894736842105263,0.13080895008605853,0.24713584288052373,0.2539936102236422,0.38673139158576053,0.2664526484751204,0.1189710610932476,0.22885572139303484,0.18770226537216828,0.21153846153846154,0.1964856230031949,0.22607260726072606,0.267515923566879,0.24841772151898733,0.1348314606741573,0.20893141945773525,0.2202852614896989,0.16474464579901152,0.2028985507246377,0.2334384858044164,0.08064516129032258,0.22780569514237856,0.2731788079470199,0.12944983818770225,0.22491909385113268,0.23248407643312102,0.18027210884353742,0.17391304347826086,0.22435897435897437,0.1634920634920635,0.3024,0.173841059602649,0.16230366492146597,0.21906354515050167,0.20563847429519072,0.3146747352496218,0.2507836990595611,0.29310344827586204,0.35590551181102364,0.16828478964401294,0.16556291390728478,0.19543973941368079,0.27685325264750377,0.2236842105263158,0.2945990180032733,0.16,0.14789915966386555,0.18095238095238095,0.1472,0.128,0.3,0.24196277495769883,0.14285714285714285,0.2942122186495177,0.22570532915360503,0.17252931323283083,0.1981279251170047,0.22327044025157233,0.25236593059936907,0.16071428571428573,0.2224,0.14086687306501547,0.19319938176197837,0.059190031152647975,0.22815533980582525,0.3103448275862069,0.24566929133858267,0.30139372822299654,0.1737012987012987,0.2476340694006309,0.38496932515337423,0.20133111480865223,0.05363321799307959,0.29153605015673983,0.18,0.17647058823529413
2005,1,9,prevalence,0.2731629392971246,0.2701863354037267,0.25375626043405675,0.2542087542087542,0.2761904761904762,0.32866043613707163,0.3383333333333333,0.2874354561101549,0.3044189852700491,0.3091216216216216,0.2623762376237624,0.09415584415584416,0.10397553516819572,0.28414442700156983,0.26554621848739496,0.2236024844720497,0.2,0.08972267536704731,0.08361774744027303,0.35515548281505727,0.4003139717425432,0.1321656050955414,0.3344594594594595,0.2251655629139073,0.1320450885668277,0.12522045855379188,0.2398753894080997,0.21052631578947367,0.21163166397415187,0.13406940063091483,0.2273476112026359,0.22934232715008432,0.3064516129032258,0.15141955835962145,0.13139931740614336,0.3129370629370629,0.12457912457912458,0.24290220820189273,0.13658536585365855,0.2892690513219285,0.20336134453781513,0.1901743264659271,0.4059900166389351,0.24587458745874588,0.09339774557165861,0.20770519262981574,0.12060301507537688,0.164021164021164,0.35353535353535354,0.19966442953020133,0.15714285714285714,0.22735346358792186,0.25339366515837103,0.15251572327044025,0.22165820642978004,0.20491803278688525,0.15815485996705106,0.19236883942766295,0.27948303715670436,0.30204778156996587,0.3322734499205087,0.2076069730586371,0.22762951334379905,0.2545454545454545,0.05378151260504202,0.05872193436960276,0.27856025039123633,0.23824959481361427,0.11727416798732171,0.17543859649122806,0.20677966101694914,0.29037800687285226,0.20105820105820105,0.20364238410596028,0.15492957746478872,0.15091463414634146,0.09569377990430622,0.14353312302839116,0.20621931260229132,0.20385232744783308,0.32805071315372425,0.225,0.19536423841059603,0.30914826498422715,0.22239031770045387,0.22063492063492063,0.22357019064124783,0.22929936305732485,0.24587458745874588,0.1273031825795645,0.1939799331103679,0.1486697965571205,0.11276948590381426,0.20655737704918034,0.16199376947040497,0.1362179487179487,0.2980456026058632,0.297427652733119,0.08250825082508251,0.16236722306525037,0.22741935483870968,0.22575516693163752,0.16074450084602368,0.23125,0.29292929292929293,0.3382352941176471,0.0707070707070707,0.15711947626841244,0.2656514382402707,0.21061093247588425,0.18101933216168717,0.2403225806451613,0.28687196110210694,0.3120567375886525,0.12179487179487179,0.2754098360655738,0.2972560975609756,0.12698412698412698,0.06359300476947535,0.23613312202852615,0.23548387096774193,0.013136288998357963,0.08179012345679013,0.35406698564593303,0.09651898734177215,0.0907563025210084,0.1650326797385621,0.19201228878648233,0.281505728314239,0.22333333333333333,0.1008130081300813,0.25365853658536586,0.2434640522875817,0.27586206896551724,0.12096774193548387,0.1896838602329451,0.21904761904761905,0.25316455696202533,0.12944983818770225,0.16830065359477125,0.2120253164556962,0.12786885245901639,0.27154471544715447,0.26498422712933756,0.06389776357827476,0.18181818181818182,0.32131147540983607,0.08780487804878048,0.23397435897435898,0.26058631921824105,0.21043771043771045,0.13398692810457516,0.24519230769230768,0.13192182410423453,0.2707993474714519,0.10906040268456375,0.11764705882352941,0.22413793103448276,0.32576985413290116,0.3112781954887218,0.2546583850931677,0.2124600638977636,0.21669341894060995,0.15458937198067632,0.17973856209150327,0.12077294685990338,0.22153846153846155,0.21983471074380165,0.3365695792880259,0.1693548387096774,0.09797297297297297,0.26332288401253917,0.11326860841423948,0.08496732026143791,0.277504105090312,0.20770519262981574,0.13946117274167988,0.3218390804597701,0.15705128205128205,0.16260162601626016,0.17088607594936708,0.17214397496087636,0.25382262996941896,0.14184397163120568,0.17073170731707318,0.10366826156299841,0.22790697674418606,0.04496124031007752,0.20261437908496732,0.2585669781931464,0.22291021671826625,0.2842465753424658,0.26436781609195403,0.2744479495268139,0.33436055469953774,0.2634146341463415,0.04421768707482993,0.28335832083958024,0.23063973063973064,0.17050691244239632
2006,1,9,prevalence,0.36363636363636365,0.18489984591679506,0.30960264900662254,0.33,0.2971698113207547,0.3082942097026604,0.3500810372771475,0.225752508361204,0.3169129720853859,0.21768707482993196,0.2600671140939597,0.11447811447811448,0.10648148148148148,0.22972972972972974,0.2978723404255319,0.1646153846153846,0.10771704180064309,0.053833605220228384,0.06357388316151202,0.33860759493670883,0.39646869983948635,0.17891373801916932,0.33553719008264465,0.20033112582781457,0.1008,0.10362694300518134,0.3172302737520129,0.19008264462809918,0.22312703583061888,0.1276595744680851,0.19488817891373802,0.16033057851239668,0.28052805280528054,0.1645367412140575,0.0957983193277311,0.3014827018121911,0.15321252059308071,0.18309859154929578,0.2230769230769231,0.29237947122861585,0.2724306688417618,0.16943521594684385,0.31735537190082647,0.19387755102040816,0.0944,0.20238095238095238,0.06365159128978225,0.1453287197231834,0.3394648829431438,0.17845117845117844,0.12577639751552794,0.20135363790186125,0.261136712749616,0.12044374009508717,0.25742574257425743,0.17733990147783252,0.15728476821192053,0.2959349593495935,0.22857142857142856,0.2036727879799666,0.2993527508090615,0.20098039215686275,0.2127659574468085,0.34796747967479674,0.04297520661157025,0.05714285714285714,0.31511254019292606,0.21428571428571427,0.14803149606299212,0.14774494556765164,0.15726495726495726,0.3456998313659359,0.16666666666666666,0.17733990147783252,0.13679245283018868,0.1355421686746988,0.11451612903225807,0.09359605911330049,0.2220447284345048,0.26003210272873195,0.2088607594936709,0.16307692307692306,0.15609756097560976,0.33865814696485624,0.1834862385321101,0.1842948717948718,0.25654450261780104,0.29952456418383516,0.27712854757929883,0.08557046979865772,0.13242784380305603,0.1557632398753894,0.05714285714285714,0.19333333333333333,0.11885895404120443,0.19966996699669967,0.28225806451612906,0.2508250825082508,0.08149405772495756,0.1282051282051282,0.17179902755267423,0.2121684867394696,0.18090452261306533,0.1824,0.2702702702702703,0.22660098522167488,0.06451612903225806,0.2583201267828843,0.2023217247097844,0.24842767295597484,0.20848056537102475,0.18282988871224165,0.2507987220447284,0.21403508771929824,0.10214168039538715,0.20133111480865223,0.18683001531393567,0.08888888888888889,0.03934426229508197,0.2552845528455285,0.2035541195476575,0.00967741935483871,0.07503828483920368,0.2704,0.11075441412520064,0.08514190317195326,0.18459069020866772,0.20647149460708783,0.22053872053872053,0.16020236087689713,0.09531502423263329,0.28365384615384615,0.2508250825082508,0.31441717791411045,0.12006319115323855,0.11378205128205128,0.15151515151515152,0.26257861635220126,0.13064516129032258,0.17170111287758347,0.13449367088607594,0.11804384485666104,0.23076923076923078,0.23186119873817035,0.060995184590690206,0.21252059308072488,0.2736156351791531,0.08443708609271523,0.2375601926163724,0.14638157894736842,0.18877551020408162,0.07941653160453808,0.1598694942903752,0.08928571428571429,0.1984126984126984,0.07903780068728522,0.07420494699646643,0.257679180887372,0.409967845659164,0.2846270928462709,0.17719568567026195,0.2186046511627907,0.1492063492063492,0.10476190476190476,0.2012779552715655,0.09320695102685624,0.14006024096385541,0.20707070707070707,0.27184466019417475,0.1787974683544304,0.10430463576158941,0.2567783094098884,0.0877742946708464,0.07779578606158834,0.256198347107438,0.19897084048027444,0.10483870967741936,0.2052980132450331,0.115,0.17419354838709677,0.1669316375198728,0.18053375196232338,0.20364741641337386,0.16,0.11290322580645161,0.1008130081300813,0.2211690363349131,0.04024767801857585,0.20439189189189189,0.2286634460547504,0.2115987460815047,0.23842195540308747,0.2048,0.20418006430868169,0.2353823088455772,0.25493421052631576,0.04582651391162029,0.21625766871165644,0.2195540308747856,0.23124042879019907
2007,1,9,prevalence,0.35555555555555557,0.17896389324960754,0.3530377668308703,0.30462519936204147,0.26291079812206575,0.3659305993690852,0.33225283630470015,0.21416526138279932,0.22666666666666666,0.17796610169491525,0.26633986928104575,0.14521452145214522,0.11684370257966616,0.27424242424242423,0.27823240589198034,0.16932907348242812,0.10191082802547771,0.028145695364238412,0.06688963210702341,0.3037383177570093,0.2353870458135861,0.17540983606557378,0.2049586776859504,0.2287145242070117,0.06825396825396825,0.11604095563139932,0.34039087947882735,0.20764119601328904,0.22719734660033167,0.10623946037099494,0.1634304207119741,0.14893617021276595,0.3063209076175041,0.19101123595505617,0.10666666666666667,0.3022508038585209,0.13468013468013468,0.2052469135802469,0.34335443037974683,0.22776911076443057,0.29838709677419356,0.1576271186440678,0.2931596091205212,0.19080068143100512,0.08647798742138364,0.19699499165275458,0.0718954248366013,0.11054421768707483,0.21608040201005024,0.19304347826086957,0.10641627543035993,0.11655405405405406,0.2404870624048706,0.08874801901743265,0.21630615640599002,0.14545454545454545,0.1724137931034483,0.281505728314239,0.1895734597156398,0.18074324324324326,0.22347266881028938,0.20711974110032363,0.15562403697996918,0.27993527508090615,0.06060606060606061,0.05271828665568369,0.24183006535947713,0.16611295681063123,0.11507293354943274,0.13964686998394862,0.15449915110356535,0.29124579124579125,0.15166666666666667,0.16940789473684212,0.2111111111111111,0.11981566820276497,0.09433962264150944,0.10210696920583469,0.20853080568720378,0.28115015974440893,0.12581699346405228,0.1797583081570997,0.1544461778471139,0.26572327044025157,0.24299065420560748,0.16211878009630817,0.3321616871704745,0.22150882825040127,0.2613065326633166,0.06732348111658457,0.12736660929432014,0.1299093655589124,0.05084745762711865,0.1348122866894198,0.15822784810126583,0.2231543624161074,0.252442996742671,0.2654424040066778,0.0663265306122449,0.12462908011869436,0.21661237785016288,0.24371069182389937,0.13286713286713286,0.1550632911392405,0.21487603305785125,0.20032051282051283,0.05704697986577181,0.32293291731669266,0.16912972085385877,0.1685761047463175,0.296551724137931,0.12202852614896989,0.20476190476190476,0.22982456140350876,0.09461663947797716,0.18927973199329984,0.2042360060514372,0.07956318252730109,0.04462809917355372,0.20642978003384094,0.224,0.026845637583892617,0.11059907834101383,0.1848341232227488,0.09090909090909091,0.09780775716694773,0.179080824088748,0.18225039619651348,0.16216216216216217,0.14358108108108109,0.06393442622950819,0.2528548123980424,0.23848684210526316,0.24371069182389937,0.10227272727272728,0.12439418416801293,0.10078740157480315,0.21746031746031746,0.16185897435897437,0.10981697171381032,0.19284603421461896,0.11073253833049404,0.16615384615384615,0.2686084142394822,0.07781456953642384,0.25752508361204013,0.23113964686998395,0.07142857142857142,0.1930379746835443,0.10961214165261383,0.14956521739130435,0.07631160572337042,0.1449511400651466,0.07272727272727272,0.1952755905511811,0.06112054329371817,0.0821917808219178,0.2182741116751269,0.36038961038961037,0.17700453857791226,0.15165876777251186,0.14086687306501547,0.11164274322169059,0.17647058823529413,0.2403846153846154,0.07881773399014778,0.08948194662480377,0.15228426395939088,0.16981132075471697,0.23809523809523808,0.08485856905158069,0.25870646766169153,0.05466237942122187,0.10149750415973377,0.174496644295302,0.17398945518453426,0.06984126984126984,0.17918088737201365,0.11239669421487604,0.15435139573070608,0.1774960380348653,0.1382636655948553,0.18882175226586104,0.14128440366972478,0.06774193548387097,0.11419249592169657,0.16013071895424835,0.058084772370486655,0.14310344827586208,0.16747967479674797,0.21875,0.14974182444061962,0.257001647446458,0.12762520193861066,0.15074626865671642,0.3014354066985646,0.04560810810810811,0.1822429906542056,0.24074074074074073,0.2260061919504644
2008,1,9,prevalence,0.2560777957860616,0.21786833855799373,0.2586490939044481,0.2627388535031847,0.2643856920684292,0.28110599078341014,0.2827476038338658,0.2685337726523888,0.17725752508361203,0.17275747508305647,0.3164128595600677,0.20465890183028287,0.19106317411402157,0.1974921630094044,0.2062992125984252,0.23300970873786409,0.07436708860759493,0.03198653198653199,0.060655737704918035,0.24655436447166923,0.18622848200312989,0.24212271973466004,0.18945634266886327,0.18592964824120603,0.06482982171799027,0.10606060606060606,0.33117932148626816,0.2645161290322581,0.21305841924398625,0.1157167530224525,0.27014218009478674,0.14426229508196722,0.2792207792207792,0.18518518518518517,0.0829103214890017,0.233387358184765,0.1272430668841762,0.1945288753799392,0.35443037974683544,0.2081377151799687,0.22240527182866557,0.12013536379018612,0.19333333333333333,0.1864406779661017,0.07849293563579278,0.1306532663316583,0.06478405315614617,0.13689482470784642,0.20777027027027026,0.17657657657657658,0.1092814371257485,0.09328968903436989,0.17565485362095531,0.0890302066772655,0.20926243567753003,0.13139931740614336,0.12195121951219512,0.25,0.16981132075471697,0.16470588235294117,0.19173553719008266,0.18451400329489293,0.11332312404287902,0.22006472491909385,0.07967479674796749,0.10180623973727422,0.25,0.11705685618729098,0.13522012578616352,0.10950080515297907,0.17166666666666666,0.22165820642978004,0.1073170731707317,0.15763546798029557,0.23633440514469453,0.1410459587955626,0.06750392464678179,0.0704,0.2527646129541864,0.22402597402597402,0.18092105263157895,0.1712962962962963,0.1265625,0.2476489028213166,0.17984496124031008,0.214170692431562,0.3315696649029982,0.176759410801964,0.24149108589951376,0.06354515050167224,0.07342657342657342,0.0950965824665676,0.0695364238410596,0.1013745704467354,0.17495987158908508,0.1848013816925734,0.2042833607907743,0.29296235679214405,0.08448275862068966,0.12259970457902511,0.17077175697865354,0.2516025641025641,0.08403361344537816,0.09569377990430622,0.17560975609756097,0.20739549839228297,0.025848142164781908,0.26373626373626374,0.13911620294599017,0.13449367088607594,0.27787307032590053,0.09888357256778309,0.1952755905511811,0.21805792163543442,0.0943089430894309,0.15151515151515152,0.17050691244239632,0.091324200913242,0.07482993197278912,0.14333333333333334,0.20970266040688576,0.06333333333333334,0.11419753086419752,0.1294851794071763,0.1156773211567732,0.14638157894736842,0.14397496087636932,0.19907407407407407,0.09437086092715231,0.09246575342465753,0.07679738562091504,0.22575516693163752,0.23063973063973064,0.18840579710144928,0.049019607843137254,0.12762520193861066,0.06821705426356589,0.2381679389312977,0.13228346456692913,0.08547008547008547,0.13458528951486698,0.11784511784511785,0.11544461778471139,0.31795716639209226,0.09852216748768473,0.2883031301482702,0.25728155339805825,0.08415841584158416,0.1889763779527559,0.16151202749140894,0.1141396933560477,0.08548387096774193,0.0946843853820598,0.057283142389525366,0.19561815336463223,0.04326123128119801,0.1,0.20729684908789386,0.2544,0.1796042617960426,0.11726384364820847,0.1203125,0.09646302250803858,0.21266233766233766,0.21197411003236247,0.09715242881072027,0.109375,0.13079470198675497,0.1,0.275,0.06654991243432574,0.237012987012987,0.06741573033707865,0.09165302782324058,0.16013071895424835,0.16552901023890784,0.048,0.1460101867572156,0.10097719869706841,0.1956882255389718,0.16584564860426929,0.17107309486780714,0.22256568778979907,0.1200750469043152,0.09554140127388536,0.1024793388429752,0.16611295681063123,0.0733652312599681,0.12413793103448276,0.12131147540983607,0.18425196850393702,0.09491525423728814,0.23240589198036007,0.10675039246467818,0.14680232558139536,0.16802610114192496,0.05631399317406143,0.1421875,0.2866779089376054,0.20245398773006135
2009,1,9,prevalence,0.24175824175824176,0.22535211267605634,0.2160392798690671,0.2835820895522388,0.1942675159235669,0.305993690851735,0.20033112582781457,0.2,0.16782006920415224,0.17470881863560733,0.288107202680067,0.2403846153846154,0.15053763440860216,0.127831715210356,0.17412140575079874,0.1737012987012987,0.10310965630114566,0.023923444976076555,0.07692307692307693,0.25987841945288753,0.20911949685534592,0.24292845257903495,0.23462783171521034,0.16557377049180327,0.06902356902356903,0.08163265306122448,0.1981279251170047,0.18646864686468648,0.2874354561101549,0.10873440285204991,0.3364341085271318,0.1480865224625624,0.2520458265139116,0.2365415986949429,0.10891089108910891,0.17391304347826086,0.18302828618968386,0.11969696969696969,0.2753623188405797,0.1865203761755486,0.12908496732026145,0.1342062193126023,0.13122923588039867,0.20655737704918034,0.11388455538221529,0.09640522875816994,0.08739495798319327,0.16666666666666666,0.14143094841930118,0.18166383701188454,0.0765625,0.11904761904761904,0.14634146341463414,0.09350237717908082,0.15345699831365936,0.16638935108153077,0.12012987012987013,0.224283305227656,0.1302250803858521,0.12887438825448613,0.173841059602649,0.22585924713584288,0.1276595744680851,0.17981072555205047,0.0768,0.11783960720130933,0.1967479674796748,0.10305958132045089,0.20545746388443017,0.09162717219589257,0.16887417218543047,0.13756613756613756,0.1362179487179487,0.1625207296849088,0.2098138747884941,0.1267605633802817,0.09350237717908082,0.07236842105263158,0.23868954758190328,0.2048780487804878,0.22129783693843594,0.1464968152866242,0.13846153846153847,0.2850539291217257,0.17452830188679244,0.15753424657534246,0.3374125874125874,0.19205298013245034,0.3042763157894737,0.07504078303425775,0.08947368421052632,0.13228346456692913,0.09780775716694773,0.10552763819095477,0.16019417475728157,0.1697792869269949,0.25728155339805825,0.2455573505654281,0.09215017064846416,0.125,0.13029315960912052,0.2836767036450079,0.09306260575296109,0.09259259259259259,0.12520868113522537,0.1392,0.04560260586319218,0.26424050632911394,0.10606060606060606,0.13195548489666137,0.3476027397260274,0.12361331220285261,0.17251908396946564,0.2093425605536332,0.09193548387096774,0.1127946127946128,0.17889908256880735,0.0804416403785489,0.10613598673300166,0.18760195758564438,0.2062015503875969,0.1064516129032258,0.1296875,0.10534591194968554,0.19055118110236222,0.25691056910569104,0.13157894736842105,0.1786833855799373,0.1297208538587849,0.09915966386554621,0.06984126984126984,0.19736842105263158,0.2904841402337229,0.14802631578947367,0.054276315789473686,0.16693679092382496,0.07511737089201878,0.15128593040847202,0.1482059282371295,0.10204081632653061,0.1435257410296412,0.13953488372093023,0.11827956989247312,0.25752508361204013,0.14285714285714285,0.2679738562091503,0.23274478330658105,0.1011608623548922,0.14992272024729522,0.21626297577854672,0.08278145695364239,0.12582781456953643,0.10214168039538715,0.056818181818181816,0.21935483870967742,0.06389776357827476,0.09181969949916527,0.2508250825082508,0.15251572327044025,0.22919937205651492,0.09967320261437909,0.10819165378670788,0.1365079365079365,0.20161290322580644,0.18167202572347266,0.11804384485666104,0.1143740340030912,0.10876623376623376,0.11075949367088607,0.22439024390243903,0.11336717428087986,0.2622673434856176,0.0959349593495935,0.11148086522462562,0.10638297872340426,0.16695059625212946,0.04669887278582931,0.11774461028192372,0.16071428571428573,0.238013698630137,0.14638157894736842,0.1634920634920635,0.1964856230031949,0.11559633027522936,0.11631663974151858,0.09904153354632587,0.16055846422338568,0.10743801652892562,0.08191126279863481,0.07603305785123966,0.13664596273291926,0.07625649913344887,0.16557377049180327,0.06623586429725363,0.20967741935483872,0.12841091492776885,0.07432432432432433,0.20382165605095542,0.2986348122866894,0.22054380664652568
2010,1,9,prevalence,0.21103896103896103,0.2304075235109718,0.18298555377207062,0.3576271186440678,0.17061611374407584,0.25040650406504067,0.2061328790459966,0.18298555377207062,0.20623916811091855,0.215210355987055,0.2730263157894737,0.2808988764044944,0.16314199395770393,0.14332247557003258,0.16614420062695925,0.1314935064935065,0.12561174551386622,0.04669887278582931,0.12106135986733002,0.16998468606431852,0.21036585365853658,0.1986863711001642,0.29401993355481726,0.12459546925566344,0.0865874363327674,0.10463121783876501,0.14330708661417324,0.21405750798722045,0.26666666666666666,0.12834224598930483,0.28095238095238095,0.11647254575707154,0.21710526315789475,0.2315112540192926,0.12116316639741519,0.19407894736842105,0.18959731543624161,0.1130952380952381,0.2300469483568075,0.22778675282714056,0.11842105263157894,0.16748768472906403,0.14518760195758565,0.19934640522875818,0.14149443561208266,0.1474164133738602,0.18686868686868688,0.16185897435897437,0.15953947368421054,0.19967266775777415,0.09472049689440994,0.14942528735632185,0.1099236641221374,0.08496732026143791,0.14802065404475043,0.17986798679867988,0.12355848434925865,0.2059800664451827,0.17504051863857376,0.12171052631578948,0.12046204620462046,0.1967479674796748,0.13975155279503104,0.18662519440124417,0.0755336617405583,0.1465076660988075,0.18241042345276873,0.12006578947368421,0.22607260726072606,0.151033386327504,0.19117647058823528,0.17301038062283736,0.1573926868044515,0.12458471760797342,0.21498371335504887,0.14471544715447154,0.10625,0.08153078202995008,0.2119815668202765,0.20673076923076922,0.22671353251318102,0.1850079744816587,0.12868217054263567,0.22981366459627328,0.1476725521669342,0.16095890410958905,0.25265017667844525,0.21035598705501618,0.2784184514003295,0.13166144200626959,0.12078152753108348,0.10393700787401575,0.15,0.10847457627118644,0.13658536585365855,0.16695652173913045,0.1751592356687898,0.23557692307692307,0.11604095563139932,0.10445468509984639,0.16279069767441862,0.2531847133757962,0.11544991511035653,0.10307692307692308,0.11129848229342328,0.16233766233766234,0.0929054054054054,0.21484992101105846,0.0946843853820598,0.14012738853503184,0.3445378151260504,0.1088646967340591,0.1996879875195008,0.25565217391304346,0.10628019323671498,0.1245674740484429,0.21019108280254778,0.10819672131147541,0.1306532663316583,0.18488745980707397,0.21656050955414013,0.22916666666666666,0.19805194805194806,0.17111459968602827,0.189873417721519,0.26910828025477707,0.1839258114374034,0.1872,0.22741935483870968,0.1335559265442404,0.10284810126582279,0.20330578512396694,0.2209106239460371,0.11773940345368916,0.060995184590690206,0.17637540453074432,0.109375,0.15789473684210525,0.11380880121396054,0.11301369863013698,0.14896988906497624,0.15359477124183007,0.15007656967840735,0.2524752475247525,0.19936204146730463,0.20299500831946754,0.2128,0.06621392190152801,0.15993788819875776,0.24027072758037224,0.08305647840531562,0.14403973509933773,0.15823817292006526,0.06796116504854369,0.18627450980392157,0.09569377990430622,0.11092436974789915,0.23841059602649006,0.13384615384615384,0.21996879875195008,0.12898089171974522,0.12841091492776885,0.08607198748043818,0.25,0.15614617940199335,0.1330049261083744,0.13270142180094788,0.0991869918699187,0.12096774193548387,0.22419354838709676,0.13986013986013987,0.27545909849749584,0.15973377703826955,0.12520593080724876,0.10967741935483871,0.24120603015075376,0.08881578947368421,0.12357723577235773,0.152276295133438,0.30329289428076256,0.18078175895765472,0.1338709677419355,0.19476268412438624,0.10622710622710622,0.19689119170984457,0.12841091492776885,0.18434782608695652,0.17363344051446947,0.08813559322033898,0.145,0.14037854889589904,0.07119205298013245,0.20234113712374582,0.08571428571428572,0.2011747430249633,0.0819935691318328,0.12773109243697478,0.20476190476190476,0.24242424242424243,0.23875968992248062
2011,1,9,prevalence,0.21939586645468998,0.2634069400630915,0.2911184210526316,0.30427350427350425,0.1640378548895899,0.21266233766233766,0.21963394342762063,0.1703125,0.23688663282571912,0.2545757071547421,0.332220367278798,0.2727272727272727,0.234375,0.15057283142389524,0.15085536547433903,0.12762520193861066,0.21844660194174756,0.054187192118226604,0.19805194805194806,0.1385083713850837,0.22,0.1488294314381271,0.33069620253164556,0.13162118780096307,0.16971713810316139,0.13464696223316913,0.1267387944358578,0.2480252764612954,0.2396551724137931,0.16550522648083624,0.25040650406504067,0.10963455149501661,0.17457627118644067,0.24920127795527156,0.1776,0.20361247947454844,0.15728476821192053,0.11094224924012158,0.2815384615384615,0.2137030995106036,0.17470881863560733,0.14521452145214522,0.20364238410596028,0.18831168831168832,0.21555915721231766,0.1546707503828484,0.3651050080775444,0.17384370015948963,0.26178861788617885,0.16912972085385877,0.10344827586206896,0.19611021069692058,0.10445468509984639,0.16585365853658537,0.15780445969125215,0.15771812080536912,0.12987012987012986,0.1977124183006536,0.19966996699669967,0.19778481012658228,0.11869918699186992,0.2532051282051282,0.16246056782334384,0.2015267175572519,0.1085899513776337,0.13866231647634583,0.22909698996655517,0.12183544303797468,0.25961538461538464,0.21677215189873417,0.2134646962233169,0.1875,0.17601246105919002,0.14754098360655737,0.21533442088091354,0.20228384991843393,0.20904836193447737,0.12562814070351758,0.1619190404797601,0.20485584218512898,0.198943661971831,0.22884012539184953,0.1735159817351598,0.1984375,0.16237942122186494,0.18620689655172415,0.2530329289428076,0.32792207792207795,0.2899022801302932,0.1691542288557214,0.153184165232358,0.11213517665130568,0.17725752508361203,0.14333333333333334,0.14309484193011648,0.22765598650927488,0.1952,0.2797427652733119,0.15702479338842976,0.13365539452495975,0.18093699515347333,0.2049306625577812,0.18274111675126903,0.12576687116564417,0.13162118780096307,0.16883116883116883,0.12773109243697478,0.12578616352201258,0.16666666666666666,0.15062111801242237,0.32491582491582494,0.10333863275039745,0.2387820512820513,0.27580372250423013,0.13776337115072934,0.15807560137457044,0.27586206896551724,0.1260096930533118,0.18962722852512157,0.17731629392971246,0.24390243902439024,0.31840796019900497,0.2257001647446458,0.2550231839258114,0.2332814930015552,0.2972536348949919,0.15625,0.21955128205128205,0.21359223300970873,0.19734660033167495,0.16613418530351437,0.25980392156862747,0.2687813021702838,0.10869565217391304,0.08688524590163935,0.144,0.22596153846153846,0.14599686028257458,0.1280120481927711,0.11235955056179775,0.23186119873817035,0.14545454545454545,0.1669316375198728,0.2840909090909091,0.2536115569823435,0.15447154471544716,0.22857142857142856,0.13157894736842105,0.13636363636363635,0.31438127090301005,0.152428810720268,0.1558872305140962,0.21926910299003322,0.14845024469820556,0.1804635761589404,0.14173228346456693,0.10465116279069768,0.20723684210526316,0.2774390243902439,0.26066350710900477,0.12261146496815287,0.13793103448275862,0.12222222222222222,0.23823975720789076,0.1880064829821718,0.17405582922824303,0.22347266881028938,0.11784511784511785,0.1841680129240711,0.1616,0.18782608695652173,0.3092105263157895,0.20918367346938777,0.2195945945945946,0.144,0.27008547008547007,0.13079470198675497,0.1841680129240711,0.15689381933438987,0.3079526226734349,0.17045454545454544,0.14217252396166133,0.2129783693843594,0.13074204946996468,0.19827586206896552,0.14218009478672985,0.20105820105820105,0.2953451043338684,0.1296928327645051,0.21635434412265758,0.1625,0.1354515050167224,0.21308724832214765,0.10862619808306709,0.21107784431137724,0.13268608414239483,0.17341977309562398,0.2147239263803681,0.2227891156462585,0.2601246105919003
2012,1,9,prevalence,0.24770642201834864,0.2610759493670886,0.2567783094098884,0.3524720893141946,0.22790697674418606,0.30974842767295596,0.24623115577889448,0.1867283950617284,0.2823529411764706,0.2841091492776886,0.35596026490066224,0.21009771986970685,0.262987012987013,0.265905383360522,0.20556414219474498,0.1331168831168831,0.36900958466453676,0.09195402298850575,0.25826771653543307,0.14837712519319937,0.25391849529780564,0.20166666666666666,0.35331230283911674,0.1696,0.33996683250414594,0.19808306709265175,0.19811320754716982,0.22345483359746435,0.2591943957968476,0.22036727879799667,0.30112721417069244,0.17207792207792208,0.1476510067114094,0.24509803921568626,0.2911392405063291,0.275974025974026,0.22098569157392686,0.15217391304347827,0.2037037037037037,0.24644549763033174,0.2355848434925865,0.18302828618968386,0.26904376012965964,0.2245557350565428,0.2529118136439268,0.23410852713178296,0.40729001584786056,0.1702127659574468,0.3520900321543408,0.2094488188976378,0.21314102564102563,0.24920127795527156,0.22503961965134706,0.34925864909390447,0.22296173044925124,0.25,0.22063492063492063,0.2603648424543947,0.26655629139072845,0.31968503937007875,0.14192495921696574,0.3189792663476874,0.14814814814814814,0.23932926829268292,0.17733990147783252,0.1782178217821782,0.21018062397372742,0.21428571428571427,0.28731942215088285,0.315955766192733,0.3103448275862069,0.21247892074198987,0.2608695652173913,0.19047619047619047,0.2368,0.20100502512562815,0.24082934609250398,0.16830065359477125,0.16512345679012347,0.24042879019908117,0.24486301369863014,0.25483870967741934,0.22003034901365706,0.2285276073619632,0.19604612850082373,0.25170068027210885,0.27938671209540034,0.27419354838709675,0.30198019801980197,0.25895765472312704,0.26758147512864494,0.19629057187017002,0.225,0.21300813008130082,0.15435139573070608,0.30236486486486486,0.2706645056726094,0.3258785942492013,0.22347266881028938,0.18627450980392157,0.23636363636363636,0.25117739403453687,0.21688741721854304,0.1808,0.1776,0.2845394736842105,0.18883415435139572,0.1411042944785276,0.3054662379421222,0.2006125574272588,0.24543946932006633,0.1634920634920635,0.3060897435897436,0.21217391304347827,0.1792,0.22937293729372937,0.2347266881028939,0.1822429906542056,0.2647527910685805,0.2267080745341615,0.297029702970297,0.34935897435897434,0.2568493150684932,0.3359621451104101,0.2566929133858268,0.2916666666666667,0.1926751592356688,0.17096774193548386,0.2972972972972973,0.24104234527687296,0.2389937106918239,0.2588996763754045,0.20559210526315788,0.19745222929936307,0.1525974025974026,0.19937694704049844,0.2857142857142857,0.2,0.17050691244239632,0.18309859154929578,0.28032786885245903,0.18870967741935485,0.1984126984126984,0.26788685524126454,0.33653846153846156,0.1955128205128205,0.27892234548335976,0.20578231292517007,0.1480891719745223,0.3905996758508914,0.1680129240710824,0.15097402597402598,0.2391304347826087,0.19256756756756757,0.22149837133550487,0.1838351822503962,0.1658206429780034,0.2480127186009539,0.2898773006134969,0.2570093457943925,0.24881141045958796,0.19376026272577998,0.14285714285714285,0.24492979719188768,0.2544,0.2137030995106036,0.22383252818035426,0.16464471403812825,0.3069620253164557,0.2684049079754601,0.2332761578044597,0.2184873949579832,0.2824302134646962,0.33056478405315615,0.16246056782334384,0.24268502581755594,0.23397435897435898,0.30708661417322836,0.21153846153846154,0.27563025210084036,0.22549019607843138,0.180623973727422,0.30413223140495865,0.22370617696160267,0.27474402730375425,0.25873015873015875,0.27538726333907054,0.3333333333333333,0.15619967793880837,0.3933884297520661,0.15664556962025317,0.23283082077051925,0.20812182741116753,0.22884012539184953,0.21947449768160743,0.18433931484502447,0.23529411764705882,0.29384615384615387,0.18883415435139572,0.30173775671406006
2013,1,9,prevalence,0.2515527950310559,0.25559105431309903,0.274294670846395,0.3779527559055118,0.3856920684292379,0.38006230529595014,0.23979591836734693,0.2054380664652568,0.324459234608985,0.2576489533011272,0.2731788079470199,0.2273476112026359,0.2676282051282051,0.4176372712146423,0.34202453987730064,0.2591362126245847,0.37735849056603776,0.1685761047463175,0.3484375,0.22981366459627328,0.25241157556270094,0.22961730449251247,0.3052959501557632,0.2448,0.38102893890675243,0.25559105431309903,0.23413897280966767,0.305111821086262,0.31542461005199307,0.3333333333333333,0.3270735524256651,0.2459016393442623,0.20819112627986347,0.3136,0.32263242375601925,0.2934609250398724,0.2616822429906542,0.1805111821086262,0.2642089093701997,0.28115015974440893,0.2899505766062603,0.22108843537414966,0.40549273021001614,0.309328968903437,0.2752902155887231,0.29606299212598425,0.3501577287066246,0.28019323671497587,0.36824877250409166,0.24050632911392406,0.2904761904761905,0.3234375,0.3110419906687403,0.3983606557377049,0.31605351170568563,0.288107202680067,0.3058252427184466,0.29833333333333334,0.30960264900662254,0.3958664546899841,0.17713365539452497,0.38388625592417064,0.19783616692426584,0.2865671641791045,0.2560777957860616,0.22632423756019263,0.22916666666666666,0.24183006535947713,0.3389830508474576,0.3207236842105263,0.35303265940902023,0.31869918699186994,0.27102803738317754,0.30201342281879195,0.24,0.22988505747126436,0.3505654281098546,0.2527646129541864,0.2570162481536189,0.24121405750798722,0.3132328308207705,0.2703583061889251,0.30983847283406757,0.3172302737520129,0.319672131147541,0.3101160862354892,0.2847571189279732,0.30952380952380953,0.23003194888178913,0.3127962085308057,0.3044189852700491,0.271875,0.25487012987012986,0.24297520661157024,0.24630541871921183,0.30082644628099175,0.26465927099841524,0.32965299684542587,0.26038338658146964,0.27823240589198034,0.2857142857142857,0.33386837881219905,0.2777777777777778,0.21815286624203822,0.2614173228346457,0.34039087947882735,0.27887788778877887,0.2377952755905512,0.2959349593495935,0.3353566009104704,0.26101141924959215,0.3092621664050236,0.34596375617792424,0.27121464226289516,0.2370486656200942,0.24552845528455283,0.2604501607717042,0.28346456692913385,0.28139904610492844,0.3543307086614173,0.2987012987012987,0.3036565977742448,0.3107638888888889,0.3524720893141946,0.29767441860465116,0.2496,0.21809369951534732,0.1942675159235669,0.3174872665534805,0.2520064205457464,0.2803149606299213,0.30128205128205127,0.25853658536585367,0.26744186046511625,0.2797427652733119,0.2909967845659164,0.3453355155482815,0.27531645569620256,0.22620904836193448,0.28659476117103233,0.3278955954323002,0.208398133748056,0.2987220447284345,0.265993265993266,0.40350877192982454,0.22870662460567823,0.3037156704361874,0.2440677966101695,0.21019108280254778,0.28794992175273865,0.22495894909688013,0.21710526315789475,0.30130293159609123,0.2964169381107492,0.20525451559934318,0.31155778894472363,0.22764227642276422,0.2903752039151713,0.3359253499222395,0.328525641025641,0.32854864433811803,0.30870279146141216,0.23717948717948717,0.30064308681672025,0.2778649921507064,0.3383838383838384,0.3295269168026101,0.23539518900343642,0.3867924528301887,0.2692889561270802,0.295221843003413,0.24378109452736318,0.3371710526315789,0.3422818791946309,0.2796875,0.3277870216306156,0.36303630363036304,0.395,0.2786624203821656,0.31871838111298484,0.3222591362126246,0.2479740680713128,0.25573770491803277,0.33164983164983164,0.3184931506849315,0.27488151658767773,0.3321976149914821,0.28739495798319326,0.30337078651685395,0.36187399030694667,0.1792452830188679,0.3101160862354892,0.23305785123966943,0.37596302003081666,0.3085271317829457,0.24958677685950414,0.2965964343598055,0.24726134585289514,0.24630541871921183,0.297427652733119
2014,1,9,prevalence,0.32565284178187404,0.2531847133757962,0.3890577507598784,0.33125,0.4354587869362364,0.3785488958990536,0.29152542372881357,0.2545180722891566,0.3648424543946932,0.3349282296650718,0.28431372549019607,0.2296416938110749,0.2802547770700637,0.3344155844155844,0.38565022421524664,0.2935153583617747,0.29876160990712075,0.3241491085899514,0.3766025641025641,0.2914653784219002,0.3046153846153846,0.3376413570274637,0.2536115569823435,0.35426731078904994,0.3248,0.33884297520661155,0.2484076433121019,0.2972536348949919,0.28448275862068967,0.30756578947368424,0.29635499207606975,0.2857142857142857,0.2547008547008547,0.2824675324675325,0.2716049382716049,0.2375601926163724,0.267515923566879,0.3249211356466877,0.30045523520485584,0.3262987012987013,0.26375404530744334,0.2852233676975945,0.41935483870967744,0.2914653784219002,0.3194675540765391,0.29383116883116883,0.29513343799058084,0.2627257799671593,0.32463295269168024,0.2620578778135048,0.3387358184764992,0.3253588516746411,0.3408,0.31527093596059114,0.3388704318936877,0.2606473594548552,0.37420382165605093,0.28477905073649756,0.2982758620689655,0.29923664122137406,0.28711256117455136,0.34094616639477976,0.2957074721780604,0.3347826086956522,0.32896890343698854,0.26038338658146964,0.2969004893964111,0.3328,0.26053042121684866,0.3327922077922078,0.30568356374807987,0.34591194968553457,0.305111821086262,0.3842364532019704,0.2712680577849117,0.24722662440570523,0.30448717948717946,0.35453100158982515,0.31755725190839695,0.2625,0.33225283630470015,0.2841269841269841,0.4145616641901932,0.3375594294770206,0.2972972972972973,0.3451178451178451,0.2561174551386623,0.2515923566878981,0.30258899676375406,0.33129770992366414,0.3278955954323002,0.30652503793626706,0.24919093851132687,0.21774193548387097,0.26903553299492383,0.3714759535655058,0.29337539432176657,0.2985781990521327,0.25796178343949044,0.30522765598650925,0.3300970873786408,0.24270353302611367,0.3305921052631579,0.25806451612903225,0.25948406676783003,0.3029801324503311,0.29042904290429045,0.3987538940809969,0.2621359223300971,0.38403614457831325,0.30130293159609123,0.28751974723538704,0.297427652733119,0.34308943089430893,0.31761006289308175,0.24722662440570523,0.3081967213114754,0.2904238618524333,0.34775641025641024,0.2879746835443038,0.34590163934426227,0.23444976076555024,0.3202054794520548,0.2708333333333333,0.3333333333333333,0.2365079365079365,0.2946859903381642,0.2754777070063694,0.3394648829431438,0.2870967741935484,0.2777777777777778,0.28807947019867547,0.35081967213114756,0.3021702838063439,0.4645799011532125,0.329635499207607,0.28125,0.279874213836478,0.22448979591836735,0.3521341463414634,0.3235772357723577,0.2823712948517941,0.3864734299516908,0.27168576104746317,0.26391096979332274,0.2900158478605388,0.32786885245901637,0.3217821782178218,0.27014218009478674,0.2837209302325581,0.21018062397372742,0.3011456628477905,0.30629139072847683,0.349025974025974,0.2857142857142857,0.39368770764119604,0.3338632750397456,0.27821939586645467,0.3203732503888025,0.30095541401273884,0.2540983606557377,0.31456953642384106,0.3046875,0.26127527216174184,0.272,0.3523489932885906,0.32305194805194803,0.29541595925297115,0.3858267716535433,0.31521739130434784,0.2998324958123953,0.24222585924713586,0.2932692307692308,0.31921824104234525,0.3166926677067083,0.35526315789473684,0.353870458135861,0.3371150729335494,0.2662337662337662,0.26475548060708265,0.29248366013071897,0.28525641025641024,0.30818619582664525,0.29373996789727125,0.2914572864321608,0.24405705229793978,0.28807947019867547,0.2783333333333333,0.3287037037037037,0.31170886075949367,0.2940251572327044,0.3864013266998342,0.31527093596059114,0.4231974921630094,0.29668674698795183,0.26621160409556316,0.32741935483870965,0.3742138364779874,0.2761437908496732,0.3102893890675241
2015,1,9,prevalence,0.35758513931888547,0.21144674085850557,0.28353658536585363,0.26456692913385826,0.32153846153846155,0.30873493975903615,0.33560477001703576,0.27472527472527475,0.36198347107438017,0.21035598705501618,0.3092621664050236,0.22294022617124395,0.20689655172413793,0.27288135593220336,0.3292307692307692,0.2348993288590604,0.2496124031007752,0.32148626817447495,0.36910569105691055,0.3142389525368249,0.2526964560862866,0.308562197092084,0.17092651757188498,0.24958677685950414,0.2647058823529412,0.271356783919598,0.20537124802527645,0.24796084828711257,0.342809364548495,0.284329563812601,0.28753993610223644,0.32733224222585927,0.2672413793103448,0.1968503937007874,0.2328125,0.24074074074074073,0.2315112540192926,0.3851132686084142,0.31711145996860285,0.22705314009661837,0.23548387096774193,0.30016863406408095,0.31150159744408945,0.22295081967213115,0.24448217317487267,0.22748815165876776,0.2370486656200942,0.20382165605095542,0.31687898089171973,0.2644757433489828,0.3579454253611557,0.25562700964630225,0.27936507936507937,0.21008403361344538,0.3118811881188119,0.27008547008547007,0.2620578778135048,0.22698412698412698,0.3086003372681282,0.17535545023696683,0.3397129186602871,0.2802547770700637,0.29187396351575456,0.3412112259970458,0.36688311688311687,0.25585284280936454,0.2936378466557912,0.2859375,0.1972049689440994,0.2504012841091493,0.18636363636363637,0.3312302839116719,0.22152886115444617,0.333889816360601,0.21011058451816747,0.16639477977161501,0.2512396694214876,0.34609250398724084,0.23773006134969324,0.23763955342902712,0.2868462757527734,0.1766612641815235,0.3357348703170029,0.28482003129890454,0.23310810810810811,0.2733224222585925,0.2864157119476268,0.1494435612082671,0.250814332247557,0.24610591900311526,0.23013245033112584,0.2220496894409938,0.20673076923076922,0.22617124394184168,0.2440677966101695,0.2684124386252046,0.2845659163987138,0.2468553459119497,0.2761904761904762,0.28885135135135137,0.2955271565495208,0.31681681681681684,0.3278955954323002,0.22380952380952382,0.25193199381761977,0.27813504823151125,0.2629032258064516,0.37037037037037035,0.24842767295597484,0.3231707317073171,0.27491961414790994,0.25842696629213485,0.24727838258164853,0.2541528239202658,0.25157232704402516,0.2141732283464567,0.37341772151898733,0.22347266881028938,0.2911392405063291,0.2411674347158218,0.2691029900332226,0.18009478672985782,0.24781849912739964,0.2943089430894309,0.27607361963190186,0.17755443886097153,0.3166397415185784,0.2784,0.22276422764227644,0.19934640522875818,0.21786833855799373,0.20603015075376885,0.28452579034941766,0.2948073701842546,0.4079601990049751,0.28264462809917357,0.22203389830508474,0.2727272727272727,0.24227642276422764,0.2677165354330709,0.23624595469255663,0.25846153846153846,0.2897350993377483,0.3071786310517529,0.26461038961038963,0.31629392971246006,0.3016393442622951,0.32131147540983607,0.28637059724349156,0.16978193146417445,0.21669341894060995,0.28833333333333333,0.20103092783505155,0.36046511627906974,0.29497568881685576,0.3611556982343499,0.29153605015673983,0.2957074721780604,0.22897196261682243,0.24294670846394983,0.2222222222222222,0.21176470588235294,0.28548644338118023,0.21495327102803738,0.19162640901771336,0.33389544688026984,0.20261437908496732,0.335016835016835,0.2945859872611465,0.22626582278481014,0.26101694915254237,0.24065040650406505,0.22929936305732485,0.28109854604200324,0.22492401215805471,0.2857142857142857,0.33860759493670883,0.28032786885245903,0.2391653290529695,0.25,0.1913477537437604,0.2956381260096931,0.300163132137031,0.26332288401253917,0.24870466321243523,0.21528861154446177,0.23205342237061768,0.23684210526315788,0.3003048780487805,0.3208137715179969,0.2689335394126739,0.3503289473684211,0.30578512396694213,0.33490566037735847,0.2248062015503876,0.21166666666666667,0.2689873417721519,0.30126182965299686,0.21815286624203822,0.23841059602649006
2016,1,9,prevalence,0.26555386949924126,0.22169059011164274,0.3287461773700306,0.22291993720565148,0.2639751552795031,0.26106870229007634,0.2727272727272727,0.20970266040688576,0.2562814070351759,0.19597989949748743,0.271875,0.2016,0.2,0.2601626016260163,0.24175824175824176,0.22772277227722773,0.229607250755287,0.2805872756933116,0.26570048309178745,0.29821717990275526,0.1622464898595944,0.24050632911392406,0.15748031496062992,0.22077922077922077,0.20066334991708126,0.2037037037037037,0.24651162790697675,0.22275641025641027,0.2945091514143095,0.2176,0.2578616352201258,0.2225859247135843,0.21768707482993196,0.20717781402936378,0.1557632398753894,0.1731748726655348,0.19722650231124808,0.3735725938009788,0.2755417956656347,0.22345483359746435,0.2483974358974359,0.20882852292020374,0.20376175548589343,0.13553719008264462,0.24829931972789115,0.17683881064162754,0.19903691813804172,0.18312101910828024,0.2957074721780604,0.1838905775075988,0.26375404530744334,0.1984126984126984,0.254746835443038,0.24959481361426256,0.27479674796747966,0.22837370242214533,0.20222929936305734,0.2084639498432602,0.2668918918918919,0.1822429906542056,0.32222222222222224,0.18441971383147854,0.17851239669421487,0.24774774774774774,0.2672,0.2614601018675722,0.3349282296650718,0.32526475037821484,0.12539184952978055,0.1896551724137931,0.178125,0.3126984126984127,0.2176,0.235,0.23161189358372458,0.1444805194805195,0.16034482758620688,0.24398073836276082,0.22981366459627328,0.2042483660130719,0.22770700636942676,0.21710526315789475,0.2704309063893016,0.212443095599393,0.21016949152542372,0.25368248772504093,0.2551834130781499,0.15445859872611464,0.26753670473083196,0.19781931464174454,0.15645161290322582,0.17246835443037975,0.16377952755905512,0.17683881064162754,0.2218370883882149,0.14123376623376624,0.2099533437013997,0.19642857142857142,0.18810289389067525,0.2530329289428076,0.25811688311688313,0.23318385650224216,0.24082934609250398,0.18153364632237873,0.23647604327666152,0.24311183144246354,0.20454545454545456,0.33124018838304553,0.23882896764252695,0.2043343653250774,0.28640776699029125,0.23747980613893377,0.23380726698262244,0.2340764331210191,0.1875993640699523,0.18935837245696402,0.3016129032258065,0.19224555735056542,0.17391304347826086,0.19753086419753085,0.16693944353518822,0.09584664536741214,0.2063758389261745,0.23615635179153094,0.18404907975460122,0.17845117845117844,0.27287319422150885,0.19968051118210864,0.1732283464566929,0.12903225806451613,0.1592356687898089,0.2563237774030354,0.17706576728499157,0.2193126022913257,0.29411764705882354,0.19833333333333333,0.20748299319727892,0.20632279534109818,0.23252032520325203,0.1867283950617284,0.1574539363484087,0.20030581039755352,0.1793570219966159,0.28760330578512394,0.2256,0.3374233128834356,0.2560386473429952,0.1757679180887372,0.2357473035439137,0.1561051004636785,0.16910569105691056,0.2370617696160267,0.18244406196213425,0.22899505766062603,0.2548076923076923,0.23885350318471338,0.208,0.2893081761006289,0.18478260869565216,0.17262830482115085,0.11627906976744186,0.20133111480865223,0.1782178217821782,0.1536050156739812,0.17683881064162754,0.2453781512605042,0.20465116279069767,0.2553542009884679,0.21669341894060995,0.20476190476190476,0.23769100169779286,0.1971153846153846,0.19778481012658228,0.2618296529968454,0.1796042617960426,0.24437299035369775,0.28434504792332266,0.2208,0.26058631921824105,0.19148936170212766,0.19148936170212766,0.252442996742671,0.27564102564102566,0.22699386503067484,0.1610738255033557,0.1484375,0.1964856230031949,0.1688963210702341,0.22188905547226387,0.19145569620253164,0.27892234548335976,0.22885572139303484,0.2366288492706645,0.24454828660436137,0.15714285714285714,0.28429752066115704,0.1822429906542056,0.2903752039151713,0.18064516129032257,0.20098846787479407
2017,1,9,prevalence,0.22291021671826625,0.20098846787479407,0.2787878787878788,0.24024960998439937,0.2379421221864952,0.21745788667687596,0.23,0.17452830188679244,0.21252059308072488,0.2025931928687196,0.2177293934681182,0.16455696202531644,0.13964686998394862,0.2087378640776699,0.19286871961102106,0.2222222222222222,0.15629742033383914,0.1833855799373041,0.18209876543209877,0.23754152823920266,0.125,0.15262321144674085,0.16589861751152074,0.15705128205128205,0.14355628058727568,0.14871794871794872,0.234472049689441,0.191869918699187,0.20627062706270627,0.17252396166134185,0.23909531502423265,0.16427432216905902,0.22016806722689075,0.15594855305466238,0.13476263399693722,0.14408233276157806,0.16279069767441862,0.23237179487179488,0.2091917591125198,0.176,0.18769716088328076,0.18430034129692832,0.18195956454121306,0.11488673139158576,0.19727891156462585,0.1382636655948553,0.13292117465224113,0.14308681672025725,0.24110032362459546,0.13914373088685014,0.15307820299500832,0.1421647819063005,0.19642857142857142,0.14992025518341306,0.22077922077922077,0.1799660441426146,0.14263565891472868,0.18167202572347266,0.18983050847457628,0.16282642089093702,0.23941368078175895,0.130298273155416,0.16751269035532995,0.18250377073906485,0.18677685950413223,0.19630872483221476,0.3057324840764331,0.2291350531107739,0.11180124223602485,0.1328,0.17674418604651163,0.2480252764612954,0.1782178217821782,0.16830065359477125,0.1527331189710611,0.13312202852614896,0.12714776632302405,0.17326732673267325,0.17582417582417584,0.16828478964401294,0.18985270049099837,0.1872,0.19593613933236576,0.17214397496087636,0.1973018549747049,0.19286871961102106,0.19936204146730463,0.11446740858505565,0.21661237785016288,0.153125,0.12264150943396226,0.15055467511885895,0.10912052117263844,0.13846153846153847,0.17918088737201365,0.11006289308176101,0.18009478672985782,0.1734860883797054,0.1111111111111111,0.1952054794520548,0.21935483870967742,0.18562874251497005,0.12164296998420221,0.14040561622464898,0.18181818181818182,0.1728,0.17569786535303777,0.24486571879936808,0.1540880503144654,0.15552099533437014,0.24271844660194175,0.1454248366013072,0.2099533437013997,0.16853932584269662,0.1444805194805195,0.18125,0.23417721518987342,0.14918032786885246,0.10158730158730159,0.16153846153846155,0.13590604026845637,0.06359300476947535,0.16946308724832215,0.2042483660130719,0.17034700315457413,0.14334470989761092,0.1620745542949757,0.14634146341463414,0.1695447409733124,0.10339256865912763,0.1343042071197411,0.18524871355060035,0.13833333333333334,0.19682539682539682,0.19934640522875818,0.15702479338842976,0.1635434412265758,0.17529215358931552,0.17520661157024794,0.14307692307692307,0.13245033112582782,0.18125960061443933,0.12376237623762376,0.24630541871921183,0.18022328548644337,0.2515432098765432,0.2523809523809524,0.15666666666666668,0.14733542319749215,0.14307692307692307,0.12624584717607973,0.19327731092436976,0.18088737201365188,0.20066334991708126,0.1696,0.16478190630048464,0.13070866141732285,0.2476340694006309,0.16380655226209048,0.17709923664122137,0.0912106135986733,0.17081260364842454,0.16803953871499178,0.11919504643962849,0.1467304625199362,0.15577889447236182,0.17236024844720496,0.18448275862068966,0.14098360655737704,0.1702127659574468,0.21943048576214405,0.1407528641571195,0.16155088852988692,0.1642512077294686,0.12985074626865672,0.23127035830618892,0.20516962843295639,0.2070063694267516,0.2036727879799666,0.17362270450751252,0.15559157212317667,0.19554848966613672,0.20261437908496732,0.145985401459854,0.10264900662251655,0.12939297124600638,0.19462025316455697,0.14169381107491857,0.18115942028985507,0.14873417721518986,0.18856259659969088,0.18057921635434412,0.1832797427652733,0.16429699842022116,0.11305732484076433,0.2193126022913257,0.1386748844375963,0.23577235772357724,0.15527950310559005,0.16440677966101694
2018,1,9,prevalence,0.17784711388455537,0.1634304207119741,0.2458521870286576,0.184375,0.22039473684210525,0.16338880484114976,0.17828200972447325,0.15336463223787167,0.1941747572815534,0.14992025518341306,0.1750788643533123,0.16996699669966997,0.09018987341772151,0.15445859872611464,0.15024232633279483,0.16830065359477125,0.11042944785276074,0.14376996805111822,0.12903225806451613,0.21983471074380165,0.11145996860282574,0.14402618657937807,0.13363363363363365,0.11128775834658187,0.12721417069243157,0.13527397260273974,0.22685185185185186,0.2197092084006462,0.16198347107438016,0.13636363636363635,0.21587301587301588,0.1056,0.21794871794871795,0.11396468699839486,0.0984375,0.11794871794871795,0.15372670807453417,0.1776,0.20537124802527645,0.12101910828025478,0.16043613707165108,0.14858096828046743,0.14570552147239263,0.09333333333333334,0.12903225806451613,0.13934426229508196,0.13169984686064318,0.1403225806451613,0.22096774193548388,0.13578274760383385,0.16749585406301823,0.09787928221859707,0.13170731707317074,0.13078149920255183,0.17936507936507937,0.1416382252559727,0.11455108359133127,0.1910828025477707,0.17200674536256325,0.11059907834101383,0.1722488038277512,0.1143740340030912,0.17970049916805325,0.13088235294117648,0.14590163934426228,0.15166666666666667,0.2631578947368421,0.20411392405063292,0.08689024390243902,0.08955223880597014,0.17001545595054096,0.2106060606060606,0.12561174551386622,0.1347068145800317,0.13001605136436598,0.09415584415584416,0.1272430668841762,0.14453781512605043,0.16719745222929935,0.15614617940199335,0.15650741350906094,0.1757188498402556,0.1488095238095238,0.14195583596214512,0.13162393162393163,0.1787974683544304,0.21138211382113822,0.07919254658385093,0.2,0.10220125786163523,0.09662576687116564,0.15384615384615385,0.11605723370429252,0.12121212121212122,0.15371621621621623,0.09872611464968153,0.15396825396825398,0.15081967213114755,0.0853462157809984,0.15870307167235495,0.17017828200972449,0.15853658536585366,0.09446254071661238,0.13141025641025642,0.16272189349112426,0.16666666666666666,0.12357723577235773,0.18298555377207062,0.12861736334405144,0.1060126582278481,0.19543973941368079,0.1136,0.19003115264797507,0.165625,0.10677966101694915,0.1347068145800317,0.17857142857142858,0.125,0.0861244019138756,0.15079365079365079,0.13833333333333334,0.05845181674565561,0.115,0.17073170731707318,0.1368421052631579,0.1134020618556701,0.12438625204582651,0.10829103214890017,0.14814814814814814,0.08731466227347612,0.13170731707317074,0.15993265993265993,0.15833333333333333,0.16560509554140126,0.14935064935064934,0.11129568106312292,0.14482758620689656,0.1323529411764706,0.15181518151815182,0.1281645569620253,0.1092436974789916,0.14012738853503184,0.08774834437086093,0.2081377151799687,0.1343042071197411,0.19062027231467474,0.21428571428571427,0.12315270935960591,0.11755233494363929,0.1205564142194745,0.12478920741989882,0.15754560530679934,0.1870748299319728,0.15171288743882544,0.15517241379310345,0.12727272727272726,0.09863429438543247,0.18691588785046728,0.13374805598755832,0.1448170731707317,0.08235294117647059,0.11647254575707154,0.12641815235008103,0.11488673139158576,0.11661341853035144,0.13636363636363635,0.151033386327504,0.14010507880910683,0.11461794019933555,0.11290322580645161,0.17857142857142858,0.11525974025974026,0.1501597444089457,0.14599686028257458,0.1373134328358209,0.1847649918962723,0.16006600660066006,0.18330605564648117,0.18043844856661045,0.15754560530679934,0.13866231647634583,0.14645669291338584,0.16883116883116883,0.10835913312693499,0.07704918032786885,0.10344827586206896,0.1527777777777778,0.11276948590381426,0.14601769911504425,0.10501567398119123,0.14883720930232558,0.12521150592216582,0.13911620294599017,0.11442006269592477,0.10702875399361023,0.17781402936378465,0.11864406779661017,0.19047619047619047,0.1390625,0.12984822934232715
2019,1,9,prevalence,0.1439509954058193,0.14539579967689822,0.20485584218512898,0.14984709480122324,0.17944535073409462,0.14583333333333334,0.16559485530546625,0.15689381933438987,0.16366612111292964,0.14968152866242038,0.141321044546851,0.16583747927031509,0.08737864077669903,0.13658536585365855,0.12359550561797752,0.1388888888888889,0.09480122324159021,0.1365079365079365,0.1130030959752322,0.1625615763546798,0.0928,0.1527331189710611,0.11213517665130568,0.0914826498422713,0.12903225806451613,0.09717314487632508,0.15994020926756353,0.19471947194719472,0.07470288624787776,0.11642743221690591,0.18078175895765472,0.09018987341772151,0.19709208400646203,0.11774193548387096,0.09365079365079365,0.1,0.12844036697247707,0.1532258064516129,0.16558441558441558,0.11128775834658187,0.13522012578616352,0.09427609427609428,0.13871951219512196,0.08702791461412152,0.10286677908937605,0.1273344651952462,0.11424100156494522,0.1266233766233766,0.1865546218487395,0.11414790996784566,0.16026711185308848,0.06918238993710692,0.11234177215189874,0.10355987055016182,0.1544461778471139,0.1356521739130435,0.1004566210045662,0.1532258064516129,0.16034482758620688,0.1,0.14603174603174604,0.09250398724082935,0.13355048859934854,0.10526315789473684,0.11513157894736842,0.11764705882352941,0.20095693779904306,0.17165354330708663,0.07772795216741404,0.07907742998352553,0.13260530421216848,0.1926605504587156,0.1485148514851485,0.12322274881516587,0.134375,0.09697933227344992,0.11813643926788686,0.13139931740614336,0.1578125,0.14072847682119205,0.13258785942492013,0.16260162601626016,0.13043478260869565,0.12903225806451613,0.10829103214890017,0.1443932411674347,0.18867924528301888,0.06962025316455696,0.16831683168316833,0.08716323296354993,0.1059001512859304,0.11831442463533225,0.0959119496855346,0.10289389067524116,0.1174496644295302,0.08540372670807453,0.141287284144427,0.1371900826446281,0.07479674796747968,0.1691542288557214,0.14606741573033707,0.12868217054263567,0.07504078303425775,0.10828025477707007,0.14457831325301204,0.17017828200972449,0.10323574730354391,0.14832535885167464,0.10631741140215717,0.09419152276295134,0.1769352290679305,0.10423452768729642,0.14756671899529042,0.15179968701095461,0.09897610921501707,0.11987381703470032,0.16012558869701726,0.09046849757673667,0.07890499194847021,0.13322884012539185,0.15728476821192053,0.04241435562805873,0.10950080515297907,0.1332263242375602,0.10906298003072197,0.0975609756097561,0.10658307210031348,0.088379705400982,0.12888198757763975,0.09719934102141681,0.09667194928684628,0.13976705490848584,0.12582781456953643,0.11812297734627832,0.11148648648648649,0.09563758389261745,0.12323943661971831,0.1271585557299843,0.1314475873544093,0.11525974025974026,0.11986863711001643,0.115625,0.06965174129353234,0.18314424635332252,0.11935483870967742,0.1580547112462006,0.17517006802721088,0.09838709677419355,0.11235955056179775,0.09907120743034056,0.11129848229342328,0.1342062193126023,0.1551433389544688,0.1309148264984227,0.1392,0.12417218543046357,0.10324483775811209,0.1724137931034483,0.12038523274478331,0.12442396313364056,0.06867671691792294,0.10355987055016182,0.10726072607260725,0.09650582362728785,0.08634222919937205,0.1072,0.11251980982567353,0.12173913043478261,0.10084033613445378,0.10815307820299501,0.12562814070351758,0.09693053311793215,0.11975116640746501,0.1098546042003231,0.09419152276295134,0.16229508196721312,0.10016155088852989,0.17922948073701842,0.152317880794702,0.13036303630363036,0.14262295081967213,0.12168486739469579,0.14653784219001612,0.09118086696562033,0.07729468599033816,0.10147299509001637,0.1406003159557662,0.09197324414715718,0.13996889580093314,0.07667731629392971,0.11332312404287902,0.09491525423728814,0.12300319488817892,0.0880503144654088,0.1050080775444265,0.16293929712460065,0.09501557632398754,0.16720257234726688,0.12698412698412698,0.10033444816053512
2020,1,9,prevalence,0.12012480499219969,0.11594202898550725,0.17754172989377845,0.13446676970633695,0.15171288743882544,0.12804878048780488,0.13136288998357964,0.12359550561797752,0.14309484193011648,0.12460567823343849,0.12310030395136778,0.13700787401574804,0.08585055643879173,0.11092985318107668,0.09859154929577464,0.12395309882747069,0.08150470219435736,0.10124610591900311,0.09033280507131537,0.131175468483816,0.09394904458598727,0.12379421221864952,0.11216429699842022,0.07898894154818326,0.11290322580645161,0.08084358523725835,0.14285714285714285,0.17355371900826447,0.06633499170812604,0.09609120521172639,0.1444805194805195,0.09763779527559055,0.1777059773828756,0.0970873786407767,0.07903225806451612,0.09075043630017451,0.10939907550077041,0.13578274760383385,0.13468013468013468,0.09936908517350158,0.11419753086419752,0.05843071786310518,0.11711711711711711,0.07370184254606366,0.08415841584158416,0.14261744966442952,0.13365539452495975,0.1056782334384858,0.15485996705107083,0.09968354430379747,0.13213703099510604,0.06581059390048154,0.10618066561014262,0.09309791332263243,0.14761904761904762,0.1292517006802721,0.09627329192546584,0.12460063897763578,0.12773109243697478,0.09472049689440994,0.1179245283018868,0.07754442649434572,0.11056910569105691,0.07728706624605679,0.08524590163934426,0.10413223140495868,0.1659056316590563,0.125,0.06966618287373004,0.04918032786885246,0.12006079027355623,0.15772870662460567,0.10981697171381032,0.10737179487179487,0.1189358372456964,0.10569105691056911,0.10603588907014681,0.0899830220713073,0.13740458015267176,0.14834205933682373,0.11968503937007874,0.14759535655058043,0.10319767441860465,0.11507293354943274,0.09948542024013722,0.1191553544494721,0.16118935837245696,0.06436420722135008,0.15577889447236182,0.07550077041602465,0.09494640122511486,0.1254125412541254,0.10031347962382445,0.10420168067226891,0.0903010033444816,0.07777777777777778,0.12,0.11736334405144695,0.07119205298013245,0.12666666666666668,0.12229102167182662,0.11867088607594936,0.06478405315614617,0.0966183574879227,0.1482059282371295,0.14873417721518986,0.08461538461538462,0.11163522012578617,0.0848,0.08517350157728706,0.17452830188679244,0.08852459016393442,0.12974683544303797,0.1321656050955414,0.07796610169491526,0.0953125,0.1232,0.08186195826645265,0.0749185667752443,0.10923076923076923,0.1323283082077052,0.05501618122977346,0.08850931677018634,0.10897435897435898,0.09021406727828746,0.07610619469026549,0.08717105263157894,0.0766721044045677,0.1331168831168831,0.09046849757673667,0.10305958132045089,0.11872909698996656,0.1045531197301855,0.12234910277324633,0.0861244019138756,0.09246575342465753,0.1097770154373928,0.13385826771653545,0.10666666666666667,0.09800664451827243,0.10034013605442177,0.09828393135725429,0.06456953642384106,0.1484375,0.09967845659163987,0.13161875945537066,0.14795918367346939,0.08121019108280254,0.10855263157894737,0.08307210031347963,0.09060402684563758,0.13343799058084774,0.11754966887417219,0.10766721044045677,0.12599681020733652,0.08862876254180602,0.10778443113772455,0.14329268292682926,0.10965630114566285,0.11128526645768025,0.059726962457337884,0.10702875399361023,0.08623548922056384,0.08673469387755102,0.07580645161290323,0.09822866344605476,0.11961722488038277,0.10068259385665529,0.0847750865051903,0.0910569105691057,0.10338983050847457,0.09090909090909091,0.10687022900763359,0.0967741935483871,0.09494640122511486,0.16447368421052633,0.08280254777070063,0.1423841059602649,0.13810316139767054,0.1040650406504065,0.10737179487179487,0.09859154929577464,0.134185303514377,0.0889894419306184,0.09178743961352658,0.08783783783783784,0.11428571428571428,0.08562197092084006,0.12324492979719189,0.06554878048780488,0.11210762331838565,0.0805921052631579,0.11400651465798045,0.06396255850234009,0.09090909090909091,0.14467408585055644,0.078003120124805,0.14049586776859505,0.1021671826625387,0.08695652173913043
2021,1,9,prevalence,0.096,0.09787928221859707,0.1563467492260062,0.11217948717948718,0.13445378151260504,0.11006289308176101,0.11419249592169657,0.1070840197693575,0.11544715447154472,0.09090909090909091,0.10819165378670788,0.1238390092879257,0.08497723823975721,0.09539473684210527,0.09636650868878358,0.1040268456375839,0.08803986710963455,0.08133971291866028,0.0762987012987013,0.10810810810810811,0.08372827804107424,0.09328968903436989,0.09259259259259259,0.07418856259659969,0.09283387622149837,0.07291666666666667,0.12852664576802508,0.1477832512315271,0.05263157894736842,0.08025682182985554,0.11363636363636363,0.08292682926829269,0.1449511400651466,0.08346456692913386,0.0784,0.09743589743589744,0.0926517571884984,0.10987261146496816,0.1127946127946128,0.08874801901743265,0.09779179810725552,0.07166666666666667,0.10044977511244378,0.059130434782608696,0.07154213036565978,0.12359550561797752,0.13893376413570274,0.107981220657277,0.14192495921696574,0.07936507936507936,0.12355848434925865,0.05490848585690516,0.09815950920245399,0.07605177993527508,0.1270358306188925,0.09427609427609428,0.0770440251572327,0.10383386581469649,0.11734693877551021,0.07882534775888717,0.09953343701399689,0.06359300476947535,0.09256198347107437,0.0670926517571885,0.08253968253968254,0.10894308943089431,0.1336405529953917,0.10708661417322834,0.05646359583952452,0.045454545454545456,0.10120845921450151,0.1277602523659306,0.1135593220338983,0.09983361064891846,0.1045958795562599,0.10048622366288493,0.11550632911392406,0.07679465776293823,0.13137557959814528,0.11433447098976109,0.10062893081761007,0.12582781456953643,0.08393632416787265,0.09359605911330049,0.08391608391608392,0.09523809523809523,0.13312202852614896,0.05055292259083728,0.13861386138613863,0.09667194928684628,0.10641627543035993,0.11908646003262642,0.10381679389312977,0.07941653160453808,0.0711864406779661,0.07717041800643087,0.08846761453396525,0.10128617363344052,0.06135986733001658,0.10726072607260725,0.10534591194968554,0.09667194928684628,0.0532258064516129,0.08948194662480377,0.12913385826771653,0.12082670906200318,0.07153965785381027,0.09090909090909091,0.07053291536050156,0.06200317965023847,0.13029315960912052,0.07601351351351351,0.1167192429022082,0.11446740858505565,0.0663265306122449,0.0794392523364486,0.09935897435897435,0.05813953488372093,0.06856187290969899,0.0987460815047022,0.105,0.05704697986577181,0.07165109034267912,0.08752025931928688,0.08748114630467571,0.06086956521739131,0.07154471544715447,0.06435643564356436,0.11414790996784566,0.07407407407407407,0.09531502423263329,0.1044776119402985,0.1095890410958904,0.10443037974683544,0.08387096774193549,0.07263513513513513,0.09417808219178082,0.11164274322169059,0.09508196721311475,0.09246575342465753,0.08709677419354839,0.0794912559618442,0.059900166389351084,0.12678288431061807,0.07779578606158834,0.10909090909090909,0.11544991511035653,0.07476635514018691,0.09900990099009901,0.0744336569579288,0.06825938566552901,0.10584518167456557,0.10378912685337727,0.09627329192546584,0.10517799352750809,0.08305084745762711,0.09188361408882083,0.10835913312693499,0.08681672025723473,0.09744408945686901,0.07849829351535836,0.08828250401284109,0.06976744186046512,0.07960199004975124,0.058823529411764705,0.08227848101265822,0.10138248847926268,0.09075342465753425,0.08156028368794327,0.07082630691399663,0.07601351351351351,0.08441558441558442,0.10566615620214395,0.07852564102564102,0.0778816199376947,0.11867088607594936,0.07234726688102894,0.11774461028192372,0.10965630114566285,0.09090909090909091,0.09268292682926829,0.07424960505529225,0.09508196721311475,0.07280832095096583,0.08452950558213716,0.07666098807495741,0.09287925696594428,0.08493589743589744,0.09682539682539683,0.059748427672955975,0.1002906976744186,0.07729468599033816,0.0924092409240924,0.05672609400324149,0.07085346215780998,0.12149532710280374,0.054140127388535034,0.12687813021702837,0.09276729559748427,0.06698564593301436
2022,1,9,prevalence,0.07582938388625593,0.07603305785123966,0.121875,0.08943089430894309,0.11754966887417219,0.09004739336492891,0.1296,0.08466453674121406,0.09177215189873418,0.0752,0.08878504672897196,0.13834586466165413,0.12443778110944528,0.07532051282051282,0.08441558441558442,0.0943089430894309,0.08346972176759411,0.06615384615384616,0.05598755832037325,0.087248322147651,0.09433962264150944,0.10067114093959731,0.0787037037037037,0.06875,0.07436708860759493,0.08333333333333333,0.1413373860182371,0.11587301587301588,0.09666666666666666,0.0688,0.08870967741935484,0.10702875399361023,0.12116316639741519,0.0608,0.08306709265175719,0.0913978494623656,0.08571428571428572,0.10361067503924647,0.09563758389261745,0.07395993836671803,0.08787878787878788,0.07321131447587355,0.10471976401179942,0.04974271012006861,0.06037151702786378,0.10681114551083591,0.17111459968602827,0.1076923076923077,0.12520593080724876,0.06528662420382166,0.1053484602917342,0.044850498338870434,0.13228346456692913,0.06109324758842444,0.11419249592169657,0.09900990099009901,0.05826771653543307,0.08874801901743265,0.10034013605442177,0.08653846153846154,0.08414239482200647,0.06050955414012739,0.07590759075907591,0.054098360655737705,0.0755336617405583,0.11428571428571428,0.12006079027355623,0.09569377990430622,0.07738998482549317,0.04552590266875981,0.09147286821705426,0.1069182389937107,0.11917098445595854,0.08652246256239601,0.10366826156299841,0.09394904458598727,0.11182108626198083,0.06506849315068493,0.115625,0.10596026490066225,0.07911392405063292,0.10118043844856661,0.06896551724137931,0.08401976935749589,0.06818181818181818,0.07834101382488479,0.11472868217054263,0.0397456279809221,0.10894308943089431,0.1064516129032258,0.10333863275039745,0.11038961038961038,0.1178343949044586,0.06514657980456026,0.0535405872193437,0.08306188925081433,0.07419354838709677,0.08752025931928688,0.0664451827242525,0.07605177993527508,0.0926517571884984,0.07680722891566265,0.04854368932038835,0.08031496062992126,0.11442006269592477,0.13015873015873017,0.06299212598425197,0.08095238095238096,0.059006211180124224,0.04636785162287481,0.10256410256410256,0.06587837837837837,0.09831029185867896,0.10049423393739704,0.0782608695652174,0.08681672025723473,0.07504078303425775,0.046511627906976744,0.04584040747028863,0.08372827804107424,0.0773109243697479,0.10264900662251655,0.057722308892355696,0.07728706624605679,0.06880733944954129,0.05102040816326531,0.05177993527508091,0.04426229508196721,0.12579617834394904,0.07431340872374798,0.08945686900958466,0.07881773399014778,0.1157167530224525,0.08412698412698413,0.06655844155844155,0.06341463414634146,0.07885906040268456,0.11698717948717949,0.11201298701298701,0.0858085808580858,0.09225700164744646,0.06379585326953748,0.050590219224283306,0.1059190031152648,0.10016155088852989,0.10122699386503067,0.08264462809917356,0.07570977917981073,0.1018363939899833,0.06907894736842106,0.0688,0.0953125,0.0749185667752443,0.09276729559748427,0.09120521172638436,0.07603305785123966,0.07582938388625593,0.09428129829984544,0.08099173553719008,0.11093247588424437,0.07094594594594594,0.07643312101910828,0.07191780821917808,0.07952622673434856,0.05180533751962323,0.07165109034267912,0.09320695102685624,0.07251264755480608,0.05799648506151142,0.052100840336134456,0.061258278145695365,0.11129296235679215,0.0966183574879227,0.0660377358490566,0.06055900621118013,0.09569377990430622,0.06320907617504051,0.0915032679738562,0.08744038155802862,0.07142857142857142,0.08852459016393442,0.0707395498392283,0.08292682926829269,0.06033182503770739,0.08589951377633712,0.06518010291595197,0.0837138508371385,0.07154213036565978,0.08268330733229329,0.04113924050632911,0.10245310245310245,0.08415841584158416,0.07846410684474124,0.03889789303079417,0.05492730210016155,0.10664605873261206,0.03668261562998405,0.10810810810810811,0.0724191063174114,0.058823529411764705
2023,1,9,prevalence,0.04892966360856269,0.05741626794258373,0.08752025931928688,0.07475083056478406,0.09401709401709402,0.061806656101426306,0.22503961965134706,0.10534591194968554,0.06593406593406594,0.058637083993660855,0.07186544342507645,0.20059435364041606,0.15765765765765766,0.05324459234608985,0.06301824212271974,0.0873015873015873,0.11682242990654206,0.052132701421800945,0.04434250764525994,0.06341463414634146,0.14308943089430895,0.10623946037099494,0.06706408345752608,0.0671875,0.0630048465266559,0.08080808080808081,0.21148036253776434,0.15555555555555556,0.13643926788685523,0.05426356589147287,0.06924315619967794,0.16693679092382496,0.0976,0.04983922829581994,0.1104,0.10676156583629894,0.09457364341085271,0.0970873786407767,0.06965174129353234,0.065625,0.06790123456790123,0.10166666666666667,0.14637904468412943,0.04040404040404041,0.052969502407704656,0.12202380952380952,0.24454828660436137,0.0973724884080371,0.21311475409836064,0.050473186119873815,0.09951060358890701,0.03398058252427184,0.28417818740399386,0.05,0.10147299509001637,0.11942675159235669,0.05128205128205128,0.059870550161812294,0.07321131447587355,0.09508716323296355,0.06462035541195477,0.0900763358778626,0.0583596214511041,0.05281090289608177,0.07967479674796749,0.11525974025974026,0.12667660208643816,0.1447587354409318,0.11544227886056972,0.05910543130990415,0.0761904761904762,0.08860759493670886,0.13827993254637436,0.07666098807495741,0.09359605911330049,0.15224358974358973,0.11308562197092084,0.06217616580310881,0.16539050535987748,0.13696369636963696,0.04866562009419152,0.08877721943048576,0.048411497730711045,0.0594059405940594,0.060034305317324184,0.061633281972265024,0.08268330733229329,0.028526148969889066,0.11842105263157894,0.15934959349593497,0.10188087774294671,0.1070840197693575,0.12962962962962962,0.047775947281713346,0.04054054054054054,0.11755233494363929,0.0592,0.06902086677367576,0.08538587848932677,0.06190476190476191,0.07849293563579278,0.06172839506172839,0.031825795644891124,0.0804416403785489,0.12145110410094637,0.19230769230769232,0.04503105590062112,0.06842923794712286,0.03834355828220859,0.040498442367601244,0.083596214511041,0.04882154882154882,0.08242612752721618,0.0775716694772344,0.11129848229342328,0.1610305958132045,0.061258278145695365,0.029556650246305417,0.030560271646859084,0.06027820710973725,0.06554621848739496,0.19704433497536947,0.04381846635367762,0.0576,0.06125574272588055,0.031932773109243695,0.03542673107890499,0.032423208191126277,0.16483516483516483,0.10518053375196232,0.12459546925566344,0.06799336650082918,0.13582342954159593,0.0782472613458529,0.054635761589403975,0.04674457429048414,0.07401315789473684,0.1967741935483871,0.13843648208469056,0.07907742998352553,0.08970099667774087,0.04874213836477988,0.039383561643835614,0.0819935691318328,0.1157556270096463,0.08054711246200608,0.07352941176470588,0.08411214953271028,0.10596026490066225,0.046511627906976744,0.08090614886731391,0.07911392405063292,0.05422647527910686,0.0932475884244373,0.08053691275167785,0.07742998352553541,0.06836248012718601,0.07472178060413355,0.06935483870967742,0.13853503184713375,0.1378737541528239,0.0547112462006079,0.05378151260504202,0.09215017064846416,0.03912363067292645,0.05221518987341772,0.0680379746835443,0.054982817869415807,0.04377104377104377,0.04,0.05263157894736842,0.2958677685950413,0.09016393442622951,0.050473186119873815,0.058637083993660855,0.07258064516129033,0.0499194847020934,0.07804878048780488,0.07017543859649122,0.0453781512605042,0.08652246256239601,0.045234248788368334,0.060655737704918035,0.061746987951807226,0.13517915309446255,0.050434782608695654,0.06706408345752608,0.07269789983844911,0.06825396825396825,0.03204047217537943,0.13682678311499272,0.14754098360655737,0.06418918918918919,0.03678929765886288,0.047021943573667714,0.091324200913242,0.02875399361022364,0.16282894736842105,0.05657492354740061,0.04006410256410257
2024,1,9,prevalence,0.03048780487804878,0.038338658146964855,0.06612903225806452,0.04991680532445923,0.047619047619047616,0.05065359477124183,0.31504702194357365,0.08647798742138364,0.046875,0.04552590266875981,0.0464,0.23030303030303031,0.24269005847953215,0.036303630363036306,0.0492845786963434,0.07535321821036106,0.12824675324675325,0.03194888178913738,0.025196850393700787,0.047775947281713346,0.2192,0.1701388888888889,0.04754601226993865,0.055299539170506916,0.04100946372239748,0.08183306055646482,0.26132930513595165,0.22955974842767296,0.23898305084745763,0.034976152623211444,0.04874213836477988,0.1856,0.07631160572337042,0.032520325203252036,0.12420382165605096,0.1157167530224525,0.08513931888544891,0.11496062992125984,0.04426229508196721,0.048286604361370715,0.04416403785488959,0.1951219512195122,0.19152276295133439,0.03414634146341464,0.03560371517027864,0.2626865671641791,0.31045241809672386,0.07286821705426356,0.3366013071895425,0.03968253968253968,0.12026359143327842,0.02106969205834684,0.33588957055214724,0.0296875,0.07627118644067797,0.16586921850079744,0.04313099041533546,0.04538087520259319,0.05032467532467533,0.11864406779661017,0.0379746835443038,0.12012480499219969,0.04153846153846154,0.047540983606557376,0.054098360655737705,0.0981012658227848,0.17867867867867868,0.14473684210526316,0.1407185628742515,0.06403940886699508,0.05388272583201268,0.05519480519480519,0.21943048576214405,0.06435643564356436,0.05930807248764415,0.21786833855799373,0.09807073954983923,0.04861111111111111,0.22272727272727272,0.22347266881028938,0.02936630602782071,0.06382978723404255,0.03912363067292645,0.0392156862745098,0.03945111492281304,0.03374233128834356,0.0514820592823713,0.0109717868338558,0.1072,0.15673981191222572,0.07846153846153846,0.09016393442622951,0.11956521739130435,0.030595813204508857,0.02576489533011272,0.137987012987013,0.04,0.04617834394904458,0.07345575959933222,0.04732824427480916,0.065625,0.041474654377880185,0.017350157728706624,0.06220839813374806,0.11901081916537867,0.2512,0.03164556962025317,0.04361370716510903,0.025914634146341462,0.04029850746268657,0.0656,0.034071550255536626,0.05237315875613748,0.058333333333333334,0.1352253756260434,0.2304,0.04377104377104377,0.022328548644338118,0.02348993288590604,0.04566929133858268,0.0512396694214876,0.26121794871794873,0.03255813953488372,0.036923076923076927,0.05956112852664577,0.015100671140939598,0.024509803921568627,0.018612521150592216,0.25862068965517243,0.102803738317757,0.1419457735247209,0.0392156862745098,0.27597955706984667,0.06779661016949153,0.03145695364238411,0.03241491085899514,0.06593406593406594,0.19349593495934958,0.10935023771790808,0.07704918032786885,0.12207357859531773,0.032507739938080496,0.023255813953488372,0.05598755832037325,0.10897435897435898,0.05845181674565561,0.05263157894736842,0.07598784194528875,0.09666666666666666,0.03398058252427184,0.11057692307692307,0.053516819571865444,0.040498442367601244,0.088,0.0656,0.0738255033557047,0.0592,0.05073649754500818,0.09119010819165378,0.19967266775777415,0.20933977455716588,0.04173106646058733,0.039383561643835614,0.09210526315789473,0.02711323763955343,0.03076923076923077,0.04510108864696734,0.026755852842809364,0.032520325203252036,0.02750809061488673,0.037520391517128875,0.4370860927152318,0.08040201005025126,0.04838709677419355,0.056179775280898875,0.05608974358974359,0.057692307692307696,0.0636215334420881,0.03785488958990536,0.03,0.06393442622950819,0.045234248788368334,0.03577235772357724,0.06983655274888559,0.18407960199004975,0.030456852791878174,0.05112781954887218,0.07807308970099668,0.04975922953451043,0.019704433497536946,0.16448326055312956,0.1583198707592892,0.03642384105960265,0.024390243902439025,0.027439024390243903,0.07132018209408195,0.0176,0.24292845257903495,0.04225352112676056,0.024844720496894408
2025,1,9,prevalence,0.0091324200913242,0.01889763779527559,0.027070063694267517,0.026359143327841845,0.023255813953488372,0.016260162601626018,0.3405238828967643,0.07903225806451612,0.01726844583987441,0.02635658914728682,0.012578616352201259,0.1864406779661017,0.3081570996978852,0.014950166112956811,0.03376205787781351,0.07668231611893583,0.12082670906200318,0.01607717041800643,0.009478672985781991,0.018612521150592216,0.3274760383386581,0.2881646655231561,0.021148036253776436,0.059907834101382486,0.022116903633491312,0.07095709570957096,0.2852807283763278,0.2222222222222222,0.46317512274959083,0.01610305958132045,0.02875399361022364,0.2247557003257329,0.042789223454833596,0.013071895424836602,0.17350157728706625,0.1859706362153344,0.05098684210526316,0.1294851794071763,0.0220125786163522,0.01892744479495268,0.011182108626198083,0.2222222222222222,0.2737169517884914,0.009852216748768473,0.009216589861751152,0.2861356932153392,0.2964669738863287,0.05555555555555555,0.4758842443729904,0.022653721682847898,0.1488294314381271,0.011456628477905073,0.39203675344563554,0.012861736334405145,0.07482993197278912,0.18681318681318682,0.017915309446254073,0.02572347266881029,0.021311475409836064,0.19538461538461538,0.012558869701726845,0.19623233908948196,0.02157164869029276,0.05492730210016155,0.05098684210526316,0.10301109350237718,0.18558282208588958,0.1973018549747049,0.18684603886397608,0.13833333333333334,0.03639240506329114,0.02403846153846154,0.228099173553719,0.042833607907743,0.04208754208754209,0.23583460949464014,0.06624605678233439,0.04482758620689655,0.24085365853658536,0.3028391167192429,0.012519561815336464,0.03453947368421053,0.0202808112324493,0.0050335570469798654,0.013986013986013986,0.019345238095238096,0.028125,0.0030257186081694403,0.11201298701298701,0.20508744038155802,0.06230529595015576,0.12418300653594772,0.09642301710730948,0.018121911037891267,0.009584664536741214,0.16476345840130505,0.02800658978583196,0.023510971786833857,0.07107438016528926,0.024427480916030534,0.04538341158059468,0.01694915254237288,0.009538950715421303,0.0453125,0.11642743221690591,0.3412698412698413,0.01866251944012442,0.013719512195121951,0.0078003120124804995,0.02225519287833828,0.04084967320261438,0.009933774834437087,0.03453947368421053,0.024305555555555556,0.1097972972972973,0.3088,0.019834710743801654,0.006379585326953748,0.008431703204047217,0.0171875,0.02926829268292683,0.21035598705501618,0.013888888888888888,0.01848998459167951,0.04132231404958678,0.003257328990228013,0.006430868167202572,0.004885993485342019,0.29082426127527217,0.10105580693815988,0.20222929936305734,0.01282051282051282,0.44983818770226536,0.071875,0.016474464579901153,0.01901743264659271,0.06269592476489028,0.17781402936378465,0.1178343949044586,0.06085526315789474,0.18512396694214875,0.012213740458015267,0.00964630225080386,0.022970903522205207,0.09210526315789473,0.02157164869029276,0.026533996683250415,0.06332842415316642,0.06754530477759473,0.01589825119236884,0.11446740858505565,0.038109756097560975,0.025078369905956112,0.11802232854864433,0.040584415584415584,0.04501607717041801,0.0343213728549142,0.01929260450160772,0.09752321981424149,0.2957074721780604,0.20224719101123595,0.02358490566037736,0.028380634390651086,0.07899159663865546,0.008,0.012269938650306749,0.06466876971608833,0.010033444816053512,0.021035598705501618,0.004792332268370607,0.02127659574468085,0.4194078947368421,0.06414473684210527,0.06070287539936102,0.12832550860719874,0.03343949044585987,0.032,0.06109324758842444,0.02021772939346812,0.00505902192242833,0.03588907014681892,0.05023547880690738,0.011532125205930808,0.042879019908116385,0.20534223706176963,0.01340033500837521,0.02773497688751926,0.05396290050590219,0.0380952380952381,0.009836065573770493,0.14739884393063585,0.15537190082644628,0.02027027027027027,0.00819672131147541,0.013761467889908258,0.0359375,0.007961783439490446,0.24088748019017434,0.0234375,0.0091324200913242
