Time,age_start,age_end,measure,draw_0,draw_1,draw_2,draw_3,draw_4,draw_5,draw_6,draw_7,draw_8,draw_9,draw_10,draw_11,draw_12,draw_13,draw_14,draw_15,draw_16,draw_17,draw_18,draw_19,draw_20,draw_21,draw_22,draw_23,draw_24,draw_25,draw_26,draw_27,draw_28,draw_29,draw_30,draw_31,draw_32,draw_33,draw_34,draw_35,draw_36,draw_37,draw_38,draw_39,draw_40,draw_41,draw_42,draw_43,draw_44,draw_45,draw_46,draw_47,draw_48,draw_49,draw_50,draw_51,draw_52,draw_53,draw_54,draw_55,draw_56,draw_57,draw_58,draw_59,draw_60,draw_61,draw_62,draw_63,draw_64,draw_65,draw_66,draw_67,draw_68,draw_69,draw_70,draw_71,draw_72,draw_73,draw_74,draw_75,draw_76,draw_77,draw_78,draw_79,draw_80,draw_81,draw_82,draw_83,draw_84,draw_85,draw_86,draw_87,draw_88,draw_89,draw_90,draw_91,draw_92,draw_93,draw_94,draw_95,draw_96,draw_97,draw_98,draw_99,draw_100,draw_101,draw_102,draw_103,draw_104,draw_105,draw_106,draw_107,draw_108,draw_109,draw_110,draw_111,draw_112,draw_113,draw_114,draw_115,draw_116,draw_117,draw_118,draw_119,draw_120,draw_121,draw_122,draw_123,draw_124,draw_125,draw_126,draw_127,draw_128,draw_129,draw_130,draw_131,draw_132,draw_133,draw_134,draw_135,draw_136,draw_137,draw_138,draw_139,draw_140,draw_141,draw_142,draw_143,draw_144,draw_145,draw_146,draw_147,draw_148,draw_149,draw_150,draw_151,draw_152,draw_153,draw_154,draw_155,draw_156,draw_157,draw_158,draw_159,draw_160,draw_161,draw_162,draw_163,draw_164,draw_165,draw_166,draw_167,draw_168,draw_169,draw_170,draw_171,draw_172,draw_173,draw_174,draw_175,draw_176,draw_177,draw_178,draw_179,draw_180,draw_181,draw_182,draw_183,draw_184,draw_185,draw_186,draw_187,draw_188,draw_189,draw_190,draw_191,draw_192,draw_193,draw_194,draw_195,draw_196,draw_197,draw_198,draw_199
1996,1,9,prevalence,0.06477093206951026,0.08333333333333333,0.031746031746031744,0.0722495894909688,0.006688963210702341,0.004761904761904762,0.14710485133020346,0.03417533432392273,0.06750392464678179,0.0016129032258064516,0.14583333333333334,0.0877742946708464,0.003048780487804878,0.05837173579109063,0.1747269890795632,0.07692307692307693,0.061654135338345864,0.03442879499217527,0.1182108626198083,0.08346213292117466,0.11378205128205128,0.07418856259659969,0.1529968454258675,0.09130434782608696,0.06103286384976526,0.08023774145616643,0.1435114503816794,0.12280701754385964,0.006644518272425249,0.09969325153374232,0.09175738724727839,0.10782865583456426,0.09276729559748427,0.0840064620355412,0.08972267536704731,0.02177293934681182,0.04833836858006042,0.0686427457098284,0.08459214501510574,0.046849757673667204,0.09868421052631579,0.043478260869565216,0.0759493670886076,0.11093990755007704,0.006369426751592357,0.11272141706924316,0.04730831973898858,0.1593984962406015,0.016845329249617153,0.12178387650085763,0.040310077519379844,0.0717628705148206,0.09561128526645768,0.03179650238473768,0.07741935483870968,0.041935483870967745,0.1189358372456964,0.013975155279503106,0.07928802588996764,0.046474358974358976,0.05238828967642527,0.10457516339869281,0.04746835443037975,0.08558558558558559,0.08948194662480377,0.08995502248875563,0.20212765957446807,0.11889250814332247,0.0384,0.021705426356589147,0.07230769230769231,0.028315946348733235,0.09034267912772585,0.041176470588235294,0.11332312404287902,0.13268608414239483,0.06913996627318718,0.03211009174311927,0.006837606837606838,0.0196078431372549,0.19601837672281777,0.0867579908675799,0.09650582362728785,0.005997001499250375,0.06929133858267716,0.0374414976599064,0.06666666666666667,0.0880597014925373,0.00964630225080386,0.04340836012861737,0.06973058637083994,0.10856269113149847,0.08099688473520249,0.09948542024013722,0.07208588957055215,0.027993779160186624,0.0578125,0.03298350824587706,0.05216095380029806,0.059800664451827246,0.1298904538341158,0.10372771474878444,0.0015600624024961,0.0015600624024961,0.026153846153846153,0.027070063694267517,0.08019639934533551,0.11216429699842022,0.05958132045088567,0.027823240589198037,0.048411497730711045,0.10097719869706841,0.10344827586206896,0.04019292604501608,0.05537459283387622,0.109375,0.03215926493108729,0.07834101382488479,0.12893553223388307,0.005,0.005,0.005,0.07578008915304606,0.06782334384858044,0.09653092006033183,0.07435508345978756,0.040453074433656956,0.10737179487179487,0.14520958083832336,0.0218408736349454,0.11645962732919254,0.147239263803681,0.147239263803681,0.05581395348837209,0.1228878648233487,0.08038585209003216,0.19769357495881384,0.08784773060029283,0.05564387917329094,0.1325115562403698,0.07255520504731862,0.06626506024096386,0.10973724884080371,0.08293460925039872,0.04173354735152488,0.0,0.06317411402157165,0.07099697885196375,0.07062600321027288,0.039619651347068144,0.0873634945397816,0.09703947368421052,0.045871559633027525,0.14307692307692307,0.03764320785597381,0.0998439937597504,0.0738362760834671,0.04792332268370607,0.1334355828220859,0.06944444444444445,0.06307692307692307,0.11483253588516747,0.004746835443037975,0.07753164556962025,0.0182370820668693,0.11698717948717949,0.07790143084260731,0.11570247933884298,0.03273809523809524,0.03273809523809524,0.03273809523809524,0.10784313725490197,0.04355108877721943,0.004739336492890996,0.13712374581939799,0.08856682769726248,0.013513513513513514,0.18664643399089528,0.1488673139158576,0.06779661016949153,0.003110419906687403,0.130568356374808,0.07431340872374798,0.008460236886632826,0.08695652173913043,0.08398133748055987,0.07278020378457059,0.0358814352574103,0.08069620253164557,0.11022364217252396,0.1305732484076433,0.05977382875605816,0.07886435331230283,0.11698717948717949,0.048576214405360134,0.12828947368421054,0.07177814029363784,0.03056768558951965,0.05198776758409786,0.009433962264150943
1997,1,9,prevalence,0.1032258064516129,0.0752,0.03225806451612903,0.07939189189189189,0.017064846416382253,0.016129032258064516,0.13153724247226625,0.031446540880503145,0.0766721044045677,0.0016722408026755853,0.13225806451612904,0.10806451612903226,0.0031496062992125984,0.064,0.20819112627986347,0.06656580937972768,0.05873261205564142,0.027463651050080775,0.12012987012987013,0.062111801242236024,0.11272141706924316,0.09033280507131537,0.12333333333333334,0.10179640718562874,0.09539473684210527,0.07154213036565978,0.1750788643533123,0.1273031825795645,0.006837606837606838,0.07894736842105263,0.05365853658536585,0.07646176911544228,0.1,0.09075907590759076,0.08919382504288165,0.016181229773462782,0.060897435897435896,0.050955414012738856,0.08841463414634146,0.03403565640194489,0.10227272727272728,0.045307443365695796,0.09703947368421052,0.10366826156299841,0.00966183574879227,0.09028960817717206,0.03672787979966611,0.2496,0.019077901430842606,0.15104166666666666,0.035830618892508145,0.06581059390048154,0.10174880763116058,0.0625,0.09225700164744646,0.05583756345177665,0.15311004784688995,0.012558869701726845,0.0799347471451876,0.06016260162601626,0.06771653543307087,0.0859106529209622,0.028523489932885907,0.05263157894736842,0.07654723127035831,0.07716049382716049,0.2259083728278041,0.16275167785234898,0.05747126436781609,0.024390243902439025,0.0749185667752443,0.03143712574850299,0.10596026490066225,0.04754358161648178,0.09384615384615384,0.1273031825795645,0.05391304347826087,0.020967741935483872,0.01415929203539823,0.01309328968903437,0.1767515923566879,0.1109375,0.09672131147540984,0.00792393026941363,0.0784313725490196,0.0499194847020934,0.09166666666666666,0.10108864696734059,0.020933977455716585,0.04081632653061224,0.07941653160453808,0.10714285714285714,0.08025682182985554,0.11795774647887323,0.09230769230769231,0.022653721682847898,0.07060755336617405,0.06446540880503145,0.07596899224806201,0.053475935828877004,0.13170731707317074,0.11920529801324503,0.0016313213703099511,0.0016313213703099511,0.013782542113323124,0.03343949044585987,0.09446254071661238,0.1276595744680851,0.0749185667752443,0.024671052631578948,0.048252911813643926,0.10961214165261383,0.11447811447811448,0.03420195439739414,0.056572379367720464,0.11423841059602649,0.0234375,0.04426229508196721,0.12727272727272726,0.006756756756756757,0.006756756756756757,0.006756756756756757,0.078125,0.11494252873563218,0.11580594679186229,0.07026143790849673,0.061488673139158574,0.0859504132231405,0.14596273291925466,0.03511705685618729,0.12286158631415241,0.1955128205128205,0.1955128205128205,0.07898894154818326,0.10317460317460317,0.07718120805369127,0.18226600985221675,0.09076923076923077,0.06710310965630115,0.13504823151125403,0.060955518945634266,0.05396825396825397,0.10096153846153846,0.07407407407407407,0.05977382875605816,0.0,0.07779578606158834,0.0877742946708464,0.059900166389351084,0.019769357495881382,0.08320251177394035,0.09212730318257957,0.0633693972179289,0.1507293354943274,0.036544850498338874,0.10260586319218241,0.12044374009508717,0.07188498402555911,0.10754414125200643,0.0732899022801303,0.07441860465116279,0.09090909090909091,0.004885993485342019,0.08293460925039872,0.02702702702702703,0.10945273631840796,0.10130718954248366,0.09917355371900827,0.038461538461538464,0.038461538461538464,0.038461538461538464,0.09060402684563758,0.04957264957264957,0.005110732538330494,0.13050847457627118,0.09225700164744646,0.014336917562724014,0.14420062695924765,0.15789473684210525,0.08125,0.0,0.11237785016286644,0.048859934853420196,0.010344827586206896,0.06310679611650485,0.09803921568627451,0.05348460291734198,0.02145214521452145,0.0932475884244373,0.1016949152542373,0.11726384364820847,0.061389337641357025,0.05536912751677853,0.11601307189542484,0.05281090289608177,0.12828947368421054,0.04084967320261438,0.03522205206738132,0.06946688206785137,0.018272425249169437
1998,1,9,prevalence,0.1400329489291598,0.07119205298013245,0.07717041800643087,0.08149405772495756,0.01867572156196944,0.0338409475465313,0.1143317230273752,0.03869969040247678,0.0816,0.001697792869269949,0.0819935691318328,0.08306709265175719,0.004739336492890996,0.0641025641025641,0.1761744966442953,0.0852359208523592,0.054628224582701064,0.02622950819672131,0.0766721044045677,0.0704,0.10327868852459017,0.07961783439490445,0.12748344370860928,0.08682634730538923,0.08752025931928688,0.07142857142857142,0.17731629392971246,0.09570957095709572,0.0128,0.06656580937972768,0.029605263157894735,0.09172932330827067,0.08552631578947369,0.07679738562091504,0.1065989847715736,0.022435897435897436,0.06606606606606606,0.03826955074875208,0.06296851574212893,0.05519480519480519,0.12824675324675325,0.03064516129032258,0.08006535947712418,0.11688311688311688,0.02857142857142857,0.07470288624787776,0.042833607907743,0.29067930489731436,0.03745928338762215,0.15332197614991483,0.04567699836867863,0.07936507936507936,0.11612903225806452,0.05699481865284974,0.0416,0.08777969018932874,0.10628019323671498,0.011146496815286623,0.07754442649434572,0.0746031746031746,0.08133971291866028,0.09306260575296109,0.05752961082910321,0.06491499227202473,0.07072368421052631,0.09767441860465116,0.18035426731078905,0.14213197969543148,0.025848142164781908,0.03145695364238411,0.09286898839137644,0.029850746268656716,0.09666666666666666,0.04516129032258064,0.10785824345146379,0.13029315960912052,0.03209459459459459,0.024271844660194174,0.01391304347826087,0.03803486529318542,0.1396103896103896,0.07550077041602465,0.11577181208053691,0.008012820512820512,0.105,0.064,0.08443708609271523,0.09984152139461172,0.03770491803278689,0.03502626970227671,0.12038523274478331,0.13914373088685014,0.09546165884194054,0.13504273504273503,0.09627329192546584,0.01594896331738437,0.05863192182410423,0.07570977917981073,0.07097791798107256,0.051056338028169015,0.14965986394557823,0.12520868113522537,0.00819672131147541,0.00819672131147541,0.006033182503770739,0.0429042904290429,0.09697933227344992,0.14959349593495935,0.1370309951060359,0.04340836012861737,0.048903878583473864,0.13793103448275862,0.11239669421487604,0.06359300476947535,0.047775947281713346,0.12438625204582651,0.03470031545741325,0.021922428330522766,0.12087912087912088,0.025252525252525252,0.025252525252525252,0.025252525252525252,0.07621951219512195,0.1540880503144654,0.15481832543443919,0.10016155088852989,0.05872756933115824,0.13658536585365855,0.11782945736434108,0.04462809917355372,0.14027149321266968,0.1786833855799373,0.1786833855799373,0.0671875,0.08267090620031796,0.05901639344262295,0.11055276381909548,0.1192368839427663,0.07377049180327869,0.1291866028708134,0.07317073170731707,0.05736434108527132,0.10668789808917198,0.06239737274220033,0.08794788273615635,0.0033500837520938024,0.06209150326797386,0.08450704225352113,0.04340836012861737,0.023450586264656615,0.13063763608087092,0.06643356643356643,0.08358662613981763,0.13225806451612904,0.05132450331125828,0.11092985318107668,0.10754414125200643,0.06666666666666667,0.11700468018720749,0.07833333333333334,0.10542168674698796,0.07413509060955518,0.006644518272425249,0.093603744149766,0.03949447077409163,0.08828522920203735,0.10950080515297907,0.12845528455284552,0.0406015037593985,0.0406015037593985,0.0406015037593985,0.08955223880597014,0.04923599320882852,0.018900343642611683,0.11284722222222222,0.0945273631840796,0.01971326164874552,0.07269789983844911,0.1445578231292517,0.08850931677018634,0.0,0.08169934640522876,0.0467741935483871,0.029259896729776247,0.05555555555555555,0.09238249594813615,0.06333333333333334,0.01990049751243781,0.11942675159235669,0.11035653650254669,0.1550632911392405,0.11696869851729819,0.048013245033112585,0.11601307189542484,0.06166666666666667,0.10909090909090909,0.052805280528052806,0.056402439024390245,0.0825242718446602,0.018333333333333333
1999,1,9,prevalence,0.13946117274167988,0.061258278145695365,0.08265802269043761,0.08532423208191127,0.026578073089700997,0.0387858347386172,0.095,0.032507739938080496,0.09294871794871795,0.0033444816053511705,0.08962264150943396,0.08866995073891626,0.008,0.07244094488188976,0.11292962356792144,0.08982035928143713,0.07550077041602465,0.02702702702702703,0.049342105263157895,0.06814580031695722,0.09197324414715718,0.0840064620355412,0.13539967373572595,0.06534954407294832,0.1125,0.056162246489859596,0.17092651757188498,0.10437710437710437,0.016181229773462782,0.04141104294478527,0.03503184713375796,0.10534591194968554,0.08974358974358974,0.0608,0.12040133779264214,0.022435897435897436,0.0686427457098284,0.050488599348534204,0.07022900763358779,0.07907742998352553,0.12721417069243157,0.03054662379421222,0.07467532467532467,0.09936908517350158,0.051643192488262914,0.07679465776293823,0.025252525252525252,0.2820919175911252,0.06965174129353234,0.16783216783216784,0.06774193548387097,0.045813586097946286,0.11356466876971609,0.07142857142857142,0.05314009661835749,0.09507640067911714,0.1192368839427663,0.017377567140600316,0.08319738988580751,0.07852564102564102,0.0688,0.0978441127694859,0.052545155993431854,0.07223113964686999,0.07987220447284345,0.0993485342019544,0.1642512077294686,0.10445205479452055,0.044407894736842105,0.03782894736842105,0.087248322147651,0.047619047619047616,0.09105960264900662,0.07119741100323625,0.10644677661169415,0.13598673300165837,0.029411764705882353,0.029654036243822075,0.02857142857142857,0.052547770700636945,0.14629948364888123,0.08018867924528301,0.13696369636963696,0.03470031545741325,0.08904109589041095,0.09305993690851735,0.09780775716694773,0.14662273476112025,0.05342237061769616,0.048824593128390596,0.09584664536741214,0.16257668711656442,0.08536585365853659,0.16271186440677965,0.125,0.008169934640522876,0.06814580031695722,0.1,0.06729264475743349,0.061946902654867256,0.10304054054054054,0.10983606557377049,0.016339869281045753,0.016339869281045753,0.015128593040847202,0.05921052631578947,0.06359300476947535,0.13915857605177995,0.12171052631578948,0.10063897763578275,0.08072487644151564,0.1245674740484429,0.11075441412520064,0.06493506493506493,0.05073649754500818,0.1614497528830313,0.04361370716510903,0.027874564459930314,0.11007751937984496,0.022336769759450172,0.022336769759450172,0.022336769759450172,0.0734375,0.1721311475409836,0.1439873417721519,0.14446227929373998,0.07617504051863858,0.14556962025316456,0.1421875,0.03764320785597381,0.165402124430956,0.15224358974358973,0.15224358974358973,0.0717628705148206,0.08852459016393442,0.06239737274220033,0.10440456769983687,0.1171875,0.11698717948717949,0.09733124018838304,0.06026058631921824,0.07097791798107256,0.10714285714285714,0.06598984771573604,0.07986688851913477,0.01206896551724138,0.07119205298013245,0.1126984126984127,0.04952076677316294,0.02,0.164576802507837,0.1,0.09815950920245399,0.1362179487179487,0.06532663316582915,0.12583892617449666,0.11074918566775244,0.087248322147651,0.1358609794628752,0.07966101694915254,0.07436708860759493,0.09013605442176871,0.014900662251655629,0.09546165884194054,0.04665629860031104,0.08135593220338982,0.08414239482200647,0.10016155088852989,0.04889589905362776,0.04889589905362776,0.04889589905362776,0.10679611650485436,0.05084745762711865,0.018739352640545145,0.11458333333333333,0.07755775577557755,0.024179620034542316,0.06754530477759473,0.1,0.09538950715421304,0.013311148086522463,0.07836456558773425,0.09165302782324058,0.029462738301559793,0.0779436152570481,0.10099337748344371,0.13122923588039867,0.018092105263157895,0.14423076923076922,0.08813559322033898,0.2230769230769231,0.10526315789473684,0.03322259136212625,0.13408723747980614,0.06050420168067227,0.1382636655948553,0.08019639934533551,0.06875,0.12580645161290321,0.038461538461538464
2000,1,9,prevalence,0.10328638497652583,0.08153078202995008,0.11056105610561057,0.11577181208053691,0.03986710963455149,0.06112054329371817,0.1,0.04588607594936709,0.07740916271721959,0.011475409836065573,0.13601236476043277,0.06209150326797386,0.011235955056179775,0.0873015873015873,0.09120521172638436,0.08099688473520249,0.06259541984732825,0.039936102236421724,0.08983050847457627,0.06197654941373534,0.0967741935483871,0.15409309791332262,0.12116040955631399,0.08841463414634146,0.15064102564102563,0.057692307692307696,0.16987179487179488,0.0784313725490196,0.012345679012345678,0.06402439024390244,0.06623586429725363,0.13707165109034267,0.0781758957654723,0.05501618122977346,0.12647554806070826,0.024549918166939442,0.07890499194847021,0.09562398703403566,0.07448494453248812,0.051839464882943144,0.1400329489291598,0.07792207792207792,0.09090909090909091,0.10305958132045089,0.07617504051863858,0.11842105263157894,0.029950083194675542,0.20933977455716588,0.06821963394342762,0.13937282229965156,0.07777777777777778,0.1302170283806344,0.09627329192546584,0.1035653650254669,0.08538587848932677,0.12310286677908938,0.11690363349131122,0.02384737678855326,0.11201298701298701,0.06369426751592357,0.07448494453248812,0.12769485903814262,0.10067114093959731,0.07107438016528926,0.08513931888544891,0.08928571428571429,0.128500823723229,0.07105719237435008,0.055,0.05324459234608985,0.09375,0.047337278106508875,0.12155591572123177,0.09253246753246754,0.0989345509893455,0.1696869851729819,0.06654676258992806,0.037953795379537955,0.031825795644891124,0.04953560371517028,0.11327433628318584,0.11467889908256881,0.11661341853035144,0.0756578947368421,0.09747899159663866,0.12898089171974522,0.07925801011804384,0.14308681672025725,0.0929853181076672,0.05719237435008666,0.10696920583468396,0.18057663125948406,0.10061919504643962,0.19145299145299147,0.112,0.013266998341625208,0.07974481658692185,0.16158536585365854,0.10031847133757962,0.0518783542039356,0.06446280991735537,0.09271523178807947,0.028764805414551606,0.028764805414551606,0.034055727554179564,0.09546925566343042,0.053833605220228384,0.12741935483870967,0.11550632911392406,0.11198738170347003,0.0910569105691057,0.14035087719298245,0.09193548387096774,0.05910543130990415,0.05853658536585366,0.15309446254071662,0.03902439024390244,0.044642857142857144,0.08588957055214724,0.02564102564102564,0.02564102564102564,0.02564102564102564,0.104,0.20261437908496732,0.1430817610062893,0.14724919093851133,0.08598726114649681,0.1480891719745223,0.12888198757763975,0.022328548644338118,0.16012084592145015,0.14100486223662884,0.14100486223662884,0.1046875,0.08133971291866028,0.07445008460236886,0.09636650868878358,0.14992272024729522,0.12738853503184713,0.09276729559748427,0.06546644844517185,0.07886435331230283,0.1461038961038961,0.056666666666666664,0.07202680067001675,0.031879194630872486,0.08538587848932677,0.14037854889589904,0.06158833063209076,0.03099510603588907,0.15396578538102643,0.15172413793103448,0.1043613707165109,0.13578274760383385,0.09917355371900827,0.0935483870967742,0.12903225806451613,0.06610169491525424,0.10920436817472699,0.09764309764309764,0.07142857142857142,0.10286677908937605,0.016181229773462782,0.09828393135725429,0.0352,0.07679465776293823,0.10317460317460317,0.08414239482200647,0.05501618122977346,0.05501618122977346,0.05501618122977346,0.10793650793650794,0.06135986733001658,0.027538726333907058,0.07993197278911565,0.08848080133555926,0.024778761061946902,0.05592105263157895,0.07830342577487764,0.08077544426494346,0.013377926421404682,0.06937394247038917,0.10301109350237718,0.02901023890784983,0.07155025553662692,0.10578512396694215,0.16584564860426929,0.03820598006644518,0.15737704918032788,0.07560137457044673,0.23203592814371257,0.08108108108108109,0.046251993620414676,0.10837438423645321,0.0749185667752443,0.14217252396166133,0.06962025316455696,0.09175738724727839,0.13517915309446255,0.03231017770597738
2001,1,9,prevalence,0.07836990595611286,0.12254901960784313,0.13333333333333333,0.15025041736227046,0.07248764415156507,0.08429752066115702,0.1600633914421553,0.06930693069306931,0.05834683954619125,0.0180623973727422,0.10240963855421686,0.05687203791469194,0.027375201288244767,0.11726384364820847,0.04220779220779221,0.12385321100917432,0.04141104294478527,0.03934426229508197,0.09210526315789473,0.05545927209705372,0.08040201005025126,0.22899505766062603,0.11745513866231648,0.10518292682926829,0.14630225080385853,0.072,0.17017828200972449,0.07119741100323625,0.01848998459167951,0.10108864696734059,0.06518282988871224,0.14814814814814814,0.08,0.06602254428341385,0.10865874363327674,0.02622950819672131,0.04769475357710652,0.11889250814332247,0.06946688206785137,0.04584040747028863,0.15097402597402598,0.07755775577557755,0.12460063897763578,0.08823529411764706,0.10110584518167456,0.16,0.041736227045075125,0.12755905511811025,0.06484641638225255,0.11394557823129252,0.14086687306501547,0.14215686274509803,0.1234375,0.195578231292517,0.09816971713810316,0.14505119453924914,0.11272141706924316,0.034161490683229816,0.09983361064891846,0.07213114754098361,0.10344827586206896,0.19968051118210864,0.0957983193277311,0.08548387096774193,0.0995260663507109,0.10720268006700168,0.08809135399673736,0.06879194630872483,0.06493506493506493,0.030560271646859084,0.10416666666666667,0.05623100303951368,0.17105263157894737,0.10231023102310231,0.06646058732612056,0.1864951768488746,0.08135593220338982,0.047933884297520664,0.05272108843537415,0.0438871473354232,0.10801393728222997,0.14015748031496064,0.090625,0.16830065359477125,0.0840630472854641,0.09967320261437909,0.08094435075885328,0.12459016393442623,0.0991869918699187,0.06821963394342762,0.10832025117739404,0.14219474497681608,0.15707620528771385,0.1643598615916955,0.10355987055016182,0.023140495867768594,0.08188976377952756,0.22012578616352202,0.10593900481540931,0.03633217993079585,0.04285714285714286,0.11129032258064517,0.049019607843137254,0.049019607843137254,0.03194888178913738,0.11363636363636363,0.06320907617504051,0.12439418416801293,0.07739938080495357,0.13798449612403102,0.1040268456375839,0.1658119658119658,0.12399355877616747,0.06836248012718601,0.06995230524642289,0.13322368421052633,0.047775947281713346,0.04363636363636364,0.09174311926605505,0.036243822075782535,0.036243822075782535,0.036243822075782535,0.1072,0.15901639344262294,0.15175718849840256,0.12666666666666668,0.06487341772151899,0.1797752808988764,0.13145539906103287,0.035256410256410256,0.1187214611872146,0.13247172859450726,0.13247172859450726,0.10339506172839506,0.08837209302325581,0.11148086522462562,0.08062015503875969,0.13343799058084774,0.11802232854864433,0.11864406779661017,0.07966101694915254,0.12121212121212122,0.18688524590163935,0.0641025641025641,0.08264462809917356,0.04671280276816609,0.08038585209003216,0.16449511400651465,0.05910543130990415,0.05392156862745098,0.14463452566096424,0.18384879725085912,0.14375,0.12274959083469722,0.11260504201680673,0.07357859531772576,0.11688311688311688,0.07627118644067797,0.10566615620214395,0.1377551020408163,0.04862236628849271,0.12060301507537688,0.04326123128119801,0.1244309559939302,0.05,0.10696095076400679,0.16185897435897437,0.09075907590759076,0.12580645161290321,0.12580645161290321,0.12580645161290321,0.12038523274478331,0.09634551495016612,0.04568527918781726,0.06735751295336788,0.10310965630114566,0.05136986301369863,0.049679487179487176,0.09060955518945635,0.05537459283387622,0.03904923599320883,0.10278745644599303,0.12206572769953052,0.02689075630252101,0.100169779286927,0.09752066115702479,0.1696869851729819,0.05132450331125828,0.1869009584664537,0.08813559322033898,0.23809523809523808,0.10416666666666667,0.04723127035830619,0.08333333333333333,0.09576138147566719,0.14308943089430895,0.06782334384858044,0.11526479750778816,0.11538461538461539,0.05705229793977813
2002,1,9,prevalence,0.0782472613458529,0.12399355877616747,0.12331081081081081,0.11686143572621036,0.11382113821138211,0.09966777408637874,0.20739549839228297,0.0749185667752443,0.08723747980613894,0.022690437601296597,0.13671274961597543,0.061514195583596214,0.029900332225913623,0.14401294498381878,0.06085526315789474,0.13559322033898305,0.06369426751592357,0.06356589147286822,0.11967213114754098,0.11206896551724138,0.07973421926910298,0.20777027027027026,0.08852459016393442,0.12116564417177914,0.16185897435897437,0.06031746031746032,0.13213703099510604,0.08414239482200647,0.026033690658499236,0.12903225806451613,0.07232704402515723,0.1638846737481032,0.08695652173913043,0.06564885496183206,0.13109243697478992,0.021207177814029365,0.048939641109298535,0.1321656050955414,0.08771929824561403,0.036303630363036306,0.17739403453689168,0.08928571428571429,0.1345514950166113,0.09151414309484193,0.1308411214953271,0.2202852614896989,0.048414023372287146,0.07804878048780488,0.04923599320882852,0.10154905335628227,0.16211878009630817,0.17731629392971246,0.12939297124600638,0.27882960413080893,0.08809135399673736,0.16779661016949152,0.1277602523659306,0.06270096463022508,0.125,0.08455284552845528,0.09816971713810316,0.178060413354531,0.08019639934533551,0.08139534883720931,0.09004739336492891,0.08571428571428572,0.05374592833876222,0.06756756756756757,0.06698564593301436,0.02618657937806874,0.09666666666666666,0.056338028169014086,0.21217105263157895,0.07679180887372014,0.06779661016949153,0.15421303656597773,0.10792580101180438,0.06710310965630115,0.06988352745424292,0.07009345794392523,0.09612141652613827,0.1552,0.1266233766233766,0.2403225806451613,0.11166666666666666,0.1185064935064935,0.13210702341137123,0.1783960720130933,0.10147299509001637,0.09401709401709402,0.12172573189522343,0.1648854961832061,0.18421052631578946,0.1523972602739726,0.11075441412520064,0.027823240589198037,0.0914826498422713,0.16485225505443235,0.10828025477707007,0.058333333333333334,0.078003120124805,0.0932475884244373,0.08496732026143791,0.08496732026143791,0.059748427672955975,0.18025078369905956,0.07154742096505824,0.1282051282051282,0.06427503736920777,0.15031645569620253,0.10350584307178631,0.11036789297658862,0.09650582362728785,0.1050080775444265,0.06158833063209076,0.1619496855345912,0.09628378378378379,0.0433996383363472,0.08792846497764531,0.07281553398058252,0.07281553398058252,0.07281553398058252,0.0859375,0.1546218487394958,0.09339774557165861,0.1388888888888889,0.08146964856230032,0.14469453376205788,0.12277867528271405,0.04333868378812199,0.10944527736131934,0.14100486223662884,0.14100486223662884,0.08294209702660407,0.11162790697674418,0.1,0.0899390243902439,0.11568938193343899,0.10476190476190476,0.10702875399361023,0.07093425605536333,0.0660377358490566,0.20764119601328904,0.09047619047619047,0.08562197092084006,0.07023411371237458,0.06821705426356589,0.17491749174917492,0.0766721044045677,0.08852459016393442,0.15821812596006143,0.23232323232323232,0.12576687116564417,0.10897435897435898,0.13810316139767054,0.08603896103896104,0.11145510835913312,0.12292358803986711,0.1276923076923077,0.1318864774624374,0.08019639934533551,0.17320261437908496,0.058333333333333334,0.13428120063191154,0.04942339373970346,0.10214168039538715,0.1858267716535433,0.10801963993453355,0.1533442088091354,0.1533442088091354,0.1533442088091354,0.12578616352201258,0.13186813186813187,0.06435643564356436,0.06451612903225806,0.10720268006700168,0.08922558922558922,0.04120443740095087,0.09933774834437085,0.046511627906976744,0.04671280276816609,0.1075085324232082,0.11477987421383648,0.026402640264026403,0.1302170283806344,0.1044776119402985,0.16333333333333333,0.0547008547008547,0.1826771653543307,0.10017574692442882,0.1724137931034483,0.1280388978930308,0.05901116427432217,0.10051107325383304,0.083596214511041,0.14838709677419354,0.06420545746388442,0.1485148514851485,0.1302250803858521,0.06132075471698113
2003,1,9,prevalence,0.07476635514018691,0.16965742251223492,0.10887772194304858,0.1322314049586777,0.14653784219001612,0.09882747068676717,0.24166666666666667,0.054817275747508304,0.09775641025641026,0.03618421052631579,0.18445121951219512,0.10207336523125997,0.05396290050590219,0.1182108626198083,0.09135399673735727,0.12087912087912088,0.07290015847860538,0.1362179487179487,0.14790996784565916,0.12080536912751678,0.07345575959933222,0.18048780487804877,0.1098546042003231,0.13416536661466458,0.16422764227642275,0.06309148264984227,0.135,0.08870967741935484,0.04075235109717868,0.16164817749603805,0.10015898251192369,0.16415662650602408,0.10889570552147239,0.08083832335329341,0.1558872305140962,0.07540983606557378,0.07260726072607261,0.13064516129032258,0.12944983818770225,0.04462809917355372,0.16587677725118483,0.08828250401284109,0.16610169491525423,0.11382113821138211,0.16037735849056603,0.22009569377990432,0.07859531772575251,0.06504065040650407,0.06701940035273368,0.11461794019933555,0.16375198728139906,0.16666666666666666,0.1232,0.2869718309859155,0.1076158940397351,0.1830065359477124,0.14308681672025725,0.0722495894909688,0.16971713810316139,0.10725552050473186,0.09747899159663866,0.16612377850162866,0.07479674796747968,0.07603305785123966,0.10213414634146341,0.1018363939899833,0.09149277688603531,0.08673469387755102,0.08828250401284109,0.06291390728476821,0.13166666666666665,0.06965174129353234,0.17763157894736842,0.09015025041736227,0.06880733944954129,0.12898089171974522,0.12876254180602006,0.12396694214876033,0.06351791530944625,0.08517350157728706,0.1070840197693575,0.1712,0.08439490445859872,0.32524271844660196,0.0847457627118644,0.13225806451612904,0.1724137931034483,0.1631663974151858,0.1,0.09983079526226735,0.15,0.16692426584234932,0.21779141104294478,0.12914485165794065,0.11538461538461539,0.07777777777777778,0.15165876777251186,0.16536661466458658,0.12199036918138041,0.0636215334420881,0.13787878787878788,0.09046052631578948,0.06578947368421052,0.06578947368421052,0.09508716323296355,0.20341614906832298,0.1,0.1206611570247934,0.09090909090909091,0.1780821917808219,0.12845528455284552,0.10032894736842106,0.10552763819095477,0.15566037735849056,0.061708860759493674,0.12461059190031153,0.12277867528271405,0.04964539007092199,0.07280832095096583,0.08239095315024232,0.08239095315024232,0.08239095315024232,0.11305732484076433,0.11872909698996656,0.09650582362728785,0.19039735099337748,0.08466453674121406,0.1126984126984127,0.12439418416801293,0.05016722408026756,0.11248073959938366,0.14960629921259844,0.14960629921259844,0.08268330733229329,0.11587301587301588,0.09586776859504133,0.1388888888888889,0.09794628751974724,0.13070866141732285,0.10610932475884244,0.06010016694490818,0.05263157894736842,0.18333333333333332,0.08931419457735247,0.08870967741935484,0.09181969949916527,0.06289308176100629,0.18302828618968386,0.1392,0.12824675324675325,0.1409295352323838,0.20098846787479407,0.12577639751552794,0.10252365930599369,0.11,0.1282051282051282,0.10819165378670788,0.16774193548387098,0.15132605304212168,0.15084745762711865,0.08548387096774193,0.19696969696969696,0.09935897435897435,0.10917721518987342,0.09390444810543658,0.1342062193126023,0.15847860538827258,0.11292962356792144,0.17927631578947367,0.17927631578947367,0.17927631578947367,0.1130298273155416,0.19171779141104295,0.06228956228956229,0.0798611111111111,0.09682804674457429,0.10180623973727422,0.08976377952755905,0.09446254071661238,0.056856187290969896,0.09166666666666666,0.14821124361158433,0.14241001564945227,0.041666666666666664,0.16693679092382496,0.076158940397351,0.18668831168831168,0.07903780068728522,0.2141732283464567,0.12433392539964476,0.15835777126099707,0.09576138147566719,0.07097791798107256,0.10264900662251655,0.07253086419753087,0.1518578352180937,0.0762987012987013,0.17010309278350516,0.1461794019933555,0.08702531645569621
2004,1,9,prevalence,0.08253968253968254,0.12687813021702837,0.13412563667232597,0.1186161449752883,0.19448946515397084,0.16006600660066006,0.19966996699669967,0.08970099667774087,0.11904761904761904,0.06565656565656566,0.22154779969650987,0.12087912087912088,0.07462686567164178,0.09409888357256778,0.1958266452648475,0.12641815235008103,0.08814102564102565,0.19175911251980982,0.15748031496062992,0.15932203389830507,0.09950248756218906,0.18840579710144928,0.09379968203497616,0.1134185303514377,0.15525876460767946,0.07617504051863858,0.12312811980033278,0.0888529886914378,0.0717628705148206,0.1515625,0.09177215189873418,0.17557251908396945,0.0892018779342723,0.10892586989409984,0.17049180327868851,0.08196721311475409,0.10166666666666667,0.15548281505728315,0.1476725521669342,0.0779436152570481,0.1825525040387722,0.08466453674121406,0.14381270903010032,0.13344051446945338,0.20748829953198128,0.18363939899833054,0.07226890756302522,0.08386075949367089,0.11447811447811448,0.0840064620355412,0.16185897435897437,0.12559618441971382,0.0928,0.2620689655172414,0.11804384485666104,0.15755627009646303,0.11993517017828201,0.09768211920529801,0.15719063545150502,0.10952380952380952,0.14482758620689656,0.13170731707317074,0.07668231611893583,0.07603305785123966,0.061806656101426306,0.10891089108910891,0.10197368421052631,0.12962962962962962,0.1182108626198083,0.08045977011494253,0.09547738693467336,0.07820299500831947,0.14170692431561996,0.1288244766505636,0.11305732484076433,0.11384615384615385,0.14638157894736842,0.11480865224625623,0.0799347471451876,0.12012480499219969,0.13277310924369748,0.1639871382636656,0.09359605911330049,0.29199372056514916,0.09181969949916527,0.13764510779436154,0.22150882825040127,0.17398648648648649,0.09819967266775777,0.09800664451827243,0.11856474258970359,0.15600624024961,0.24610591900311526,0.11015490533562823,0.12903225806451613,0.11967213114754098,0.1619047619047619,0.15590551181102363,0.11022364217252396,0.07142857142857142,0.1659056316590563,0.10543130990415335,0.1306532663316583,0.1306532663316583,0.11755485893416928,0.26666666666666666,0.12175324675324675,0.09348914858096828,0.0970724191063174,0.19457013574660634,0.1288244766505636,0.14862681744749595,0.11398963730569948,0.15926493108728942,0.09149277688603531,0.13291139240506328,0.08576051779935275,0.06097560975609756,0.08456973293768547,0.11146496815286625,0.11146496815286625,0.11146496815286625,0.1264,0.10310965630114566,0.10289389067524116,0.14119601328903655,0.11003236245954692,0.14353312302839116,0.1470113085621971,0.07216494845360824,0.09063444108761329,0.2102728731942215,0.2102728731942215,0.0995260663507109,0.11754966887417219,0.14545454545454545,0.1478537360890302,0.11698717948717949,0.13237639553429026,0.09828393135725429,0.07755775577557755,0.044657097288676235,0.13388429752066117,0.07961783439490445,0.10593900481540931,0.1127946127946128,0.07293354943273905,0.17558528428093645,0.17174959871589085,0.17252396166134185,0.13608562691131498,0.17990275526742303,0.11801242236024845,0.10396039603960396,0.12459016393442623,0.15711947626841244,0.09384615384615384,0.18407960199004975,0.11987381703470032,0.11447811447811448,0.09032258064516129,0.1724709784411277,0.17898193760262726,0.09508716323296355,0.1111111111111111,0.14918032786885246,0.15714285714285714,0.11021069692058347,0.200652528548124,0.200652528548124,0.200652528548124,0.11010558069381599,0.22072072072072071,0.05921052631578947,0.08843537414965986,0.09166666666666666,0.11290322580645161,0.14492753623188406,0.07911392405063292,0.08053691275167785,0.1635434412265758,0.1848184818481848,0.15725190839694655,0.07448494453248812,0.1631663974151858,0.06949152542372881,0.3054187192118227,0.10631229235880399,0.17737003058103976,0.15547703180212014,0.18552036199095023,0.08723747980613894,0.11937984496124031,0.09001636661211129,0.11674347158218126,0.12580645161290321,0.12038523274478331,0.2106164383561644,0.18211920529801323,0.09305993690851735
2005,1,9,prevalence,0.09516380655226209,0.15537190082644628,0.11092985318107668,0.0701468189233279,0.1901743264659271,0.1605960264900662,0.1737704918032787,0.12274959083469722,0.14082278481012658,0.08156606851549755,0.16589861751152074,0.15109034267912771,0.11705685618729098,0.09630818619582665,0.271585557299843,0.09624796084828711,0.07781456953642384,0.2037914691943128,0.16326530612244897,0.16020236087689713,0.12077294685990338,0.172859450726979,0.08267090620031796,0.10277324632952692,0.1492776886035313,0.10149750415973377,0.1264957264957265,0.12759170653907495,0.10076335877862595,0.1362179487179487,0.11746522411128284,0.1636085626911315,0.128,0.13450292397660818,0.19262981574539365,0.10737179487179487,0.1085899513776337,0.1147011308562197,0.1781701444622793,0.11643835616438356,0.17214397496087636,0.0967741935483871,0.16775244299674266,0.14545454545454545,0.24444444444444444,0.13136288998357964,0.1212624584717608,0.11986863711001643,0.1411764705882353,0.1064516129032258,0.12206572769953052,0.11635220125786164,0.08072487644151564,0.19759450171821305,0.12859560067681894,0.12598425196850394,0.14355628058727568,0.10851419031719532,0.1505016722408027,0.10917721518987342,0.1606837606837607,0.07641196013289037,0.1134185303514377,0.09212730318257957,0.07729468599033816,0.07807308970099668,0.09688013136288999,0.13592233009708737,0.14890282131661442,0.10048622366288493,0.08415841584158416,0.09015025041736227,0.10526315789473684,0.13983739837398373,0.11563517915309446,0.10260336906584992,0.15721231766612642,0.12438625204582651,0.11974110032362459,0.10126582278481013,0.1644295302013423,0.15181518151815182,0.13354037267080746,0.25117739403453687,0.12773109243697478,0.18487394957983194,0.18571428571428572,0.14711033274956217,0.11764705882352941,0.11872909698996656,0.125,0.125,0.2113323124042879,0.08818342151675485,0.10032362459546926,0.17275747508305647,0.2266244057052298,0.13548387096774195,0.08121019108280254,0.10016155088852989,0.19122257053291536,0.1045958795562599,0.15384615384615385,0.15384615384615385,0.14691943127962084,0.23786407766990292,0.11390284757118928,0.11260504201680673,0.12366412213740458,0.17559523809523808,0.13562091503267973,0.18357487922705315,0.1134020618556701,0.17519379844961241,0.10344827586206896,0.12520064205457465,0.0975609756097561,0.1085814360770578,0.09495548961424333,0.10897435897435898,0.10897435897435898,0.10897435897435898,0.14893617021276595,0.105,0.12828438948995363,0.15384615384615385,0.12244897959183673,0.17432646592709986,0.12361331220285261,0.08223684210526316,0.09337349397590361,0.16912972085385877,0.16912972085385877,0.13836477987421383,0.10638297872340426,0.15084745762711865,0.11736334405144695,0.137987012987013,0.11708860759493671,0.14630225080385853,0.10720268006700168,0.06785137318255251,0.13050570962479607,0.08333333333333333,0.13953488372093023,0.1497504159733777,0.11305732484076433,0.1390728476821192,0.1437908496732026,0.20064724919093851,0.1267605633802817,0.17569786535303777,0.10903426791277258,0.12234910277324633,0.13078149920255183,0.16040955631399317,0.09312977099236641,0.19966996699669967,0.07484076433121019,0.10641891891891891,0.10655737704918032,0.1488294314381271,0.23127035830618892,0.1,0.09644670050761421,0.15384615384615385,0.1312,0.1187800963081862,0.1605351170568562,0.1605351170568562,0.1605351170568562,0.10785824345146379,0.21124620060790272,0.0727580372250423,0.11398963730569948,0.06930693069306931,0.10096153846153846,0.17880794701986755,0.13643659711075443,0.13705583756345177,0.18305084745762712,0.15397631133671744,0.1482059282371295,0.1078125,0.17350157728706625,0.07653061224489796,0.33772652388797364,0.09949409780775717,0.22432859399684044,0.11774744027303755,0.19728915662650603,0.09815950920245399,0.13657770800627944,0.08760330578512397,0.11728395061728394,0.11900826446280992,0.12622950819672132,0.19089316987740806,0.17520661157024794,0.10832025117739404
2006,1,9,prevalence,0.08688783570300158,0.15177065767284992,0.0759493670886076,0.07920792079207921,0.22151898734177214,0.15682967959527824,0.11754966887417219,0.15551839464882944,0.12140575079872204,0.1266025641025641,0.1371610845295056,0.17862595419847327,0.18151815181518152,0.11544715447154472,0.28810975609756095,0.0698051948051948,0.08278145695364239,0.18253968253968253,0.1485623003194888,0.11433447098976109,0.14285714285714285,0.16013071895424835,0.09320695102685624,0.06549520766773163,0.14918032786885246,0.0738362760834671,0.11824324324324324,0.1918876755070203,0.11864406779661017,0.17828200972447325,0.1109350237717908,0.1294851794071763,0.12347560975609756,0.11275964391691394,0.2019704433497537,0.15981012658227847,0.15196078431372548,0.1320450885668277,0.19391025641025642,0.11015490533562823,0.15847860538827258,0.16139240506329114,0.1567043618739903,0.12786885245901639,0.1932367149758454,0.10909090909090909,0.13477537437603992,0.15151515151515152,0.13945578231292516,0.10180623973727422,0.11332312404287902,0.12364760432766615,0.05977382875605816,0.17637271214642264,0.11855670103092783,0.09968354430379747,0.16881028938906753,0.11563517915309446,0.13612565445026178,0.1347068145800317,0.14922813036020582,0.0625,0.1192368839427663,0.075,0.08469055374592833,0.05752961082910321,0.0791599353796446,0.16065573770491803,0.1281645569620253,0.10950080515297907,0.07281553398058252,0.11513157894736842,0.1109350237717908,0.1262135922330097,0.1510673234811166,0.07395993836671803,0.13477537437603992,0.12155591572123177,0.17100977198697068,0.09379968203497616,0.14502529510961215,0.16474464579901152,0.14960629921259844,0.16483516483516483,0.11292962356792144,0.17637271214642264,0.1620745542949757,0.1494057724957555,0.11333333333333333,0.14566284779050737,0.09238249594813615,0.09294871794871795,0.1656534954407295,0.06666666666666667,0.1187800963081862,0.16393442622950818,0.2360248447204969,0.09047619047619047,0.07987220447284345,0.11074918566775244,0.1858678955453149,0.14686468646864687,0.19663865546218487,0.19663865546218487,0.1977124183006536,0.17543859649122806,0.10666666666666667,0.10490693739424704,0.12872841444270017,0.16515151515151516,0.15372168284789645,0.22093023255813954,0.08488964346349745,0.14488188976377953,0.15562913907284767,0.1143317230273752,0.08629441624365482,0.10362694300518134,0.0803030303030303,0.08557844690966719,0.08557844690966719,0.08557844690966719,0.13486842105263158,0.13474025974025974,0.12556053811659193,0.15187713310580206,0.12861736334405144,0.1542056074766355,0.15993537964458804,0.0828125,0.09190031152647975,0.14098360655737704,0.14098360655737704,0.14803149606299212,0.0889967637540453,0.17728055077452667,0.1639871382636656,0.11568938193343899,0.11682242990654206,0.17851500789889416,0.1070840197693575,0.07741935483870968,0.1537242472266244,0.0867430441898527,0.15432098765432098,0.19435215946843853,0.12295081967213115,0.13266998341625208,0.08717105263157894,0.14506172839506173,0.0989010989010989,0.16071428571428573,0.11616954474097331,0.2,0.1201923076923077,0.16216216216216217,0.07715582450832073,0.16885245901639345,0.04409448818897638,0.08,0.10197368421052631,0.13066202090592335,0.31158238172920066,0.07582938388625593,0.12033898305084746,0.11591962905718702,0.10801963993453355,0.1414790996784566,0.1079734219269103,0.1079734219269103,0.1079734219269103,0.10371517027863777,0.20217729393468117,0.08983050847457627,0.15104166666666666,0.05186385737439222,0.08742331288343558,0.19597989949748743,0.15645161290322582,0.1342512908777969,0.1757679180887372,0.1744186046511628,0.1677115987460815,0.09717868338557993,0.1298904538341158,0.07017543859649122,0.2676282051282051,0.12265758091993186,0.209375,0.09302325581395349,0.1480916030534351,0.07631160572337042,0.19937694704049844,0.09882747068676717,0.11987381703470032,0.13114754098360656,0.1464226289517471,0.12864493996569468,0.20294599018003273,0.1140625
2007,1,9,prevalence,0.06987577639751552,0.13495934959349593,0.09735973597359736,0.07653910149750416,0.14308426073131955,0.1686746987951807,0.08305647840531562,0.1411764705882353,0.1238244514106583,0.07729468599033816,0.1109350237717908,0.128,0.15488215488215487,0.10048622366288493,0.22152886115444617,0.08386075949367089,0.06440677966101695,0.13509316770186336,0.1134185303514377,0.10613598673300166,0.2126984126984127,0.09477124183006536,0.11323763955342903,0.04503105590062112,0.12111292962356793,0.04785478547854786,0.090311986863711,0.1330128205128205,0.13870967741935483,0.12418300653594772,0.0782472613458529,0.12217194570135746,0.08446455505279035,0.0891238670694864,0.15650741350906094,0.11726384364820847,0.12603648424543948,0.12618296529968454,0.14098360655737704,0.08347245409015025,0.13408723747980614,0.13793103448275862,0.1847649918962723,0.10310965630114566,0.16366612111292964,0.0755336617405583,0.13050570962479607,0.10586319218241043,0.10166666666666667,0.07954545454545454,0.09692307692307692,0.09177215189873418,0.06168831168831169,0.15136876006441224,0.0865874363327674,0.08540372670807453,0.10355987055016182,0.07248764415156507,0.11447811447811448,0.12155591572123177,0.11074380165289256,0.048576214405360134,0.0847457627118644,0.06578947368421052,0.05754276827371695,0.035175879396984924,0.05815831987075929,0.11993517017828201,0.1260229132569558,0.10894308943089431,0.07364975450081833,0.11538461538461539,0.07395498392282958,0.08652246256239601,0.15614617940199335,0.0554675118858954,0.15210355987055016,0.10766721044045677,0.19381107491856678,0.07967479674796749,0.11900826446280992,0.12251655629139073,0.11864406779661017,0.11455108359133127,0.06763285024154589,0.1380952380952381,0.12420382165605096,0.16013628620102216,0.09446254071661238,0.13782051282051283,0.0821256038647343,0.07496012759170653,0.11901081916537867,0.05338078291814947,0.11935483870967742,0.11437908496732026,0.19692307692307692,0.06741573033707865,0.0770440251572327,0.08075601374570447,0.13484848484848486,0.0970873786407767,0.15878378378378377,0.15878378378378377,0.16962843295638125,0.13282442748091602,0.0779436152570481,0.08361774744027303,0.11496062992125984,0.14240506329113925,0.1126984126984127,0.16501650165016502,0.09621993127147767,0.09177215189873418,0.19205298013245034,0.0864600326264274,0.1092436974789916,0.1111111111111111,0.05239520958083832,0.08412698412698413,0.08412698412698413,0.08412698412698413,0.1266891891891892,0.12395309882747069,0.10960960960960961,0.10865874363327674,0.12796208530805686,0.06875,0.10702875399361023,0.08163265306122448,0.09902597402597403,0.14356435643564355,0.14356435643564355,0.14566284779050737,0.07741935483870968,0.1545138888888889,0.15325077399380804,0.07987220447284345,0.09369951534733441,0.13841368584758942,0.0781758957654723,0.045,0.14440993788819875,0.08333333333333333,0.1,0.1636060100166945,0.11707317073170732,0.16962843295638125,0.0707070707070707,0.0959119496855346,0.06635071090047394,0.10180623973727422,0.10754414125200643,0.20985691573926868,0.14354066985645933,0.12080536912751678,0.08148148148148149,0.10214168039538715,0.048859934853420196,0.0701468189233279,0.137987012987013,0.13344594594594594,0.23289902280130292,0.08598726114649681,0.11967213114754098,0.13353566009104703,0.07865168539325842,0.13990461049284578,0.08403361344537816,0.08403361344537816,0.08403361344537816,0.09046849757673667,0.16113744075829384,0.09475465313028765,0.12080536912751678,0.03508771929824561,0.10015408320493066,0.18604651162790697,0.11710323574730354,0.11188811188811189,0.15307820299500832,0.1273031825795645,0.13771517996870108,0.08191653786707882,0.11308562197092084,0.050966608084358524,0.20450885668276972,0.109375,0.1891891891891892,0.08180300500834725,0.11601307189542484,0.057722308892355696,0.18740157480314962,0.10101010101010101,0.09419152276295134,0.09693053311793215,0.12859560067681894,0.09655172413793103,0.16805324459234608,0.08934169278996865
2008,1,9,prevalence,0.06913183279742766,0.08305647840531562,0.08006535947712418,0.08783783783783784,0.1380952380952381,0.12714776632302405,0.05853658536585366,0.10016155088852989,0.10142630744849446,0.06168831168831169,0.08319738988580751,0.11459968602825746,0.1630971993410214,0.152,0.16181229773462782,0.09470304975922954,0.06040268456375839,0.10894308943089431,0.11374407582938388,0.10963455149501661,0.2917316692667707,0.08306709265175719,0.1192368839427663,0.048513302034428794,0.09385113268608414,0.03814262023217247,0.09003215434083602,0.1321656050955414,0.18108974358974358,0.11367380560131796,0.07051282051282051,0.12855007473841554,0.07585139318885449,0.076103500761035,0.12807881773399016,0.12238325281803543,0.12300319488817892,0.11182108626198083,0.1045531197301855,0.05823627287853577,0.12898089171974522,0.1344,0.16181229773462782,0.10197368421052631,0.16080402010050251,0.07333333333333333,0.1568627450980392,0.12140575079872204,0.08333333333333333,0.07211538461538461,0.08763693270735524,0.1056782334384858,0.06229508196721312,0.12121212121212122,0.0812603648424544,0.07028753993610223,0.10655737704918032,0.07107438016528926,0.09830508474576272,0.0728476821192053,0.09666666666666666,0.07859531772575251,0.09276729559748427,0.05582922824302135,0.0967741935483871,0.03349282296650718,0.06229508196721312,0.1085899513776337,0.11410459587955626,0.09822866344605476,0.05752961082910321,0.11705685618729098,0.05466237942122187,0.0978441127694859,0.20136518771331058,0.04900459418070444,0.1596774193548387,0.09180327868852459,0.1617161716171617,0.06291390728476821,0.059375,0.11428571428571428,0.10030864197530864,0.0828125,0.05238095238095238,0.1388888888888889,0.11653543307086614,0.1079734219269103,0.08493589743589744,0.11290322580645161,0.06478405315614617,0.06549520766773163,0.08846761453396525,0.03697183098591549,0.11163522012578617,0.10742496050552923,0.1769352290679305,0.06472491909385113,0.07582938388625593,0.09385665529010238,0.12066365007541478,0.07389937106918239,0.13356164383561644,0.13356164383561644,0.12599681020733652,0.12781954887218044,0.05201342281879195,0.1232876712328767,0.11338582677165354,0.12578616352201258,0.08976377952755905,0.11423841059602649,0.09385665529010238,0.06329113924050633,0.16611842105263158,0.08038585209003216,0.09427609427609428,0.1308562197092084,0.030816640986132512,0.07366771159874608,0.07366771159874608,0.07366771159874608,0.13884297520661157,0.12866449511400652,0.09428129829984544,0.07966101694915254,0.09922480620155039,0.08006279434850863,0.06688417618270799,0.07716535433070866,0.08653846153846154,0.13179571663920922,0.13179571663920922,0.15537190082644628,0.08450704225352113,0.1423611111111111,0.11981566820276497,0.050078247261345854,0.06935483870967742,0.1344,0.09256198347107437,0.04081632653061224,0.16964285714285715,0.0784313725490196,0.08095952023988005,0.15435139573070608,0.1282051282051282,0.11627906976744186,0.06734006734006734,0.08966565349544073,0.07208588957055215,0.11258278145695365,0.10047095761381476,0.22342064714946072,0.1111111111111111,0.10823909531502424,0.08446455505279035,0.1053484602917342,0.048465266558966075,0.07528641571194762,0.1308411214953271,0.14473684210526316,0.1696,0.08150470219435736,0.10194174757281553,0.13125,0.09365079365079365,0.16264090177133655,0.06462035541195477,0.06462035541195477,0.06462035541195477,0.08744038155802862,0.13344051446945338,0.08542713567839195,0.0784313725490196,0.03940886699507389,0.1184407796101949,0.17398373983739837,0.12808641975308643,0.11243611584327087,0.13367174280879865,0.14380165289256197,0.07453416149068323,0.09480122324159021,0.08387096774193549,0.045454545454545456,0.1627172195892575,0.08290155440414508,0.17891373801916932,0.0945945945945946,0.08524590163934426,0.06497622820919176,0.16113744075829384,0.08631921824104234,0.07476635514018691,0.09586776859504133,0.1574539363484087,0.10616438356164383,0.14646464646464646,0.10016155088852989
2009,1,9,prevalence,0.039619651347068144,0.06745362563237774,0.0625,0.06791171477079797,0.12779552715654952,0.12040133779264214,0.05574324324324324,0.06549520766773163,0.07210031347962383,0.04866562009419152,0.062193126022913256,0.08874801901743265,0.13277310924369748,0.125,0.1518578352180937,0.08150470219435736,0.04530201342281879,0.08520900321543408,0.1029641185647426,0.072,0.2286158631415241,0.06260032102728733,0.14146341463414633,0.052795031055900624,0.09177215189873418,0.03130148270181219,0.0732484076433121,0.16749585406301823,0.15548281505728315,0.0847723704866562,0.06688417618270799,0.13746223564954682,0.044753086419753084,0.05069124423963134,0.07974481658692185,0.1059190031152648,0.0864600326264274,0.10662358642972536,0.09045226130653267,0.06,0.11059907834101383,0.09485530546623794,0.14467408585055644,0.09259259259259259,0.09900990099009901,0.04723127035830619,0.13333333333333333,0.10561056105610561,0.08085808580858085,0.06776859504132231,0.07313195548489666,0.07753164556962025,0.049069373942470386,0.10784313725490197,0.07108239095315025,0.0532258064516129,0.0858085808580858,0.07802547770700637,0.06375838926174497,0.07592891760904685,0.08739495798319327,0.06598984771573604,0.09891808346213292,0.04582651391162029,0.08374384236453201,0.016129032258064516,0.056179775280898875,0.09983633387888707,0.10097719869706841,0.06414473684210527,0.037162162162162164,0.10333333333333333,0.0464,0.10613598673300166,0.1325503355704698,0.05362776025236593,0.15,0.08524590163934426,0.14720812182741116,0.07202680067001675,0.08056872037914692,0.09032258064516129,0.08395802098950525,0.047839506172839504,0.05337519623233909,0.09309791332263243,0.09576138147566719,0.07190635451505016,0.0799347471451876,0.10016155088852989,0.054009819967266774,0.050243111831442464,0.06528662420382166,0.043029259896729774,0.11037891268533773,0.10172143974960876,0.11574074074074074,0.04854368932038835,0.08255451713395638,0.08375209380234507,0.1016949152542373,0.05426356589147287,0.11940298507462686,0.11940298507462686,0.10096153846153846,0.09481481481481481,0.059726962457337884,0.135,0.11038961038961038,0.08681672025723473,0.08723747980613894,0.08455284552845528,0.0777027027027027,0.04784688995215311,0.1751227495908347,0.08031496062992126,0.06291390728476821,0.11237785016286644,0.0453857791225416,0.06593406593406594,0.06593406593406594,0.06593406593406594,0.12248322147651007,0.10981697171381032,0.06269592476489028,0.06188925081433225,0.0842433697347894,0.06697819314641744,0.0593900481540931,0.05787781350482315,0.09274873524451939,0.09967320261437909,0.09967320261437909,0.1423785594639866,0.10328638497652583,0.11714770797962648,0.08558558558558559,0.04381846635367762,0.04075235109717868,0.1187800963081862,0.0805921052631579,0.031932773109243695,0.1426403641881639,0.08306188925081433,0.08995502248875563,0.1320754716981132,0.12459016393442623,0.12131147540983607,0.06965174129353234,0.0745814307458143,0.05873261205564142,0.08866995073891626,0.11232449297971919,0.24651162790697675,0.10126582278481013,0.08585055643879173,0.09077598828696926,0.08482871125611746,0.03993344425956739,0.04746317512274959,0.09448818897637795,0.12678288431061807,0.12579617834394904,0.08240887480190175,0.07154471544715447,0.09662576687116564,0.09276729559748427,0.12913385826771653,0.038523274478330656,0.038523274478330656,0.038523274478330656,0.09060955518945635,0.09359605911330049,0.08112582781456953,0.08373590982286634,0.04983388704318937,0.11346444780635401,0.11980033277870217,0.10220125786163523,0.10398613518197573,0.13964686998394862,0.11037891268533773,0.06491499227202473,0.06987577639751552,0.0784313725490196,0.03496503496503497,0.12297734627831715,0.09698996655518395,0.1842948717948718,0.07986688851913477,0.085667215815486,0.05214723926380368,0.1312803889789303,0.061708860759493674,0.0624,0.07967479674796749,0.13162393162393163,0.07130434782608695,0.09395973154362416,0.08388157894736842
2010,1,9,prevalence,0.04205607476635514,0.07142857142857142,0.07166123778501629,0.05638474295190713,0.12140575079872204,0.10273972602739725,0.0775716694772344,0.07384615384615385,0.059375,0.04285714285714286,0.061016949152542375,0.07753164556962025,0.10737179487179487,0.11507293354943274,0.15196078431372548,0.10227272727272728,0.03372681281618887,0.10204081632653061,0.09448818897637795,0.05709876543209876,0.22169059011164274,0.044374009508716325,0.15946843853820597,0.05573248407643312,0.05627009646302251,0.029556650246305417,0.0732484076433121,0.17922948073701842,0.18421052631578946,0.07956318252730109,0.0627062706270627,0.12349397590361445,0.046296296296296294,0.043010752688172046,0.05331179321486268,0.10410094637223975,0.07790143084260731,0.10569105691056911,0.1018363939899833,0.07960199004975124,0.09319526627218935,0.0819935691318328,0.13449367088607594,0.07947019867549669,0.0812603648424544,0.04313099041533546,0.12207357859531773,0.11557788944723618,0.08056872037914692,0.057283142389525366,0.0744336569579288,0.06379585326953748,0.06035889070146819,0.11146496815286625,0.05405405405405406,0.061389337641357025,0.075,0.06260296540362438,0.05289256198347107,0.06050955414012739,0.07679465776293823,0.05218855218855219,0.10832025117739404,0.039735099337748346,0.07419354838709677,0.0192,0.060955518945634266,0.07395498392282958,0.09286898839137644,0.06239737274220033,0.04013961605584642,0.0867430441898527,0.05910543130990415,0.1143317230273752,0.11864406779661017,0.05071315372424723,0.15097402597402598,0.05952380952380952,0.12289562289562289,0.06890756302521009,0.072,0.09210526315789473,0.07044410413476264,0.055205047318611984,0.03709428129829984,0.08842443729903537,0.08082408874801902,0.08319738988580751,0.07003257328990228,0.08828250401284109,0.04738562091503268,0.048859934853420196,0.050473186119873815,0.038461538461538464,0.09951060358890701,0.08099688473520249,0.09872611464968153,0.03803486529318542,0.07020280811232449,0.06782608695652174,0.10542635658914729,0.052547770700636945,0.09966777408637874,0.09966777408637874,0.09807073954983923,0.08941877794336811,0.055,0.12897822445561138,0.08374384236453201,0.08943089430894309,0.04739336492890995,0.08823529411764706,0.04778156996587031,0.03453947368421053,0.18152350081037277,0.1021671826625387,0.08186195826645265,0.10317460317460317,0.06461538461538462,0.048465266558966075,0.048465266558966075,0.048465266558966075,0.09949409780775717,0.10684474123539232,0.05303030303030303,0.06833333333333333,0.09204368174726989,0.06386292834890965,0.06200317965023847,0.05417956656346749,0.08149405772495756,0.08557046979865772,0.08557046979865772,0.13036303630363036,0.10714285714285714,0.08600337268128162,0.0684931506849315,0.03374233128834356,0.03559870550161812,0.10032362459546926,0.0544,0.027868852459016394,0.14391691394658754,0.08809135399673736,0.07680491551459294,0.09949409780775717,0.1553398058252427,0.11256117455138662,0.05638474295190713,0.050381679389312976,0.0490506329113924,0.09262435677530018,0.09584664536741214,0.1798780487804878,0.10852713178294573,0.07559055118110236,0.09667673716012085,0.07540983606557378,0.03076923076923077,0.0372168284789644,0.11867088607594936,0.1424,0.11235955056179775,0.05511811023622047,0.07928802588996764,0.07164634146341463,0.07679738562091504,0.16025641025641027,0.029411764705882353,0.029411764705882353,0.029411764705882353,0.060655737704918035,0.08744038155802862,0.07352941176470588,0.08095238095238096,0.04991680532445923,0.12684365781710916,0.10204081632653061,0.07890499194847021,0.0846286701208981,0.13225806451612904,0.09656301145662848,0.06666666666666667,0.0624048706240487,0.0732899022801303,0.03361344537815126,0.11041009463722397,0.09181969949916527,0.16260162601626016,0.07457627118644068,0.066006600660066,0.07076923076923076,0.10651828298887123,0.05426356589147287,0.048859934853420196,0.07974481658692185,0.12998266897746968,0.0626118067978533,0.07979626485568761,0.09932659932659933
2011,1,9,prevalence,0.05221518987341772,0.07960199004975124,0.07221350078492936,0.04470198675496689,0.09576138147566719,0.10884353741496598,0.08419243986254296,0.090625,0.05198776758409786,0.04051863857374392,0.04926108374384237,0.0707395498392283,0.08878504672897196,0.09045226130653267,0.13192182410423453,0.08589951377633712,0.031879194630872486,0.1043338683788122,0.07728706624605679,0.04636785162287481,0.2102728731942215,0.052715654952076675,0.1361344537815126,0.0821256038647343,0.05203252032520325,0.03820598006644518,0.08441558441558442,0.12046204620462046,0.17419354838709677,0.06698564593301436,0.06589785831960461,0.12248062015503876,0.0804953560371517,0.03955696202531646,0.05564648117839607,0.08974358974358974,0.09177215189873418,0.11650485436893204,0.09900990099009901,0.0757825370675453,0.061746987951807226,0.08012820512820513,0.13015873015873017,0.06677265500794913,0.056818181818181816,0.0512,0.09900990099009901,0.12479740680713128,0.08038585209003216,0.07628524046434494,0.06929133858267716,0.07894736842105263,0.057283142389525366,0.1050080775444265,0.0430622009569378,0.05750798722044728,0.07321131447587355,0.05331179321486268,0.05339805825242718,0.056179775280898875,0.06942148760330578,0.05821917808219178,0.11146496815286625,0.040257648953301126,0.057003257328990226,0.025437201907790145,0.05844155844155844,0.06260296540362438,0.07011686143572621,0.04180602006688963,0.03389830508474576,0.05778491171749599,0.0791599353796446,0.11272141706924316,0.10671256454388985,0.04975922953451043,0.15517241379310345,0.046875,0.11557788944723618,0.057432432432432436,0.055900621118012424,0.07641196013289037,0.05745341614906832,0.05071315372424723,0.04559748427672956,0.09208400646203554,0.0732484076433121,0.08517350157728706,0.05967741935483871,0.07585139318885449,0.05339805825242718,0.047058823529411764,0.061514195583596214,0.04006677796327212,0.0825242718446602,0.06624605678233439,0.0633116883116883,0.06477093206951026,0.08087091757387248,0.07553956834532374,0.0811232449297972,0.05457463884430177,0.09045226130653267,0.09045226130653267,0.07072368421052631,0.07692307692307693,0.0698051948051948,0.11513157894736842,0.07537688442211055,0.0784313725490196,0.05229793977812995,0.09120521172638436,0.040955631399317405,0.03898305084745763,0.16666666666666666,0.08346213292117466,0.08723747980613894,0.09967320261437909,0.05359877488514548,0.048154093097913325,0.048154093097913325,0.048154093097913325,0.0984182776801406,0.0756578947368421,0.07164634146341463,0.06143344709897611,0.09876543209876543,0.058823529411764705,0.07777777777777778,0.048589341692789965,0.10104529616724739,0.08798646362098139,0.08798646362098139,0.11295681063122924,0.07476635514018691,0.09390444810543658,0.0572289156626506,0.046511627906976744,0.03650793650793651,0.0832,0.06343906510851419,0.03691275167785235,0.11475409836065574,0.09253246753246754,0.04281345565749235,0.07863247863247863,0.1357615894039735,0.08974358974358974,0.07178631051752922,0.0425531914893617,0.04390243902439024,0.07491289198606271,0.07580645161290323,0.16588419405320814,0.11961722488038277,0.06310679611650485,0.08895705521472393,0.07278481012658228,0.03430531732418525,0.038461538461538464,0.10697674418604651,0.1056,0.0985691573926868,0.06758832565284179,0.07507987220447285,0.07153965785381027,0.09983361064891846,0.12199036918138041,0.044850498338870434,0.044850498338870434,0.044850498338870434,0.041935483870967745,0.09485530546623794,0.05263157894736842,0.05993690851735016,0.05454545454545454,0.16100443131462333,0.07705479452054795,0.072,0.06735751295336788,0.11181102362204724,0.07741935483870968,0.03565640194489465,0.07053291536050156,0.07450331125827815,0.04482758620689655,0.1203125,0.10666666666666667,0.13428120063191154,0.06482982171799027,0.07095709570957096,0.0764525993883792,0.07704654895666131,0.046153846153846156,0.048939641109298535,0.10289389067524116,0.13043478260869565,0.0548885077186964,0.06135986733001658,0.08034188034188035
2012,1,9,prevalence,0.059190031152647975,0.08333333333333333,0.061514195583596214,0.06589785831960461,0.06436420722135008,0.07960199004975124,0.08916083916083917,0.07186544342507645,0.04409448818897638,0.03773584905660377,0.052980132450331126,0.07301587301587302,0.055205047318611984,0.0829103214890017,0.09485530546623794,0.08006279434850863,0.030560271646859084,0.08682170542635659,0.072,0.046012269938650305,0.16823899371069181,0.06840390879478828,0.11945392491467577,0.10048622366288493,0.05817610062893082,0.03367003367003367,0.08214849921011058,0.11940298507462686,0.16583747927031509,0.07131537242472266,0.06913996627318718,0.10759493670886076,0.0859375,0.03599374021909233,0.05982905982905983,0.07849293563579278,0.078003120124805,0.1,0.10294117647058823,0.07741935483870968,0.04354354354354354,0.07852564102564102,0.10194174757281553,0.05348460291734198,0.06456953642384106,0.042789223454833596,0.07107438016528926,0.08688524590163935,0.0685805422647528,0.07487520798668885,0.05845181674565561,0.09120521172638436,0.05863192182410423,0.0985691573926868,0.03514376996805112,0.05245346869712352,0.06867671691792294,0.0452418096723869,0.05929487179487179,0.06995230524642289,0.06942148760330578,0.05804311774461028,0.09822866344605476,0.04662379421221865,0.057692307692307696,0.029921259842519685,0.08652246256239601,0.042444821731748725,0.07933884297520662,0.04582651391162029,0.03523489932885906,0.04823151125401929,0.05806451612903226,0.12603648424543948,0.07017543859649122,0.043689320388349516,0.11335403726708075,0.058519793459552494,0.08644067796610169,0.060498220640569395,0.071875,0.08660130718954248,0.05108359133126935,0.05238095238095238,0.05396825396825397,0.11690363349131122,0.04754358161648178,0.08280254777070063,0.06924315619967794,0.10328638497652583,0.07085346215780998,0.04276315789473684,0.06239737274220033,0.03278688524590164,0.08025682182985554,0.07865168539325842,0.04051863857374392,0.0641025641025641,0.0890625,0.07368421052631578,0.06329113924050633,0.0746031746031746,0.06747404844290658,0.06747404844290658,0.07475083056478406,0.08469055374592833,0.1008130081300813,0.0957983193277311,0.06885245901639345,0.06942148760330578,0.04690117252931323,0.08471760797342193,0.0423728813559322,0.04482758620689655,0.19003115264797507,0.11384615384615385,0.10097719869706841,0.065,0.06998444790046657,0.06987577639751552,0.06987577639751552,0.06987577639751552,0.07482993197278912,0.06467661691542288,0.09465648854961832,0.05475040257648953,0.09204368174726989,0.06289308176100629,0.10987261146496816,0.07086614173228346,0.10338983050847457,0.08517887563884156,0.08517887563884156,0.10068259385665529,0.09230769230769231,0.06260296540362438,0.055639097744360905,0.03987730061349693,0.04552845528455285,0.0919175911251981,0.06333333333333334,0.04770017035775128,0.09472049689440994,0.09225700164744646,0.04327666151468315,0.0634648370497427,0.12807881773399016,0.07827476038338659,0.07903225806451612,0.041728763040238454,0.043993231810490696,0.07394366197183098,0.1008130081300813,0.14174454828660435,0.10064935064935066,0.06771653543307087,0.10703363914373089,0.06310679611650485,0.045531197301854974,0.038338658146964855,0.11446740858505565,0.07407407407407407,0.07830342577487764,0.05745341614906832,0.08253968253968254,0.0703125,0.0893760539629005,0.0946372239747634,0.05862646566164154,0.05862646566164154,0.05862646566164154,0.036065573770491806,0.0970873786407767,0.0624,0.0464,0.03739837398373984,0.1415929203539823,0.06825938566552901,0.04730831973898858,0.05673758865248227,0.08520900321543408,0.06796116504854369,0.05546492659053834,0.061488673139158574,0.05922165820642978,0.03502626970227671,0.09309791332263243,0.09180327868852459,0.10784313725490197,0.07631160572337042,0.04492512479201331,0.05564387917329094,0.048859934853420196,0.06677265500794913,0.054455445544554455,0.1260229132569558,0.10945273631840796,0.07849829351535836,0.05055292259083728,0.08981001727115717
2013,1,9,prevalence,0.0578386605783866,0.07718120805369127,0.04792332268370607,0.07026143790849673,0.039097744360902256,0.06239737274220033,0.08657243816254417,0.07763975155279502,0.04081632653061224,0.038109756097560975,0.07450331125827815,0.0608,0.0358814352574103,0.08139534883720931,0.08455284552845528,0.08571428571428572,0.033277870216306155,0.07898894154818326,0.09951060358890701,0.046801872074883,0.1287758346581876,0.06611570247933884,0.1269296740994854,0.12195121951219512,0.06050955414012739,0.03858520900321544,0.09967845659163987,0.10616438356164383,0.12871287128712872,0.0421216848673947,0.05821917808219178,0.10952380952380952,0.06987577639751552,0.04120443740095087,0.055944055944055944,0.0430622009569378,0.06201550387596899,0.09501557632398754,0.0794912559618442,0.0679304897314376,0.045180722891566265,0.08346709470304976,0.08771929824561403,0.061806656101426306,0.06260296540362438,0.043410852713178294,0.08085808580858085,0.0867430441898527,0.042071197411003236,0.061461794019933555,0.05660377358490566,0.09274873524451939,0.08116883116883117,0.06698564593301436,0.04153354632587859,0.03904923599320883,0.07445008460236886,0.03400309119010819,0.042483660130718956,0.07728706624605679,0.06156405990016639,0.06957928802588997,0.08538587848932677,0.03685897435897436,0.07472178060413355,0.03852080123266564,0.09,0.05782312925170068,0.04991394148020654,0.05360134003350084,0.03814262023217247,0.06635071090047394,0.09018987341772151,0.12166666666666667,0.05752961082910321,0.048701298701298704,0.07961783439490445,0.07885906040268456,0.09475465313028765,0.05150976909413854,0.07244094488188976,0.08032786885245902,0.054858934169279,0.04180064308681672,0.0594679186228482,0.08108108108108109,0.04739336492890995,0.0847457627118644,0.071875,0.07680491551459294,0.07462686567164178,0.03672787979966611,0.06166666666666667,0.05627009646302251,0.041666666666666664,0.11059190031152648,0.05872756933115824,0.056666666666666664,0.11265432098765432,0.07105719237435008,0.05384615384615385,0.07704918032786885,0.0690846286701209,0.0690846286701209,0.05619834710743802,0.09822866344605476,0.0889967637540453,0.08723747980613894,0.0732899022801303,0.07692307692307693,0.04498269896193772,0.06991869918699187,0.059900166389351084,0.05008944543828265,0.14461538461538462,0.0928,0.09983633387888707,0.054635761589403975,0.071875,0.0438871473354232,0.0438871473354232,0.0438871473354232,0.04674457429048414,0.03826955074875208,0.07956318252730109,0.06070287539936102,0.06116207951070336,0.07108239095315025,0.12057877813504823,0.08557844690966719,0.054365733113673806,0.09212730318257957,0.09212730318257957,0.10051107325383304,0.09911242603550297,0.07395498392282958,0.04626865671641791,0.034482758620689655,0.05040650406504065,0.07255520504731862,0.07260726072607261,0.04006677796327212,0.085,0.05546492659053834,0.04938271604938271,0.05378151260504202,0.06765676567656766,0.05799373040752351,0.08373590982286634,0.03283582089552239,0.033003300330033,0.0763888888888889,0.09062003179650238,0.13862928348909656,0.09884678747940692,0.055205047318611984,0.10276073619631902,0.05055292259083728,0.045,0.062193126022913256,0.11450381679389313,0.048,0.06188925081433225,0.07561728395061729,0.0794912559618442,0.04489164086687306,0.07345575959933222,0.07568438003220612,0.048414023372287146,0.048414023372287146,0.048414023372287146,0.034653465346534656,0.05958132045088567,0.054365733113673806,0.03571428571428571,0.040584415584415584,0.11411411411411411,0.07744107744107744,0.04809286898839138,0.054514480408858604,0.062402496099843996,0.05555555555555555,0.046511627906976744,0.0851063829787234,0.06335616438356165,0.02268760907504363,0.07923930269413629,0.08967851099830795,0.08064516129032258,0.0770440251572327,0.05853658536585366,0.06738131699846861,0.03150912106135987,0.050393700787401574,0.07455429497568881,0.1407035175879397,0.09225700164744646,0.09259259259259259,0.0464,0.0954861111111111
2014,1,9,prevalence,0.07716049382716049,0.08207705192629816,0.034976152623211444,0.0761904761904762,0.0421216848673947,0.057971014492753624,0.07017543859649122,0.06962025316455696,0.047021943573667714,0.05100463678516229,0.07251264755480608,0.05804311774461028,0.03951367781155015,0.08970099667774087,0.08552631578947369,0.0794912559618442,0.03864734299516908,0.054858934169279,0.07717569786535304,0.05826771653543307,0.12666666666666668,0.07213114754098361,0.07214765100671142,0.112,0.05638474295190713,0.049441786283891544,0.08585055643879173,0.09045226130653267,0.10776545166402536,0.056162246489859596,0.05163511187607573,0.11616954474097331,0.058823529411764705,0.05245901639344262,0.06806282722513089,0.05448717948717949,0.07177033492822966,0.07221350078492936,0.04662379421221865,0.04819277108433735,0.05084745762711865,0.09018987341772151,0.07961783439490445,0.06677018633540373,0.03820598006644518,0.06497622820919176,0.08099173553719008,0.10333863275039745,0.03442879499217527,0.05564924114671164,0.04409448818897638,0.06408094435075885,0.06807131280388978,0.058544303797468354,0.03503184713375796,0.024793388429752067,0.08673469387755102,0.039634146341463415,0.07643312101910828,0.06426332288401254,0.06535947712418301,0.06944444444444445,0.09841269841269841,0.04746835443037975,0.05555555555555555,0.04574132492113565,0.08360655737704918,0.046232876712328765,0.03559322033898305,0.05782312925170068,0.04111842105263158,0.07096774193548387,0.0594855305466238,0.12790697674418605,0.048027444253859346,0.07580645161290323,0.07766990291262135,0.07692307692307693,0.08517887563884156,0.03595890410958904,0.04953560371517028,0.08223684210526316,0.0512396694214876,0.05705229793977813,0.05546995377503852,0.06677018633540373,0.04375,0.07087827426810478,0.04608294930875576,0.05945121951219512,0.07467532467532467,0.029411764705882353,0.030100334448160536,0.0624,0.04111842105263158,0.08439490445859872,0.04032258064516129,0.05519480519480519,0.09657320872274143,0.03278688524590164,0.06696428571428571,0.07809847198641766,0.06076388888888889,0.06076388888888889,0.04809286898839138,0.10651828298887123,0.0832,0.06209150326797386,0.04952076677316294,0.06070826306913996,0.058823529411764705,0.07058823529411765,0.07928802588996764,0.058925476603119586,0.12598425196850394,0.10638297872340426,0.07960199004975124,0.05950413223140496,0.057692307692307696,0.07407407407407407,0.07407407407407407,0.07407407407407407,0.03594771241830065,0.038461538461538464,0.08538587848932677,0.03732503888024884,0.06097560975609756,0.0832,0.11057692307692307,0.1045016077170418,0.054455445544554455,0.06333333333333334,0.06333333333333334,0.07560137457044673,0.07929515418502203,0.061514195583596214,0.051775147928994084,0.03939393939393939,0.04838709677419355,0.10291858678955453,0.07487520798668885,0.028333333333333332,0.07296849087893864,0.05647840531561462,0.05654281098546042,0.0380794701986755,0.056856187290969896,0.04792332268370607,0.06602254428341385,0.03793626707132018,0.037953795379537955,0.08061749571183534,0.072,0.12599681020733652,0.07352941176470588,0.03951367781155015,0.0837138508371385,0.04113924050632911,0.04785478547854786,0.04983388704318937,0.0916030534351145,0.04313099041533546,0.04975922953451043,0.07740916271721959,0.08018867924528301,0.046474358974358976,0.07395498392282958,0.05732484076433121,0.04697986577181208,0.04697986577181208,0.04697986577181208,0.02912621359223301,0.0490506329113924,0.05081967213114754,0.032467532467532464,0.042692939244663386,0.07122093023255814,0.07820299500831947,0.0425531914893617,0.08067226890756303,0.08411214953271028,0.054313099041533544,0.061258278145695365,0.08443708609271523,0.05650684931506849,0.027491408934707903,0.05787781350482315,0.0779436152570481,0.08196721311475409,0.07098765432098765,0.06543624161073826,0.0529595015576324,0.0430622009569378,0.05305466237942122,0.06430868167202572,0.09644670050761421,0.06436420722135008,0.08153078202995008,0.03782894736842105,0.10896309314586995
2015,1,9,prevalence,0.05669291338582677,0.06218487394957983,0.04133545310015898,0.04262295081967213,0.05246422893481717,0.05073649754500818,0.059033989266547404,0.07716535433070866,0.04327666151468315,0.05648854961832061,0.08603896103896104,0.0736,0.036656891495601175,0.05457463884430177,0.057003257328990226,0.06869009584664537,0.043478260869565216,0.04173106646058733,0.06003159557661927,0.06141732283464567,0.07925801011804384,0.08116883116883117,0.027257240204429302,0.1076158940397351,0.0565149136577708,0.06341463414634146,0.07430340557275542,0.07260726072607261,0.05642633228840126,0.03852080123266564,0.0387858347386172,0.0896,0.053712480252764615,0.05237315875613748,0.06725663716814159,0.06656101426307448,0.05582137161084529,0.061823802163833076,0.0420032310177706,0.03323262839879154,0.05757575757575758,0.07740916271721959,0.050473186119873815,0.07087827426810478,0.05149501661129568,0.0679304897314376,0.06919275123558484,0.09508716323296355,0.031007751937984496,0.05564924114671164,0.03514376996805112,0.044673539518900345,0.051839464882943144,0.06482982171799027,0.027993779160186624,0.03542673107890499,0.05789473684210526,0.0421875,0.0515625,0.05206738131699847,0.06209150326797386,0.06584992343032159,0.06466876971608833,0.0483619344773791,0.04395604395604396,0.044233807266982623,0.055284552845528454,0.060755336617405585,0.05263157894736842,0.03577512776831346,0.05414551607445008,0.04723127035830619,0.03307086614173228,0.09800664451827243,0.046822742474916385,0.09165302782324058,0.061488673139158574,0.047377326565143825,0.06335616438356165,0.045,0.043343653250773995,0.05025125628140704,0.04966887417218543,0.06351791530944625,0.046031746031746035,0.06386292834890965,0.08074534161490683,0.06842923794712286,0.041158536585365856,0.04747320061255743,0.07523510971786834,0.04926108374384237,0.04377104377104377,0.06645056726094004,0.054009819967266774,0.07881773399014778,0.037037037037037035,0.05785123966942149,0.06379585326953748,0.037337662337662336,0.07503828483920368,0.06935483870967742,0.04145936981757877,0.04145936981757877,0.052100840336134456,0.08225806451612903,0.10066006600660066,0.06188925081433225,0.04508856682769726,0.0651085141903172,0.05081967213114754,0.055284552845528454,0.05501618122977346,0.0690846286701209,0.08411214953271028,0.07049180327868852,0.06655574043261231,0.0756578947368421,0.05055292259083728,0.060514372163388806,0.060514372163388806,0.060514372163388806,0.04854368932038835,0.046357615894039736,0.07236842105263158,0.0444104134762634,0.05359877488514548,0.08439490445859872,0.0804416403785489,0.054635761589403975,0.0463258785942492,0.05821917808219178,0.05821917808219178,0.0506108202443281,0.08083832335329341,0.06677018633540373,0.032407407407407406,0.05778491171749599,0.05518394648829431,0.08201892744479496,0.061191626409017714,0.04208754208754209,0.045531197301854974,0.0532258064516129,0.06851549755301795,0.03459637561779242,0.05952380952380952,0.04918032786885246,0.06593406593406594,0.03987240829346093,0.06677524429967427,0.05335628227194492,0.05246422893481717,0.09728867623604466,0.06873977086743044,0.034328358208955224,0.052307692307692305,0.06570512820512821,0.04376012965964344,0.028523489932885907,0.057926829268292686,0.03627760252365931,0.05203252032520325,0.07177033492822966,0.08507223113964688,0.07642276422764227,0.06280193236714976,0.03414634146341464,0.060655737704918035,0.060655737704918035,0.060655737704918035,0.025437201907790145,0.05625,0.03980099502487562,0.030844155844155844,0.05527638190954774,0.060382916053019146,0.0756578947368421,0.06414473684210527,0.057432432432432436,0.08,0.052715654952076675,0.05756578947368421,0.06568144499178982,0.051926298157453935,0.0274442538593482,0.045454545454545456,0.06312292358803986,0.03135313531353135,0.04552590266875981,0.07830342577487764,0.058646616541353384,0.0432,0.05555555555555555,0.0544,0.06745362563237774,0.06869009584664537,0.09310344827586207,0.04643449419568822,0.07679180887372014
2016,1,9,prevalence,0.04313099041533546,0.06518010291595197,0.04245283018867924,0.018092105263157895,0.04094488188976378,0.02711323763955343,0.042105263157894736,0.06269592476489028,0.03453689167974882,0.05167173252279635,0.06026058631921824,0.06426332288401254,0.036127167630057806,0.027823240589198037,0.03697749196141479,0.060221870047543584,0.03349282296650718,0.03139717425431711,0.030254777070063694,0.03877221324717286,0.05582922824302135,0.0430622009569378,0.005,0.05704697986577181,0.038338658146964855,0.033112582781456956,0.04451510333863275,0.06166666666666667,0.04725609756097561,0.017080745341614908,0.023890784982935155,0.05518394648829431,0.03968253968253968,0.04952076677316294,0.05309734513274336,0.04672897196261682,0.025559105431309903,0.029275808936825885,0.01461038961038961,0.03840245775729647,0.042105263157894736,0.08427876823338736,0.06451612903225806,0.05812220566318927,0.03782894736842105,0.044657097288676235,0.04047217537942664,0.07882534775888717,0.018154311649016642,0.03372681281618887,0.038834951456310676,0.024305555555555556,0.03125,0.058637083993660855,0.014285714285714285,0.03343949044585987,0.0632279534109817,0.0289193302891933,0.04738562091503268,0.03271028037383177,0.03471074380165289,0.05642633228840126,0.0473186119873817,0.04133545310015898,0.033386327503974564,0.020833333333333332,0.052805280528052806,0.04051863857374392,0.04,0.021885521885521887,0.021241830065359478,0.06634304207119741,0.0077279752704791345,0.07679738562091504,0.05245346869712352,0.060955518945634266,0.05608974358974359,0.02866779089376054,0.05583756345177665,0.044142614601018676,0.03453689167974882,0.038917089678511,0.031879194630872486,0.046474358974358976,0.042833607907743,0.05229793977812995,0.07009345794392523,0.05546995377503852,0.036753445635528334,0.05580693815987934,0.050080775444264945,0.038525963149078725,0.025684931506849314,0.0554675118858954,0.035483870967741936,0.06543624161073826,0.0304,0.06623586429725363,0.04654895666131621,0.044657097288676235,0.05206738131699847,0.061788617886178863,0.02823920265780731,0.02823920265780731,0.03741496598639456,0.04462809917355372,0.044481054365733116,0.05901116427432217,0.025396825396825397,0.06209150326797386,0.03776683087027915,0.04355108877721943,0.02145214521452145,0.047775947281713346,0.07667731629392971,0.04032258064516129,0.048939641109298535,0.05357142857142857,0.04173354735152488,0.03186646433990895,0.03186646433990895,0.03186646433990895,0.02576489533011272,0.0429042904290429,0.04311774461028192,0.03129890453834116,0.03912363067292645,0.056910569105691054,0.05188679245283019,0.048859934853420196,0.046875,0.02936096718480138,0.02936096718480138,0.023608768971332208,0.05239520958083832,0.05417956656346749,0.01875,0.0315955766192733,0.05555555555555555,0.047987616099071206,0.045813586097946286,0.01155115511551155,0.02030456852791878,0.0384,0.054276315789473686,0.01309328968903437,0.05811965811965812,0.049019607843137254,0.0677710843373494,0.0390625,0.06386554621848739,0.03934426229508197,0.05071315372424723,0.06188925081433225,0.06375838926174497,0.021148036253776436,0.0410958904109589,0.05030487804878049,0.03064516129032258,0.011437908496732025,0.040498442367601244,0.034976152623211444,0.04854368932038835,0.03571428571428571,0.07293354943273905,0.05638474295190713,0.05619834710743802,0.02066772655007949,0.02471169686985173,0.02471169686985173,0.02471169686985173,0.01901743264659271,0.04225352112676056,0.026578073089700997,0.00975609756097561,0.033444816053511704,0.04451038575667656,0.047619047619047616,0.08278145695364239,0.04591836734693878,0.07076923076923076,0.030206677265500796,0.06414473684210527,0.04830917874396135,0.05149501661129568,0.011965811965811967,0.02138157894736842,0.046052631578947366,0.024834437086092714,0.040310077519379844,0.06446540880503145,0.047692307692307694,0.020967741935483872,0.028037383177570093,0.034482758620689655,0.060556464811783964,0.06379585326953748,0.07426597582037997,0.024834437086092714,0.07094594594594594
2017,1,9,prevalence,0.025236593059936908,0.05351170568561873,0.045813586097946286,0.022988505747126436,0.034976152623211444,0.022838499184339316,0.019130434782608695,0.03827751196172249,0.0359375,0.04711246200607903,0.06372549019607843,0.0452418096723869,0.036231884057971016,0.027586206896551724,0.03064516129032258,0.04313099041533546,0.025974025974025976,0.019908116385911178,0.02511773940345369,0.03908794788273615,0.054838709677419356,0.03365384615384615,0.006700167504187605,0.046875,0.0436817472698908,0.025295109612141653,0.041666666666666664,0.04807692307692308,0.03636363636363636,0.0189873417721519,0.02249134948096886,0.019867549668874173,0.026984126984126985,0.03376205787781351,0.0421792618629174,0.03943217665615142,0.022435897435897436,0.017107309486780714,0.012718600953895072,0.0471841704718417,0.04491017964071856,0.09195402298850575,0.038461538461538464,0.03765060240963856,0.0392156862745098,0.04113924050632911,0.024077046548956663,0.04510108864696734,0.015082956259426848,0.03565640194489465,0.03536977491961415,0.024263431542461005,0.04355108877721943,0.0484375,0.00641025641025641,0.019230769230769232,0.04477611940298507,0.013719512195121951,0.028985507246376812,0.028125,0.028892455858747994,0.04272151898734177,0.04113924050632911,0.03145695364238411,0.025437201907790145,0.01589825119236884,0.06228956228956229,0.028526148969889066,0.05414551607445008,0.03135313531353135,0.016025641025641024,0.06788079470198675,0.0045385779122541605,0.05177993527508091,0.0387858347386172,0.041050903119868636,0.04709576138147567,0.027538726333907058,0.034482758620689655,0.015025041736227046,0.015822784810126583,0.02613240418118467,0.020134228187919462,0.054455445544554455,0.043478260869565216,0.0390625,0.05828220858895705,0.05945121951219512,0.026194144838212634,0.054628224582701064,0.055105348460291734,0.04258943781942078,0.022146507666098807,0.05443234836702955,0.04697986577181208,0.04591836734693878,0.020061728395061727,0.03536977491961415,0.03864734299516908,0.02576489533011272,0.03426791277258567,0.041390728476821195,0.026101141924959218,0.026101141924959218,0.037162162162162164,0.041666666666666664,0.040268456375838924,0.06070287539936102,0.0171606864274571,0.05140961857379768,0.028192371475953566,0.03488372093023256,0.014925373134328358,0.028526148969889066,0.05196850393700787,0.02773246329526917,0.03414634146341464,0.030206677265500796,0.041401273885350316,0.02177293934681182,0.02177293934681182,0.02177293934681182,0.040783034257748776,0.019867549668874173,0.03414634146341464,0.030448717948717948,0.030448717948717948,0.03858520900321544,0.04225352112676056,0.017915309446254073,0.05063291139240506,0.01721170395869191,0.01721170395869191,0.015151515151515152,0.05214723926380368,0.0377643504531722,0.009523809523809525,0.024,0.058823529411764705,0.039816232771822356,0.03767660910518053,0.008116883116883116,0.0156794425087108,0.04416403785488959,0.03316749585406302,0.008,0.0451505016722408,0.03189792663476874,0.036585365853658534,0.025196850393700787,0.07364975450081833,0.022435897435897436,0.030448717948717948,0.04208754208754209,0.055,0.009554140127388535,0.037481259370314844,0.0440251572327044,0.017543859649122806,0.009787928221859706,0.03459119496855346,0.04984423676012461,0.03420195439739414,0.02702702702702703,0.05672609400324149,0.043973941368078175,0.048027444253859346,0.0110062893081761,0.026016260162601626,0.026016260162601626,0.026016260162601626,0.0109375,0.028169014084507043,0.040983606557377046,0.014492753623188406,0.029411764705882353,0.046224961479198766,0.04326923076923077,0.057755775577557754,0.05218855218855219,0.07401812688821752,0.02773246329526917,0.038461538461538464,0.04715447154471545,0.057660626029654036,0.011864406779661017,0.00847457627118644,0.029921259842519685,0.01639344262295082,0.025,0.04559748427672956,0.0289193302891933,0.012944983818770227,0.01437699680511182,0.029173419773095625,0.039735099337748346,0.04220779220779221,0.06176961602671119,0.02666666666666667,0.06833333333333333
2018,1,9,prevalence,0.01597444089456869,0.05647840531561462,0.04830917874396135,0.019169329073482427,0.03328050713153724,0.016286644951140065,0.016891891891891893,0.03980891719745223,0.02047244094488189,0.048265460030165915,0.059113300492610835,0.028081123244929798,0.03806734992679356,0.02030456852791878,0.02773246329526917,0.049019607843137254,0.040453074433656956,0.015625,0.03211009174311927,0.057003257328990226,0.07095709570957096,0.029315960912052116,0.003236245954692557,0.03278688524590164,0.05443234836702955,0.021996615905245348,0.0384,0.053125,0.04468412942989214,0.024,0.009868421052631578,0.013468013468013467,0.02527646129541864,0.03915171288743882,0.01929824561403509,0.030595813204508857,0.03328050713153724,0.022292993630573247,0.004761904761904762,0.03765060240963856,0.043410852713178294,0.09698996655518395,0.03459637561779242,0.0344311377245509,0.021207177814029365,0.036065573770491806,0.02576489533011272,0.05451713395638629,0.017937219730941704,0.02711323763955343,0.03511705685618729,0.02608695652173913,0.06354515050167224,0.03610675039246468,0.006349206349206349,0.02280130293159609,0.029411764705882353,0.007739938080495356,0.03414634146341464,0.020634920634920634,0.024844720496894408,0.0258751902587519,0.025559105431309903,0.03986710963455149,0.021505376344086023,0.012678288431061807,0.04377104377104377,0.024,0.0698051948051948,0.0180623973727422,0.011093502377179081,0.05593220338983051,0.006220839813374806,0.0368,0.05378151260504202,0.03785488958990536,0.030911901081916538,0.03583617747440273,0.03577512776831346,0.021487603305785124,0.009389671361502348,0.016778523489932886,0.020442930153321975,0.059800664451827246,0.040584415584415584,0.04617834394904458,0.0441400304414003,0.06635802469135803,0.02,0.06615384615384616,0.061788617886178863,0.037606837606837605,0.02861952861952862,0.03481012658227848,0.06050420168067227,0.03859060402684564,0.010703363914373088,0.05306799336650083,0.03425774877650897,0.026438569206842923,0.028744326777609682,0.03130434782608696,0.018151815181518153,0.018151815181518153,0.04833333333333333,0.049069373942470386,0.02666666666666667,0.054817275747508304,0.030349013657056147,0.035,0.022988505747126436,0.03425774877650897,0.009787928221859706,0.042789223454833596,0.06329113924050633,0.045454545454545456,0.025889967637540454,0.028662420382165606,0.018151815181518153,0.018604651162790697,0.018604651162790697,0.018604651162790697,0.034108527131782945,0.01015228426395939,0.03145695364238411,0.02113821138211382,0.01740506329113924,0.04538341158059468,0.036334913112164295,0.033925686591276254,0.05927051671732523,0.013816925734024179,0.013816925734024179,0.01485148514851485,0.028391167192429023,0.02599388379204893,0.009478672985781991,0.026101141924959218,0.07226890756302522,0.03610675039246468,0.0436817472698908,0.008503401360544218,0.013793103448275862,0.03627760252365931,0.026402640264026403,0.008025682182985553,0.04297520661157025,0.02926829268292683,0.0406015037593985,0.018867924528301886,0.05177993527508091,0.013029315960912053,0.029874213836477988,0.03782894736842105,0.06806282722513089,0.0016155088852988692,0.032407407407407406,0.048558421851289835,0.024429967426710098,0.006688963210702341,0.020123839009287926,0.037037037037037035,0.04462809917355372,0.024077046548956663,0.0358814352574103,0.03980099502487562,0.044326241134751775,0.011494252873563218,0.02247191011235955,0.02247191011235955,0.02247191011235955,0.015432098765432098,0.028169014084507043,0.04966887417218543,0.02768729641693811,0.03650793650793651,0.0483619344773791,0.03968253968253968,0.03210272873194221,0.0805921052631579,0.03459119496855346,0.029556650246305417,0.03547297297297297,0.05787781350482315,0.04376012965964344,0.01353637901861252,0.008375209380234505,0.03803486529318542,0.019736842105263157,0.02377179080824089,0.04173354735152488,0.03680981595092025,0.01607717041800643,0.011475409836065573,0.04091653027823241,0.025041736227045076,0.03940886699507389,0.03864734299516908,0.013223140495867768,0.0372168284789644
2019,1,9,prevalence,0.025889967637540454,0.03966942148760331,0.05354330708661417,0.021241830065359478,0.04113924050632911,0.02332814930015552,0.015126050420168067,0.042789223454833596,0.011058451816745656,0.037257824143070044,0.06060606060606061,0.023734177215189875,0.04328358208955224,0.030303030303030304,0.024311183144246355,0.03464566929133858,0.03697749196141479,0.016129032258064516,0.04806201550387597,0.08653846153846154,0.0625,0.02975206611570248,0.01652892561983471,0.030575539568345324,0.057926829268292686,0.024096385542168676,0.0336,0.05368098159509203,0.0598159509202454,0.02086677367576244,0.006557377049180328,0.023608768971332208,0.03852080123266564,0.05271828665568369,0.017035775127768313,0.023510971786833857,0.030744336569579287,0.020833333333333332,0.004761904761904762,0.027906976744186046,0.03286384976525822,0.0651085141903172,0.022727272727272728,0.042212518195050945,0.017488076311605722,0.028892455858747994,0.023696682464454975,0.05100463678516229,0.015552099533437015,0.03317535545023697,0.03494176372712146,0.02711864406779661,0.061872909698996656,0.03514376996805112,0.004739336492890996,0.030894308943089432,0.03479576399394856,0.004658385093167702,0.030252100840336135,0.029827315541601257,0.023622047244094488,0.0265625,0.0336,0.03571428571428571,0.015432098765432098,0.00964630225080386,0.008361204013377926,0.03054662379421222,0.0463258785942492,0.018092105263157895,0.013910355486862442,0.052901023890784986,0.00927357032457496,0.030694668820678513,0.05228758169934641,0.0430622009569378,0.020249221183800622,0.025728987993138937,0.02680067001675042,0.024077046548956663,0.00906344410876133,0.0065252854812398045,0.01507537688442211,0.03523489932885906,0.016129032258064516,0.03875968992248062,0.05521472392638037,0.03894080996884735,0.031007751937984496,0.07373271889400922,0.039603960396039604,0.03924914675767918,0.01854974704890388,0.023809523809523808,0.06045751633986928,0.05555555555555555,0.01046337817638266,0.03361344537815126,0.03398058252427184,0.04078549848942598,0.022488755622188907,0.03356890459363958,0.011764705882352941,0.011764705882352941,0.05140961857379768,0.027777777777777776,0.021311475409836064,0.04297520661157025,0.03816793893129771,0.03541315345699832,0.03150912106135987,0.03782894736842105,0.015822784810126583,0.0445468509984639,0.06477093206951026,0.05863192182410423,0.025396825396825397,0.021705426356589147,0.028145695364238412,0.0264797507788162,0.0264797507788162,0.0264797507788162,0.037037037037037035,0.00974025974025974,0.03076923076923077,0.0265210608424337,0.009630818619582664,0.046012269938650305,0.034653465346534656,0.034653465346534656,0.05909090909090909,0.012259194395796848,0.012259194395796848,0.011345218800648298,0.011075949367088608,0.014308426073131956,0.00631911532385466,0.025,0.056818181818181816,0.04173106646058733,0.033123028391167195,0.013311148086522463,0.01929824561403509,0.03241491085899514,0.04501607717041801,0.0096,0.0472972972972973,0.03542673107890499,0.0352760736196319,0.04205607476635514,0.04746835443037975,0.0112,0.023809523809523808,0.018867924528301886,0.053726169844020795,0.0016286644951140066,0.040310077519379844,0.06006006006006006,0.0330188679245283,0.0050933786078098476,0.025411061285500747,0.025806451612903226,0.04071661237785016,0.016129032258064516,0.03387096774193549,0.04060913705583756,0.039792387543252594,0.00487012987012987,0.0249609984399376,0.0249609984399376,0.0249609984399376,0.00764525993883792,0.0176,0.031825795644891124,0.018032786885245903,0.023961661341853034,0.028892455858747994,0.018838304552590265,0.028526148969889066,0.059113300492610835,0.05229793977812995,0.026490066225165563,0.02040816326530612,0.056818181818181816,0.04361873990306947,0.003430531732418525,0.005042016806722689,0.022151898734177215,0.02564102564102564,0.012903225806451613,0.03459637561779242,0.0401854714064915,0.008090614886731391,0.009868421052631578,0.028616852146263912,0.028862478777589132,0.0264797507788162,0.04707792207792208,0.011345218800648298,0.030254777070063694
2020,1,9,prevalence,0.06026058631921824,0.059800664451827246,0.06645056726094004,0.03815580286168521,0.06050955414012739,0.02786377708978328,0.01615508885298869,0.03987240829346093,0.0187207488299532,0.02526002971768202,0.05663430420711974,0.020967741935483872,0.042899408284023666,0.03164556962025317,0.013311148086522463,0.030911901081916538,0.04094488188976378,0.022617124394184167,0.0768025078369906,0.07472178060413355,0.06396255850234009,0.041390728476821195,0.008012820512820512,0.03852889667250438,0.09516616314199396,0.026446280991735537,0.05337519623233909,0.05745341614906832,0.06491499227202473,0.03821656050955414,0.009787928221859706,0.03571428571428571,0.02531645569620253,0.032679738562091505,0.015126050420168067,0.018376722817764167,0.04873949579831933,0.01746031746031746,0.0016025641025641025,0.017027863777089782,0.03421461897356143,0.07269789983844911,0.041666666666666664,0.03770739064856712,0.0141287284144427,0.02254428341384863,0.02593192868719611,0.04923076923076923,0.02332814930015552,0.03761755485893417,0.030303030303030304,0.029459901800327332,0.09013605442176871,0.030254777070063694,0.004838709677419355,0.04213938411669368,0.025914634146341462,0.004672897196261682,0.02003338898163606,0.0571870170015456,0.012326656394453005,0.0375,0.07211538461538461,0.033277870216306155,0.0112,0.004815409309791332,0.024958402662229616,0.05069124423963134,0.038461538461538464,0.013179571663920923,0.02909647779479326,0.03826955074875208,0.004622496147919877,0.022435897435897436,0.05573248407643312,0.047244094488188976,0.0171606864274571,0.0297029702970297,0.04,0.02711323763955343,0.004594180704441042,0.0032102728731942215,0.02040816326530612,0.035897435897435895,0.01818181818181818,0.045171339563862926,0.05514157973174367,0.04,0.023622047244094488,0.08602150537634409,0.04130808950086059,0.034013605442176874,0.017094017094017096,0.018691588785046728,0.06734006734006734,0.0757825370675453,0.010574018126888218,0.047058823529411764,0.030694668820678513,0.03903903903903904,0.014947683109118086,0.05132743362831858,0.024916943521594685,0.024916943521594685,0.06115702479338843,0.0364741641337386,0.029556650246305417,0.03289473684210526,0.0532724505327245,0.03372681281618887,0.021103896103896104,0.06456953642384106,0.03785488958990536,0.04643962848297214,0.04220779220779221,0.06643952299829642,0.028616852146263912,0.019817073170731708,0.03005008347245409,0.03881987577639751,0.03881987577639751,0.03881987577639751,0.043076923076923075,0.006359300476947536,0.03529411764705882,0.03343949044585987,0.003215434083601286,0.07255520504731862,0.03005008347245409,0.0499194847020934,0.06360946745562131,0.014311270125223614,0.014311270125223614,0.00794912559618442,0.007911392405063292,0.009538950715421303,0.007974481658692184,0.023411371237458192,0.039473684210526314,0.0444104134762634,0.023547880690737835,0.006756756756756757,0.0411663807890223,0.025974025974025976,0.04738562091503268,0.018838304552590265,0.03826955074875208,0.03955696202531646,0.051829268292682924,0.055379746835443035,0.0297339593114241,0.010719754977029096,0.02358490566037736,0.0070052539404553416,0.03678929765886288,0.0015625,0.04580152671755725,0.04416403785488959,0.0565149136577708,0.0033333333333333335,0.041666666666666664,0.05057096247960848,0.034653465346534656,0.012861736334405145,0.027375201288244767,0.05546218487394958,0.037037037037037035,0.004885993485342019,0.023076923076923078,0.023076923076923078,0.023076923076923078,0.016897081413210446,0.012944983818770227,0.018900343642611683,0.036243822075782535,0.014469453376205787,0.0372168284789644,0.01892744479495268,0.03656597774244833,0.0368,0.049679487179487176,0.011904761904761904,0.033003300330033,0.046031746031746035,0.040584415584415584,0.0,0.005226480836236934,0.006191950464396285,0.029605263157894735,0.01155115511551155,0.05,0.06109324758842444,0.0065040650406504065,0.008012820512820512,0.04390243902439024,0.03697478991596639,0.015625,0.03955696202531646,0.011308562197092083,0.03779527559055118
2021,1,9,prevalence,0.06493506493506493,0.0633116883116883,0.10725552050473186,0.0473186119873817,0.06655844155844155,0.03317535545023697,0.00946372239747634,0.035541195476575124,0.030721966205837174,0.024615384615384615,0.08188976377952756,0.04433497536945813,0.01908957415565345,0.03307086614173228,0.005136986301369863,0.02945736434108527,0.04930662557781202,0.01932367149758454,0.09190031152647975,0.09190031152647975,0.048465266558966075,0.028145695364238412,0.001567398119122257,0.022727272727272728,0.12998522895125553,0.040783034257748776,0.06907378335949764,0.02666666666666667,0.044709388971684055,0.06779661016949153,0.006462035541195477,0.0347682119205298,0.031055900621118012,0.049019607843137254,0.011494252873563218,0.020186335403726708,0.06554621848739496,0.03231017770597738,0.009819967266775777,0.012698412698412698,0.0171875,0.09135399673735727,0.04746317512274959,0.03987730061349693,0.0124804992199688,0.030254777070063694,0.014492753623188406,0.03697996918335902,0.05663430420711974,0.07378335949764521,0.04084967320261438,0.028846153846153848,0.15640599001663893,0.03459119496855346,0.003169572107765452,0.07861635220125786,0.04626865671641791,0.004573170731707317,0.03035413153456998,0.06456692913385827,0.006097560975609756,0.04567699836867863,0.10967741935483871,0.07167235494880546,0.011627906976744186,0.009966777408637873,0.08360128617363344,0.07541478129713423,0.05314009661835749,0.008183306055646482,0.05100463678516229,0.024916943521594685,0.016923076923076923,0.013289036544850499,0.06918238993710692,0.0673076923076923,0.009693053311793215,0.03488372093023256,0.03826955074875208,0.013782542113323124,0.0031007751937984496,0.001652892561983471,0.026622296173044926,0.026936026936026935,0.014705882352941176,0.07355242566510173,0.09465648854961832,0.03709428129829984,0.023255813953488372,0.10060975609756098,0.04145077720207254,0.059322033898305086,0.011666666666666667,0.0141287284144427,0.05335628227194492,0.09253246753246754,0.029940119760479042,0.030405405405405407,0.0256,0.057863501483679525,0.01361573373676248,0.0584070796460177,0.03349282296650718,0.03349282296650718,0.0624,0.036585365853658534,0.0392156862745098,0.01757188498402556,0.07716049382716049,0.034013605442176874,0.02875399361022364,0.0744336569579288,0.080370942812983,0.043343653250773995,0.05374592833876222,0.05272108843537415,0.04404567699836868,0.03732503888024884,0.023064250411861616,0.041666666666666664,0.041666666666666664,0.041666666666666664,0.043209876543209874,0.00482315112540193,0.034653465346534656,0.07590759075907591,0.003205128205128205,0.136,0.0214168039538715,0.04071661237785016,0.07511045655375552,0.015437392795883362,0.015437392795883362,0.006389776357827476,0.01468189233278956,0.0112,0.0048543689320388345,0.022033898305084745,0.04120443740095087,0.06487341772151899,0.025039123630672927,0.011627906976744186,0.0451505016722408,0.0462046204620462,0.05654281098546042,0.019543973941368076,0.03565640194489465,0.04019292604501608,0.05692307692307692,0.05422647527910686,0.029411764705882353,0.012461059190031152,0.017628205128205128,0.015410958904109588,0.05737704918032787,0.0016181229773462784,0.04821150855365474,0.030110935023771792,0.07028753993610223,0.0016501650165016502,0.04524886877828054,0.05834683954619125,0.035058430717863104,0.011164274322169059,0.028662420382165606,0.07011686143572621,0.07907742998352553,0.0048543689320388345,0.0106544901065449,0.0106544901065449,0.0106544901065449,0.05614567526555387,0.004838709677419355,0.013201320132013201,0.03225806451612903,0.009693053311793215,0.047697368421052634,0.0220125786163522,0.0515625,0.046583850931677016,0.06750392464678179,0.005145797598627788,0.040336134453781515,0.03271028037383177,0.06656101426307448,0.003236245954692557,0.0017094017094017094,0.010670731707317074,0.0704,0.008143322475570033,0.08917197452229299,0.0734375,0.0032626427406199023,0.00641025641025641,0.043478260869565216,0.05040650406504065,0.007936507936507936,0.06814580031695722,0.018272425249169437,0.0224
2022,1,9,prevalence,0.03508771929824561,0.08634222919937205,0.1634920634920635,0.054009819967266774,0.08870967741935484,0.03943217665615142,0.004739336492890996,0.026143790849673203,0.04915514592933948,0.028938906752411574,0.09063444108761329,0.08842443729903537,0.04054054054054054,0.030110935023771792,0.0033112582781456954,0.05657492354740061,0.054313099041533544,0.020766773162939296,0.1484375,0.09327217125382263,0.0440251572327044,0.02106969205834684,0.0015455950540958269,0.030685920577617327,0.13069908814589665,0.059900166389351084,0.07858243451463791,0.01451378809869376,0.027439024390243903,0.08585055643879173,0.003179650238473768,0.049586776859504134,0.06346749226006192,0.08852459016393442,0.01437699680511182,0.02607361963190184,0.0576271186440678,0.0664451827242525,0.03496503496503497,0.0093603744149766,0.014240506329113924,0.08146964856230032,0.06532663316582915,0.06832298136645963,0.0202808112324493,0.03343949044585987,0.009404388714733543,0.025157232704402517,0.07026143790849673,0.12440191387559808,0.04084967320261438,0.0304,0.21475409836065573,0.0352,0.0030627871362940277,0.09775641025641026,0.06870229007633588,0.0030959752321981426,0.032148900169204735,0.054945054945054944,0.006051437216338881,0.06796116504854369,0.09003215434083602,0.08617886178861789,0.004777070063694267,0.004878048780487805,0.09646302250803858,0.11659192825112108,0.050793650793650794,0.006688963210702341,0.04361370716510903,0.016891891891891893,0.0296875,0.013422818791946308,0.09133858267716535,0.11382113821138211,0.006339144215530904,0.03150912106135987,0.049069373942470386,0.002932551319648094,0.0,0.0033222591362126247,0.027070063694267517,0.04753820033955857,0.022033898305084745,0.07923930269413629,0.1609907120743034,0.05180533751962323,0.021172638436482084,0.10793650793650794,0.04355400696864112,0.08833333333333333,0.009836065573770493,0.015748031496062992,0.04195804195804196,0.12211221122112212,0.027982326951399118,0.01615508885298869,0.02702702702702703,0.0700152207001522,0.006134969325153374,0.05326460481099656,0.027287319422150885,0.027287319422150885,0.09033280507131537,0.04954954954954955,0.05555555555555555,0.022508038585209004,0.1015625,0.05203252032520325,0.04153354632587859,0.11182108626198083,0.08791208791208792,0.07379518072289157,0.06622516556291391,0.05040650406504065,0.03354632587859425,0.07339449541284404,0.03150912106135987,0.04120443740095087,0.04120443740095087,0.04120443740095087,0.049441786283891544,0.004862236628849271,0.06333333333333334,0.10526315789473684,0.0050933786078098476,0.15248796147672553,0.011437908496732025,0.0264797507788162,0.10091743119266056,0.035650623885918005,0.035650623885918005,0.0015600624024961,0.013179571663920923,0.008116883116883116,0.003110419906687403,0.0297723292469352,0.026101141924959218,0.0565149136577708,0.022082018927444796,0.0016207455429497568,0.07654723127035831,0.05306799336650083,0.07321131447587355,0.014446227929373997,0.050488599348534204,0.054838709677419356,0.09076682316118936,0.053712480252764615,0.06210191082802548,0.006033182503770739,0.02936378466557912,0.025210084033613446,0.11390284757118928,0.0015822784810126582,0.06144393241167435,0.026234567901234566,0.07561728395061729,0.0,0.036753445635528334,0.0784,0.04215851602023609,0.006462035541195477,0.0192,0.07881773399014778,0.07692307692307693,0.003179650238473768,0.0106544901065449,0.0106544901065449,0.0106544901065449,0.04503105590062112,0.006514657980456026,0.011456628477905073,0.0352,0.006309148264984227,0.05638474295190713,0.02388535031847134,0.11442006269592477,0.04094488188976378,0.09375,0.0034482758620689655,0.03523489932885906,0.026687598116169546,0.1238390092879257,0.0031746031746031746,0.012006861063464836,0.01078582434514638,0.12044374009508717,0.0033222591362126247,0.09350237717908082,0.07781456953642384,0.0032733224222585926,0.007886435331230283,0.06504065040650407,0.06929133858267716,0.007739938080495356,0.06290322580645161,0.011272141706924315,0.02247191011235955
2023,1,9,prevalence,0.011128775834658187,0.1057542768273717,0.20032051282051283,0.04313099041533546,0.07802547770700637,0.046948356807511735,0.0016025641025641025,0.022435897435897436,0.09104704097116843,0.017713365539452495,0.1027190332326284,0.13141025641025642,0.04573170731707317,0.0448,0.004893964110929853,0.10599078341013825,0.07606973058637084,0.008210180623973728,0.16899224806201552,0.11384615384615385,0.05958132045088567,0.02593192868719611,0.001597444089456869,0.028985507246376812,0.14457831325301204,0.09165302782324058,0.08484848484848485,0.008708272859216255,0.029275808936825885,0.11727416798732171,0.0,0.09621993127147767,0.12366412213740458,0.09443507588532883,0.01589825119236884,0.0273972602739726,0.04918032786885246,0.09409888357256778,0.039655172413793106,0.010558069381598794,0.007704160246533128,0.09018987341772151,0.07345575959933222,0.08536585365853659,0.009523809523809525,0.038338658146964855,0.027070063694267517,0.0296875,0.09437086092715231,0.14353312302839116,0.027463651050080775,0.0165016501650165,0.30718954248366015,0.04807692307692308,0.0,0.112,0.08333333333333333,0.004552352048558422,0.04194630872483222,0.04588607594936709,0.005988023952095809,0.07352941176470588,0.06197654941373534,0.10726072607260725,0.0016207455429497568,0.011764705882352941,0.13987138263665594,0.16084977238239756,0.07108239095315025,0.001610305958132045,0.043076923076923075,0.011804384485666104,0.047244094488188976,0.01718213058419244,0.11514195583596215,0.1532258064516129,0.006153846153846154,0.03697749196141479,0.040257648953301126,0.0,0.0,0.020512820512820513,0.0679304897314376,0.037162162162162164,0.030100334448160536,0.06477093206951026,0.24655436447166923,0.0759493670886076,0.024958402662229616,0.09615384615384616,0.03292894280762565,0.14915254237288136,0.011513157894736841,0.031545741324921134,0.0663265306122449,0.1567043618739903,0.030721966205837174,0.013223140495867768,0.025396825396825397,0.05817610062893082,0.0030534351145038168,0.03471074380165289,0.01751592356687898,0.01751592356687898,0.1484992101105845,0.09355828220858896,0.05732484076433121,0.04120443740095087,0.11216429699842022,0.09178743961352658,0.052202283849918436,0.13082706766917293,0.11755233494363929,0.07087827426810478,0.08928571428571429,0.048859934853420196,0.043478260869565216,0.08801213960546282,0.04918032786885246,0.031746031746031744,0.031746031746031744,0.031746031746031744,0.04462809917355372,0.003194888178913738,0.09421487603305785,0.19402985074626866,0.005008347245409015,0.2,0.0067226890756302525,0.03968253968253968,0.1141552511415525,0.05952380952380952,0.05952380952380952,0.0015360983102918587,0.018333333333333333,0.0015748031496062992,0.0032,0.018900343642611683,0.03414634146341464,0.06656346749226007,0.0189873417721519,0.0016051364365971107,0.13311148086522462,0.06655844155844155,0.06741573033707865,0.011400651465798045,0.0945273631840796,0.058544303797468354,0.10681114551083591,0.05825242718446602,0.12480252764612954,0.0014947683109118087,0.03618421052631579,0.04745762711864407,0.11815068493150685,0.0,0.0804416403785489,0.02472952086553323,0.06190476190476191,0.0,0.05642633228840126,0.09870550161812297,0.048576214405360134,0.003215434083601286,0.006430868167202572,0.0943089430894309,0.16387959866220736,0.0,0.008995502248875561,0.008995502248875561,0.008995502248875561,0.049766718506998445,0.009950248756218905,0.01592356687898089,0.04326923076923077,0.006369426751592357,0.06965174129353234,0.03179650238473768,0.12619808306709265,0.04588607594936709,0.09287925696594428,0.0,0.05149501661129568,0.03313253012048193,0.15756630265210608,0.0030441400304414,0.033444816053511704,0.027993779160186624,0.19753086419753085,0.0033222591362126247,0.10869565217391304,0.13993174061433447,0.001694915254237288,0.006191950464396285,0.09446254071661238,0.08225806451612903,0.006269592476489028,0.0685805422647528,0.00641025641025641,0.02050473186119874
2024,1,9,prevalence,0.02821316614420063,0.12135176651305683,0.1824,0.04094488188976378,0.09640522875816994,0.0514820592823713,0.0,0.0336,0.12269938650306748,0.02936378466557912,0.1261682242990654,0.1592356687898089,0.03245749613601236,0.04071661237785016,0.0016638935108153079,0.13384615384615384,0.08914100486223663,0.013050570962479609,0.17692307692307693,0.13193403298350825,0.090311986863711,0.029459901800327332,0.0015923566878980893,0.02857142857142857,0.13137557959814528,0.1180327868852459,0.10785824345146379,0.02359882005899705,0.02147239263803681,0.10426540284360189,0.0,0.15780998389694043,0.1485884101040119,0.1457975986277873,0.019938650306748466,0.018292682926829267,0.042833607907743,0.12861736334405144,0.06040268456375839,0.016819571865443424,0.0061162079510703364,0.11624203821656051,0.07475083056478406,0.10518053375196232,0.009478672985781991,0.06666666666666667,0.0330188679245283,0.015822784810126583,0.14991762767710048,0.16535433070866143,0.0390015600624025,0.022690437601296597,0.30098684210526316,0.06109324758842444,0.0015313935681470138,0.0878594249201278,0.12537764350453173,0.003048780487804878,0.06030150753768844,0.03365384615384615,0.0,0.10491803278688525,0.057432432432432436,0.12317666126418152,0.0,0.011647254575707155,0.14638157894736842,0.2,0.0825242718446602,0.0,0.07313432835820896,0.023529411764705882,0.0754414125200642,0.03156146179401993,0.14220183486238533,0.18536585365853658,0.002902757619738752,0.0380794701986755,0.03349282296650718,0.0,0.0,0.028333333333333332,0.0864,0.020833333333333332,0.032520325203252036,0.07765451664025357,0.3704268292682927,0.08780487804878048,0.029315960912052116,0.08173076923076923,0.020942408376963352,0.23745819397993312,0.018779342723004695,0.04272151898734177,0.09705372616984402,0.20977917981072555,0.035114503816793895,0.021103896103896104,0.018404907975460124,0.05555555555555555,0.0,0.03541315345699832,0.022364217252396165,0.022364217252396165,0.14198473282442747,0.11246200607902736,0.05384615384615385,0.057233704292527825,0.13615023474178403,0.09328968903436989,0.11056105610561057,0.18731117824773413,0.12238325281803543,0.0706436420722135,0.12116316639741519,0.042993630573248405,0.08409785932721713,0.12652439024390244,0.04707792207792208,0.03471074380165289,0.03471074380165289,0.03471074380165289,0.08360128617363344,0.0016051364365971107,0.09847198641765705,0.2722772277227723,0.0064,0.2211690363349131,0.0016891891891891893,0.056910569105691054,0.11246200607902736,0.1152542372881356,0.1152542372881356,0.0,0.01658374792703151,0.001557632398753894,0.0015923566878980893,0.023255813953488372,0.05778491171749599,0.0790273556231003,0.013029315960912053,0.0,0.1913477537437604,0.08681135225375626,0.09763779527559055,0.00322061191626409,0.11544715447154472,0.06836248012718601,0.125,0.0784,0.20382165605095542,0.0,0.048903878583473864,0.10847457627118644,0.07260726072607261,0.0,0.08103727714748785,0.018154311649016642,0.07570977917981073,0.0015432098765432098,0.08860759493670886,0.09577922077922078,0.04384485666104553,0.0015873015873015873,0.006279434850863423,0.10658307210031348,0.20128824476650564,0.0,0.006024096385542169,0.006024096385542169,0.006024096385542169,0.06416275430359937,0.011784511784511785,0.01804511278195489,0.03727714748784441,0.0015772870662460567,0.07072368421052631,0.045662100456621,0.16640746500777606,0.06518282988871224,0.13292117465224113,0.0,0.04376012965964344,0.020123839009287926,0.19968051118210864,0.0015408320493066256,0.058823529411764705,0.043731778425655975,0.26851851851851855,0.0,0.1277602523659306,0.14629948364888123,0.0016556291390728477,0.003105590062111801,0.10476190476190476,0.12032520325203253,0.00315955766192733,0.09404388714733543,0.004830917874396135,0.00794912559618442
2025,1,9,prevalence,0.03945371775417299,0.1465648854961832,0.1819620253164557,0.07834101382488479,0.12267080745341614,0.06944444444444445,0.0,0.031746031746031744,0.1659056316590563,0.05582922824302135,0.14533965244865718,0.18578352180936994,0.015552099533437015,0.029595015576323987,0.0016129032258064516,0.19047619047619047,0.07655502392344497,0.021172638436482084,0.164576802507837,0.14244186046511628,0.1305785123966942,0.04311774461028192,0.0,0.024734982332155476,0.1437216338880484,0.15746753246753248,0.17424242424242425,0.04499274310595065,0.0778816199376947,0.125,0.0,0.1594896331738437,0.17339312406576982,0.141396933560477,0.02034428794992175,0.026865671641791045,0.03322259136212625,0.1557377049180328,0.05387205387205387,0.022865853658536585,0.0031201248049922,0.10393700787401575,0.05582137161084529,0.1140495867768595,0.011023622047244094,0.08896210873146623,0.0322061191626409,0.030254777070063694,0.2023217247097844,0.19325153374233128,0.03894080996884735,0.025356576862123614,0.2995008319467554,0.06462035541195477,0.001483679525222552,0.07177814029363784,0.1834862385321101,0.003125,0.07532051282051282,0.034482758620689655,0.0,0.14705882352941177,0.076158940397351,0.14779874213836477,0.0,0.011513157894736841,0.14054927302100162,0.23547400611620795,0.08653846153846154,0.0,0.11861861861861862,0.023809523809523808,0.08548387096774193,0.07166666666666667,0.17076923076923076,0.17598684210526316,0.002932551319648094,0.027777777777777776,0.06230031948881789,0.0,0.0,0.05902192242833052,0.12145110410094637,0.023890784982935155,0.03317535545023697,0.08507223113964688,0.29555895865237364,0.11414790996784566,0.018363939899833055,0.08210180623973727,0.0274442538593482,0.2682119205298013,0.03189792663476874,0.057283142389525366,0.1166077738515901,0.21226415094339623,0.08153846153846153,0.04746317512274959,0.033123028391167195,0.04141104294478527,0.0,0.021996615905245348,0.015822784810126583,0.015822784810126583,0.17894736842105263,0.1361573373676248,0.08575803981623277,0.057660626029654036,0.1542056074766355,0.09235668789808917,0.1396103896103896,0.23391812865497075,0.1618320610687023,0.07177814029363784,0.14123376623376624,0.0593900481540931,0.1189358372456964,0.1798780487804878,0.07154213036565978,0.03571428571428571,0.03571428571428571,0.03571428571428571,0.05152979066022544,0.001589825119236884,0.08207705192629816,0.2127659574468085,0.006339144215530904,0.22756410256410256,0.0016835016835016834,0.03993344425956739,0.11956521739130435,0.2134251290877797,0.2134251290877797,0.0,0.019867549668874173,0.0016,0.0016207455429497568,0.026533996683250415,0.0463258785942492,0.14420062695924765,0.011627906976744186,0.0,0.28289473684210525,0.12962962962962962,0.09612403100775194,0.001610305958132045,0.13366336633663367,0.06229508196721312,0.15689381933438987,0.09309791332263243,0.23739837398373984,0.0,0.059900166389351084,0.15959252971137522,0.08293460925039872,0.0,0.07742998352553541,0.017377567140600316,0.09006211180124224,0.0015822784810126582,0.08333333333333333,0.13578274760383385,0.05872756933115824,0.0015455950540958269,0.0015220700152207,0.09033280507131537,0.18064516129032257,0.0,0.0015455950540958269,0.0015455950540958269,0.0015455950540958269,0.06003159557661927,0.018518518518518517,0.024427480916030534,0.03453947368421053,0.0016207455429497568,0.10828025477707007,0.03374233128834356,0.18847352024922118,0.07221350078492936,0.15479876160990713,0.0,0.04006410256410257,0.03639240506329114,0.19659442724458204,0.0,0.1553398058252427,0.06932153392330384,0.28,0.0032414910858995136,0.13395638629283488,0.1495798319327731,0.0016366612111292963,0.0015923566878980893,0.14583333333333334,0.12561174551386622,0.0046439628482972135,0.10452418096723869,0.003129890453834116,0.006339144215530904
