Time,age_start,age_end,measure,draw_0,draw_1,draw_2,draw_3,draw_4,draw_5,draw_6,draw_7,draw_8,draw_9,draw_10,draw_11,draw_12,draw_13,draw_14,draw_15,draw_16,draw_17,draw_18,draw_19,draw_20,draw_21,draw_22,draw_23,draw_24,draw_25,draw_26,draw_27,draw_28,draw_29,draw_30,draw_31,draw_32,draw_33,draw_34,draw_35,draw_36,draw_37,draw_38,draw_39,draw_40,draw_41,draw_42,draw_43,draw_44,draw_45,draw_46,draw_47,draw_48,draw_49,draw_50,draw_51,draw_52,draw_53,draw_54,draw_55,draw_56,draw_57,draw_58,draw_59,draw_60,draw_61,draw_62,draw_63,draw_64,draw_65,draw_66,draw_67,draw_68,draw_69,draw_70,draw_71,draw_72,draw_73,draw_74,draw_75,draw_76,draw_77,draw_78,draw_79,draw_80,draw_81,draw_82,draw_83,draw_84,draw_85,draw_86,draw_87,draw_88,draw_89,draw_90,draw_91,draw_92,draw_93,draw_94,draw_95,draw_96,draw_97,draw_98,draw_99,draw_100,draw_101,draw_102,draw_103,draw_104,draw_105,draw_106,draw_107,draw_108,draw_109,draw_110,draw_111,draw_112,draw_113,draw_114,draw_115,draw_116,draw_117,draw_118,draw_119,draw_120,draw_121,draw_122,draw_123,draw_124,draw_125,draw_126,draw_127,draw_128,draw_129,draw_130,draw_131,draw_132,draw_133,draw_134,draw_135,draw_136,draw_137,draw_138,draw_139,draw_140,draw_141,draw_142,draw_143,draw_144,draw_145,draw_146,draw_147,draw_148,draw_149,draw_150,draw_151,draw_152,draw_153,draw_154,draw_155,draw_156,draw_157,draw_158,draw_159,draw_160,draw_161,draw_162,draw_163,draw_164,draw_165,draw_166,draw_167,draw_168,draw_169,draw_170,draw_171,draw_172,draw_173,draw_174,draw_175,draw_176,draw_177,draw_178,draw_179,draw_180,draw_181,draw_182,draw_183,draw_184,draw_185,draw_186,draw_187,draw_188,draw_189,draw_190,draw_191,draw_192,draw_193,draw_194,draw_195,draw_196,draw_197,draw_198,draw_199
1996,1,9,prevalence,0.09313725490196079,0.19516129032258064,0.08557844690966719,0.09544787077826726,0.1346749226006192,0.19805194805194806,0.1260096930533118,0.15170278637770898,0.09331259720062209,0.14152410575427682,0.11591962905718702,0.1582952815829528,0.12267080745341614,0.11329305135951662,0.09433962264150944,0.16695059625212946,0.2529585798816568,0.1390625,0.19391025641025642,0.0128,0.11057692307692307,0.24525316455696203,0.17412140575079874,0.027649769585253458,0.09220985691573927,0.044444444444444446,0.1174496644295302,0.041990668740279936,0.075,0.09470304975922954,0.08448540706605223,0.14240506329113925,0.10430463576158941,0.06976744186046512,0.09309791332263243,0.09046849757673667,0.061837455830388695,0.11944869831546708,0.04566929133858268,0.12537764350453173,0.13488372093023257,0.19339622641509435,0.026113671274961597,0.07852564102564102,0.078125,0.03206106870229008,0.15582450832072617,0.011217948717948718,0.17033773861967694,0.11219512195121951,0.09250398724082935,0.18138041733547353,0.1396103896103896,0.14469453376205788,0.0,0.061872909698996656,0.14026402640264027,0.1126331811263318,0.08892355694227769,0.15384615384615385,0.2641221374045801,0.20187793427230047,0.17851500789889416,0.08399366085578447,0.12797619047619047,0.13551401869158877,0.12887438825448613,0.03767660910518053,0.07017543859649122,0.17519379844961241,0.06231003039513678,0.046875,0.2220496894409938,0.11904761904761904,0.24100156494522693,0.09204368174726989,0.20726172465960666,0.1508828250401284,0.19161676646706588,0.21068702290076335,0.15605095541401273,0.11783960720130933,0.18778625954198475,0.18740157480314962,0.10917721518987342,0.17584097859327216,0.1919191919191919,0.10845295055821372,0.13278688524590163,0.1292834890965732,0.19076923076923077,0.1643835616438356,0.2614601018675722,0.12168486739469579,0.1815126050420168,0.11937984496124031,0.11737089201877934,0.15184049079754602,0.09816971713810316,0.14735099337748345,0.11145510835913312,0.12457912457912458,0.11703703703703704,0.159375,0.1464968152866242,0.1062874251497006,0.2247191011235955,0.11601307189542484,0.06487341772151899,0.1166936790923825,0.16692913385826771,0.014331210191082803,0.09273570324574962,0.1289308176100629,0.11609907120743033,0.11414790996784566,0.06220839813374806,0.09740259740259741,0.04833836858006042,0.11532125205930807,0.14545454545454545,0.1461038961038961,0.05492730210016155,0.045171339563862926,0.12025316455696203,0.09692307692307692,0.13650306748466257,0.1320450885668277,0.16908212560386474,0.19968304278922344,0.11094224924012158,0.09090909090909091,0.048,0.012718600953895072,0.11980830670926518,0.09544787077826726,0.13813813813813813,0.14664586583463338,0.12312312312312312,0.0,0.041791044776119404,0.16912972085385877,0.13587786259541984,0.1273031825795645,0.10510510510510511,0.10423452768729642,0.17038216560509553,0.19617224880382775,0.10869565217391304,0.08575581395348837,0.11367380560131796,0.096875,0.0717628705148206,0.12752721617418353,0.07776049766718507,0.10032362459546926,0.11638591117917305,0.11791044776119403,0.136431784107946,0.1471927162367223,0.13162118780096307,0.047933884297520664,0.02702702702702703,0.09063893016344725,0.0681063122923588,0.03582089552238806,0.14803149606299212,0.11363636363636363,0.0,0.0,0.05466237942122187,0.013803680981595092,0.18253968253968253,0.05186385737439222,0.12461059190031153,0.20955315870570107,0.08513931888544891,0.15433070866141732,0.21690590111642744,0.2161741835147745,0.12419354838709677,0.13003095975232198,0.14171974522292993,0.044444444444444446,0.16187594553706505,0.125,0.0802675585284281,0.10194174757281553,0.2037914691943128,0.09618573797678276,0.1088,0.0625,0.12738853503184713,0.16908212560386474,0.05956112852664577,0.2378716744913928,0.18040435458786935,0.22762951334379905,0.1951219512195122,0.09204368174726989
1997,1,9,prevalence,0.11912751677852348,0.12417218543046357,0.0912106135986733,0.11669128508124077,0.11889250814332247,0.21578947368421053,0.1040650406504065,0.20292207792207792,0.19936204146730463,0.14423076923076922,0.13099041533546327,0.1550632911392405,0.13432835820895522,0.09888357256778309,0.12845528455284552,0.14554794520547945,0.34276729559748426,0.1619496855345912,0.13659359190556492,0.011666666666666667,0.11688311688311688,0.2625418060200669,0.19269102990033224,0.03508771929824561,0.07859531772575251,0.03125,0.09492635024549918,0.04950495049504951,0.07308970099667775,0.17733990147783252,0.10628019323671498,0.12151067323481117,0.11813643926788686,0.05582137161084529,0.059113300492610835,0.09852216748768473,0.08566433566433566,0.08466453674121406,0.05194805194805195,0.12096774193548387,0.15347334410339256,0.14896988906497624,0.016025641025641024,0.05084745762711865,0.09265734265734266,0.016591251885369532,0.15132605304212168,0.006568144499178982,0.17647058823529413,0.07166666666666667,0.07166123778501629,0.17457627118644067,0.17346938775510204,0.13747954173486088,0.0,0.06732348111658457,0.13644214162348878,0.14961832061068703,0.09046849757673667,0.16938110749185667,0.23076923076923078,0.18138041733547353,0.16530278232405893,0.0779436152570481,0.14746543778801843,0.10177705977382875,0.11563517915309446,0.043478260869565216,0.06085526315789474,0.13513513513513514,0.08695652173913043,0.02576489533011272,0.19718309859154928,0.11620294599018004,0.2222222222222222,0.1064516129032258,0.2890995260663507,0.1574539363484087,0.16352201257861634,0.15055467511885895,0.1634304207119741,0.1391304347826087,0.2110939907550077,0.13614262560777957,0.07223113964686999,0.18006430868167203,0.17687074829931973,0.1757679180887372,0.1271186440677966,0.09076433121019108,0.16557377049180327,0.166412213740458,0.21913043478260869,0.09682804674457429,0.2010221465076661,0.13247172859450726,0.09250398724082935,0.21955128205128205,0.08214285714285714,0.16202945990180032,0.13477537437603992,0.12824956672443674,0.12130637636080871,0.13282442748091602,0.17733990147783252,0.128125,0.21533442088091354,0.1635434412265758,0.05451713395638629,0.11284722222222222,0.21906354515050167,0.01903114186851211,0.11442786069651742,0.13679245283018868,0.09415584415584416,0.11833333333333333,0.05246422893481717,0.12151067323481117,0.04588607594936709,0.08075601374570447,0.10062893081761007,0.14566284779050737,0.06587837837837837,0.040783034257748776,0.10561056105610561,0.10776545166402536,0.18181818181818182,0.09661016949152543,0.13856427378964942,0.29497568881685576,0.0873015873015873,0.11092715231788079,0.04088586030664395,0.008445945945945946,0.1447811447811448,0.11043872919818457,0.10107197549770292,0.1744,0.18006430868167203,0.0,0.07852564102564102,0.18181818181818182,0.11490683229813664,0.13166666666666665,0.11710323574730354,0.11833333333333333,0.2304,0.18243243243243243,0.12106918238993711,0.11013215859030837,0.08089500860585198,0.08346709470304976,0.04725609756097561,0.15822784810126583,0.05032467532467533,0.07462686567164178,0.09968354430379747,0.07729468599033816,0.0958904109589041,0.21553090332805072,0.11582381729200653,0.050761421319796954,0.014240506329113924,0.08628659476117104,0.061258278145695365,0.03387096774193549,0.17096774193548386,0.08647798742138364,0.0,0.0,0.0734094616639478,0.007886435331230283,0.20621931260229132,0.043478260869565216,0.14333333333333334,0.18009478672985782,0.096,0.19902912621359223,0.14358974358974358,0.24098360655737705,0.13573883161512026,0.16164817749603805,0.10147299509001637,0.04084967320261438,0.18110236220472442,0.21625766871165644,0.08145580589254767,0.20261437908496732,0.192,0.10481099656357389,0.1335559265442404,0.05360134003350084,0.11419249592169657,0.21258503401360543,0.03409090909090909,0.272875816993464,0.20911949685534592,0.2144,0.16198347107438016,0.08964451313755796
1998,1,9,prevalence,0.12416107382550336,0.12479201331114809,0.06734006734006734,0.11192930780559647,0.1824,0.19047619047619047,0.11620294599018004,0.22772277227722773,0.2698412698412698,0.1045016077170418,0.1332263242375602,0.1322314049586777,0.13911620294599017,0.08557844690966719,0.16377952755905512,0.10238907849829351,0.3465818759936407,0.11419753086419752,0.1218274111675127,0.008291873963515755,0.1187800963081862,0.22333333333333333,0.2108843537414966,0.044585987261146494,0.06844741235392321,0.023608768971332208,0.07979626485568761,0.06115702479338843,0.06710310965630115,0.19933554817275748,0.11956521739130435,0.1088,0.1,0.07264296754250386,0.06785137318255251,0.12199036918138041,0.10157618213660245,0.06220095693779904,0.057660626029654036,0.15141955835962145,0.14015748031496064,0.1,0.029173419773095625,0.017628205128205128,0.10135135135135136,0.022617124394184167,0.14701378254211334,0.011475409836065573,0.17004680187207488,0.11185308848080133,0.0805921052631579,0.14710743801652892,0.16694772344013492,0.10927152317880795,0.0,0.06320907617504051,0.10034602076124567,0.15431164901664146,0.09951060358890701,0.12131147540983607,0.16164817749603805,0.17532467532467533,0.12317666126418152,0.057755775577557754,0.11746522411128284,0.10378912685337727,0.09223300970873786,0.051036682615629984,0.07920792079207921,0.10766721044045677,0.11812297734627832,0.025914634146341462,0.1281645569620253,0.09803921568627451,0.12962962962962962,0.12480252764612954,0.29073482428115016,0.13893376413570274,0.20793650793650795,0.09105180533751962,0.23387096774193547,0.17785234899328858,0.17262830482115085,0.13987138263665594,0.08485856905158069,0.19055118110236222,0.20394736842105263,0.178752107925801,0.08,0.07656967840735068,0.14,0.13190184049079753,0.17152658662092624,0.1206611570247934,0.17598684210526316,0.13008130081300814,0.09748427672955975,0.33386837881219905,0.07801418439716312,0.1777059773828756,0.165,0.10189982728842832,0.13740458015267176,0.12539184952978055,0.1485148514851485,0.11708860759493671,0.1610305958132045,0.17428087986463622,0.04285714285714286,0.11229946524064172,0.23237179487179488,0.02460456942003515,0.10876623376623376,0.12363067292644757,0.09693053311793215,0.13590604026845637,0.040257648953301126,0.07401574803149606,0.08809135399673736,0.08710801393728224,0.11708860759493671,0.18302828618968386,0.05843071786310518,0.0379746835443038,0.12322274881516587,0.11074918566775244,0.1784037558685446,0.05324459234608985,0.09819967266775777,0.3241042345276873,0.08493589743589744,0.13410596026490065,0.027777777777777776,0.0049833887043189366,0.16923076923076924,0.18552036199095023,0.0882800608828006,0.1996904024767802,0.18578352180936994,0.0,0.10793650793650794,0.17,0.11624203821656051,0.08433734939759036,0.09428129829984544,0.09364548494983277,0.173015873015873,0.21105527638190955,0.17107309486780714,0.10603829160530191,0.10608695652173913,0.06229508196721312,0.07854984894259819,0.17628705148205928,0.0438871473354232,0.05823627287853577,0.11219512195121951,0.08064516129032258,0.11059907834101383,0.2202852614896989,0.11501597444089456,0.04770017035775128,0.008077544426494346,0.09516380655226209,0.04878048780487805,0.03114754098360656,0.17377567140600317,0.062402496099843996,0.0,0.0,0.07907742998352553,0.003169572107765452,0.15057283142389524,0.07641196013289037,0.16051364365971107,0.21303656597774245,0.07570977917981073,0.29256198347107437,0.1393841166936791,0.24757281553398058,0.14795918367346939,0.21578099838969403,0.0891089108910891,0.028391167192429023,0.1891891891891892,0.2870229007633588,0.08970099667774087,0.19639934533551553,0.16586921850079744,0.11204013377926421,0.14715719063545152,0.04639175257731959,0.088379705400982,0.18010291595197256,0.03481012658227848,0.2144026186579378,0.1664050235478807,0.18811881188118812,0.14873417721518986,0.1088
1999,1,9,prevalence,0.11650485436893204,0.10423452768729642,0.028333333333333332,0.11077844311377245,0.2042833607907743,0.11929824561403508,0.1050080775444265,0.22504230118443316,0.3057324840764331,0.08803986710963455,0.10231023102310231,0.10277324632952692,0.12135922330097088,0.06031746031746032,0.19440124416796267,0.08193979933110368,0.2546875,0.12199036918138041,0.1533442088091354,0.014423076923076924,0.08239095315024232,0.1593959731543624,0.1989795918367347,0.050080775444264945,0.04118616144975288,0.0333889816360601,0.08506944444444445,0.08471760797342193,0.08006535947712418,0.20545746388443017,0.13132911392405064,0.13687600644122383,0.08305084745762711,0.07142857142857142,0.0703125,0.1308562197092084,0.15178571428571427,0.0544,0.0410958904109589,0.17257318952234207,0.16199376947040497,0.06531881804043546,0.054514480408858604,0.022727272727272728,0.08099173553719008,0.020766773162939296,0.17418351477449456,0.008090614886731391,0.13987138263665594,0.12417218543046357,0.08429752066115702,0.1697792869269949,0.15254237288135594,0.11038961038961038,0.00315955766192733,0.07479674796747968,0.07614213197969544,0.1580547112462006,0.10596026490066225,0.07407407407407407,0.16744186046511628,0.24065040650406505,0.11464968152866242,0.0625,0.09033280507131537,0.1072,0.10132890365448505,0.05345911949685535,0.08803986710963455,0.084375,0.17452830188679244,0.04983922829581994,0.1312,0.13322091062394603,0.12095400340715502,0.11483253588516747,0.2627388535031847,0.16666666666666666,0.18223583460949463,0.10126582278481013,0.24311183144246354,0.17656500802568217,0.15053763440860216,0.13064516129032258,0.09208400646203554,0.21060842433697347,0.21019108280254778,0.22405271828665568,0.13275862068965516,0.07644305772230889,0.10613598673300166,0.11314984709480122,0.13020833333333334,0.11744386873920552,0.15806988352745424,0.11219512195121951,0.10793650793650794,0.4111111111111111,0.08274647887323944,0.16666666666666666,0.15488215488215487,0.09847198641765705,0.11603053435114503,0.15031645569620253,0.1895424836601307,0.1271860095389507,0.1184,0.1705685618729097,0.06349206349206349,0.0962962962962963,0.28917609046849757,0.0353356890459364,0.1264559068219634,0.12074303405572756,0.08986928104575163,0.12741935483870967,0.036741214057507986,0.06085526315789474,0.06919275123558484,0.11498257839721254,0.10725552050473186,0.17763157894736842,0.05679862306368331,0.04038772213247173,0.12824675324675325,0.10912052117263844,0.1627172195892575,0.04778156996587031,0.07154742096505824,0.31017770597738287,0.07874015748031496,0.11774461028192372,0.025044722719141325,0.005008347245409015,0.20735785953177258,0.2530487804878049,0.08358662613981763,0.23390894819466249,0.22136222910216719,0.0,0.11428571428571428,0.1829059829059829,0.15384615384615385,0.05593220338983051,0.0891238670694864,0.10543657331136738,0.1731669266770671,0.1934931506849315,0.19598765432098766,0.095952023988006,0.10172413793103448,0.06366459627329192,0.0887218045112782,0.18138801261829654,0.044585987261146494,0.043697478991596636,0.08631921824104234,0.05405405405405406,0.11532625189681335,0.16483516483516483,0.13354531001589826,0.05813953488372093,0.0189873417721519,0.1056782334384858,0.057660626029654036,0.023026315789473683,0.21753246753246752,0.07108239095315025,0.0,0.0,0.04628099173553719,0.004830917874396135,0.1254071661237785,0.05843071786310518,0.15421303656597773,0.21061093247588425,0.1024,0.225,0.13192182410423453,0.22435897435897437,0.15397350993377484,0.23943661971830985,0.1254125412541254,0.05354330708661417,0.14057507987220447,0.33437990580847726,0.08629441624365482,0.2528925619834711,0.11464968152866242,0.10180623973727422,0.19047619047619047,0.03471074380165289,0.09394904458598727,0.136986301369863,0.031096563011456628,0.20952380952380953,0.14442700156985872,0.23529411764705882,0.16531604538087522,0.1064516129032258
2000,1,9,prevalence,0.10440456769983687,0.09950248756218906,0.01867572156196944,0.1043872919818457,0.20404721753794267,0.10247349823321555,0.13210702341137123,0.17785234899328858,0.28278041074249605,0.058823529411764705,0.08431703204047218,0.10310965630114566,0.1330128205128205,0.1126984126984127,0.14088820826952528,0.08040201005025126,0.21518987341772153,0.11707317073170732,0.13964686998394862,0.01282051282051282,0.08186195826645265,0.10981697171381032,0.21731748726655348,0.08387096774193549,0.03145695364238411,0.039735099337748346,0.06913996627318718,0.10333333333333333,0.10361842105263158,0.24842767295597484,0.1134185303514377,0.14814814814814814,0.09166666666666666,0.06739811912225706,0.045454545454545456,0.12171052631578948,0.16784452296819788,0.06814580031695722,0.03418803418803419,0.151033386327504,0.18238993710691823,0.047619047619047616,0.03431372549019608,0.024154589371980676,0.08970099667774087,0.023291925465838508,0.16071428571428573,0.011164274322169059,0.13509060955518945,0.14502529510961215,0.10281923714759536,0.1847457627118644,0.15104166666666666,0.14662273476112025,0.0016339869281045752,0.0738255033557047,0.09902597402597403,0.18057663125948406,0.10252100840336134,0.04006677796327212,0.12061068702290076,0.2948717948717949,0.10793650793650794,0.0634648370497427,0.0685805422647528,0.11464968152866242,0.09833333333333333,0.049689440993788817,0.09135399673735727,0.10248447204968944,0.12479740680713128,0.045307443365695796,0.11755233494363929,0.12086092715231789,0.10294117647058823,0.16826923076923078,0.22312703583061888,0.17073170731707318,0.1761006289308176,0.11235955056179775,0.15248796147672553,0.16,0.12613981762917933,0.11869918699186992,0.08116883116883117,0.2279874213836478,0.16264090177133655,0.22185430463576158,0.09120521172638436,0.06666666666666667,0.08983050847457627,0.1059001512859304,0.11386138613861387,0.1371527777777778,0.13747954173486088,0.11237785016286644,0.08985024958402663,0.33064516129032256,0.10154905335628227,0.15625,0.11577181208053691,0.08644067796610169,0.11061285500747384,0.1529968454258675,0.2,0.13029315960912052,0.09335443037974683,0.13071895424836602,0.06962025316455696,0.06810035842293907,0.27941176470588236,0.026362038664323375,0.1758957654723127,0.1404320987654321,0.1254180602006689,0.10114192495921696,0.029459901800327332,0.06568144499178982,0.06666666666666667,0.08532423208191127,0.1774960380348653,0.19185059422750425,0.06735751295336788,0.05,0.16584564860426929,0.09967845659163987,0.16352201257861634,0.04537521815008726,0.06539074960127592,0.18819776714513556,0.09713375796178345,0.14593698175787728,0.044169611307420496,0.004991680532445923,0.17970049916805325,0.2643856920684292,0.0694645441389291,0.22102009273570325,0.23501577287066247,0.0,0.12687813021702837,0.21333333333333335,0.13522012578616352,0.07260726072607261,0.07969924812030076,0.07305194805194805,0.128125,0.21331058020477817,0.27716535433070866,0.0963855421686747,0.07452339688041594,0.07814992025518341,0.1274658573596358,0.17115689381933438,0.042071197411003236,0.03436988543371522,0.07345575959933222,0.04746835443037975,0.11616954474097331,0.11254019292604502,0.13875598086124402,0.05921052631578947,0.030448717948717948,0.0973724884080371,0.052969502407704656,0.021207177814029365,0.21684867394695787,0.06525285481239804,0.0030534351145038168,0.0030534351145038168,0.037953795379537955,0.01129032258064516,0.11428571428571428,0.030448717948717948,0.1510015408320493,0.22535211267605634,0.09223300970873786,0.20862068965517241,0.1050080775444265,0.23289902280130292,0.17656765676567657,0.21044303797468356,0.1390728476821192,0.07098765432098765,0.1536,0.3358547655068079,0.06359300476947535,0.2654424040066778,0.09500805152979067,0.08737864077669903,0.1610738255033557,0.022988505747126436,0.0777027027027027,0.14401294498381878,0.022950819672131147,0.15053763440860216,0.1643192488262911,0.21044045676998369,0.13365539452495975,0.11057692307692307
2001,1,9,prevalence,0.10784313725490197,0.16123778501628663,0.011784511784511785,0.1476923076923077,0.17543859649122806,0.08417508417508418,0.10310965630114566,0.12353923205342238,0.2545731707317073,0.07550335570469799,0.09739130434782609,0.11166666666666666,0.13578274760383385,0.1339712918660287,0.14499252615844543,0.07226890756302522,0.13517915309446255,0.14796747967479676,0.1500815660685155,0.001584786053882726,0.08716323296354993,0.08972267536704731,0.22537562604340566,0.08385093167701864,0.021630615640599003,0.035,0.06013745704467354,0.08,0.11627906976744186,0.2982998454404946,0.07961783439490445,0.1461038961038961,0.09555189456342669,0.06929133858267716,0.0492845786963434,0.10264900662251655,0.19298245614035087,0.056451612903225805,0.02936096718480138,0.11616954474097331,0.1488,0.027820710973724884,0.04180064308681672,0.03436988543371522,0.0946843853820598,0.023291925465838508,0.14869281045751634,0.016366612111292964,0.15270935960591134,0.1281198003327787,0.1280388978930308,0.23793677204658903,0.11627906976744186,0.18646864686468648,0.0032948929159802307,0.04426229508196721,0.12277867528271405,0.13841368584758942,0.08417508417508418,0.05040650406504065,0.12106918238993711,0.23311897106109325,0.10793650793650794,0.06112054329371817,0.07779578606158834,0.12759170653907495,0.09136212624584718,0.02511773940345369,0.10578512396694215,0.09302325581395349,0.13344316309719934,0.04669887278582931,0.16666666666666666,0.13725490196078433,0.1495176848874598,0.2375601926163724,0.18210862619808307,0.18138041733547353,0.17142857142857143,0.10485133020344288,0.0791599353796446,0.16859504132231404,0.19032761310452417,0.14285714285714285,0.06698564593301436,0.2694136291600634,0.1847649918962723,0.2611570247933884,0.08552631578947369,0.0865533230293663,0.06462585034013606,0.10107197549770292,0.07830342577487764,0.07078039927404718,0.12359550561797752,0.07877813504823152,0.07601351351351351,0.185,0.1386986301369863,0.15645161290322582,0.11812297734627832,0.07603305785123966,0.07846153846153846,0.09033280507131537,0.24242424242424243,0.11940298507462686,0.09335443037974683,0.13562091503267973,0.08072487644151564,0.0583804143126177,0.24006622516556292,0.024263431542461005,0.2541528239202658,0.17325227963525835,0.18274111675126903,0.08524590163934426,0.052969502407704656,0.06969205834683954,0.0848,0.087248322147651,0.18566775244299674,0.1118421052631579,0.06379310344827586,0.061224489795918366,0.1872,0.10620915032679738,0.13848631239935588,0.03208556149732621,0.04936305732484077,0.13651315789473684,0.1056782334384858,0.2453151618398637,0.056338028169014086,0.018425460636515914,0.13220338983050847,0.28391167192429023,0.06657018813314038,0.1734375,0.1964573268921095,0.0016051364365971107,0.13162118780096307,0.26721311475409837,0.17601246105919002,0.08629441624365482,0.09417040358744394,0.07974481658692185,0.10891089108910891,0.2231543624161074,0.24878836833602586,0.09239940387481371,0.06913996627318718,0.09331259720062209,0.10597014925373134,0.16940789473684212,0.03475513428120063,0.05930807248764415,0.06303236797274275,0.03785488958990536,0.1795275590551181,0.1280388978930308,0.10658307210031348,0.0420032310177706,0.046031746031746035,0.11624203821656051,0.05977382875605816,0.028192371475953566,0.20583717357910905,0.05625,0.0015220700152207,0.0015220700152207,0.03642384105960265,0.013050570962479609,0.0978441127694859,0.03129890453834116,0.1415525114155251,0.22776911076443057,0.09872611464968153,0.21626297577854672,0.1276595744680851,0.20860927152317882,0.19636963696369636,0.16666666666666666,0.13781512605042018,0.05763239875389408,0.17781402936378465,0.2267080745341615,0.10855263157894737,0.23588039867109634,0.12379421221864952,0.08064516129032258,0.15358931552587646,0.006259780907668232,0.057947019867549666,0.1271186440677966,0.006825938566552901,0.10708898944193061,0.16434108527131783,0.2669902912621359,0.0875796178343949,0.0912
2002,1,9,prevalence,0.10383386581469649,0.26547231270358307,0.01584507042253521,0.17040358744394618,0.1791304347826087,0.07758620689655173,0.1472,0.0732899022801303,0.1563467492260062,0.05392156862745098,0.09322033898305085,0.13490725126475547,0.1187800963081862,0.13680781758957655,0.1143740340030912,0.08249158249158249,0.12006578947368421,0.11488673139158576,0.14309210526315788,0.009836065573770493,0.10289389067524116,0.10603588907014681,0.2692307692307692,0.08012326656394453,0.03803486529318542,0.051839464882943144,0.05423728813559322,0.07954545454545454,0.15397350993377484,0.29237947122861585,0.06929133858267716,0.16286644951140064,0.11864406779661017,0.05564387917329094,0.05529225908372828,0.12175324675324675,0.19584055459272098,0.046031746031746035,0.04647160068846816,0.08544303797468354,0.18729641693811075,0.057926829268292686,0.061191626409017714,0.0336,0.12459016393442623,0.01757188498402556,0.14054927302100162,0.03225806451612903,0.1330049261083744,0.1188118811881188,0.12950819672131147,0.23529411764705882,0.13504823151125403,0.2824302134646962,0.0033222591362126247,0.03436988543371522,0.1472,0.11456628477905073,0.09780775716694773,0.046474358974358976,0.13957055214723926,0.21553090332805072,0.09621451104100946,0.10104529616724739,0.0912,0.16057233704292528,0.0779436152570481,0.020155038759689922,0.0727580372250423,0.11944869831546708,0.10902896081771721,0.04468412942989214,0.25555555555555554,0.15070643642072212,0.13183279742765272,0.2468354430379747,0.14285714285714285,0.21103896103896103,0.15805946791862285,0.07017543859649122,0.09165302782324058,0.15894039735099338,0.1238244514106583,0.1,0.07855973813420622,0.24921135646687698,0.16363636363636364,0.2917369308600337,0.0940032414910859,0.0660377358490566,0.05309734513274336,0.1326219512195122,0.10256410256410256,0.04585537918871252,0.1631663974151858,0.07751937984496124,0.03125,0.13764510779436154,0.1762652705061082,0.14285714285714285,0.09538950715421304,0.08263069139966273,0.06948640483383686,0.065625,0.21855345911949686,0.09271523178807947,0.09032258064516129,0.1312,0.16557377049180327,0.047706422018348627,0.20330578512396694,0.05335628227194492,0.26732673267326734,0.12982998454404945,0.1402936378466558,0.06732348111658457,0.05929487179487179,0.06200317965023847,0.11755233494363929,0.08156606851549755,0.14308681672025725,0.10912052117263844,0.07601351351351351,0.06568144499178982,0.16346153846153846,0.12155591572123177,0.12580645161290321,0.05123674911660778,0.03425774877650897,0.064891846921797,0.11041009463722397,0.23232323232323232,0.06654676258992806,0.01779935275080906,0.11092150170648464,0.2295839753466872,0.07007299270072993,0.18518518518518517,0.1515650741350906,0.0016129032258064516,0.14171974522292993,0.25283630470016205,0.18541996830427893,0.05396290050590219,0.06736526946107785,0.10416666666666667,0.11488673139158576,0.245,0.1766612641815235,0.07207207207207207,0.09983361064891846,0.12597200622083982,0.11128284389489954,0.146218487394958,0.018779342723004695,0.09165302782324058,0.04280821917808219,0.07281553398058252,0.2712680577849117,0.0915032679738562,0.12106918238993711,0.04538087520259319,0.06796116504854369,0.08179012345679013,0.08507223113964688,0.04833333333333333,0.1278538812785388,0.04588607594936709,0.004622496147919877,0.004622496147919877,0.039603960396039604,0.03079416531604538,0.058637083993660855,0.013953488372093023,0.1781437125748503,0.1731066460587326,0.11335403726708075,0.2099827882960413,0.13490725126475547,0.15537190082644628,0.22022838499184338,0.16531604538087522,0.18923327895595432,0.06327160493827161,0.1895734597156398,0.20373250388802489,0.15772870662460567,0.16971713810316139,0.15206611570247933,0.040123456790123455,0.14655172413793102,0.004658385093167702,0.07654723127035831,0.13846153846153847,0.0017123287671232876,0.0701219512195122,0.13793103448275862,0.26461038961038963,0.059870550161812294,0.07120253164556962
2003,1,9,prevalence,0.07852564102564102,0.29769736842105265,0.0050933786078098476,0.12538226299694188,0.17123287671232876,0.09106239460370995,0.13924050632911392,0.060064935064935064,0.128125,0.08557844690966719,0.08361774744027303,0.10552763819095477,0.132569558101473,0.10197368421052631,0.14241960183767227,0.1065989847715736,0.12398042414355628,0.10759493670886076,0.1484992101105845,0.02622950819672131,0.09640522875816994,0.09951845906902086,0.24061433447098976,0.065625,0.03376205787781351,0.07742998352553541,0.06788079470198675,0.08038585209003216,0.13486842105263158,0.2523809523809524,0.07266982622432859,0.1424,0.16091954022988506,0.06717557251908397,0.08139534883720931,0.11419249592169657,0.2045060658578856,0.05509181969949917,0.04194630872483222,0.08196721311475409,0.1507293354943274,0.07244094488188976,0.06504065040650407,0.03349282296650718,0.16693418940609953,0.029654036243822075,0.11764705882352941,0.03968253968253968,0.16449511400651465,0.08210180623973727,0.16346153846153846,0.23529411764705882,0.15605095541401273,0.367479674796748,0.003316749585406302,0.055105348460291734,0.14465408805031446,0.12376237623762376,0.16417910447761194,0.07424960505529225,0.1181959564541213,0.22929936305732485,0.098256735340729,0.09294320137693632,0.10483870967741936,0.17445482866043613,0.07413509060955518,0.041158536585365856,0.08717105263157894,0.17107309486780714,0.1267361111111111,0.05417956656346749,0.2908805031446541,0.1336405529953917,0.13290113452188007,0.16369529983792544,0.12398042414355628,0.14691943127962084,0.12111292962356793,0.06902086677367576,0.1326530612244898,0.1402936378466558,0.09230769230769231,0.06710310965630115,0.07603305785123966,0.2531446540880503,0.15084745762711865,0.26981450252951095,0.09569377990430622,0.056782334384858045,0.02891156462585034,0.12518853695324283,0.11954765751211632,0.043557168784029036,0.15248796147672553,0.10914927768860354,0.025295109612141653,0.13712374581939799,0.1413427561837456,0.09822866344605476,0.0904836193447738,0.11869918699186992,0.0778816199376947,0.07763975155279502,0.20650406504065041,0.048701298701298704,0.08870967741935484,0.13964686998394862,0.21518987341772153,0.044444444444444446,0.16390728476821192,0.046153846153846156,0.3038397328881469,0.1273006134969325,0.11287758346581876,0.09562398703403566,0.0430622009569378,0.06645056726094004,0.1332263242375602,0.06521739130434782,0.15666666666666668,0.1,0.0888529886914378,0.07305194805194805,0.11980830670926518,0.09090909090909091,0.10950080515297907,0.0711864406779661,0.020833333333333332,0.036605657237936774,0.11496062992125984,0.19763513513513514,0.07465277777777778,0.025396825396825397,0.09830508474576272,0.18167701863354038,0.08651026392961877,0.13003095975232198,0.12355848434925865,0.0016474464579901153,0.15235008103727715,0.18076285240464346,0.27682737169517885,0.0845771144278607,0.06870229007633588,0.09046849757673667,0.11716171617161716,0.238562091503268,0.14563106796116504,0.06994047619047619,0.08585858585858586,0.11858974358974358,0.10429447852760736,0.14710743801652892,0.02073365231259968,0.09921259842519685,0.037996545768566495,0.10130718954248366,0.28095238095238095,0.10747663551401869,0.13968253968253969,0.03205128205128205,0.060126582278481014,0.09076923076923077,0.102803738317757,0.04132231404958678,0.12556732223903178,0.07967479674796749,0.006369426751592357,0.006369426751592357,0.04208754208754209,0.049586776859504134,0.05669291338582677,0.006329113924050633,0.24922118380062305,0.12658227848101267,0.1232,0.18556701030927836,0.15449915110356535,0.14759535655058043,0.20833333333333334,0.127831715210356,0.18518518518518517,0.05855161787365177,0.17480314960629922,0.1674565560821485,0.20695102685624012,0.12436974789915967,0.1281198003327787,0.032507739938080496,0.16262975778546712,0.01607717041800643,0.1092436974789916,0.10507880910683012,0.0,0.0867579908675799,0.1192368839427663,0.21553090332805072,0.06270096463022508,0.08143322475570032
2004,1,9,prevalence,0.08450704225352113,0.27533783783783783,0.01011804384485666,0.11285266457680251,0.12152777777777778,0.07730263157894737,0.1271860095389507,0.056,0.13333333333333333,0.11272141706924316,0.10998307952622674,0.1260096930533118,0.11794019933554817,0.15245901639344261,0.16561514195583596,0.14165261382799327,0.12238325281803543,0.0966183574879227,0.14566284779050737,0.03355704697986577,0.0889967637540453,0.09062003179650238,0.2558922558922559,0.08620689655172414,0.06376360808709176,0.07142857142857142,0.06969205834683954,0.08388157894736842,0.1254071661237785,0.19488817891373802,0.09120521172638436,0.1288244766505636,0.18166939443535188,0.07564296520423601,0.08186195826645265,0.09283387622149837,0.22553897180762852,0.036605657237936774,0.053833605220228384,0.07190635451505016,0.15960912052117263,0.09061488673139159,0.06633499170812604,0.017107309486780714,0.17447495961227788,0.029173419773095625,0.07855973813420622,0.0343213728549142,0.13798977853492334,0.09764309764309764,0.18341307814992025,0.24673202614379086,0.18433179723502305,0.2523809523809524,0.003367003367003367,0.0640625,0.1724137931034483,0.10837438423645321,0.21,0.09494640122511486,0.14622641509433962,0.23595505617977527,0.0888529886914378,0.09060402684563758,0.1073170731707317,0.173015873015873,0.0752,0.048484848484848485,0.0728476821192053,0.18952234206471494,0.10154905335628227,0.12168486739469579,0.2064516129032258,0.1310452418096724,0.09667194928684628,0.1111111111111111,0.11305732484076433,0.16747967479674797,0.1335559265442404,0.09803921568627451,0.1113013698630137,0.17235494880546076,0.06666666666666667,0.035830618892508145,0.0993485342019544,0.209375,0.13410596026490065,0.16908212560386474,0.08702531645569621,0.050078247261345854,0.031198686371100164,0.16153846153846155,0.1631663974151858,0.030797101449275364,0.11935483870967742,0.08183306055646482,0.04707792207792208,0.13822525597269625,0.12736660929432014,0.06991869918699187,0.07051282051282051,0.10403726708074534,0.0483619344773791,0.07275541795665634,0.21958925750394945,0.07234726688102894,0.1339712918660287,0.10634920634920635,0.22257551669316375,0.016304347826086956,0.1472,0.06722689075630252,0.2854757929883139,0.13230769230769232,0.09405940594059406,0.10876623376623376,0.039936102236421724,0.07448494453248812,0.16803953871499178,0.06554621848739496,0.12520593080724876,0.10897435897435898,0.07802547770700637,0.07258064516129033,0.13782051282051283,0.10689655172413794,0.13036303630363036,0.11896551724137931,0.0203125,0.031096563011456628,0.09733124018838304,0.16778523489932887,0.0831918505942275,0.028662420382165606,0.09243697478991597,0.11392405063291139,0.1111111111111111,0.11890243902439024,0.1260229132569558,0.0016366612111292963,0.19001610305958133,0.15097402597402598,0.23125996810207336,0.128,0.10403726708074534,0.08766233766233766,0.16747181964573268,0.19166666666666668,0.13258785942492013,0.06706408345752608,0.07026143790849673,0.11461794019933555,0.115625,0.132890365448505,0.02821316614420063,0.11146496815286625,0.030456852791878174,0.14910858995137763,0.20911949685534592,0.13971742543171115,0.12116316639741519,0.027914614121510674,0.056962025316455694,0.1044776119402985,0.1015625,0.09672131147540984,0.10029940119760479,0.09688013136288999,0.007763975155279503,0.007763975155279503,0.019138755980861243,0.0512396694214876,0.06269113149847094,0.007987220447284345,0.278816199376947,0.12658227848101267,0.15457413249211358,0.18356643356643357,0.1734860883797054,0.20627062706270627,0.2222222222222222,0.12335526315789473,0.18616144975288304,0.07946026986506746,0.17896389324960754,0.13530326594090203,0.19611021069692058,0.09703947368421052,0.1232,0.0409711684370258,0.14680483592400692,0.01779935275080906,0.09259259259259259,0.0735042735042735,0.0033783783783783786,0.0842433697347894,0.09615384615384616,0.1248,0.06677524429967427,0.08372827804107424
2005,1,9,prevalence,0.1163141993957704,0.23442622950819672,0.023931623931623933,0.09090909090909091,0.1284246575342466,0.08943089430894309,0.09250398724082935,0.03864734299516908,0.09813084112149532,0.12680577849117175,0.11686143572621036,0.12980769230769232,0.07588532883642496,0.24143556280587275,0.18495297805642633,0.1574539363484087,0.09484193011647254,0.09640522875816994,0.15830721003134796,0.047933884297520664,0.06655844155844155,0.06269592476489028,0.21035598705501618,0.09740259740259741,0.11848341232227488,0.08846761453396525,0.060556464811783964,0.08388157894736842,0.11442006269592477,0.17179902755267423,0.12274959083469722,0.12400635930047695,0.1620745542949757,0.10030395136778116,0.10214168039538715,0.08455284552845528,0.19579288025889968,0.04492512479201331,0.06655574043261231,0.04340836012861737,0.19218241042345277,0.09693053311793215,0.05365853658536585,0.026113671274961597,0.16260162601626016,0.031198686371100164,0.10492845786963434,0.033950617283950615,0.12953367875647667,0.1501597444089457,0.20161290322580644,0.18120805369127516,0.222052067381317,0.209375,0.005042016806722689,0.07993730407523511,0.18138041733547353,0.09437086092715231,0.2023217247097844,0.13198757763975155,0.14397496087636932,0.16012558869701726,0.12300319488817892,0.09605488850771869,0.08239095315024232,0.1744,0.0987460815047022,0.1080669710806697,0.10172413793103448,0.18518518518518517,0.0984182776801406,0.134375,0.22276422764227644,0.12480499219968799,0.08143322475570032,0.08415841584158416,0.08103727714748785,0.17335473515248795,0.12259194395796848,0.10618066561014262,0.10234899328859061,0.1478405315614618,0.12556732223903178,0.04584040747028863,0.09105960264900662,0.1664025356576862,0.10413223140495868,0.13893376413570274,0.13312202852614896,0.06825396825396825,0.022187004754358162,0.1273006134969325,0.2647058823529412,0.021052631578947368,0.1079734219269103,0.06655574043261231,0.057971014492753624,0.21943048576214405,0.12351945854483926,0.10144927536231885,0.06591639871382636,0.13291139240506328,0.10675039246467818,0.08006279434850863,0.1296875,0.08221476510067115,0.1439873417721519,0.09618573797678276,0.25356576862123614,0.01436265709156194,0.13170731707317074,0.10186757215619695,0.20833333333333334,0.1471927162367223,0.0768,0.13162118780096307,0.04159733777038269,0.13548387096774195,0.1433389544688027,0.09317803660565724,0.13741721854304637,0.09935897435897435,0.07051282051282051,0.07095709570957096,0.129783693843594,0.13432835820895522,0.10385259631490787,0.10034013605442177,0.030497592295345103,0.03349282296650718,0.09177215189873418,0.15537190082644628,0.09443507588532883,0.029079159935379646,0.08374384236453201,0.09886547811993517,0.13097072419106318,0.10989010989010989,0.10084033613445378,0.0033222591362126247,0.2572347266881029,0.12647554806070826,0.21766561514195584,0.15055467511885895,0.11287758346581876,0.08571428571428572,0.15806988352745424,0.13183279742765272,0.09345794392523364,0.06431852986217458,0.06341463414634146,0.14480408858603067,0.1232876712328767,0.132996632996633,0.02710843373493976,0.10754414125200643,0.008333333333333333,0.16166666666666665,0.18819776714513556,0.14174454828660435,0.1045016077170418,0.04065040650406504,0.08333333333333333,0.1148036253776435,0.11075949367088607,0.1111111111111111,0.0834597875569044,0.13526570048309178,0.00315955766192733,0.00315955766192733,0.0208,0.06942148760330578,0.08682170542635659,0.030844155844155844,0.28391167192429023,0.15118110236220472,0.15544871794871795,0.17482517482517482,0.1769352290679305,0.1734860883797054,0.22118380062305296,0.15321252059308071,0.17957166392092258,0.1,0.22647527910685805,0.11162790697674418,0.19617224880382775,0.10033444816053512,0.11809815950920245,0.04984894259818731,0.10102739726027397,0.03376205787781351,0.0905982905982906,0.10641891891891891,0.003305785123966942,0.07573415765069552,0.0819935691318328,0.0970873786407767,0.049342105263157895,0.11198738170347003
2006,1,9,prevalence,0.15868263473053892,0.20545746388443017,0.024013722126929673,0.07692307692307693,0.10472972972972973,0.09803921568627451,0.07395498392282958,0.054773082942097026,0.06572769953051644,0.18053375196232338,0.12027491408934708,0.1664025356576862,0.06799336650082918,0.23102310231023102,0.16774193548387098,0.1611842105263158,0.0858085808580858,0.09852216748768473,0.16693418940609953,0.03403565640194489,0.11166666666666666,0.054313099041533544,0.17100977198697068,0.15916398713826366,0.15668202764976957,0.12579617834394904,0.06208053691275168,0.08051529790660225,0.09582689335394126,0.14057507987220447,0.16611295681063123,0.1238244514106583,0.18152866242038215,0.10077519379844961,0.11442786069651742,0.06666666666666667,0.16666666666666666,0.08193979933110368,0.0924092409240924,0.03403565640194489,0.16748768472906403,0.11942675159235669,0.03622047244094488,0.04285714285714286,0.14796747967479676,0.04297520661157025,0.16108452950558214,0.0327613104524181,0.08986928104575163,0.1743827160493827,0.21935483870967742,0.17195325542570952,0.21406727828746178,0.11514195583596215,0.005084745762711864,0.1,0.21096345514950166,0.08417508417508418,0.14143094841930118,0.1669266770670827,0.153125,0.16875,0.096,0.13513513513513514,0.09733124018838304,0.13861386138613863,0.115625,0.12974683544303797,0.10420168067226891,0.13602391629297458,0.10645724258289703,0.14968152866242038,0.18227424749163879,0.1130298273155416,0.0781758957654723,0.07432432432432433,0.11986863711001643,0.16774193548387098,0.10434782608695652,0.1744,0.11666666666666667,0.13398692810457516,0.06595092024539877,0.06091370558375635,0.07820299500831947,0.153125,0.09046849757673667,0.2015873015873016,0.13793103448275862,0.098256735340729,0.028708133971291867,0.09305993690851735,0.2896,0.005235602094240838,0.09328968903436989,0.06292517006802721,0.09569377990430622,0.2532894736842105,0.13095238095238096,0.09193548387096774,0.052715654952076675,0.13228346456692913,0.10301109350237718,0.11163522012578617,0.15348837209302327,0.09409888357256778,0.2054140127388535,0.07730263157894737,0.2727272727272727,0.014059753954305799,0.130298273155416,0.1360544217687075,0.21644295302013422,0.11251980982567353,0.09771986970684039,0.16181229773462782,0.10310965630114566,0.160828025477707,0.13139931740614336,0.07718120805369127,0.1402936378466558,0.11382113821138211,0.061191626409017714,0.07679465776293823,0.12396694214876033,0.1310116086235489,0.0774526678141136,0.08557046979865772,0.03365384615384615,0.05,0.07261724659606657,0.13682432432432431,0.11980033277870217,0.04153354632587859,0.11967213114754098,0.13731825525040386,0.153125,0.08620689655172414,0.07272727272727272,0.0033003300330033004,0.26038338658146964,0.13949579831932774,0.1484992101105845,0.1766612641815235,0.10194174757281553,0.06743421052631579,0.13518197573656845,0.11889250814332247,0.10518053375196232,0.05845181674565561,0.06930693069306931,0.12794612794612795,0.13043478260869565,0.08970099667774087,0.07807807807807808,0.10114192495921696,0.0165016501650165,0.171900826446281,0.16233766233766234,0.16199376947040497,0.10361842105263158,0.06451612903225806,0.08846761453396525,0.15821812596006143,0.10823909531502424,0.16612903225806452,0.07057057057057058,0.1018363939899833,0.0015923566878980893,0.0015923566878980893,0.023961661341853034,0.08828522920203735,0.08294930875576037,0.028938906752411574,0.1819620253164557,0.18870967741935485,0.12641815235008103,0.13986013986013987,0.19158878504672897,0.1588628762541806,0.19295558958652373,0.13781512605042018,0.171900826446281,0.10413476263399694,0.22838499184339314,0.07042253521126761,0.14240506329113925,0.08376068376068375,0.09062003179650238,0.06172839506172839,0.08823529411764706,0.06379585326953748,0.08235294117647059,0.09246575342465753,0.005008347245409015,0.07272727272727272,0.06666666666666667,0.09061488673139159,0.06472491909385113,0.1331168831168831
2007,1,9,prevalence,0.19271623672230653,0.20941558441558442,0.024013722126929673,0.07729468599033816,0.10204081632653061,0.10016420361247948,0.05388272583201268,0.0794392523364486,0.08540372670807453,0.21036106750392464,0.163575042158516,0.12066365007541478,0.0744336569579288,0.22975206611570248,0.14677419354838708,0.17166666666666666,0.11282051282051282,0.06829268292682927,0.17731629392971246,0.05669291338582677,0.09556313993174062,0.08372827804107424,0.10252365930599369,0.1664050235478807,0.17619783616692428,0.13112164296998421,0.05475040257648953,0.10517799352750809,0.11128526645768025,0.15337423312883436,0.1490066225165563,0.12202852614896989,0.18238993710691823,0.09448818897637795,0.09656301145662848,0.06935483870967742,0.14967105263157895,0.08972267536704731,0.1302170283806344,0.07084019769357495,0.13856427378964942,0.12924071082390953,0.04272151898734177,0.044189852700491,0.13166666666666665,0.050078247261345854,0.16026711185308848,0.037209302325581395,0.08589951377633712,0.18902439024390244,0.16720257234726688,0.14334470989761092,0.2350230414746544,0.09062003179650238,0.016778523489932886,0.12786885245901639,0.21724709784411278,0.05414551607445008,0.11745513866231648,0.19776714513556617,0.13509316770186336,0.18449612403100776,0.12755905511811025,0.17483660130718953,0.08544303797468354,0.13132911392405064,0.13771517996870108,0.16485225505443235,0.1419031719532554,0.15249266862170088,0.06806282722513089,0.1781045751633987,0.13071895424836602,0.11370716510903427,0.08196721311475409,0.09726962457337884,0.1629746835443038,0.15857605177993528,0.1054421768707483,0.25,0.16275167785234898,0.14380165289256197,0.07270029673590504,0.06587837837837837,0.07852564102564102,0.16246056782334384,0.12335526315789473,0.18312101910828024,0.1542056074766355,0.12418300653594772,0.05246422893481717,0.10344827586206896,0.2879746835443038,0.0,0.0625,0.06791171477079797,0.12559618441971382,0.24671052631578946,0.09634551495016612,0.09791332263242375,0.064,0.09794628751974724,0.18870967741935485,0.12264150943396226,0.15336463223787167,0.09615384615384616,0.2484076433121019,0.07321131447587355,0.20347003154574134,0.010101010101010102,0.12,0.1353637901861252,0.14691151919866444,0.09569377990430622,0.08169934640522876,0.15890850722311398,0.09719934102141681,0.2012987012987013,0.12437810945273632,0.04597701149425287,0.1314475873544093,0.08517350157728706,0.07484076433121019,0.09780775716694773,0.12629757785467127,0.17298187808896212,0.08793103448275862,0.10051107325383304,0.04582651391162029,0.050955414012738856,0.0693815987933635,0.1212624584717608,0.12131147540983607,0.03915171288743882,0.1338709677419355,0.09375,0.13700787401574804,0.13106796116504854,0.09515859766277128,0.004909983633387889,0.20193861066235863,0.16666666666666666,0.15830721003134796,0.152276295133438,0.12721417069243157,0.09523809523809523,0.1566265060240964,0.1314935064935065,0.10673234811165845,0.046801872074883,0.06467661691542288,0.10666666666666667,0.1554160125588697,0.09768211920529801,0.12111801242236025,0.1631663974151858,0.03436988543371522,0.12186978297161936,0.17944535073409462,0.1435257410296412,0.1360544217687075,0.06729264475743349,0.12087912087912088,0.15870570107858242,0.10526315789473684,0.20508744038155802,0.09049079754601227,0.11073825503355705,0.014308426073131956,0.014308426073131956,0.03464566929133858,0.15,0.0834597875569044,0.030844155844155844,0.1497584541062802,0.20512820512820512,0.14308681672025725,0.0981067125645439,0.21484992101105846,0.12074829931972789,0.19938176197836166,0.09982788296041308,0.1302170283806344,0.10542635658914729,0.17936507936507937,0.06539074960127592,0.21508828250401285,0.09932659932659933,0.09076682316118936,0.05087440381558029,0.08277027027027027,0.08090614886731391,0.10588235294117647,0.11301369863013698,0.006546644844517185,0.0771513353115727,0.08766233766233766,0.12440191387559808,0.1035031847133758,0.12063492063492064
2008,1,9,prevalence,0.19339622641509435,0.20327868852459016,0.019332161687170474,0.10570469798657718,0.13539967373572595,0.11056105610561057,0.07188498402555911,0.08846761453396525,0.11234177215189874,0.33174603174603173,0.18448275862068966,0.15615615615615616,0.08717105263157894,0.1729200652528548,0.13213703099510604,0.17333333333333334,0.20066889632107024,0.08647798742138364,0.18840579710144928,0.09033280507131537,0.08600337268128162,0.09728867623604466,0.09424920127795527,0.20401854714064915,0.19462025316455697,0.13449367088607594,0.08279220779220779,0.1264559068219634,0.10584518167456557,0.19809825673534073,0.16091954022988506,0.13744075829383887,0.1409090909090909,0.1008,0.1001669449081803,0.0981012658227848,0.16039279869067102,0.1140495867768595,0.14426229508196722,0.1,0.12091503267973856,0.12116316639741519,0.061128526645768025,0.052980132450331126,0.09983633387888707,0.0641025641025641,0.20847457627118643,0.03715170278637771,0.0752,0.1609907120743034,0.15121951219512195,0.15460526315789475,0.20820668693009117,0.08780487804878048,0.021848739495798318,0.15656565656565657,0.1669449081803005,0.07407407407407407,0.09428129829984544,0.21900161030595813,0.237012987012987,0.1724137931034483,0.13548387096774195,0.24522292993630573,0.06614173228346457,0.13856427378964942,0.18923076923076923,0.17511520737327188,0.19166666666666668,0.15191740412979352,0.06140350877192982,0.18888888888888888,0.132890365448505,0.14152410575427682,0.06135986733001658,0.1505016722408027,0.2190923317683881,0.15823817292006526,0.07419898819561552,0.3188405797101449,0.15016501650165018,0.10552763819095477,0.09384615384615384,0.10909090909090909,0.09719934102141681,0.22,0.1829059829059829,0.2269170579029734,0.16390977443609023,0.09888357256778309,0.07211538461538461,0.11076443057722309,0.22136222910216719,0.0016891891891891893,0.10144927536231885,0.07853403141361257,0.15789473684210525,0.2576271186440678,0.07586206896551724,0.071875,0.07766990291262135,0.0825242718446602,0.23414634146341465,0.1547049441786284,0.13848631239935588,0.09046052631578948,0.23255813953488372,0.09897610921501707,0.15203761755485892,0.011475409836065573,0.2313915857605178,0.19420783645655879,0.11483253588516747,0.07717041800643087,0.0976,0.1685761047463175,0.12251655629139073,0.1826771653543307,0.10084033613445378,0.07907742998352553,0.18652849740932642,0.060126582278481014,0.07436708860759493,0.11726384364820847,0.10902896081771721,0.18136439267886856,0.10749185667752444,0.11390284757118928,0.08180300500834725,0.054858934169279,0.07633587786259542,0.1281198003327787,0.12828438948995363,0.0315955766192733,0.12479474548440066,0.10097719869706841,0.15619967793880837,0.09508196721311475,0.14383561643835616,0.0015822784810126582,0.1507293354943274,0.19543973941368079,0.17467948717948717,0.16097560975609757,0.13071895424836602,0.14285714285714285,0.17905405405405406,0.19193548387096773,0.12903225806451613,0.050473186119873815,0.03316749585406302,0.11423841059602649,0.2,0.11677631578947369,0.10493827160493827,0.16903633491311215,0.03398058252427184,0.16638078902229847,0.17398648648648649,0.13580246913580246,0.11256117455138662,0.06739811912225706,0.10393700787401575,0.13694267515923567,0.07507987220447285,0.2358642972536349,0.09692307692307692,0.10128617363344052,0.01610305958132045,0.01610305958132045,0.0594679186228482,0.21465076660988075,0.11388455538221529,0.049019607843137254,0.15048543689320387,0.18831168831168832,0.1206896551724138,0.10902896081771721,0.20610687022900764,0.15345699831365936,0.2071097372488408,0.12084063047285463,0.12312811980033278,0.15987460815047022,0.16108452950558214,0.1078125,0.1761904761904762,0.08780487804878048,0.10328638497652583,0.0592,0.11241610738255034,0.088379705400982,0.10338983050847457,0.09666666666666666,0.008116883116883116,0.08383233532934131,0.11146496815286625,0.14715189873417722,0.10625,0.11930926216640503
2009,1,9,prevalence,0.1716171617161716,0.23974763406940064,0.04736842105263158,0.11842105263157894,0.2310126582278481,0.08986928104575163,0.07849293563579278,0.12460567823343849,0.11746031746031746,0.2900158478605388,0.1505016722408027,0.19325153374233128,0.11056105610561057,0.16639741518578352,0.1477832512315271,0.2282793867120954,0.30128205128205127,0.10096153846153846,0.1781045751633987,0.07667731629392971,0.07251264755480608,0.1185064935064935,0.10952380952380952,0.17546583850931677,0.18641390205371247,0.1328,0.13050570962479607,0.14309484193011648,0.12861736334405144,0.2,0.1330049261083744,0.12222222222222222,0.08320493066255778,0.14599686028257458,0.13344316309719934,0.10443037974683544,0.15764331210191082,0.10361842105263158,0.1631321370309951,0.16483516483516483,0.13157894736842105,0.14518760195758565,0.04739336492890995,0.12845528455284552,0.08974358974358974,0.07528641571194762,0.27887788778877887,0.03686635944700461,0.11410459587955626,0.1809672386895476,0.12419354838709677,0.24398073836276082,0.15853658536585366,0.07305194805194805,0.06228956228956229,0.12542372881355932,0.14686468646864687,0.10327868852459017,0.10387596899224806,0.16558441558441558,0.2955665024630542,0.16134185303514376,0.1312,0.20588235294117646,0.061068702290076333,0.09259259259259259,0.1902587519025875,0.196875,0.2441077441077441,0.14962962962962964,0.050173010380622836,0.21855345911949686,0.152317880794702,0.13364779874213836,0.09333333333333334,0.15640599001663893,0.2921875,0.15422077922077923,0.08362369337979095,0.3069620253164557,0.1719242902208202,0.11185308848080133,0.07053291536050156,0.0664451827242525,0.10606060606060606,0.2534775888717156,0.17060810810810811,0.20219435736677116,0.1554160125588697,0.10673234811165845,0.11235955056179775,0.12399355877616747,0.19254658385093168,0.008605851979345954,0.12135922330097088,0.08985024958402663,0.18512396694214875,0.2706270627062706,0.04835924006908463,0.09018987341772151,0.09697933227344992,0.10124610591900311,0.25779967159277506,0.1507293354943274,0.09437086092715231,0.08360128617363344,0.15716753022452504,0.0919931856899489,0.13333333333333333,0.029508196721311476,0.2969502407704655,0.19250425894378195,0.12026359143327842,0.09369951534733441,0.096,0.1465798045602606,0.15436241610738255,0.214168039538715,0.09212730318257957,0.11256117455138662,0.21452702702702703,0.08141321044546851,0.08346709470304976,0.14662273476112025,0.10732538330494037,0.14597315436241612,0.1421647819063005,0.1053484602917342,0.07933884297520662,0.07753164556962025,0.12368024132730016,0.15017064846416384,0.12079510703363915,0.03064516129032258,0.15235008103727715,0.12582781456953643,0.1498371335504886,0.09768211920529801,0.16863406408094436,0.030721966205837174,0.09899328859060402,0.23452768729641693,0.26953748006379585,0.1872,0.12579617834394904,0.14149443561208266,0.141396933560477,0.15323854660347552,0.13738019169329074,0.11181102362204724,0.05902192242833052,0.18729641693811075,0.20684292379471228,0.11544715447154472,0.09327217125382263,0.1652892561983471,0.03755868544600939,0.16666666666666666,0.17077175697865354,0.11930926216640503,0.11831442463533225,0.061806656101426306,0.15434083601286175,0.11980830670926518,0.07003257328990228,0.19806763285024154,0.12441679626749612,0.1410459587955626,0.014705882352941176,0.014705882352941176,0.07441860465116279,0.21996615905245348,0.15846153846153846,0.054817275747508304,0.1440677966101695,0.2208,0.14354066985645933,0.20133111480865223,0.16149068322981366,0.13680781758957655,0.18252730109204368,0.13884007029876977,0.12748344370860928,0.18325434439178515,0.15615141955835962,0.1449511400651466,0.17014446227929375,0.12479201331114809,0.14241486068111456,0.09428129829984544,0.13278688524590163,0.105,0.076158940397351,0.10378912685337727,0.01461038961038961,0.11010558069381599,0.16286644951140064,0.20569620253164558,0.12225705329153605,0.1298904538341158
2010,1,9,prevalence,0.15251572327044025,0.22741433021806853,0.04878048780487805,0.11400651465798045,0.260596546310832,0.08972267536704731,0.08439490445859872,0.18152350081037277,0.14715189873417722,0.2608695652173913,0.12769485903814262,0.19400630914826497,0.13008130081300814,0.1362179487179487,0.19902120717781402,0.27427597955706984,0.3090062111801242,0.10810810810810811,0.12580645161290321,0.07165109034267912,0.05400696864111498,0.15235008103727715,0.16363636363636364,0.16797488226059654,0.1824,0.12101910828025478,0.12363067292644757,0.16722972972972974,0.13765822784810128,0.17892976588628762,0.09090909090909091,0.1339712918660287,0.06987577639751552,0.112,0.11745513866231648,0.12872841444270017,0.18630573248407642,0.1166936790923825,0.17491749174917492,0.22115384615384615,0.16045380875202594,0.176759410801964,0.03503184713375796,0.23140495867768596,0.07540983606557378,0.09238249594813615,0.2644230769230769,0.06269113149847094,0.1419457735247209,0.19726858877086495,0.09046052631578948,0.3068181818181818,0.12018489984591679,0.0861244019138756,0.18927973199329984,0.1292517006802721,0.13696369636963696,0.10947712418300654,0.14152410575427682,0.15346534653465346,0.24829931972789115,0.21587301587301588,0.09546925566343042,0.1579778830963665,0.06376360808709176,0.09417808219178082,0.17091454272863568,0.18819776714513556,0.22950819672131148,0.19393939393939394,0.06440677966101695,0.2077922077922078,0.21147540983606558,0.14330708661417324,0.11804384485666104,0.13539967373572595,0.2822185970636215,0.17412935323383086,0.11952861952861953,0.26257861635220126,0.17996870109546165,0.11822660098522167,0.10303030303030303,0.08319738988580751,0.1338709677419355,0.26605504587155965,0.1830065359477124,0.2440944881889764,0.15337423312883436,0.13290113452188007,0.136,0.1035031847133758,0.11272141706924316,0.018272425249169437,0.14705882352941177,0.08710217755443886,0.21236133122028525,0.2908496732026144,0.029900332225913623,0.10305958132045089,0.1270096463022508,0.11488673139158576,0.18932038834951456,0.14332247557003258,0.13213703099510604,0.11867088607594936,0.1531986531986532,0.11206896551724138,0.13075780089153047,0.06129032258064516,0.28503184713375795,0.1728395061728395,0.12052117263843648,0.1382636655948553,0.13777089783281735,0.18421052631578946,0.12824675324675325,0.25901639344262295,0.10120068610634649,0.14217252396166133,0.20741989881956155,0.064,0.08571428571428572,0.1616,0.1280701754385965,0.11074380165289256,0.19639934533551553,0.0848,0.11577181208053691,0.09603658536585366,0.13978494623655913,0.11932773109243698,0.15639097744360902,0.049441786283891544,0.19806763285024154,0.12751677852348994,0.15384615384615385,0.13410596026490065,0.27197346600331673,0.04134762633996937,0.06776859504132231,0.21911037891268534,0.22,0.17731629392971246,0.12063492063492064,0.14715189873417722,0.13247172859450726,0.20161290322580644,0.18167202572347266,0.13333333333333333,0.07191780821917808,0.2731629392971246,0.2102803738317757,0.12317666126418152,0.09922480620155039,0.13665594855305466,0.05255023183925812,0.13856427378964942,0.15333333333333332,0.12241653418124006,0.128,0.05647840531561462,0.1584,0.1488,0.07006369426751592,0.1610305958132045,0.14307692307692307,0.17676767676767677,0.047619047619047616,0.047619047619047616,0.07413010590015129,0.23883161512027493,0.17984496124031008,0.05719237435008666,0.15126050420168066,0.2618657937806874,0.12745098039215685,0.25757575757575757,0.15057283142389524,0.10855263157894737,0.1391035548686244,0.2229965156794425,0.13192182410423453,0.16043613707165108,0.20064205457463885,0.1449044585987261,0.1338709677419355,0.20442930153321975,0.17364341085271318,0.08620689655172414,0.11608623548922056,0.12751677852348994,0.1152542372881356,0.1408,0.015625,0.13657056145675264,0.2337228714524207,0.2752,0.17027863777089783,0.12538226299694188
2011,1,9,prevalence,0.1592356687898089,0.2267080745341615,0.07627118644067797,0.11570247933884298,0.243531202435312,0.07154213036565978,0.06549520766773163,0.23387096774193547,0.2170418006430868,0.20496894409937888,0.10620915032679738,0.1726844583987441,0.17656765676567657,0.18829113924050633,0.14832535885167464,0.24786324786324787,0.271585557299843,0.12168486739469579,0.08237232289950576,0.08333333333333333,0.0625,0.1984126984126984,0.2348111658456486,0.19902120717781402,0.192,0.1045958795562599,0.09433962264150944,0.1273996509598604,0.15508885298869143,0.18927973199329984,0.07852564102564102,0.14779874213836477,0.08006042296072508,0.13070866141732285,0.09286898839137644,0.15566037735849056,0.20398009950248755,0.11635220125786164,0.16279069767441862,0.2370486656200942,0.16802610114192496,0.17363344051446947,0.05392156862745098,0.2453781512605042,0.09586776859504133,0.11582381729200653,0.2540453074433657,0.0778816199376947,0.16585365853658537,0.21293375394321767,0.07740916271721959,0.25199362041467305,0.1130298273155416,0.10096153846153846,0.3547297297297297,0.13006756756756757,0.1308562197092084,0.14049586776859505,0.14375987361769352,0.13495934959349593,0.20738137082601055,0.22523961661341854,0.06040268456375839,0.15118110236220472,0.06070287539936102,0.08034188034188035,0.15350223546944858,0.1536,0.16530278232405893,0.17027863777089783,0.11726384364820847,0.18064516129032257,0.29421487603305785,0.10361842105263158,0.1610738255033557,0.10666666666666667,0.22362204724409449,0.16905901116427433,0.1836734693877551,0.1871069182389937,0.17739403453689168,0.1774193548387097,0.09145427286356822,0.08253968253968254,0.1653290529695024,0.22644376899696048,0.20650406504065041,0.19365079365079366,0.1527777777777778,0.13643659711075443,0.22790697674418606,0.19085173501577288,0.0991869918699187,0.031825795644891124,0.18646864686468648,0.09228187919463088,0.18571428571428572,0.365814696485623,0.022690437601296597,0.13015873015873017,0.1393841166936791,0.11698717948717949,0.20717781402936378,0.08866995073891626,0.13976705490848584,0.109717868338558,0.11935483870967742,0.11149228130360206,0.12238805970149254,0.07223113964686999,0.28726708074534163,0.1555944055944056,0.16282894736842105,0.14536741214057508,0.1484375,0.16586151368760063,0.12151067323481117,0.2084006462035541,0.12478632478632479,0.16065573770491803,0.15042735042735042,0.07987220447284345,0.11022364217252396,0.152,0.12007168458781362,0.11129296235679215,0.21227197346600332,0.08771929824561403,0.16805324459234608,0.1328358208955224,0.12808641975308643,0.10066006600660066,0.20606060606060606,0.07986688851913477,0.2253968253968254,0.1811965811965812,0.13132911392405064,0.20888157894736842,0.23934426229508196,0.03680981595092025,0.08319467554076539,0.1913477537437604,0.20202020202020202,0.15530903328050713,0.11235955056179775,0.14960629921259844,0.14102564102564102,0.18181818181818182,0.20458265139116202,0.13911620294599017,0.09246575342465753,0.26127527216174184,0.17996870109546165,0.1421647819063005,0.054858934169279,0.09763779527559055,0.04769475357710652,0.14309210526315788,0.15309446254071662,0.1072,0.13355048859934854,0.07119741100323625,0.178060413354531,0.1590909090909091,0.0736,0.1320450885668277,0.1656534954407295,0.1494057724957555,0.11037891268533773,0.11037891268533773,0.10852713178294573,0.2465753424657534,0.17857142857142858,0.07216494845360824,0.1708542713567839,0.2647058823529412,0.12207357859531773,0.24829931972789115,0.10551181102362205,0.12052117263843648,0.12441679626749612,0.21243523316062177,0.17940199335548174,0.1580547112462006,0.2364217252396166,0.23344370860927152,0.09485530546623794,0.22483221476510068,0.20093457943925233,0.09223300970873786,0.10679611650485436,0.1465798045602606,0.1307300509337861,0.1619496855345912,0.039619651347068144,0.14548238897396631,0.2459016393442623,0.3037383177570093,0.1813953488372093,0.13564668769716087
2012,1,9,prevalence,0.19292604501607716,0.20124804992199688,0.0782312925170068,0.11601307189542484,0.1838905775075988,0.07395498392282958,0.07654723127035831,0.2455573505654281,0.2282958199356913,0.18225039619651348,0.0915032679738562,0.14170692431561996,0.17647058823529413,0.18914728682170542,0.15497553017944535,0.19435215946843853,0.1669316375198728,0.11477987421383648,0.13388429752066117,0.0790273556231003,0.06689536878216124,0.19237147595356552,0.24394184168012925,0.17993630573248406,0.18993506493506493,0.0898876404494382,0.08256880733944955,0.11131059245960502,0.19092331768388107,0.15619967793880837,0.08095238095238096,0.1664050235478807,0.09923664122137404,0.13195548489666137,0.11916264090177134,0.2088607594936709,0.19148936170212766,0.11349693251533742,0.11620294599018004,0.24375,0.18487394957983194,0.21077654516640254,0.08186195826645265,0.26588628762541805,0.1180327868852459,0.11987381703470032,0.20772946859903382,0.0928,0.16908212560386474,0.1179245283018868,0.0898876404494382,0.23176661264181522,0.130298273155416,0.14446227929373998,0.45315161839863716,0.13402061855670103,0.18225806451612903,0.1312803889789303,0.15132605304212168,0.12234910277324633,0.15716753022452504,0.3014586709886548,0.06851549755301795,0.11710323574730354,0.11848341232227488,0.09813874788494077,0.10176991150442478,0.1380952380952381,0.12706270627062707,0.16614906832298137,0.17637540453074432,0.1134185303514377,0.32195121951219513,0.1116584564860427,0.1924342105263158,0.1347068145800317,0.2161741835147745,0.17197452229299362,0.24917491749174916,0.17170111287758347,0.19099378881987578,0.26465927099841524,0.11908396946564885,0.08072487644151564,0.16981132075471697,0.19155354449472098,0.255663430420712,0.13153724247226625,0.19814241486068113,0.16097560975609757,0.2064516129032258,0.24519230769230768,0.13522012578616352,0.03542673107890499,0.23115577889447236,0.12071778140293637,0.17721518987341772,0.23974763406940064,0.04265402843601896,0.0890302066772655,0.16065573770491803,0.1072,0.20888157894736842,0.08823529411764706,0.18433931484502447,0.0987460815047022,0.14710485133020346,0.13559322033898305,0.11574074074074074,0.10685805422647528,0.21044303797468356,0.12627986348122866,0.2052877138413686,0.20673076923076922,0.13884555382215288,0.1380952380952381,0.127831715210356,0.20957095709570958,0.11187607573149742,0.1757188498402556,0.1323283082077052,0.11308562197092084,0.11419249592169657,0.14991762767710048,0.1486725663716814,0.10174880763116058,0.22950819672131148,0.07605177993527508,0.22184300341296928,0.13793103448275862,0.12421383647798742,0.10437710437710437,0.22054380664652568,0.12374581939799331,0.21642969984202212,0.19666666666666666,0.12654320987654322,0.20729684908789386,0.2625607779578606,0.03427719821162444,0.06633499170812604,0.19630872483221476,0.24161073825503357,0.15064102564102563,0.07535321821036106,0.16692913385826771,0.13023255813953488,0.26916802610114193,0.17567567567567569,0.10291595197255575,0.12794612794612795,0.26435045317220546,0.1480891719745223,0.16057233704292528,0.059654631083202514,0.1050080775444265,0.062193126022913256,0.1758957654723127,0.13628899835796388,0.10909090909090909,0.09950248756218906,0.05016181229773463,0.17483660130718953,0.17495987158908508,0.07923930269413629,0.11237785016286644,0.15128593040847202,0.11375212224108659,0.13376835236541598,0.13376835236541598,0.13435114503816795,0.19932998324958123,0.16279069767441862,0.05326460481099656,0.20198675496688742,0.21788617886178863,0.11148086522462562,0.23895253682487724,0.14590163934426228,0.13614262560777957,0.10869565217391304,0.18088737201365188,0.1507537688442211,0.10287443267776097,0.19806763285024154,0.30642504118616143,0.0592,0.21805792163543442,0.1864406779661017,0.08239095315024232,0.12755905511811025,0.15048543689320387,0.11754684838160136,0.21495327102803738,0.059907834101382486,0.1656534954407295,0.32038834951456313,0.27140549273021003,0.22324159021406728,0.14641744548286603
2013,1,9,prevalence,0.17355371900826447,0.18597560975609756,0.1092436974789916,0.10231023102310231,0.18195488721804512,0.10268562401263823,0.10714285714285714,0.18006430868167203,0.26009693053311794,0.16113744075829384,0.11563517915309446,0.15676567656765678,0.12685337726523888,0.15868263473053892,0.1380952380952381,0.1474036850921273,0.16984126984126985,0.13971742543171115,0.14696485623003194,0.125,0.07432432432432433,0.1625207296849088,0.246422893481717,0.17703349282296652,0.14285714285714285,0.09253246753246754,0.08062015503875969,0.11188811188811189,0.2827476038338658,0.14539579967689822,0.11282843894899536,0.16237942122186494,0.1267175572519084,0.13902053712480253,0.08848080133555926,0.15311004784688995,0.18344155844155843,0.1480916030534351,0.1478537360890302,0.1937984496124031,0.19230769230769232,0.21395348837209302,0.10466988727858294,0.2465986394557823,0.12887438825448613,0.15031645569620253,0.14072847682119205,0.08598726114649681,0.21608832807570977,0.09162717219589257,0.12357723577235773,0.17475728155339806,0.1134185303514377,0.13776337115072934,0.3640939597315436,0.08783783783783784,0.17263843648208468,0.1423948220064725,0.15512048192771086,0.14893617021276595,0.15834767641996558,0.3037156704361874,0.07763975155279502,0.0944,0.10076335877862595,0.09540034071550256,0.12293853073463268,0.1729200652528548,0.1328,0.17452830188679244,0.25811688311688313,0.1320450885668277,0.2260596546310832,0.10987261146496816,0.16440677966101694,0.15284552845528454,0.15873015873015872,0.12440191387559808,0.2955665024630542,0.15146831530139104,0.19783616692426584,0.3317307692307692,0.12183544303797468,0.1011608623548922,0.15132605304212168,0.1856925418569254,0.2413793103448276,0.13474025974025974,0.22413793103448276,0.12305295950155763,0.20616883116883117,0.29329173166926675,0.14556962025316456,0.030844155844155844,0.1952,0.1349206349206349,0.18016528925619835,0.18298555377207062,0.08196721311475409,0.10046367851622875,0.15993537964458804,0.11620294599018004,0.15309446254071662,0.13776337115072934,0.22093023255813954,0.13522012578616352,0.16770186335403728,0.11872909698996656,0.12037037037037036,0.0832,0.17886178861788618,0.11824324324324324,0.19138755980861244,0.20627062706270627,0.16079632465543645,0.1403225806451613,0.191869918699187,0.16156462585034015,0.13089005235602094,0.1669316375198728,0.13838550247116968,0.09547738693467336,0.11019736842105263,0.16584564860426929,0.13451327433628318,0.11128284389489954,0.2113564668769716,0.10954616588419405,0.2407079646017699,0.1156773211567732,0.12025316455696203,0.08623548922056384,0.19548872180451127,0.09833333333333333,0.20793650793650795,0.14759535655058043,0.12363067292644757,0.21258503401360543,0.2820919175911252,0.07025411061285501,0.0805921052631579,0.1936026936026936,0.19836065573770492,0.09794628751974724,0.10819165378670788,0.1486697965571205,0.12682926829268293,0.2736,0.1750841750841751,0.08808290155440414,0.14261460101867574,0.20239880059970014,0.1206896551724138,0.1829652996845426,0.07431340872374798,0.1038961038961039,0.061872909698996656,0.16747967479674797,0.13509060955518945,0.12376237623762376,0.13614262560777957,0.07654723127035831,0.16498316498316498,0.1717171717171717,0.07436708860759493,0.09697933227344992,0.17455621301775148,0.10906040268456375,0.1583198707592892,0.1583198707592892,0.1918238993710692,0.1416382252559727,0.11596638655462185,0.05952380952380952,0.20833333333333334,0.19903691813804172,0.1321656050955414,0.15676567656765678,0.12191103789126853,0.160828025477707,0.10914927768860354,0.15110356536502548,0.11925042589437819,0.09244992295839753,0.1918032786885246,0.24829931972789115,0.06779661016949153,0.1765704584040747,0.14826498422712933,0.08210180623973727,0.1419656786271451,0.19718309859154928,0.10909090909090909,0.21428571428571427,0.07585139318885449,0.182370820668693,0.2978723404255319,0.23417721518987342,0.1761194029850746,0.1206896551724138
2014,1,9,prevalence,0.11912751677852348,0.16640746500777606,0.11774461028192372,0.0993485342019544,0.12330827067669173,0.10191082802547771,0.13290113452188007,0.18699186991869918,0.23624595469255663,0.18181818181818182,0.11201298701298701,0.19306930693069307,0.1189710610932476,0.13137557959814528,0.08520900321543408,0.1111111111111111,0.1536,0.1372854914196568,0.16965742251223492,0.12828438948995363,0.10613598673300166,0.14020270270270271,0.2859450726978998,0.1423948220064725,0.11396468699839486,0.09256198347107437,0.08742331288343558,0.0925589836660617,0.26046511627906976,0.15721231766612642,0.11370716510903427,0.17034700315457413,0.13444108761329304,0.1330128205128205,0.09949409780775717,0.14170692431561996,0.17341977309562398,0.16798732171156894,0.11736334405144695,0.16220472440944883,0.1734006734006734,0.20292207792207792,0.11980033277870217,0.22107081174438686,0.12222222222222222,0.16043613707165108,0.13874788494077833,0.10048622366288493,0.18600953895071543,0.09166666666666666,0.17957166392092258,0.1680129240710824,0.11968503937007874,0.15764331210191082,0.23333333333333334,0.09045226130653267,0.19001610305958133,0.16401273885350318,0.13949843260188088,0.1444991789819376,0.14795918367346939,0.1967479674796748,0.12480499219968799,0.08520900321543408,0.12213740458015267,0.11551155115511551,0.13843888070692195,0.1288244766505636,0.08585055643879173,0.13643410852713178,0.25120772946859904,0.13170731707317074,0.18025078369905956,0.11363636363636363,0.16777408637873753,0.12337662337662338,0.16286644951140064,0.17038216560509553,0.24880382775119617,0.13016845329249618,0.14153846153846153,0.3146964856230032,0.13343799058084774,0.11001642036124795,0.18580060422960726,0.23008849557522124,0.22383252818035426,0.11949685534591195,0.15569823434991975,0.10485133020344288,0.2078559738134206,0.2668711656441718,0.14903846153846154,0.07226890756302522,0.2375601926163724,0.16957210776545167,0.15625,0.16692913385826771,0.12400635930047695,0.09752321981424149,0.1299342105263158,0.1271585557299843,0.11352253756260434,0.1492776886035313,0.2936241610738255,0.14705882352941177,0.18251533742331288,0.12071778140293637,0.0768025078369906,0.09046849757673667,0.1421647819063005,0.10132890365448505,0.2125984251968504,0.1777408637873754,0.16640986132511557,0.1487603305785124,0.17398373983739837,0.13953488372093023,0.13752122241086587,0.2112,0.14590163934426228,0.08803986710963455,0.08766233766233766,0.12214983713355049,0.17558528428093645,0.11919504643962849,0.20993589743589744,0.13643410852713178,0.21963394342762063,0.09188361408882083,0.11698717948717949,0.059967585089141004,0.15256797583081572,0.1109350237717908,0.1539708265802269,0.20066334991708126,0.16507936507936508,0.18013468013468015,0.2115987460815047,0.11160714285714286,0.07973421926910298,0.2035541195476575,0.19833333333333333,0.08846761453396525,0.09797822706065319,0.13924050632911392,0.13946117274167988,0.18780889621087316,0.1839863713798978,0.0976027397260274,0.1266891891891892,0.1426448736998514,0.09090909090909091,0.15930599369085174,0.09933774834437085,0.10272873194221509,0.08346972176759411,0.10339256865912763,0.15772357723577235,0.11824324324324324,0.15705128205128205,0.08866995073891626,0.12664473684210525,0.17845117845117844,0.08359133126934984,0.10344827586206896,0.18086696562032886,0.13758389261744966,0.16451612903225807,0.16451612903225807,0.21394611727416799,0.14736842105263157,0.09698996655518395,0.07375643224699828,0.214168039538715,0.168,0.17647058823529413,0.1426256077795786,0.11148086522462562,0.1568,0.14098360655737704,0.10714285714285714,0.13126079447322972,0.11093990755007704,0.1467304625199362,0.19015280135823429,0.10090361445783133,0.15551839464882944,0.12944983818770225,0.08265802269043761,0.1723076923076923,0.15336463223787167,0.12685337726523888,0.17391304347826086,0.09033280507131537,0.2251968503937008,0.23778501628664495,0.1763779527559055,0.1664145234493192,0.1705790297339593
2015,1,9,prevalence,0.1323024054982818,0.17731629392971246,0.13776337115072934,0.07095709570957096,0.08615384615384615,0.07716535433070866,0.12155591572123177,0.15,0.2647527910685805,0.13477537437603992,0.10551181102362205,0.16666666666666666,0.07467532467532467,0.1267175572519084,0.08661417322834646,0.1111111111111111,0.13354037267080746,0.16380655226209048,0.18566775244299674,0.14285714285714285,0.1008130081300813,0.12171052631578948,0.24717285945072698,0.15901639344262294,0.0903010033444816,0.06109324758842444,0.07099697885196375,0.13818181818181818,0.23374613003095976,0.1419141914191419,0.1143740340030912,0.15457413249211358,0.15123456790123457,0.11598746081504702,0.08985024958402663,0.0959349593495935,0.14935064935064934,0.12578616352201258,0.1323529411764706,0.14350453172205438,0.18122977346278318,0.1977124183006536,0.10865874363327674,0.14686468646864687,0.13636363636363635,0.13679245283018868,0.11003236245954692,0.09953343701399689,0.16720257234726688,0.10720268006700168,0.16417910447761194,0.17467948717948717,0.15333333333333332,0.16589861751152074,0.12227805695142378,0.08862876254180602,0.1964856230031949,0.16612903225806452,0.134375,0.13500784929356358,0.11073253833049404,0.19579288025889968,0.12164296998420221,0.07928802588996764,0.12264150943396226,0.10685805422647528,0.1748148148148148,0.10077519379844961,0.06721311475409836,0.13551401869158877,0.21138211382113822,0.14918032786885246,0.17080745341614906,0.12258064516129032,0.16033057851239668,0.11146496815286625,0.1330128205128205,0.20733652312599682,0.22168284789644013,0.15527950310559005,0.12345679012345678,0.21864951768488747,0.10708661417322834,0.15121951219512195,0.13312202852614896,0.22424242424242424,0.17569786535303777,0.138801261829653,0.11802232854864433,0.11428571428571428,0.2144026186579378,0.2549618320610687,0.13406940063091483,0.0912,0.18408736349453977,0.15673981191222572,0.12203389830508475,0.12419354838709677,0.1629746835443038,0.10737179487179487,0.08702791461412152,0.1674347158218126,0.07188498402555911,0.12038523274478331,0.2356902356902357,0.1296,0.2,0.10474631751227496,0.07348242811501597,0.08225806451612903,0.1828665568369028,0.09884678747940692,0.2006269592476489,0.16694772344013492,0.16138763197586728,0.1573926868044515,0.1772357723577236,0.12046204620462046,0.16229508196721312,0.20711974110032363,0.137987012987013,0.1054421768707483,0.0746031746031746,0.1320754716981132,0.1551155115511551,0.11061285500747384,0.1850079744816587,0.14035087719298245,0.20930232558139536,0.1035548686244204,0.10543657331136738,0.06851549755301795,0.09597523219814241,0.14677419354838708,0.14603174603174604,0.1697792869269949,0.18923076923076923,0.17845117845117844,0.18641390205371247,0.15338345864661654,0.06230031948881789,0.16071428571428573,0.1791044776119403,0.07559055118110236,0.12852664576802508,0.12042682926829268,0.12130637636080871,0.17341977309562398,0.18229166666666666,0.10362694300518134,0.10819672131147541,0.10339506172839506,0.08239095315024232,0.16134185303514376,0.1077943615257048,0.09787928221859707,0.11557788944723618,0.10031847133757962,0.16202945990180032,0.11842105263157894,0.17857142857142858,0.07401315789473684,0.10855263157894737,0.14677419354838708,0.06635071090047394,0.06907894736842106,0.1726844583987441,0.11345218800648298,0.15372168284789645,0.15372168284789645,0.17609046849757673,0.14576271186440679,0.06393442622950819,0.07718120805369127,0.2292358803986711,0.1645367412140575,0.1951219512195122,0.1403225806451613,0.12919463087248323,0.1461038961038961,0.11323763955342903,0.1419031719532554,0.12220309810671257,0.11942675159235669,0.12145110410094637,0.14262023217247097,0.08623298033282904,0.12790697674418605,0.11057692307692307,0.11392405063291139,0.15,0.15160796324655437,0.10016420361247948,0.1545595054095827,0.14397496087636932,0.1751592356687898,0.16773162939297126,0.15822784810126583,0.10138248847926268,0.1722560975609756
2016,1,9,prevalence,0.1480836236933798,0.18949044585987262,0.15347334410339256,0.062193126022913256,0.06828528072837632,0.06491499227202473,0.11608623548922056,0.11920529801324503,0.18662519440124417,0.11973018549747048,0.11059190031152648,0.14215686274509803,0.08225806451612903,0.13435114503816795,0.09807073954983923,0.1272430668841762,0.12538699690402477,0.1492063492063492,0.19249592169657423,0.1282051282051282,0.10457516339869281,0.14604810996563575,0.2137030995106036,0.14864864864864866,0.095,0.0627062706270627,0.07290015847860538,0.14711033274956217,0.16640746500777606,0.1806020066889632,0.11023622047244094,0.12579617834394904,0.14376996805111822,0.08917197452229299,0.0954861111111111,0.1038961038961039,0.1424,0.11635220125786164,0.10260586319218241,0.1196319018404908,0.16071428571428573,0.17034700315457413,0.08957654723127036,0.1044776119402985,0.08702791461412152,0.11987381703470032,0.1056782334384858,0.07441860465116279,0.11954765751211632,0.10413223140495868,0.12418300653594772,0.16559485530546625,0.1557377049180328,0.13004484304932734,0.09933774834437085,0.08130081300813008,0.22755417956656346,0.1573926868044515,0.1302250803858521,0.22488038277511962,0.10175438596491228,0.1309328968903437,0.16561514195583596,0.0858085808580858,0.09365079365079365,0.10963455149501661,0.16084977238239756,0.10806451612903226,0.08069620253164557,0.09500805152979067,0.1728,0.0761904761904762,0.12399355877616747,0.10207336523125997,0.13249211356466878,0.09105431309904154,0.09485530546623794,0.16666666666666666,0.19086460032626426,0.1757188498402556,0.13239875389408098,0.1650326797385621,0.07961783439490445,0.12399355877616747,0.10248447204968944,0.1981981981981982,0.11940298507462686,0.15047021943573669,0.13408723747980614,0.10107197549770292,0.15024232633279483,0.2116564417177914,0.1518987341772152,0.12025316455696203,0.1731669266770671,0.14645669291338584,0.10264900662251655,0.0970724191063174,0.17364341085271318,0.11612903225806452,0.10144927536231885,0.1419939577039275,0.07852564102564102,0.0840064620355412,0.19508196721311474,0.1152,0.17673716012084592,0.09523809523809523,0.07617504051863858,0.09302325581395349,0.1611295681063123,0.129783693843594,0.20711974110032363,0.15126050420168066,0.12762762762762764,0.138801261829653,0.11323763955342903,0.13898305084745763,0.14814814814814814,0.13376835236541598,0.12950819672131147,0.12241379310344827,0.08095238095238096,0.1060126582278481,0.13344051446945338,0.09936908517350158,0.1426256077795786,0.16830065359477125,0.14735099337748345,0.11265432098765432,0.08660130718954248,0.07525083612040134,0.0763239875389408,0.1648,0.11181102362204724,0.13712374581939799,0.1391035548686244,0.1445578231292517,0.14471544715447154,0.16765578635014836,0.049679487179487176,0.13562091503267973,0.15604026845637584,0.07590759075907591,0.11987381703470032,0.0913312693498452,0.09133858267716535,0.15396825396825398,0.14871794871794872,0.1431095406360424,0.15270935960591134,0.06307692307692307,0.085,0.11616954474097331,0.11274509803921569,0.06525285481239804,0.1302170283806344,0.10869565217391304,0.14733542319749215,0.13509060955518945,0.15119760479041916,0.0664451827242525,0.11205432937181664,0.11783960720130933,0.06037151702786378,0.05365853658536585,0.14463452566096424,0.12738853503184713,0.1035031847133758,0.1035031847133758,0.1388888888888889,0.11054421768707483,0.06446280991735537,0.09650582362728785,0.15650741350906094,0.143317230273752,0.16057233704292528,0.12682926829268293,0.1307300509337861,0.12944983818770225,0.08709175738724728,0.1488294314381271,0.13277310924369748,0.11616954474097331,0.1473851030110935,0.12171052631578948,0.08970588235294118,0.10666666666666667,0.1510673234811166,0.13522012578616352,0.12066365007541478,0.11394302848575712,0.08681672025723473,0.14774494556765164,0.16181229773462782,0.1477832512315271,0.10016155088852989,0.19319938176197837,0.10096153846153846,0.16012558869701726
2017,1,9,prevalence,0.10186757215619695,0.12519809825673534,0.13141025641025642,0.08064516129032258,0.08128834355828221,0.06146926536731634,0.0957983193277311,0.07395498392282958,0.14174454828660435,0.09539473684210527,0.08636363636363636,0.11605723370429252,0.040453074433656956,0.1276595744680851,0.061788617886178863,0.08818897637795275,0.0928,0.08852459016393442,0.12399355877616747,0.10355987055016182,0.09017713365539452,0.09948542024013722,0.16666666666666666,0.09427609427609428,0.09375,0.06176961602671119,0.059282371294851796,0.1070840197693575,0.12933753943217666,0.12026359143327842,0.09134615384615384,0.09090909090909091,0.10662358642972536,0.09216589861751152,0.10896309314586995,0.09485530546623794,0.08320251177394035,0.07448494453248812,0.07779578606158834,0.08845577211394302,0.11074380165289256,0.12557427258805512,0.08774834437086093,0.08940397350993377,0.07248764415156507,0.10426540284360189,0.06299212598425197,0.06814580031695722,0.07830342577487764,0.10815307820299501,0.09193548387096774,0.11092436974789915,0.13099041533546327,0.10200927357032458,0.0609375,0.06656346749226007,0.17638036809815952,0.11446740858505565,0.10147299509001637,0.1629032258064516,0.09499136442141623,0.11456628477905073,0.1443932411674347,0.07967479674796749,0.0819935691318328,0.08752025931928688,0.12229102167182662,0.07154213036565978,0.07313195548489666,0.06611570247933884,0.11885895404120443,0.08372827804107424,0.09247648902821316,0.0949367088607595,0.11635220125786164,0.057096247960848286,0.07763975155279502,0.1338709677419355,0.1476510067114094,0.1529968454258675,0.1109375,0.11940298507462686,0.07332293291731669,0.12096774193548387,0.06933744221879815,0.12995245641838352,0.09180327868852459,0.16938110749185667,0.09570957095709572,0.06505295007564296,0.10031847133757962,0.15919629057187018,0.11323763955342903,0.10628019323671498,0.11042944785276074,0.13292117465224113,0.07852564102564102,0.06376360808709176,0.1398176291793313,0.09984152139461172,0.07877813504823152,0.12098009188361408,0.06129032258064516,0.058823529411764705,0.15823817292006526,0.07980456026058631,0.11603053435114503,0.0754414125200642,0.054098360655737705,0.052901023890784986,0.12012987012987013,0.09650582362728785,0.16693418940609953,0.10869565217391304,0.11363636363636363,0.11574074074074074,0.07166123778501629,0.11980033277870217,0.1064891846921797,0.10112359550561797,0.09636650868878358,0.12195121951219512,0.0671875,0.07051282051282051,0.07980456026058631,0.10543130990415335,0.09827586206896552,0.16071428571428573,0.11004784688995216,0.10584518167456557,0.09212730318257957,0.04723127035830619,0.07496012759170653,0.09508716323296355,0.084375,0.09212730318257957,0.11246200607902736,0.11952861952861953,0.11308562197092084,0.12912912912912913,0.04245283018867924,0.11075949367088607,0.12436115843270869,0.0781758957654723,0.10188087774294671,0.07120253164556962,0.0877742946708464,0.12006319115323855,0.12717770034843207,0.10256410256410256,0.1592775041050903,0.05909797822706065,0.04975124378109453,0.0794392523364486,0.1070840197693575,0.06168831168831169,0.09595959595959595,0.0859375,0.11024844720496894,0.10197368421052631,0.12213740458015267,0.0636215334420881,0.07337883959044368,0.09803921568627451,0.057750759878419454,0.04340836012861737,0.1292834890965732,0.10841423948220065,0.0890302066772655,0.0890302066772655,0.10430463576158941,0.08013355592654424,0.052805280528052806,0.07213114754098361,0.09547738693467336,0.1360759493670886,0.07852564102564102,0.10015898251192369,0.1319796954314721,0.08156606851549755,0.07198748043818466,0.09703947368421052,0.11472602739726027,0.083596214511041,0.13428120063191154,0.1045531197301855,0.07435508345978756,0.09246575342465753,0.11872909698996656,0.11164274322169059,0.10014947683109118,0.08571428571428572,0.0707395498392283,0.11472868217054263,0.13408723747980614,0.11960132890365449,0.06070826306913996,0.1404320987654321,0.1044776119402985,0.12558139534883722
2018,1,9,prevalence,0.07106598984771574,0.09178743961352658,0.11954765751211632,0.0966183574879227,0.07484076433121019,0.055639097744360905,0.07413793103448275,0.06962025316455696,0.13787638668779714,0.09106529209621993,0.07355242566510173,0.08796296296296297,0.039619651347068144,0.10244648318042814,0.04823151125401929,0.08385093167701864,0.0799347471451876,0.08279220779220779,0.0878594249201278,0.07642276422764227,0.07692307692307693,0.08388157894736842,0.1180327868852459,0.07744107744107744,0.0773109243697479,0.04730831973898858,0.050314465408805034,0.10299003322259136,0.09090909090909091,0.09500805152979067,0.08306709265175719,0.06957928802588997,0.072,0.08196721311475409,0.08703374777975133,0.07898894154818326,0.07223113964686999,0.07523510971786834,0.06354515050167224,0.08128834355828221,0.09344262295081968,0.10029940119760479,0.05008347245409015,0.06776859504132231,0.08116883116883117,0.078003120124805,0.0594855305466238,0.04897314375987362,0.05901639344262295,0.08496732026143791,0.08455284552845528,0.09314586994727592,0.09206349206349207,0.08128834355828221,0.07692307692307693,0.05666156202143951,0.1346749226006192,0.10929853181076672,0.06525285481239804,0.11446740858505565,0.059422750424448216,0.10016420361247948,0.1251908396946565,0.06825396825396825,0.055105348460291734,0.06050955414012739,0.1,0.08527131782945736,0.06220839813374806,0.06085526315789474,0.09523809523809523,0.06666666666666667,0.08398133748055987,0.098256735340729,0.09615384615384616,0.047540983606557376,0.06771653543307087,0.10776545166402536,0.08637873754152824,0.10987261146496816,0.09344262295081968,0.09259259259259259,0.0546875,0.09984152139461172,0.07384615384615385,0.12135176651305683,0.07248764415156507,0.12151067323481117,0.07395498392282958,0.050595238095238096,0.07511737089201878,0.12669683257918551,0.09133858267716535,0.09206349206349207,0.09006211180124224,0.12151067323481117,0.06103286384976526,0.04696969696969697,0.09745127436281859,0.0734375,0.08166666666666667,0.07550077041602465,0.05263157894736842,0.08,0.1109375,0.054365733113673806,0.0960960960960961,0.06957928802588997,0.05025125628140704,0.05490848585690516,0.09803921568627451,0.0975609756097561,0.13410596026490065,0.10067114093959731,0.09298780487804878,0.09770992366412214,0.05448717948717949,0.08193979933110368,0.07419898819561552,0.0749185667752443,0.07911392405063292,0.09540636042402827,0.06758832565284179,0.054773082942097026,0.08373590982286634,0.08688524590163935,0.09628378378378379,0.11755233494363929,0.08681672025723473,0.09419152276295134,0.12248322147651007,0.04738562091503268,0.08077544426494346,0.08837209302325581,0.0473186119873817,0.07457627118644068,0.08936825885978428,0.09166666666666666,0.0978441127694859,0.10120845921450151,0.044585987261146494,0.08950617283950617,0.10998307952622674,0.060810810810810814,0.08414239482200647,0.054945054945054944,0.06782334384858044,0.10696920583468396,0.09932659932659933,0.07599309153713299,0.11650485436893204,0.05214723926380368,0.044481054365733116,0.06605222734254992,0.07931034482758621,0.07017543859649122,0.0756578947368421,0.07987711213517665,0.08333333333333333,0.07198748043818466,0.0995405819295559,0.057233704292527825,0.07166666666666667,0.07085346215780998,0.05359877488514548,0.03565640194489465,0.08074534161490683,0.12283464566929134,0.07028753993610223,0.07028753993610223,0.08562197092084006,0.07107438016528926,0.05357142857142857,0.08760330578512397,0.07166123778501629,0.11308562197092084,0.054313099041533544,0.07605177993527508,0.11243611584327087,0.07846410684474124,0.06346749226006192,0.10227272727272728,0.08532423208191127,0.07906976744186046,0.12261146496815287,0.09411764705882353,0.05754276827371695,0.09852216748768473,0.11655405405405406,0.09405940594059406,0.08242612752721618,0.0549618320610687,0.05950413223140496,0.08346213292117466,0.09379968203497616,0.08249158249158249,0.056572379367720464,0.1123076923076923,0.08414239482200647,0.10140405616224649
2019,1,9,prevalence,0.060714285714285714,0.059113300492610835,0.1045958795562599,0.07244094488188976,0.05448717948717949,0.045454545454545456,0.07666666666666666,0.056962025316455694,0.09905660377358491,0.07614213197969544,0.0631911532385466,0.04945904173106646,0.037209302325581395,0.07963246554364471,0.048939641109298535,0.0703125,0.05537459283387622,0.07528641571194762,0.07269789983844911,0.06040268456375839,0.05714285714285714,0.07321131447587355,0.08791208791208792,0.06754530477759473,0.05555555555555555,0.030612244897959183,0.03821656050955414,0.12436974789915967,0.06521739130434782,0.07692307692307693,0.09105431309904154,0.05872756933115824,0.05475040257648953,0.06045751633986928,0.06551724137931035,0.053125,0.05081967213114754,0.08095952023988005,0.05638474295190713,0.061823802163833076,0.05423728813559322,0.0899390243902439,0.033783783783783786,0.052884615384615384,0.05457463884430177,0.0704,0.056666666666666664,0.04032258064516129,0.057971014492753624,0.0636215334420881,0.07095709570957096,0.06474820143884892,0.07419354838709677,0.058637083993660855,0.07441860465116279,0.0344311377245509,0.10268562401263823,0.09268292682926829,0.07258064516129033,0.08411214953271028,0.04318936877076412,0.07729468599033816,0.08610271903323263,0.05837173579109063,0.04231974921630094,0.05443234836702955,0.08346709470304976,0.060240963855421686,0.06782334384858044,0.05211726384364821,0.0630048465266559,0.049924357034795766,0.06656346749226007,0.07898894154818326,0.07556270096463022,0.04006677796327212,0.05537459283387622,0.08240887480190175,0.06478405315614617,0.09195402298850575,0.08768971332209106,0.10132890365448505,0.05263157894736842,0.08108108108108109,0.05660377358490566,0.12749615975422426,0.060955518945634266,0.12357723577235773,0.060064935064935064,0.05446293494704992,0.07926829268292683,0.09939759036144578,0.07668711656441718,0.08387096774193549,0.07022900763358779,0.08346972176759411,0.05128205128205128,0.03759398496240601,0.07465007776049767,0.05736434108527132,0.05756578947368421,0.06865671641791045,0.05638474295190713,0.056105610561056105,0.06382978723404255,0.04983922829581994,0.08345752608047691,0.05501618122977346,0.05641025641025641,0.04245283018867924,0.08710217755443886,0.05737704918032787,0.09485530546623794,0.08955223880597014,0.07621951219512195,0.07776049766718507,0.04707792207792208,0.07337883959044368,0.05271828665568369,0.066006600660066,0.06907378335949764,0.06228373702422145,0.050793650793650794,0.05172413793103448,0.061611374407582936,0.08603896103896104,0.0707070707070707,0.08156606851549755,0.07728706624605679,0.0787037037037037,0.08955223880597014,0.042692939244663386,0.06372549019607843,0.06666666666666667,0.04126984126984127,0.07312925170068027,0.07275541795665634,0.07058823529411765,0.07704918032786885,0.08295625942684766,0.051696284329563816,0.07264296754250386,0.085,0.046474358974358976,0.08346709470304976,0.05246422893481717,0.05457463884430177,0.06885245901639345,0.08448275862068966,0.06196213425129088,0.09455128205128205,0.05271317829457364,0.03915171288743882,0.0598159509202454,0.059602649006622516,0.04838709677419355,0.06343906510851419,0.0625,0.07790143084260731,0.06624605678233439,0.07704160246533127,0.0491283676703645,0.0718954248366013,0.059870550161812294,0.04078549848942598,0.06487341772151899,0.05287713841368585,0.10510046367851623,0.06655844155844155,0.06655844155844155,0.06965174129353234,0.0912106135986733,0.056291390728476824,0.0632279534109817,0.05853658536585366,0.06379585326953748,0.03937007874015748,0.06270096463022508,0.09409888357256778,0.07432432432432433,0.050156739811912224,0.09350237717908082,0.06799336650082918,0.055205047318611984,0.08661417322834646,0.07035175879396985,0.05421686746987952,0.059800664451827246,0.11054421768707483,0.0706436420722135,0.0730593607305936,0.047619047619047616,0.059967585089141004,0.06220839813374806,0.07928802588996764,0.06578947368421052,0.04690117252931323,0.08575803981623277,0.07131011608623548,0.072
2020,1,9,prevalence,0.053082191780821915,0.043973941368078175,0.07028753993610223,0.07814992025518341,0.048154093097913325,0.045813586097946286,0.07321131447587355,0.0452418096723869,0.08755760368663594,0.0686106346483705,0.05929487179487179,0.040625,0.04245283018867924,0.058544303797468354,0.061191626409017714,0.05546995377503852,0.05221518987341772,0.06365159128978225,0.0670926517571885,0.05396290050590219,0.04746317512274959,0.08034188034188035,0.060092449922958396,0.061788617886178863,0.0453781512605042,0.02159468438538206,0.03328050713153724,0.07754442649434572,0.048589341692789965,0.06230031948881789,0.0624,0.04666666666666667,0.043548387096774194,0.041254125412541254,0.04982817869415808,0.04953560371517028,0.040880503144654086,0.06037151702786378,0.048465266558966075,0.04776579352850539,0.04560810810810811,0.08422664624808576,0.03171953255425709,0.04746317512274959,0.047244094488188976,0.04716981132075472,0.04391891891891892,0.0448,0.05144694533762058,0.05627009646302251,0.06070826306913996,0.05693950177935943,0.06656101426307448,0.05337519623233909,0.06707317073170732,0.04072398190045249,0.0784,0.06840390879478828,0.06416275430359937,0.06677265500794913,0.03559870550161812,0.058919803600654665,0.06578947368421052,0.05,0.0380952380952381,0.037914691943127965,0.06623586429725363,0.05530642750373692,0.05572755417956656,0.045307443365695796,0.042692939244663386,0.048265460030165915,0.0484375,0.06035889070146819,0.06430868167202572,0.03648424543946932,0.07288135593220339,0.06818181818181818,0.059113300492610835,0.06851549755301795,0.06856187290969899,0.08443708609271523,0.04866562009419152,0.06269592476489028,0.03125,0.0861244019138756,0.05490848585690516,0.09569377990430622,0.05237315875613748,0.043154761904761904,0.06354009077155824,0.08128834355828221,0.06103286384976526,0.059748427672955975,0.05222734254992319,0.051666666666666666,0.05211726384364821,0.03538461538461538,0.0594679186228482,0.04738562091503268,0.04878048780487805,0.061285500747384154,0.04597701149425287,0.05306799336650083,0.051593323216995446,0.04272151898734177,0.07230769230769231,0.051839464882943144,0.052969502407704656,0.047244094488188976,0.07042253521126761,0.04406779661016949,0.0805921052631579,0.0723905723905724,0.05956112852664577,0.06750392464678179,0.04032258064516129,0.04452054794520548,0.044407894736842105,0.0496,0.061823802163833076,0.05410122164048865,0.04313099041533546,0.04292527821939587,0.04806201550387597,0.06688417618270799,0.06532663316582915,0.06280193236714976,0.06060606060606061,0.04574132492113565,0.06228956228956229,0.03626943005181347,0.06188925081433225,0.0549618320610687,0.04754358161648178,0.050761421319796954,0.06031746031746032,0.06013745704467354,0.06339144215530904,0.07121212121212121,0.047619047619047616,0.06191950464396285,0.06942148760330578,0.04234527687296417,0.06518282988871224,0.050314465408805034,0.047933884297520664,0.05922165820642978,0.06806282722513089,0.04655172413793104,0.07142857142857142,0.05112781954887218,0.028985507246376812,0.0515625,0.052364864864864864,0.04038772213247173,0.05271317829457364,0.05354330708661417,0.06677018633540373,0.049689440993788817,0.05819295558958652,0.04552845528455285,0.05144694533762058,0.05115511551155116,0.03007518796992481,0.06656101426307448,0.06290322580645161,0.07716049382716049,0.052050473186119876,0.052050473186119876,0.05246422893481717,0.07617504051863858,0.04390243902439024,0.04304635761589404,0.049019607843137254,0.05666156202143951,0.03206106870229008,0.055379746835443035,0.07269789983844911,0.05317324185248713,0.04821150855365474,0.07923930269413629,0.05536912751677853,0.05853658536585366,0.06729264475743349,0.060897435897435896,0.046686746987951805,0.048465266558966075,0.10084033613445378,0.06591639871382636,0.06402439024390244,0.04241435562805873,0.05695142378559464,0.050156739811912224,0.0583596214511041,0.05115511551155116,0.04180602006688963,0.06396255850234009,0.06535947712418301,0.06309148264984227
2021,1,9,prevalence,0.054276315789473686,0.03409090909090909,0.05727554179566564,0.058823529411764705,0.04510108864696734,0.026687598116169546,0.058823529411764705,0.03767660910518053,0.07726597325408618,0.059625212947189095,0.04739336492890995,0.03186646433990895,0.03773584905660377,0.05598755832037325,0.060842433697347896,0.0631911532385466,0.0436817472698908,0.05016722408026756,0.05714285714285714,0.047377326565143825,0.04146730462519936,0.05723905723905724,0.08688783570300158,0.04738562091503268,0.03471074380165289,0.018272425249169437,0.03827751196172249,0.05741626794258373,0.04487179487179487,0.05862646566164154,0.04823151125401929,0.038525963149078725,0.03896103896103896,0.03130148270181219,0.0425531914893617,0.04510108864696734,0.03576982892690513,0.04434250764525994,0.030303030303030304,0.03912363067292645,0.044189852700491,0.06511627906976744,0.03225806451612903,0.03801652892561983,0.029827315541601257,0.044233807266982623,0.028286189683860232,0.03827751196172249,0.04012841091492777,0.04754358161648178,0.04318936877076412,0.04697986577181208,0.05654281098546042,0.04361370716510903,0.0668693009118541,0.03139013452914798,0.06269592476489028,0.0532258064516129,0.05422647527910686,0.05177993527508091,0.03140495867768595,0.06891025641025642,0.05997001499250375,0.04503105590062112,0.0392156862745098,0.030063291139240507,0.0375,0.03903903903903904,0.054878048780487805,0.0425531914893617,0.03618421052631579,0.03840245775729647,0.0423861852433281,0.05081967213114754,0.05333333333333334,0.03322259136212625,0.07952622673434856,0.0594855305466238,0.04084967320261438,0.05638474295190713,0.057432432432432436,0.06343906510851419,0.04,0.06144393241167435,0.020833333333333332,0.0746031746031746,0.04878048780487805,0.07777777777777778,0.039603960396039604,0.029717682020802376,0.06616541353383458,0.06666666666666667,0.051829268292682924,0.04326923076923077,0.0471841704718417,0.046357615894039736,0.03908794788273615,0.034161490683229816,0.055105348460291734,0.03940886699507389,0.041935483870967745,0.04354587869362364,0.0336,0.04560260586319218,0.039816232771822356,0.038461538461538464,0.06199021207177814,0.04501607717041801,0.03571428571428571,0.049766718506998445,0.06118881118881119,0.048494983277591976,0.07614213197969544,0.06166666666666667,0.046296296296296294,0.05901116427432217,0.03542673107890499,0.03636363636363636,0.03889789303079417,0.04265402843601896,0.05116279069767442,0.038461538461538464,0.03481012658227848,0.0484375,0.03691813804173355,0.04567699836867863,0.052364864864864864,0.055105348460291734,0.05901116427432217,0.0421875,0.04470198675496689,0.03494176372712146,0.06774193548387097,0.0486322188449848,0.035541195476575124,0.0423728813559322,0.054313099041533544,0.05102040816326531,0.054313099041533544,0.061708860759493674,0.05271828665568369,0.043010752688172046,0.05815831987075929,0.08116883116883117,0.0755336617405583,0.03067484662576687,0.034653465346534656,0.05396290050590219,0.05110732538330494,0.03678929765886288,0.05055292259083728,0.050381679389312976,0.025974025974025976,0.05466237942122187,0.03747870528109029,0.03618421052631579,0.05511811023622047,0.04538341158059468,0.07269789983844911,0.04179566563467492,0.04585798816568047,0.04,0.03863987635239567,0.03986710963455149,0.0226928895612708,0.0390625,0.06885245901639345,0.05614567526555387,0.046583850931677016,0.046583850931677016,0.04597701149425287,0.07820299500831947,0.03902439024390244,0.02768729641693811,0.04617834394904458,0.0530421216848674,0.023076923076923078,0.04297520661157025,0.060126582278481014,0.04827586206896552,0.045871559633027525,0.07042253521126761,0.04262295081967213,0.03685092127303183,0.04866562009419152,0.0583596214511041,0.03550295857988166,0.0499219968798752,0.08,0.06060606060606061,0.05504587155963303,0.03459637561779242,0.03940886699507389,0.043478260869565216,0.049019607843137254,0.041050903119868636,0.03600654664484452,0.0514820592823713,0.05460750853242321,0.04582651391162029
2022,1,9,prevalence,0.054009819967266774,0.03284072249589491,0.07298136645962733,0.0449438202247191,0.0483619344773791,0.028037383177570093,0.07740916271721959,0.026604068857589983,0.06363636363636363,0.050699300699300696,0.0374414976599064,0.028528528528528527,0.030595813204508857,0.058823529411764705,0.06814580031695722,0.1130298273155416,0.03582554517133956,0.03754266211604096,0.04075235109717868,0.03488372093023256,0.030844155844155844,0.041736227045075125,0.14756671899529042,0.03789126853377265,0.028985507246376812,0.014634146341463415,0.033707865168539325,0.05873015873015873,0.03636363636363636,0.04700162074554295,0.03125,0.03273322422258593,0.030664395229982964,0.021702838063439065,0.04240282685512368,0.053516819571865444,0.02727272727272727,0.04468412942989214,0.025078369905956112,0.03543913713405239,0.06105610561056106,0.06677524429967427,0.018272425249169437,0.03531300160513644,0.037209302325581395,0.034375,0.019801980198019802,0.0430622009569378,0.030894308943089432,0.0343213728549142,0.03273322422258593,0.07154742096505824,0.04739336492890995,0.03481012658227848,0.07555555555555556,0.034074074074074076,0.05063291139240506,0.048701298701298704,0.04654895666131621,0.03739837398373984,0.028616852146263912,0.07961783439490445,0.04017857142857143,0.04153846153846154,0.03171953255425709,0.022865853658536585,0.026033690658499236,0.034074074074074076,0.08,0.05055292259083728,0.03776683087027915,0.046012269938650305,0.02903225806451613,0.05537459283387622,0.04383116883116883,0.025167785234899327,0.08482871125611746,0.07631160572337042,0.029411764705882353,0.04404567699836868,0.048494983277591976,0.06351791530944625,0.03656597774244833,0.07153502235469449,0.016339869281045753,0.07582938388625593,0.03685092127303183,0.06929133858267716,0.027552674230145867,0.025757575757575757,0.0662557781201849,0.05828220858895705,0.04588607594936709,0.03815580286168521,0.034055727554179564,0.0392156862745098,0.028616852146263912,0.03779527559055118,0.03980891719745223,0.033277870216306155,0.036243822075782535,0.03338391502276176,0.027914614121510674,0.03986710963455149,0.029940119760479042,0.037267080745341616,0.047021943573667714,0.03821656050955414,0.029548989113530325,0.06929133858267716,0.05518394648829431,0.050933786078098474,0.08833333333333333,0.0462046204620462,0.03945371775417299,0.04574132492113565,0.02337228714524207,0.026446280991735537,0.03194888178913738,0.044585987261146494,0.0416,0.0297029702970297,0.026397515527950312,0.03686635944700461,0.032362459546925564,0.04326123128119801,0.03666666666666667,0.03980891719745223,0.07395498392282958,0.04272151898734177,0.03980891719745223,0.01487603305785124,0.05263157894736842,0.04302670623145401,0.0392156862745098,0.029950083194675542,0.045454545454545456,0.04318936877076412,0.045234248788368334,0.05519480519480519,0.08877721943048576,0.04,0.0425531914893617,0.10430463576158941,0.061488673139158574,0.0375,0.029827315541601257,0.06115702479338843,0.03502626970227671,0.03177257525083612,0.050078247261345854,0.042232277526395176,0.022838499184339316,0.05834683954619125,0.03666666666666667,0.022690437601296597,0.04682779456193353,0.036163522012578615,0.06796116504854369,0.031446540880503145,0.030120481927710843,0.025157232704402517,0.02694136291600634,0.03531300160513644,0.021021021021021023,0.023696682464454975,0.05306799336650083,0.045871559633027525,0.04113924050632911,0.04113924050632911,0.03776683087027915,0.08427876823338736,0.03536977491961415,0.024509803921568627,0.03365384615384615,0.05956112852664577,0.01732283464566929,0.034482758620689655,0.04854368932038835,0.04240282685512368,0.03249630723781388,0.09021406727828746,0.03409090909090909,0.04118616144975288,0.04472843450479233,0.047021943573667714,0.026113671274961597,0.04732824427480916,0.07345575959933222,0.05853658536585366,0.05727554179566564,0.02847571189279732,0.03305785123966942,0.03354632587859425,0.03815580286168521,0.03257328990228013,0.033277870216306155,0.04234527687296417,0.04377104377104377,0.03697749196141479
2023,1,9,prevalence,0.1045016077170418,0.06035889070146819,0.07286821705426356,0.08225806451612903,0.04754358161648178,0.022257551669316374,0.06190476190476191,0.01848998459167951,0.06845238095238096,0.05110732538330494,0.02727272727272727,0.022796352583586626,0.031932773109243695,0.06372549019607843,0.09800918836140889,0.17729393468118196,0.049766718506998445,0.025210084033613446,0.020766773162939296,0.027243589743589744,0.024,0.02975206611570248,0.2347417840375587,0.03715170278637771,0.02280130293159609,0.013008130081300813,0.020569620253164556,0.0660377358490566,0.025510204081632654,0.036065573770491806,0.025559105431309903,0.024232633279483037,0.019097222222222224,0.013179571663920923,0.024013722126929673,0.03731343283582089,0.018867924528301886,0.059001512859304085,0.022116903633491312,0.029411764705882353,0.07154742096505824,0.06199021207177814,0.009852216748768473,0.025078369905956112,0.0436817472698908,0.02416918429003021,0.011475409836065573,0.03125,0.023809523809523808,0.028938906752411574,0.019966722129783693,0.1272430668841762,0.02875399361022364,0.021207177814029365,0.06222222222222222,0.029806259314456036,0.028985507246376812,0.037037037037037035,0.04430379746835443,0.0296875,0.022653721682847898,0.07954545454545454,0.03636363636363636,0.03333333333333333,0.022146507666098807,0.015105740181268883,0.014106583072100314,0.04953560371517028,0.1019786910197869,0.0467741935483871,0.037162162162162164,0.056338028169014086,0.022508038585209004,0.04692556634304207,0.037037037037037035,0.01675041876046901,0.0867430441898527,0.12101910828025478,0.04567699836867863,0.03376205787781351,0.04568527918781726,0.052980132450331126,0.0296875,0.07507507507507508,0.011864406779661017,0.13247172859450726,0.024429967426710098,0.048,0.014729950900163666,0.021116138763197588,0.0782472613458529,0.04468412942989214,0.03265940902021773,0.03779527559055118,0.023291925465838508,0.029315960912052116,0.025356576862123614,0.07210031347962383,0.029315960912052116,0.023923444976076555,0.029411764705882353,0.02384737678855326,0.016233766233766232,0.03636363636363636,0.022900763358778626,0.025157232704402517,0.03164556962025317,0.02996845425867508,0.028346456692913385,0.0738362760834671,0.03395585738539898,0.03671328671328671,0.13562091503267973,0.03678929765886288,0.03211009174311927,0.028938906752411574,0.021848739495798318,0.016366612111292964,0.023696682464454975,0.05817610062893082,0.03732503888024884,0.018302828618968387,0.0171606864274571,0.0655226209048362,0.02618657937806874,0.032948929159802305,0.033277870216306155,0.03035143769968051,0.06129032258064516,0.03949447077409163,0.03129890453834116,0.008051529790660225,0.0528,0.03115264797507788,0.05714285714285714,0.020967741935483872,0.04245283018867924,0.03600654664484452,0.033112582781456956,0.03987240829346093,0.11219512195121951,0.02773497688751926,0.032520325203252036,0.12211221122112212,0.07298136645962733,0.04409448818897638,0.022653721682847898,0.07846410684474124,0.02112676056338028,0.030110935023771792,0.03680981595092025,0.03469079939668175,0.016666666666666666,0.06818181818181818,0.03145695364238411,0.01615508885298869,0.04482225656877898,0.03215434083601286,0.07345575959933222,0.02,0.028106508875739646,0.022082018927444796,0.023510971786833857,0.02773246329526917,0.03308270676691729,0.02276176024279211,0.05090311986863711,0.03048780487804878,0.0473186119873817,0.0473186119873817,0.042483660130718956,0.11311475409836065,0.03035143769968051,0.017543859649122806,0.025682182985553772,0.06525285481239804,0.01393188854489164,0.024154589371980676,0.03764320785597381,0.027586206896551724,0.03313253012048193,0.10681114551083591,0.027375201288244767,0.01951219512195122,0.030694668820678513,0.03503184713375796,0.016897081413210446,0.03259259259259259,0.05306799336650083,0.04746317512274959,0.033707865168539325,0.015202702702702704,0.03980099502487562,0.020933977455716585,0.04032258064516129,0.03210272873194221,0.02348993288590604,0.028985507246376812,0.030303030303030304,0.029411764705882353
2024,1,9,prevalence,0.11428571428571428,0.1044776119402985,0.06497622820919176,0.07389937106918239,0.11146496815286625,0.01567398119122257,0.07053291536050156,0.009202453987730062,0.049773755656108594,0.06418918918918919,0.018779342723004695,0.012102874432677761,0.011705685618729096,0.07450331125827815,0.15207373271889402,0.3313253012048193,0.05591054313099041,0.016339869281045753,0.0144,0.019938650306748466,0.012738853503184714,0.02181208053691275,0.30173775671406006,0.03139717425431711,0.01597444089456869,0.009630818619582664,0.017684887459807074,0.07198748043818466,0.017094017094017096,0.024793388429752067,0.020440251572327043,0.020766773162939296,0.006932409012131715,0.004893964110929853,0.017035775127768313,0.03576982892690513,0.010622154779969651,0.061654135338345864,0.014173228346456693,0.015527950310559006,0.09208400646203554,0.04739336492890995,0.014539579967689823,0.019417475728155338,0.028346456692913385,0.024390243902439025,0.006482982171799027,0.02050473186119874,0.014285714285714285,0.01592356687898089,0.014705882352941176,0.30132450331125826,0.01746031746031746,0.011363636363636364,0.0641399416909621,0.046546546546546545,0.01901743264659271,0.025806451612903226,0.036741214057507986,0.019230769230769232,0.014705882352941176,0.1648,0.02476780185758514,0.04878048780487805,0.017482517482517484,0.01078582434514638,0.0125,0.06605222734254992,0.09797822706065319,0.0457516339869281,0.04522613065326633,0.04361370716510903,0.01620745542949757,0.028169014084507043,0.024752475247524754,0.013675213675213675,0.17552334943639292,0.1464968152866242,0.04501607717041801,0.022082018927444796,0.06386554621848739,0.050243111831442464,0.01740506329113924,0.08779761904761904,0.0065252854812398045,0.23237179487179488,0.014285714285714285,0.0328125,0.008012820512820512,0.013740458015267175,0.09797822706065319,0.0330188679245283,0.021311475409836064,0.04792332268370607,0.012678288431061807,0.01818181818181818,0.014218009478672985,0.15348101265822786,0.019448946515397084,0.03129890453834116,0.01800327332242226,0.014218009478672985,0.00974025974025974,0.043548387096774194,0.016442451420029897,0.015822784810126583,0.025477707006369428,0.02702702702702703,0.018779342723004695,0.08846761453396525,0.018487394957983194,0.04247787610619469,0.3058252427184466,0.02364864864864865,0.01804511278195489,0.019448946515397084,0.013422818791946308,0.012944983818770227,0.011023622047244094,0.0688,0.020249221183800622,0.013468013468013467,0.009630818619582664,0.0761904761904762,0.018092105263157895,0.018272425249169437,0.02329450915141431,0.015772870662460567,0.06847133757961783,0.03918495297805643,0.01757188498402556,0.007751937984496124,0.037914691943127965,0.01661631419939577,0.07655502392344497,0.01729559748427673,0.037337662337662336,0.026845637583892617,0.023923444976076555,0.032679738562091505,0.09181969949916527,0.018691588785046728,0.02113821138211382,0.16006600660066006,0.09967845659163987,0.0449438202247191,0.017828200972447326,0.13754045307443366,0.01335559265442404,0.023510971786833857,0.023622047244094488,0.03422619047619048,0.005084745762711864,0.0993485342019544,0.019801980198019802,0.009836065573770493,0.055891238670694864,0.02090032154340836,0.08412698412698413,0.0078003120124804995,0.023183925811437404,0.017001545595054096,0.01904761904761905,0.01468189233278956,0.038980509745127435,0.015128593040847202,0.08667736757624397,0.017001545595054096,0.05384615384615385,0.05384615384615385,0.0372168284789644,0.08166666666666667,0.03431372549019608,0.009615384615384616,0.018838304552590265,0.10158730158730159,0.004629629629629629,0.014657980456026058,0.024844720496894408,0.01680672268907563,0.06097560975609756,0.13416536661466458,0.01631321370309951,0.016420361247947456,0.019543973941368076,0.022988505747126436,0.0106544901065449,0.03545051698670606,0.041050903119868636,0.028428093645484948,0.028892455858747994,0.011804384485666104,0.04426229508196721,0.012558869701726845,0.04159733777038269,0.024077046548956663,0.016778523489932886,0.01468189233278956,0.018456375838926176,0.02003338898163606
2025,1,9,prevalence,0.17197452229299362,0.25166666666666665,0.031446540880503145,0.0766721044045677,0.18892508143322476,0.009693053311793215,0.07963246554364471,0.004470938897168405,0.04205607476635514,0.0829103214890017,0.006349206349206349,0.006201550387596899,0.005253940455341506,0.08695652173913043,0.20916030534351146,0.3824884792626728,0.05229793977812995,0.006430868167202572,0.001658374792703151,0.04361370716510903,0.011146496815286623,0.02152317880794702,0.379585326953748,0.012539184952978056,0.004724409448818898,0.008064516129032258,0.008,0.058544303797468354,0.005,0.015254237288135594,0.0110062893081761,0.008130081300813009,0.008169934640522876,0.0,0.010273972602739725,0.02531645569620253,0.006201550387596899,0.06804733727810651,0.007911392405063292,0.0061633281972265025,0.12202852614896989,0.04817275747508306,0.01818181818181818,0.00482315112540193,0.02689873417721519,0.01567398119122257,0.003205128205128205,0.01607717041800643,0.003115264797507788,0.003305785123966942,0.0256,0.44251968503937006,0.004739336492890996,0.0,0.06202723146747353,0.044709388971684055,0.006430868167202572,0.0109204368174727,0.04889589905362776,0.010670731707317074,0.004761904761904762,0.32857142857142857,0.011976047904191617,0.048513302034428794,0.024263431542461005,0.005970149253731343,0.006359300476947536,0.11497730711043873,0.13237639553429026,0.06280193236714976,0.031932773109243695,0.02830188679245283,0.01607717041800643,0.03531300160513644,0.01174496644295302,0.013559322033898305,0.30098684210526316,0.18681318681318682,0.06270096463022508,0.010835913312693499,0.05333333333333334,0.040257648953301126,0.019704433497536946,0.10371517027863777,0.0016474464579901153,0.45396825396825397,0.004893964110929853,0.018867924528301886,0.004761904761904762,0.004672897196261682,0.12557427258805512,0.017054263565891473,0.006430868167202572,0.06317411402157165,0.001594896331738437,0.009819967266775777,0.0032310177705977385,0.4141732283464567,0.014950166112956811,0.03296703296703297,0.009787928221859706,0.006420545746388443,0.016051364365971106,0.0457516339869281,0.007751937984496124,0.004830917874396135,0.006430868167202572,0.011272141706924315,0.03307086614173228,0.0875796178343949,0.00686106346483705,0.05363321799307959,0.4327390599675851,0.0066555740432612314,0.0078125,0.01155115511551155,0.0034482758620689655,0.008064516129032258,0.004761904761904762,0.09178743961352658,0.013846153846153847,0.0033444816053511705,0.0032258064516129032,0.0893939393939394,0.004975124378109453,0.025559105431309903,0.00980392156862745,0.007836990595611285,0.0761904761904762,0.027463651050080775,0.006611570247933884,0.007739938080495356,0.050473186119873815,0.0030959752321981426,0.09523809523809523,0.011128775834658187,0.04333868378812199,0.01155115511551155,0.0141287284144427,0.02090032154340836,0.10430463576158941,0.007587253414264037,0.008130081300813009,0.17731629392971246,0.0967741935483871,0.06869009584664537,0.011513157894736841,0.28753993610223644,0.006472491909385114,0.013761467889908258,0.013595166163141994,0.021638330757341576,0.003355704697986577,0.10260586319218241,0.014754098360655738,0.006493506493506494,0.07142857142857142,0.011627906976744186,0.08237232289950576,0.0,0.03265940902021773,0.00916030534351145,0.009302325581395349,0.0064516129032258064,0.04186046511627907,0.010752688172043012,0.14420062695924765,0.0078125,0.044753086419753084,0.044753086419753084,0.03642384105960265,0.0784313725490196,0.02922077922077922,0.004807692307692308,0.006051437216338881,0.20705521472392638,0.0,0.00487012987012987,0.01059001512859304,0.010050251256281407,0.0975609756097561,0.18808777429467086,0.006472491909385114,0.015151515151515152,0.012759170653907496,0.011164274322169059,0.0078125,0.030165912518853696,0.026402640264026403,0.018900343642611683,0.020933977455716585,0.005025125628140704,0.04817275747508306,0.0,0.059602649006622516,0.0048543689320388345,0.006611570247933884,0.010033444816053512,0.009724473257698542,0.004909983633387889
