Time,age_start,age_end,measure,draw_0,draw_1,draw_2,draw_3,draw_4,draw_5,draw_6,draw_7,draw_8,draw_9,draw_10,draw_11,draw_12,draw_13,draw_14,draw_15,draw_16,draw_17,draw_18,draw_19,draw_20,draw_21,draw_22,draw_23,draw_24,draw_25,draw_26,draw_27,draw_28,draw_29,draw_30,draw_31,draw_32,draw_33,draw_34,draw_35,draw_36,draw_37,draw_38,draw_39,draw_40,draw_41,draw_42,draw_43,draw_44,draw_45,draw_46,draw_47,draw_48,draw_49,draw_50,draw_51,draw_52,draw_53,draw_54,draw_55,draw_56,draw_57,draw_58,draw_59,draw_60,draw_61,draw_62,draw_63,draw_64,draw_65,draw_66,draw_67,draw_68,draw_69,draw_70,draw_71,draw_72,draw_73,draw_74,draw_75,draw_76,draw_77,draw_78,draw_79,draw_80,draw_81,draw_82,draw_83,draw_84,draw_85,draw_86,draw_87,draw_88,draw_89,draw_90,draw_91,draw_92,draw_93,draw_94,draw_95,draw_96,draw_97,draw_98,draw_99,draw_100,draw_101,draw_102,draw_103,draw_104,draw_105,draw_106,draw_107,draw_108,draw_109,draw_110,draw_111,draw_112,draw_113,draw_114,draw_115,draw_116,draw_117,draw_118,draw_119,draw_120,draw_121,draw_122,draw_123,draw_124,draw_125,draw_126,draw_127,draw_128,draw_129,draw_130,draw_131,draw_132,draw_133,draw_134,draw_135,draw_136,draw_137,draw_138,draw_139,draw_140,draw_141,draw_142,draw_143,draw_144,draw_145,draw_146,draw_147,draw_148,draw_149,draw_150,draw_151,draw_152,draw_153,draw_154,draw_155,draw_156,draw_157,draw_158,draw_159,draw_160,draw_161,draw_162,draw_163,draw_164,draw_165,draw_166,draw_167,draw_168,draw_169,draw_170,draw_171,draw_172,draw_173,draw_174,draw_175,draw_176,draw_177,draw_178,draw_179,draw_180,draw_181,draw_182,draw_183,draw_184,draw_185,draw_186,draw_187,draw_188,draw_189,draw_190,draw_191,draw_192,draw_193,draw_194,draw_195,draw_196,draw_197,draw_198,draw_199
1996,1,9,prevalence,0.003395585738539898,0.039634146341463415,0.24539877300613497,0.0622154779969651,0.05804311774461028,0.06799336650082918,0.11282843894899536,0.1996879875195008,0.1111111111111111,0.031496062992125984,0.022222222222222223,0.046224961479198766,0.13099041533546327,0.13099041533546327,0.16216216216216217,0.1875993640699523,0.0030627871362940277,0.03215434083601286,0.007680491551459293,0.02527646129541864,0.03139717425431711,0.04732824427480916,0.0684931506849315,0.0409711684370258,0.03235294117647059,0.09905660377358491,0.0109375,0.05401234567901234,0.039603960396039604,0.12096774193548387,0.030844155844155844,0.13815789473684212,0.09516380655226209,0.14683153013910355,0.0,0.06593406593406594,0.08782742681047766,0.013266998341625208,0.01788617886178862,0.109375,0.04360902255639098,0.039816232771822356,0.11076443057722309,0.16045380875202594,0.14736842105263157,0.08401976935749589,0.13957055214723926,0.12063492063492064,0.12713178294573643,0.0,0.09214501510574018,0.10029498525073746,0.05785123966942149,0.10969793322734499,0.055205047318611984,0.09841269841269841,0.10939907550077041,0.21987951807228914,0.0030211480362537764,0.060882800608828,0.0864600326264274,0.07855973813420622,0.11935483870967742,0.09049773755656108,0.046511627906976744,0.06656346749226007,0.09117647058823529,0.02388535031847134,0.09195402298850575,0.009375,0.105,0.038523274478330656,0.10564399421128799,0.0704647676161919,0.10906298003072197,0.14677419354838708,0.0655226209048362,0.0016638935108153079,0.0395738203957382,0.0015384615384615385,0.09144542772861357,0.1614420062695925,0.06896551724137931,0.0016051364365971107,0.08256880733944955,0.0873015873015873,0.09047619047619047,0.04118616144975288,0.10952380952380952,0.004807692307692308,0.0015772870662460567,0.0272,0.04784688995215311,0.05227655986509275,0.1700787401574803,0.06998444790046657,0.12286158631415241,0.04043545878693624,0.05040650406504065,0.14375987361769352,0.03114754098360656,0.0756578947368421,0.09861325115562404,0.023178807947019868,0.1178343949044586,0.008333333333333333,0.0029985007496251873,0.027823240589198037,0.062111801242236024,0.0712166172106825,0.0625,0.09485530546623794,0.014516129032258065,0.07188498402555911,0.0189873417721519,0.022865853658536585,0.0875796178343949,0.11148648648648649,0.02635658914728682,0.009104704097116844,0.11162079510703364,0.11544461778471139,0.06420545746388442,0.0014814814814814814,0.06366459627329192,0.07413010590015129,0.016923076923076923,0.1353135313531353,0.05606060606060606,0.030110935023771792,0.05555555555555555,0.0015455950540958269,0.08108108108108109,0.055,0.01935483870967742,0.0136986301369863,0.1098546042003231,0.0,0.0,0.09247648902821316,0.09247648902821316,0.07325383304940375,0.1501597444089457,0.011058451816745656,0.06037151702786378,0.03869969040247678,0.1491628614916286,0.10361067503924647,0.0030816640986132513,0.05582137161084529,0.015772870662460567,0.023696682464454975,0.17002881844380405,0.018154311649016642,0.006578947368421052,0.08374384236453201,0.15901639344262294,0.09921259842519685,0.04245283018867924,0.0031397174254317113,0.0,0.17901234567901234,0.0819935691318328,0.08914100486223663,0.0995260663507109,0.14397496087636932,0.006482982171799027,0.03201219512195122,0.006153846153846154,0.0015384615384615385,0.06842923794712286,0.03747870528109029,0.0784313725490196,0.06761006289308176,0.06168831168831169,0.03571428571428571,0.04704097116843703,0.12202852614896989,0.04926108374384237,0.10144927536231885,0.0,0.002976190476190476,0.04926108374384237,0.024793388429752067,0.04043545878693624,0.043478260869565216,0.12924071082390953,0.03608247422680412,0.01443001443001443,0.025437201907790145,0.0015600624024961,0.05625,0.18250377073906485,0.0031007751937984496,0.031654676258992806,0.0015527950310559005,0.12831858407079647,0.15522875816993464,0.0637037037037037,0.08064516129032258
1997,1,9,prevalence,0.0017123287671232876,0.06853582554517133,0.290625,0.04538087520259319,0.043029259896729774,0.07357859531772576,0.11251980982567353,0.20192307692307693,0.08907563025210084,0.02922077922077922,0.024390243902439025,0.06191950464396285,0.17288135593220338,0.17288135593220338,0.20195439739413681,0.09546925566343042,0.0,0.009868421052631578,0.00792393026941363,0.03403565640194489,0.03789126853377265,0.03514376996805112,0.052132701421800945,0.01892744479495268,0.04142011834319527,0.08077544426494346,0.0210016155088853,0.041666666666666664,0.05342237061769616,0.15867768595041323,0.054982817869415807,0.13298791018998274,0.09105180533751962,0.11419249592169657,0.0,0.05825242718446602,0.08373590982286634,0.011666666666666667,0.028380634390651086,0.09902597402597403,0.028700906344410877,0.05263157894736842,0.08146964856230032,0.21864951768488747,0.1480916030534351,0.12353923205342238,0.07814992025518341,0.11037891268533773,0.14814814814814814,0.0,0.13354037267080746,0.09235668789808917,0.05527638190954774,0.11129568106312292,0.05115511551155116,0.08145580589254767,0.08856682769726248,0.2468354430379747,0.0015748031496062992,0.0794392523364486,0.07026143790849673,0.05098684210526316,0.06984667802385008,0.08794788273615635,0.04383116883116883,0.0630048465266559,0.07874015748031496,0.02384737678855326,0.09212730318257957,0.01910828025477707,0.06091370558375635,0.05546218487394958,0.0950920245398773,0.0644122383252818,0.1371900826446281,0.13400335008375208,0.0336,0.0,0.04508856682769726,0.0015772870662460567,0.1059190031152648,0.15527950310559005,0.049689440993788817,0.0032733224222585926,0.051118210862619806,0.07627118644067797,0.04462809917355372,0.04297520661157025,0.12258064516129032,0.004991680532445923,0.0016129032258064516,0.04568527918781726,0.048939641109298535,0.0549645390070922,0.15282392026578073,0.07890499194847021,0.11267605633802817,0.042833607907743,0.06543624161073826,0.13615023474178403,0.029605263157894735,0.05509181969949917,0.12025316455696203,0.01867572156196944,0.17049180327868851,0.00686106346483705,0.00315955766192733,0.02768729641693811,0.06514657980456026,0.05180533751962323,0.05638474295190713,0.11205432937181664,0.027914614121510674,0.04817275747508306,0.019736842105263157,0.02926829268292683,0.07425742574257425,0.09694793536804308,0.019077901430842606,0.006557377049180328,0.07120253164556962,0.09090909090909091,0.054455445544554455,0.004511278195488722,0.060221870047543584,0.09335443037974683,0.0187207488299532,0.13973063973063973,0.046474358974358976,0.025974025974025976,0.05132450331125828,0.0,0.12480499219968799,0.07583774250440917,0.02054794520547945,0.021164021164021163,0.05396290050590219,0.0,0.0,0.10819672131147541,0.10819672131147541,0.06548672566371681,0.13833333333333334,0.00946372239747634,0.0436817472698908,0.026446280991735537,0.14082278481012658,0.125,0.001564945226917058,0.07741935483870968,0.00980392156862745,0.017828200972447326,0.21185185185185185,0.031746031746031744,0.02040816326530612,0.07082630691399663,0.15894039735099338,0.09803921568627451,0.02975206611570248,0.004878048780487805,0.0016207455429497568,0.14814814814814814,0.06115702479338843,0.06645569620253164,0.08346709470304976,0.1449044585987261,0.008417508417508417,0.033816425120772944,0.0048,0.0016233766233766235,0.07244094488188976,0.018612521150592216,0.060810810810810814,0.09570957095709572,0.07107438016528926,0.02593192868719611,0.05144694533762058,0.10149750415973377,0.04006677796327212,0.12935323383084577,0.006279434850863423,0.0015527950310559005,0.041379310344827586,0.0378657487091222,0.05305466237942122,0.03442879499217527,0.10047846889952153,0.033807829181494664,0.018838304552590265,0.05324459234608985,0.0,0.0754414125200642,0.14528593508500773,0.001658374792703151,0.017937219730941704,0.007911392405063292,0.14175654853620956,0.07899159663865546,0.044444444444444446,0.10784313725490197
1998,1,9,prevalence,0.010398613518197574,0.08976377952755905,0.24208860759493672,0.05365853658536585,0.04384485666104553,0.08614864864864864,0.10641627543035993,0.21986970684039087,0.09836065573770492,0.026016260162601626,0.03387096774193549,0.1189358372456964,0.1840277777777778,0.1840277777777778,0.14634146341463414,0.06677265500794913,0.0,0.020066889632107024,0.009771986970684038,0.03425774877650897,0.061788617886178863,0.04878048780487805,0.07097791798107256,0.009146341463414634,0.05120481927710843,0.08874801901743265,0.031545741324921134,0.03420195439739414,0.04966887417218543,0.14285714285714285,0.0905982905982906,0.1085814360770578,0.04730831973898858,0.1077943615257048,0.0,0.04258675078864353,0.11058451816745656,0.013157894736842105,0.03270223752151463,0.09833333333333333,0.027149321266968326,0.059422750424448216,0.10383386581469649,0.1912479740680713,0.1780821917808219,0.12186978297161936,0.0759493670886076,0.08485856905158069,0.11400651465798045,0.006578947368421052,0.14968152866242038,0.06591639871382636,0.038525963149078725,0.09698996655518395,0.04730831973898858,0.05419580419580419,0.07890499194847021,0.24509803921568626,0.0,0.08,0.033444816053511704,0.059967585089141004,0.06118881118881119,0.08143322475570032,0.03877221324717286,0.07559055118110236,0.055299539170506916,0.015527950310559006,0.06902356902356903,0.011111111111111112,0.04208754208754209,0.07508532423208192,0.1349206349206349,0.057692307692307696,0.11475409836065574,0.0945945945945946,0.02903225806451613,0.0,0.034482758620689655,0.004651162790697674,0.11568938193343899,0.16883116883116883,0.0701219512195122,0.0032733224222585926,0.053712480252764615,0.05555555555555555,0.064,0.041254125412541254,0.14026402640264027,0.016286644951140065,0.0,0.03885135135135135,0.05228758169934641,0.0647985989492119,0.1342062193126023,0.1309148264984227,0.1,0.06788079470198675,0.05737704918032787,0.14831804281345565,0.022950819672131147,0.08576051779935275,0.10662358642972536,0.012006861063464836,0.176759410801964,0.0067226890756302525,0.0031446540880503146,0.01615508885298869,0.056818181818181816,0.046801872074883,0.06209150326797386,0.17003367003367004,0.044189852700491,0.040983606557377046,0.036605657237936774,0.036605657237936774,0.09253246753246754,0.0944055944055944,0.017915309446254073,0.006600660066006601,0.06134969325153374,0.05638474295190713,0.055077452667814115,0.004580152671755725,0.056910569105691054,0.10220125786163523,0.009508716323296355,0.11900826446280992,0.07419354838709677,0.02337228714524207,0.05695142378559464,0.0,0.1309148264984227,0.058287795992714025,0.013986013986013986,0.01384083044982699,0.09347442680776014,0.0,0.0,0.14192495921696574,0.14192495921696574,0.054481546572934976,0.13930348258706468,0.009448818897637795,0.036334913112164295,0.02772963604852686,0.1592356687898089,0.11745513866231648,0.004629629629629629,0.11568938193343899,0.013311148086522463,0.004761904761904762,0.1324404761904762,0.030894308943089432,0.01335559265442404,0.06086956521739131,0.1467116357504216,0.08466453674121406,0.018333333333333333,0.009771986970684038,0.0093603744149766,0.1293759512937595,0.056179775280898875,0.06995230524642289,0.08794788273615635,0.15372168284789645,0.006791171477079796,0.029275808936825885,0.01309328968903437,0.004878048780487805,0.07075471698113207,0.021739130434782608,0.053156146179401995,0.11755233494363929,0.05008347245409015,0.024509803921568627,0.05194805194805195,0.12040133779264214,0.021311475409836064,0.11812297734627832,0.004777070063694267,0.0030959752321981426,0.05363321799307959,0.051666666666666666,0.0671875,0.017543859649122806,0.10440456769983687,0.042328042328042326,0.027287319422150885,0.07744107744107744,0.0016722408026755853,0.10509554140127389,0.12980769230769232,0.0016129032258064516,0.0182370820668693,0.023961661341853034,0.1419753086419753,0.07642276422764227,0.04426229508196721,0.12741935483870967
1999,1,9,prevalence,0.008488964346349746,0.0947867298578199,0.1723027375201288,0.05186385737439222,0.06239460370994941,0.1140495867768595,0.1248,0.17903225806451614,0.1254180602006689,0.027597402597402596,0.01461038961038961,0.13924050632911392,0.20133111480865223,0.20133111480865223,0.09119496855345911,0.05845181674565561,0.0,0.016366612111292964,0.008090614886731391,0.04118616144975288,0.057283142389525366,0.03697478991596639,0.08702290076335878,0.010769230769230769,0.05052005943536404,0.07754442649434572,0.056291390728476824,0.03918495297805643,0.06462035541195477,0.14189189189189189,0.1323283082077052,0.0975609756097561,0.04770017035775128,0.09313725490196079,0.0,0.054140127388535034,0.08513931888544891,0.013008130081300813,0.056572379367720464,0.0929853181076672,0.017699115044247787,0.05704697986577181,0.10124610591900311,0.16264090177133655,0.219435736677116,0.10865874363327674,0.06379585326953748,0.06711409395973154,0.08265802269043761,0.006557377049180328,0.13821138211382114,0.06456953642384106,0.035175879396984924,0.06873977086743044,0.01904761904761905,0.04513888888888889,0.07298136645962733,0.22149837133550487,0.0,0.05362776025236593,0.03198653198653199,0.04807692307692308,0.0415944540727903,0.07754442649434572,0.07109737248840804,0.0528,0.06041335453100159,0.030497592295345103,0.07679180887372014,0.021241830065359478,0.052083333333333336,0.06949152542372881,0.10355987055016182,0.04643962848297214,0.09950248756218906,0.05405405405405406,0.025806451612903226,0.006600660066006601,0.0871559633027523,0.001594896331738437,0.07792207792207792,0.11717495987158909,0.0911854103343465,0.0,0.028662420382165606,0.08013355592654424,0.07716535433070866,0.04838709677419355,0.18269230769230768,0.020134228187919462,0.0016420361247947454,0.07445008460236886,0.04333868378812199,0.03898305084745763,0.13141025641025642,0.15479876160990713,0.0736,0.0496,0.08823529411764706,0.175,0.01309328968903437,0.12111801242236025,0.09390444810543658,0.04173913043478261,0.1309328968903437,0.010398613518197574,0.0,0.023961661341853034,0.05930807248764415,0.026033690658499236,0.04326123128119801,0.18874172185430463,0.056,0.045307443365695796,0.061016949152542375,0.05490848585690516,0.062193126022913256,0.09914529914529914,0.03666666666666667,0.012861736334405145,0.046130952380952384,0.04111842105263158,0.07758620689655173,0.004754358161648178,0.052100840336134456,0.07424960505529225,0.02021772939346812,0.13114754098360656,0.05592105263157895,0.016420361247947456,0.07475083056478406,0.003257328990228013,0.13374805598755832,0.06620209059233449,0.012216404886561954,0.008726003490401396,0.09122203098106713,0.0,0.0,0.1573926868044515,0.1573926868044515,0.05964912280701754,0.08460236886632826,0.012441679626749611,0.037383177570093455,0.02218430034129693,0.12439418416801293,0.07827476038338659,0.003105590062111801,0.1330049261083744,0.016129032258064516,0.0030534351145038168,0.09908536585365854,0.05718954248366013,0.030612244897959183,0.04912280701754386,0.12418300653594772,0.08972267536704731,0.019448946515397084,0.006493506493506494,0.010869565217391304,0.10303030303030303,0.03767660910518053,0.07882534775888717,0.07431340872374798,0.14606741573033707,0.008741258741258742,0.03139013452914798,0.014331210191082803,0.014469453376205787,0.05451713395638629,0.016233766233766232,0.057692307692307696,0.10929853181076672,0.09259259259259259,0.0214168039538715,0.06687402799377916,0.11202635914332784,0.01800327332242226,0.1,0.00819672131147541,0.00473186119873817,0.05517241379310345,0.047697368421052634,0.10920436817472699,0.012519561815336464,0.08103727714748785,0.05385996409335727,0.021035598705501618,0.08153078202995008,0.0016638935108153079,0.09253246753246754,0.09640522875816994,0.0016155088852988692,0.02450229709035222,0.0219435736677116,0.11987381703470032,0.04738562091503268,0.0372168284789644,0.14262295081967213
2000,1,9,prevalence,0.011864406779661017,0.11213517665130568,0.11217948717948718,0.05564924114671164,0.05709342560553633,0.12057877813504823,0.09404388714733543,0.1171875,0.12622950819672132,0.03205128205128205,0.02254428341384863,0.21498371335504887,0.2487644151565074,0.2487644151565074,0.06656101426307448,0.06984126984126984,0.001584786053882726,0.022617124394184167,0.0032626427406199023,0.04304635761589404,0.0492845786963434,0.028286189683860232,0.09924812030075188,0.009188361408882083,0.0671875,0.07269789983844911,0.09018987341772151,0.046153846153846156,0.0992,0.13366336633663367,0.1404399323181049,0.11888111888111888,0.058823529411764705,0.08589951377633712,0.0,0.06341463414634146,0.1072,0.018363939899833055,0.02800658978583196,0.05175292153589316,0.022354694485842028,0.1111111111111111,0.1126984126984127,0.11916264090177134,0.1853035143769968,0.11185308848080133,0.08139534883720931,0.07432432432432433,0.0998389694041868,0.00482315112540193,0.12251655629139073,0.055105348460291734,0.042483660130718956,0.0627062706270627,0.03739837398373984,0.03356890459363958,0.0890625,0.19800332778702162,0.0,0.049099836333878884,0.024752475247524754,0.04662379421221865,0.08304498269896193,0.06507936507936508,0.10140405616224649,0.0429042904290429,0.05354330708661417,0.02190923317683881,0.0821917808219178,0.024916943521594685,0.07890222984562607,0.05752961082910321,0.14169381107491857,0.04566929133858268,0.0867430441898527,0.0411663807890223,0.04889589905362776,0.013050570962479609,0.10990712074303406,0.004815409309791332,0.06568144499178982,0.07221350078492936,0.08256880733944955,0.0015527950310559005,0.0218408736349454,0.08760330578512397,0.06310679611650485,0.06593406593406594,0.12479740680713128,0.019672131147540985,0.0016501650165016502,0.0946843853820598,0.03896103896103896,0.04792332268370607,0.19407894736842105,0.1956521739130435,0.09461663947797716,0.06525285481239804,0.10623946037099494,0.16507936507936508,0.011513157894736841,0.14696485623003194,0.10828025477707007,0.04325259515570934,0.14333333333333334,0.016835016835016835,0.0,0.035541195476575124,0.07852564102564102,0.013953488372093023,0.03927986906710311,0.21393841166936792,0.046801872074883,0.06414473684210527,0.08149405772495756,0.08166666666666667,0.058333333333333334,0.11686143572621036,0.05090311986863711,0.017543859649122806,0.05112781954887218,0.04436860068259386,0.09137931034482759,0.011456628477905073,0.03826955074875208,0.06951026856240126,0.046875,0.11707317073170732,0.08471760797342193,0.03409090909090909,0.11813643926788686,0.001607717041800643,0.16560509554140126,0.03819444444444445,0.038128249566724434,0.011494252873563218,0.08777969018932874,0.0,0.0,0.15865384615384615,0.15865384615384615,0.06725663716814159,0.059900166389351084,0.018779342723004695,0.0296875,0.03264604810996564,0.1072,0.07431340872374798,0.0031007751937984496,0.129783693843594,0.014778325123152709,0.004694835680751174,0.07703703703703704,0.05073649754500818,0.033783783783783786,0.03728813559322034,0.1026936026936027,0.08866995073891626,0.009508716323296355,0.01948051948051948,0.0061823802163833074,0.06875,0.03927492447129909,0.08,0.05331179321486268,0.18454258675078863,0.011686143572621035,0.028700906344410877,0.007936507936507936,0.02021772939346812,0.043478260869565216,0.027552674230145867,0.043548387096774194,0.08183306055646482,0.1064891846921797,0.017973856209150325,0.07119741100323625,0.12171052631578948,0.02800658978583196,0.08688783570300158,0.00505902192242833,0.017054263565891473,0.04745166959578207,0.0322061191626409,0.12341772151898735,0.032357473035439135,0.04292527821939587,0.05132743362831858,0.036303630363036306,0.0667779632721202,0.0,0.08346972176759411,0.07389162561576355,0.001564945226917058,0.01664145234493192,0.024390243902439025,0.11968503937007874,0.036303630363036306,0.048701298701298704,0.12892561983471074
2001,1,9,prevalence,0.008223684210526315,0.08878504672897196,0.08427876823338736,0.061788617886178863,0.050699300699300696,0.11254019292604502,0.08401976935749589,0.09651898734177215,0.09238249594813615,0.024154589371980676,0.027156549520766772,0.2704507512520868,0.25487012987012986,0.25487012987012986,0.03650793650793651,0.06515151515151515,0.0015772870662460567,0.02702702702702703,0.0033500837520938024,0.04384485666104553,0.06589785831960461,0.04537521815008726,0.10920436817472699,0.004658385093167702,0.0640625,0.0732484076433121,0.1,0.05132192846034215,0.11550632911392406,0.1186161449752883,0.11298482293423272,0.09549549549549549,0.06821963394342762,0.095,0.0,0.03642384105960265,0.11382113821138211,0.039735099337748346,0.026143790849673203,0.06397306397306397,0.022288261515601784,0.11241610738255034,0.0984375,0.11773940345368916,0.22113821138211381,0.13166666666666665,0.0993485342019544,0.09491525423728814,0.08452950558213716,0.004815409309791332,0.09703947368421052,0.04552845528455285,0.05582137161084529,0.025974025974025976,0.03745928338762215,0.04054054054054054,0.14067278287461774,0.13582342954159593,0.0016,0.03125,0.024390243902439025,0.05357142857142857,0.10463121783876501,0.07643312101910828,0.15109034267912771,0.05747126436781609,0.03225806451612903,0.011111111111111112,0.06197654941373534,0.01485148514851485,0.08762886597938144,0.044142614601018676,0.119281045751634,0.044374009508716325,0.10631229235880399,0.03986710963455149,0.0631911532385466,0.02127659574468085,0.14375987361769352,0.004838709677419355,0.0929853181076672,0.061224489795918366,0.07822085889570553,0.0016207455429497568,0.03317535545023697,0.15307820299500832,0.07865168539325842,0.06635071090047394,0.12950819672131147,0.0136986301369863,0.006557377049180328,0.1281198003327787,0.02365930599369085,0.05362776025236593,0.2467948717948718,0.20512820512820512,0.11658456486042693,0.05804311774461028,0.07960199004975124,0.1476725521669342,0.008116883116883116,0.13622291021671826,0.10939907550077041,0.044596912521440824,0.11298482293423272,0.04118616144975288,0.0,0.03697749196141479,0.08307210031347963,0.00974025974025974,0.04862236628849271,0.18152350081037277,0.052884615384615384,0.054635761589403975,0.08290155440414508,0.07479674796747968,0.09339774557165861,0.152428810720268,0.06528662420382166,0.023255813953488372,0.04626865671641791,0.030303030303030304,0.0730050933786078,0.02768729641693811,0.04071661237785016,0.044444444444444446,0.08051529790660225,0.09546925566343042,0.08414239482200647,0.03691813804173355,0.11418685121107267,0.00974025974025974,0.14171974522292993,0.03608247422680412,0.02617801047120419,0.011345218800648298,0.08793103448275862,0.0,0.0,0.15031645569620253,0.15031645569620253,0.05517241379310345,0.07692307692307693,0.03328050713153724,0.025,0.025380710659898477,0.08866995073891626,0.054187192118226604,0.009375,0.0929853181076672,0.022364217252396165,0.011128775834658187,0.07890743550834597,0.03904923599320883,0.03541315345699832,0.037800687285223365,0.06020066889632107,0.08006535947712418,0.0210016155088853,0.0210016155088853,0.004777070063694267,0.0821917808219178,0.05076923076923077,0.10461538461538461,0.041390728476821195,0.16057233704292528,0.011570247933884297,0.03536977491961415,0.01788617886178862,0.015479876160990712,0.043548387096774194,0.019543973941368076,0.07654723127035831,0.09208400646203554,0.07419354838709677,0.02388535031847134,0.0670926517571885,0.10945273631840796,0.040584415584415584,0.05405405405405406,0.001692047377326565,0.028106508875739646,0.037037037037037035,0.027642276422764227,0.13587786259541984,0.05188679245283019,0.03442622950819672,0.043478260869565216,0.03103448275862069,0.05592105263157895,0.0,0.07717041800643087,0.08681135225375626,0.003205128205128205,0.04503105590062112,0.016420361247947456,0.10967741935483871,0.026622296173044926,0.05194805194805195,0.14401294498381878
2002,1,9,prevalence,0.0032626427406199023,0.0995260663507109,0.08666666666666667,0.07947019867549669,0.0548885077186964,0.11889250814332247,0.11129568106312292,0.10077519379844961,0.07455429497568881,0.03442622950819672,0.04313099041533546,0.23875432525951557,0.26136363636363635,0.26136363636363635,0.04205607476635514,0.11195158850226929,0.004709576138147566,0.028391167192429023,0.00825082508250825,0.044407894736842105,0.05806451612903226,0.03163444639718805,0.1296875,0.009708737864077669,0.10015898251192369,0.07861635220125786,0.10032894736842106,0.05368098159509203,0.10759493670886076,0.10569105691056911,0.1044776119402985,0.09591474245115453,0.08695652173913043,0.07154742096505824,0.0,0.02702702702702703,0.16721311475409836,0.03618421052631579,0.04084967320261438,0.06050420168067227,0.021341463414634148,0.14038128249566725,0.09763779527559055,0.08782742681047766,0.18677685950413223,0.10273972602739725,0.16876971608832808,0.10437710437710437,0.12460567823343849,0.029900332225913623,0.08482871125611746,0.06514657980456026,0.055105348460291734,0.03425774877650897,0.04952076677316294,0.04819277108433735,0.17511520737327188,0.07952622673434856,0.0016181229773462784,0.05374592833876222,0.025423728813559324,0.05984251968503937,0.10829103214890017,0.0732484076433121,0.19339622641509435,0.06446280991735537,0.03980099502487562,0.020440251572327043,0.04318936877076412,0.014586709886547812,0.08166666666666667,0.03722504230118443,0.09672131147540984,0.04019292604501608,0.10082644628099173,0.03577512776831346,0.08412698412698413,0.015050167224080268,0.11867088607594936,0.0016474464579901153,0.090311986863711,0.08095238095238096,0.10752688172043011,0.009630818619582664,0.03656597774244833,0.18923327895595432,0.0864,0.06097560975609756,0.08514190317195326,0.013333333333333334,0.006430868167202572,0.18821603927986907,0.02197802197802198,0.04081632653061224,0.3032258064516129,0.1819620253164557,0.13355048859934854,0.036020583190394515,0.051364365971107544,0.10096153846153846,0.005076142131979695,0.15457413249211358,0.13312693498452013,0.041736227045075125,0.14214876033057852,0.03980099502487562,0.0,0.03210272873194221,0.0633693972179289,0.020833333333333332,0.027331189710610933,0.15702479338842976,0.07668231611893583,0.06634304207119741,0.07625649913344887,0.07628524046434494,0.1531986531986532,0.1482084690553746,0.07941653160453808,0.0180623973727422,0.076103500761035,0.03782894736842105,0.07011686143572621,0.05065359477124183,0.03241491085899514,0.03927986906710311,0.11410459587955626,0.10423452768729642,0.09951845906902086,0.04470198675496689,0.1012216404886562,0.011111111111111112,0.11594202898550725,0.03691275167785235,0.031141868512110725,0.01461038961038961,0.08514190317195326,0.0,0.0,0.18858954041204437,0.18858954041204437,0.01839464882943144,0.0846286701208981,0.0171875,0.023696682464454975,0.023178807947019868,0.07568438003220612,0.05518394648829431,0.02040816326530612,0.08520900321543408,0.03035143769968051,0.00625,0.08607198748043818,0.03852889667250438,0.02901023890784983,0.04258943781942078,0.06304728546409807,0.04723127035830619,0.03968253968253968,0.03425774877650897,0.009523809523809525,0.07621951219512195,0.0530421216848674,0.1156773211567732,0.0361247947454844,0.16773162939297126,0.020967741935483872,0.043689320388349516,0.023961661341853034,0.009508716323296355,0.06739811912225706,0.02040816326530612,0.05348460291734198,0.08445945945945946,0.07606973058637084,0.018604651162790697,0.07717041800643087,0.10445205479452055,0.033707865168539325,0.04313099041533546,0.005208333333333333,0.04484304932735426,0.010186757215619695,0.02280130293159609,0.1308980213089802,0.08141321044546851,0.03349282296650718,0.06007067137809187,0.037037037037037035,0.08019639934533551,0.0,0.07258064516129033,0.075,0.0031847133757961785,0.048818897637795275,0.006633499170812604,0.07504078303425775,0.014925373134328358,0.07692307692307693,0.1216
2003,1,9,prevalence,0.006269592476489028,0.08917197452229299,0.08702791461412152,0.08135593220338982,0.08139534883720931,0.1008130081300813,0.09775641025641026,0.08411214953271028,0.0794912559618442,0.054009819967266774,0.039735099337748346,0.21052631578947367,0.2746031746031746,0.2746031746031746,0.040310077519379844,0.1334355828220859,0.0078125,0.0432,0.010101010101010102,0.05901639344262295,0.04538087520259319,0.04529616724738676,0.13198757763975155,0.008051529790660225,0.13875598086124402,0.08957654723127036,0.12141652613827993,0.05198776758409786,0.09370199692780339,0.09193548387096774,0.06807131280388978,0.09363957597173145,0.03594771241830065,0.08032786885245902,0.0,0.010033444816053512,0.14614121510673234,0.037520391517128875,0.041254125412541254,0.0929054054054054,0.025718608169440244,0.1912280701754386,0.0919175911251981,0.11944869831546708,0.21052631578947367,0.08862876254180602,0.19598765432098766,0.0975609756097561,0.14724919093851133,0.03135313531353135,0.07717569786535304,0.08399366085578447,0.051364365971107544,0.05032467532467533,0.04617834394904458,0.055267702936096716,0.1622464898595944,0.05154639175257732,0.003179650238473768,0.03436988543371522,0.025,0.06349206349206349,0.11505922165820642,0.05826771653543307,0.2480127186009539,0.0812603648424544,0.04477611940298507,0.02066772655007949,0.03367003367003367,0.021207177814029365,0.08,0.05317324185248713,0.06774193548387097,0.05348460291734198,0.11092715231788079,0.08433734939759036,0.07419354838709677,0.016260162601626018,0.10260586319218241,0.0049504950495049506,0.12624584717607973,0.07802547770700637,0.13538461538461538,0.0208,0.05672609400324149,0.19435215946843853,0.08527131782945736,0.07120743034055728,0.06440677966101695,0.014925373134328358,0.022690437601296597,0.2193126022913257,0.019138755980861243,0.021875,0.2182410423452769,0.18064516129032257,0.11822660098522167,0.052901023890784986,0.03194888178913738,0.10696920583468396,0.0034129692832764505,0.20440251572327045,0.13559322033898305,0.03231292517006803,0.16720257234726688,0.027331189710610933,0.0016339869281045752,0.0492845786963434,0.08133971291866028,0.016129032258064516,0.031746031746031744,0.1076158940397351,0.09584664536741214,0.08660130718954248,0.10068259385665529,0.08702791461412152,0.15959252971137522,0.12439418416801293,0.07395498392282958,0.00825082508250825,0.05564142194744977,0.058922558922558925,0.09405940594059406,0.09328968903436989,0.05582137161084529,0.044189852700491,0.11838006230529595,0.07605177993527508,0.08169934640522876,0.06754530477759473,0.09090909090909091,0.014218009478672985,0.09951845906902086,0.0420032310177706,0.027538726333907058,0.01620745542949757,0.09256198347107437,0.0,0.0,0.14401294498381878,0.14401294498381878,0.016666666666666666,0.07450331125827815,0.0125,0.04595879556259905,0.02689075630252101,0.06528662420382166,0.06504065040650407,0.03669724770642202,0.0998389694041868,0.02689873417721519,0.0,0.054773082942097026,0.02654867256637168,0.03161397670549085,0.04521739130434783,0.035650623885918005,0.05815831987075929,0.049099836333878884,0.0352,0.022328548644338118,0.07727975270479134,0.07131537242472266,0.10944527736131934,0.05901639344262295,0.15047021943573669,0.033277870216306155,0.04730831973898858,0.026687598116169546,0.011023622047244094,0.10610932475884244,0.020123839009287926,0.04404567699836868,0.10033444816053512,0.06891025641025642,0.01564945226917058,0.06799336650082918,0.08514190317195326,0.021311475409836064,0.04265402843601896,0.003355704697986577,0.08494783904619971,0.0034129692832764505,0.01935483870967742,0.12006079027355623,0.11145510835913312,0.024916943521594685,0.07317073170731707,0.04642857142857143,0.07868852459016394,0.0016286644951140066,0.1076158940397351,0.10032894736842106,0.0016025641025641025,0.05608974358974359,0.013628620102214651,0.07419354838709677,0.00825082508250825,0.05817610062893082,0.1152
2004,1,9,prevalence,0.006389776357827476,0.06528662420382166,0.10191082802547771,0.07730263157894737,0.09838709677419355,0.09076175040518639,0.1,0.08103975535168195,0.08240887480190175,0.05042016806722689,0.05271828665568369,0.16843971631205673,0.2042483660130719,0.2042483660130719,0.0352,0.0778816199376947,0.006462035541195477,0.054945054945054944,0.011608623548922056,0.06677524429967427,0.08576051779935275,0.0518783542039356,0.0998389694041868,0.008223684210526315,0.13344316309719934,0.10837438423645321,0.10409556313993173,0.04134762633996937,0.09062003179650238,0.07605177993527508,0.05333333333333334,0.10508474576271186,0.01935483870967742,0.11183144246353323,0.0,0.018425460636515914,0.1583198707592892,0.03054662379421222,0.04715447154471545,0.11129568106312292,0.021604938271604937,0.21761658031088082,0.09004739336492891,0.11145510835913312,0.16264090177133655,0.09800664451827243,0.19003115264797507,0.11844331641285956,0.13815789473684212,0.029508196721311476,0.09634551495016612,0.10685805422647528,0.02702702702702703,0.03215434083601286,0.047619047619047616,0.034071550255536626,0.14960629921259844,0.04521739130434783,0.00625,0.03691275167785235,0.018032786885245903,0.0992,0.1416803953871499,0.04354587869362364,0.2288,0.06020066889632107,0.04,0.03064516129032258,0.03145695364238411,0.018121911037891267,0.07881773399014778,0.059602649006622516,0.06115702479338843,0.04487179487179487,0.07504078303425775,0.11433447098976109,0.10952380952380952,0.032362459546925564,0.07142857142857142,0.009884678747940691,0.17546848381601363,0.10236220472440945,0.1228878648233487,0.028391167192429023,0.09331259720062209,0.14821124361158433,0.11774193548387096,0.1388888888888889,0.0421792618629174,0.024390243902439025,0.01589825119236884,0.21666666666666667,0.06913183279742766,0.021875,0.18840579710144928,0.1454248366013072,0.1423785594639866,0.05201342281879195,0.0315955766192733,0.12317666126418152,0.0033003300330033004,0.1926751592356688,0.10461538461538461,0.029556650246305417,0.17115689381933438,0.049206349206349205,0.0,0.03949447077409163,0.0875796178343949,0.025889967637540454,0.03289473684210526,0.06557377049180328,0.09733124018838304,0.087893864013267,0.09317803660565724,0.07060755336617405,0.17598684210526316,0.12558869701726844,0.08116883116883117,0.013311148086522463,0.06125574272588055,0.08431703204047218,0.11544715447154472,0.11295681063122924,0.06962025316455696,0.03257328990228013,0.13488372093023257,0.0799347471451876,0.1318864774624374,0.056,0.07747747747747748,0.017080745341614908,0.10759493670886076,0.01932367149758454,0.038917089678511,0.012678288431061807,0.11624203821656051,0.0,0.0,0.15630252100840336,0.15630252100840336,0.02936378466557912,0.07154471544715447,0.02786377708978328,0.05564387917329094,0.027164685908319185,0.07568438003220612,0.09135399673735727,0.0364741641337386,0.07120743034055728,0.03536977491961415,0.004672897196261682,0.057233704292527825,0.023255813953488372,0.04377104377104377,0.041237113402061855,0.03903345724907063,0.06514657980456026,0.06535947712418301,0.039619651347068144,0.018838304552590265,0.09624796084828711,0.0672,0.11450381679389313,0.066006600660066,0.11793214862681745,0.03865546218487395,0.07755775577557755,0.02909647779479326,0.040257648953301126,0.13258785942492013,0.0226928895612708,0.0387858347386172,0.12074829931972789,0.04692556634304207,0.019801980198019802,0.054187192118226604,0.06375838926174497,0.023411371237458192,0.05687203791469194,0.003257328990228013,0.13333333333333333,0.011494252873563218,0.033925686591276254,0.1419753086419753,0.12962962962962962,0.03482587064676617,0.08188153310104529,0.04770318021201413,0.06687898089171974,0.006329113924050633,0.09415584415584416,0.090311986863711,0.003246753246753247,0.04152823920265781,0.01549053356282272,0.06310679611650485,0.012987012987012988,0.0755336617405583,0.13247172859450726
2005,1,9,prevalence,0.014240506329113924,0.045454545454545456,0.14838709677419354,0.09136212624584718,0.0889967637540453,0.05834683954619125,0.10423452768729642,0.07120743034055728,0.06132075471698113,0.026446280991735537,0.04582651391162029,0.1684027777777778,0.1380952380952381,0.1380952380952381,0.04746317512274959,0.11180124223602485,0.023064250411861616,0.05993690851735016,0.011864406779661017,0.09917355371900827,0.08864696734059098,0.07801418439716312,0.11182108626198083,0.00686106346483705,0.1476510067114094,0.11202635914332784,0.08221476510067115,0.04341317365269461,0.0858433734939759,0.0496,0.08745874587458746,0.11705685618729098,0.028960817717206135,0.1445578231292517,0.0,0.048414023372287146,0.1722488038277512,0.009584664536741214,0.05929487179487179,0.11666666666666667,0.03481012658227848,0.21548821548821548,0.11612903225806452,0.11829652996845426,0.12398042414355628,0.10310965630114566,0.2204724409448819,0.11774461028192372,0.12459546925566344,0.013071895424836602,0.15384615384615385,0.12779552715654952,0.06351791530944625,0.04823151125401929,0.05084745762711865,0.03114754098360656,0.12987012987012986,0.047619047619047616,0.004754358161648178,0.033783783783783786,0.022508038585209004,0.0819935691318328,0.1774193548387097,0.051036682615629984,0.21462639109697934,0.04807692307692308,0.02572347266881029,0.02388535031847134,0.021103896103896104,0.014778325123152709,0.06456692913385827,0.07370184254606366,0.09181969949916527,0.07321131447587355,0.09500805152979067,0.09375,0.16586151368760063,0.03980891719745223,0.061389337641357025,0.008169934640522876,0.21035058430717862,0.11232449297971919,0.12074303405572756,0.025,0.08448540706605223,0.09369676320272573,0.11954765751211632,0.1515625,0.031141868512110725,0.024549918166939442,0.011058451816745656,0.21273031825795644,0.0754414125200642,0.014150943396226415,0.14545454545454545,0.08388157894736842,0.18003273322422259,0.0378657487091222,0.0171606864274571,0.12116316639741519,0.0016474464579901153,0.20189274447949526,0.07923930269413629,0.022151898734177215,0.1724137931034483,0.05354330708661417,0.0,0.04597701149425287,0.08888888888888889,0.05357142857142857,0.03035143769968051,0.061872909698996656,0.1205564142194745,0.07936507936507936,0.08843537414965986,0.10378912685337727,0.14166666666666666,0.1069182389937107,0.06891025641025642,0.01990049751243781,0.05180533751962323,0.13793103448275862,0.09238249594813615,0.18055555555555555,0.08090614886731391,0.038523274478330656,0.12923076923076923,0.0777027027027027,0.1437908496732026,0.08064516129032258,0.050724637681159424,0.018092105263157895,0.08346456692913386,0.020537124802527645,0.04809286898839138,0.029921259842519685,0.12735849056603774,0.001584786053882726,0.0,0.14845024469820556,0.14845024469820556,0.025396825396825397,0.03600654664484452,0.03869969040247678,0.0685805422647528,0.04006677796327212,0.0915032679738562,0.1064516129032258,0.04472843450479233,0.06738131699846861,0.03565640194489465,0.009244992295839754,0.06624605678233439,0.028469750889679714,0.06779661016949153,0.08600337268128162,0.0273972602739726,0.08278145695364239,0.0910569105691057,0.032520325203252036,0.0192,0.09302325581395349,0.0763239875389408,0.07858243451463791,0.03820598006644518,0.07987220447284345,0.05863192182410423,0.11396468699839486,0.018808777429467086,0.050955414012738856,0.14423076923076922,0.022658610271903322,0.03691275167785235,0.12962962962962962,0.04409448818897638,0.022292993630573247,0.05229793977812995,0.05245901639344262,0.022298456260720412,0.07936507936507936,0.00315955766192733,0.17619783616692428,0.01487603305785124,0.033123028391167195,0.10869565217391304,0.16883116883116883,0.035058430717863104,0.07118055555555555,0.03633217993079585,0.07462686567164178,0.007836990595611285,0.08292682926829269,0.07455429497568881,0.008169934640522876,0.062193126022913256,0.010033444816053512,0.07108239095315025,0.0144,0.0864600326264274,0.14492753623188406
2006,1,9,prevalence,0.014446227929373997,0.03576982892690513,0.20695364238410596,0.08745874587458746,0.08373590982286634,0.05636070853462158,0.0864600326264274,0.04173106646058733,0.06055900621118013,0.048154093097913325,0.03559870550161812,0.12743362831858407,0.10917721518987342,0.10917721518987342,0.042692939244663386,0.080370942812983,0.029079159935379646,0.06290322580645161,0.02037351443123939,0.10586319218241043,0.0761904761904762,0.08260105448154657,0.11698717948717949,0.001658374792703151,0.13949579831932774,0.12903225806451613,0.11129568106312292,0.04296296296296296,0.10631741140215717,0.03365384615384615,0.08856682769726248,0.10714285714285714,0.04903677758318739,0.12833333333333333,0.0,0.04060913705583756,0.13570274636510501,0.008305647840531562,0.05873015873015873,0.17868852459016393,0.043343653250773995,0.18412162162162163,0.10310965630114566,0.10737179487179487,0.1043338683788122,0.07475083056478406,0.21518987341772153,0.11019736842105263,0.14331210191082802,0.016474464579901153,0.15737704918032788,0.1472,0.0966183574879227,0.05718954248366013,0.08166409861325115,0.04643449419568822,0.13029315960912052,0.046822742474916385,0.012698412698412698,0.03171953255425709,0.037953795379537955,0.05100463678516229,0.1797752808988764,0.06153846153846154,0.21555915721231766,0.05930807248764415,0.02459016393442623,0.048701298701298704,0.025295109612141653,0.018092105263157895,0.10328638497652583,0.10465116279069768,0.13410596026490065,0.090311986863711,0.10492845786963434,0.11917098445595854,0.17495987158908508,0.038338658146964855,0.0670926517571885,0.004893964110929853,0.184640522875817,0.11507293354943274,0.11773700305810397,0.020766773162939296,0.046153846153846156,0.1026936026936027,0.12903225806451613,0.18819776714513556,0.02226027397260274,0.03514376996805112,0.01098901098901099,0.19666666666666666,0.09900990099009901,0.029141104294478526,0.10509031198686371,0.050488599348534204,0.2396551724137931,0.03793103448275862,0.014308426073131956,0.16198347107438016,0.004901960784313725,0.16051364365971107,0.06984126984126984,0.014516129032258065,0.15584415584415584,0.05451713395638629,0.0031645569620253164,0.07333333333333333,0.08217054263565891,0.05737704918032787,0.054140127388535034,0.060810810810810814,0.12440944881889764,0.08412698412698413,0.09395973154362416,0.11714770797962648,0.10517799352750809,0.06511627906976744,0.09309791332263243,0.023411371237458192,0.03471074380165289,0.12871287128712872,0.09640522875816994,0.20811287477954143,0.0723905723905724,0.041666666666666664,0.12792511700468018,0.05631399317406143,0.13333333333333333,0.0457516339869281,0.028622540250447227,0.01932367149758454,0.058823529411764705,0.017133956386292833,0.03870967741935484,0.06420545746388442,0.1393188854489164,0.001639344262295082,0.0,0.15191986644407346,0.15191986644407346,0.03767660910518053,0.05237315875613748,0.03803486529318542,0.0467741935483871,0.051839464882943144,0.08032786885245902,0.10876623376623376,0.05263157894736842,0.08054711246200608,0.04227642276422764,0.010852713178294573,0.08099688473520249,0.02888086642599278,0.06166666666666667,0.09819967266775777,0.031088082901554404,0.0967741935483871,0.06732348111658457,0.05475040257648953,0.045813586097946286,0.08180300500834725,0.07728706624605679,0.05016181229773463,0.03015075376884422,0.05705229793977813,0.04241435562805873,0.13643659711075443,0.018461538461538463,0.07898894154818326,0.13432835820895522,0.01914580265095729,0.048701298701298704,0.09570957095709572,0.023961661341853034,0.019834710743801654,0.10252365930599369,0.05950413223140496,0.02768166089965398,0.12458471760797342,0.0015455950540958269,0.17080745341614906,0.026755852842809364,0.037914691943127965,0.05972434915773354,0.16639477977161501,0.04377104377104377,0.06076388888888889,0.013605442176870748,0.08914100486223663,0.006042296072507553,0.10873146622734761,0.049342105263157895,0.011647254575707155,0.05,0.018302828618968387,0.08429752066115702,0.022364217252396165,0.05601317957166392,0.17647058823529413
2007,1,9,prevalence,0.044374009508716325,0.03668261562998405,0.20128824476650564,0.07516339869281045,0.05305466237942122,0.06602254428341385,0.05967741935483871,0.04665629860031104,0.03668261562998405,0.05466237942122187,0.04433497536945813,0.1138353765323993,0.07290015847860538,0.07290015847860538,0.044585987261146494,0.1130030959752322,0.06666666666666667,0.08846761453396525,0.005016722408026756,0.11812297734627832,0.07906976744186046,0.06540447504302926,0.15057283142389524,0.003372681281618887,0.13976705490848584,0.11320754716981132,0.09090909090909091,0.045317220543806644,0.11526479750778816,0.028391167192429023,0.08116883116883117,0.11292962356792144,0.034782608695652174,0.1410459587955626,0.0,0.06866197183098592,0.14169381107491857,0.01788617886178862,0.04682779456193353,0.1590909090909091,0.026194144838212634,0.16333333333333333,0.07855973813420622,0.09562398703403566,0.12400635930047695,0.04882154882154882,0.17107309486780714,0.14566284779050737,0.08936825885978428,0.03171953255425709,0.16123778501628663,0.16692913385826771,0.12939297124600638,0.08225806451612903,0.10188087774294671,0.05348460291734198,0.08766233766233766,0.0641025641025641,0.012519561815336464,0.02680067001675042,0.032467532467532464,0.08856682769726248,0.16908212560386474,0.06554878048780488,0.21044045676998369,0.03523489932885906,0.027597402597402596,0.07011686143572621,0.023411371237458192,0.03488372093023256,0.11642743221690591,0.12457912457912458,0.16747967479674797,0.08818635607321132,0.10708661417322834,0.12258064516129032,0.2199367088607595,0.027156549520766772,0.0825242718446602,0.006546644844517185,0.1532258064516129,0.08294930875576037,0.12121212121212122,0.01889763779527559,0.05564142194744977,0.10221465076660988,0.15434083601286175,0.1719242902208202,0.00967741935483871,0.04522613065326633,0.004815409309791332,0.13793103448275862,0.1288244766505636,0.018461538461538463,0.0912106135986733,0.025295109612141653,0.2676518883415435,0.020477815699658702,0.029921259842519685,0.17796610169491525,0.0032520325203252032,0.14858096828046743,0.03076923076923077,0.004862236628849271,0.1116584564860427,0.07511737089201878,0.021806853582554516,0.05647840531561462,0.07366771159874608,0.1180327868852459,0.06869009584664537,0.057755775577557754,0.1419656786271451,0.0804416403785489,0.12459016393442623,0.1266891891891892,0.09015025041736227,0.0880503144654088,0.08373590982286634,0.019834710743801654,0.029173419773095625,0.11639344262295082,0.09516129032258064,0.23211169284467714,0.07833333333333334,0.03765060240963856,0.09561128526645768,0.03460207612456748,0.125,0.044444444444444446,0.03130434782608696,0.033816425120772944,0.052969502407704656,0.020569620253164556,0.058084772370486655,0.08737864077669903,0.1297134238310709,0.003246753246753247,0.0,0.17100977198697068,0.17100977198697068,0.05511811023622047,0.06456953642384106,0.07301587301587302,0.05573770491803279,0.04404567699836868,0.07003257328990228,0.12183544303797468,0.08361204013377926,0.0794392523364486,0.06389776357827476,0.007974481658692184,0.11550151975683891,0.02872531418312388,0.08085808580858085,0.12845528455284552,0.029668411867364748,0.12790697674418605,0.0667779632721202,0.041390728476821195,0.040983606557377046,0.04983388704318937,0.08253968253968254,0.07255520504731862,0.04697986577181208,0.05511811023622047,0.05392156862745098,0.10679611650485436,0.00916030534351145,0.10048622366288493,0.15359477124183007,0.033773861967694566,0.049099836333878884,0.08305084745762711,0.04538341158059468,0.025848142164781908,0.14397496087636932,0.05863192182410423,0.013769363166953529,0.14576271186440679,0.0030959752321981426,0.23317683881064163,0.03414634146341464,0.05245901639344262,0.024132730015082957,0.19047619047619047,0.04304635761589404,0.0548885077186964,0.02037351443123939,0.09190031152647975,0.0030534351145038168,0.10526315789473684,0.03605015673981191,0.011627906976744186,0.07755775577557755,0.012678288431061807,0.08600337268128162,0.03241491085899514,0.05188679245283019,0.16229508196721312
2008,1,9,prevalence,0.06962025316455696,0.037096774193548385,0.18124006359300476,0.09531502423263329,0.04501607717041801,0.05660377358490566,0.08128834355828221,0.04573170731707317,0.02066772655007949,0.06280193236714976,0.04654895666131621,0.08421052631578947,0.07293354943273905,0.07293354943273905,0.048414023372287146,0.07849293563579278,0.09105180533751962,0.09313725490196079,0.0034542314335060447,0.16422764227642275,0.06779661016949153,0.08710217755443886,0.15865384615384615,0.004966887417218543,0.10281923714759536,0.09407665505226481,0.1040268456375839,0.0421875,0.0853462157809984,0.025157232704402517,0.10132890365448505,0.128500823723229,0.040268456375838924,0.15422077922077923,0.0,0.07625649913344887,0.10891089108910891,0.026016260162601626,0.04806201550387597,0.1766612641815235,0.017214397496087636,0.1390728476821192,0.036243822075782535,0.09223300970873786,0.11075949367088607,0.04530201342281879,0.10094637223974763,0.15458937198067632,0.13500784929356358,0.032758620689655175,0.10929853181076672,0.1523809523809524,0.1597444089456869,0.09838709677419355,0.16826923076923078,0.05546492659053834,0.10774410774410774,0.06752411575562701,0.011217948717948718,0.02145214521452145,0.06902086677367576,0.11285266457680251,0.1744,0.0624048706240487,0.20376712328767124,0.03898305084745763,0.03317535545023697,0.05593220338983051,0.018302828618968387,0.029411764705882353,0.09984639016897082,0.10333333333333333,0.14100486223662884,0.10490693739424704,0.0715372907153729,0.10440456769983687,0.23248407643312102,0.04730831973898858,0.10932475884244373,0.014331210191082803,0.15335463258785942,0.11022364217252396,0.08387096774193549,0.026984126984126985,0.05873261205564142,0.10088495575221239,0.1986863711001642,0.17467948717948717,0.017973856209150325,0.05555555555555555,0.011400651465798045,0.12607944732297063,0.1449044585987261,0.018779342723004695,0.09787928221859707,0.013582342954159592,0.21915584415584416,0.031914893617021274,0.05825242718446602,0.14119601328903655,0.008116883116883116,0.13926174496644295,0.04682779456193353,0.009569377990430622,0.0898876404494382,0.07961783439490445,0.05348460291734198,0.08766233766233766,0.049679487179487176,0.15245901639344261,0.07053291536050156,0.05723905723905724,0.11961722488038277,0.08860759493670886,0.09385113268608414,0.10316139767054909,0.08852459016393442,0.16169544740973313,0.08372827804107424,0.016722408026755852,0.02823920265780731,0.075,0.09247648902821316,0.18384879725085912,0.04590163934426229,0.051829268292682924,0.07407407407407407,0.04639175257731959,0.0995260663507109,0.03877221324717286,0.032590051457975985,0.029921259842519685,0.05806451612903226,0.03840245775729647,0.0782472613458529,0.06372549019607843,0.1345565749235474,0.001607717041800643,0.0,0.17333333333333334,0.17333333333333334,0.07561728395061729,0.07987220447284345,0.056179775280898875,0.06514657980456026,0.05057096247960848,0.09570957095709572,0.14563106796116504,0.08207705192629816,0.09422492401215805,0.05970149253731343,0.011345218800648298,0.16383307573415765,0.03411131059245961,0.0935483870967742,0.136,0.051194539249146756,0.11056105610561057,0.048109965635738834,0.04915254237288136,0.04433497536945813,0.05747126436781609,0.17065390749601275,0.065625,0.0749185667752443,0.0889967637540453,0.06840390879478828,0.0970873786407767,0.04813664596273292,0.1388888888888889,0.1309328968903437,0.034954407294832825,0.0429042904290429,0.1138353765323993,0.031746031746031744,0.010101010101010102,0.14285714285714285,0.09134615384615384,0.00684931506849315,0.10887772194304858,0.0030441400304414,0.2662440570522979,0.029411764705882353,0.06700167504187604,0.03490136570561457,0.15619967793880837,0.03872053872053872,0.024875621890547265,0.018302828618968387,0.08087091757387248,0.004545454545454545,0.13452188006482982,0.04817518248175182,0.009950248756218905,0.09380234505862646,0.01904761904761905,0.10197368421052631,0.07431340872374798,0.03328050713153724,0.13584288052373159
2009,1,9,prevalence,0.07436708860759493,0.04936305732484077,0.17492260061919504,0.11538461538461539,0.030497592295345103,0.0592,0.088,0.05826771653543307,0.02689873417721519,0.04889589905362776,0.06333333333333334,0.1408695652173913,0.0804416403785489,0.0804416403785489,0.04809286898839138,0.09713375796178345,0.09794628751974724,0.07605177993527508,0.008445945945945946,0.16666666666666666,0.06583072100313479,0.10304054054054054,0.13268608414239483,0.003289473684210526,0.07525083612040134,0.09821428571428571,0.13050847457627118,0.058823529411764705,0.06836248012718601,0.020537124802527645,0.12903225806451613,0.11092985318107668,0.04819277108433735,0.15559157212317667,0.0,0.10344827586206896,0.12231404958677686,0.022187004754358162,0.0672782874617737,0.1262135922330097,0.015748031496062992,0.09120521172638436,0.019736842105263157,0.09777015437392796,0.12459546925566344,0.04957264957264957,0.09968354430379747,0.125,0.13408723747980614,0.053726169844020795,0.0912106135986733,0.1362179487179487,0.16286644951140064,0.09090909090909091,0.17739403453689168,0.05687203791469194,0.07628524046434494,0.06995230524642289,0.02197802197802198,0.012841091492776886,0.09076433121019108,0.1088646967340591,0.1537242472266244,0.06583072100313479,0.18074324324324326,0.05132450331125828,0.025078369905956112,0.05163511187607573,0.011494252873563218,0.02768729641693811,0.08056872037914692,0.08306188925081433,0.12908496732026145,0.09210526315789473,0.048286604361370715,0.10372771474878444,0.17582417582417584,0.051070840197693576,0.13271604938271606,0.009375,0.09309791332263243,0.15141430948419302,0.08948194662480377,0.024193548387096774,0.059907834101382486,0.0975609756097561,0.1875,0.1784037558685446,0.035256410256410256,0.059625212947189095,0.01620745542949757,0.08465608465608465,0.17777777777777778,0.01779935275080906,0.11935483870967742,0.008347245409015025,0.17307692307692307,0.06239460370994941,0.07941653160453808,0.1537190082644628,0.016260162601626018,0.17549668874172186,0.0515625,0.014084507042253521,0.056162246489859596,0.05799373040752351,0.12872841444270017,0.10477657935285054,0.05073649754500818,0.22950819672131148,0.0662557781201849,0.056572379367720464,0.07919254658385093,0.11009174311926606,0.08427876823338736,0.10327868852459017,0.10894308943089431,0.19092331768388107,0.09791332263242375,0.024429967426710098,0.03993344425956739,0.08146964856230032,0.1021671826625387,0.155668358714044,0.05663430420711974,0.05229793977812995,0.08864696734059098,0.032758620689655175,0.07154471544715447,0.05186385737439222,0.07363013698630137,0.032467532467532464,0.06570512820512821,0.04160246533127889,0.05745341614906832,0.0593900481540931,0.13657056145675264,0.0016420361247947454,0.0,0.16302521008403362,0.16302521008403362,0.08841463414634146,0.10063897763578275,0.057971014492753624,0.060995184590690206,0.05379746835443038,0.1069078947368421,0.13271604938271606,0.05804311774461028,0.08245877061469266,0.06045751633986928,0.024232633279483037,0.2377952755905512,0.03963963963963964,0.10191082802547771,0.13862928348909656,0.05519480519480519,0.15048543689320387,0.05950413223140496,0.04311774461028192,0.036065573770491806,0.047619047619047616,0.22984562607204118,0.05819295558958652,0.08163265306122448,0.09672131147540984,0.058333333333333334,0.1332263242375602,0.0423861852433281,0.17892976588628762,0.12939297124600638,0.04754601226993865,0.04560260586319218,0.11879432624113476,0.023923444976076555,0.019966722129783693,0.1478405315614618,0.09636650868878358,0.013201320132013201,0.0903010033444816,0.004524886877828055,0.26424050632911394,0.0330188679245283,0.07717569786535304,0.04661654135338346,0.11320754716981132,0.028428093645484948,0.02508361204013378,0.020634920634920634,0.06995230524642289,0.01875,0.11374407582938388,0.04606240713224369,0.008561643835616438,0.10963455149501661,0.019969278033794162,0.10149750415973377,0.1,0.03949447077409163,0.12295081967213115
2010,1,9,prevalence,0.0752,0.042993630573248405,0.14573643410852713,0.13858267716535433,0.028526148969889066,0.03980099502487562,0.07419354838709677,0.08414239482200647,0.024539877300613498,0.043478260869565216,0.07190635451505016,0.16382252559726962,0.10128617363344052,0.10128617363344052,0.046822742474916385,0.12807881773399016,0.10914927768860354,0.06699346405228758,0.01011804384485666,0.12218649517684887,0.05443234836702955,0.08688524590163935,0.1056,0.009819967266775777,0.08983050847457627,0.07207207207207207,0.10714285714285714,0.07255520504731862,0.05555555555555555,0.01282051282051282,0.1488673139158576,0.14035087719298245,0.048027444253859346,0.16174183514774496,0.0,0.07653910149750416,0.07450331125827815,0.0375,0.0717628705148206,0.09163987138263666,0.015384615384615385,0.06414473684210527,0.03130148270181219,0.09060402684563758,0.19286871961102106,0.05344827586206897,0.121875,0.08441558441558442,0.10551948051948051,0.0847457627118644,0.08780487804878048,0.11074918566775244,0.11661341853035144,0.11631663974151858,0.13003095975232198,0.07244094488188976,0.09949409780775717,0.07526881720430108,0.023076923076923078,0.02926829268292683,0.10634920634920635,0.11472868217054263,0.20063191153238547,0.05311077389984825,0.12216404886561955,0.06896551724137931,0.024844720496894408,0.031088082901554404,0.006589785831960461,0.041254125412541254,0.06666666666666667,0.08333333333333333,0.11437908496732026,0.07455429497568881,0.027906976744186046,0.07248764415156507,0.13488372093023257,0.04006677796327212,0.09270516717325228,0.009404388714733543,0.056910569105691054,0.135,0.07827476038338659,0.015748031496062992,0.06567164179104477,0.10774410774410774,0.1637239165329053,0.18995290423861852,0.04938271604938271,0.047058823529411764,0.02258064516129032,0.04965753424657534,0.16557377049180327,0.0234009360374415,0.18923327895595432,0.018121911037891267,0.13530326594090203,0.0817717206132879,0.09698996655518395,0.17017828200972449,0.021241830065359478,0.14827018121911037,0.06003159557661927,0.009230769230769232,0.08012820512820513,0.08306188925081433,0.16693679092382496,0.12210200927357033,0.07201309328968904,0.2335423197492163,0.08153846153846153,0.046849757673667204,0.08294209702660407,0.08054711246200608,0.049679487179487176,0.10135135135135136,0.13564668769716087,0.2204968944099379,0.11378205128205128,0.035483870967741936,0.06020066889632107,0.06351791530944625,0.12695924764890282,0.10756302521008404,0.035483870967741936,0.042789223454833596,0.083596214511041,0.042662116040955635,0.06546644844517185,0.03130148270181219,0.08139534883720931,0.03650793650793651,0.0416,0.050473186119873815,0.059282371294851796,0.0713128038897893,0.15813953488372093,0.007974481658692184,0.004580152671755725,0.20268006700167504,0.20268006700167504,0.08948194662480377,0.136,0.07717041800643087,0.03376205787781351,0.04672897196261682,0.09577922077922078,0.13186813186813187,0.05555555555555555,0.07703703703703704,0.07830342577487764,0.030944625407166124,0.23384615384615384,0.044673539518900345,0.10268562401263823,0.13076923076923078,0.08452950558213716,0.17362270450751252,0.056910569105691054,0.029950083194675542,0.04081632653061224,0.07072368421052631,0.16531604538087522,0.07320872274143302,0.14615384615384616,0.12111292962356793,0.06799336650082918,0.1685761047463175,0.03852080123266564,0.17298187808896212,0.12460063897763578,0.040059347181008904,0.043478260869565216,0.12074829931972789,0.026143790849673203,0.0338409475465313,0.14214046822742474,0.11280487804878049,0.025974025974025976,0.1048252911813644,0.0182370820668693,0.23786407766990292,0.0529595015576324,0.06902086677367576,0.05873015873015873,0.11181102362204724,0.03005008347245409,0.026016260162601626,0.015822784810126583,0.05466237942122187,0.042488619119878605,0.0998389694041868,0.05961251862891207,0.021848739495798318,0.11241610738255034,0.009216589861751152,0.08943089430894309,0.1109375,0.028481012658227847,0.12077294685990338
2011,1,9,prevalence,0.08412698412698413,0.022364217252396165,0.16515151515151516,0.14219474497681608,0.043478260869565216,0.039538714991762765,0.06341463414634146,0.10294117647058823,0.0203125,0.03353658536585366,0.05843071786310518,0.2613065326633166,0.2012779552715655,0.2012779552715655,0.0391156462585034,0.1040650406504065,0.13584288052373159,0.054187192118226604,0.033783783783783786,0.0888529886914378,0.06623586429725363,0.055105348460291734,0.08169934640522876,0.01597444089456869,0.0651085141903172,0.04631217838765009,0.08235294117647059,0.0671875,0.05345911949685535,0.012861736334405145,0.21256038647342995,0.1685761047463175,0.03865546218487395,0.17703349282296652,0.0016339869281045752,0.06535947712418301,0.06333333333333334,0.047839506172839504,0.07938931297709924,0.12459016393442623,0.015698587127158554,0.03858520900321544,0.05073649754500818,0.10553633217993079,0.23557692307692307,0.0594059405940594,0.17737003058103976,0.08426073131955485,0.10950080515297907,0.08892617449664429,0.06414473684210527,0.10339256865912763,0.14108527131782947,0.12116316639741519,0.0871559633027523,0.09859154929577464,0.1360655737704918,0.044444444444444446,0.03770739064856712,0.02593192868719611,0.09904153354632587,0.11710323574730354,0.20192307692307693,0.04776579352850539,0.11224489795918367,0.07154471544715447,0.02627511591962906,0.032758620689655175,0.008264462809917356,0.05982905982905983,0.03333333333333333,0.06310679611650485,0.10819672131147541,0.13064516129032258,0.03582554517133956,0.05804311774461028,0.11838006230529595,0.033925686591276254,0.0943952802359882,0.007776049766718507,0.06570512820512821,0.1658206429780034,0.05582137161084529,0.012461059190031152,0.08396946564885496,0.17766497461928935,0.1456,0.13875598086124402,0.07715582450832073,0.05115511551155116,0.023961661341853034,0.028523489932885907,0.22419354838709676,0.013888888888888888,0.26025236593059936,0.04492512479201331,0.11846153846153847,0.0967741935483871,0.08614864864864864,0.11326860841423948,0.0375,0.1723027375201288,0.05229793977812995,0.01984732824427481,0.09446254071661238,0.09724473257698542,0.23624595469255663,0.11700468018720749,0.06734006734006734,0.19344262295081968,0.0985691573926868,0.060221870047543584,0.08695652173913043,0.08656716417910448,0.050955414012738856,0.10067114093959731,0.15248796147672553,0.16613418530351437,0.12179487179487179,0.030844155844155844,0.058333333333333334,0.06890756302521009,0.10823170731707317,0.08585858585858586,0.039473684210526314,0.04333868378812199,0.0840064620355412,0.0547945205479452,0.1189710610932476,0.029315960912052116,0.08333333333333333,0.03943217665615142,0.03398058252427184,0.030694668820678513,0.061823802163833076,0.0867430441898527,0.1529051987767584,0.009615384615384616,0.01740506329113924,0.18874172185430463,0.18874172185430463,0.09135399673735727,0.15599343185550082,0.05672609400324149,0.0272,0.028875379939209727,0.10593900481540931,0.1104199066874028,0.051926298157453935,0.07291666666666667,0.04838709677419355,0.03,0.21621621621621623,0.04280821917808219,0.10158730158730159,0.1294851794071763,0.11145510835913312,0.19480519480519481,0.06546644844517185,0.025,0.04662379421221865,0.08940397350993377,0.14309210526315788,0.0379746835443038,0.1375579598145286,0.09656301145662848,0.04975124378109453,0.1967741935483871,0.05007587253414264,0.216260162601626,0.15121951219512195,0.038461538461538464,0.03908794788273615,0.1291390728476821,0.027914614121510674,0.05154639175257732,0.10945273631840796,0.1393939393939394,0.02694136291600634,0.12786885245901639,0.03587443946188341,0.12861736334405144,0.045171339563862926,0.05263157894736842,0.06456692913385827,0.11201298701298701,0.03350083752093802,0.02750809061488673,0.0368,0.05345911949685535,0.07819548872180451,0.096,0.08244274809160305,0.017006802721088437,0.09735973597359736,0.009508716323296355,0.09135399673735727,0.14064914992272023,0.029315960912052116,0.13213703099510604
2012,1,9,prevalence,0.09803921568627451,0.025437201907790145,0.18981481481481483,0.1282442748091603,0.06776859504132231,0.03715670436187399,0.07479674796747968,0.09317803660565724,0.023734177215189875,0.056162246489859596,0.05647840531561462,0.2318840579710145,0.22632423756019263,0.22632423756019263,0.04067796610169491,0.07754442649434572,0.16057233704292528,0.049441786283891544,0.030612244897959183,0.10491803278688525,0.056910569105691054,0.06085526315789474,0.0732899022801303,0.018808777429467086,0.06554621848739496,0.04817275747508306,0.061461794019933555,0.07547169811320754,0.09105431309904154,0.025210084033613446,0.2384737678855326,0.18488745980707397,0.051056338028169015,0.1515650741350906,0.0,0.06091370558375635,0.048414023372287146,0.05873261205564142,0.08649468892261002,0.136,0.026813880126182965,0.06924315619967794,0.050488599348534204,0.10380622837370242,0.23137876386687797,0.04492512479201331,0.21293375394321767,0.08527131782945736,0.09375,0.06484641638225255,0.05806451612903226,0.12748344370860928,0.17142857142857143,0.12277867528271405,0.09049773755656108,0.09494640122511486,0.17540983606557378,0.03852080123266564,0.04375,0.024232633279483037,0.10048622366288493,0.10078740157480315,0.17313915857605178,0.06531881804043546,0.11452991452991453,0.09105960264900662,0.02391629297458894,0.03171953255425709,0.006600660066006601,0.07054673721340388,0.031746031746031744,0.10294117647058823,0.11563517915309446,0.13578274760383385,0.04538341158059468,0.04297520661157025,0.11503067484662577,0.043697478991596636,0.07647058823529412,0.003115264797507788,0.09538950715421304,0.11734693877551021,0.06420545746388442,0.0203125,0.11515151515151516,0.21850079744816586,0.13377926421404682,0.09370199692780339,0.08035714285714286,0.0805921052631579,0.02157164869029276,0.04674457429048414,0.2364217252396166,0.007874015748031496,0.3068362480127186,0.03776683087027915,0.109717868338558,0.09786476868327403,0.09628378378378379,0.14098360655737704,0.04672897196261682,0.16211878009630817,0.06260032102728733,0.017804154302670624,0.11311475409836065,0.1076158940397351,0.29623567921440264,0.1021671826625387,0.06239460370994941,0.15806988352745424,0.10492845786963434,0.06646058732612056,0.06935483870967742,0.08244274809160305,0.07290015847860538,0.07792207792207792,0.12759170653907495,0.20583717357910905,0.11464968152866242,0.01935483870967742,0.07413249211356467,0.06229508196721312,0.07716049382716049,0.0775716694772344,0.06030150753768844,0.057971014492753624,0.07563025210084033,0.06759098786828423,0.13249211356466878,0.02512562814070352,0.10062893081761007,0.04126984126984127,0.03908794788273615,0.03333333333333333,0.07253086419753087,0.08986928104575163,0.14946070878274267,0.009404388714733543,0.0208,0.15789473684210525,0.15789473684210525,0.083596214511041,0.134185303514377,0.07455429497568881,0.02912621359223301,0.03225806451612903,0.07781456953642384,0.0762987012987013,0.050761421319796954,0.07941176470588235,0.05873015873015873,0.040983606557377046,0.17530487804878048,0.04982817869415808,0.10662358642972536,0.0985691573926868,0.1791277258566978,0.1605960264900662,0.0761904761904762,0.03284072249589491,0.021311475409836064,0.13553719008264462,0.10689655172413794,0.024115755627009645,0.15968992248062017,0.09348914858096828,0.04966887417218543,0.19907407407407407,0.051829268292682924,0.17100977198697068,0.1990521327014218,0.025914634146341462,0.04220779220779221,0.12227805695142378,0.03307086614173228,0.04584040747028863,0.15,0.1806853582554517,0.028846153846153848,0.1388888888888889,0.029411764705882353,0.11869918699186992,0.0514820592823713,0.05422647527910686,0.07317073170731707,0.09634551495016612,0.04262295081967213,0.03350083752093802,0.044233807266982623,0.06570512820512821,0.12652439024390244,0.06386292834890965,0.11195158850226929,0.04326123128119801,0.10873146622734761,0.013953488372093023,0.09983633387888707,0.12558869701726844,0.030694668820678513,0.13815789473684212
2013,1,9,prevalence,0.11754966887417219,0.017080745341614908,0.18660287081339713,0.10443037974683544,0.06199021207177814,0.0694006309148265,0.12300319488817892,0.1065989847715736,0.04739336492890995,0.06567164179104477,0.0664451827242525,0.20745542949756887,0.22102009273570325,0.22102009273570325,0.04241435562805873,0.052202283849918436,0.1484992101105845,0.0420032310177706,0.036020583190394515,0.09208400646203554,0.054945054945054944,0.08507223113964688,0.057096247960848286,0.01892744479495268,0.03642384105960265,0.03820598006644518,0.08169934640522876,0.08771929824561403,0.0975609756097561,0.02975206611570248,0.23981191222570533,0.16429699842022116,0.032423208191126277,0.14332784184514002,0.004830917874396135,0.04436860068259386,0.04666666666666667,0.08500772797527048,0.07430340557275542,0.13278688524590163,0.026984126984126985,0.07272727272727272,0.0304,0.13111888111888112,0.16638655462184873,0.055105348460291734,0.18789808917197454,0.0910569105691057,0.1201923076923077,0.08304498269896193,0.05844155844155844,0.1458670988654781,0.17307692307692307,0.09562398703403566,0.06828528072837632,0.098256735340729,0.17704918032786884,0.03875968992248062,0.06924315619967794,0.02190923317683881,0.09752066115702479,0.08372827804107424,0.1614497528830313,0.07484076433121019,0.06435643564356436,0.0967741935483871,0.01726844583987441,0.05752961082910321,0.008223684210526315,0.07521367521367521,0.043689320388349516,0.08717105263157894,0.13539967373572595,0.10628019323671498,0.04739336492890995,0.028938906752411574,0.1026438569206843,0.047619047619047616,0.07758620689655173,0.009244992295839754,0.11707317073170732,0.09075043630017451,0.051118210862619806,0.03827751196172249,0.12066365007541478,0.25859247135842883,0.10651828298887123,0.10225563909774436,0.11061285500747384,0.07881773399014778,0.0265210608424337,0.07516339869281045,0.15880503144654087,0.018518518518518517,0.3078149920255183,0.045454545454545456,0.14035087719298245,0.10124333925399645,0.08205128205128205,0.15698587127158556,0.03943217665615142,0.1339712918660287,0.08153078202995008,0.014903129657228018,0.13477537437603992,0.1038961038961039,0.24503311258278146,0.05564387917329094,0.08360655737704918,0.11311475409836065,0.1168,0.06134969325153374,0.07556270096463022,0.09696969696969697,0.0685805422647528,0.05813953488372093,0.12944983818770225,0.18181818181818182,0.10576923076923077,0.04792332268370607,0.08239095315024232,0.0594059405940594,0.060842433697347896,0.0701468189233279,0.039316239316239315,0.05619834710743802,0.04865771812080537,0.08347529812606473,0.16427432216905902,0.03966942148760331,0.12179487179487179,0.040453074433656956,0.044407894736842105,0.02403846153846154,0.057663125948406675,0.06700167504187604,0.14018691588785046,0.014195583596214511,0.014516129032258065,0.14772727272727273,0.14772727272727273,0.08455284552845528,0.13875598086124402,0.09359605911330049,0.03773584905660377,0.04716981132075472,0.03453947368421053,0.07515337423312883,0.04,0.09049079754601227,0.05977382875605816,0.04597701149425287,0.136986301369863,0.07718120805369127,0.10474631751227496,0.071875,0.2207001522070015,0.15772357723577235,0.08766233766233766,0.06393442622950819,0.019801980198019802,0.191869918699187,0.0773109243697479,0.04272151898734177,0.141321044546851,0.095,0.0722495894909688,0.14837712519319937,0.0655226209048362,0.12709030100334448,0.14353312302839116,0.029548989113530325,0.0587248322147651,0.11822660098522167,0.0319634703196347,0.024916943521594685,0.12520593080724876,0.15193798449612403,0.0109204368174727,0.13195548489666137,0.03930817610062893,0.11650485436893204,0.07006369426751592,0.04113924050632911,0.08387096774193549,0.08207705192629816,0.05454545454545454,0.02329450915141431,0.05669291338582677,0.0651085141903172,0.1687116564417178,0.06366459627329192,0.10703363914373089,0.05140961857379768,0.10437710437710437,0.028125,0.09152542372881356,0.0991869918699187,0.042789223454833596,0.08095238095238096
2014,1,9,prevalence,0.08235294117647059,0.026813880126182965,0.178060413354531,0.09134615384615384,0.06291390728476821,0.07186544342507645,0.09461663947797716,0.10084033613445378,0.045813586097946286,0.09662576687116564,0.0812603648424544,0.17258064516129032,0.16228748068006182,0.16228748068006182,0.04411764705882353,0.054276315789473686,0.1406003159557662,0.03993344425956739,0.02564102564102564,0.08306188925081433,0.04784688995215311,0.08530805687203792,0.0462046204620462,0.03937007874015748,0.030405405405405407,0.07131011608623548,0.04897314375987362,0.08598726114649681,0.07917383820998279,0.02555366269165247,0.21638330757341576,0.15721231766612642,0.04194630872483222,0.11459968602825746,0.012698412698412698,0.03418803418803419,0.03389830508474576,0.10703363914373089,0.05763239875389408,0.10909090909090909,0.040123456790123455,0.07907742998352553,0.052884615384615384,0.1183533447684391,0.10344827586206896,0.05392156862745098,0.18471337579617833,0.05723905723905724,0.1456,0.07118055555555555,0.04777070063694268,0.14754098360655737,0.15112540192926044,0.06436420722135008,0.08695652173913043,0.1454248366013072,0.17341977309562398,0.04945904173106646,0.0929853181076672,0.02875399361022364,0.07072368421052631,0.09667194928684628,0.14686468646864687,0.09399075500770417,0.07345575959933222,0.09983633387888707,0.028169014084507043,0.09228187919463088,0.01620745542949757,0.0755336617405583,0.05574324324324324,0.0529595015576324,0.09375,0.07006369426751592,0.06763285024154589,0.0265625,0.09651898734177215,0.07352941176470588,0.06599713055954089,0.009188361408882083,0.11525974025974026,0.09515570934256055,0.060955518945634266,0.027597402597402596,0.14241960183767227,0.24959481361426256,0.10658307210031348,0.08103975535168195,0.13333333333333333,0.08955223880597014,0.04094488188976378,0.06435643564356436,0.12520064205457465,0.015552099533437015,0.27258320126782887,0.03739837398373984,0.16962843295638125,0.10956521739130434,0.0967741935483871,0.15877862595419848,0.04186795491143317,0.125,0.07568438003220612,0.014792899408284023,0.15551839464882944,0.12738853503184713,0.2188034188034188,0.07042253521126761,0.09076175040518639,0.10894308943089431,0.10806451612903226,0.0672782874617737,0.0380952380952381,0.06880733944954129,0.08077544426494346,0.05466237942122187,0.1408,0.18153846153846154,0.08771929824561403,0.06003159557661927,0.09838709677419355,0.06112054329371817,0.05417956656346749,0.056818181818181816,0.029556650246305417,0.04159733777038269,0.06678082191780822,0.08080808080808081,0.17038216560509553,0.056856187290969896,0.10725552050473186,0.04866562009419152,0.06199021207177814,0.03064516129032258,0.05819295558958652,0.037037037037037035,0.17061611374407584,0.02903225806451613,0.014754098360655738,0.13968253968253969,0.13968253968253969,0.1073170731707317,0.0949367088607595,0.08250825082508251,0.024429967426710098,0.050080775444264945,0.041935483870967745,0.07898894154818326,0.044657097288676235,0.05255023183925812,0.0864,0.03349282296650718,0.10819165378670788,0.1048252911813644,0.10465116279069768,0.06269592476489028,0.18125,0.15841584158415842,0.10891089108910891,0.08135593220338982,0.029801324503311258,0.1924342105263158,0.06825938566552901,0.03184713375796178,0.16257668711656442,0.07008547008547009,0.05723905723905724,0.09621451104100946,0.08864696734059098,0.10350584307178631,0.13195548489666137,0.03610675039246468,0.05203252032520325,0.0775716694772344,0.05555555555555555,0.033783783783783786,0.10084033613445378,0.11410459587955626,0.013824884792626729,0.10655737704918032,0.03241491085899514,0.0757825370675453,0.05177993527508091,0.04510108864696734,0.08603896103896104,0.09485530546623794,0.052202283849918436,0.023255813953488372,0.07154213036565978,0.0738362760834671,0.18876755070202808,0.0655226209048362,0.07320872274143302,0.048,0.07768595041322314,0.028892455858747994,0.07525083612040134,0.09313725490196079,0.05834683954619125,0.08095238095238096
2015,1,9,prevalence,0.08514190317195326,0.03453689167974882,0.14485981308411214,0.07448494453248812,0.05785123966942149,0.07448494453248812,0.06341463414634146,0.07049180327868852,0.0379746835443038,0.0819935691318328,0.07401315789473684,0.09870550161812297,0.1574074074074074,0.1574074074074074,0.05342237061769616,0.07278481012658228,0.1347068145800317,0.054140127388535034,0.03898305084745763,0.07666666666666666,0.05741626794258373,0.07667731629392971,0.04643449419568822,0.0374414976599064,0.029209621993127148,0.03241491085899514,0.020537124802527645,0.1024390243902439,0.059233449477351915,0.019097222222222224,0.1786833855799373,0.10551948051948051,0.057432432432432436,0.12286158631415241,0.009316770186335404,0.04020100502512563,0.02707275803722504,0.09216589861751152,0.06456692913385827,0.05454545454545454,0.064,0.08099173553719008,0.06875,0.07426597582037997,0.07872696817420435,0.06796116504854369,0.16932907348242812,0.03745928338762215,0.18124006359300476,0.07867132867132867,0.05519480519480519,0.1511627906976744,0.16474464579901152,0.06018518518518518,0.07174231332357248,0.1375,0.15257048092868988,0.06307692307692307,0.07540983606557378,0.02047244094488189,0.08952702702702703,0.0688,0.14308943089430895,0.07401574803149606,0.087893864013267,0.09492635024549918,0.0282574568288854,0.09523809523809523,0.016233766233766232,0.06333333333333334,0.056572379367720464,0.04984423676012461,0.07371794871794872,0.0448,0.08112582781456953,0.029605263157894735,0.06957928802588997,0.08496732026143791,0.06020558002936858,0.0045871559633027525,0.0978441127694859,0.09948542024013722,0.07899159663865546,0.04588607594936709,0.11882716049382716,0.15569823434991975,0.09516380655226209,0.06515151515151515,0.125948406676783,0.09539473684210527,0.04823151125401929,0.0608,0.1424,0.02377179080824089,0.2062992125984252,0.024232633279483037,0.13782051282051283,0.10344827586206896,0.09655172413793103,0.14736842105263157,0.06369426751592357,0.07822085889570553,0.08305647840531562,0.017777777777777778,0.1480865224625624,0.09046052631578948,0.1404399323181049,0.0578125,0.1001669449081803,0.07419354838709677,0.11041009463722397,0.05045871559633028,0.04709576138147567,0.05279034690799397,0.05466237942122187,0.05426356589147287,0.12706270627062707,0.12738853503184713,0.07974481658692185,0.0856269113149847,0.10110584518167456,0.0893760539629005,0.05757575757575758,0.0546875,0.026622296173044926,0.05545927209705372,0.04948805460750853,0.08888888888888889,0.09838709677419355,0.05254237288135593,0.08176100628930817,0.05625,0.05351170568561873,0.033112582781456956,0.08163265306122448,0.04187604690117253,0.11812297734627832,0.0405616224648986,0.024429967426710098,0.11764705882352941,0.11764705882352941,0.07903225806451612,0.09562398703403566,0.08760330578512397,0.022508038585209004,0.04508856682769726,0.04111842105263158,0.06521739130434782,0.05443234836702955,0.061633281972265024,0.08265802269043761,0.0297029702970297,0.09818731117824774,0.0799347471451876,0.105,0.08306709265175719,0.1486697965571205,0.157439446366782,0.12520064205457465,0.06807131280388978,0.03079416531604538,0.1744186046511628,0.0657672849915683,0.030254777070063694,0.12957317073170732,0.045531197301854974,0.05084745762711865,0.048286604361370715,0.11022364217252396,0.07202680067001675,0.12680577849117175,0.041666666666666664,0.07085346215780998,0.057755775577557754,0.0593900481540931,0.03156146179401993,0.08333333333333333,0.11538461538461539,0.018691588785046728,0.09369951534733441,0.03514376996805112,0.09121621621621621,0.04538087520259319,0.05401234567901234,0.06568144499178982,0.10457516339869281,0.03488372093023256,0.023255813953488372,0.06840390879478828,0.08176100628930817,0.16775244299674266,0.046104928457869634,0.09457364341085271,0.04821150855365474,0.10929853181076672,0.04813664596273292,0.06456953642384106,0.09090909090909091,0.05627009646302251,0.0796875
2016,1,9,prevalence,0.06554621848739496,0.04769475357710652,0.11234177215189874,0.0759493670886076,0.05492730210016155,0.09636650868878358,0.051926298157453935,0.05149501661129568,0.05229793977812995,0.058084772370486655,0.09672131147540984,0.09775641025641026,0.13601236476043277,0.13601236476043277,0.0642504118616145,0.08072487644151564,0.06572769953051644,0.07395498392282958,0.03541315345699832,0.09380234505862646,0.05970149253731343,0.08112582781456953,0.044850498338870434,0.0532258064516129,0.024778761061946902,0.041050903119868636,0.016339869281045753,0.11022364217252396,0.05381944444444445,0.02264808362369338,0.15217391304347827,0.08414239482200647,0.06621392190152801,0.09276729559748427,0.01848998459167951,0.04878048780487805,0.023529411764705882,0.0974124809741248,0.054635761589403975,0.07885906040268456,0.06896551724137931,0.09208400646203554,0.06103286384976526,0.08361774744027303,0.06401384083044982,0.0449438202247191,0.11129032258064517,0.0462046204620462,0.19575856443719414,0.0706896551724138,0.05564387917329094,0.16225165562913907,0.13268608414239483,0.0496,0.08258258258258258,0.1109375,0.11185308848080133,0.09508716323296355,0.10578512396694215,0.0256,0.07601351351351351,0.0778816199376947,0.13915857605177995,0.0670926517571885,0.14309764309764308,0.058333333333333334,0.06436420722135008,0.11853088480801335,0.02152317880794702,0.052100840336134456,0.05466237942122187,0.0444104134762634,0.06699346405228758,0.04769475357710652,0.10130718954248366,0.028052805280528052,0.04942339373970346,0.12603648424543948,0.049635036496350364,0.012345679012345678,0.10033444816053512,0.09491525423728814,0.0688,0.04180064308681672,0.11059907834101383,0.1536,0.0746031746031746,0.07317073170731707,0.152276295133438,0.13513513513513514,0.0624,0.04409448818897638,0.0966183574879227,0.04304635761589404,0.16903633491311215,0.030110935023771792,0.13247172859450726,0.08551483420593368,0.09294320137693632,0.09908536585365854,0.05040650406504065,0.0871559633027523,0.08888888888888889,0.02967359050445104,0.11513157894736842,0.06957928802588997,0.07130434782608695,0.0594679186228482,0.05161290322580645,0.0631911532385466,0.10220125786163523,0.037037037037037035,0.04186795491143317,0.06426332288401254,0.06825396825396825,0.04915514592933948,0.1270096463022508,0.09312977099236641,0.08006535947712418,0.09923664122137404,0.08974358974358974,0.0907563025210084,0.05216095380029806,0.03387096774193549,0.032148900169204735,0.09122203098106713,0.047285464098073555,0.08333333333333333,0.08333333333333333,0.050522648083623695,0.06386292834890965,0.036753445635528334,0.0472972972972973,0.0576,0.09891808346213292,0.07467532467532467,0.09385113268608414,0.02996845425867508,0.03104575163398693,0.10099337748344371,0.10099337748344371,0.08069620253164557,0.0861244019138756,0.09,0.030944625407166124,0.0718954248366013,0.048494983277591976,0.08116883116883117,0.07234726688102894,0.04380664652567976,0.07781456953642384,0.02527646129541864,0.0781010719754977,0.08045977011494253,0.0903010033444816,0.06957928802588997,0.14106583072100312,0.1691542288557214,0.09195402298850575,0.07142857142857142,0.035541195476575124,0.13245033112582782,0.07846410684474124,0.04383116883116883,0.09861325115562404,0.04060913705583756,0.03833333333333333,0.05271317829457364,0.09562398703403566,0.07060755336617405,0.16981132075471697,0.048701298701298704,0.05930807248764415,0.09016393442622951,0.05825242718446602,0.029315960912052116,0.0630048465266559,0.14035087719298245,0.043478260869565216,0.07378335949764521,0.02857142857142857,0.07885906040268456,0.057003257328990226,0.053929121725731895,0.0547008547008547,0.07154471544715447,0.04220779220779221,0.02337228714524207,0.08386075949367089,0.11483253588516747,0.18985270049099837,0.05237315875613748,0.08006279434850863,0.041666666666666664,0.08653846153846154,0.040783034257748776,0.08766233766233766,0.07692307692307693,0.07667731629392971,0.08240887480190175
2017,1,9,prevalence,0.0603448275862069,0.0397456279809221,0.10031847133757962,0.07830342577487764,0.04032258064516129,0.060755336617405585,0.06655844155844155,0.029850746268656716,0.0554675118858954,0.05901116427432217,0.09256198347107437,0.045171339563862926,0.08832807570977919,0.08832807570977919,0.07987220447284345,0.08375209380234507,0.047021943573667714,0.07436708860759493,0.041736227045075125,0.0762987012987013,0.07072368421052631,0.07269789983844911,0.05342237061769616,0.05161290322580645,0.03350970017636684,0.03896103896103896,0.0192,0.08482871125611746,0.048903878583473864,0.04440497335701599,0.09494640122511486,0.10841423948220065,0.054481546572934976,0.0672782874617737,0.021538461538461538,0.05509181969949917,0.0457516339869281,0.1004566210045662,0.04094488188976378,0.08121827411167512,0.08716323296354993,0.09208400646203554,0.0811232449297972,0.06206896551724138,0.08843537414965986,0.05263157894736842,0.08780487804878048,0.0423728813559322,0.12956810631229235,0.06495726495726496,0.07740916271721959,0.09819967266775777,0.11292962356792144,0.03054662379421222,0.09309309309309309,0.11356466876971609,0.10130718954248366,0.09501557632398754,0.08737864077669903,0.05339805825242718,0.06495726495726496,0.05144694533762058,0.10256410256410256,0.07692307692307693,0.12254901960784313,0.06521739130434782,0.046251993620414676,0.10784313725490197,0.0420032310177706,0.044905008635578586,0.052884615384615384,0.043209876543209874,0.05144694533762058,0.044657097288676235,0.11036789297658862,0.029459901800327332,0.04707792207792208,0.12643678160919541,0.04294478527607362,0.01393188854489164,0.10067114093959731,0.08376068376068375,0.06829268292682927,0.037096774193548385,0.08269525267993874,0.12145110410094637,0.05180533751962323,0.09865470852017937,0.1125,0.11305732484076433,0.07153965785381027,0.0336,0.07244094488188976,0.06291390728476821,0.12933753943217666,0.05238828967642527,0.12416107382550336,0.09166666666666666,0.08169934640522876,0.06596701649175413,0.04942339373970346,0.09606299212598425,0.06153846153846154,0.041666666666666664,0.1001669449081803,0.03284072249589491,0.04060913705583756,0.061488673139158574,0.08188976377952756,0.06016260162601626,0.09247648902821316,0.040123456790123455,0.038461538461538464,0.07401574803149606,0.06758832565284179,0.05087440381558029,0.10031847133757962,0.0625,0.07413509060955518,0.09495548961424333,0.13398692810457516,0.05823627287853577,0.035114503816793895,0.04173354735152488,0.04081632653061224,0.07370184254606366,0.06457242582897033,0.08235294117647059,0.06535947712418301,0.07460035523978685,0.0765625,0.031446540880503145,0.04628099173553719,0.04674457429048414,0.09062003179650238,0.08319738988580751,0.09238249594813615,0.01935483870967742,0.03305785123966942,0.085667215815486,0.085667215815486,0.06614173228346457,0.07852564102564102,0.08538587848932677,0.03782894736842105,0.08180300500834725,0.06546644844517185,0.0754414125200642,0.06687402799377916,0.04969879518072289,0.05804311774461028,0.033123028391167195,0.06746626686656672,0.08346709470304976,0.08291873963515754,0.07288135593220339,0.1186161449752883,0.09317803660565724,0.10097719869706841,0.06771653543307087,0.04265402843601896,0.10869565217391304,0.07142857142857142,0.03715670436187399,0.09682539682539683,0.044481054365733116,0.03833333333333333,0.06771653543307087,0.09163987138263666,0.06435643564356436,0.12038523274478331,0.0528,0.08530805687203792,0.08493589743589744,0.056818181818181816,0.02564102564102564,0.055031446540880505,0.09163987138263666,0.06134969325153374,0.09724473257698542,0.04292527821939587,0.08471760797342193,0.059967585089141004,0.05409582689335394,0.048027444253859346,0.06507936507936508,0.03815580286168521,0.030303030303030304,0.07692307692307693,0.09162717219589257,0.16013071895424835,0.05672609400324149,0.08210180623973727,0.03980891719745223,0.07395993836671803,0.0416,0.0943089430894309,0.048252911813643926,0.06995230524642289,0.0685805422647528
2018,1,9,prevalence,0.06944444444444445,0.038523274478330656,0.07431340872374798,0.07084019769357495,0.0372168284789644,0.05087440381558029,0.07967479674796749,0.04032258064516129,0.04043545878693624,0.04552845528455285,0.07201309328968904,0.04961240310077519,0.050393700787401574,0.050393700787401574,0.06190476190476191,0.06435643564356436,0.0423861852433281,0.0530421216848674,0.049586776859504134,0.0688,0.07692307692307693,0.05573770491803279,0.06732348111658457,0.05065359477124183,0.021015761821366025,0.04617834394904458,0.026402640264026403,0.061514195583596214,0.05545927209705372,0.06560283687943262,0.08463949843260188,0.09888357256778309,0.05263157894736842,0.03680981595092025,0.041990668740279936,0.06741573033707865,0.04807692307692308,0.0694006309148265,0.054838709677419356,0.08415841584158416,0.08860759493670886,0.08387096774193549,0.06697819314641744,0.06260575296108291,0.10714285714285714,0.05823627287853577,0.06885245901639345,0.05040650406504065,0.09807073954983923,0.04498269896193772,0.07620528771384137,0.09135399673735727,0.057283142389525366,0.03858520900321544,0.12066365007541478,0.10509554140127389,0.05958132045088567,0.07784431137724551,0.08866995073891626,0.041935483870967745,0.06462585034013606,0.0532258064516129,0.0889967637540453,0.08948194662480377,0.09539473684210527,0.050761421319796954,0.0499194847020934,0.07272727272727272,0.06339144215530904,0.04923599320882852,0.06782334384858044,0.06299212598425197,0.05826771653543307,0.0656,0.08542713567839195,0.041935483870967745,0.056291390728476824,0.08870967741935484,0.03767660910518053,0.02204724409448819,0.095,0.07253886010362694,0.0594855305466238,0.05263157894736842,0.06918238993710692,0.09147286821705426,0.059870550161812294,0.07317073170731707,0.09004739336492891,0.09921259842519685,0.05845181674565561,0.04889589905362776,0.0641025641025641,0.05872756933115824,0.09951845906902086,0.046583850931677016,0.0812603648424544,0.10902896081771721,0.07166123778501629,0.07078313253012049,0.054817275747508304,0.07086614173228346,0.05199306759098787,0.054878048780487805,0.07830342577487764,0.03215434083601286,0.041379310344827586,0.087893864013267,0.06957928802588997,0.06188925081433225,0.07559055118110236,0.0490506329113924,0.048701298701298704,0.061788617886178863,0.05401234567901234,0.048589341692789965,0.07606973058637084,0.07692307692307693,0.06535947712418301,0.10030395136778116,0.08103727714748785,0.06598984771573604,0.04790419161676647,0.04792332268370607,0.06598984771573604,0.08387096774193549,0.06944444444444445,0.06228956228956229,0.05592105263157895,0.09298245614035087,0.05492730210016155,0.037914691943127965,0.03940886699507389,0.04132231404958678,0.088,0.08485856905158069,0.08589951377633712,0.023809523809523808,0.049019607843137254,0.05175292153589316,0.05175292153589316,0.07109737248840804,0.056782334384858045,0.08130081300813008,0.038525963149078725,0.06712564543889846,0.06156405990016639,0.0576,0.056179775280898875,0.03427719821162444,0.056572379367720464,0.026438569206842923,0.10059171597633136,0.06109324758842444,0.06188925081433225,0.07610619469026549,0.08803986710963455,0.05602716468590832,0.09461663947797716,0.05245901639344262,0.05055292259083728,0.08094435075885328,0.0924092409240924,0.0384,0.08842443729903537,0.03494176372712146,0.04262295081967213,0.05745341614906832,0.08439490445859872,0.049679487179487176,0.11234177215189874,0.05555555555555555,0.11330049261083744,0.08466453674121406,0.053833605220228384,0.032915360501567396,0.07075471698113207,0.064,0.08256880733944955,0.06957928802588997,0.047619047619047616,0.08207705192629816,0.06896551724137931,0.05972434915773354,0.05641025641025641,0.048859934853420196,0.047021943573667714,0.04,0.057755775577557754,0.09763779527559055,0.08496732026143791,0.047619047619047616,0.06301824212271974,0.05,0.04043545878693624,0.04012841091492777,0.07003257328990228,0.041237113402061855,0.07266982622432859,0.07051282051282051
2019,1,9,prevalence,0.07046979865771812,0.03278688524590164,0.0784313725490196,0.06351791530944625,0.04754358161648178,0.03503184713375796,0.06462035541195477,0.03421461897356143,0.025,0.051036682615629984,0.06386292834890965,0.055900621118012424,0.03286384976525822,0.03286384976525822,0.0392156862745098,0.05,0.05087440381558029,0.03322784810126582,0.04739336492890995,0.05834683954619125,0.0684931506849315,0.04560260586319218,0.07605177993527508,0.03924914675767918,0.06913996627318718,0.024350649350649352,0.019867549668874173,0.04952076677316294,0.050966608084358524,0.06666666666666667,0.06976744186046512,0.08227848101265822,0.04521739130434783,0.026234567901234566,0.04327666151468315,0.08828250401284109,0.027243589743589744,0.05891472868217054,0.05392156862745098,0.06228956228956229,0.08019639934533551,0.08085808580858085,0.03803486529318542,0.05709342560553633,0.08333333333333333,0.0636215334420881,0.059422750424448216,0.04862236628849271,0.07868852459016394,0.03793103448275862,0.09223300970873786,0.06913996627318718,0.04201680672268908,0.024752475247524754,0.11432926829268293,0.09868421052631579,0.05345911949685535,0.08411214953271028,0.0688,0.02694136291600634,0.05647840531561462,0.06995230524642289,0.09905660377358491,0.09461663947797716,0.06341463414634146,0.04074702886247878,0.0583596214511041,0.04180064308681672,0.0748829953198128,0.02218430034129693,0.040257648953301126,0.08634222919937205,0.07286821705426356,0.06635071090047394,0.0728476821192053,0.04662379421221865,0.04118616144975288,0.0784313725490196,0.019448946515397084,0.03201219512195122,0.08360655737704918,0.05136986301369863,0.041666666666666664,0.03758169934640523,0.060897435897435896,0.08557844690966719,0.04854368932038835,0.08201892744479496,0.06840390879478828,0.09576138147566719,0.0609375,0.039936102236421724,0.05475040257648953,0.04145077720207254,0.0970873786407767,0.056074766355140186,0.05040650406504065,0.08644067796610169,0.03896103896103896,0.050156739811912224,0.08532423208191127,0.042993630573248405,0.06770833333333333,0.05674846625766871,0.07570977917981073,0.036741214057507986,0.02905982905982906,0.07072368421052631,0.07269789983844911,0.06833333333333333,0.06306306306306306,0.06289308176100629,0.040453074433656956,0.05314009661835749,0.061514195583596214,0.05124223602484472,0.09852216748768473,0.055639097744360905,0.08196721311475409,0.08854961832061069,0.0816,0.09283387622149837,0.033182503770739065,0.03709428129829984,0.08585858585858586,0.09740259740259741,0.03361344537815126,0.041390728476821195,0.03333333333333333,0.060658578856152515,0.08828250401284109,0.03317535545023697,0.04251700680272109,0.026359143327841845,0.08588957055214724,0.07605177993527508,0.06493506493506493,0.02073365231259968,0.04333868378812199,0.04032258064516129,0.04032258064516129,0.03969465648854962,0.05128205128205128,0.05492730210016155,0.039473684210526314,0.05709342560553633,0.05813953488372093,0.0473186119873817,0.023696682464454975,0.015267175572519083,0.05695142378559464,0.018518518518518517,0.08103975535168195,0.048589341692789965,0.03758169934640523,0.05574912891986063,0.06456953642384106,0.04317789291882556,0.08667736757624397,0.0532258064516129,0.04792332268370607,0.054187192118226604,0.09609120521172639,0.03278688524590164,0.0891089108910891,0.04690117252931323,0.01824212271973466,0.04491017964071856,0.06199021207177814,0.024350649350649352,0.05073649754500818,0.05211726384364821,0.09902597402597403,0.061788617886178863,0.05152979066022544,0.03538461538461538,0.05714285714285714,0.05090311986863711,0.09273570324574962,0.04180064308681672,0.06487341772151899,0.04674457429048414,0.060655737704918035,0.08282208588957055,0.028380634390651086,0.045234248788368334,0.036741214057507986,0.037162162162162164,0.04173354735152488,0.057660626029654036,0.05647840531561462,0.05466237942122187,0.048701298701298704,0.050793650793650794,0.04141104294478527,0.033925686591276254,0.06655844155844155,0.008278145695364239,0.061806656101426306,0.0633116883116883
2020,1,9,prevalence,0.04047217537942664,0.03803486529318542,0.0595446584938704,0.0380794701986755,0.04024767801857585,0.024271844660194174,0.03927986906710311,0.0327613104524181,0.015360983102918587,0.03877221324717286,0.035168195718654434,0.05401234567901234,0.04552845528455285,0.04552845528455285,0.0352,0.02926829268292683,0.03179650238473768,0.031746031746031744,0.03827751196172249,0.056105610561056105,0.055,0.02926829268292683,0.04754358161648178,0.046153846153846156,0.05254237288135593,0.02023608768971332,0.011326860841423949,0.04354587869362364,0.0425531914893617,0.049403747870528106,0.06278713629402756,0.0794392523364486,0.02464788732394366,0.027190332326283987,0.026153846153846153,0.06451612903225806,0.012598425196850394,0.046511627906976744,0.048701298701298704,0.04340567612687813,0.05815831987075929,0.05271828665568369,0.04006410256410257,0.05016722408026756,0.04662379421221865,0.059602649006622516,0.04047217537942664,0.05271828665568369,0.05042016806722689,0.025996533795493933,0.08225806451612903,0.05245901639344262,0.027491408934707903,0.013071895424836602,0.0842433697347894,0.05977382875605816,0.04225352112676056,0.07339449541284404,0.04234527687296417,0.032467532467532464,0.028523489932885907,0.05492730210016155,0.06158833063209076,0.05339805825242718,0.049019607843137254,0.0297029702970297,0.03179650238473768,0.03815580286168521,0.06912442396313365,0.011608623548922056,0.04094488188976378,0.07275541795665634,0.05909090909090909,0.07570977917981073,0.04697986577181208,0.05345911949685535,0.026578073089700997,0.059422750424448216,0.015050167224080268,0.01669195751138088,0.064,0.03156146179401993,0.02912621359223301,0.04145077720207254,0.04567699836867863,0.06539074960127592,0.04180064308681672,0.05529225908372828,0.0457516339869281,0.08667736757624397,0.044657097288676235,0.033816425120772944,0.03542673107890499,0.028021015761821366,0.06375838926174497,0.049441786283891544,0.041050903119868636,0.06611570247933884,0.03471074380165289,0.05388272583201268,0.07530647985989491,0.022508038585209004,0.03430531732418525,0.04936305732484077,0.0496,0.04153354632587859,0.011904761904761904,0.05194805194805195,0.07377049180327869,0.057283142389525366,0.03863298662704309,0.035830618892508145,0.027463651050080775,0.024630541871921183,0.044753086419753084,0.059907834101382486,0.08415841584158416,0.03969465648854962,0.06504065040650407,0.0729483282674772,0.03697749196141479,0.052547770700636945,0.031201248049921998,0.0374414976599064,0.06209150326797386,0.08469055374592833,0.027597402597402596,0.02750809061488673,0.023890784982935155,0.034722222222222224,0.08143322475570032,0.028052805280528052,0.03826955074875208,0.013245033112582781,0.0660377358490566,0.05763239875389408,0.03968253968253968,0.01746031746031746,0.03927986906710311,0.025396825396825397,0.025396825396825397,0.02702702702702703,0.02945736434108527,0.035,0.020654044750430294,0.044596912521440824,0.0576271186440678,0.032467532467532464,0.015822784810126583,0.009404388714733543,0.05650684931506849,0.0109717868338558,0.054140127388535034,0.0440251572327044,0.029654036243822075,0.06818181818181818,0.05475040257648953,0.03308823529411765,0.04715447154471545,0.0448,0.031746031746031744,0.0499194847020934,0.054838709677419356,0.03225806451612903,0.06776859504132231,0.03618421052631579,0.00974025974025974,0.04930662557781202,0.04173354735152488,0.013179571663920923,0.026143790849673203,0.029556650246305417,0.05636070853462158,0.06493506493506493,0.03697749196141479,0.029141104294478526,0.04862236628849271,0.029459901800327332,0.07033639143730887,0.030063291139240507,0.06612903225806452,0.02459016393442623,0.03864734299516908,0.0736,0.030405405405405407,0.0322061191626409,0.03514376996805112,0.04462809917355372,0.025157232704402517,0.04508856682769726,0.04,0.04769475357710652,0.04817275747508306,0.02830188679245283,0.016845329249617153,0.02511773940345369,0.04784688995215311,0.014900662251655629,0.045171339563862926,0.052202283849918436
2021,1,9,prevalence,0.026058631921824105,0.03889789303079417,0.0528169014084507,0.0361247947454844,0.05625,0.033925686591276254,0.02593192868719611,0.026604068857589983,0.0202808112324493,0.040268456375838924,0.03426791277258567,0.047619047619047616,0.04455445544554455,0.04455445544554455,0.025848142164781908,0.024916943521594685,0.028938906752411574,0.0336,0.030206677265500796,0.04807692307692308,0.06375838926174497,0.051364365971107544,0.04739336492890995,0.0423728813559322,0.057724957555178265,0.003472222222222222,0.009615384615384616,0.04874213836477988,0.031879194630872486,0.04180064308681672,0.04813664596273292,0.08227848101265822,0.027586206896551724,0.022354694485842028,0.02190923317683881,0.040880503144654086,0.009538950715421303,0.027649769585253458,0.047058823529411764,0.03333333333333333,0.05501618122977346,0.04326123128119801,0.030844155844155844,0.028764805414551606,0.03225806451612903,0.04567699836867863,0.024232633279483037,0.04152823920265781,0.03782894736842105,0.029209621993127148,0.06229508196721312,0.042789223454833596,0.02857142857142857,0.014150943396226415,0.05663430420711974,0.03600654664484452,0.03565891472868217,0.054878048780487805,0.024549918166939442,0.02631578947368421,0.025806451612903226,0.045871559633027525,0.05993690851735016,0.03333333333333333,0.04173354735152488,0.028985507246376812,0.043973941368078175,0.03365384615384615,0.06583072100313479,0.014331210191082803,0.036741214057507986,0.06564885496183206,0.060790273556231005,0.07559055118110236,0.04584040747028863,0.054945054945054944,0.02337228714524207,0.033112582781456956,0.011627906976744186,0.006051437216338881,0.06026058631921824,0.0231023102310231,0.017770597738287562,0.049403747870528106,0.034653465346534656,0.0644122383252818,0.03645007923930269,0.0672,0.03896103896103896,0.07779578606158834,0.03079416531604538,0.05396825396825397,0.029459901800327332,0.033783783783783786,0.04487179487179487,0.05521472392638037,0.03414634146341464,0.05581395348837209,0.03492063492063492,0.054187192118226604,0.05217391304347826,0.01779935275080906,0.030821917808219176,0.05815831987075929,0.05362776025236593,0.04950495049504951,0.008375209380234505,0.052202283849918436,0.06041335453100159,0.056962025316455694,0.05505952380952381,0.027868852459016394,0.022653721682847898,0.01732283464566929,0.018461538461538463,0.04503105590062112,0.07973421926910298,0.04636785162287481,0.04262295081967213,0.0484375,0.026101141924959218,0.04013377926421405,0.023734177215189875,0.030627871362940276,0.056179775280898875,0.05910543130990415,0.014106583072100314,0.016129032258064516,0.037996545768566495,0.030456852791878174,0.06818181818181818,0.03453947368421053,0.03403565640194489,0.02459016393442623,0.059541984732824425,0.04186046511627907,0.04538087520259319,0.016,0.03262642740619902,0.019969278033794162,0.019969278033794162,0.03469079939668175,0.0430622009569378,0.041254125412541254,0.020942408376963352,0.03741496598639456,0.03902439024390244,0.0368,0.024691358024691357,0.009230769230769232,0.044905008635578586,0.0109375,0.049099836333878884,0.0571870170015456,0.027642276422764227,0.0626118067978533,0.04126984126984127,0.05123674911660778,0.044444444444444446,0.03403565640194489,0.01957585644371941,0.04173354735152488,0.055105348460291734,0.0196078431372549,0.0436241610738255,0.030694668820678513,0.01282051282051282,0.028708133971291867,0.03225806451612903,0.022222222222222223,0.026755852842809364,0.023450586264656615,0.056179775280898875,0.03685897435897436,0.03262642740619902,0.03680981595092025,0.043689320388349516,0.030694668820678513,0.0806697108066971,0.025039123630672927,0.05023547880690738,0.04508856682769726,0.028708133971291867,0.07253086419753087,0.03156146179401993,0.033816425120772944,0.04340836012861737,0.017857142857142856,0.02321981424148607,0.05161290322580645,0.03529411764705882,0.04333868378812199,0.05149501661129568,0.019230769230769232,0.012030075187969926,0.02593192868719611,0.037914691943127965,0.0016611295681063123,0.04094488188976378,0.048414023372287146
2022,1,9,prevalence,0.0322061191626409,0.03436988543371522,0.07612456747404844,0.054365733113673806,0.05972434915773354,0.03064516129032258,0.030694668820678513,0.02472952086553323,0.017377567140600316,0.028380634390651086,0.02,0.04043545878693624,0.07166666666666667,0.07166666666666667,0.02975206611570248,0.019704433497536946,0.03284072249589491,0.03662420382165605,0.018779342723004695,0.04327666151468315,0.0658578856152513,0.06862745098039216,0.037209302325581395,0.052202283849918436,0.06462585034013606,0.0034071550255536627,0.01129032258064516,0.04892966360856269,0.01824212271973466,0.052969502407704656,0.03877221324717286,0.08388157894736842,0.020761245674740483,0.01601164483260553,0.0249609984399376,0.033846153846153845,0.0031397174254317113,0.023112480739599383,0.036303630363036306,0.0304,0.08024691358024691,0.03620689655172414,0.023734177215189875,0.023411371237458192,0.03560371517027864,0.052202283849918436,0.02066772655007949,0.04220779220779221,0.03035413153456998,0.035897435897435895,0.03436988543371522,0.044233807266982623,0.01461038961038961,0.01732283464566929,0.04612850082372323,0.024350649350649352,0.05337519623233909,0.03945371775417299,0.024115755627009645,0.01669449081803005,0.019672131147540985,0.05055292259083728,0.10543130990415335,0.03709949409780776,0.04866562009419152,0.025974025974025976,0.047540983606557376,0.03265940902021773,0.0679304897314376,0.01729559748427673,0.0322061191626409,0.05405405405405406,0.07739938080495357,0.0899390243902439,0.03767123287671233,0.06840390879478828,0.03333333333333333,0.023411371237458192,0.006791171477079796,0.006024096385542169,0.04552845528455285,0.038461538461538464,0.009708737864077669,0.033783783783783786,0.03511705685618729,0.06774193548387097,0.044233807266982623,0.07814992025518341,0.02287581699346405,0.08426073131955485,0.03005008347245409,0.0875,0.025806451612903226,0.04145077720207254,0.04952076677316294,0.0804953560371517,0.03104575163398693,0.05434782608695652,0.029921259842519685,0.05592105263157895,0.055077452667814115,0.012718600953895072,0.048986486486486486,0.06440677966101695,0.07738998482549317,0.03949447077409163,0.008576329331046312,0.046511627906976744,0.04854368932038835,0.06031746031746032,0.03941605839416058,0.03231292517006803,0.0330188679245283,0.015748031496062992,0.021505376344086023,0.04186046511627907,0.06351791530944625,0.07492354740061162,0.03177257525083612,0.038880248833592534,0.018633540372670808,0.03231017770597738,0.020537124802527645,0.026604068857589983,0.037096774193548385,0.044233807266982623,0.014285714285714285,0.014729950900163666,0.029556650246305417,0.026362038664323375,0.07260726072607261,0.029173419773095625,0.060221870047543584,0.027287319422150885,0.055130168453292494,0.026438569206842923,0.0420032310177706,0.019801980198019802,0.03865546218487395,0.02936630602782071,0.02936630602782071,0.03206106870229008,0.027950310559006212,0.022151898734177215,0.03333333333333333,0.03488372093023256,0.027642276422764227,0.04111842105263158,0.02511773940345369,0.015105740181268883,0.03588907014681892,0.0109204368174727,0.04730831973898858,0.0565149136577708,0.02365930599369085,0.0703971119133574,0.0288,0.04521739130434783,0.04075235109717868,0.03343949044585987,0.017543859649122806,0.04126984126984127,0.05834683954619125,0.01644736842105263,0.020477815699658702,0.018957345971563982,0.008116883116883116,0.01751592356687898,0.04051863857374392,0.01391304347826087,0.02152317880794702,0.01864406779661017,0.03400309119010819,0.046052631578947366,0.023064250411861616,0.04769475357710652,0.03600654664484452,0.025806451612903226,0.07446808510638298,0.0183206106870229,0.05345911949685535,0.04874213836477988,0.035483870967741936,0.08818897637795275,0.0208,0.027463651050080775,0.05519480519480519,0.011164274322169059,0.018518518518518517,0.038523274478330656,0.040336134453781515,0.05718954248366013,0.03636363636363636,0.02037617554858934,0.013975155279503106,0.03205128205128205,0.03015873015873016,0.0,0.030595813204508857,0.045531197301854974
2023,1,9,prevalence,0.015698587127158554,0.029950083194675542,0.11018363939899833,0.04241435562805873,0.04696969696969697,0.024752475247524754,0.030206677265500796,0.03067484662576687,0.030110935023771792,0.030201342281879196,0.016666666666666666,0.0746031746031746,0.13398692810457516,0.13398692810457516,0.027287319422150885,0.01818181818181818,0.06166666666666667,0.02821316614420063,0.015625,0.03894080996884735,0.06060606060606061,0.03865546218487395,0.021439509954058193,0.04318936877076412,0.06799336650082918,0.0032520325203252032,0.006420545746388443,0.0669710806697108,0.030694668820678513,0.05152979066022544,0.06260296540362438,0.11580594679186229,0.013605442176870748,0.019696969696969695,0.01854714064914992,0.03353658536585366,0.0,0.019169329073482427,0.025848142164781908,0.01818181818181818,0.0594679186228482,0.02910958904109589,0.01461038961038961,0.021666666666666667,0.05581395348837209,0.05194805194805195,0.017741935483870968,0.059870550161812294,0.03350083752093802,0.05289256198347107,0.05527638190954774,0.04173106646058733,0.01788617886178862,0.03241491085899514,0.04612850082372323,0.02459016393442623,0.06605222734254992,0.025196850393700787,0.022292993630573247,0.03482587064676617,0.013201320132013201,0.05132192846034215,0.11556982343499198,0.046511627906976744,0.07086614173228346,0.03776683087027915,0.05737704918032787,0.03715170278637771,0.042789223454833596,0.015772870662460567,0.028616852146263912,0.04817275747508306,0.06614173228346457,0.10876132930513595,0.04384485666104553,0.07507987220447285,0.03414634146341464,0.009966777408637873,0.005050505050505051,0.010769230769230769,0.08223684210526316,0.029079159935379646,0.008116883116883116,0.02321724709784411,0.05102040816326531,0.08548387096774193,0.04672897196261682,0.09018987341772151,0.023255813953488372,0.08850931677018634,0.03125,0.09523809523809523,0.028892455858747994,0.026981450252951095,0.0592,0.09863429438543247,0.03966942148760331,0.048589341692789965,0.020155038759689922,0.04462809917355372,0.048414023372287146,0.008077544426494346,0.07008547008547009,0.07321131447587355,0.09846153846153846,0.04133545310015898,0.0069084628670120895,0.06109324758842444,0.0451505016722408,0.06041335453100159,0.047407407407407405,0.03636363636363636,0.017432646592709985,0.0064,0.015455950540958269,0.0634441087613293,0.054098360655737705,0.05061349693251534,0.015332197614991482,0.03313253012048193,0.025559105431309903,0.046251993620414676,0.024,0.026771653543307086,0.024077046548956663,0.03486529318541997,0.013740458015267175,0.012965964343598054,0.033003300330033,0.022569444444444444,0.07487520798668885,0.0192,0.032507739938080496,0.01932367149758454,0.03522205206738132,0.02304147465437788,0.04376012965964344,0.015050167224080268,0.04433497536945813,0.03313253012048193,0.03313253012048193,0.03194888178913738,0.021505376344086023,0.018151815181518153,0.032534246575342464,0.04730831973898858,0.022950819672131147,0.03225806451612903,0.024427480916030534,0.014308426073131956,0.02287581699346405,0.0078003120124804995,0.037520391517128875,0.04043545878693624,0.04,0.06474820143884892,0.03035143769968051,0.08888888888888889,0.03869969040247678,0.03349282296650718,0.014240506329113924,0.07053291536050156,0.07234726688102894,0.025889967637540454,0.02181208053691275,0.025518341307814992,0.011164274322169059,0.023809523809523808,0.04159733777038269,0.006932409012131715,0.020100502512562814,0.016638935108153077,0.02843601895734597,0.049441786283891544,0.027287319422150885,0.06624605678233439,0.03915171288743882,0.03599374021909233,0.061068702290076333,0.017991004497751123,0.04100946372239748,0.043348281016442454,0.04709576138147567,0.06132075471698113,0.028169014084507043,0.02936378466557912,0.06290322580645161,0.017684887459807074,0.015037593984962405,0.027914614121510674,0.04258943781942078,0.07293354943273905,0.02809917355371901,0.02258064516129032,0.012944983818770227,0.03639240506329114,0.044233807266982623,0.0,0.01610305958132045,0.05098684210526316
2024,1,9,prevalence,0.015408320493066256,0.03482587064676617,0.1867572156196944,0.029079159935379646,0.0622154779969651,0.025682182985553772,0.018838304552590265,0.02531645569620253,0.06200317965023847,0.05152979066022544,0.030211480362537766,0.11591962905718702,0.2535885167464115,0.2535885167464115,0.025356576862123614,0.016778523489932886,0.053082191780821915,0.0288,0.012598425196850394,0.020440251572327043,0.07003257328990228,0.04304635761589404,0.015503875968992248,0.036605657237936774,0.08441558441558442,0.00322061191626409,0.0031201248049922,0.05943536404160475,0.03803486529318542,0.0576,0.059900166389351084,0.13183279742765272,0.008445945945945946,0.038580246913580245,0.01046337817638266,0.031007751937984496,0.004665629860031105,0.018121911037891267,0.011075949367088608,0.018581081081081082,0.05736434108527132,0.0338409475465313,0.008319467554076539,0.02040816326530612,0.07075471698113207,0.0379746835443038,0.024115755627009645,0.04730831973898858,0.0603448275862069,0.03691275167785235,0.05177993527508091,0.03793626707132018,0.01282051282051282,0.03523489932885906,0.05,0.026490066225165563,0.0696594427244582,0.020766773162939296,0.01594896331738437,0.033444816053511704,0.012965964343598054,0.046251993620414676,0.088,0.03966942148760331,0.11004784688995216,0.06289308176100629,0.05186385737439222,0.04806201550387597,0.055130168453292494,0.012558869701726845,0.06462035541195477,0.06260296540362438,0.06041335453100159,0.10166919575113809,0.03728813559322034,0.06645569620253164,0.030303030303030304,0.008431703204047217,0.00487012987012987,0.0078125,0.09369951534733441,0.03322784810126582,0.004807692307692308,0.02086677367576244,0.047377326565143825,0.08943089430894309,0.048465266558966075,0.08681672025723473,0.021666666666666667,0.09538950715421304,0.032520325203252036,0.09779179810725552,0.01309328968903437,0.02459016393442623,0.0544,0.13364779874213836,0.05601317957166392,0.05625,0.017241379310344827,0.050793650793650794,0.044142614601018676,0.007961783439490446,0.04297520661157025,0.05084745762711865,0.11981566820276497,0.03169572107765452,0.005067567567567568,0.05555555555555555,0.04723127035830619,0.08320251177394035,0.03333333333333333,0.04809286898839138,0.00967741935483871,0.029641185647425898,0.0096,0.049475262368815595,0.032948929159802305,0.03240058910162003,0.01353637901861252,0.028963414634146343,0.0112,0.042993630573248405,0.029921259842519685,0.024630541871921183,0.028526148969889066,0.015455950540958269,0.010835913312693499,0.009708737864077669,0.035,0.01565217391304348,0.09151414309484193,0.013029315960912053,0.04881656804733728,0.013996889580093312,0.024806201550387597,0.020061728395061727,0.05582137161084529,0.013513513513513514,0.05804311774461028,0.04128440366972477,0.04128440366972477,0.022187004754358162,0.01355421686746988,0.009819967266775777,0.030456852791878174,0.06467661691542288,0.017377567140600316,0.019261637239165328,0.02607361963190184,0.03139717425431711,0.011475409836065573,0.010769230769230769,0.020512820512820513,0.053208137715179966,0.03076923076923077,0.07011070110701106,0.017713365539452495,0.11960132890365449,0.032407407407407406,0.01559792027729636,0.016339869281045753,0.09779179810725552,0.06041335453100159,0.043076923076923075,0.013114754098360656,0.03442622950819672,0.007974481658692184,0.03015873015873016,0.03453947368421053,0.01015228426395939,0.027823240589198037,0.021630615640599003,0.02304147465437788,0.07729468599033816,0.025682182985553772,0.07028753993610223,0.030201342281879196,0.048154093097913325,0.05373134328358209,0.016541353383458645,0.04983922829581994,0.039705882352941174,0.0432,0.08493589743589744,0.0390015600624025,0.020537124802527645,0.04926108374384237,0.02576489533011272,0.01483679525222552,0.03278688524590164,0.043478260869565216,0.06907378335949764,0.058922558922558925,0.014446227929373997,0.021035598705501618,0.03927986906710311,0.043973941368078175,0.0,0.018838304552590265,0.04643449419568822
2025,1,9,prevalence,0.01199400299850075,0.045234248788368334,0.22542372881355932,0.03099510603588907,0.05023547880690738,0.024115755627009645,0.017488076311605722,0.029141104294478526,0.07453416149068323,0.05,0.010736196319018405,0.17450682852807284,0.3323076923076923,0.3323076923076923,0.050393700787401574,0.012841091492776886,0.027972027972027972,0.01282051282051282,0.009523809523809525,0.007656967840735069,0.07704654895666131,0.03403565640194489,0.01557632398753894,0.030252100840336135,0.11237785016286644,0.0,0.003048780487804878,0.07692307692307693,0.051593323216995446,0.04186795491143317,0.06408094435075885,0.1328,0.0049261083743842365,0.046849757673667204,0.015197568389057751,0.0265210608424337,0.004651162790697674,0.01309328968903437,0.023291925465838508,0.011570247933884297,0.05124223602484472,0.037800687285223365,0.008064516129032258,0.018302828618968387,0.0736196319018405,0.04416403785488959,0.018518518518518517,0.05362776025236593,0.07563025210084033,0.05203252032520325,0.07296849087893864,0.031007751937984496,0.006514657980456026,0.03571428571428571,0.036303630363036306,0.027914614121510674,0.09327217125382263,0.0208,0.016286644951140065,0.045075125208681135,0.011235955056179775,0.03565640194489465,0.0875796178343949,0.044850498338870434,0.1287758346581876,0.06828528072837632,0.050243111831442464,0.058383233532934134,0.06212121212121212,0.004545454545454545,0.09624796084828711,0.03896103896103896,0.03943217665615142,0.10344827586206896,0.06143344709897611,0.07097791798107256,0.02050473186119874,0.011494252873563218,0.0048543689320388345,0.003067484662576687,0.09886547811993517,0.02750809061488673,0.00487012987012987,0.03255813953488372,0.028716216216216218,0.10142630744849446,0.08695652173913043,0.09370199692780339,0.03015075376884422,0.09470304975922954,0.014469453376205787,0.08130081300813008,0.00974025974025974,0.03420195439739414,0.07923930269413629,0.13157894736842105,0.06598984771573604,0.05124223602484472,0.037383177570093455,0.06666666666666667,0.047619047619047616,0.0047169811320754715,0.04132231404958678,0.054098360655737705,0.17647058823529413,0.023809523809523808,0.0049261083743842365,0.048513302034428794,0.05815831987075929,0.10188087774294671,0.048286604361370715,0.0512,0.007987220447284345,0.029411764705882353,0.006299212598425197,0.040310077519379844,0.028523489932885907,0.011976047904191617,0.013179571663920923,0.028037383177570093,0.016366612111292964,0.05956112852664577,0.038338658146964855,0.014308426073131956,0.016129032258064516,0.0060790273556231,0.010802469135802469,0.008090614886731391,0.056291390728476824,0.01020408163265306,0.10409556313993173,0.009933774834437087,0.0712166172106825,0.007836990595611285,0.0213089802130898,0.032407407407407406,0.0499219968798752,0.006700167504187605,0.06209150326797386,0.05368098159509203,0.05368098159509203,0.014263074484944533,0.028273809523809524,0.009819967266775777,0.03389830508474576,0.07296849087893864,0.012364760432766615,0.026687598116169546,0.01483679525222552,0.026143790849673203,0.004784688995215311,0.011111111111111112,0.015384615384615385,0.044753086419753084,0.040372670807453416,0.04411764705882353,0.012658227848101266,0.13838550247116968,0.029185867895545316,0.01232394366197183,0.016722408026755852,0.1642512077294686,0.04938271604938271,0.036923076923076927,0.013289036544850499,0.0440251572327044,0.0096,0.020066889632107024,0.036243822075782535,0.015384615384615385,0.031096563011456628,0.032679738562091505,0.016591251885369532,0.08253968253968254,0.012779552715654952,0.06158833063209076,0.01957585644371941,0.046224961479198766,0.06422018348623854,0.012102874432677761,0.06743421052631579,0.03298350824587706,0.026604068857589983,0.08,0.040372670807453416,0.012558869701726845,0.03993344425956739,0.03134796238244514,0.015082956259426848,0.04111842105263158,0.035175879396984924,0.06821705426356589,0.03395585738539898,0.009836065573770493,0.027960526315789474,0.050080775444264945,0.0416,0.0016339869281045752,0.02384737678855326,0.04936305732484077
