Time,age_start,age_end,measure,draw_0,draw_1,draw_2,draw_3,draw_4,draw_5,draw_6,draw_7,draw_8,draw_9,draw_10,draw_11,draw_12,draw_13,draw_14,draw_15,draw_16,draw_17,draw_18,draw_19,draw_20,draw_21,draw_22,draw_23,draw_24,draw_25,draw_26,draw_27,draw_28,draw_29,draw_30,draw_31,draw_32,draw_33,draw_34,draw_35,draw_36,draw_37,draw_38,draw_39,draw_40,draw_41,draw_42,draw_43,draw_44,draw_45,draw_46,draw_47,draw_48,draw_49,draw_50,draw_51,draw_52,draw_53,draw_54,draw_55,draw_56,draw_57,draw_58,draw_59,draw_60,draw_61,draw_62,draw_63,draw_64,draw_65,draw_66,draw_67,draw_68,draw_69,draw_70,draw_71,draw_72,draw_73,draw_74,draw_75,draw_76,draw_77,draw_78,draw_79,draw_80,draw_81,draw_82,draw_83,draw_84,draw_85,draw_86,draw_87,draw_88,draw_89,draw_90,draw_91,draw_92,draw_93,draw_94,draw_95,draw_96,draw_97,draw_98,draw_99,draw_100,draw_101,draw_102,draw_103,draw_104,draw_105,draw_106,draw_107,draw_108,draw_109,draw_110,draw_111,draw_112,draw_113,draw_114,draw_115,draw_116,draw_117,draw_118,draw_119,draw_120,draw_121,draw_122,draw_123,draw_124,draw_125,draw_126,draw_127,draw_128,draw_129,draw_130,draw_131,draw_132,draw_133,draw_134,draw_135,draw_136,draw_137,draw_138,draw_139,draw_140,draw_141,draw_142,draw_143,draw_144,draw_145,draw_146,draw_147,draw_148,draw_149,draw_150,draw_151,draw_152,draw_153,draw_154,draw_155,draw_156,draw_157,draw_158,draw_159,draw_160,draw_161,draw_162,draw_163,draw_164,draw_165,draw_166,draw_167,draw_168,draw_169,draw_170,draw_171,draw_172,draw_173,draw_174,draw_175,draw_176,draw_177,draw_178,draw_179,draw_180,draw_181,draw_182,draw_183,draw_184,draw_185,draw_186,draw_187,draw_188,draw_189,draw_190,draw_191,draw_192,draw_193,draw_194,draw_195,draw_196,draw_197,draw_198,draw_199
1996,1,9,prevalence,0.2740963855421687,0.34858044164037855,0.19269102990033224,0.2850609756097561,0.2555205047318612,0.22682119205298013,0.23427672955974843,0.23700305810397554,0.17425431711145997,0.2995169082125604,0.1508828250401284,0.2503987240829346,0.24283559577677225,0.24283559577677225,0.27503974562798095,0.1787974683544304,0.271875,0.2358490566037736,0.20414673046251994,0.23030303030303031,0.17455138662316477,0.40476190476190477,0.2085987261146497,0.22052067381316998,0.18396226415094338,0.26479750778816197,0.2717219589257504,0.2903225806451613,0.23397435897435898,0.23903177004538578,0.2605421686746988,0.06987577639751552,0.04662379421221865,0.2895927601809955,0.21452702702702703,0.18935837245696402,0.1404320987654321,0.27704918032786885,0.2773497688751926,0.30385852090032156,0.13673805601317957,0.23795180722891565,0.20417287630402384,0.21904761904761905,0.1871069182389937,0.2575039494470774,0.23420647149460708,0.22981366459627328,0.23423423423423423,0.16951788491446346,0.11181102362204724,0.1237785016286645,0.2857142857142857,0.16930379746835442,0.16747181964573268,0.330173775671406,0.16765578635014836,0.15698587127158556,0.18974358974358974,0.20674486803519063,0.2471590909090909,0.16584564860426929,0.20398773006134968,0.23511904761904762,0.22508038585209003,0.24,0.33440514469453375,0.2706645056726094,0.2780487804878049,0.2204724409448819,0.273972602739726,0.24074074074074073,0.1430635838150289,0.1597444089456869,0.2180327868852459,0.19879518072289157,0.37694704049844235,0.2329192546583851,0.2220496894409938,0.15479876160990713,0.2398753894080997,0.16614906832298137,0.17467948717948717,0.262015503875969,0.25162337662337664,0.22686567164179106,0.25273010920436817,0.20465890183028287,0.20063694267515925,0.1347068145800317,0.13680781758957655,0.28,0.2073529411764706,0.36906584992343033,0.2652388797364086,0.24382207578253706,0.09163987138263666,0.0861244019138756,0.234375,0.364741641337386,0.2780487804878049,0.24803767660910517,0.3225806451612903,0.21483771251931993,0.19674556213017752,0.2039573820395738,0.3029259896729776,0.18055555555555555,0.24224519940915806,0.25477707006369427,0.2611570247933884,0.3070739549839228,0.22003034901365706,0.29572649572649573,0.21921921921921922,0.28452579034941766,0.19659442724458204,0.12946428571428573,0.3113673805601318,0.22993827160493827,0.27344992050874406,0.08647798742138364,0.2733118971061093,0.2950310559006211,0.30434782608695654,0.3711507293354943,0.12713178294573643,0.26614173228346455,0.28417818740399386,0.25555555555555554,0.2625,0.2538940809968847,0.2522255192878338,0.28503937007874014,0.2188976377952756,0.1646153846153846,0.21674140508221226,0.26635514018691586,0.1925566343042071,0.24433656957928804,0.25190839694656486,0.16506410256410256,0.2723146747352496,0.3166144200626959,0.3092105263157895,0.3059360730593607,0.18799368088467613,0.248868778280543,0.24871355060034306,0.3079268292682927,0.12277867528271405,0.2863636363636364,0.21197411003236247,0.20030581039755352,0.23308270676691728,0.21617161716171618,0.22434017595307917,0.3312302839116719,0.10819165378670788,0.1536,0.25161290322580643,0.21417565485362094,0.17546583850931677,0.2942989214175655,0.21518987341772153,0.2909967845659164,0.2973856209150327,0.2241112828438949,0.12741935483870967,0.21621621621621623,0.1645367412140575,0.22295081967213115,0.304,0.1308980213089802,0.31504702194357365,0.12087912087912088,0.14354066985645933,0.2839313572542902,0.1782178217821782,0.1545595054095827,0.4247226624405705,0.31784107946026985,0.27197346600331673,0.3719512195121951,0.254606365159129,0.2544,0.2520193861066236,0.2512315270935961,0.21996879875195008,0.19158878504672897,0.2031496062992126,0.17656765676567657,0.2857142857142857,0.1819571865443425,0.22110552763819097,0.21518987341772153,0.2375,0.24261275272161742,0.3400673400673401,0.23089700996677742
1997,1,9,prevalence,0.23567921440261866,0.28716216216216217,0.30132450331125826,0.2,0.2870514820592824,0.25989672977624784,0.23294509151414308,0.26742301458670986,0.22698412698412698,0.2784184514003295,0.13468013468013468,0.23051409618573798,0.2632398753894081,0.2632398753894081,0.3209076175040519,0.29260450160771706,0.25636942675159236,0.312,0.2940226171243942,0.2643312101910828,0.28209459459459457,0.3761904761904762,0.15953947368421054,0.2757009345794392,0.1510673234811166,0.327212020033389,0.3239669421487603,0.3333333333333333,0.28498293515358364,0.2213375796178344,0.3165354330708661,0.10128617363344052,0.028286189683860232,0.327217125382263,0.2687813021702838,0.20097244732576985,0.15517241379310345,0.2579034941763727,0.24794745484400657,0.42016806722689076,0.17537942664418213,0.2732919254658385,0.27009646302250806,0.2639344262295082,0.12057877813504823,0.21166666666666667,0.23557692307692307,0.2682926829268293,0.19423368740515934,0.2562893081761006,0.11145510835913312,0.12861736334405144,0.23176661264181522,0.15814696485623003,0.2955665024630542,0.2988871224165342,0.15079365079365079,0.16917922948073702,0.22621184919210055,0.14992272024729522,0.2638680659670165,0.21105527638190955,0.2805071315372425,0.3171875,0.2436548223350254,0.3333333333333333,0.3590163934426229,0.2866666666666667,0.23217247097844113,0.2627388535031847,0.27586206896551724,0.22641509433962265,0.2548435171385991,0.24437299035369775,0.2916666666666667,0.2562111801242236,0.3926282051282051,0.270935960591133,0.24958123953098826,0.2141732283464567,0.2539432176656151,0.12560386473429952,0.20491803278688525,0.27580645161290324,0.2955665024630542,0.28526148969889065,0.3283333333333333,0.2926829268292683,0.2245557350565428,0.31825795644891125,0.19224283305227655,0.262992125984252,0.28593272171253825,0.33386581469648563,0.3011456628477905,0.23130434782608697,0.07859531772575251,0.1270358306188925,0.2724458204334365,0.35857805255023184,0.3197969543147208,0.2980769230769231,0.31587301587301586,0.25,0.2453416149068323,0.2512,0.36200716845878134,0.23734177215189872,0.3212669683257919,0.21197411003236247,0.282793867120954,0.31006493506493504,0.3427230046948357,0.3951890034364261,0.20763358778625954,0.28717948717948716,0.24838709677419354,0.15275590551181104,0.3277591973244147,0.255663430420712,0.38461538461538464,0.1305732484076433,0.26121794871794873,0.281055900621118,0.44299674267100975,0.40098199672667756,0.15311004784688995,0.3092948717948718,0.21316614420062696,0.3166397415185784,0.24835526315789475,0.3716535433070866,0.27386541471048514,0.32220367278797996,0.28044871794871795,0.15047021943573669,0.16257668711656442,0.2604340567612688,0.24414715719063546,0.2441860465116279,0.2893081761006289,0.18506493506493507,0.2822966507177033,0.24835526315789475,0.28760330578512394,0.25118483412322273,0.17896389324960754,0.21644295302013422,0.27538726333907054,0.27874015748031494,0.1098546042003231,0.1968,0.21661237785016288,0.1805111821086262,0.13836477987421383,0.1821247892074199,0.2635542168674699,0.2833333333333333,0.14991762767710048,0.2022653721682848,0.2624,0.2289348171701113,0.20163934426229507,0.33554817275747506,0.31329113924050633,0.3025210084033613,0.288107202680067,0.3311367380560132,0.18433931484502447,0.1875,0.1461794019933555,0.27768595041322314,0.3197969543147208,0.2169811320754717,0.2857142857142857,0.10725552050473186,0.2743801652892562,0.23492063492063492,0.14554794520547945,0.19237147595356552,0.3042071197411003,0.25656877897990726,0.27454242928452577,0.2953125,0.35084745762711866,0.2701342281879195,0.38023450586264657,0.24581939799331104,0.2403846153846154,0.2599337748344371,0.16535433070866143,0.19666666666666666,0.2864406779661017,0.12748344370860928,0.3333333333333333,0.2455573505654281,0.18211920529801323,0.2633333333333333,0.31958762886597936,0.3062283737024221
1998,1,9,prevalence,0.24750830564784054,0.2529118136439268,0.34591194968553457,0.19334389857369255,0.29275808936825887,0.25734024179620035,0.24581939799331104,0.2692307692307692,0.2892690513219285,0.2327150084317032,0.19170984455958548,0.24958677685950414,0.1805111821086262,0.1805111821086262,0.2947882736156352,0.3088235294117647,0.16850393700787403,0.2696629213483146,0.2988691437802908,0.23937007874015748,0.3102866779089376,0.26749611197511663,0.16586921850079744,0.26160990712074306,0.1454248366013072,0.28501628664495116,0.33056478405315615,0.2936378466557912,0.3400673400673401,0.21800947867298578,0.25227963525835867,0.14710743801652892,0.041379310344827586,0.3135464231354642,0.2193126022913257,0.22607260726072606,0.18107667210440456,0.2463295269168026,0.18681318681318682,0.2736660929432014,0.2854838709677419,0.2807017543859649,0.2924071082390953,0.2602965403624382,0.09135399673735727,0.17529215358931552,0.27741935483870966,0.2,0.22650231124807396,0.30537974683544306,0.10823170731707317,0.09584664536741214,0.17313915857605178,0.24798711755233493,0.3241491085899514,0.28527131782945736,0.22712933753943218,0.2119205298013245,0.2972027972027972,0.1891891891891892,0.2503793626707132,0.2668977469670711,0.1987179487179487,0.3105095541401274,0.2571912013536379,0.411864406779661,0.3504,0.18646864686468648,0.18770226537216828,0.31655844155844154,0.2765957446808511,0.23240589198036007,0.3632286995515695,0.30483870967741933,0.3609271523178808,0.3188622754491018,0.30842607313195547,0.3160453808752026,0.2656,0.215748031496063,0.2903225806451613,0.17004680187207488,0.36089030206677264,0.35618729096989965,0.3116883116883117,0.26688102893890675,0.3440134907251265,0.2670157068062827,0.28183361629881154,0.43243243243243246,0.28793103448275864,0.1990521327014218,0.3355263157894737,0.3032258064516129,0.28525641025641024,0.17513134851138354,0.0839041095890411,0.2369281045751634,0.3016845329249617,0.23208722741433022,0.28903654485049834,0.25039619651347067,0.3232484076433121,0.3442088091353997,0.27035330261136714,0.23222748815165878,0.3239929947460595,0.2560386473429952,0.3256880733944954,0.2155887230514096,0.32558139534883723,0.3167202572347267,0.37888198757763975,0.3440134907251265,0.27565084226646247,0.3152542372881356,0.30528052805280526,0.15746753246753248,0.27009646302250806,0.3014827018121911,0.3017241379310345,0.19682539682539682,0.305111821086262,0.24761904761904763,0.3058252427184466,0.3070607553366174,0.18660287081339713,0.30130293159609123,0.205607476635514,0.24401913875598086,0.19630872483221476,0.32954545454545453,0.25076923076923074,0.2800687285223368,0.30258899676375406,0.1895734597156398,0.12695924764890282,0.21393034825870647,0.30132450331125826,0.21652892561983472,0.25821596244131456,0.248,0.3172302737520129,0.18040435458786935,0.2904761904761905,0.2620904836193448,0.19480519480519481,0.18227424749163879,0.1958762886597938,0.2539432176656151,0.19439868204283361,0.19614147909967847,0.17170111287758347,0.10823909531502424,0.17065868263473055,0.23887973640856672,0.261136712749616,0.27166666666666667,0.2604501607717042,0.2632450331125828,0.22585669781931464,0.21647819063004847,0.20888157894736842,0.24257425742574257,0.33229813664596275,0.24067796610169492,0.2593220338983051,0.30528052805280526,0.28642384105960267,0.19682539682539682,0.1399662731871838,0.30793650793650795,0.2928082191780822,0.3426356589147287,0.24401913875598086,0.10679611650485436,0.2369281045751634,0.21800947867298578,0.11538461538461539,0.22350993377483444,0.26688102893890675,0.3142414860681115,0.25742574257425743,0.20031545741324921,0.3547854785478548,0.23960066555740434,0.31925675675675674,0.17200674536256325,0.21753246753246752,0.2646566164154104,0.12422360248447205,0.21393034825870647,0.2795341098169717,0.1644518272425249,0.3287904599659284,0.2533112582781457,0.1644295302013423,0.27704918032786885,0.25,0.32167832167832167
1999,1,9,prevalence,0.3656093489148581,0.2159090909090909,0.2608,0.15161290322580645,0.23839009287925697,0.3174061433447099,0.23393739703459637,0.2903225806451613,0.38087774294670845,0.2597864768683274,0.15332197614991483,0.2725806451612903,0.1924342105263158,0.1924342105263158,0.2912,0.2743801652892562,0.21020092735703247,0.21844660194174756,0.23870967741935484,0.22098569157392686,0.3547297297297297,0.2762345679012346,0.13517915309446255,0.2672955974842767,0.23076923076923078,0.2527821939586645,0.24625623960066556,0.23140495867768596,0.26506024096385544,0.19968051118210864,0.2724458204334365,0.17927631578947367,0.03716814159292035,0.25188536953242835,0.25295109612141653,0.25463743676222594,0.2770700636942675,0.27053140096618356,0.1700787401574803,0.2545454545454545,0.4820261437908497,0.31921824104234525,0.27435064935064934,0.24333333333333335,0.06862745098039216,0.12436974789915967,0.29497568881685576,0.12286158631415241,0.2146118721461187,0.31931464174454827,0.0959119496855346,0.07234726688102894,0.22366288492706646,0.334384858044164,0.26570048309178745,0.21428571428571427,0.26106870229007634,0.25795644891122277,0.3663194444444444,0.15445859872611464,0.2861685214626391,0.4266666666666667,0.16826923076923078,0.27403846153846156,0.22071307300509338,0.33553719008264465,0.292259083728278,0.12520064205457465,0.18181818181818182,0.30048465266558966,0.21070234113712374,0.21617161716171618,0.2690513219284603,0.2698412698412698,0.3239202657807309,0.3148148148148148,0.2763578274760383,0.37251655629139074,0.32903225806451614,0.1987281399046105,0.2785829307568438,0.24416796267496113,0.33172302737520126,0.2582236842105263,0.2947882736156352,0.2,0.3003412969283277,0.18697829716193656,0.2900505902192243,0.3850085178875639,0.3606837606837607,0.25039619651347067,0.28852459016393445,0.23854660347551343,0.22082018927444794,0.14285714285714285,0.03866432337434095,0.3234323432343234,0.28012519561815336,0.14263074484944532,0.24110032362459546,0.23333333333333334,0.26996805111821087,0.31160572337042924,0.1702127659574468,0.16718266253869968,0.2933104631217839,0.2759170653907496,0.29893778452200304,0.18831168831168832,0.31992687385740404,0.2692307692307692,0.27884615384615385,0.2964824120603015,0.26275115919629055,0.2943089430894309,0.32019704433497537,0.22719734660033167,0.2144,0.3060556464811784,0.26666666666666666,0.26910828025477707,0.3113207547169811,0.24512987012987014,0.20627062706270627,0.24750830564784054,0.21870047543581617,0.24121405750798722,0.18454258675078863,0.2180327868852459,0.14052287581699346,0.27346278317152106,0.21069182389937108,0.30033557046979864,0.23824959481361427,0.21578099838969403,0.1568,0.23255813953488372,0.2708333333333333,0.15754560530679934,0.2113323124042879,0.28169014084507044,0.25,0.18124006359300476,0.2368839427662957,0.25273010920436817,0.19256756756756757,0.17833333333333334,0.2229965156794425,0.23501577287066247,0.31986531986531985,0.17781402936378465,0.2966507177033493,0.05161290322580645,0.22796352583586627,0.216,0.24416796267496113,0.17706576728499157,0.252442996742671,0.24058919803600654,0.2819314641744548,0.20385232744783308,0.2901639344262295,0.14967105263157895,0.25609756097560976,0.18274111675126903,0.2833607907742998,0.23355263157894737,0.2972027972027972,0.164576802507837,0.1893687707641196,0.29093799682034976,0.34175084175084175,0.47702060221870046,0.14796747967479676,0.11935483870967742,0.18555008210180624,0.23454833597464342,0.12542372881355932,0.2427843803056027,0.2467741935483871,0.30483870967741933,0.24098360655737705,0.18425196850393702,0.27722772277227725,0.24422442244224424,0.2779605263157895,0.20168067226890757,0.09061488673139159,0.1989795918367347,0.14176829268292682,0.26158940397350994,0.23166666666666666,0.20228384991843393,0.3117744610281924,0.2836065573770492,0.19145299145299147,0.26742301458670986,0.2545757071547421,0.32142857142857145
2000,1,9,prevalence,0.37318255250403876,0.16802610114192496,0.2148626817447496,0.1288244766505636,0.17546583850931677,0.3240418118466899,0.19935691318327975,0.22096774193548388,0.33649289099526064,0.31643356643356646,0.1323283082077052,0.2566929133858268,0.16225165562913907,0.16225165562913907,0.27948303715670436,0.2894736842105263,0.2379471228615863,0.18225039619651348,0.2188006482982172,0.2052877138413686,0.27424749163879597,0.19032761310452417,0.08647798742138364,0.23263327948303716,0.2009966777408638,0.1755485893416928,0.2854757929883139,0.2838499184339315,0.21621621621621623,0.2911392405063291,0.26046511627906976,0.1757188498402556,0.03577512776831346,0.2084592145015106,0.28502415458937197,0.24067796610169492,0.3187702265372168,0.254746835443038,0.13195548489666137,0.2455573505654281,0.3905996758508914,0.3058252427184466,0.2733224222585925,0.2003338898163606,0.07394957983193277,0.09703947368421052,0.28664495114006516,0.15580286168521462,0.2015748031496063,0.24386503067484663,0.08681672025723473,0.05787781350482315,0.34,0.3503184713375796,0.20302013422818793,0.2267080745341615,0.3048780487804878,0.31596091205211724,0.39168110918544197,0.13666666666666666,0.3953488372093023,0.2807308970099668,0.15048543689320387,0.2532258064516129,0.193717277486911,0.22852512155591573,0.3265940902021773,0.2054140127388535,0.19623233908948196,0.23927392739273928,0.26554621848739496,0.2033898305084746,0.24367088607594936,0.27848101265822783,0.2809364548494983,0.267515923566879,0.2173228346456693,0.3247588424437299,0.23289902280130292,0.21144674085850557,0.23452768729641693,0.32473444613050073,0.3225806451612903,0.19224555735056542,0.2623762376237624,0.15676567656765678,0.23460898502495842,0.19933554817275748,0.27712854757929883,0.3260135135135135,0.2967409948542024,0.26802507836990597,0.1616,0.278816199376947,0.17452830188679244,0.11795774647887323,0.055944055944055944,0.3042763157894737,0.21996879875195008,0.11961722488038277,0.18226600985221675,0.21428571428571427,0.24371069182389937,0.22749590834697217,0.13009404388714735,0.1419939577039275,0.23469387755102042,0.22549019607843138,0.2790346907993967,0.2115702479338843,0.28321678321678323,0.21986970684039087,0.19585987261146498,0.19672131147540983,0.2389649923896499,0.23164763458401305,0.26785714285714285,0.2956810631229236,0.19626168224299065,0.24201680672268908,0.18561872909698995,0.2764227642276423,0.25442834138486314,0.21236133122028525,0.12186978297161936,0.18983050847457628,0.18769230769230769,0.20398009950248755,0.1778846153846154,0.14453781512605043,0.13658536585365855,0.19540229885057472,0.2334384858044164,0.26359143327841844,0.19630872483221476,0.23778501628664495,0.18949044585987262,0.21967213114754097,0.21548821548821548,0.19767441860465115,0.1822429906542056,0.28996865203761757,0.2077922077922078,0.17014446227929375,0.18441971383147854,0.20280811232449297,0.19402985074626866,0.17003367003367004,0.26444833625218916,0.22535211267605634,0.3500837520938023,0.13517915309446255,0.3977812995245642,0.03943217665615142,0.1943620178041543,0.26324237560192615,0.2830188679245283,0.19435215946843853,0.2483221476510067,0.22185970636215335,0.2234375,0.17828200972447325,0.2159468438538206,0.10833333333333334,0.2178517397881997,0.20327868852459016,0.2971246006389776,0.17647058823529413,0.2508591065292096,0.1509433962264151,0.23154362416107382,0.2484472049689441,0.3027375201288245,0.3864734299516908,0.11620294599018004,0.13195548489666137,0.156957928802589,0.18040435458786935,0.12248322147651007,0.18890814558058924,0.247244094488189,0.26580226904376014,0.22950819672131148,0.1968503937007874,0.21958925750394945,0.22508038585209003,0.22564935064935066,0.18959731543624161,0.08095238095238096,0.24705882352941178,0.09576138147566719,0.33167495854063017,0.2826086956521739,0.2,0.23624595469255663,0.270935960591133,0.2239057239057239,0.24796084828711257,0.31810490693739424,0.27256637168141595
2001,1,9,prevalence,0.33828382838283827,0.17696160267111852,0.2003257328990228,0.14331210191082802,0.19783616692426584,0.31382978723404253,0.25895765472312704,0.19623233908948196,0.2715654952076677,0.3421516754850088,0.08514190317195326,0.33965244865718797,0.21947194719471946,0.21947194719471946,0.219435736677116,0.27732463295269166,0.2273449920508744,0.13694267515923567,0.2725806451612903,0.13679245283018868,0.1723027375201288,0.189792663476874,0.0825242718446602,0.1642512077294686,0.2461799660441426,0.11556240369799692,0.23140495867768596,0.23801652892561984,0.19087837837837837,0.32019704433497537,0.27811550151975684,0.21829855537720708,0.0686106346483705,0.12684365781710916,0.21935483870967742,0.3663865546218487,0.305111821086262,0.1884297520661157,0.08675078864353312,0.32371794871794873,0.22875816993464052,0.2049586776859504,0.17744610281923714,0.26480263157894735,0.07081174438687392,0.1116751269035533,0.2750809061488673,0.1608832807570978,0.11021069692058347,0.22136222910216719,0.07954545454545454,0.061389337641357025,0.37520938023450584,0.2940226171243942,0.17525773195876287,0.17901234567901234,0.2780337941628264,0.2702702702702703,0.2864406779661017,0.11986301369863013,0.26981450252951095,0.20915032679738563,0.19047619047619047,0.20684292379471228,0.196113074204947,0.21197411003236247,0.2837209302325581,0.2631578947368421,0.16164817749603805,0.18870967741935485,0.21202003338898165,0.19289340101522842,0.20125786163522014,0.24558587479935795,0.1973018549747049,0.2689210950080515,0.17061611374407584,0.27823240589198034,0.23483670295489892,0.29079159935379645,0.2625418060200669,0.353030303030303,0.2369281045751634,0.13614262560777957,0.2495921696574225,0.17699115044247787,0.28760330578512394,0.20132013201320131,0.33164983164983164,0.23618090452261306,0.25906735751295334,0.2762063227953411,0.1179245283018868,0.25745682888540034,0.17777777777777778,0.09982174688057041,0.06890459363957598,0.2564516129032258,0.1971153846153846,0.09120521172638436,0.18092105263157895,0.25487012987012986,0.23442622950819672,0.2202572347266881,0.10776545166402536,0.16257668711656442,0.2585034013605442,0.21018062397372742,0.19672131147540983,0.21647819063004847,0.28063943161634103,0.3268608414239482,0.15457413249211358,0.21217105263157895,0.17620481927710843,0.27543035993740217,0.22185970636215335,0.1939799331103679,0.20219435736677116,0.2492063492063492,0.22042139384116693,0.184375,0.1891025641025641,0.19329073482428116,0.09634551495016612,0.13213703099510604,0.2236024844720497,0.19591141396933562,0.2251968503937008,0.12919463087248323,0.21182266009852216,0.2611464968152866,0.2528,0.1886178861788618,0.14332784184514002,0.2689210950080515,0.20128824476650564,0.1859706362153344,0.18588640275387264,0.19699499165275458,0.18995290423861852,0.23547400611620795,0.21951219512195122,0.12868217054263567,0.2310126582278481,0.15432098765432098,0.1614497528830313,0.1825938566552901,0.21228070175438596,0.23088923556942278,0.367003367003367,0.11056105610561057,0.3154471544715447,0.049766718506998445,0.20451127819548873,0.25121555915721233,0.26365054602184085,0.20398009950248755,0.23102310231023102,0.1588628762541806,0.24921135646687698,0.2553191489361702,0.21140939597315436,0.11447811447811448,0.23404255319148937,0.25283630470016205,0.36918138041733545,0.14408233276157806,0.23211169284467714,0.11980830670926518,0.2564102564102564,0.17398119122257052,0.348159509202454,0.3257328990228013,0.1072,0.13078149920255183,0.14469453376205788,0.14803625377643503,0.08637873754152824,0.20203735144312393,0.20695102685624012,0.23414634146341465,0.2545454545454545,0.2808988764044944,0.23427672955974843,0.1968,0.2097560975609756,0.1694915254237288,0.10161290322580645,0.26865671641791045,0.05623100303951368,0.32838283828382836,0.27980132450331124,0.17886178861788618,0.1758957654723127,0.2020033388981636,0.2197986577181208,0.1772357723577236,0.2747068676716918,0.24915254237288137
2002,1,9,prevalence,0.28642384105960267,0.23444976076555024,0.1941747572815534,0.12292358803986711,0.16539050535987748,0.271304347826087,0.2534246575342466,0.13836477987421383,0.13099041533546327,0.28422876949740034,0.10086956521739131,0.2807570977917981,0.2016,0.2016,0.2132701421800948,0.28452579034941766,0.20545746388443017,0.1060126582278481,0.2427652733118971,0.13942307692307693,0.13385826771653545,0.17465224111282843,0.1189710610932476,0.14960629921259844,0.1956882255389718,0.14130434782608695,0.20292207792207792,0.2568218298555377,0.17421602787456447,0.27545909849749584,0.2357473035439137,0.3579454253611557,0.07563025210084033,0.11976047904191617,0.17017828200972449,0.253781512605042,0.21462639109697934,0.14035087719298245,0.059282371294851796,0.23014586709886548,0.15210355987055016,0.15577889447236182,0.1388888888888889,0.2986798679867987,0.05317324185248713,0.11371237458193979,0.20458265139116202,0.17713365539452497,0.119281045751634,0.14264264264264265,0.053691275167785234,0.04006410256410257,0.3560732113144759,0.25656877897990726,0.17677642980935876,0.24572317262830481,0.19718309859154928,0.22086956521739132,0.2268041237113402,0.0893760539629005,0.30354131534569984,0.16155088852988692,0.24440894568690097,0.17138364779874213,0.21601489757914338,0.20064724919093851,0.2153846153846154,0.28525641025641024,0.21405750798722045,0.14748784440842788,0.26455906821963393,0.20707070707070707,0.15213946117274169,0.22468354430379747,0.12479201331114809,0.20627062706270627,0.19306930693069307,0.33814102564102566,0.215311004784689,0.2052980132450331,0.3140916808149406,0.27344992050874406,0.14402618657937807,0.18660287081339713,0.19141914191419143,0.11472602739726027,0.20608108108108109,0.210016155088853,0.2596964586846543,0.21915584415584416,0.22350993377483444,0.2218487394957983,0.0768025078369906,0.184,0.21112929623567922,0.09598603839441536,0.06537102473498234,0.15609756097560976,0.18459069020866772,0.13122923588039867,0.19,0.24342105263157895,0.23817034700315456,0.15711947626841244,0.07223113964686999,0.12578616352201258,0.2533783783783784,0.20684039087947884,0.13145539906103287,0.20634920634920634,0.24253075571177504,0.3211920529801324,0.1253968253968254,0.21368948247078465,0.2798165137614679,0.27602523659305994,0.20189274447949526,0.20465890183028287,0.2224025974025974,0.20192307692307693,0.2391653290529695,0.15136876006441224,0.16850393700787403,0.22019867549668873,0.0823327615780446,0.10606060606060606,0.2432,0.21166666666666667,0.24766355140186916,0.1433389544688027,0.17868852459016393,0.2115987460815047,0.18883415435139572,0.12238325281803543,0.17517006802721088,0.2727272727272727,0.1658119658119658,0.1716171617161716,0.20238095238095238,0.23267326732673269,0.18679549114331723,0.21840873634945399,0.16260162601626016,0.10668789808917198,0.1993517017828201,0.16978193146417445,0.13,0.21858864027538727,0.25257731958762886,0.22508038585209003,0.25950413223140495,0.09797297297297297,0.21428571428571427,0.0490506329113924,0.172859450726979,0.20701168614357263,0.2898773006134969,0.20261437908496732,0.20439189189189189,0.11639344262295082,0.23809523809523808,0.21658206429780033,0.19796954314720813,0.1490787269681742,0.17700453857791226,0.3248407643312102,0.32682926829268294,0.12086092715231789,0.16134453781512606,0.15433070866141732,0.2842465753424658,0.12074303405572756,0.26604068857589985,0.2555205047318612,0.13861386138613863,0.1551155115511551,0.15867768595041323,0.14814814814814814,0.06611570247933884,0.151618398637138,0.14106583072100312,0.2459016393442623,0.2159468438538206,0.2995319812792512,0.20911949685534592,0.24165341812400637,0.2273449920508744,0.18288590604026847,0.11165048543689321,0.30066445182724255,0.03918495297805643,0.24493243243243243,0.24292845257903495,0.14869281045751634,0.1864406779661017,0.15091210613598674,0.1955403087478559,0.1614497528830313,0.30983606557377047,0.2835820895522388
2003,1,9,prevalence,0.21122112211221122,0.2834138486312399,0.15118110236220472,0.057947019867549666,0.1780185758513932,0.20458553791887124,0.25249169435215946,0.17795275590551182,0.12682926829268293,0.27652173913043476,0.0823327615780446,0.234472049689441,0.19592476489028213,0.19592476489028213,0.17845659163987138,0.24165341812400637,0.19101123595505617,0.11961722488038277,0.19709208400646203,0.10310965630114566,0.09472049689440994,0.18683001531393567,0.14759535655058043,0.15235008103727715,0.24161073825503357,0.167192429022082,0.23174603174603176,0.22347266881028938,0.16666666666666666,0.2474747474747475,0.26348228043143296,0.30655737704918035,0.095,0.1268882175226586,0.13980263157894737,0.21885521885521886,0.1728,0.1282051282051282,0.1263823064770932,0.21518987341772153,0.17792421746293247,0.1273031825795645,0.17491749174917492,0.27168576104746317,0.078125,0.15384615384615385,0.24283305227655985,0.1744186046511628,0.125,0.09327217125382263,0.05564648117839607,0.03776683087027915,0.24161073825503357,0.17628705148205928,0.17421602787456447,0.2966507177033493,0.13136288998357964,0.10424028268551237,0.205,0.12542372881355932,0.2899022801302932,0.16150081566068517,0.17313915857605178,0.18152866242038215,0.20987654320987653,0.1664,0.22565687789799072,0.26688102893890675,0.18548387096774194,0.1273344651952462,0.23278688524590163,0.24242424242424243,0.16747967479674797,0.1751592356687898,0.11783960720130933,0.2086677367576244,0.21,0.287758346581876,0.1568,0.128500823723229,0.2504258943781942,0.19175911251980982,0.1291390728476821,0.17398373983739837,0.18451400329489293,0.13445378151260504,0.2086677367576244,0.26825396825396824,0.18801996672212978,0.14705882352941177,0.16943521594684385,0.20282186948853614,0.06869009584664537,0.17927631578947367,0.20941558441558442,0.14513274336283186,0.08813559322033898,0.15847860538827258,0.20893141945773525,0.17218543046357615,0.13911620294599017,0.22388059701492538,0.21231766612641814,0.13366336633663367,0.06230031948881789,0.10236220472440945,0.22084805653710246,0.2081967213114754,0.08864696734059098,0.18035426731078905,0.2879045996592845,0.23711340206185566,0.13953488372093023,0.20364238410596028,0.1765625,0.26291079812206575,0.18808777429467086,0.2119205298013245,0.23076923076923078,0.14096185737976782,0.24883359253499224,0.12441679626749612,0.12025316455696203,0.22129783693843594,0.0625,0.11311475409836065,0.25157232704402516,0.178752107925801,0.28100470957613816,0.13194444444444445,0.20826446280991737,0.19195046439628483,0.14853195164075994,0.12315270935960591,0.10792580101180438,0.2263843648208469,0.14473684210526316,0.12984822934232715,0.22961730449251247,0.3024390243902439,0.233278955954323,0.21978021978021978,0.15210355987055016,0.09577922077922078,0.215962441314554,0.14992272024729522,0.14052287581699346,0.21768707482993196,0.27677100494233936,0.2805071315372425,0.19547657512116318,0.14646464646464646,0.1674641148325359,0.10754414125200643,0.1360655737704918,0.13468013468013468,0.26160990712074306,0.22010398613518198,0.15851602023608768,0.11505922165820642,0.20161290322580644,0.23809523809523808,0.1652892561983471,0.13810316139767054,0.1332312404287902,0.29439252336448596,0.287375415282392,0.13452188006482982,0.14093959731543623,0.2445141065830721,0.25811965811965815,0.16486902927580893,0.234472049689441,0.27330173775671407,0.17733990147783252,0.19805194805194806,0.1847649918962723,0.2208398133748056,0.0978441127694859,0.18135593220338983,0.0717628705148206,0.2222222222222222,0.24786324786324787,0.284789644012945,0.19085173501577288,0.25118483412322273,0.15527950310559005,0.163575042158516,0.10942760942760943,0.300163132137031,0.03610675039246468,0.23618090452261306,0.2569558101472995,0.1454248366013072,0.18530884808013356,0.11437908496732026,0.18262411347517732,0.16013071895424835,0.24082934609250398,0.2680921052631579
2004,1,9,prevalence,0.2140468227424749,0.3193548387096774,0.12307692307692308,0.09547738693467336,0.17492260061919504,0.18974358974358974,0.19224283305227655,0.2087378640776699,0.07419898819561552,0.3087248322147651,0.09,0.17665130568356374,0.1890145395799677,0.1890145395799677,0.1648,0.24044585987261147,0.168,0.12175324675324675,0.20278637770897834,0.08666666666666667,0.10835913312693499,0.15813953488372093,0.125,0.2144,0.31475409836065577,0.20253164556962025,0.27483443708609273,0.2003257328990228,0.1540983606557377,0.1318864774624374,0.27330173775671407,0.2646566164154104,0.15084745762711865,0.1296875,0.11182108626198083,0.209106239460371,0.17447495961227788,0.15483870967741936,0.18870967741935485,0.2042483660130719,0.1447587354409318,0.165,0.19763513513513514,0.26904376012965964,0.13556338028169015,0.2028985507246377,0.3274478330658106,0.19601328903654486,0.13186813186813187,0.09076682316118936,0.08196721311475409,0.04477611940298507,0.21207177814029363,0.18454258675078863,0.2098976109215017,0.24503311258278146,0.10327868852459017,0.13427561837455831,0.16910569105691056,0.13643926788685523,0.28213689482470783,0.16282894736842105,0.19585987261146498,0.15495207667731628,0.18466898954703834,0.1407528641571195,0.15821812596006143,0.22347266881028938,0.1927512355848435,0.10333333333333333,0.25585284280936454,0.306368330464716,0.184640522875817,0.23948220064724918,0.13131313131313133,0.23627287853577372,0.24835526315789475,0.2495921696574225,0.2393026941362916,0.09508196721311475,0.2562814070351759,0.1715210355987055,0.10277324632952692,0.17462932454695224,0.16524701873935263,0.15843270868824533,0.18053375196232338,0.22979397781299524,0.17905405405405406,0.21324717285945072,0.20957095709570958,0.23570190641247835,0.1008,0.17455138662316477,0.2544570502431118,0.17307692307692307,0.0976027397260274,0.2112,0.2084639498432602,0.17684887459807075,0.15772357723577235,0.1703958691910499,0.25164473684210525,0.11292962356792144,0.10062893081761007,0.09646302250803858,0.21598639455782312,0.26622296173044924,0.08074534161490683,0.1449044585987261,0.36288998357963875,0.2688356164383562,0.15275590551181104,0.22203672787979967,0.21677215189873417,0.2084639498432602,0.1875968992248062,0.18181818181818182,0.3731117824773414,0.1396103896103896,0.21505376344086022,0.18223583460949463,0.15384615384615385,0.23421926910299004,0.07329842931937172,0.10714285714285714,0.23394495412844038,0.16134453781512606,0.2078559738134206,0.13728813559322034,0.21498371335504887,0.2025931928687196,0.19152542372881357,0.13464696223316913,0.14597315436241612,0.19572368421052633,0.13087248322147652,0.12244897959183673,0.19636963696369636,0.2572347266881029,0.24455611390284757,0.234375,0.20655737704918034,0.11822660098522167,0.24608150470219436,0.14862681744749595,0.1342062193126023,0.29949238578680204,0.29256198347107437,0.2669902912621359,0.1951219512195122,0.19415807560137457,0.15530903328050713,0.21231766612641814,0.1621160409556314,0.1596774193548387,0.17956656346749225,0.2233502538071066,0.16579406631762653,0.09484193011647254,0.1806853582554517,0.23037542662116042,0.17826825127334464,0.144,0.09090909090909091,0.2444794952681388,0.2176759410801964,0.14556962025316456,0.10792580101180438,0.29107981220657275,0.20677966101694914,0.13819875776397517,0.176,0.2554858934169279,0.23460898502495842,0.14626391096979333,0.20733652312599682,0.297339593114241,0.1040268456375839,0.18104906937394247,0.09177215189873418,0.24262295081967214,0.29572649572649573,0.24794745484400657,0.20972644376899696,0.23393739703459637,0.18660287081339713,0.22895622895622897,0.16216216216216217,0.24793388429752067,0.056451612903225805,0.22053872053872053,0.2614173228346457,0.21052631578947367,0.24061433447098976,0.11075441412520064,0.18629173989455183,0.18043844856661045,0.19224555735056542,0.2578512396694215
2005,1,9,prevalence,0.2061328790459966,0.34395973154362414,0.16640986132511557,0.16282894736842105,0.19248826291079812,0.1352253756260434,0.17301038062283736,0.22495894909688013,0.11784511784511785,0.22596964586846544,0.10887772194304858,0.11710323574730354,0.214168039538715,0.214168039538715,0.18360655737704917,0.18488745980707397,0.17124394184168013,0.17532467532467533,0.20094191522762953,0.13311148086522462,0.12519561815336464,0.15141955835962145,0.1532258064516129,0.21337579617834396,0.34991974317817015,0.26484751203852325,0.21911037891268534,0.23178807947019867,0.20684039087947884,0.18635607321131448,0.3126984126984127,0.1879310344827586,0.20621931260229132,0.18739903069466882,0.14603174603174604,0.2607260726072607,0.16719745222929935,0.15942028985507245,0.2686084142394822,0.20554649265905384,0.1354515050167224,0.22487223168654175,0.23076923076923078,0.3306188925081433,0.19469026548672566,0.26742301458670986,0.37104825291181365,0.20655737704918034,0.14035087719298245,0.1289308176100629,0.11093247588424437,0.09193548387096774,0.19281045751633988,0.15213946117274169,0.2182741116751269,0.25796178343949044,0.13884297520661157,0.1413793103448276,0.15725190839694655,0.17428087986463622,0.31743421052631576,0.2,0.22044728434504793,0.13709677419354838,0.10409556313993173,0.1967741935483871,0.11442006269592477,0.26570048309178745,0.29296235679214405,0.10333333333333333,0.2928452579034942,0.21477663230240548,0.21382636655948553,0.19292604501607716,0.20388349514563106,0.247557003257329,0.2529313232830821,0.20228384991843393,0.21850079744816586,0.14535901926444833,0.3093645484949833,0.19611021069692058,0.12459016393442623,0.1440536013400335,0.2356902356902357,0.18305084745762712,0.22204213938411668,0.1958266452648475,0.1877076411960133,0.2094488188976378,0.228099173553719,0.24210526315789474,0.13870967741935483,0.1912751677852349,0.2633279483037157,0.16666666666666666,0.13745704467353953,0.2751159196290572,0.2534351145038168,0.20525451559934318,0.16825396825396827,0.20140105078809106,0.2550335570469799,0.17627677100494235,0.19880418535127056,0.15,0.21818181818181817,0.2733118971061093,0.09090909090909091,0.2062992125984252,0.36661211129296234,0.2972972972972973,0.1875993640699523,0.22764227642276422,0.1804635761589404,0.19745222929936307,0.15664556962025317,0.21674876847290642,0.36419753086419754,0.14332247557003258,0.2861788617886179,0.1972049689440994,0.16823899371069181,0.25208681135225375,0.14453781512605043,0.15332197614991483,0.25379939209726443,0.2138047138047138,0.16775244299674266,0.1828665568369028,0.3404605263157895,0.20993589743589744,0.2857142857142857,0.19935691318327975,0.22056384742951907,0.18555008210180624,0.21124361158432708,0.14675767918088736,0.20933977455716588,0.26101694915254237,0.2066115702479339,0.2857142857142857,0.1771523178807947,0.18076285240464346,0.2457757296466974,0.14518760195758565,0.15179968701095461,0.2946127946127946,0.2140468227424749,0.2591973244147157,0.17329093799682035,0.20973154362416108,0.1964573268921095,0.3387358184764992,0.15265866209262435,0.2539936102236422,0.21144674085850557,0.24196277495769883,0.1867572156196944,0.12195121951219512,0.2213967310549777,0.19524617996604415,0.17345132743362832,0.18152350081037277,0.14814814814814814,0.22650231124807396,0.22875816993464052,0.21809369951534732,0.1359724612736661,0.3095623987034036,0.15946843853820597,0.1705790297339593,0.20508744038155802,0.2403225806451613,0.25732899022801303,0.24798711755233493,0.2573770491803279,0.27672955974842767,0.12736660929432014,0.26101694915254237,0.19904458598726116,0.20751633986928106,0.2683333333333333,0.2792642140468227,0.2208398133748056,0.23220338983050848,0.20349761526232116,0.3202054794520548,0.224283305227656,0.18360655737704917,0.0799347471451876,0.23469387755102042,0.2631578947368421,0.23115577889447236,0.29441624365482233,0.18819776714513556,0.23591549295774647,0.1989795918367347,0.2233169129720854,0.25573770491803277
2006,1,9,prevalence,0.252442996742671,0.30085470085470084,0.25943396226415094,0.2905844155844156,0.24486571879936808,0.16074450084602368,0.20230263157894737,0.27375201288244766,0.14839797639123103,0.23657718120805368,0.17166666666666666,0.17037037037037037,0.2137030995106036,0.2137030995106036,0.18151815181518152,0.22256568778979907,0.16693679092382496,0.23429541595925296,0.21405750798722045,0.15890850722311398,0.14169381107491857,0.1752738654147105,0.2416,0.24880382775119617,0.37320574162679426,0.30254777070063693,0.21163166397415187,0.22275641025641027,0.3102893890675241,0.23615635179153094,0.25274725274725274,0.18288590604026847,0.23770491803278687,0.20550161812297735,0.17898193760262726,0.26418152350081037,0.23186119873817035,0.21462639109697934,0.38950715421303655,0.3246753246753247,0.17666666666666667,0.2137809187279152,0.22818791946308725,0.3158756137479542,0.19791666666666666,0.33983739837398375,0.2976,0.19031719532554256,0.216260162601626,0.23861852433281006,0.14238952536824878,0.12980769230769232,0.21983471074380165,0.1968,0.25689655172413794,0.26947040498442365,0.16721311475409836,0.19063545150501673,0.15765069551777433,0.287375415282392,0.32576985413290116,0.2211690363349131,0.2802653399668325,0.20294599018003273,0.1352253756260434,0.2679425837320574,0.15847860538827258,0.2785016286644951,0.330550918196995,0.1913477537437604,0.3312302839116719,0.22419928825622776,0.27121464226289516,0.18019480519480519,0.25901639344262295,0.2427652733118971,0.361247947454844,0.21669341894060995,0.2169230769230769,0.1736842105263158,0.3130148270181219,0.17868852459016393,0.18638573743922204,0.20033112582781457,0.355,0.2251655629139073,0.33073322932917315,0.2797527047913447,0.30456852791878175,0.23923444976076555,0.2597402597402597,0.23247863247863249,0.1693548387096774,0.23244147157190637,0.2586490939044481,0.14745762711864407,0.19482758620689655,0.28895612708018154,0.2586750788643533,0.2944078947368421,0.21947449768160743,0.19332161687170474,0.24534686971235195,0.3122923588039867,0.3606060606060606,0.22719734660033167,0.19205298013245034,0.26461038961038963,0.11335403726708075,0.33748055987558323,0.30293159609120524,0.3118466898954704,0.3157051282051282,0.22277227722772278,0.11764705882352941,0.1795275590551181,0.19290123456790123,0.24143556280587275,0.3113207547169811,0.21405228758169934,0.2630744849445325,0.2078740157480315,0.25283630470016205,0.2582781456953642,0.24834437086092714,0.3389830508474576,0.23647604327666152,0.30067567567567566,0.16176470588235295,0.2671118530884808,0.2684887459807074,0.2602965403624382,0.3696027633851468,0.2916666666666667,0.2854785478547855,0.18135593220338983,0.2066115702479339,0.1342512908777969,0.2355848434925865,0.2348111658456486,0.2743801652892562,0.34728682170542635,0.2931596091205212,0.35855263157894735,0.28,0.11129032258064517,0.15789473684210525,0.30363036303630364,0.22009569377990432,0.2878787878787879,0.2190923317683881,0.23102866779089376,0.27586206896551724,0.4,0.24102564102564103,0.2717391304347826,0.23981191222570533,0.33687943262411346,0.23636363636363636,0.21337579617834396,0.2629179331306991,0.15525876460767946,0.17744610281923714,0.3068362480127186,0.18316831683168316,0.24261275272161742,0.22959183673469388,0.2300163132137031,0.1836734693877551,0.3083197389885807,0.21231766612641814,0.254746835443038,0.24044585987261147,0.3083197389885807,0.3562091503267974,0.2180327868852459,0.27491961414790994,0.30854430379746833,0.2057335581787521,0.27347611202635913,0.31309904153354634,0.23948220064724918,0.2913793103448276,0.1912280701754386,0.3447204968944099,0.25463743676222594,0.19391025641025642,0.30849220103986136,0.2937062937062937,0.12824675324675325,0.17109634551495018,0.19931856899488926,0.304552590266876,0.20361247947454844,0.3177257525083612,0.16910569105691056,0.17006802721088435,0.22909698996655517,0.20930232558139536,0.20826446280991737
2007,1,9,prevalence,0.3751987281399046,0.3144758735440932,0.334384858044164,0.36260162601626017,0.2711864406779661,0.2292358803986711,0.25162337662337664,0.2976,0.22857142857142856,0.23793677204658903,0.21788617886178863,0.2629179331306991,0.26666666666666666,0.26666666666666666,0.24448217317487267,0.30197268588770865,0.2040133779264214,0.306368330464716,0.28708133971291866,0.1983739837398374,0.23863636363636365,0.24881889763779527,0.30130293159609123,0.2822966507177033,0.29780564263322884,0.36378205128205127,0.2304,0.2480252764612954,0.3651315789473684,0.3717105263157895,0.25873015873015875,0.20168067226890757,0.2901639344262295,0.29790660225442833,0.26136363636363635,0.32102728731942215,0.28304821150855364,0.2799325463743676,0.4045307443365696,0.29595015576323985,0.22998296422487224,0.3276157804459691,0.2744755244755245,0.3016393442622951,0.27918781725888325,0.3443708609271523,0.2289348171701113,0.23608768971332209,0.30413223140495865,0.2608695652173913,0.2127659574468085,0.18944099378881987,0.2731629392971246,0.3466453674121406,0.2845394736842105,0.25,0.26229508196721313,0.19365609348914858,0.28056426332288403,0.3200663349917081,0.35668789808917195,0.3056426332288401,0.3027375201288245,0.26461038961038963,0.27348993288590606,0.3701923076923077,0.2031496062992126,0.28365384615384615,0.31699346405228757,0.26611570247933886,0.28180354267310787,0.2766323024054983,0.27677100494233936,0.23237179487179488,0.3360655737704918,0.30134680134680136,0.2739059967585089,0.2955665024630542,0.30959752321981426,0.29071803852889666,0.33497536945812806,0.23383084577114427,0.24794745484400657,0.29747899159663865,0.3473684210526316,0.26229508196721313,0.3630769230769231,0.32293291731669266,0.3760129659643436,0.2890995260663507,0.3328125,0.3011647254575707,0.28213166144200624,0.3107638888888889,0.2922077922077922,0.2572347266881029,0.2453151618398637,0.25274725274725274,0.30359937402190923,0.3873581847649919,0.3035143769968051,0.27992957746478875,0.2939189189189189,0.3114478114478115,0.4432515337423313,0.33169934640522875,0.30528052805280526,0.2783171521035599,0.21351766513056836,0.30454545454545456,0.2504145936981758,0.2738301559792028,0.2852512155591572,0.30179445350734097,0.214168039538715,0.21069182389937108,0.2552552552552553,0.30210016155088854,0.28177641653905056,0.27813504823151125,0.31911532385466035,0.26461038961038963,0.3092948717948718,0.3322734499205087,0.3651315789473684,0.34991708126036486,0.22458270106221548,0.34608985024958405,0.1933884297520661,0.32482993197278914,0.26,0.2544570502431118,0.31986531986531985,0.3752012882447665,0.3445378151260504,0.24496644295302014,0.23615635179153094,0.22782608695652173,0.3202614379084967,0.263681592039801,0.3142857142857143,0.3291139240506329,0.3192868719611021,0.37,0.2961783439490446,0.25821596244131456,0.231496062992126,0.29207920792079206,0.27419354838709675,0.34375,0.27202472952086554,0.23580034423407917,0.337228714524207,0.4451510333863275,0.329246935201401,0.2861736334405145,0.2676923076923077,0.3720136518771331,0.3037542662116041,0.34415584415584416,0.3424242424242424,0.19630872483221476,0.17777777777777778,0.2988871224165342,0.30870279146141216,0.27380952380952384,0.33167495854063017,0.3127035830618892,0.33278955954323003,0.25895765472312704,0.25040387722132473,0.2731707317073171,0.31981279251170047,0.3322314049586777,0.3300653594771242,0.2096505823627288,0.27569331158238175,0.3011093502377179,0.27483443708609273,0.23214285714285715,0.3438485804416404,0.2922077922077922,0.3050259965337955,0.270223752151463,0.3435114503816794,0.2996688741721854,0.2272,0.27902946273830154,0.28,0.22096774193548388,0.2730263157894737,0.27408637873754155,0.28874388254486133,0.2854785478547855,0.20198675496688742,0.24875621890547264,0.25084745762711863,0.31518151815181517,0.2897822445561139,0.27053140096618356
2008,1,9,prevalence,0.3473344103392569,0.3125,0.2956381260096931,0.3652892561983471,0.3111455108359133,0.2694214876033058,0.29769736842105265,0.3380503144654088,0.3832236842105263,0.27344992050874406,0.28760330578512394,0.3267175572519084,0.34960629921259845,0.34960629921259845,0.3096446700507614,0.3110773899848255,0.28739495798319326,0.347008547008547,0.296583850931677,0.3089430894308943,0.26101141924959215,0.2523961661341853,0.3188405797101449,0.29133858267716534,0.2115677321156773,0.2731788079470199,0.267741935483871,0.2988871224165342,0.28192371475953565,0.4192,0.2864,0.20442930153321975,0.26136363636363635,0.37161084529505584,0.30483870967741933,0.2917981072555205,0.2962962962962963,0.3241852487135506,0.29821717990275526,0.29541864139020535,0.3733108108108108,0.34833333333333333,0.2743362831858407,0.30307941653160453,0.3130287648054145,0.2553191489361702,0.2336,0.263681592039801,0.3042016806722689,0.31587301587301586,0.2533557046979866,0.264750378214826,0.37400950871632327,0.31280388978930307,0.3076923076923077,0.31179321486268174,0.3327702702702703,0.22861842105263158,0.3328125,0.32550335570469796,0.3126984126984127,0.30757097791798105,0.3220064724919094,0.33171521035598706,0.4139072847682119,0.3187702265372168,0.3560371517027864,0.29827315541601257,0.34596375617792424,0.3055555555555556,0.28888888888888886,0.2876949740034662,0.30456026058631924,0.3008130081300813,0.3624382207578254,0.2739059967585089,0.2672955974842767,0.32679738562091504,0.2953125,0.30677966101694915,0.2944078947368421,0.337152209492635,0.3360128617363344,0.330550918196995,0.2775862068965517,0.2977346278317152,0.33689024390243905,0.2593167701863354,0.3557692307692308,0.2894736842105263,0.31811023622047246,0.3228995057660626,0.3640776699029126,0.314878892733564,0.37925445705024313,0.36666666666666664,0.30204778156996587,0.31594634873323396,0.3348623853211009,0.3987538940809969,0.33965244865718797,0.3204225352112676,0.3627287853577371,0.30413223140495865,0.38863287250384027,0.3758278145695364,0.33828382838283827,0.25081967213114753,0.309375,0.29754601226993865,0.2755775577557756,0.3321616871704745,0.29623567921440264,0.2922824302134647,0.26411960132890366,0.3376,0.3292307692307692,0.2910569105691057,0.23647604327666152,0.3464696223316913,0.23349436392914655,0.2825040128410915,0.2902684563758389,0.30441640378548895,0.4045307443365696,0.30363036303630364,0.24737631184407796,0.3772357723577236,0.25662251655629137,0.33666666666666667,0.250788643533123,0.2724306688417618,0.3160453808752026,0.3376413570274637,0.3198707592891761,0.2847571189279732,0.2824302134646962,0.31022530329289427,0.25559105431309903,0.25363489499192243,0.2707275803722504,0.3057324840764331,0.31527093596059114,0.30844155844155846,0.32242990654205606,0.2677165354330709,0.3380281690140845,0.30333333333333334,0.3047001620745543,0.32059800664451826,0.3727544910179641,0.3288590604026846,0.32463295269168024,0.31259968102073366,0.3243697478991597,0.2780487804878049,0.29402756508422667,0.3537190082644628,0.3425774877650897,0.4025764895330113,0.3843843843843844,0.2972972972972973,0.2707275803722504,0.3070739549839228,0.36577181208053694,0.3338323353293413,0.3372681281618887,0.39280125195618154,0.41867954911433175,0.25925925925925924,0.3095623987034036,0.27884615384615385,0.29984544049459044,0.313758389261745,0.2624,0.22166666666666668,0.3296,0.2548076923076923,0.3648,0.24512987012987014,0.42443729903536975,0.33695652173913043,0.303886925795053,0.30615640599001664,0.31297709923664124,0.32102728731942215,0.2996894409937888,0.2633333333333333,0.3065326633165829,0.30441640378548895,0.26567656765676567,0.2753623188405797,0.23624595469255663,0.22986577181208054,0.31986531986531985,0.32576985413290116,0.23440134907251264,0.3402777777777778,0.2755775577557756,0.33818770226537215
2009,1,9,prevalence,0.3252818035426731,0.29635761589403975,0.19806763285024154,0.24120603015075376,0.2837209302325581,0.29256198347107437,0.33004926108374383,0.24921630094043887,0.36894824707846413,0.33713355048859933,0.22782608695652173,0.277337559429477,0.2755775577557756,0.2755775577557756,0.292436974789916,0.30060422960725075,0.26357827476038337,0.23509933774834438,0.2748447204968944,0.35139573070607555,0.23482428115015974,0.20190779014308427,0.24390243902439024,0.24486571879936808,0.17391304347826086,0.22372881355932203,0.25,0.26910828025477707,0.19800332778702162,0.30377668308702793,0.23624595469255663,0.1806020066889632,0.18739352640545145,0.26666666666666666,0.27615780445969124,0.2340764331210191,0.28391167192429023,0.33884297520661155,0.20678513731825526,0.321656050955414,0.40640809443507586,0.26495726495726496,0.1951219512195122,0.2823343848580442,0.3089700996677741,0.24681528662420382,0.21487603305785125,0.2706645056726094,0.2642740619902121,0.3067993366500829,0.23039215686274508,0.26498422712933756,0.3192488262910798,0.2702702702702703,0.28013029315960913,0.25811688311688313,0.33843537414965985,0.22641509433962265,0.34108527131782945,0.25241157556270094,0.29411764705882354,0.215625,0.27154471544715447,0.31869918699186994,0.31107491856677527,0.3036565977742448,0.36850393700787404,0.23202614379084968,0.23731587561374795,0.3027823240589198,0.24608150470219436,0.2564935064935065,0.2225859247135843,0.2833333333333333,0.26490066225165565,0.2235294117647059,0.22756410256410256,0.30126182965299686,0.29260450160771706,0.2847457627118644,0.2387820512820513,0.3106796116504854,0.2633279483037157,0.31743421052631576,0.20882852292020374,0.29449838187702265,0.2515432098765432,0.216793893129771,0.2945990180032733,0.20247295208655333,0.2650793650793651,0.2838499184339315,0.33276740237691,0.32088285229202035,0.2747603833865815,0.342443729903537,0.2921535893155259,0.22372372372372373,0.3328050713153724,0.24879614767255218,0.25842696629213485,0.2743362831858407,0.27768595041322314,0.2973856209150327,0.2598187311178248,0.3021702838063439,0.31107491856677527,0.23176661264181522,0.32339089481946626,0.2496194824961948,0.3060897435897436,0.3240901213171577,0.2507987220447284,0.2570480928689884,0.308562197092084,0.25199362041467305,0.28353658536585363,0.2431561996779388,0.1589825119236884,0.28171334431630973,0.2247191011235955,0.17432646592709986,0.23809523809523808,0.22067901234567902,0.3052464228934817,0.3040650406504065,0.20059880239520958,0.2375,0.249185667752443,0.2608695652173913,0.21061093247588425,0.24046434494195687,0.272,0.32019704433497537,0.24960998439937598,0.21996615905245348,0.2711038961038961,0.28970331588132636,0.22204213938411668,0.23267326732673269,0.2649434571890145,0.31378763866877973,0.30615640599001664,0.2725806451612903,0.25,0.23370429252782193,0.2826086956521739,0.28618421052631576,0.2554517133956386,0.2520458265139116,0.28858024691358025,0.28209459459459457,0.24719101123595505,0.19329073482428116,0.24489795918367346,0.22135007849293564,0.24420401854714066,0.24386252045826515,0.30357142857142855,0.2877813504823151,0.2708333333333333,0.2600671140939597,0.3587140439932318,0.2688,0.36869565217391304,0.27076923076923076,0.3152542372881356,0.34299516908212563,0.28038897893030795,0.20066889632107024,0.29200652528548127,0.22491909385113268,0.2992125984251969,0.3078149920255183,0.16612903225806452,0.19250425894378195,0.2890995260663507,0.208130081300813,0.39672131147540984,0.2,0.2949526813880126,0.2426584234930448,0.2893835616438356,0.3614864864864865,0.2581648522550544,0.27724358974358976,0.29147286821705426,0.22795341098169716,0.24305555555555555,0.3020030816640986,0.1751227495908347,0.23937007874015748,0.20133111480865223,0.1440677966101695,0.24217462932454695,0.32038834951456313,0.24738675958188153,0.24744027303754265,0.275,0.329153605015674
2010,1,9,prevalence,0.2932098765432099,0.2560386473429952,0.17455138662316477,0.19965576592082615,0.23492063492063492,0.30615640599001664,0.2875816993464052,0.18553459119496854,0.271523178807947,0.32838283828382836,0.24092409240924093,0.2173202614379085,0.21890547263681592,0.21890547263681592,0.23883161512027493,0.281055900621118,0.28548644338118023,0.22757475083056478,0.24569640062597808,0.27906976744186046,0.18892508143322476,0.20094191522762953,0.2169657422512235,0.21855345911949686,0.17220543806646527,0.22495606326889278,0.2845394736842105,0.2329635499207607,0.18518518518518517,0.2540983606557377,0.2193126022913257,0.11826086956521739,0.18469217970049917,0.20063191153238547,0.2470389170896785,0.2111111111111111,0.25391849529780564,0.23993558776167473,0.12258064516129032,0.23300970873786409,0.32538330494037476,0.2568027210884354,0.14646464646464646,0.3016393442622951,0.25041736227045075,0.17174959871589085,0.24172185430463577,0.27495908346972175,0.2178060413354531,0.21947194719471946,0.19745222929936307,0.17889908256880735,0.28683385579937304,0.24422442244224424,0.2200328407224959,0.21172638436482086,0.3110367892976589,0.24701873935264054,0.29952456418383516,0.1627172195892575,0.26782884310618066,0.19558359621451105,0.188135593220339,0.30066445182724255,0.2618296529968454,0.31191222570532917,0.3408,0.19063004846526657,0.26198083067092653,0.30078740157480316,0.24332810047095763,0.2208,0.1835016835016835,0.24466338259441708,0.19633943427620631,0.22719449225473323,0.21766561514195584,0.24483306836248012,0.25164473684210525,0.21428571428571427,0.25732899022801303,0.2861736334405145,0.2372611464968153,0.24019607843137256,0.19173553719008266,0.2253968253968254,0.23882896764252695,0.19554848966613672,0.24172185430463577,0.2021604938271605,0.1896551724137931,0.24288107202680068,0.29845626072041165,0.3027823240589198,0.2409448818897638,0.31715210355987056,0.24052718286655683,0.2070015220700152,0.2737341772151899,0.18181818181818182,0.19292604501607716,0.24733096085409254,0.2593192868719611,0.24386252045826515,0.2199108469539376,0.26384364820846906,0.2644230769230769,0.22626582278481014,0.28125,0.21826625386996903,0.32591414944356123,0.36134453781512604,0.22990353697749197,0.20095693779904306,0.30983606557377047,0.272,0.2629179331306991,0.1890625,0.12980769230769232,0.18927973199329984,0.17560975609756097,0.15372168284789645,0.18487394957983194,0.21855345911949686,0.23863636363636365,0.2539936102236422,0.18113772455089822,0.2121684867394696,0.23754152823920266,0.22075782537067545,0.1853582554517134,0.17706576728499157,0.255663430420712,0.23114754098360657,0.2197452229299363,0.147008547008547,0.23909531502423265,0.27843803056027167,0.19086460032626426,0.1946624803767661,0.21231766612641814,0.2714508580343214,0.28687196110210694,0.26143790849673204,0.2259083728278041,0.19488817891373802,0.21955128205128205,0.21144674085850557,0.219435736677116,0.21680672268907564,0.29464285714285715,0.24306688417618272,0.23696682464454977,0.14942528735632185,0.224283305227656,0.2094488188976378,0.20404984423676012,0.21440536013400335,0.24750830564784054,0.2248427672955975,0.21353383458646616,0.2,0.29441624365482233,0.25880551301684535,0.30569948186528495,0.2434915773353752,0.3092436974789916,0.24444444444444444,0.2375601926163724,0.18536585365853658,0.21656050955414013,0.1943127962085308,0.2908805031446541,0.26229508196721313,0.1390728476821192,0.14261460101867574,0.2583732057416268,0.2039151712887439,0.3103448275862069,0.1537190082644628,0.22727272727272727,0.2218798151001541,0.25,0.37766830870279144,0.20031055900621117,0.256198347107438,0.20496894409937888,0.20650406504065041,0.19063545150501673,0.25477707006369427,0.15867768595041323,0.21496815286624205,0.23366013071895425,0.10782608695652174,0.23717948717948717,0.3068535825545171,0.24096385542168675,0.22549019607843138,0.28114478114478114,0.33064516129032256
2011,1,9,prevalence,0.30959752321981426,0.2748735244519393,0.17405582922824303,0.18407960199004975,0.22585924713584288,0.2980132450331126,0.24921630094043887,0.18699186991869918,0.2,0.30413223140495865,0.17569786535303777,0.23731587561374795,0.21393034825870647,0.21393034825870647,0.2053872053872054,0.26976744186046514,0.20689655172413793,0.15666666666666668,0.26959247648902823,0.22818791946308725,0.15474209650582363,0.22544283413848631,0.1396103896103896,0.21553090332805072,0.16199376947040497,0.24006908462867013,0.2845659163987138,0.2247557003257329,0.1812191103789127,0.22347266881028938,0.19902120717781402,0.13471502590673576,0.1686143572621035,0.178060413354531,0.24543946932006633,0.20031545741324921,0.21553090332805072,0.1718494271685761,0.12745098039215685,0.27330173775671407,0.30048465266558966,0.2652388797364086,0.141156462585034,0.29067930489731436,0.18945634266886327,0.15048543689320387,0.2598684210526316,0.2282958199356913,0.18151815181518152,0.17792421746293247,0.1783960720130933,0.1540880503144654,0.30321592649310875,0.24958402662229617,0.1839080459770115,0.26916802610114193,0.2773109243697479,0.28618968386023297,0.27527216174183516,0.16774193548387098,0.25199362041467305,0.15755627009646303,0.2097053726169844,0.23934426229508196,0.2511415525114155,0.22698412698412698,0.2656,0.25120772946859904,0.25862068965517243,0.28081123244929795,0.2273449920508744,0.2070063694267516,0.17565217391304347,0.2780487804878049,0.1457286432160804,0.23208191126279865,0.2223950233281493,0.22113821138211381,0.237012987012987,0.14492753623188406,0.29102167182662536,0.24615384615384617,0.21462639109697934,0.20135363790186125,0.1804635761589404,0.22132471728594508,0.22065727699530516,0.15503875968992248,0.19532554257095158,0.16873065015479877,0.17452830188679244,0.21357615894039736,0.21535893155258765,0.2900641025641026,0.2256,0.24920127795527156,0.2016260162601626,0.18335901386748846,0.22131147540983606,0.15960912052117263,0.17483660130718953,0.21568627450980393,0.24306688417618272,0.19936204146730463,0.18018018018018017,0.2012987012987013,0.2536115569823435,0.1808,0.21076233183856502,0.21144674085850557,0.2968253968253968,0.3232830820770519,0.21393034825870647,0.21884984025559107,0.2450657894736842,0.24920127795527156,0.23956723338485317,0.203125,0.13198757763975155,0.20840336134453782,0.15890850722311398,0.12980769230769232,0.1870748299319728,0.20440251572327045,0.2231012658227848,0.2231012658227848,0.1484848484848485,0.2467948717948718,0.2348111658456486,0.15798045602605862,0.1761006289308176,0.17785234899328858,0.2367601246105919,0.16474464579901152,0.18364197530864199,0.15551839464882944,0.16972477064220184,0.20783645655877342,0.21677215189873417,0.17891373801916932,0.219435736677116,0.22067901234567902,0.23460898502495842,0.22150882825040127,0.19561815336463223,0.19162640901771336,0.1949286846275753,0.19001610305958133,0.2324159021406728,0.2192,0.22666666666666666,0.22843450479233227,0.19409937888198758,0.13366336633663367,0.19230769230769232,0.17099236641221374,0.24613003095975233,0.1856,0.22857142857142856,0.20153846153846153,0.1827637444279346,0.17428087986463622,0.2692967409948542,0.234472049689441,0.22666666666666666,0.3095599393019727,0.26557377049180325,0.20826446280991737,0.1912479740680713,0.15346534653465346,0.22258064516129034,0.19709208400646203,0.22570532915360503,0.26224328593996843,0.10543130990415335,0.12833333333333333,0.2579113924050633,0.1772357723577236,0.1996904024767802,0.1378737541528239,0.22065727699530516,0.2217125382262997,0.2604166666666667,0.2859560067681895,0.1803030303030303,0.22596153846153846,0.18959731543624161,0.21746031746031746,0.17435897435897435,0.2076069730586371,0.11686143572621036,0.1889763779527559,0.24881889763779527,0.10517241379310345,0.250384024577573,0.2886435331230284,0.20826446280991737,0.22628951747088186,0.28618968386023297,0.30634920634920637
2012,1,9,prevalence,0.279320987654321,0.2525597269624573,0.14918032786885246,0.17763157894736842,0.2527646129541864,0.30082644628099175,0.2225705329153605,0.15730337078651685,0.1762820512820513,0.34615384615384615,0.15187713310580206,0.21166666666666667,0.2010221465076661,0.2010221465076661,0.18493150684931506,0.2064516129032258,0.16307692307692306,0.12624584717607973,0.24691358024691357,0.16802610114192496,0.1353135313531353,0.22204213938411668,0.13548387096774195,0.20757825370675453,0.1841704718417047,0.21452702702702703,0.27716535433070866,0.25040650406504067,0.15422885572139303,0.23491027732463296,0.18270799347471453,0.18275862068965518,0.16020236087689713,0.16377952755905512,0.2413793103448276,0.21314102564102563,0.1880064829821718,0.1419031719532554,0.14123376623376624,0.31504702194357365,0.32459016393442625,0.22818791946308725,0.16777408637873753,0.2676056338028169,0.19968051118210864,0.1038961038961039,0.2480252764612954,0.1832797427652733,0.16776315789473684,0.20554649265905384,0.14691151919866444,0.125,0.2778625954198473,0.25207296849087896,0.19765494137353434,0.2576489533011272,0.22961730449251247,0.29541595925297115,0.2674050632911392,0.13548387096774195,0.27070063694267515,0.14854517611026033,0.22491349480968859,0.18945634266886327,0.21417565485362094,0.2123076923076923,0.21540880503144655,0.2576,0.21671826625386997,0.21221374045801528,0.24328593996840442,0.2115987460815047,0.16156462585034015,0.2435483870967742,0.1342281879194631,0.2179930795847751,0.19435736677115986,0.24025974025974026,0.2590759075907591,0.14497528830313014,0.29115853658536583,0.23708206686930092,0.20376175548589343,0.15754560530679934,0.17052980132450332,0.2551834130781499,0.24227642276422764,0.11987860394537178,0.2213375796178344,0.18195956454121306,0.16216216216216217,0.16946308724832215,0.17598684210526316,0.27629513343799056,0.1952755905511811,0.19444444444444445,0.21829855537720708,0.17419354838709677,0.20234113712374582,0.14553990610328638,0.15841584158415842,0.19965870307167236,0.21428571428571427,0.18095238095238095,0.17691154422788605,0.16881028938906753,0.24024960998439937,0.16639741518578352,0.17117117117117117,0.1907790143084261,0.32211538461538464,0.3225283630470016,0.21382636655948553,0.18547140649149924,0.22422258592471359,0.19968051118210864,0.2218700475435816,0.17377567140600317,0.20414673046251994,0.2049586776859504,0.15973377703826955,0.10509031198686371,0.20650406504065041,0.18181818181818182,0.17492260061919504,0.2426584234930448,0.16187594553706505,0.19284603421461896,0.21839080459770116,0.14193548387096774,0.16185897435897437,0.2231543624161074,0.24345146379044685,0.1693548387096774,0.16951788491446346,0.16363636363636364,0.15160796324655437,0.16778523489932887,0.2170418006430868,0.1721311475409836,0.25158227848101267,0.23100303951367782,0.237012987012987,0.19206349206349208,0.20733652312599682,0.1869009584664537,0.1886178861788618,0.15930599369085174,0.25990491283676703,0.26567656765676567,0.18621700879765396,0.18760195758564438,0.18421052631578946,0.11442786069651742,0.18571428571428572,0.13595166163141995,0.28659476117103233,0.22535211267605634,0.19709208400646203,0.16615384615384615,0.16415662650602408,0.152428810720268,0.24957264957264957,0.2573189522342065,0.1893687707641196,0.27424242424242423,0.2441860465116279,0.18394648829431437,0.18883415435139572,0.15235008103727715,0.2037037037037037,0.1912479740680713,0.22204213938411668,0.25493421052631576,0.1157556270096463,0.14189189189189189,0.21182266009852216,0.21138211382113822,0.15922619047619047,0.13495934959349593,0.20833333333333334,0.2359375,0.24752475247524752,0.30807248764415157,0.17638036809815952,0.19193548387096773,0.17558528428093645,0.20754716981132076,0.15625,0.19365079365079366,0.13486842105263158,0.15170278637770898,0.24,0.11795774647887323,0.24430955993930198,0.3076923076923077,0.18624161073825504,0.18530884808013356,0.2590759075907591,0.27330173775671407
2013,1,9,prevalence,0.2773497688751926,0.26527050610820246,0.15894039735099338,0.1490787269681742,0.2263843648208469,0.28716216216216217,0.1890625,0.14006514657980457,0.1911532385466035,0.3140096618357488,0.11054421768707483,0.22512234910277323,0.17616580310880828,0.17616580310880828,0.16917922948073702,0.1964856230031949,0.20923076923076922,0.11564625850340136,0.21044546850998463,0.17041800643086816,0.14590163934426228,0.19138755980861244,0.09656301145662848,0.18627450980392157,0.2304075235109718,0.30612244897959184,0.2572741194486983,0.2672,0.13976705490848584,0.24154589371980675,0.16802610114192496,0.1565217391304348,0.14967105263157895,0.2076069730586371,0.22203947368421054,0.18548387096774194,0.22950819672131148,0.12286689419795221,0.13924050632911392,0.291350531107739,0.25,0.1969439728353141,0.18035426731078905,0.21894409937888198,0.16506410256410256,0.10301109350237718,0.22824302134646962,0.18125,0.16363636363636364,0.1932367149758454,0.11129032258064517,0.1234375,0.2679938744257274,0.24754098360655738,0.2387312186978297,0.216260162601626,0.23618090452261306,0.27408637873754155,0.2300469483568075,0.14566284779050737,0.20689655172413793,0.1564945226917058,0.18761061946902655,0.16393442622950818,0.21592649310872894,0.16640986132511557,0.17177914110429449,0.2594417077175698,0.2222222222222222,0.18167701863354038,0.21439749608763695,0.20217729393468117,0.14625850340136054,0.2467948717948718,0.15562913907284767,0.18314424635332252,0.21939586645468998,0.3,0.24701873935264054,0.1331168831168831,0.2952815829528158,0.22518518518518518,0.18670886075949367,0.12379421221864952,0.1797752808988764,0.28213166144200624,0.22705314009661837,0.1026438569206843,0.29127725856697817,0.2231012658227848,0.1784037558685446,0.15736040609137056,0.17128874388254486,0.2488479262672811,0.176,0.15590551181102363,0.18022328548644337,0.19230769230769232,0.265993265993266,0.16401273885350318,0.15730337078651685,0.20261437908496732,0.17834394904458598,0.1629032258064516,0.16485225505443235,0.15127388535031847,0.21394611727416799,0.17147435897435898,0.14329268292682926,0.17269736842105263,0.2771474878444084,0.27732463295269166,0.20569620253164558,0.20673813169984687,0.20352564102564102,0.22113821138211381,0.22364217252396165,0.15347334410339256,0.2607260726072607,0.2160392798690671,0.18883415435139572,0.10423452768729642,0.19633943427620631,0.18548387096774194,0.16718266253869968,0.2507462686567164,0.16486902927580893,0.17709923664122137,0.2253968253968254,0.20198675496688742,0.13495934959349593,0.26677852348993286,0.21212121212121213,0.13452188006482982,0.19747235387045814,0.21677215189873417,0.14069591527987896,0.14238952536824878,0.2107843137254902,0.18790849673202614,0.24031007751937986,0.21712538226299694,0.2605177993527508,0.19312602291325695,0.20418006430868169,0.14869281045751634,0.16134185303514376,0.13836477987421383,0.27769110764430577,0.2644230769230769,0.17062314540059348,0.18272425249169436,0.2125,0.11754966887417219,0.21638330757341576,0.1308411214953271,0.2755905511811024,0.24251968503937008,0.18993506493506493,0.12982998454404945,0.12291350531107739,0.1492063492063492,0.23624595469255663,0.23270440251572327,0.1775244299674267,0.26119402985074625,0.22937293729372937,0.1621160409556314,0.2076069730586371,0.14195583596214512,0.16476345840130505,0.2082670906200318,0.26489028213166144,0.2267536704730832,0.16091954022988506,0.11036789297658862,0.17880794701986755,0.178743961352657,0.1572700296735905,0.12520064205457465,0.21962616822429906,0.19626168224299065,0.2792207792207792,0.2996742671009772,0.17846153846153845,0.1619496855345912,0.16193656093489148,0.1791277258566978,0.1312803889789303,0.22347266881028938,0.15763546798029557,0.15254237288135594,0.2571428571428571,0.1128747795414462,0.2378138847858198,0.24153846153846154,0.16097560975609757,0.17666666666666667,0.2512396694214876,0.2641509433962264
2014,1,9,prevalence,0.2196969696969697,0.25597269624573377,0.183739837398374,0.1116584564860427,0.20985691573926868,0.2639593908629442,0.19248826291079812,0.16025641025641027,0.17197452229299362,0.26517571884984026,0.11295681063122924,0.23577235772357724,0.1686143572621035,0.1686143572621035,0.16917922948073702,0.1978021978021978,0.1984375,0.12991452991452992,0.225,0.18138801261829654,0.14169381107491857,0.17252396166134185,0.11001642036124795,0.2233169129720854,0.2559618441971383,0.32838283828382836,0.2313915857605178,0.23529411764705882,0.13344316309719934,0.2757527733755943,0.1808,0.15761821366024517,0.18305084745762712,0.275974025974026,0.22185970636215335,0.17179902755267423,0.25301204819277107,0.09966216216216216,0.17447495961227788,0.2280966767371601,0.23333333333333334,0.15025041736227046,0.15875613747954173,0.23956723338485317,0.12460063897763578,0.10248447204968944,0.25241157556270094,0.17541229385307347,0.13987138263665594,0.17932148626817448,0.10474631751227496,0.12222222222222222,0.2751159196290572,0.3017656500802568,0.25245901639344265,0.30078740157480316,0.234006734006734,0.20404721753794267,0.23125996810207336,0.16006600660066006,0.24564183835182252,0.16510903426791276,0.1952054794520548,0.16323296354992076,0.2241112828438949,0.17038216560509553,0.15830721003134796,0.28084415584415584,0.1659056316590563,0.19423368740515934,0.21439749608763695,0.2192429022082019,0.1606837606837607,0.26929392446633826,0.19663865546218487,0.194675540765391,0.23556942277691106,0.2824302134646962,0.18823529411764706,0.19642857142857142,0.29096477794793263,0.21936459909228442,0.16246056782334384,0.1184,0.18312101910828024,0.29652996845425866,0.3165354330708661,0.1182108626198083,0.3599374021909233,0.23434991974317818,0.2930232558139535,0.1307300509337861,0.15822784810126583,0.21932515337423314,0.1504,0.13302752293577982,0.19769357495881384,0.19439868204283361,0.2795138888888889,0.16323296354992076,0.1470113085621971,0.19370860927152317,0.15031645569620253,0.21533442088091354,0.19738988580750408,0.14715189873417722,0.1890145395799677,0.1702127659574468,0.13813813813813813,0.1669421487603306,0.26151315789473684,0.2939244663382594,0.22073578595317725,0.2125984251968504,0.14622641509433962,0.28081123244929795,0.20190779014308427,0.1596774193548387,0.37479806138933763,0.23597359735973597,0.17552334943639292,0.10413223140495868,0.21859706362153344,0.18600953895071543,0.15396341463414634,0.20209580838323354,0.1694915254237288,0.23696682464454977,0.19968304278922344,0.23259762308998302,0.15705128205128205,0.28130360205831906,0.2108626198083067,0.1771523178807947,0.19359756097560976,0.22792937399678972,0.13746223564954682,0.13590604026845637,0.1899159663865546,0.21568627450980393,0.22560975609756098,0.21439509954058192,0.27009646302250806,0.1644518272425249,0.20096463022508038,0.1403225806451613,0.15485996705107083,0.11645962732919254,0.2453125,0.2848101265822785,0.1524390243902439,0.16086235489220563,0.2375776397515528,0.14082278481012658,0.19938176197836166,0.17024539877300612,0.24807395993836673,0.2778675282714055,0.19614147909967847,0.13700787401574804,0.12557427258805512,0.16901408450704225,0.2480252764612954,0.1972049689440994,0.19078947368421054,0.26905829596412556,0.20684039087947884,0.1945337620578778,0.2591414944356121,0.1752411575562701,0.1661392405063291,0.23817034700315456,0.27070063694267515,0.3064516129032258,0.23011844331641285,0.09348914858096828,0.1503267973856209,0.1593959731543624,0.16265060240963855,0.167192429022082,0.2427652733118971,0.22884012539184953,0.3378151260504202,0.309328968903437,0.18333333333333332,0.1669266770670827,0.17362270450751252,0.14088820826952528,0.10952380952380952,0.2771474878444084,0.17326732673267325,0.15210843373493976,0.2546875,0.10774410774410774,0.21005917159763313,0.18691588785046728,0.1360759493670886,0.15763546798029557,0.20766773162939298,0.2395498392282958
2015,1,9,prevalence,0.1966205837173579,0.2560386473429952,0.1617161716171617,0.11620294599018004,0.24267100977198697,0.22278056951423786,0.1983739837398374,0.20222929936305734,0.1864951768488746,0.31781701444622795,0.12012987012987013,0.2470389170896785,0.15282392026578073,0.15282392026578073,0.15525876460767946,0.2352,0.20364741641337386,0.14471544715447154,0.21449704142011836,0.21753246753246752,0.1254125412541254,0.1778846153846154,0.11001642036124795,0.2789115646258503,0.30254777070063693,0.3473861720067454,0.2635024549918167,0.2540983606557377,0.1392,0.3333333333333333,0.26916802610114193,0.19546247818499127,0.1895093062605753,0.33167495854063017,0.21044303797468356,0.1563517915309446,0.21452702702702703,0.1323024054982818,0.22129783693843594,0.23952095808383234,0.30670926517571884,0.15953947368421054,0.1347068145800317,0.20128824476650564,0.11198738170347003,0.1274658573596358,0.2478920741989882,0.16105417276720352,0.1216,0.1746031746031746,0.09238249594813615,0.137987012987013,0.3126934984520124,0.3086816720257235,0.3026315789473684,0.3932038834951456,0.22961730449251247,0.16440677966101694,0.2330246913580247,0.22185430463576158,0.3654743390357698,0.1828125,0.22905982905982905,0.18125960061443933,0.2329803328290469,0.1832797427652733,0.1901743264659271,0.28502415458937197,0.2132921174652241,0.22102009273570325,0.19873817034700317,0.21604938271604937,0.16853932584269662,0.2730263157894737,0.2582781456953642,0.21105527638190955,0.2692307692307692,0.2434640522875817,0.16267123287671234,0.25728155339805825,0.2890625,0.21947449768160743,0.14903846153846154,0.128500823723229,0.1949286846275753,0.2732919254658385,0.34102141680395387,0.12559618441971382,0.39001560062402496,0.25562700964630225,0.25559105431309903,0.10975609756097561,0.17405063291139242,0.21798780487804878,0.14471544715447154,0.10518053375196232,0.20569620253164558,0.16965742251223492,0.2958477508650519,0.1943127962085308,0.137987012987013,0.1986970684039088,0.14521452145214522,0.2367549668874172,0.18780889621087316,0.15038759689922482,0.1589825119236884,0.233278955954323,0.12074303405572756,0.14072847682119205,0.3409090909090909,0.3996789727126806,0.3058823529411765,0.1926751592356688,0.15772870662460567,0.3542319749216301,0.1880064829821718,0.1842948717948718,0.33974358974358976,0.21911037891268534,0.1930116472545757,0.11784511784511785,0.1792452830188679,0.18790849673202614,0.14006024096385541,0.1590909090909091,0.16486902927580893,0.23734177215189872,0.18454258675078863,0.24149659863945577,0.22903225806451613,0.31166666666666665,0.1918876755070203,0.2048780487804878,0.22256568778979907,0.25508607198748046,0.13412816691505217,0.10671256454388985,0.22030981067125646,0.2303839732888147,0.2277526395173454,0.29448818897637796,0.2504118616144975,0.17224080267558528,0.20583468395461912,0.1376,0.16375198728139906,0.0959119496855346,0.2608,0.28298887122416533,0.13643410852713178,0.14217252396166133,0.3030769230769231,0.13488372093023257,0.21932515337423314,0.19395866454689983,0.3050847457627119,0.315955766192733,0.21895424836601307,0.11285266457680251,0.13282442748091602,0.1867283950617284,0.29790660225442833,0.18691588785046728,0.18518518518518517,0.2518628912071535,0.24019607843137256,0.215748031496063,0.31766612641815234,0.19138755980861244,0.1629032258064516,0.25080906148867316,0.2803149606299213,0.408130081300813,0.304421768707483,0.08557046979865772,0.15562913907284767,0.173841059602649,0.16843702579666162,0.17147435897435898,0.272875816993464,0.2546875,0.27721088435374147,0.2787682333873582,0.18433179723502305,0.16282642089093702,0.1737012987012987,0.13479623824451412,0.103125,0.33386581469648563,0.17886178861788618,0.14564564564564564,0.28837209302325584,0.135,0.18345864661654135,0.16261398176291794,0.12359550561797752,0.1703204047217538,0.1716171617161716,0.2253968253968254
2016,1,9,prevalence,0.17829457364341086,0.26533996683250416,0.17953020134228187,0.10961214165261383,0.25,0.28192371475953565,0.15118110236220472,0.2751572327044025,0.2078559738134206,0.26582278481012656,0.1301482701812191,0.2528925619834711,0.13452188006482982,0.13452188006482982,0.15566037735849056,0.24960998439937598,0.23728813559322035,0.16586921850079744,0.20950965824665677,0.23434991974317818,0.11954765751211632,0.1996779388083736,0.12643678160919541,0.2701342281879195,0.28525641025641024,0.31743421052631576,0.2731629392971246,0.19185059422750425,0.12520064205457465,0.3570300157977883,0.25888324873096447,0.21830985915492956,0.18134715025906736,0.29949238578680204,0.16401273885350318,0.14950166112956811,0.19831932773109243,0.19669421487603306,0.27627118644067794,0.2098950524737631,0.23948220064724918,0.24046434494195687,0.17543859649122806,0.22919937205651492,0.13228346456692913,0.13169984686064318,0.24792013311148087,0.16593886462882096,0.11755485893416928,0.2042483660130719,0.1,0.1454248366013072,0.3001605136436597,0.2854838709677419,0.32059800664451826,0.3792,0.24297520661157024,0.156140350877193,0.296998420221169,0.24666666666666667,0.3890625,0.18489984591679506,0.29333333333333333,0.19631901840490798,0.23076923076923078,0.22929936305732485,0.29354838709677417,0.34281200631911535,0.34108527131782945,0.29337539432176657,0.19462025316455697,0.274294670846395,0.21690590111642744,0.26221498371335505,0.22532894736842105,0.17922948073701842,0.24726134585289514,0.2507936507936508,0.17052980132450332,0.2270450751252087,0.3068181818181818,0.2254601226993865,0.18779342723004694,0.1782178217821782,0.20923076923076922,0.24603174603174602,0.3102310231023102,0.14084507042253522,0.2958199356913183,0.3008130081300813,0.2347266881028939,0.10664335664335664,0.20853080568720378,0.2859304084720121,0.15640599001663893,0.12164296998420221,0.16483516483516483,0.14241001564945227,0.3565217391304348,0.20537124802527645,0.13782051282051283,0.20065789473684212,0.1842948717948718,0.2057335581787521,0.2192,0.15689381933438987,0.1872,0.2696629213483146,0.1346749226006192,0.13509060955518945,0.4098883572567783,0.3671497584541063,0.31006493506493504,0.2527131782945736,0.18298555377207062,0.39589905362776023,0.25081967213114753,0.26365054602184085,0.3190789473684211,0.24115755627009647,0.15584415584415584,0.11410459587955626,0.15590551181102363,0.1685761047463175,0.19184290030211482,0.16119402985074627,0.15254237288135594,0.17862838915470494,0.16925465838509315,0.2638655462184874,0.21498371335504887,0.3178036605657238,0.21835443037974683,0.25040387722132473,0.2039573820395738,0.3227848101265823,0.11940298507462686,0.1362126245847176,0.23728813559322035,0.2652027027027027,0.2549019607843137,0.296998420221169,0.23714759535655058,0.20735785953177258,0.16666666666666666,0.16559485530546625,0.20554649265905384,0.09836065573770492,0.3006535947712418,0.27631578947368424,0.12917933130699089,0.14660493827160495,0.2798165137614679,0.1406003159557662,0.21225710014947682,0.2078559738134206,0.3270735524256651,0.2564935064935065,0.2119205298013245,0.1167192429022082,0.1996779388083736,0.1800595238095238,0.21044303797468356,0.19224555735056542,0.15847860538827258,0.24031007751937986,0.2762520193861066,0.25396825396825395,0.2861788617886179,0.2507936507936508,0.19462025316455697,0.22857142857142856,0.27416798732171155,0.3752066115702479,0.30185497470489037,0.08940397350993377,0.15754560530679934,0.17747440273037543,0.17018072289156627,0.2137030995106036,0.29821717990275526,0.30718954248366015,0.2669983416252073,0.2669902912621359,0.22061191626409019,0.13853503184713375,0.16938110749185667,0.11317829457364341,0.12480499219968799,0.3417322834645669,0.1942215088282504,0.243531202435312,0.2921174652241113,0.18469217970049917,0.17204301075268819,0.15160796324655437,0.10393700787401575,0.21901528013582344,0.1607717041800643,0.19682539682539682
2017,1,9,prevalence,0.15572519083969466,0.24754098360655738,0.21231766612641814,0.16139767054908485,0.27697262479871176,0.23479729729729729,0.1480891719745223,0.3086816720257235,0.22596964586846544,0.3737864077669903,0.12046204620462046,0.2993527508090615,0.15220949263502456,0.15220949263502456,0.21020092735703247,0.3141524105754277,0.2327718223583461,0.1886178861788618,0.16515151515151516,0.1977491961414791,0.15772357723577235,0.20096463022508038,0.12091503267973856,0.2504145936981758,0.28477905073649756,0.2576489533011272,0.24644549763033174,0.21283783783783783,0.11746031746031746,0.28213689482470783,0.19104991394148021,0.2560553633217993,0.1686541737649063,0.2239057239057239,0.1805111821086262,0.1281198003327787,0.19585987261146498,0.2706270627062706,0.33053691275167785,0.2626865671641791,0.2645161290322581,0.2947019867549669,0.1640378548895899,0.28139904610492844,0.1187214611872146,0.18209408194233687,0.2689873417721519,0.18962962962962962,0.11162790697674418,0.19198664440734559,0.13178294573643412,0.1553398058252427,0.2693548387096774,0.30112721417069244,0.28917609046849757,0.29890453834115804,0.23636363636363636,0.14776632302405499,0.3524720893141946,0.28929765886287623,0.2792511700468019,0.18354430379746836,0.3066884176182708,0.2754946727549467,0.24845679012345678,0.29827315541601257,0.2752442996742671,0.29233226837060705,0.30923076923076925,0.2697160883280757,0.2025518341307815,0.25846153846153846,0.25,0.2845786963434022,0.21875,0.17200674536256325,0.2559241706161137,0.23197492163009403,0.18064516129032257,0.19262981574539365,0.2976,0.21362229102167182,0.20032051282051283,0.2691029900332226,0.19753086419753085,0.2256,0.30948419301164726,0.1476923076923077,0.257001647446458,0.2920634920634921,0.23390894819466249,0.16751269035532995,0.2409090909090909,0.30340557275541796,0.16835016835016836,0.11128775834658187,0.18471337579617833,0.1038961038961039,0.34488734835355284,0.22402597402597402,0.14942528735632185,0.21674876847290642,0.21855345911949686,0.19696969696969696,0.19349593495934958,0.1497659906396256,0.20880913539967375,0.28913738019169327,0.13636363636363635,0.11831442463533225,0.30094043887147337,0.31645569620253167,0.23734177215189872,0.24307692307692308,0.1968503937007874,0.30317460317460315,0.27732463295269166,0.24561403508771928,0.2932454695222405,0.23424878836833601,0.16774193548387098,0.1294851794071763,0.13975155279503104,0.19803600654664485,0.24737631184407796,0.19444444444444445,0.14174454828660435,0.21439749608763695,0.14772727272727273,0.2504118616144975,0.1783960720130933,0.24958402662229617,0.25121555915721233,0.2635024549918167,0.22413793103448276,0.27035330261136714,0.10843373493975904,0.15213675213675212,0.238013698630137,0.2606473594548552,0.2732732732732733,0.22308892355694226,0.2270450751252087,0.2711571675302245,0.13838550247116968,0.2015873015873016,0.2268370607028754,0.1388888888888889,0.30578512396694213,0.2671009771986971,0.13198757763975155,0.12322274881516587,0.262992125984252,0.1624203821656051,0.2176560121765601,0.26424050632911394,0.30434782608695654,0.2778675282714055,0.2222222222222222,0.16043613707165108,0.23801652892561984,0.2277526395173454,0.20733652312599682,0.16174183514774496,0.13271604938271606,0.21473354231974923,0.3338815789473684,0.304140127388535,0.26644736842105265,0.29073482428115016,0.22347266881028938,0.24143556280587275,0.2908496732026144,0.30866141732283464,0.3136288998357964,0.10286677908937605,0.1757679180887372,0.14309484193011648,0.18333333333333332,0.20611916264090177,0.3413848631239936,0.28762541806020064,0.3063209076175041,0.3355263157894737,0.2222222222222222,0.12913385826771653,0.23294509151414308,0.08702531645569621,0.125,0.28917609046849757,0.1497584541062802,0.2664624808575804,0.27889060092449924,0.21859706362153344,0.17267267267267267,0.16563467492260062,0.11472868217054263,0.26655629139072845,0.13008130081300814,0.15548281505728315
2018,1,9,prevalence,0.15730337078651685,0.24603174603174602,0.18630573248407642,0.22647527910685805,0.2684124386252046,0.24108658743633277,0.12980769230769232,0.30317460317460315,0.2622673434856176,0.2877813504823151,0.12025316455696203,0.3094098883572568,0.12280701754385964,0.12280701754385964,0.22945736434108527,0.35658914728682173,0.22564935064935066,0.2173202614379085,0.17345399698340874,0.18608414239482202,0.18524590163934426,0.20483870967741935,0.13400335008375208,0.2736318407960199,0.28735632183908044,0.22100313479623823,0.214170692431562,0.2687074829931973,0.12460063897763578,0.2883031301482702,0.1832191780821918,0.22280701754385965,0.15371621621621623,0.2759226713532513,0.1669266770670827,0.16449511400651465,0.18270799347471453,0.3394039735099338,0.3388704318936877,0.3328220858895706,0.21241830065359477,0.321656050955414,0.16901408450704225,0.313915857605178,0.15535444947209653,0.1990811638591118,0.2697160883280757,0.25656877897990726,0.09133858267716535,0.23263327948303716,0.14351851851851852,0.11594202898550725,0.2568659127625202,0.29510703363914376,0.23824959481361427,0.3004769475357711,0.21935483870967742,0.1825938566552901,0.39652448657187994,0.2931323283082077,0.32057416267942584,0.20508744038155802,0.3821138211382114,0.30257186081694404,0.262992125984252,0.3723076923076923,0.31862745098039214,0.3140096618357488,0.28680981595092025,0.27301092043681746,0.21122112211221122,0.24561403508771928,0.3095599393019727,0.30917874396135264,0.2188976377952756,0.17304492512479203,0.26160990712074306,0.21359223300970873,0.20394736842105263,0.25166666666666665,0.2398042414355628,0.25162337662337664,0.1925566343042071,0.2981574539363484,0.21283255086071987,0.24483306836248012,0.27768595041322314,0.17972350230414746,0.2665589660743134,0.24082934609250398,0.30647709320695105,0.21176470588235294,0.29411764705882354,0.294770206022187,0.1621160409556314,0.08660130718954248,0.16586921850079744,0.09656301145662848,0.24212271973466004,0.252442996742671,0.13050570962479607,0.18195956454121306,0.2976,0.2629815745393635,0.25121555915721233,0.14173228346456693,0.20689655172413793,0.3054187192118227,0.13548387096774195,0.11961722488038277,0.24019607843137256,0.2576489533011272,0.23734177215189872,0.19811320754716982,0.18466353677621283,0.30194805194805197,0.26666666666666666,0.29200652528548127,0.3570274636510501,0.23380726698262244,0.22943037974683544,0.15123456790123457,0.09922480620155039,0.2353896103896104,0.22900763358778625,0.1852409638554217,0.1078125,0.25365853658536586,0.14238952536824878,0.21647819063004847,0.16639477977161501,0.21947194719471946,0.26614173228346455,0.3273905996758509,0.2176,0.23583460949464014,0.13559322033898305,0.16033057851239668,0.28691275167785235,0.29372937293729373,0.24242424242424243,0.24961479198767333,0.2520064205457464,0.3076923076923077,0.1147011308562197,0.22063492063492063,0.22591362126245848,0.15309446254071662,0.2603648424543947,0.22185430463576158,0.16614420062695925,0.1339712918660287,0.26688102893890675,0.19273301737756715,0.2066365007541478,0.36276083467094705,0.29763779527559053,0.24917491749174916,0.2294022617124394,0.187207488299532,0.2491638795986622,0.3027950310559006,0.24587458745874588,0.16876971608832808,0.13963963963963963,0.20126782884310618,0.3157894736842105,0.30709876543209874,0.24512987012987014,0.2831050228310502,0.215625,0.2602291325695581,0.3014827018121911,0.2914012738853503,0.24183006535947713,0.125,0.1945392491467577,0.1378737541528239,0.21798780487804878,0.2084006462035541,0.34223706176961605,0.2998236331569665,0.3485342019543974,0.3016393442622951,0.2028985507246377,0.19904458598726116,0.3059210526315789,0.07827476038338659,0.12140575079872204,0.28687196110210694,0.12315270935960591,0.24270353302611367,0.27586206896551724,0.20404721753794267,0.18947368421052632,0.22565687789799072,0.14826021180030258,0.30666666666666664,0.10430463576158941,0.16830065359477125
2019,1,9,prevalence,0.1877076411960133,0.2857142857142857,0.23529411764705882,0.2720125786163522,0.24635332252836303,0.25,0.12057877813504823,0.29769736842105265,0.2181208053691275,0.22843450479233227,0.12020033388981637,0.29017160686427457,0.1253968253968254,0.1253968253968254,0.2526475037821483,0.24461538461538462,0.2267536704730832,0.20394736842105263,0.17298937784522003,0.23311897106109325,0.23696682464454977,0.20297029702970298,0.12577639751552794,0.3047945205479452,0.28317152103559873,0.22151898734177214,0.23739837398373984,0.25982905982905985,0.20537124802527645,0.29489291598023065,0.22920203735144312,0.1652754590984975,0.17206132879045996,0.27424749163879597,0.2236024844720497,0.24311183144246354,0.24271844660194175,0.3445378151260504,0.2805872756933116,0.30214723926380366,0.18152866242038215,0.3056426332288401,0.18210862619808307,0.36217948717948717,0.2344931921331316,0.2383107088989442,0.2650793650793651,0.2589147286821705,0.0985691573926868,0.21187800963081863,0.17573872472783825,0.08986928104575163,0.2870967741935484,0.33384146341463417,0.2634146341463415,0.26580226904376014,0.2273449920508744,0.17487266553480477,0.3978819969742814,0.2833333333333333,0.30427892234548337,0.18210361067503925,0.3481717011128776,0.334841628959276,0.25779967159277506,0.37537537537537535,0.3040650406504065,0.3083067092651757,0.2601880877742947,0.2297734627831715,0.22006472491909385,0.20621931260229132,0.3165905631659056,0.3116883116883117,0.23197492163009403,0.23500810372771475,0.2557427258805513,0.21253822629969418,0.22291993720565148,0.27948303715670436,0.20458265139116202,0.2931854199683043,0.16013071895424835,0.29431438127090304,0.19642857142857142,0.2090032154340836,0.22184300341296928,0.24471299093655588,0.30441640378548895,0.19808306709265175,0.28501628664495116,0.24271844660194175,0.29027576197387517,0.32868217054263565,0.22036727879799667,0.09938837920489296,0.17936507936507937,0.09193548387096774,0.20826446280991737,0.24104234527687296,0.178743961352657,0.17889908256880735,0.29874213836477986,0.27591973244147155,0.2751677852348993,0.19085173501577288,0.19965870307167236,0.2886762360446571,0.16039279869067102,0.1407528641571195,0.24635332252836303,0.2376237623762376,0.21634615384615385,0.22617124394184168,0.22943037974683544,0.3502377179080824,0.2684124386252046,0.2524752475247525,0.2626427406199021,0.2777777777777778,0.25908372827804105,0.18401206636500755,0.10015408320493066,0.3003246753246753,0.22392638036809817,0.17418351477449456,0.10461538461538461,0.23274478330658105,0.1393841166936791,0.1652892561983471,0.1933884297520661,0.2032258064516129,0.2784,0.32676518883415434,0.23349436392914655,0.22535211267605634,0.15360983102918588,0.19966722129783693,0.28594249201277955,0.29541595925297115,0.2132701421800948,0.28317152103559873,0.2408026755852843,0.2779605263157895,0.13526570048309178,0.25316455696202533,0.22870662460567823,0.1733800350262697,0.23578595317725753,0.2570480928689884,0.23981191222570533,0.16938110749185667,0.3022875816993464,0.1774436090225564,0.2204968944099379,0.34579439252336447,0.27258320126782887,0.20193861066235863,0.26221498371335505,0.21638330757341576,0.3025210084033613,0.2709284627092846,0.2398042414355628,0.16286644951140064,0.19011976047904192,0.1949286846275753,0.34076433121019106,0.23317683881064163,0.27629513343799056,0.27217125382262997,0.21169036334913113,0.2905405405405405,0.2913907284768212,0.2770897832817337,0.2252836304700162,0.14119601328903655,0.21440536013400335,0.12317666126418152,0.2280431432973806,0.22926829268292684,0.26578073089701,0.3,0.3161993769470405,0.29131175468483816,0.1870967741935484,0.28731942215088285,0.2903752039151713,0.10569105691056911,0.11501597444089456,0.30317460317460315,0.09950248756218906,0.27126099706744866,0.246875,0.24833333333333332,0.2519201228878648,0.25636942675159236,0.21341463414634146,0.33843537414965985,0.0915032679738562,0.20655737704918034
2020,1,9,prevalence,0.3040650406504065,0.28205128205128205,0.31475409836065577,0.37697160883280756,0.33170731707317075,0.302491103202847,0.14521452145214522,0.24881889763779527,0.2847341337907376,0.24324324324324326,0.1111111111111111,0.2251968503937008,0.10551181102362205,0.10551181102362205,0.2673716012084592,0.2230769230769231,0.2476038338658147,0.14715189873417722,0.21633888048411498,0.31378763866877973,0.2352,0.2048780487804878,0.162754303599374,0.26776859504132233,0.30124223602484473,0.22857142857142856,0.3669421487603306,0.2970639032815199,0.26952526799387444,0.29900332225913623,0.2512820512820513,0.16279069767441862,0.15166666666666667,0.27938671209540034,0.3269230769230769,0.24794745484400657,0.26991869918699185,0.2628951747088186,0.25163398692810457,0.27672955974842767,0.2623762376237624,0.21293375394321767,0.20031545741324921,0.3258785942492013,0.24191063174114022,0.2560240963855422,0.2779503105590062,0.29154078549848944,0.141287284144427,0.2032258064516129,0.1478129713423831,0.08631921824104234,0.3011844331641286,0.294478527607362,0.24921135646687698,0.21405228758169934,0.23736600306278713,0.22128378378378377,0.3365231259968102,0.26929392446633826,0.24920127795527156,0.23717948717948717,0.2981366459627329,0.28091603053435116,0.27463651050080773,0.36036036036036034,0.28253968253968254,0.28115015974440893,0.2543171114599686,0.2022653721682848,0.1964573268921095,0.23154362416107382,0.3090909090909091,0.3239669421487603,0.24644549763033174,0.23003194888178913,0.26706231454005935,0.3348909657320872,0.2119309262166405,0.28188976377952757,0.1568,0.2573770491803279,0.12954186413902052,0.31353135313531355,0.1888,0.20462046204620463,0.2310177705977383,0.3272450532724505,0.30866141732283464,0.16770186335403728,0.23452768729641693,0.3201320132013201,0.2565597667638484,0.31363636363636366,0.32300163132137033,0.1597444089456869,0.18407960199004975,0.1024,0.24328593996840442,0.268370607028754,0.3105691056910569,0.17620481927710843,0.27941176470588236,0.2530329289428076,0.2912,0.24237560192616373,0.22909698996655517,0.34072900158478603,0.20230263157894737,0.23164763458401305,0.3333333333333333,0.2847682119205298,0.1779935275080906,0.19055118110236222,0.3022151898734177,0.36666666666666664,0.2579034941763727,0.19967532467532467,0.23832528180354268,0.2717041800643087,0.25949367088607594,0.17575757575757575,0.12724550898203593,0.32432432432432434,0.2321699544764795,0.21189024390243902,0.12836767036450078,0.2132701421800948,0.1631663974151858,0.1490787269681742,0.2536115569823435,0.21746293245469522,0.29233226837060705,0.2670906200317965,0.31290322580645163,0.23244929797191888,0.16478190630048464,0.20431893687707642,0.2932692307692308,0.3294314381270903,0.20611916264090177,0.30210016155088854,0.3200663349917081,0.2257001647446458,0.13449367088607594,0.26461038961038963,0.22012578616352202,0.2951096121416526,0.22071307300509338,0.2673434856175973,0.3572567783094099,0.30048465266558966,0.2819672131147541,0.2152671755725191,0.20550161812297735,0.2770700636942675,0.29193548387096774,0.21535893155258765,0.29853181076672103,0.2727272727272727,0.29833333333333334,0.23969465648854962,0.23709677419354838,0.1856,0.24617737003058104,0.24483306836248012,0.3261943986820428,0.17896389324960754,0.23963133640552994,0.2874432677760968,0.2465331278890601,0.24040066777963273,0.23404255319148937,0.27479674796747966,0.21809369951534732,0.17647058823529413,0.23666666666666666,0.14006514657980457,0.3072100313479624,0.2304,0.2795341098169717,0.3129370629370629,0.35173501577287064,0.31719532554257096,0.18370607028753994,0.3446601941747573,0.265625,0.1573926868044515,0.16181229773462782,0.26178861788617885,0.12521150592216582,0.2765321375186846,0.2845659163987138,0.24222585924713586,0.2597809076682316,0.2961165048543689,0.2287878787878788,0.30354131534569984,0.10766721044045677,0.3378839590443686
2021,1,9,prevalence,0.5298013245033113,0.2995319812792512,0.34094616639477976,0.38863287250384027,0.38980263157894735,0.31732418524871353,0.20302013422818793,0.24961479198767333,0.28998242530755713,0.3673139158576052,0.09477124183006536,0.15594855305466238,0.08346213292117466,0.08346213292117466,0.23759398496240602,0.18947368421052632,0.249185667752443,0.14037854889589904,0.279874213836478,0.30363036303630364,0.28503184713375795,0.23987034035656402,0.19611021069692058,0.2961165048543689,0.40705128205128205,0.24358974358974358,0.4341216216216216,0.4074074074074074,0.3884673748103187,0.3449419568822554,0.2205128205128205,0.18697829716193656,0.12333333333333334,0.32142857142857145,0.33658536585365856,0.2743221690590112,0.28976377952755905,0.22402597402597402,0.2315270935960591,0.2375,0.2956810631229236,0.20602218700475436,0.3201267828843106,0.393026941362916,0.29411764705882354,0.22464898595943839,0.28169014084507044,0.30864197530864196,0.14492753623188406,0.21129032258064517,0.15905743740795286,0.07550335570469799,0.34285714285714286,0.3328220858895706,0.26875,0.24635332252836303,0.2267884322678843,0.25549915397631134,0.33438985736925514,0.26178861788617885,0.25241157556270094,0.21207177814029363,0.30250783699059564,0.2809667673716012,0.27403846153846156,0.3101361573373676,0.31259968102073366,0.3126984126984127,0.225,0.16013071895424835,0.18624161073825504,0.23627287853577372,0.2874432677760968,0.3021346469622332,0.22100313479623823,0.2576985413290113,0.2774390243902439,0.4319620253164557,0.22445820433436534,0.29141104294478526,0.1143317230273752,0.2676282051282051,0.10110584518167456,0.2991596638655462,0.1781045751633987,0.17932148626817448,0.2926829268292683,0.3401253918495298,0.27388535031847133,0.14418604651162792,0.2632450331125828,0.4311475409836066,0.1924812030075188,0.3073248407643312,0.399673735725938,0.27099841521394613,0.1912751677852349,0.16483516483516483,0.26976744186046514,0.2800658978583196,0.3295638126009693,0.22065727699530516,0.28500823723228996,0.2645051194539249,0.36038961038961037,0.3116883116883117,0.2830508474576271,0.413290113452188,0.24790619765494137,0.2898089171974522,0.40764331210191085,0.36258278145695366,0.1419141914191419,0.16531604538087522,0.4158878504672897,0.3395638629283489,0.32896890343698854,0.17703349282296652,0.2573770491803279,0.31746031746031744,0.3011093502377179,0.16765578635014836,0.10920436817472699,0.2969502407704655,0.2783661119515885,0.25267993874425726,0.10032894736842106,0.13614262560777957,0.15823817292006526,0.14748784440842788,0.2806451612903226,0.24149108589951376,0.34072900158478603,0.24519230769230768,0.34308943089430893,0.18325434439178515,0.16830065359477125,0.22789115646258504,0.2859450726978998,0.3225806451612903,0.18253968253968253,0.26359143327841844,0.3789649415692821,0.1781512605042017,0.17546583850931677,0.28594771241830064,0.17495987158908508,0.4010327022375215,0.20439189189189189,0.3843700159489633,0.47962382445141066,0.40215716486902925,0.2634228187919463,0.23493975903614459,0.17045454545454544,0.2148626817447496,0.2985781990521327,0.17304492512479203,0.3220064724919094,0.31942215088282505,0.2894736842105263,0.22720247295208656,0.2822966507177033,0.26148969889064977,0.31594634873323396,0.4221183800623053,0.37398373983739835,0.19906687402799378,0.2561349693251534,0.28639240506329117,0.2557077625570776,0.20236087689713322,0.24882629107981222,0.3179650238473768,0.20418006430868169,0.21947194719471946,0.32057416267942584,0.22479338842975208,0.3338735818476499,0.20096463022508038,0.2587646076794658,0.359375,0.33980582524271846,0.2773109243697479,0.13636363636363635,0.40770465489566615,0.31317829457364343,0.23548387096774193,0.2015748031496063,0.2914653784219002,0.1423785594639866,0.2617554858934169,0.33653846153846156,0.19008264462809918,0.3234836702954899,0.3778135048231511,0.26627218934911245,0.31466227347611203,0.14332784184514002,0.46245733788395904
2022,1,9,prevalence,0.6504201680672269,0.2565284178187404,0.3316831683168317,0.3148148148148148,0.44805194805194803,0.40034364261168387,0.3721311475409836,0.2606060606060606,0.33687943262411346,0.4161392405063291,0.10866141732283464,0.16962843295638125,0.07098765432098765,0.07098765432098765,0.18358208955223881,0.22205438066465258,0.26540284360189575,0.09848484848484848,0.41533546325878595,0.3134087237479806,0.31596091205211724,0.3165829145728643,0.23225806451612904,0.3157051282051282,0.4660347551342812,0.32298136645962733,0.4582651391162029,0.4837662337662338,0.5735735735735735,0.3289036544850498,0.40098199672667756,0.17993079584775087,0.13758389261744966,0.23657718120805368,0.31006493506493504,0.4565916398713826,0.2488479262672811,0.22468354430379747,0.20462046204620463,0.314785373608903,0.27182866556836904,0.1767515923566879,0.5262321144674086,0.3843700159489633,0.29449838187702265,0.2566510172143975,0.5345622119815668,0.40372670807453415,0.20772946859903382,0.26461038961038963,0.15060240963855423,0.0805921052631579,0.36551724137931035,0.2631578947368421,0.3108728943338438,0.3596774193548387,0.22239031770045387,0.26791808873720135,0.3338509316770186,0.23771790808240886,0.28,0.33650793650793653,0.23113207547169812,0.2581143740340031,0.29566563467492263,0.2565284178187404,0.3648,0.29780564263322884,0.2589147286821705,0.16013071895424835,0.28717948717948716,0.25236593059936907,0.35222052067381315,0.27099841521394613,0.19874804381846636,0.399673735725938,0.34142640364188165,0.5126182965299685,0.3216995447647951,0.3307453416149068,0.06913183279742766,0.3673469387755102,0.09119496855345911,0.2663230240549828,0.3157894736842105,0.24193548387096775,0.34724540901502504,0.3767441860465116,0.30866141732283464,0.1328125,0.26,0.5140495867768595,0.21212121212121213,0.2747603833865815,0.5132890365448505,0.3957654723127036,0.1683673469387755,0.3390625,0.3541341653666147,0.2532894736842105,0.405,0.4062015503875969,0.3944353518821604,0.30338983050847457,0.2961783439490446,0.3715670436187399,0.487012987012987,0.4959481361426256,0.30808080808080807,0.44565217391304346,0.37735849056603776,0.38202247191011235,0.17918088737201365,0.2652733118971061,0.31504702194357365,0.3291338582677165,0.39865996649916247,0.17142857142857143,0.28125,0.3956386292834891,0.4391785150078989,0.21592649310872894,0.09627329192546584,0.3275862068965517,0.32066869300911854,0.31336405529953915,0.07920792079207921,0.1038961038961039,0.19834710743801653,0.18681318681318682,0.4169381107491857,0.2896890343698854,0.45527156549520764,0.20064724919093851,0.3511705685618729,0.2188976377952756,0.19407894736842105,0.35751295336787564,0.3317307692307692,0.35185185185185186,0.17467948717948717,0.234006734006734,0.5453047775947282,0.18314424635332252,0.33129770992366414,0.3017656500802568,0.24600638977635783,0.4794069192751236,0.2504288164665523,0.4469820554649266,0.5271317829457365,0.3655913978494624,0.3053691275167785,0.2883435582822086,0.20491803278688525,0.20388349514563106,0.3450479233226837,0.16363636363636364,0.37925445705024313,0.34627831715210355,0.29900332225913623,0.3392857142857143,0.3646677471636953,0.356120826709062,0.43219076005961254,0.6071987480438185,0.49514563106796117,0.19561815336463223,0.2625,0.36935483870967745,0.28615863141524106,0.17195325542570952,0.30218068535825543,0.28708133971291866,0.1674565560821485,0.2761437908496732,0.40965732087227413,0.43842364532019706,0.23667711598746083,0.21815286624203822,0.26153846153846155,0.4189655172413793,0.4548440065681445,0.4102141680395387,0.14357262103505844,0.49596122778675283,0.33692307692307694,0.43478260869565216,0.2845528455284553,0.2808988764044944,0.1771523178807947,0.24525316455696203,0.5918032786885246,0.17333333333333334,0.46070878274268107,0.358814352574103,0.3422712933753943,0.32792207792207795,0.5756097560975609,0.5540765391014975
2023,1,9,prevalence,0.4288107202680067,0.29393939393939394,0.35034013605442177,0.30640243902439024,0.39093959731543626,0.4359861591695502,0.555735056542811,0.2295839753466872,0.3488773747841105,0.43601895734597157,0.16220472440944883,0.1360655737704918,0.06624605678233439,0.06624605678233439,0.21418020679468242,0.19534883720930232,0.3103448275862069,0.13957055214723926,0.4207920792079208,0.2532894736842105,0.2582236842105263,0.37209302325581395,0.26148969889064977,0.37183544303797467,0.4403225806451613,0.34579439252336447,0.40435458786936235,0.34935897435897434,0.5393939393939394,0.3063973063973064,0.6328502415458938,0.17206132879045996,0.16912972085385877,0.17060810810810811,0.3494363929146538,0.6194267515923567,0.23273273273273273,0.2459807073954984,0.24212271973466004,0.36251920122887865,0.29187396351575456,0.1592356687898089,0.5163297045101088,0.4557165861513688,0.26198083067092653,0.1926751592356688,0.5869894099848714,0.40282131661442006,0.3032258064516129,0.3679092382495948,0.12850812407680945,0.08045977011494253,0.4757785467128028,0.19614147909967847,0.28134556574923547,0.3772954924874791,0.28869047619047616,0.2977624784853701,0.32829046898638425,0.27001569858712715,0.29333333333333333,0.488,0.22042139384116693,0.30985915492957744,0.3453125,0.17359050445103857,0.35101404056162244,0.2523809523809524,0.2678018575851393,0.16835016835016836,0.5588235294117647,0.24281150159744408,0.4793261868300153,0.3323262839879154,0.19500780031201248,0.6140065146579805,0.40746500777604977,0.4794952681388013,0.5054602184087363,0.2916030534351145,0.04227642276422764,0.47104851330203446,0.11574074074074074,0.2182741116751269,0.6057046979865772,0.2902711323763955,0.3087248322147651,0.3090062111801242,0.2859375,0.205607476635514,0.3076923076923077,0.4683954619124797,0.20662460567823343,0.2523076923076923,0.48739495798319327,0.4673202614379085,0.1844331641285956,0.6328125,0.4307692307692308,0.32436708860759494,0.45918367346938777,0.6345864661654136,0.5814332247557004,0.28378378378378377,0.27892234548335976,0.33063209076175043,0.5283630470016207,0.4828711256117455,0.30412371134020616,0.5725552050473186,0.29709035222052066,0.339171974522293,0.23013245033112584,0.3753993610223642,0.2650793650793651,0.3147286821705426,0.4792703150912106,0.1407528641571195,0.35081967213114756,0.347068145800317,0.5499207606973059,0.3165137614678899,0.15286624203821655,0.3202511773940345,0.35828025477707004,0.29770992366412213,0.09415584415584416,0.12619808306709265,0.21252059308072488,0.3296,0.5151515151515151,0.36288998357963875,0.46485623003194887,0.23089700996677742,0.30716723549488056,0.2740157480314961,0.25165562913907286,0.3645655877342419,0.4098101265822785,0.30179445350734097,0.38449111470113084,0.2354948805460751,0.46050420168067224,0.28104575163398693,0.6162420382165605,0.32701421800947866,0.264,0.46474358974358976,0.44518272425249167,0.39967637540453077,0.37384615384615383,0.38057324840764334,0.42346938775510207,0.4,0.3338870431893688,0.2032258064516129,0.36079077429983525,0.20545746388443017,0.38461538461538464,0.39222042139384117,0.28449744463373083,0.5625990491283677,0.3372093023255814,0.4608,0.42835595776772245,0.4688473520249221,0.5732899022801303,0.22488038277511962,0.3082942097026604,0.4263565891472868,0.305111821086262,0.23793103448275862,0.3295638126009693,0.3125,0.19874804381846636,0.3780687397708674,0.4107946026986507,0.5907692307692308,0.1873015873015873,0.2468553459119497,0.2783333333333333,0.43230016313213704,0.3333333333333333,0.37138263665594856,0.22950819672131148,0.44711538461538464,0.3450381679389313,0.5592417061611374,0.40033500837520936,0.3056,0.2742200328407225,0.3092621664050236,0.5490848585690515,0.19430485762144054,0.5577211394302849,0.325,0.46360759493670883,0.38808373590982287,0.6890343698854338,0.4827018121911038
2024,1,9,prevalence,0.2922297297297297,0.2681818181818182,0.2751235584843493,0.1889055472263868,0.3011456628477905,0.36710963455149503,0.4451718494271686,0.20344287949921752,0.30405405405405406,0.31045241809672386,0.18454258675078863,0.2297734627831715,0.04838709677419355,0.04838709677419355,0.29402985074626864,0.2253968253968254,0.3073248407643312,0.144,0.32838283828382836,0.22580645161290322,0.20352564102564102,0.27936507936507937,0.2703583061889251,0.35394126738794435,0.3623417721518987,0.3261205564142195,0.2625,0.23027375201288244,0.3761755485893417,0.4080267558528428,0.5024154589371981,0.14188034188034188,0.17100977198697068,0.18104906937394247,0.32998324958123953,0.47523219814241485,0.2932330827067669,0.2515432098765432,0.2066772655007949,0.34548335974643424,0.3354943273905997,0.16586921850079744,0.29767441860465116,0.4231974921630094,0.23076923076923078,0.144,0.43407407407407406,0.3536977491961415,0.2896440129449838,0.3333333333333333,0.12667660208643816,0.07431340872374798,0.37282229965156793,0.21800947867298578,0.3136,0.2703583061889251,0.282089552238806,0.26101141924959215,0.35285285285285284,0.26031746031746034,0.32593856655290104,0.3652312599681021,0.23941368078175895,0.3089171974522293,0.3080495356037152,0.16890881913303438,0.30275229357798167,0.2546583850931677,0.26146788990825687,0.18518518518518517,0.5016339869281046,0.238562091503268,0.37341772151898733,0.37425149700598803,0.20094191522762953,0.4306451612903226,0.3763955342902711,0.34782608695652173,0.46044303797468356,0.2511144130757801,0.019543973941368076,0.3512269938650307,0.12364760432766615,0.265,0.47587354409317806,0.3968,0.24058919803600654,0.24512987012987014,0.3508500772797527,0.296998420221169,0.31438127090301005,0.3492822966507177,0.2102803738317757,0.2480252764612954,0.33993399339933994,0.3941368078175896,0.22033898305084745,0.48,0.35068912710566613,0.2962962962962963,0.36930860033726814,0.45151033386327505,0.4696485623003195,0.27538726333907054,0.21739130434782608,0.24469820554649266,0.37936507936507935,0.36772046589018303,0.2508650519031142,0.4050632911392405,0.289922480620155,0.3637795275590551,0.28688524590163933,0.40836012861736337,0.20418006430868169,0.2708978328173375,0.36318407960199006,0.14100486223662884,0.2777777777777778,0.32398753894080995,0.45800316957210774,0.3969924812030075,0.18760195758564438,0.3056426332288401,0.27154471544715447,0.27121212121212124,0.08957654723127036,0.168,0.24957841483979765,0.3522012578616352,0.3784219001610306,0.31197301854974707,0.3825944170771757,0.216,0.2881646655231561,0.30985915492957744,0.3425324675324675,0.31840796019900497,0.416793893129771,0.25161290322580643,0.39967637540453077,0.18781725888324874,0.2893401015228426,0.328525641025641,0.5301587301587302,0.3547351524879615,0.28109854604200324,0.329153605015674,0.42358803986710963,0.21484992101105846,0.2685624012638231,0.266025641025641,0.37225042301184436,0.312202852614897,0.342327150084317,0.2087912087912088,0.32989690721649484,0.32576985413290116,0.3055091819699499,0.29079159935379645,0.2931937172774869,0.42810457516339867,0.2709677419354839,0.36741214057507987,0.3411580594679186,0.3140096618357488,0.3872,0.2396825396825397,0.2942122186495177,0.3426356589147287,0.3068362480127186,0.2931323283082077,0.3249581239530988,0.24883359253499224,0.25308641975308643,0.3741935483870968,0.2960122699386503,0.4165390505359878,0.1178343949044586,0.29133858267716534,0.34683954619124796,0.32305194805194803,0.2969502407704655,0.3058252427184466,0.34271523178807944,0.35702479338842974,0.30243161094224924,0.4413145539906103,0.34318555008210183,0.2484076433121019,0.2896440129449838,0.36597110754414125,0.42218543046357615,0.20945945945945946,0.42410714285714285,0.23671497584541062,0.3870967741935484,0.3663522012578616,0.4546899841017488,0.3442622950819672
2025,1,9,prevalence,0.2983050847457627,0.2590448625180897,0.18914473684210525,0.14939024390243902,0.2483766233766234,0.329635499207607,0.3524451939291737,0.15857605177993528,0.28807947019867547,0.27287319422150885,0.21806853582554517,0.284789644012945,0.0214168039538715,0.0214168039538715,0.29237947122861585,0.22585924713584288,0.2251968503937008,0.1439873417721519,0.3026315789473684,0.19185059422750425,0.1639871382636656,0.20278637770897834,0.21978021978021978,0.3550387596899225,0.2901134521880065,0.2748447204968944,0.2604501607717042,0.2224,0.2888198757763975,0.3360927152317881,0.38301282051282054,0.13220338983050847,0.1900958466453674,0.20666666666666667,0.24247491638795987,0.40536277602523657,0.15432098765432098,0.2606707317073171,0.2223926380368098,0.3397129186602871,0.33226837060702874,0.15993537964458804,0.21362229102167182,0.32554517133956384,0.15166666666666667,0.13186813186813187,0.30804248861911987,0.2711038961038961,0.23902439024390243,0.24960254372019078,0.13230769230769232,0.0752,0.3299319727891156,0.2395498392282958,0.2543720190779014,0.2077922077922078,0.2921686746987952,0.27603305785123966,0.29253731343283584,0.21766561514195584,0.3555926544240401,0.3155339805825243,0.23778501628664495,0.2837209302325581,0.26465927099841524,0.22170542635658916,0.2581143740340031,0.2919254658385093,0.31726283048211507,0.22405271828665568,0.4694533762057878,0.2479740680713128,0.3489827856025039,0.35176651305683565,0.2650231124807396,0.35303514376996803,0.3086816720257235,0.29623567921440264,0.38388625592417064,0.18931297709923664,0.014263074484944533,0.25636942675159236,0.14012738853503184,0.26504065040650404,0.3709677419354839,0.31545741324921134,0.22913256955810146,0.1955128205128205,0.3066465256797583,0.3732283464566929,0.30392156862745096,0.28314238952536824,0.16293929712460065,0.2667706708268331,0.29508196721311475,0.3070739549839228,0.21608040201005024,0.38412698412698415,0.2898330804248862,0.2720125786163522,0.315359477124183,0.37538940809968846,0.34628378378378377,0.2727272727272727,0.13322368421052633,0.16885245901639345,0.3076923076923077,0.29549248747913187,0.21843003412969283,0.2967032967032967,0.2593167701863354,0.32125984251968503,0.2935153583617747,0.36363636363636365,0.23482428115015974,0.2744479495268139,0.2826797385620915,0.20678513731825526,0.22943037974683544,0.23263327948303716,0.3801916932907348,0.3328050713153724,0.25980392156862747,0.2813008130081301,0.2730210016155089,0.2534351145038168,0.08852459016393442,0.25588697017268447,0.23745819397993312,0.3544891640866873,0.29373996789727125,0.22110552763819097,0.3414239482200647,0.25040387722132473,0.23448275862068965,0.2115085536547434,0.32463295269168024,0.24546952224052718,0.36946564885496186,0.19032258064516128,0.34340222575516693,0.1952054794520548,0.23666666666666666,0.3163751987281399,0.3847376788553259,0.2539432176656151,0.25,0.18478260869565216,0.4057507987220447,0.17088607594936708,0.19400630914826497,0.19329073482428116,0.35,0.22119815668202766,0.304857621440536,0.23708206686930092,0.31552587646076796,0.38235294117647056,0.2783171521035599,0.24720893141945774,0.2181500872600349,0.3245469522240527,0.17862838915470494,0.28892455858747995,0.2939297124600639,0.2563291139240506,0.3257328990228013,0.20411392405063292,0.25081967213114753,0.2434108527131783,0.27056962025316456,0.3660245183887916,0.33996683250414594,0.23974763406940064,0.22429906542056074,0.3544715447154472,0.2314674735249622,0.31393568147013784,0.08737864077669903,0.27856025039123633,0.3443708609271523,0.25949367088607594,0.1505016722408027,0.26324237560192615,0.4142857142857143,0.2681744749596123,0.25595238095238093,0.3301282051282051,0.33444816053511706,0.22366288492706646,0.2815533980582524,0.37337662337662336,0.36363636363636365,0.23920265780730898,0.33234859675036926,0.1935483870967742,0.3095623987034036,0.3252032520325203,0.3514774494556765,0.25853658536585367
