Time,age_start,age_end,measure,draw_0,draw_1,draw_2,draw_3,draw_4,draw_5,draw_6,draw_7,draw_8,draw_9,draw_10,draw_11,draw_12,draw_13,draw_14,draw_15,draw_16,draw_17,draw_18,draw_19,draw_20,draw_21,draw_22,draw_23,draw_24,draw_25,draw_26,draw_27,draw_28,draw_29,draw_30,draw_31,draw_32,draw_33,draw_34,draw_35,draw_36,draw_37,draw_38,draw_39,draw_40,draw_41,draw_42,draw_43,draw_44,draw_45,draw_46,draw_47,draw_48,draw_49,draw_50,draw_51,draw_52,draw_53,draw_54,draw_55,draw_56,draw_57,draw_58,draw_59,draw_60,draw_61,draw_62,draw_63,draw_64,draw_65,draw_66,draw_67,draw_68,draw_69,draw_70,draw_71,draw_72,draw_73,draw_74,draw_75,draw_76,draw_77,draw_78,draw_79,draw_80,draw_81,draw_82,draw_83,draw_84,draw_85,draw_86,draw_87,draw_88,draw_89,draw_90,draw_91,draw_92,draw_93,draw_94,draw_95,draw_96,draw_97,draw_98,draw_99,draw_100,draw_101,draw_102,draw_103,draw_104,draw_105,draw_106,draw_107,draw_108,draw_109,draw_110,draw_111,draw_112,draw_113,draw_114,draw_115,draw_116,draw_117,draw_118,draw_119,draw_120,draw_121,draw_122,draw_123,draw_124,draw_125,draw_126,draw_127,draw_128,draw_129,draw_130,draw_131,draw_132,draw_133,draw_134,draw_135,draw_136,draw_137,draw_138,draw_139,draw_140,draw_141,draw_142,draw_143,draw_144,draw_145,draw_146,draw_147,draw_148,draw_149,draw_150,draw_151,draw_152,draw_153,draw_154,draw_155,draw_156,draw_157,draw_158,draw_159,draw_160,draw_161,draw_162,draw_163,draw_164,draw_165,draw_166,draw_167,draw_168,draw_169,draw_170,draw_171,draw_172,draw_173,draw_174,draw_175,draw_176,draw_177,draw_178,draw_179,draw_180,draw_181,draw_182,draw_183,draw_184,draw_185,draw_186,draw_187,draw_188,draw_189,draw_190,draw_191,draw_192,draw_193,draw_194,draw_195,draw_196,draw_197,draw_198,draw_199
1996,1,9,prevalence,0.10486322188449848,0.006535947712418301,0.0947867298578199,0.03257328990228013,0.09828393135725429,0.04145936981757877,0.06779661016949153,0.19,0.07772795216741404,0.14660493827160495,0.047619047619047616,0.050078247261345854,0.16510903426791276,0.19617224880382775,0.1357254290171607,0.07269789983844911,0.013157894736842105,0.16292974588938713,0.0775716694772344,0.10344827586206896,0.16560509554140126,0.06998444790046657,0.06307692307692307,0.059190031152647975,0.040498442367601244,0.09090909090909091,0.004608294930875576,0.12254160363086233,0.03286384976525822,0.053125,0.052202283849918436,0.0031201248049922,0.15730337078651685,0.24659606656580937,0.18081761006289307,0.09104938271604938,0.1554160125588697,0.059113300492610835,0.15055467511885895,0.12222222222222222,0.08108108108108109,0.15047021943573669,0.09713375796178345,0.10929853181076672,0.03400309119010819,0.06280193236714976,0.27948303715670436,0.12006319115323855,0.11424100156494522,0.0804953560371517,0.1143317230273752,0.10385259631490787,0.09276729559748427,0.034161490683229816,0.0031645569620253164,0.14175654853620956,0.14961832061068703,0.24345146379044685,0.13221884498480244,0.07961783439490445,0.09602649006622517,0.14992272024729522,0.16846986089644514,0.15030674846625766,0.001567398119122257,0.11094452773613193,0.09090909090909091,0.06847133757961783,0.1196319018404908,0.11538461538461539,0.05660377358490566,0.09768211920529801,0.0794912559618442,0.12459546925566344,0.05855161787365177,0.05434782608695652,0.08267090620031796,0.07371794871794872,0.06037151702786378,0.2790346907993967,0.08530805687203792,0.0060790273556231,0.07177033492822966,0.21138211382113822,0.029827315541601257,0.054276315789473686,0.11650485436893204,0.12479474548440066,0.07267441860465117,0.1140215716486903,0.057660626029654036,0.061823802163833076,0.21212121212121213,0.18292682926829268,0.1801526717557252,0.08386075949367089,0.32247557003257327,0.270935960591133,0.07450331125827815,0.24881141045958796,0.17027863777089783,0.2052469135802469,0.165625,0.06752411575562701,0.11073253833049404,0.1650943396226415,0.1500815660685155,0.18421052631578946,0.0017211703958691911,0.11370716510903427,0.1282051282051282,0.014827018121911038,0.2015625,0.07142857142857142,0.050156739811912224,0.07049180327868852,0.06697819314641744,0.0890937019969278,0.0840064620355412,0.050473186119873815,0.19938176197836166,0.03286384976525822,0.19236641221374046,0.01877133105802048,0.0554675118858954,0.1281645569620253,0.17398648648648649,0.046296296296296294,0.0171875,0.1757754800590842,0.10091743119266056,0.1568627450980392,0.01866251944012442,0.06495726495726496,0.10810810810810811,0.0,0.2273476112026359,0.13260530421216848,0.2215568862275449,0.1608832807570978,0.14202898550724638,0.18424962852897475,0.1476725521669342,0.15773353751914243,0.1641337386018237,0.07738998482549317,0.21311475409836064,0.1043338683788122,0.3037156704361874,0.10416666666666667,0.1784037558685446,0.12538699690402477,0.10142630744849446,0.06732348111658457,0.1316931982633864,0.0,0.13754045307443366,0.16199376947040497,0.1342062193126023,0.21061359867330018,0.10142630744849446,0.12460567823343849,0.04297520661157025,0.04501607717041801,0.12361331220285261,0.07142857142857142,0.09603658536585366,0.06199021207177814,0.0819935691318328,0.10697674418604651,0.09302325581395349,0.05116279069767442,0.08231707317073171,0.05087440381558029,0.11057692307692307,0.05152979066022544,0.16051364365971107,0.08144796380090498,0.054140127388535034,0.09752066115702479,0.05457463884430177,0.047692307692307694,0.04314329738058552,0.2642967542503864,0.09643916913946587,0.058544303797468354,0.2047244094488189,0.05362776025236593,0.1111111111111111,0.16666666666666666,0.134185303514377,0.15458937198067632,0.012539184952978056,0.08441558441558442,0.12101910828025478,0.029806259314456036,0.15262321144674085,0.1111111111111111,0.15953947368421054,0.23208722741433022
1997,1,9,prevalence,0.10276073619631902,0.006711409395973154,0.09395973154362416,0.03865546218487395,0.0993485342019544,0.026690391459074734,0.06497622820919176,0.21797004991680533,0.03442879499217527,0.12828947368421054,0.06766917293233082,0.047058823529411764,0.23136645962732919,0.18530884808013356,0.15552099533437014,0.04552845528455285,0.009917355371900827,0.13063063063063063,0.1111111111111111,0.100169779286927,0.12211221122112212,0.09485530546623794,0.07911392405063292,0.07868852459016394,0.04153354632587859,0.09166666666666666,0.0032520325203252032,0.12164296998420221,0.030015797788309637,0.05289256198347107,0.059931506849315065,0.003189792663476874,0.14733542319749215,0.14599686028257458,0.17179902755267423,0.08077544426494346,0.1407766990291262,0.03865546218487395,0.13277310924369748,0.1464968152866242,0.09380234505862646,0.1201923076923077,0.11290322580645161,0.11130434782608696,0.06891025641025642,0.08360128617363344,0.3312,0.11274509803921569,0.11908646003262642,0.09475465313028765,0.08542713567839195,0.05872193436960276,0.05379746835443038,0.0192,0.011647254575707155,0.1182108626198083,0.12721417069243157,0.23064250411861614,0.12149532710280374,0.05057096247960848,0.09484193011647254,0.121875,0.17953020134228187,0.151033386327504,0.0,0.08837209302325581,0.10393700787401575,0.0840064620355412,0.14444444444444443,0.132013201320132,0.04730831973898858,0.11557788944723618,0.11182108626198083,0.1758957654723127,0.05357142857142857,0.06467661691542288,0.08974358974358974,0.04376012965964344,0.07582938388625593,0.24303405572755418,0.06105610561056106,0.009693053311793215,0.07094594594594594,0.2169657422512235,0.03908794788273615,0.050335570469798654,0.08843537414965986,0.07216494845360824,0.0701219512195122,0.08974358974358974,0.05792163543441227,0.05527638190954774,0.21983471074380165,0.19309262166405022,0.21360759493670886,0.0949367088607595,0.23972602739726026,0.21452702702702703,0.05381944444444445,0.27107438016528923,0.1482059282371295,0.22885572139303484,0.16583747927031509,0.06763285024154589,0.09747899159663866,0.15654952076677317,0.14471544715447154,0.22741935483870968,0.0017301038062283738,0.15031645569620253,0.14023372287145242,0.01615798922800718,0.19769357495881384,0.08524590163934426,0.050488599348534204,0.06239168110918544,0.07692307692307693,0.09433962264150944,0.09800664451827243,0.02086677367576244,0.16881028938906753,0.053833605220228384,0.18838304552590268,0.007233273056057866,0.06539074960127592,0.08814102564102565,0.17173524150268335,0.08210180623973727,0.017915309446254073,0.22966507177033493,0.08064516129032258,0.1593959731543624,0.012718600953895072,0.0564373897707231,0.1454248366013072,0.0,0.20689655172413793,0.1309328968903437,0.2347417840375587,0.23128119800332778,0.10979228486646884,0.17889908256880735,0.16275167785234898,0.11861861861861862,0.12752721617418353,0.09606299212598425,0.19627749576988154,0.11736334405144695,0.257001647446458,0.12438625204582651,0.14403973509933773,0.1347068145800317,0.12380952380952381,0.05128205128205128,0.1244309559939302,0.0032948929159802307,0.16387959866220736,0.1314935064935065,0.12244897959183673,0.19407894736842105,0.0848,0.13821138211382114,0.04081632653061224,0.06743421052631579,0.18781725888324874,0.06655290102389079,0.08628659476117104,0.0676818950930626,0.1317157712305026,0.10301109350237718,0.09375,0.0641025641025641,0.1,0.06785137318255251,0.14049586776859505,0.048494983277591976,0.20364238410596028,0.0904836193447738,0.04975922953451043,0.09233449477351917,0.06451612903225806,0.04723127035830619,0.029921259842519685,0.1804635761589404,0.12158054711246201,0.07907742998352553,0.2140468227424749,0.0701468189233279,0.1423785594639866,0.1399662731871838,0.14710743801652892,0.15894039735099338,0.01597444089456869,0.11716171617161716,0.10561056105610561,0.019230769230769232,0.15294117647058825,0.1264559068219634,0.15502555366269166,0.21393841166936792
1998,1,9,prevalence,0.12576687116564417,0.008503401360544218,0.08952702702702703,0.04384485666104553,0.11544715447154472,0.02877697841726619,0.07606973058637084,0.19669421487603306,0.031746031746031744,0.1254071661237785,0.05846153846153846,0.04145936981757877,0.2237871674491393,0.19039735099337748,0.1606864274570983,0.04612850082372323,0.01870748299319728,0.0963302752293578,0.1001788908765653,0.12116040955631399,0.10049423393739704,0.1072,0.09740259740259741,0.07269789983844911,0.041935483870967745,0.10260586319218241,0.003215434083601286,0.12732919254658384,0.0406885758998435,0.04194630872483222,0.06743421052631579,0.006339144215530904,0.1536,0.09455128205128205,0.12091503267973856,0.07987220447284345,0.05806451612903226,0.039735099337748346,0.10942760942760943,0.17927631578947367,0.07925801011804384,0.09872611464968153,0.11631663974151858,0.09929078014184398,0.08780487804878048,0.0609375,0.2986798679867987,0.09394904458598727,0.11423841059602649,0.09752066115702479,0.07894736842105263,0.051601423487544484,0.024883359253499222,0.020933977455716585,0.018835616438356163,0.1166407465007776,0.10543657331136738,0.17052980132450332,0.11374407582938388,0.036303630363036306,0.12171052631578948,0.10969793322734499,0.132013201320132,0.13050314465408805,0.0,0.07317073170731707,0.10236220472440945,0.07729468599033816,0.13580246913580246,0.0944,0.04006677796327212,0.17195325542570952,0.10855263157894737,0.14724919093851133,0.05872756933115824,0.08922558922558922,0.08292682926829269,0.036065573770491806,0.05329153605015674,0.2286158631415241,0.04612850082372323,0.013201320132013201,0.11330049261083744,0.18518518518518517,0.05128205128205128,0.05574324324324324,0.1330998248686515,0.077834179357022,0.0958904109589041,0.0859504132231405,0.07653910149750416,0.042833607907743,0.195,0.18404907975460122,0.272,0.06612903225806452,0.21196581196581196,0.13961605584642234,0.05454545454545454,0.2986577181208054,0.15248796147672553,0.2603648424543947,0.13526570048309178,0.0791599353796446,0.08873720136518772,0.15175718849840256,0.11456628477905073,0.22847682119205298,0.005016722408026756,0.15981012658227847,0.16339869281045752,0.027972027972027972,0.21052631578947367,0.0915032679738562,0.03764320785597381,0.08429752066115702,0.08077544426494346,0.0842433697347894,0.11815068493150685,0.02618657937806874,0.1281645569620253,0.06988352745424292,0.2108626198083067,0.015957446808510637,0.10277324632952692,0.12231404958677686,0.21929824561403508,0.09001636661211129,0.018151815181518153,0.23300970873786409,0.10180623973727422,0.1266891891891892,0.011164274322169059,0.041811846689895474,0.16990291262135923,0.0,0.2226027397260274,0.0875796178343949,0.2132701421800948,0.2693548387096774,0.08663729809104258,0.17713365539452497,0.1271186440677966,0.09242424242424242,0.08628659476117104,0.10675039246467818,0.23777403035413153,0.11451612903225807,0.2838709677419355,0.15472312703583063,0.09268292682926829,0.1588785046728972,0.08631921824104234,0.03436426116838488,0.11854103343465046,0.008156606851549755,0.12941176470588237,0.11727416798732171,0.12396694214876033,0.25742574257425743,0.07188498402555911,0.2064,0.052980132450331126,0.0663265306122449,0.19015280135823429,0.08020477815699659,0.10518518518518519,0.08760330578512397,0.15411558669001751,0.098256735340729,0.08709175738724728,0.1116584564860427,0.0949367088607595,0.08333333333333333,0.11889250814332247,0.06776859504132231,0.13934426229508196,0.12324492979719189,0.0492845786963434,0.06830122591943957,0.08629441624365482,0.031096563011456628,0.04292527821939587,0.1828665568369028,0.14969135802469136,0.1013745704467354,0.18108974358974358,0.04213938411669368,0.1488294314381271,0.11379310344827587,0.18811881188118812,0.1319796954314721,0.016233766233766232,0.1717171717171717,0.0943089430894309,0.029411764705882353,0.1174496644295302,0.12727272727272726,0.09965034965034965,0.18446601941747573
1999,1,9,prevalence,0.13935681470137826,0.008695652173913044,0.08653846153846154,0.048013245033112585,0.11092436974789915,0.03074141048824593,0.05564387917329094,0.14331210191082802,0.047619047619047616,0.12357723577235773,0.05845181674565561,0.024509803921568627,0.19085173501577288,0.22132471728594508,0.15944272445820434,0.025252525252525252,0.018425460636515914,0.11214953271028037,0.15221238938053097,0.14065180102915953,0.1018363939899833,0.11414790996784566,0.14536741214057508,0.05573770491803279,0.04738562091503268,0.08723747980613894,0.0046801872074883,0.18425196850393702,0.0322061191626409,0.03350083752093802,0.03135313531353135,0.012944983818770227,0.1594896331738437,0.08576051779935275,0.13432835820895522,0.04314329738058552,0.040584415584415584,0.0532258064516129,0.1018363939899833,0.11551155115511551,0.061389337641357025,0.054187192118226604,0.10551948051948051,0.10810810810810811,0.13592233009708737,0.13963963963963963,0.26,0.05845181674565561,0.13220338983050847,0.07730263157894737,0.05263157894736842,0.05136986301369863,0.04292527821939587,0.014285714285714285,0.021630615640599003,0.12420382165605096,0.10499139414802065,0.1527331189710611,0.11356466876971609,0.030894308943089432,0.12417218543046357,0.11330049261083744,0.14527027027027026,0.16772151898734178,0.0032414910858995136,0.10463378176382661,0.10256410256410256,0.08415841584158416,0.14890282131661442,0.07753164556962025,0.04311774461028192,0.17970049916805325,0.13666666666666666,0.11496062992125984,0.06041335453100159,0.06996587030716724,0.09133858267716535,0.05351170568561873,0.051036682615629984,0.22897196261682243,0.06199021207177814,0.00338409475465313,0.10465116279069768,0.15262321144674085,0.07547169811320754,0.05025125628140704,0.14186851211072665,0.10296684118673648,0.1042296072507553,0.06176961602671119,0.05299145299145299,0.038917089678511,0.17898193760262726,0.141287284144427,0.2665615141955836,0.06840390879478828,0.2,0.07513416815742398,0.07272727272727272,0.18688524590163935,0.23974763406940064,0.2358974358974359,0.14937106918238993,0.0848,0.14638157894736842,0.16451612903225807,0.12950819672131147,0.20034246575342465,0.010186757215619695,0.15566037735849056,0.13924050632911392,0.02533783783783784,0.22875816993464052,0.14796747967479676,0.05186385737439222,0.10333333333333333,0.06289308176100629,0.1196319018404908,0.12998266897746968,0.034482758620689655,0.0896,0.07226890756302522,0.178060413354531,0.020689655172413793,0.11696869851729819,0.1905564924114671,0.23211169284467714,0.10457516339869281,0.019077901430842606,0.20512820512820512,0.10457516339869281,0.12238325281803543,0.011235955056179775,0.05619834710743802,0.16853932584269662,0.0,0.18307426597582038,0.09238249594813615,0.17124394184168013,0.2611464968152866,0.08419497784342689,0.16393442622950818,0.09013605442176871,0.13671274961597543,0.05799373040752351,0.1891891891891892,0.22635135135135134,0.09523809523809523,0.28180354267310787,0.1782006920415225,0.04213938411669368,0.1622464898595944,0.06188925081433225,0.04530201342281879,0.1400304414003044,0.00967741935483871,0.18585526315789475,0.07790143084260731,0.15798045602605862,0.16984126984126985,0.07049180327868852,0.16878980891719744,0.03678929765886288,0.07641196013289037,0.2631578947368421,0.08361774744027303,0.12710566615620214,0.11437908496732026,0.11683848797250859,0.0733652312599681,0.0593900481540931,0.11092436974789915,0.08653846153846154,0.09183673469387756,0.11661341853035144,0.10032894736842106,0.11904761904761904,0.08796296296296297,0.03930817610062893,0.050590219224283306,0.08013937282229965,0.01800327332242226,0.07741935483870968,0.1593959731543624,0.11605723370429252,0.12943262411347517,0.12603648424543948,0.046849757673667204,0.1996779388083736,0.13769363166953527,0.22895622895622897,0.09523809523809523,0.024630541871921183,0.21490467937608318,0.08957654723127036,0.04666666666666667,0.132996632996633,0.12520593080724876,0.0905982905982906,0.08823529411764706
2000,1,9,prevalence,0.22119815668202766,0.023769100169779286,0.0989010989010989,0.06050420168067227,0.09703947368421052,0.05190311418685121,0.05194805194805195,0.11961722488038277,0.03442879499217527,0.10851419031719532,0.04381846635367762,0.037953795379537955,0.1346153846153846,0.21844660194174756,0.15007656967840735,0.022950819672131147,0.028145695364238412,0.1046875,0.1678082191780822,0.18641114982578397,0.0864600326264274,0.10774410774410774,0.1290824261275272,0.07108239095315025,0.03514376996805112,0.11716171617161716,0.00794912559618442,0.16220472440944883,0.02113821138211382,0.05475040257648953,0.030927835051546393,0.022950819672131147,0.1609907120743034,0.10443037974683544,0.15347334410339256,0.05172413793103448,0.039936102236421724,0.06382978723404255,0.08970099667774087,0.09380234505862646,0.06369426751592357,0.072,0.08877721943048576,0.11805555555555555,0.1624203821656051,0.1326219512195122,0.20973154362416108,0.056818181818181816,0.1736930860033727,0.0711864406779661,0.07425742574257425,0.03361344537815126,0.04285714285714286,0.0208,0.0214168039538715,0.11908646003262642,0.06957928802588997,0.13776337115072934,0.09247648902821316,0.053156146179401995,0.1272430668841762,0.10702341137123746,0.13278688524590163,0.17504051863857376,0.0017035775127768314,0.13353566009104703,0.09309791332263243,0.07011686143572621,0.2406576980568012,0.08641975308641975,0.039735099337748346,0.18616144975288304,0.10355987055016182,0.13564668769716087,0.08253968253968254,0.12416107382550336,0.10634920634920635,0.04926108374384237,0.052050473186119876,0.2028301886792453,0.04658901830282862,0.003355704697986577,0.14576271186440679,0.15151515151515152,0.09162717219589257,0.044850498338870434,0.13082437275985664,0.10824742268041238,0.09501557632398754,0.06799336650082918,0.09555189456342669,0.02030456852791878,0.16282894736842105,0.12836767036450078,0.2188006482982172,0.1040650406504065,0.2184873949579832,0.0998185117967332,0.05306799336650083,0.1778846153846154,0.2626427406199021,0.1507537688442211,0.1613394216133942,0.09384615384615384,0.1619047619047619,0.18700475435816163,0.1495798319327731,0.25125628140703515,0.009917355371900827,0.2476340694006309,0.10932475884244373,0.017915309446254073,0.20621931260229132,0.12682926829268293,0.05331179321486268,0.0738255033557047,0.06260032102728733,0.09953343701399689,0.12341197822141561,0.028846153846153848,0.07301587301587302,0.05057096247960848,0.1751592356687898,0.020134228187919462,0.12199036918138041,0.22782608695652173,0.20446735395189003,0.09375,0.015772870662460567,0.22483221476510068,0.11480865224625623,0.10651828298887123,0.027243589743589744,0.0603448275862069,0.15748031496062992,0.0,0.18319327731092436,0.1186161449752883,0.1986970684039088,0.26009693053311794,0.06646525679758308,0.15335463258785942,0.08290155440414508,0.1391035548686244,0.061191626409017714,0.34364820846905536,0.1711864406779661,0.1377049180327869,0.2220472440944882,0.1624790619765494,0.032467532467532464,0.13258785942492013,0.07096774193548387,0.06788079470198675,0.1743827160493827,0.019138755980861243,0.1705685618729097,0.11885895404120443,0.176759410801964,0.13117283950617284,0.10067114093959731,0.16352201257861634,0.0512396694214876,0.0907563025210084,0.28862478777589134,0.05709342560553633,0.13010590015128592,0.11577181208053691,0.09768211920529801,0.056179775280898875,0.07236842105263158,0.09531772575250837,0.08507223113964688,0.08561643835616438,0.09794628751974724,0.13477537437603992,0.09283387622149837,0.09813084112149532,0.07592891760904685,0.050761421319796954,0.12307692307692308,0.01517706576728499,0.09724473257698542,0.19318181818181818,0.1029641185647426,0.19089316987740806,0.13445378151260504,0.05023547880690738,0.19741100323624594,0.09722222222222222,0.20512820512820512,0.10032894736842106,0.03,0.22013651877133106,0.08524590163934426,0.03758169934640523,0.12790697674418605,0.08766233766233766,0.078125,0.08493589743589744
2001,1,9,prevalence,0.18608169440242056,0.034653465346534656,0.08634222919937205,0.05564648117839607,0.12941176470588237,0.07155322862129145,0.06473594548551959,0.0746031746031746,0.06646058732612056,0.0929853181076672,0.03889789303079417,0.038461538461538464,0.13228346456692913,0.1987179487179487,0.1579754601226994,0.07496012759170653,0.024671052631578948,0.0892018779342723,0.14091680814940577,0.18855218855218855,0.0967741935483871,0.12060301507537688,0.12096774193548387,0.08970099667774087,0.04492512479201331,0.11483253588516747,0.014539579967689823,0.16455696202531644,0.02622950819672131,0.05714285714285714,0.03993055555555555,0.03273322422258593,0.16932907348242812,0.0608,0.15780998389694043,0.06656101426307448,0.046251993620414676,0.08412698412698413,0.07692307692307693,0.12828947368421054,0.0756578947368421,0.06045751633986928,0.09060955518945635,0.11724137931034483,0.1987179487179487,0.10747663551401869,0.15609756097560976,0.04516129032258064,0.1353637901861252,0.06473594548551959,0.05472636815920398,0.032148900169204735,0.0464,0.01938610662358643,0.02711864406779661,0.11639344262295082,0.04186795491143317,0.08466453674121406,0.07911392405063292,0.05676126878130217,0.1276595744680851,0.09951060358890701,0.1206611570247934,0.1880064829821718,0.0017035775127768314,0.17370892018779344,0.07142857142857142,0.06969205834683954,0.2526636225266362,0.08176100628930817,0.033707865168539325,0.16449511400651465,0.11,0.12091503267973856,0.07776049766718507,0.16333333333333333,0.17763157894736842,0.038525963149078725,0.049679487179487176,0.22077922077922077,0.052545155993431854,0.001692047377326565,0.15217391304347827,0.11092985318107668,0.1344,0.04753820033955857,0.1391941391941392,0.12436974789915967,0.07631160572337042,0.07894736842105263,0.0946843853820598,0.013445378151260505,0.16286644951140064,0.08850931677018634,0.14862681744749595,0.08823529411764706,0.1772357723577236,0.08453237410071943,0.05132450331125828,0.12698412698412698,0.23577235772357724,0.12458471760797342,0.11317829457364341,0.09782608695652174,0.18466353677621283,0.19523809523809524,0.14942528735632185,0.2453781512605042,0.011570247933884297,0.20985691573926868,0.10096153846153846,0.025252525252525252,0.14052287581699346,0.14100486223662884,0.053833605220228384,0.10310965630114566,0.06414473684210527,0.112,0.1490125673249551,0.042789223454833596,0.06359300476947535,0.09966777408637874,0.11746522411128284,0.024671052631578948,0.1291390728476821,0.24,0.20069204152249134,0.10344827586206896,0.00631911532385466,0.23026315789473684,0.09302325581395349,0.10078740157480315,0.0272,0.06408094435075885,0.1396103896103896,0.0,0.15824915824915825,0.13087248322147652,0.21869782971619364,0.19568567026194145,0.0745814307458143,0.09819967266775777,0.07107438016528926,0.10892586989409984,0.05593220338983051,0.43548387096774194,0.14431239388794567,0.10837438423645321,0.2183206106870229,0.155668358714044,0.021035598705501618,0.08412698412698413,0.06158833063209076,0.0757825370675453,0.1856474258970359,0.012861736334405145,0.2115702479338843,0.12202852614896989,0.20126782884310618,0.10301109350237718,0.11812297734627832,0.1634920634920635,0.032948929159802305,0.10490693739424704,0.1567043618739903,0.03940886699507389,0.11467889908256881,0.08235294117647059,0.059900166389351084,0.05084745762711865,0.08688783570300158,0.09719934102141681,0.07523510971786834,0.0958904109589041,0.06230529595015576,0.14165261382799327,0.04966887417218543,0.096875,0.10939907550077041,0.05555555555555555,0.14186851211072665,0.013675213675213675,0.13570274636510501,0.1584,0.11356466876971609,0.16234887737478412,0.11262798634812286,0.040372670807453416,0.17886178861788618,0.11449016100178891,0.18134715025906736,0.09333333333333334,0.035653650254668934,0.16013628620102216,0.08974358974358974,0.06666666666666667,0.16225165562913907,0.10177705977382875,0.07863247863247863,0.05365853658536585
2002,1,9,prevalence,0.13353566009104703,0.04462809917355372,0.07210031347962383,0.05,0.15110356536502548,0.061619718309859156,0.04809286898839138,0.06446540880503145,0.055130168453292494,0.09966777408637874,0.02847571189279732,0.04325259515570934,0.12302839116719243,0.21553090332805072,0.20336391437308868,0.09667194928684628,0.0224,0.06568144499178982,0.1377049180327869,0.1836734693877551,0.08133971291866028,0.14691151919866444,0.098256735340729,0.10413223140495868,0.01675041876046901,0.08471760797342193,0.02912621359223301,0.18662519440124417,0.03376205787781351,0.05627009646302251,0.03914590747330961,0.06495726495726496,0.12421383647798742,0.056782334384858045,0.1382636655948553,0.04823151125401929,0.08463949843260188,0.08319738988580751,0.045531197301854974,0.17089678510998307,0.04272151898734177,0.08205128205128205,0.10016420361247948,0.1132404181184669,0.20739549839228297,0.10883280757097792,0.16095890410958905,0.03571428571428571,0.1423728813559322,0.038917089678511,0.036243822075782535,0.042993630573248405,0.05750798722044728,0.01929260450160772,0.05263157894736842,0.08099173553719008,0.024671052631578948,0.0732899022801303,0.032,0.03648424543946932,0.11544715447154472,0.1272430668841762,0.13268608414239483,0.16366612111292964,0.0,0.1656441717791411,0.08166666666666667,0.10063897763578275,0.23124042879019907,0.08409785932721713,0.030303030303030304,0.18548387096774194,0.11074380165289256,0.14705882352941177,0.06873977086743044,0.14357262103505844,0.20512820512820512,0.0547945205479452,0.04709576138147567,0.1525974025974026,0.03801652892561983,0.0,0.1111111111111111,0.10929853181076672,0.13333333333333333,0.056910569105691054,0.10912343470483005,0.10726643598615918,0.09190031152647975,0.12131147540983607,0.07213114754098361,0.020134228187919462,0.1426332288401254,0.08755760368663594,0.11793214862681745,0.0657672849915683,0.14566284779050737,0.074487895716946,0.05852842809364549,0.06412213740458016,0.15245901639344261,0.15577889447236182,0.10819165378670788,0.13149847094801223,0.15179968701095461,0.19395866454689983,0.13614262560777957,0.21393841166936792,0.003316749585406302,0.21153846153846154,0.12919463087248323,0.038397328881469114,0.11274509803921569,0.15721231766612642,0.039473684210526314,0.11568938193343899,0.06754530477759473,0.15912636505460218,0.16878402903811252,0.01892744479495268,0.09208400646203554,0.10197368421052631,0.15336463223787167,0.03414634146341464,0.12186978297161936,0.1958041958041958,0.16295025728987994,0.11688311688311688,0.00641025641025641,0.2578512396694215,0.10463121783876501,0.1404320987654321,0.0256,0.06335616438356165,0.1403225806451613,0.001584786053882726,0.10535117056856187,0.17263843648208468,0.20439189189189189,0.12025316455696203,0.07716049382716049,0.07730263157894737,0.07060755336617405,0.08071748878923767,0.05631399317406143,0.31329113924050633,0.1226890756302521,0.08603896103896104,0.1656534954407295,0.16557377049180327,0.04361873990306947,0.0608,0.05747126436781609,0.06568144499178982,0.1769352290679305,0.012944983818770227,0.14646464646464646,0.12164296998420221,0.16237942122186494,0.08493589743589744,0.14333333333333334,0.12302839116719243,0.03870967741935484,0.11876075731497418,0.15664556962025317,0.040584415584415584,0.12305295950155763,0.12414965986394558,0.07107438016528926,0.04019292604501608,0.12183544303797468,0.09983079526226735,0.09004739336492891,0.09437086092715231,0.06103286384976526,0.1456953642384106,0.04862236628849271,0.07436708860759493,0.1119751166407465,0.0636215334420881,0.12186978297161936,0.02037351443123939,0.13798449612403102,0.15737704918032788,0.1375579598145286,0.1619718309859155,0.12089810017271158,0.04574132492113565,0.18858954041204437,0.15970961887477314,0.16898954703832753,0.07666098807495741,0.05423728813559322,0.18307426597582038,0.09250398724082935,0.07717041800643087,0.14729950900163666,0.09606299212598425,0.12071778140293637,0.048859934853420196
2003,1,9,prevalence,0.10185185185185185,0.048859934853420196,0.07430340557275542,0.07754442649434572,0.14453781512605043,0.05765765765765766,0.037337662337662336,0.046801872074883,0.06307692307692307,0.07394957983193277,0.04054054054054054,0.06791171477079797,0.10897435897435898,0.21461897356143078,0.19126506024096385,0.0944,0.030448717948717948,0.0449438202247191,0.17656500802568217,0.14356435643564355,0.0530421216848674,0.13333333333333333,0.09335443037974683,0.11166666666666666,0.03471074380165289,0.11783960720130933,0.02711323763955343,0.20775193798449612,0.030944625407166124,0.07717041800643087,0.051457975986277875,0.08376963350785341,0.10747663551401869,0.062402496099843996,0.07993730407523511,0.04566929133858268,0.09733124018838304,0.10869565217391304,0.045075125208681135,0.12310286677908938,0.026729559748427674,0.09562398703403566,0.10965630114566285,0.11816578483245149,0.23225806451612904,0.0640625,0.09427609427609428,0.04192546583850932,0.12333333333333334,0.04187604690117253,0.028145695364238412,0.06687898089171974,0.08490566037735849,0.01779935275080906,0.05492730210016155,0.08403361344537816,0.024390243902439025,0.10423452768729642,0.01938610662358643,0.0420032310177706,0.10927152317880795,0.15666666666666668,0.1073170731707317,0.15987460815047022,0.0,0.13270142180094788,0.07966101694915254,0.10078740157480315,0.21671826625386997,0.07926829268292683,0.029315960912052116,0.16957210776545167,0.1038961038961039,0.0966183574879227,0.08064516129032258,0.14662273476112025,0.3011456628477905,0.05299145299145299,0.09206349206349207,0.07293354943273905,0.05950413223140496,0.012048192771084338,0.06598984771573604,0.11960132890365449,0.15254237288135594,0.0664451827242525,0.1022530329289428,0.08495575221238938,0.07020280811232449,0.1357615894039735,0.09672131147540984,0.029209621993127148,0.15434083601286175,0.07846153846153846,0.12057877813504823,0.05714285714285714,0.1296,0.0692167577413479,0.05008347245409015,0.07244094488188976,0.11148086522462562,0.14238952536824878,0.0959119496855346,0.1426403641881639,0.12480499219968799,0.20695102685624012,0.10903426791277258,0.11400651465798045,0.019966722129783693,0.19169329073482427,0.09735973597359736,0.04700162074554295,0.10569105691056911,0.13509060955518945,0.0372168284789644,0.11290322580645161,0.0411663807890223,0.1755485893416928,0.1528776978417266,0.02388535031847134,0.09136212624584718,0.14238952536824878,0.16310975609756098,0.07142857142857142,0.10066006600660066,0.15892857142857142,0.14214876033057852,0.13804173354735153,0.00794912559618442,0.23627287853577372,0.151618398637138,0.18740157480314962,0.028391167192429023,0.05084745762711865,0.10754414125200643,0.0016,0.0775716694772344,0.12581699346405228,0.3093645484949833,0.10015649452269171,0.1261682242990654,0.08673469387755102,0.06478405315614617,0.08079268292682927,0.07521367521367521,0.21451104100946372,0.1018363939899833,0.09771986970684039,0.17611026033690658,0.17792421746293247,0.03064516129032258,0.039735099337748346,0.06634304207119741,0.053833605220228384,0.17956656346749225,0.019448946515397084,0.16026711185308848,0.12898089171974522,0.17891373801916932,0.11428571428571428,0.19669421487603306,0.11514195583596215,0.05289256198347107,0.163575042158516,0.11954765751211632,0.05475040257648953,0.10166919575113809,0.13184931506849315,0.06814580031695722,0.0625,0.12012987012987013,0.06937394247038917,0.09399075500770417,0.06164383561643835,0.09259259259259259,0.19162640901771336,0.04430379746835443,0.07827476038338659,0.11234177215189874,0.0662557781201849,0.11258278145695365,0.006745362563237774,0.17378048780487804,0.11488673139158576,0.09379968203497616,0.15009041591320071,0.13527397260273974,0.055900621118012424,0.15689381933438987,0.20475319926873858,0.146218487394958,0.04159733777038269,0.025906735751295335,0.14839797639123103,0.09033280507131537,0.0656,0.12013536379018612,0.08771929824561403,0.12685337726523888,0.03927986906710311
2004,1,9,prevalence,0.06041335453100159,0.07248764415156507,0.04936305732484077,0.09105431309904154,0.14471544715447154,0.06964285714285715,0.05237315875613748,0.07717041800643087,0.046875,0.0893760539629005,0.05423728813559322,0.06743421052631579,0.08723747980613894,0.2033898305084746,0.15944272445820434,0.09646302250803858,0.04173354735152488,0.07269789983844911,0.20476190476190476,0.15789473684210525,0.0430622009569378,0.16996699669966997,0.09119496855345911,0.09333333333333334,0.03691275167785235,0.19934102141680396,0.036741214057507986,0.22170542635658916,0.025889967637540454,0.07044410413476264,0.060034305317324184,0.11168384879725086,0.090625,0.09294871794871795,0.07541478129713423,0.042692939244663386,0.10126582278481013,0.13333333333333333,0.048903878583473864,0.18302828618968386,0.029548989113530325,0.09523809523809523,0.1480865224625624,0.12609457092819615,0.1652892561983471,0.06451612903225806,0.058919803600654665,0.0405616224648986,0.11532125205930807,0.0333889816360601,0.027914614121510674,0.08150470219435736,0.09667194928684628,0.015332197614991482,0.07467532467532467,0.08803986710963455,0.032948929159802305,0.14862681744749595,0.04411764705882353,0.041666666666666664,0.09586776859504133,0.1713810316139767,0.1557377049180328,0.13679245283018868,0.004934210526315789,0.10759493670886076,0.06890756302521009,0.10776545166402536,0.15184049079754602,0.03912363067292645,0.013071895424836602,0.17329093799682035,0.11428571428571428,0.07258064516129033,0.06260296540362438,0.10350584307178631,0.27813504823151125,0.06156405990016639,0.09206349206349207,0.08401976935749589,0.06359300476947535,0.025951557093425604,0.06988352745424292,0.1314475873544093,0.1497659906396256,0.04376012965964344,0.09482758620689655,0.07482993197278912,0.04100946372239748,0.13504273504273503,0.10217755443886097,0.06260575296108291,0.15161290322580645,0.0671875,0.19032258064516128,0.049019607843137254,0.14814814814814814,0.0893169877408056,0.06403940886699508,0.09018987341772151,0.135,0.15321252059308071,0.09697933227344992,0.16138763197586728,0.138801261829653,0.15151515151515152,0.07086614173228346,0.0576,0.02773246329526917,0.11330049261083744,0.09195402298850575,0.048494983277591976,0.07881773399014778,0.0907563025210084,0.0544,0.08401976935749589,0.030456852791878174,0.20673076923076922,0.148014440433213,0.037914691943127965,0.1152542372881356,0.11467116357504216,0.19457013574660634,0.08156606851549755,0.09967845659163987,0.1555944055944056,0.17174959871589085,0.1637239165329053,0.014354066985645933,0.208955223880597,0.15077989601386482,0.21884984025559107,0.023255813953488372,0.048027444253859346,0.12868217054263567,0.001644736842105263,0.09348914858096828,0.14492753623188406,0.23011844331641285,0.09936908517350158,0.1627172195892575,0.07094594594594594,0.06010016694490818,0.0649546827794562,0.06030150753768844,0.15600624024961,0.09060955518945635,0.11507293354943274,0.22152886115444617,0.13636363636363635,0.032148900169204735,0.03820598006644518,0.08589951377633712,0.08019639934533551,0.20554649265905384,0.015151515151515152,0.1605351170568562,0.12597200622083982,0.15916398713826366,0.115625,0.2504201680672269,0.11056105610561057,0.06168831168831169,0.16556291390728478,0.0891089108910891,0.04455445544554455,0.08268330733229329,0.10321489001692047,0.05741626794258373,0.04665629860031104,0.1264,0.06802721088435375,0.09233176838810642,0.059322033898305086,0.07430340557275542,0.17038216560509553,0.030448717948717948,0.1038961038961039,0.13570274636510501,0.08346213292117466,0.16134185303514376,0.005025125628140704,0.17443609022556392,0.1203125,0.10355987055016182,0.1433628318584071,0.1901639344262295,0.05124223602484472,0.1282051282051282,0.22361359570661896,0.10942760942760943,0.038461538461538464,0.033444816053511704,0.08950086058519793,0.11001642036124795,0.07807308970099668,0.11967213114754098,0.04430379746835443,0.17857142857142858,0.04746835443037975
2005,1,9,prevalence,0.07603305785123966,0.0799347471451876,0.06602254428341385,0.1216,0.13157894736842105,0.07653061224489796,0.03858520900321544,0.09486780715396578,0.04897314375987362,0.12837837837837837,0.07106598984771574,0.06045751633986928,0.0759493670886076,0.19248826291079812,0.08527131782945736,0.12439418416801293,0.04107424960505529,0.064891846921797,0.18035426731078905,0.1747269890795632,0.046801872074883,0.16779661016949152,0.10845295055821372,0.06209150326797386,0.05,0.19484702093397746,0.03470031545741325,0.1827956989247312,0.04361873990306947,0.081203007518797,0.043029259896729774,0.1494057724957555,0.07332293291731669,0.08828250401284109,0.08978328173374613,0.04597701149425287,0.10584518167456557,0.1388888888888889,0.06156405990016639,0.20132013201320131,0.03333333333333333,0.1332263242375602,0.16198347107438016,0.14685314685314685,0.18543046357615894,0.0547945205479452,0.06930693069306931,0.046357615894039736,0.14026402640264027,0.051839464882943144,0.05813953488372093,0.07931570762052877,0.11022364217252396,0.009819967266775777,0.05098684210526316,0.085,0.023026315789473683,0.13861386138613863,0.059113300492610835,0.050488599348534204,0.08415841584158416,0.15721231766612642,0.16585365853658537,0.08399366085578447,0.00967741935483871,0.09667194928684628,0.05782312925170068,0.11488673139158576,0.12441679626749612,0.05263157894736842,0.026813880126182965,0.1497584541062802,0.14622641509433962,0.06677524429967427,0.07704654895666131,0.1174496644295302,0.22824302134646962,0.05333333333333334,0.09001636661211129,0.12376237623762376,0.06035889070146819,0.03747870528109029,0.06239737274220033,0.1135593220338983,0.16134185303514376,0.03966942148760331,0.09847198641765705,0.0743801652892562,0.04107424960505529,0.12622950819672132,0.08866995073891626,0.07272727272727272,0.214170692431562,0.0631911532385466,0.16229508196721312,0.06386554621848739,0.1260096930533118,0.09217391304347826,0.09634551495016612,0.08258258258258258,0.14903846153846154,0.1738382099827883,0.12359550561797752,0.15279878971255673,0.14351851851851852,0.14308426073131955,0.046153846153846156,0.05778491171749599,0.02572347266881029,0.13225806451612904,0.1116584564860427,0.06389776357827476,0.0799347471451876,0.10998307952622674,0.05825242718446602,0.09046849757673667,0.04355400696864112,0.17647058823529413,0.13537906137184116,0.03426791277258567,0.13758389261744966,0.10580204778156997,0.23961661341853036,0.06339144215530904,0.11057692307692307,0.15771230502599654,0.14469453376205788,0.19117647058823528,0.02926829268292683,0.23863636363636365,0.14186851211072665,0.20187793427230047,0.02593192868719611,0.03697478991596639,0.1318181818181818,0.010186757215619695,0.12231404958677686,0.15112540192926044,0.16047297297297297,0.10078740157480315,0.1349206349206349,0.0625,0.10588235294117647,0.09262166405023547,0.060955518945634266,0.08571428571428572,0.11276948590381426,0.10801963993453355,0.14397496087636932,0.10569105691056911,0.054455445544554455,0.07251264755480608,0.0943089430894309,0.08237232289950576,0.21739130434782608,0.020100502512562814,0.13509060955518945,0.10835913312693499,0.1897590361445783,0.22257551669316375,0.2516778523489933,0.11298482293423272,0.0840064620355412,0.18791946308724833,0.07051282051282051,0.05071315372424723,0.07198748043818466,0.06996587030716724,0.04669887278582931,0.06190476190476191,0.11885895404120443,0.04377104377104377,0.08255451713395638,0.09411764705882353,0.06534954407294832,0.16612903225806452,0.03697749196141479,0.11202635914332784,0.13578274760383385,0.10078740157480315,0.19543973941368079,0.004838709677419355,0.21517027863777088,0.10461538461538461,0.10771704180064309,0.09401709401709402,0.21859706362153344,0.04258675078864353,0.13412816691505217,0.1848013816925734,0.13898305084745763,0.03618421052631579,0.05853658536585366,0.140597539543058,0.08542713567839195,0.08922558922558922,0.10766721044045677,0.03697749196141479,0.17147435897435898,0.04326923076923077
2006,1,9,prevalence,0.062193126022913256,0.09369951534733441,0.09287925696594428,0.13170731707317074,0.13495934959349593,0.12418300653594772,0.048701298701298704,0.12713178294573643,0.04375,0.08006535947712418,0.06655290102389079,0.05289256198347107,0.07704918032786885,0.159375,0.057971014492753624,0.17552334943639292,0.03215434083601286,0.10833333333333334,0.1943127962085308,0.14330708661417324,0.06477093206951026,0.19636963696369636,0.10764430577223089,0.048286604361370715,0.04462809917355372,0.20128824476650564,0.032208588957055216,0.138801261829653,0.05194805194805195,0.06259314456035768,0.037606837606837605,0.18932874354561102,0.08116883116883117,0.1414790996784566,0.11023622047244094,0.027375201288244767,0.12254901960784313,0.1524390243902439,0.08389261744966443,0.18305084745762712,0.05837173579109063,0.14761904761904762,0.147008547008547,0.14285714285714285,0.12950819672131147,0.03875968992248062,0.08833333333333333,0.040453074433656956,0.19078947368421054,0.04222972972972973,0.08571428571428572,0.08978328173374613,0.13689482470784642,0.009569377990430622,0.055379746835443035,0.08710217755443886,0.035483870967741936,0.14761904761904762,0.054365733113673806,0.03005008347245409,0.08455284552845528,0.13731825525040386,0.17993630573248406,0.09538950715421304,0.01620745542949757,0.0940032414910859,0.03722504230118443,0.09120521172638436,0.10584518167456557,0.08231707317073171,0.04813664596273292,0.15112540192926044,0.13247172859450726,0.08237232289950576,0.052547770700636945,0.08766233766233766,0.18196994991652754,0.08305647840531562,0.07060755336617405,0.14827018121911037,0.05573770491803279,0.07881773399014778,0.06539074960127592,0.1474036850921273,0.13132911392405064,0.05025125628140704,0.10862068965517241,0.04746317512274959,0.07790143084260731,0.12231404958677686,0.08794788273615635,0.10771704180064309,0.2608,0.06497622820919176,0.1331168831168831,0.050933786078098474,0.17990275526742303,0.08808290155440414,0.1636060100166945,0.08,0.1552,0.19256756756756757,0.13405238828967642,0.15772870662460567,0.11507293354943274,0.1744,0.06593406593406594,0.07419354838709677,0.06239737274220033,0.09375,0.10771704180064309,0.06327160493827161,0.10894308943089431,0.12315270935960591,0.07246376811594203,0.05787781350482315,0.060034305317324184,0.11801242236024845,0.13028764805414553,0.05198776758409786,0.18307426597582038,0.07601351351351351,0.2294022617124394,0.0764525993883792,0.14332784184514002,0.19965576592082615,0.10452418096723869,0.17258064516129032,0.05071315372424723,0.2838499184339315,0.15656565656565657,0.24401913875598086,0.053691275167785234,0.019448946515397084,0.11773940345368916,0.02226027397260274,0.15458937198067632,0.1383147853736089,0.13973063973063973,0.08069620253164557,0.1527331189710611,0.050434782608695654,0.12203389830508475,0.12559618441971382,0.11390284757118928,0.11692307692307692,0.15833333333333333,0.1266233766233766,0.12695924764890282,0.08239095315024232,0.08306188925081433,0.08666666666666667,0.10517529215358931,0.08520900321543408,0.18302828618968386,0.021666666666666667,0.11650485436893204,0.12364760432766615,0.18424962852897475,0.2768,0.26480836236933797,0.13043478260869565,0.09666666666666666,0.16188870151770657,0.0935483870967742,0.03858520900321544,0.061611374407582936,0.06271186440677966,0.04231974921630094,0.1,0.15076923076923077,0.06035889070146819,0.1046875,0.11,0.06466876971608833,0.1,0.057722308892355696,0.1291390728476821,0.12398042414355628,0.1098546042003231,0.17591125198098256,0.0048543689320388345,0.2828438948995363,0.1140215716486903,0.10144927536231885,0.09105960264900662,0.2645161290322581,0.054313099041533544,0.1346444780635401,0.14871794871794872,0.22909698996655517,0.059800664451827246,0.08856682769726248,0.10256410256410256,0.08623548922056384,0.11844331641285956,0.1270096463022508,0.03908794788273615,0.20285261489698891,0.05422647527910686
2007,1,9,prevalence,0.11960132890365449,0.11428571428571428,0.12286158631415241,0.12101910828025478,0.11920529801324503,0.10551948051948051,0.03559870550161812,0.12759170653907495,0.04510108864696734,0.060955518945634266,0.062193126022913256,0.10344827586206896,0.13001605136436598,0.1321928460342146,0.057003257328990226,0.16293929712460065,0.0453125,0.10873146622734761,0.12401883830455258,0.12317666126418152,0.11661341853035144,0.1902439024390244,0.11838006230529595,0.058637083993660855,0.039538714991762765,0.21546052631578946,0.045813586097946286,0.12211221122112212,0.07072368421052631,0.06762589928057554,0.055077452667814115,0.2363013698630137,0.10969793322734499,0.15530903328050713,0.13814756671899528,0.024193548387096774,0.15421303656597773,0.14307931570762053,0.10620915032679738,0.18568994889267462,0.06790123456790123,0.1853035143769968,0.19102990033222592,0.11696869851729819,0.07804878048780488,0.03231017770597738,0.10466988727858294,0.04612850082372323,0.17269736842105263,0.030100334448160536,0.05593220338983051,0.06501547987616099,0.12871287128712872,0.017241379310344827,0.09105180533751962,0.11386138613861387,0.0322061191626409,0.18700475435816163,0.03436988543371522,0.04032258064516129,0.07532051282051282,0.2086677367576244,0.1778846153846154,0.12400635930047695,0.037914691943127965,0.07317073170731707,0.03553299492385787,0.11201298701298701,0.08603896103896104,0.07142857142857142,0.06645569620253164,0.12175324675324675,0.12578616352201258,0.08471760797342193,0.07753164556962025,0.08482871125611746,0.13509060955518945,0.07642276422764227,0.0627062706270627,0.22532894736842105,0.07119741100323625,0.10945273631840796,0.08374384236453201,0.16494845360824742,0.13978494623655913,0.08264462809917356,0.15586690017513136,0.06741573033707865,0.12302839116719243,0.14123376623376624,0.07768595041322314,0.07568438003220612,0.3021346469622332,0.12149532710280374,0.09951060358890701,0.06020066889632107,0.13464696223316913,0.09183673469387756,0.20517241379310344,0.05943536404160475,0.24306688417618272,0.32040472175379425,0.24050632911392406,0.13153724247226625,0.10883280757097792,0.1656441717791411,0.07165109034267912,0.11229135053110774,0.06109324758842444,0.048701298701298704,0.14285714285714285,0.08116385911179173,0.09609120521172639,0.15488215488215487,0.0796875,0.06260296540362438,0.06655290102389079,0.1035548686244204,0.14380165289256197,0.07451564828614009,0.19156414762741653,0.10855263157894737,0.2368839427662957,0.06593406593406594,0.16878980891719744,0.15862068965517243,0.14664586583463338,0.16719745222929935,0.06853582554517133,0.2965964343598055,0.17546848381601363,0.1987281399046105,0.06756756756756757,0.03697749196141479,0.11605723370429252,0.045454545454545456,0.1150855365474339,0.16612377850162866,0.14893617021276595,0.11201298701298701,0.16638655462184873,0.06228373702422145,0.16363636363636364,0.1705790297339593,0.1423670668953688,0.13500784929356358,0.1664025356576862,0.1477832512315271,0.17591125198098256,0.06677524429967427,0.06688417618270799,0.10034013605442177,0.09508196721311475,0.06666666666666667,0.12046204620462046,0.028523489932885907,0.1402936378466558,0.18541033434650456,0.16744186046511628,0.29707792207792205,0.23499142367066894,0.12908496732026145,0.11754966887417219,0.14802631578947367,0.10603588907014681,0.06602254428341385,0.0825242718446602,0.1097972972972973,0.05572755417956656,0.11467889908256881,0.20031298904538342,0.06129032258064516,0.11210762331838565,0.15474209650582363,0.11217948717948718,0.11256117455138662,0.0880503144654088,0.16393442622950818,0.12687813021702837,0.1134185303514377,0.17313915857605178,0.006369426751592357,0.2528180354267311,0.17484662576687116,0.11216429699842022,0.08064516129032258,0.2630718954248366,0.06622516556291391,0.14732142857142858,0.1477832512315271,0.2376237623762376,0.08514190317195326,0.09693053311793215,0.15091210613598674,0.10034013605442177,0.1623931623931624,0.1498422712933754,0.04081632653061224,0.22626582278481014,0.10542635658914729
2008,1,9,prevalence,0.14357262103505844,0.10158730158730159,0.1347068145800317,0.1134185303514377,0.12748344370860928,0.12641815235008103,0.03536977491961415,0.09822866344605476,0.05124223602484472,0.07617504051863858,0.06885245901639345,0.12227805695142378,0.21617161716171618,0.1419457735247209,0.10344827586206896,0.17405063291139242,0.05337519623233909,0.10393700787401575,0.11282843894899536,0.1396103896103896,0.12792511700468018,0.20163934426229507,0.14860681114551083,0.05229793977812995,0.08798646362098139,0.25040650406504067,0.05177993527508091,0.09852216748768473,0.06818181818181818,0.11144578313253012,0.06044905008635579,0.25,0.08702791461412152,0.26391096979332274,0.16535433070866143,0.032423208191126277,0.15789473684210525,0.0847723704866562,0.109717868338558,0.17892976588628762,0.07132018209408195,0.2222222222222222,0.22408026755852842,0.09967320261437909,0.08427876823338736,0.03099510603588907,0.14960629921259844,0.04809286898839138,0.22039473684210525,0.03194888178913738,0.08278145695364239,0.07890499194847021,0.12175324675324675,0.025236593059936908,0.10685805422647528,0.13210702341137123,0.03409090909090909,0.24,0.017741935483870968,0.040880503144654086,0.0949367088607595,0.18856259659969088,0.16019417475728157,0.1388888888888889,0.0722495894909688,0.07653910149750416,0.03859060402684564,0.13673805601317957,0.09584664536741214,0.1277258566978193,0.07874015748031496,0.09554140127388536,0.16773162939297126,0.07836456558773425,0.09017713365539452,0.0889967637540453,0.09121621621621621,0.06446280991735537,0.06112054329371817,0.31074380165289256,0.12199036918138041,0.13658536585365855,0.10819672131147541,0.14890016920473773,0.1873065015479876,0.0627062706270627,0.24394463667820068,0.07981220657276995,0.11949685534591195,0.17041800643086816,0.08660130718954248,0.13679245283018868,0.28038897893030795,0.18622848200312989,0.12437810945273632,0.057283142389525366,0.1444991789819376,0.1362126245847176,0.21694915254237288,0.07121212121212121,0.24288107202680068,0.3261231281198003,0.30112721417069244,0.1178343949044586,0.09597523219814241,0.15325077399380804,0.08742331288343558,0.16941529235382308,0.0640625,0.027419354838709678,0.18167202572347266,0.09472049689440994,0.11147011308562198,0.20954003407155025,0.09667194928684628,0.06763285024154589,0.07872696817420435,0.13145539906103287,0.18433931484502447,0.060882800608828,0.1762652705061082,0.10509554140127389,0.17851239669421487,0.05627009646302251,0.1465798045602606,0.1314878892733564,0.17956656346749225,0.17133956386292834,0.05573770491803279,0.2757527733755943,0.17739130434782607,0.16012558869701726,0.06239460370994941,0.03209459459459459,0.14622641509433962,0.09931506849315068,0.14622641509433962,0.1407766990291262,0.1857379767827529,0.1323529411764706,0.19031719532554256,0.052980132450331126,0.18433931484502447,0.2597809076682316,0.14165261382799327,0.1687116564417178,0.14935064935064934,0.10562180579216354,0.2902155887230514,0.05825242718446602,0.09921259842519685,0.16188870151770657,0.12759170653907495,0.0840064620355412,0.12006578947368421,0.03618421052631579,0.1734860883797054,0.19448698315467075,0.15514592933947774,0.235,0.18556701030927836,0.17028380634390652,0.15890850722311398,0.08417508417508418,0.15309446254071662,0.056818181818181816,0.08240887480190175,0.14332784184514002,0.053929121725731895,0.12305295950155763,0.21439749608763695,0.0625,0.13313609467455623,0.11494252873563218,0.15055467511885895,0.06844741235392321,0.12093023255813953,0.16033057851239668,0.09868421052631579,0.1262135922330097,0.17405063291139242,0.009615384615384616,0.1936,0.1590909090909091,0.14037854889589904,0.08562197092084006,0.25801282051282054,0.05405405405405406,0.12386706948640483,0.13539967373572595,0.21911037891268534,0.1357615894039735,0.0873634945397816,0.25333333333333335,0.10391822827938671,0.2465986394557823,0.15481832543443919,0.07532051282051282,0.26572327044025157,0.17370892018779344
2009,1,9,prevalence,0.21070234113712374,0.11551155115511551,0.1453125,0.12380952380952381,0.11986863711001643,0.10593900481540931,0.027287319422150885,0.09193548387096774,0.0631911532385466,0.08874801901743265,0.07166123778501629,0.1095890410958904,0.27948303715670436,0.14308681672025725,0.1168,0.20706260032102727,0.05844155844155844,0.12305295950155763,0.1152073732718894,0.12995245641838352,0.10015898251192369,0.18093699515347333,0.1296,0.07729468599033816,0.1377049180327869,0.20521172638436483,0.04975922953451043,0.12026359143327842,0.1,0.10091743119266056,0.08,0.18811881188118812,0.08445945945945946,0.28095238095238095,0.16380655226209048,0.030821917808219176,0.15639810426540285,0.07373271889400922,0.12199036918138041,0.16440677966101694,0.06231003039513678,0.22712418300653595,0.215962441314554,0.13355048859934854,0.09951060358890701,0.03779527559055118,0.1971153846153846,0.06844741235392321,0.20603015075376885,0.04107424960505529,0.1337579617834395,0.0752,0.09682539682539683,0.0670926517571885,0.0928,0.13210702341137123,0.046232876712328765,0.2712680577849117,0.019417475728155338,0.04309063893016345,0.10576923076923077,0.18711656441717792,0.12295081967213115,0.15968992248062017,0.0679304897314376,0.07462686567164178,0.05324459234608985,0.11185308848080133,0.13311148086522462,0.14421553090332806,0.0973724884080371,0.10031847133757962,0.19155844155844157,0.08808290155440414,0.11074918566775244,0.07755775577557755,0.08205128205128205,0.06818181818181818,0.07560137457044673,0.3898858075040783,0.21266233766233766,0.233278955954323,0.15257048092868988,0.14795918367346939,0.17204301075268819,0.08609271523178808,0.31925675675675674,0.09717868338557993,0.14728682170542637,0.20064724919093851,0.07084019769357495,0.1728,0.23089430894308943,0.1990521327014218,0.12211221122112212,0.08006535947712418,0.18524590163934426,0.15483870967741936,0.20868113522537562,0.0748502994011976,0.2355848434925865,0.2830508474576271,0.3062200956937799,0.11605723370429252,0.11282843894899536,0.16584564860426929,0.09480122324159021,0.26283048211508553,0.08634222919937205,0.01597444089456869,0.20733652312599682,0.0992,0.17886178861788618,0.21404109589041095,0.09682539682539683,0.06623586429725363,0.08732876712328767,0.10307692307692308,0.2686084142394822,0.05927051671732523,0.1660839160839161,0.09404388714733543,0.2053872053872054,0.046104928457869634,0.13934426229508196,0.129783693843594,0.1952,0.14653784219001612,0.07790143084260731,0.2384737678855326,0.13659359190556492,0.18441971383147854,0.07432432432432433,0.04707792207792208,0.1888,0.1537190082644628,0.14960629921259844,0.13709677419354838,0.2724252491694352,0.16468590831918506,0.18137254901960784,0.04599659284497445,0.22185970636215335,0.2638230647709321,0.15397350993377484,0.23136645962732919,0.14710743801652892,0.11627906976744186,0.28594771241830064,0.054838709677419356,0.10158730158730159,0.26359143327841844,0.10620915032679738,0.10673234811165845,0.1494057724957555,0.03889789303079417,0.1774193548387097,0.24378881987577639,0.14930015552099535,0.1794871794871795,0.1794871794871795,0.20270270270270271,0.16908212560386474,0.06902356902356903,0.17656500802568217,0.044657097288676235,0.11624203821656051,0.1280388978930308,0.05368098159509203,0.11603053435114503,0.23684210526315788,0.05654281098546042,0.13274336283185842,0.0935483870967742,0.16666666666666666,0.06031746031746032,0.09298780487804878,0.15146579804560262,0.0845771144278607,0.19086460032626426,0.16666666666666666,0.013008130081300813,0.23763955342902712,0.2039573820395738,0.14037854889589904,0.085,0.27804107424960506,0.07665505226480836,0.1202435312024353,0.1310116086235489,0.24386252045826515,0.23367697594501718,0.12324492979719189,0.27724358974358976,0.11764705882352941,0.31153184165232356,0.2059748427672956,0.0707395498392283,0.2,0.22422258592471359
2010,1,9,prevalence,0.2422680412371134,0.13776337115072934,0.18095238095238095,0.12335526315789473,0.08482871125611746,0.09713375796178345,0.04574132492113565,0.06656101426307448,0.06269592476489028,0.12202852614896989,0.07085346215780998,0.1097770154373928,0.277504105090312,0.20741989881956155,0.09253246753246754,0.1778846153846154,0.08146964856230032,0.13978494623655913,0.0989010989010989,0.17384370015948963,0.139937106918239,0.13509060955518945,0.11267605633802817,0.0944,0.12980769230769232,0.1737704918032787,0.08130081300813008,0.13408723747980614,0.15447154471544716,0.07692307692307693,0.09933774834437085,0.11608623548922056,0.058333333333333334,0.19745222929936307,0.19169329073482427,0.0415944540727903,0.1542056074766355,0.049079754601226995,0.10784313725490197,0.14629948364888123,0.06666666666666667,0.22897196261682243,0.246875,0.12155591572123177,0.09379968203497616,0.06624605678233439,0.2197092084006462,0.07973421926910298,0.1891891891891892,0.056179775280898875,0.1480891719745223,0.09220985691573927,0.12264150943396226,0.1024,0.08607198748043818,0.09448818897637795,0.06030150753768844,0.2568218298555377,0.057902973395931145,0.08042488619119878,0.10869565217391304,0.17378048780487804,0.12202852614896989,0.1895734597156398,0.09419152276295134,0.0851063829787234,0.06666666666666667,0.11815068493150685,0.20224719101123595,0.14444444444444443,0.10126582278481013,0.12315270935960591,0.16510903426791276,0.08264462809917356,0.17313915857605178,0.05676126878130217,0.06429780033840947,0.05329153605015674,0.08290155440414508,0.3274478330658106,0.3396825396825397,0.19435215946843853,0.1567291311754685,0.13754045307443366,0.14396284829721362,0.1076158940397351,0.26136363636363635,0.10047095761381476,0.14786585365853658,0.2015748031496063,0.10214168039538715,0.1875968992248062,0.2098360655737705,0.214170692431562,0.1593959731543624,0.08193979933110368,0.25084745762711863,0.1726844583987441,0.24958402662229617,0.08832807570977919,0.23244147157190637,0.30198019801980197,0.27503974562798095,0.08571428571428572,0.17601246105919002,0.10837438423645321,0.09770992366412214,0.3094867807153966,0.09728867623604466,0.011128775834658187,0.22077922077922077,0.09538950715421304,0.19155844155844157,0.24166666666666667,0.13700787401574804,0.08306188925081433,0.07108239095315025,0.0639269406392694,0.25040650406504067,0.06074766355140187,0.14948453608247422,0.08461538461538462,0.17826825127334464,0.06269592476489028,0.14380165289256197,0.21911037891268534,0.21647819063004847,0.14171974522292993,0.08782742681047766,0.19298245614035087,0.11241610738255034,0.18066561014263074,0.07966101694915254,0.0732899022801303,0.22756410256410256,0.2233169129720854,0.16401273885350318,0.11182108626198083,0.32894736842105265,0.2224168126094571,0.21983471074380165,0.053691275167785234,0.19934640522875818,0.25,0.12396694214876033,0.27258566978193144,0.19286871961102106,0.12353923205342238,0.3516295025728988,0.07704654895666131,0.09328968903436989,0.3102310231023102,0.10372771474878444,0.13495934959349593,0.11794019933554817,0.06568144499178982,0.18600953895071543,0.19284603421461896,0.13841368584758942,0.15171288743882544,0.13705583756345177,0.18927973199329984,0.2124600638977636,0.05314009661835749,0.1781045751633987,0.051926298157453935,0.14826498422712933,0.15497553017944535,0.04984894259818731,0.11317829457364341,0.14599686028257458,0.0660377358490566,0.16545718432510886,0.08870967741935484,0.138801261829653,0.08540372670807453,0.08398133748055987,0.17725752508361203,0.12833333333333333,0.20521172638436483,0.13924050632911392,0.03414634146341464,0.1461038961038961,0.2117465224111283,0.1856,0.08717105263157894,0.1936,0.0547945205479452,0.15137614678899083,0.12935323383084577,0.21788617886178863,0.28735632183908044,0.15396825396825398,0.216260162601626,0.10876623376623376,0.3445378151260504,0.25196850393700787,0.06814580031695722,0.17834394904458598,0.28056426332288403
2011,1,9,prevalence,0.2845117845117845,0.16019417475728157,0.19155844155844157,0.10696095076400679,0.10049423393739704,0.09233176838810642,0.05229793977812995,0.057971014492753624,0.0890625,0.15184049079754602,0.07407407407407407,0.1323024054982818,0.22459016393442624,0.1969439728353141,0.11570247933884298,0.14108527131782947,0.07814992025518341,0.16716867469879518,0.11690363349131122,0.1645367412140575,0.13099041533546327,0.1342281879194631,0.1109350237717908,0.12520064205457465,0.11254019292604502,0.1305785123966942,0.1180327868852459,0.10191082802547771,0.18790849673202614,0.08610271903323263,0.09208400646203554,0.13614262560777957,0.07792207792207792,0.1685575364667747,0.1702127659574468,0.05154639175257732,0.15132605304212168,0.07526881720430108,0.10047846889952153,0.1361344537815126,0.07087827426810478,0.22685185185185186,0.2621951219512195,0.14869281045751634,0.08201892744479496,0.08716323296354993,0.19470404984423675,0.1016949152542373,0.1872852233676976,0.0608,0.14193548387096774,0.09771986970684039,0.10747663551401869,0.11507293354943274,0.0987460815047022,0.10443037974683544,0.047933884297520664,0.19242902208201892,0.0959119496855346,0.06656580937972768,0.08874801901743265,0.129080118694362,0.1192368839427663,0.185126582278481,0.15590551181102363,0.0991869918699187,0.09044368600682594,0.11652173913043479,0.24422442244224424,0.15081967213114755,0.1328,0.10759493670886076,0.13765822784810128,0.11330049261083744,0.17495987158908508,0.04054054054054054,0.07612456747404844,0.05172413793103448,0.07678571428571429,0.28,0.32436708860759494,0.17391304347826086,0.12984822934232715,0.09636650868878358,0.16113744075829384,0.10652920962199312,0.2467741935483871,0.12291350531107739,0.10387596899224806,0.15023474178403756,0.09309791332263243,0.21085271317829457,0.13131313131313133,0.20907617504051865,0.1438474870017331,0.0840064620355412,0.19899665551839466,0.1238244514106583,0.2263843648208469,0.10917721518987342,0.216,0.19141914191419143,0.20711974110032363,0.08294209702660407,0.1809672386895476,0.11092436974789915,0.1060842433697348,0.40222575516693165,0.12944983818770225,0.030744336569579287,0.18387096774193548,0.10158730158730159,0.1652892561983471,0.22185970636215335,0.12050078247261346,0.0967741935483871,0.0864600326264274,0.06885758998435054,0.2642967542503864,0.10443037974683544,0.1345514950166113,0.0695517774343122,0.11794019933554817,0.07573415765069552,0.1905564924114671,0.27228525121555913,0.2222222222222222,0.14240506329113925,0.10142630744849446,0.2098360655737705,0.1116584564860427,0.18858954041204437,0.09,0.06612903225806452,0.2576,0.28040540540540543,0.22919937205651492,0.10227272727272728,0.30718954248366015,0.17900172117039587,0.24744027303754265,0.09369951534733441,0.18035426731078905,0.22742474916387959,0.1465798045602606,0.31635802469135804,0.18360655737704917,0.10256410256410256,0.3316412859560068,0.09090909090909091,0.1188118811881188,0.25,0.06514657980456026,0.10078740157480315,0.14213197969543148,0.07062600321027288,0.20253164556962025,0.1731066460587326,0.12816691505216096,0.1871069182389937,0.15280135823429541,0.20770519262981574,0.19709208400646203,0.08373590982286634,0.21498371335504887,0.06913996627318718,0.15730337078651685,0.21405228758169934,0.05891238670694864,0.1578125,0.12622950819672132,0.07886435331230283,0.16366366366366367,0.10180623973727422,0.12363067292644757,0.08412698412698413,0.10126582278481013,0.12457337883959044,0.11833333333333333,0.22847682119205298,0.09134615384615384,0.07293354943273905,0.13843648208469056,0.22038980509745126,0.19063004846526657,0.10702875399361023,0.17981072555205047,0.07666098807495741,0.1659056316590563,0.13070866141732285,0.19575856443719414,0.3063209076175041,0.12264150943396226,0.2197452229299363,0.13614262560777957,0.3029259896729776,0.2669826224328594,0.06542056074766354,0.1781701444622793,0.23076923076923078
2012,1,9,prevalence,0.1945392491467577,0.1371900826446281,0.16047297297297297,0.15577889447236182,0.09492635024549918,0.08791208791208792,0.08173076923076923,0.07729468599033816,0.09419152276295134,0.11287758346581876,0.10096153846153846,0.1413427561837456,0.1421647819063005,0.16302521008403362,0.13513513513513514,0.11937984496124031,0.09584664536741214,0.1377245508982036,0.1046875,0.1553398058252427,0.09888357256778309,0.09698996655518395,0.12680577849117175,0.10305958132045089,0.09333333333333334,0.11735537190082644,0.15474209650582363,0.10897435897435898,0.23692307692307693,0.14064914992272023,0.08803986710963455,0.10866141732283464,0.08688524590163935,0.17828200972447325,0.14285714285714285,0.07419898819561552,0.15605095541401273,0.0958904109589041,0.11885895404120443,0.1273344651952462,0.11442006269592477,0.18769716088328076,0.200920245398773,0.1566068515497553,0.10344827586206896,0.14149443561208266,0.12155591572123177,0.13210702341137123,0.14333333333333334,0.1130030959752322,0.16990291262135923,0.06862745098039216,0.09419152276295134,0.09385113268608414,0.09657320872274143,0.104199066874028,0.08139534883720931,0.15880503144654087,0.11875,0.08892355694227769,0.09384615384615384,0.10076335877862595,0.12302839116719243,0.20032051282051283,0.15654952076677317,0.08914100486223663,0.10833333333333334,0.1261101243339254,0.1711864406779661,0.1495798319327731,0.14123376623376624,0.12057877813504823,0.12980769230769232,0.10147299509001637,0.21809369951534732,0.065,0.08818635607321132,0.0544,0.09523809523809523,0.1907790143084261,0.2716236722306525,0.17666666666666667,0.08414239482200647,0.10510046367851623,0.14174454828660435,0.09475465313028765,0.18760195758564438,0.1083086053412463,0.09404388714733543,0.19405320813771518,0.09606299212598425,0.19808306709265175,0.09644670050761421,0.13843648208469056,0.12347826086956522,0.11056105610561057,0.20098846787479407,0.1347068145800317,0.16612377850162866,0.10276073619631902,0.22741935483870968,0.15875613747954173,0.1824,0.0754414125200642,0.15805946791862285,0.09539473684210527,0.11904761904761904,0.3512658227848101,0.10793650793650794,0.0728476821192053,0.1631321370309951,0.09888357256778309,0.1563517915309446,0.16830065359477125,0.16639741518578352,0.14023372287145242,0.11003236245954692,0.12006319115323855,0.24454828660436137,0.12974683544303797,0.13452188006482982,0.08702290076335878,0.1307300509337861,0.09553158705701079,0.21864406779661016,0.2613981762917933,0.18679549114331723,0.08818897637795275,0.11811023622047244,0.22240527182866557,0.10891089108910891,0.15805946791862285,0.15485996705107083,0.098256735340729,0.20695364238410596,0.29489291598023065,0.23208722741433022,0.09768211920529801,0.2833333333333333,0.15061295971978983,0.2533557046979866,0.13166144200626959,0.15857605177993528,0.1507537688442211,0.173015873015873,0.2534562211981567,0.16828478964401294,0.0878594249201278,0.2711571675302245,0.09752066115702479,0.11148086522462562,0.18679549114331723,0.07457627118644068,0.11912225705329153,0.152428810720268,0.10810810810810811,0.19811320754716982,0.22580645161290322,0.12982998454404945,0.15987460815047022,0.20462046204620463,0.17781402936378465,0.20285261489698891,0.09740259740259741,0.24019607843137256,0.1097972972972973,0.14772727272727273,0.19903691813804172,0.0776255707762557,0.13195548489666137,0.09884678747940692,0.09204368174726989,0.13971742543171115,0.08667736757624397,0.12954186413902052,0.10200927357032458,0.11993517017828201,0.141396933560477,0.16193656093489148,0.24373956594323873,0.08585055643879173,0.10559006211180125,0.09586776859504133,0.19062027231467474,0.17928902627511592,0.1357254290171607,0.14756671899529042,0.11202635914332784,0.15062111801242237,0.12636505460218408,0.17736486486486486,0.24881889763779527,0.11041009463722397,0.18138041733547353,0.13856427378964942,0.21196581196581196,0.2099533437013997,0.09733124018838304,0.15024232633279483,0.19440124416796267
2013,1,9,prevalence,0.17940199335548174,0.09238249594813615,0.12207357859531773,0.1291390728476821,0.11202635914332784,0.09612403100775194,0.1035548686244204,0.08878504672897196,0.09763779527559055,0.09531502423263329,0.10227272727272728,0.13333333333333333,0.12929623567921442,0.14505119453924914,0.14214046822742474,0.1290824261275272,0.12682926829268293,0.11144578313253012,0.107981220657277,0.11582381729200653,0.08163265306122448,0.09813874788494077,0.11290322580645161,0.06645569620253164,0.09317803660565724,0.10815307820299501,0.14629948364888123,0.09120521172638436,0.1792452830188679,0.1600633914421553,0.07142857142857142,0.0819935691318328,0.1185064935064935,0.11464968152866242,0.08291873963515754,0.08609271523178808,0.13099041533546327,0.12618296529968454,0.1201923076923077,0.0798611111111111,0.09728867623604466,0.1291866028708134,0.18140243902439024,0.18330605564648117,0.08641975308641975,0.13875598086124402,0.11446740858505565,0.11716171617161716,0.14261460101867574,0.07177033492822966,0.144,0.05331179321486268,0.09389671361502347,0.09597523219814241,0.08787878787878788,0.1043613707165109,0.10333333333333333,0.1360759493670886,0.13841368584758942,0.08553654743390357,0.13353566009104703,0.10518292682926829,0.10990712074303406,0.17377567140600317,0.19803600654664485,0.11311475409836065,0.10749185667752444,0.1035653650254669,0.1617391304347826,0.11783960720130933,0.10576923076923077,0.14,0.10281923714759536,0.08524590163934426,0.2102728731942215,0.07540983606557378,0.1020066889632107,0.08530805687203792,0.09786476868327403,0.10204081632653061,0.26749611197511663,0.17470881863560733,0.08403361344537816,0.13023255813953488,0.14893617021276595,0.09847198641765705,0.15953947368421054,0.10385756676557864,0.08461538461538462,0.17411402157164868,0.10244648318042814,0.1926751592356688,0.10641891891891891,0.11993517017828201,0.13440860215053763,0.08538587848932677,0.16693944353518822,0.1589825119236884,0.14869281045751634,0.12868217054263567,0.2544570502431118,0.18585526315789475,0.12460567823343849,0.07692307692307693,0.12006319115323855,0.09933774834437085,0.0959119496855346,0.246875,0.130298273155416,0.08852459016393442,0.1583198707592892,0.08461538461538462,0.16556291390728478,0.15196078431372548,0.14331210191082802,0.11696869851729819,0.11437908496732026,0.11867088607594936,0.1901081916537867,0.1263823064770932,0.1118421052631579,0.10318664643399089,0.11824324324324324,0.10432190760059612,0.22039473684210525,0.17107309486780714,0.14521452145214522,0.09273570324574962,0.1467304625199362,0.15960912052117263,0.09886547811993517,0.1253968253968254,0.1513157894736842,0.12074303405572756,0.16838487972508592,0.26136363636363635,0.20606060606060606,0.07960199004975124,0.18088737201365188,0.09726962457337884,0.14576271186440679,0.136,0.12401883830455258,0.11589403973509933,0.14634146341463414,0.22152886115444617,0.11631663974151858,0.06973058637083994,0.2024432809773124,0.10517799352750809,0.11323763955342903,0.16051364365971107,0.08121827411167512,0.15224358974358973,0.16721311475409836,0.1187214611872146,0.16798732171156894,0.18081761006289307,0.1393188854489164,0.1419457735247209,0.19063545150501673,0.159375,0.13777089783281735,0.10016155088852989,0.21546052631578946,0.15321252059308071,0.16478190630048464,0.16993464052287582,0.0970724191063174,0.11501597444089456,0.09731543624161074,0.10031347962382445,0.1325115562403698,0.10372771474878444,0.12222222222222222,0.08934169278996865,0.09569377990430622,0.1315345699831366,0.12479740680713128,0.18469217970049917,0.08766233766233766,0.12980769230769232,0.11056910569105691,0.1497659906396256,0.14691943127962084,0.11023622047244094,0.09523809523809523,0.13376835236541598,0.1596774193548387,0.09061488673139159,0.14309210526315788,0.15955766192733017,0.11075949367088607,0.12,0.10593900481540931,0.1345514950166113,0.1696,0.09501557632398754,0.1592775041050903,0.1685575364667747
2014,1,9,prevalence,0.13694267515923567,0.08265802269043761,0.09060955518945635,0.14590163934426228,0.08709677419354839,0.07075471698113207,0.12101910828025478,0.08552631578947369,0.08681672025723473,0.10679611650485436,0.0864,0.1387900355871886,0.1342062193126023,0.1461794019933555,0.137987012987013,0.1060842433697348,0.12026359143327842,0.1043872919818457,0.08256880733944955,0.09075907590759076,0.09389671361502347,0.07885906040268456,0.11514195583596215,0.05198776758409786,0.09547738693467336,0.08562197092084006,0.11652173913043479,0.10897435897435898,0.1584,0.16587677725118483,0.06539074960127592,0.04213938411669368,0.1048252911813644,0.10610932475884244,0.06446280991735537,0.0858085808580858,0.15705128205128205,0.07692307692307693,0.13578274760383385,0.08075601374570447,0.06840390879478828,0.08571428571428572,0.13953488372093023,0.17862838915470494,0.07379518072289157,0.12297734627831715,0.07373271889400922,0.09136212624584718,0.10204081632653061,0.04375,0.1104,0.036544850498338874,0.09230769230769231,0.09149277688603531,0.08409785932721713,0.08141321044546851,0.1325503355704698,0.0998439937597504,0.15207373271889402,0.11162079510703364,0.12385321100917432,0.11968503937007874,0.11058451816745656,0.13186813186813187,0.1497584541062802,0.1322314049586777,0.1212624584717608,0.10906040268456375,0.11265164644714037,0.057283142389525366,0.11392405063291139,0.12479474548440066,0.09,0.07293354943273905,0.1407766990291262,0.05672609400324149,0.10064935064935066,0.06581059390048154,0.08849557522123894,0.11428571428571428,0.17147192716236723,0.15857605177993528,0.06902356902356903,0.11708860759493671,0.14923076923076922,0.08528428093645485,0.11736334405144695,0.1308980213089802,0.07142857142857142,0.1507293354943274,0.08620689655172414,0.13376835236541598,0.11018363939899833,0.11802232854864433,0.1358695652173913,0.0464,0.16556291390728478,0.16927899686520376,0.12214983713355049,0.10586319218241043,0.20888157894736842,0.14263074484944532,0.09305993690851735,0.08452950558213716,0.11624203821656051,0.09151414309484193,0.07765451664025357,0.18993506493506493,0.1056782334384858,0.12790697674418605,0.12295081967213115,0.07535321821036106,0.12833333333333333,0.1841680129240711,0.1,0.12203389830508475,0.07923930269413629,0.06700167504187604,0.13819875776397517,0.10426540284360189,0.12335526315789473,0.09090909090909091,0.145,0.11145510835913312,0.15280135823429541,0.10371517027863777,0.17944535073409462,0.07355242566510173,0.1277602523659306,0.14049586776859505,0.10815307820299501,0.1064516129032258,0.12457337883959044,0.11483253588516747,0.18010291595197256,0.152276295133438,0.121765601217656,0.0779896013864818,0.15282392026578073,0.057755775577557754,0.12837837837837837,0.13355048859934854,0.1179245283018868,0.11783960720130933,0.12315270935960591,0.1550632911392405,0.12218649517684887,0.044585987261146494,0.12237762237762238,0.10223642172523961,0.07605177993527508,0.11975116640746501,0.0831918505942275,0.14064914992272023,0.13087248322147652,0.10675039246467818,0.15580286168521462,0.1339712918660287,0.1611842105263158,0.11598746081504702,0.16393442622950818,0.1819620253164557,0.1060842433697348,0.125,0.2231139646869984,0.16777408637873753,0.1642512077294686,0.1631321370309951,0.10534351145038168,0.0940032414910859,0.07952622673434856,0.07738998482549317,0.1238244514106583,0.10634920634920635,0.09033280507131537,0.062402496099843996,0.07559055118110236,0.115,0.11631663974151858,0.09884678747940692,0.06907894736842106,0.15422077922077923,0.12619808306709265,0.1439873417721519,0.11274509803921569,0.08661417322834646,0.08439490445859872,0.14566284779050737,0.1403225806451613,0.07017543859649122,0.07967479674796749,0.13636363636363635,0.08957654723127036,0.10307692307692308,0.08439490445859872,0.06655574043261231,0.1263823064770932,0.1109350237717908,0.17684887459807075,0.14049586776859505
2015,1,9,prevalence,0.09531502423263329,0.06688417618270799,0.06414473684210527,0.1157556270096463,0.09076682316118936,0.06310679611650485,0.09375,0.08013355592654424,0.06578947368421052,0.10965630114566285,0.07776049766718507,0.11228070175438597,0.1400329489291598,0.15630252100840336,0.0970873786407767,0.07620528771384137,0.09819967266775777,0.10307692307692308,0.10213414634146341,0.07855973813420622,0.08545727136431784,0.07082630691399663,0.1518578352180937,0.052969502407704656,0.08196721311475409,0.09531502423263329,0.08950086058519793,0.0946372239747634,0.11075441412520064,0.1439873417721519,0.057233704292527825,0.035541195476575124,0.10032894736842106,0.07717041800643087,0.0831918505942275,0.08710217755443886,0.12558869701726844,0.06614173228346457,0.15048543689320387,0.07325383304940375,0.041935483870967745,0.045234248788368334,0.10835913312693499,0.15593220338983052,0.08079268292682927,0.11612903225806452,0.053929121725731895,0.07377049180327869,0.0707070707070707,0.04806201550387597,0.05736434108527132,0.02388535031847134,0.11094224924012158,0.08780487804878048,0.06869009584664537,0.07716049382716049,0.137987012987013,0.09621451104100946,0.1580547112462006,0.12121212121212122,0.13230769230769232,0.12353923205342238,0.12788906009244994,0.11483253588516747,0.1567043618739903,0.10344827586206896,0.10526315789473684,0.08783783783783784,0.07504363001745201,0.04285714285714286,0.08744038155802862,0.12312811980033278,0.13548387096774195,0.09134615384615384,0.09775641025641026,0.07214765100671142,0.11148086522462562,0.06351791530944625,0.056239015817223195,0.10126582278481013,0.11940298507462686,0.11262798634812286,0.05410122164048865,0.07313195548489666,0.14570552147239263,0.06324786324786325,0.10223642172523961,0.08888888888888889,0.06752411575562701,0.0992,0.06451612903225806,0.12207357859531773,0.08717948717948718,0.09177215189873418,0.12880143112701253,0.06862745098039216,0.11794019933554817,0.1389776357827476,0.08019639934533551,0.12678288431061807,0.19376026272577998,0.1314935064935065,0.088379705400982,0.06885758998435054,0.07165109034267912,0.13666666666666666,0.059870550161812294,0.16401273885350318,0.07620528771384137,0.11513157894736842,0.15358931552587646,0.07790143084260731,0.09581881533101046,0.16129032258064516,0.06528662420382166,0.1174496644295302,0.07248764415156507,0.054365733113673806,0.12238325281803543,0.09177215189873418,0.13114754098360656,0.057663125948406675,0.18729096989966554,0.1109375,0.10231023102310231,0.11485451761102604,0.13725490196078433,0.07535321821036106,0.10927152317880795,0.10299003322259136,0.0864600326264274,0.06998444790046657,0.11980033277870217,0.10819672131147541,0.125,0.09713375796178345,0.09859154929577464,0.09026548672566372,0.09933774834437085,0.05555555555555555,0.11940298507462686,0.16506410256410256,0.10416666666666667,0.10666666666666667,0.09836065573770492,0.10430463576158941,0.10638297872340426,0.042993630573248405,0.1113013698630137,0.05636070853462158,0.06035889070146819,0.06190476190476191,0.07679180887372014,0.09174311926605505,0.09966216216216216,0.09149277688603531,0.1376,0.09331259720062209,0.14910858995137763,0.10909090909090909,0.11624203821656051,0.16611842105263158,0.0634441087613293,0.14091680814940577,0.18471337579617833,0.18760195758564438,0.1437908496732026,0.12935323383084577,0.06917293233082707,0.12179487179487179,0.043782837127845885,0.042748091603053436,0.09276729559748427,0.09797822706065319,0.05223880597014925,0.03669724770642202,0.06774193548387097,0.08985024958402663,0.09819967266775777,0.09178743961352658,0.03782894736842105,0.11942675159235669,0.119281045751634,0.1439873417721519,0.11717495987158909,0.04662379421221865,0.07028753993610223,0.16887417218543047,0.13629160063391443,0.061191626409017714,0.06085526315789474,0.0707395498392283,0.06666666666666667,0.08163265306122448,0.07936507936507936,0.0644122383252818,0.1238244514106583,0.12135176651305683,0.17851500789889416,0.1260229132569558
2016,1,9,prevalence,0.07355242566510173,0.03666666666666667,0.0632279534109817,0.08660130718954248,0.0640625,0.0625,0.06624605678233439,0.07213114754098361,0.0632279534109817,0.08361204013377926,0.075,0.06112054329371817,0.0784313725490196,0.14144736842105263,0.10197368421052631,0.08307210031347963,0.05802047781569966,0.10061919504643962,0.0729483282674772,0.05071315372424723,0.08394698085419734,0.06902356902356903,0.08439490445859872,0.06818181818181818,0.06965174129353234,0.08223684210526316,0.0548885077186964,0.07154213036565978,0.052795031055900624,0.12619808306709265,0.045234248788368334,0.02922077922077922,0.0812603648424544,0.06699346405228758,0.04882154882154882,0.058922558922558925,0.09841269841269841,0.0515625,0.08983050847457627,0.05536912751677853,0.03745928338762215,0.025356576862123614,0.08132530120481928,0.12903225806451613,0.08791208791208792,0.08426073131955485,0.047692307692307694,0.05844155844155844,0.04074702886247878,0.05368098159509203,0.04461538461538461,0.02922077922077922,0.12942989214175654,0.08881578947368421,0.04100946372239748,0.06210191082802548,0.13449367088607594,0.10112359550561797,0.11937984496124031,0.08282208588957055,0.07631160572337042,0.09165302782324058,0.10077519379844961,0.07352941176470588,0.10264900662251655,0.07605177993527508,0.05977382875605816,0.06020066889632107,0.055267702936096716,0.044657097288676235,0.07053291536050156,0.10264900662251655,0.09547738693467336,0.0624,0.0779436152570481,0.06208053691275168,0.09151414309484193,0.041666666666666664,0.037162162162162164,0.06199021207177814,0.09365558912386707,0.08955223880597014,0.04568527918781726,0.04889589905362776,0.12012480499219969,0.03535353535353535,0.0544,0.06070287539936102,0.07590759075907591,0.06532663316582915,0.040419161676646706,0.0967741935483871,0.051580698835274545,0.07431340872374798,0.09424083769633508,0.05591054313099041,0.10016420361247948,0.11075949367088607,0.04404567699836868,0.10016420361247948,0.11993517017828201,0.06403940886699508,0.08745874587458746,0.050314465408805034,0.06220095693779904,0.10963455149501661,0.06158833063209076,0.09375,0.05564142194744977,0.08877721943048576,0.12984822934232715,0.0688,0.06814310051107325,0.11446740858505565,0.04643449419568822,0.09045226130653267,0.048513302034428794,0.05573770491803279,0.08940397350993377,0.08012326656394453,0.11519198664440734,0.050078247261345854,0.1360655737704918,0.10883280757097792,0.07979626485568761,0.10225563909774436,0.09135399673735727,0.07154213036565978,0.07666666666666666,0.05555555555555555,0.05472636815920398,0.05692307692307692,0.06612903225806452,0.08064516129032258,0.09508196721311475,0.05828220858895705,0.08173076923076923,0.08275862068965517,0.06365159128978225,0.05229793977812995,0.08333333333333333,0.11414790996784566,0.10526315789473684,0.10016155088852989,0.06998444790046657,0.07961783439490445,0.0859504132231405,0.04019292604501608,0.08020477815699659,0.05732484076433121,0.03130148270181219,0.03453689167974882,0.050505050505050504,0.07413010590015129,0.06462585034013606,0.06570512820512821,0.09917355371900827,0.06612903225806452,0.10517799352750809,0.07547169811320754,0.0752,0.1168,0.03400309119010819,0.0912106135986733,0.0940032414910859,0.13980263157894737,0.13344316309719934,0.10301109350237718,0.07142857142857142,0.0707395498392283,0.03185840707964602,0.03389830508474576,0.057692307692307696,0.07535321821036106,0.043010752688172046,0.024922118380062305,0.038834951456310676,0.07142857142857142,0.05872756933115824,0.0624,0.039603960396039604,0.08121827411167512,0.10344827586206896,0.1178343949044586,0.09508716323296355,0.04709576138147567,0.043548387096774194,0.12234910277324633,0.09151414309484193,0.03642384105960265,0.060655737704918035,0.03503184713375796,0.052805280528052806,0.04723127035830619,0.0880503144654088,0.05529225908372828,0.07739938080495357,0.11514195583596215,0.1640625,0.1079734219269103
2017,1,9,prevalence,0.05443234836702955,0.028985507246376812,0.04590163934426229,0.06666666666666667,0.057902973395931145,0.04961240310077519,0.058084772370486655,0.06343906510851419,0.049586776859504134,0.06655574043261231,0.07515337423312883,0.05218855218855219,0.05834683954619125,0.08414239482200647,0.08053691275167785,0.048286604361370715,0.050505050505050504,0.09062003179650238,0.054773082942097026,0.05379746835443038,0.05089820359281437,0.04674457429048414,0.060995184590690206,0.06818181818181818,0.040584415584415584,0.06796116504854369,0.05154639175257732,0.055205047318611984,0.0426179604261796,0.11338582677165354,0.026984126984126985,0.020700636942675158,0.06372549019607843,0.07401315789473684,0.051839464882943144,0.06135986733001658,0.06984126984126984,0.0546875,0.055077452667814115,0.0625,0.03035413153456998,0.023961661341853034,0.06738131699846861,0.09595959595959595,0.06774193548387097,0.07833333333333334,0.03785488958990536,0.062193126022913256,0.039603960396039604,0.0350609756097561,0.046583850931677016,0.012738853503184714,0.10030864197530864,0.06942148760330578,0.021035598705501618,0.06800618238021638,0.06531881804043546,0.07248764415156507,0.06836248012718601,0.07086614173228346,0.056338028169014086,0.06554621848739496,0.07923930269413629,0.05432937181663837,0.07666666666666666,0.06504065040650407,0.04326923076923077,0.03577235772357724,0.05679862306368331,0.02664576802507837,0.050393700787401574,0.07973421926910298,0.06414473684210527,0.06041335453100159,0.0667779632721202,0.03691275167785235,0.06869009584664537,0.0361247947454844,0.03350083752093802,0.049586776859504134,0.08484848484848485,0.06026058631921824,0.032534246575342464,0.03559870550161812,0.09379968203497616,0.024875621890547265,0.02903225806451613,0.04984423676012461,0.06807131280388978,0.056856187290969896,0.023529411764705882,0.07785467128027682,0.037037037037037035,0.056910569105691054,0.06806282722513089,0.05625,0.11129848229342328,0.08346456692913386,0.04292527821939587,0.07980456026058631,0.0799347471451876,0.05032467532467533,0.0664451827242525,0.03937007874015748,0.04590163934426229,0.1118421052631579,0.04234527687296417,0.06435643564356436,0.04160246533127889,0.07941653160453808,0.08818635607321132,0.03481012658227848,0.0702054794520548,0.11272141706924316,0.03559870550161812,0.06176961602671119,0.03486529318541997,0.03210272873194221,0.07401315789473684,0.05555555555555555,0.08429752066115702,0.03099510603588907,0.10277324632952692,0.07198748043818466,0.0462046204620462,0.07488986784140969,0.0734094616639478,0.05564387917329094,0.06208053691275168,0.038397328881469114,0.04111842105263158,0.0375,0.04038772213247173,0.0630048465266559,0.0757825370675453,0.0473186119873817,0.060221870047543584,0.05641025641025641,0.0423728813559322,0.031446540880503145,0.05862068965517241,0.0935483870967742,0.08268330733229329,0.06635071090047394,0.05799373040752351,0.05475040257648953,0.0732484076433121,0.037520391517128875,0.057003257328990226,0.053833605220228384,0.01507537688442211,0.026813880126182965,0.06484641638225255,0.055130168453292494,0.06153846153846154,0.057096247960848286,0.08717948717948718,0.04807692307692308,0.11041009463722397,0.0796875,0.08074534161490683,0.07096774193548387,0.03358778625954199,0.06115702479338843,0.07580645161290323,0.09359605911330049,0.10423452768729642,0.0732484076433121,0.04698972099853157,0.05149501661129568,0.02486678507992895,0.026986506746626688,0.03896103896103896,0.05873261205564142,0.032357473035439135,0.018154311649016642,0.03618421052631579,0.06890756302521009,0.05177993527508091,0.05055292259083728,0.024390243902439025,0.06176961602671119,0.07198748043818466,0.08292682926829269,0.06200317965023847,0.04732824427480916,0.05025125628140704,0.09365079365079365,0.0775716694772344,0.024549918166939442,0.04404567699836868,0.0192,0.029411764705882353,0.052547770700636945,0.05362776025236593,0.0423861852433281,0.05727554179566564,0.05263157894736842,0.11601307189542484,0.090311986863711
2018,1,9,prevalence,0.042105263157894736,0.02106969205834684,0.035175879396984924,0.04983922829581994,0.04477611940298507,0.04716981132075472,0.042993630573248405,0.046153846153846156,0.02403846153846154,0.05271828665568369,0.048589341692789965,0.039473684210526314,0.04807692307692308,0.07389162561576355,0.06873977086743044,0.04205607476635514,0.050505050505050504,0.07692307692307693,0.04580152671755725,0.04081632653061224,0.0409711684370258,0.03993344425956739,0.05331179321486268,0.041990668740279936,0.03678929765886288,0.0530421216848674,0.04436860068259386,0.03316749585406302,0.03421461897356143,0.07453416149068323,0.023734177215189875,0.016051364365971106,0.05132450331125828,0.04411764705882353,0.04145077720207254,0.0544,0.04823151125401929,0.028846153846153848,0.038397328881469114,0.050335570469798654,0.03488372093023256,0.0171875,0.050473186119873815,0.07333333333333333,0.04472843450479233,0.04088586030664395,0.03307086614173228,0.048,0.02903225806451613,0.02723146747352496,0.047839506172839504,0.008143322475570033,0.07993730407523511,0.04567699836867863,0.009771986970684038,0.0514018691588785,0.04075235109717868,0.054635761589403975,0.0554675118858954,0.05211726384364821,0.0405616224648986,0.04492512479201331,0.05627009646302251,0.043973941368078175,0.06292517006802721,0.050488599348534204,0.0288,0.02903225806451613,0.03424657534246575,0.027993779160186624,0.03656597774244833,0.05351170568561873,0.057003257328990226,0.0448,0.054187192118226604,0.03414634146341464,0.05591054313099041,0.026490066225165563,0.022727272727272728,0.04912280701754386,0.0634441087613293,0.026490066225165563,0.022950819672131147,0.03927986906710311,0.07075471698113207,0.01957585644371941,0.02388535031847134,0.0438871473354232,0.06351791530944625,0.05723905723905724,0.02245508982035928,0.06118881118881119,0.03257328990228013,0.05314009661835749,0.06543624161073826,0.031746031746031744,0.06643952299829642,0.04930662557781202,0.02664576802507837,0.051118210862619806,0.06026058631921824,0.0641025641025641,0.05201342281879195,0.031201248049921998,0.036065573770491806,0.09424920127795527,0.03257328990228013,0.05737704918032787,0.028169014084507043,0.06176961602671119,0.06343906510851419,0.016793893129770993,0.06091370558375635,0.07753164556962025,0.02247191011235955,0.048494983277591976,0.0382262996941896,0.027960526315789474,0.06359300476947535,0.045171339563862926,0.059967585089141004,0.033112582781456956,0.08823529411764706,0.05608974358974359,0.024875621890547265,0.0578386605783866,0.058823529411764705,0.03627760252365931,0.04903677758318739,0.03691275167785235,0.03980099502487562,0.03827751196172249,0.030206677265500796,0.06462035541195477,0.06929133858267716,0.03588907014681892,0.05124223602484472,0.043973941368078175,0.03140495867768595,0.03576751117734724,0.048576214405360134,0.08095238095238096,0.06885758998435054,0.05063291139240506,0.04552590266875981,0.04153354632587859,0.058823529411764705,0.04292527821939587,0.04817275747508306,0.04590163934426229,0.013157894736842105,0.02034428794992175,0.05843071786310518,0.046875,0.057724957555178265,0.054455445544554455,0.0735042735042735,0.04051863857374392,0.08530805687203792,0.07088989441930618,0.07692307692307693,0.06220095693779904,0.0416,0.04674457429048414,0.06581059390048154,0.05921052631578947,0.06741573033707865,0.058084772370486655,0.030349013657056147,0.04118616144975288,0.020654044750430294,0.024242424242424242,0.03715670436187399,0.03828483920367534,0.030254777070063694,0.01889763779527559,0.02145214521452145,0.052364864864864864,0.03271028037383177,0.0438871473354232,0.017350157728706624,0.04591836734693878,0.054945054945054944,0.06341463414634146,0.048,0.037821482602118005,0.048986486486486486,0.08239095315024232,0.0779436152570481,0.01938610662358643,0.03054662379421222,0.01687116564417178,0.020967741935483872,0.05,0.04823151125401929,0.03599374021909233,0.04716981132075472,0.03934426229508197,0.08169934640522876,0.05993690851735016
2019,1,9,prevalence,0.03609022556390978,0.01652892561983471,0.030844155844155844,0.05799373040752351,0.04457652303120357,0.04179566563467492,0.04552590266875981,0.041379310344827586,0.02936378466557912,0.04426229508196721,0.04281345565749235,0.04326123128119801,0.03864734299516908,0.06732348111658457,0.05203252032520325,0.05246422893481717,0.050335570469798654,0.05555555555555555,0.03686635944700461,0.03486529318541997,0.030627871362940276,0.03821656050955414,0.054187192118226604,0.03139717425431711,0.021739130434782608,0.0490506329113924,0.03355704697986577,0.027164685908319185,0.028662420382165606,0.057692307692307696,0.018575851393188854,0.014308426073131956,0.04470198675496689,0.03968253968253968,0.03436988543371522,0.047619047619047616,0.032467532467532464,0.022617124394184167,0.03005008347245409,0.043333333333333335,0.029411764705882353,0.0112,0.03949447077409163,0.06844741235392321,0.04234527687296417,0.05351170568561873,0.034055727554179564,0.04411764705882353,0.0282574568288854,0.0203125,0.030063291139240507,0.006339144215530904,0.06477093206951026,0.03470031545741325,0.008130081300813009,0.0432,0.0576,0.05564648117839607,0.046849757673667204,0.05057096247960848,0.05238095238095238,0.03618421052631579,0.048414023372287146,0.03776683087027915,0.05360134003350084,0.0440251572327044,0.02800658978583196,0.028938906752411574,0.041666666666666664,0.0343796711509716,0.025396825396825397,0.04215851602023609,0.06467661691542288,0.05984251968503937,0.048013245033112585,0.02702702702702703,0.046801872074883,0.02618657937806874,0.01567398119122257,0.03986135181975736,0.041666666666666664,0.029411764705882353,0.02113821138211382,0.04807692307692308,0.054945054945054944,0.020967741935483872,0.022764227642276424,0.04173354735152488,0.04390243902439024,0.049403747870528106,0.015060240963855422,0.05178571428571429,0.03987240829346093,0.05144694533762058,0.0594059405940594,0.02773497688751926,0.041666666666666664,0.03650793650793651,0.024311183144246355,0.046251993620414676,0.04472843450479233,0.07154213036565978,0.04991394148020654,0.026153846153846153,0.03459637561779242,0.08214849921011058,0.027419354838709678,0.054514480408858604,0.026234567901234566,0.05342237061769616,0.05152979066022544,0.013513513513513514,0.078397212543554,0.0641025641025641,0.011419249592169658,0.05246422893481717,0.04245283018867924,0.016666666666666666,0.05354330708661417,0.03343949044585987,0.04862236628849271,0.021922428330522766,0.07987220447284345,0.06132075471698113,0.02113821138211382,0.03692762186115214,0.0594855305466238,0.028526148969889066,0.04063604240282685,0.032679738562091505,0.02413793103448276,0.03987730061349693,0.02694136291600634,0.05388272583201268,0.056338028169014086,0.0338409475465313,0.04231974921630094,0.03425774877650897,0.028523489932885907,0.026785714285714284,0.034976152623211444,0.0766721044045677,0.05582137161084529,0.039936102236421724,0.035114503816793895,0.032679738562091505,0.046474358974358976,0.03650793650793651,0.03987240829346093,0.03284072249589491,0.013289036544850499,0.014354066985645933,0.050335570469798654,0.043548387096774194,0.05641025641025641,0.02903225806451613,0.058519793459552494,0.03365384615384615,0.07062600321027288,0.05446293494704992,0.07355242566510173,0.05196850393700787,0.04075235109717868,0.039473684210526314,0.062193126022913256,0.047619047619047616,0.06482982171799027,0.054602184087363496,0.0187207488299532,0.038461538461538464,0.01903114186851211,0.021439509954058193,0.048414023372287146,0.033093525179856115,0.03064516129032258,0.018211920529801324,0.02138157894736842,0.033112582781456956,0.03110419906687403,0.032407407407407406,0.02593192868719611,0.036544850498338874,0.04133545310015898,0.05825242718446602,0.03656597774244833,0.03479576399394856,0.046052631578947366,0.06482982171799027,0.06821963394342762,0.015748031496062992,0.01726844583987441,0.01088646967340591,0.01904761904761905,0.03273322422258593,0.03,0.03421461897356143,0.048558421851289835,0.027777777777777776,0.053833605220228384,0.05203252032520325
2020,1,9,prevalence,0.025796661608497723,0.014634146341463415,0.022617124394184167,0.041474654377880185,0.0374251497005988,0.048513302034428794,0.03481012658227848,0.02707275803722504,0.024,0.03442622950819672,0.0350609756097561,0.04297520661157025,0.03140495867768595,0.05921052631578947,0.07085346215780998,0.05368098159509203,0.044142614601018676,0.06105610561056106,0.03139717425431711,0.03599374021909233,0.03179650238473768,0.03125,0.0761904761904762,0.023255813953488372,0.014950166112956811,0.04461538461538461,0.044142614601018676,0.026455026455026454,0.025518341307814992,0.05573248407643312,0.015503875968992248,0.006568144499178982,0.027164685908319185,0.03475513428120063,0.038461538461538464,0.050393700787401574,0.029315960912052116,0.01800327332242226,0.027777777777777776,0.05228758169934641,0.03064516129032258,0.007680491551459293,0.043689320388349516,0.05237315875613748,0.03099510603588907,0.060064935064935064,0.024844720496894408,0.03915171288743882,0.03265940902021773,0.014586709886547812,0.0219435736677116,0.0030303030303030303,0.05910543130990415,0.027649769585253458,0.008169934640522876,0.03115264797507788,0.06309148264984227,0.057724957555178265,0.037520391517128875,0.03877221324717286,0.07020280811232449,0.03648424543946932,0.049586776859504134,0.030254777070063694,0.043993231810490696,0.043689320388349516,0.027914614121510674,0.0265625,0.08833333333333333,0.026865671641791045,0.02476780185758514,0.03098106712564544,0.08673469387755102,0.0768,0.04145936981757877,0.018518518518518517,0.0397456279809221,0.024630541871921183,0.010769230769230769,0.03209459459459459,0.030816640986132512,0.027868852459016394,0.020833333333333332,0.029654036243822075,0.03459119496855346,0.01437699680511182,0.017915309446254073,0.04227642276422764,0.029411764705882353,0.04591836734693878,0.010479041916167664,0.041379310344827586,0.05229793977812995,0.03571428571428571,0.058823529411764705,0.0265625,0.03685092127303183,0.03054662379421222,0.024115755627009645,0.036065573770491806,0.0593900481540931,0.13365539452495975,0.040336134453781515,0.0182370820668693,0.06040268456375839,0.07042253521126761,0.023622047244094488,0.06587837837837837,0.01812688821752266,0.04713804713804714,0.04120443740095087,0.015748031496062992,0.11052631578947368,0.07692307692307693,0.016286644951140065,0.05448717948717949,0.04265402843601896,0.01644736842105263,0.04311774461028192,0.01839464882943144,0.03782894736842105,0.02280130293159609,0.08842443729903537,0.07028753993610223,0.016051364365971106,0.050445103857566766,0.057755775577557754,0.027642276422764227,0.03793103448275862,0.024193548387096774,0.016863406408094434,0.03949447077409163,0.028662420382165606,0.03864734299516908,0.04665629860031104,0.032520325203252036,0.031446540880503145,0.030894308943089432,0.020066889632107024,0.021865889212827987,0.03481012658227848,0.08443708609271523,0.057971014492753624,0.03773584905660377,0.032407407407407406,0.03436988543371522,0.03343949044585987,0.0462046204620462,0.03354632587859425,0.037337662337662336,0.028526148969889066,0.012738853503184714,0.05490848585690516,0.04426229508196721,0.06976744186046512,0.02073365231259968,0.0456140350877193,0.026813880126182965,0.04823151125401929,0.040061633281972264,0.0764525993883792,0.04292527821939587,0.03328050713153724,0.03,0.07248764415156507,0.04100946372239748,0.049206349206349205,0.040310077519379844,0.012598425196850394,0.04462809917355372,0.011824324324324325,0.028315946348733235,0.07281553398058252,0.034782608695652174,0.0224,0.017828200972447326,0.01639344262295082,0.030894308943089432,0.02384737678855326,0.02909647779479326,0.019834710743801654,0.03488372093023256,0.03400309119010819,0.0462046204620462,0.030206677265500796,0.025185185185185185,0.05676126878130217,0.05081967213114754,0.06097560975609756,0.011111111111111112,0.017054263565891473,0.008928571428571428,0.015600624024960999,0.026272577996715927,0.024350649350649352,0.027565084226646247,0.07121212121212121,0.019077901430842606,0.05601317957166392,0.05787781350482315
2021,1,9,prevalence,0.022388059701492536,0.01631321370309951,0.018867924528301886,0.0515625,0.02967359050445104,0.03599374021909233,0.04100946372239748,0.024630541871921183,0.011128775834658187,0.03271028037383177,0.029717682020802376,0.05555555555555555,0.029850746268656716,0.04390243902439024,0.08333333333333333,0.041033434650455926,0.04785478547854786,0.0651085141903172,0.021671826625386997,0.0304,0.021739130434782608,0.032467532467532464,0.08513931888544891,0.022292993630573247,0.016286644951140065,0.0374414976599064,0.04923599320882852,0.018998272884283247,0.018363939899833055,0.047021943573667714,0.013996889580093312,0.017915309446254073,0.01854974704890388,0.028708133971291867,0.053156146179401995,0.042483660130718956,0.0432,0.01282051282051282,0.026272577996715927,0.04411764705882353,0.02365930599369085,0.006289308176100629,0.03145695364238411,0.03908794788273615,0.025682182985553772,0.051926298157453935,0.018433179723502304,0.03225806451612903,0.06376360808709176,0.006535947712418301,0.021538461538461538,0.0015432098765432098,0.05161290322580645,0.021406727828746176,0.0065252854812398045,0.027314112291350532,0.05815831987075929,0.06532663316582915,0.032362459546925564,0.0288,0.06132075471698113,0.03241491085899514,0.04159733777038269,0.0187207488299532,0.036544850498338874,0.051643192488262914,0.02254428341384863,0.023809523809523808,0.19480519480519481,0.04360902255639098,0.03201219512195122,0.02689075630252101,0.09136212624584718,0.09163987138263666,0.03595890410958904,0.017133956386292833,0.026153846153846153,0.02936378466557912,0.009259259259259259,0.02800658978583196,0.03409090909090909,0.027914614121510674,0.021346469622331693,0.017741935483870968,0.029079159935379646,0.01263823064770932,0.01607717041800643,0.03179650238473768,0.033444816053511704,0.023809523809523808,0.0073964497041420114,0.03747870528109029,0.05608974358974359,0.028481012658227847,0.0762987012987013,0.015128593040847202,0.030303030303030304,0.027868852459016394,0.021775544388609715,0.02618657937806874,0.0890625,0.16134185303514376,0.03372681281618887,0.01361573373676248,0.08333333333333333,0.04830917874396135,0.017241379310344827,0.15307820299500832,0.0106544901065449,0.049586776859504134,0.028846153846153848,0.012841091492776886,0.1001727115716753,0.10832025117739404,0.011494252873563218,0.04220779220779221,0.03421461897356143,0.013071895424836602,0.03125,0.01631321370309951,0.03161397670549085,0.02145214521452145,0.134185303514377,0.07852564102564102,0.017432646592709985,0.06944444444444445,0.07236842105263158,0.02403846153846154,0.03368794326241135,0.021311475409836064,0.011419249592169658,0.03937007874015748,0.029595015576323987,0.03161397670549085,0.040123456790123455,0.023026315789473683,0.026234567901234566,0.02711323763955343,0.019639934533551555,0.020348837209302327,0.026016260162601626,0.08843537414965986,0.06929133858267716,0.047244094488188976,0.02635658914728682,0.04241435562805873,0.02329450915141431,0.033707865168539325,0.022328548644338118,0.019448946515397084,0.03662420382165605,0.009345794392523364,0.06688417618270799,0.041390728476821195,0.085,0.01788617886178862,0.03880070546737213,0.017713365539452495,0.04823151125401929,0.03225806451612903,0.07874015748031496,0.02711323763955343,0.04487179487179487,0.05737704918032787,0.08943089430894309,0.038338658146964855,0.04830917874396135,0.037267080745341616,0.023112480739599383,0.047697368421052634,0.011686143572621035,0.050746268656716415,0.08306709265175719,0.036390101892285295,0.019543973941368076,0.01644736842105263,0.009950248756218905,0.01517706576728499,0.020933977455716585,0.0265210608424337,0.03125,0.026936026936026935,0.0330188679245283,0.04038772213247173,0.024350649350649352,0.0243531202435312,0.1273344651952462,0.037337662337662336,0.04492512479201331,0.0096,0.0141287284144427,0.00764525993883792,0.015822784810126583,0.021848739495798318,0.016286644951140065,0.026234567901234566,0.11808669656203288,0.021671826625386997,0.024193548387096774,0.05573770491803279
2022,1,9,prevalence,0.016200294550810016,0.016611295681063124,0.012841091492776886,0.0529595015576324,0.017830609212481426,0.05,0.05057096247960848,0.019867549668874173,0.008038585209003215,0.022970903522205207,0.023809523809523808,0.07450331125827815,0.022988505747126436,0.03594771241830065,0.13070866141732285,0.0377643504531722,0.03099510603588907,0.0436241610738255,0.012461059190031152,0.017214397496087636,0.014040561622464899,0.036065573770491806,0.07142857142857142,0.01746031746031746,0.0231023102310231,0.026113671274961597,0.025,0.017094017094017096,0.012903225806451613,0.04516129032258064,0.01228878648233487,0.0096,0.010507880910683012,0.02113821138211382,0.04690117252931323,0.022151898734177215,0.04186795491143317,0.0112,0.01309328968903437,0.038523274478330656,0.017241379310344827,0.004739336492890996,0.017973856209150325,0.031825795644891124,0.021311475409836064,0.04501607717041801,0.01694915254237288,0.028938906752411574,0.07110438729198185,0.004838709677419355,0.014285714285714285,0.0015625,0.03354632587859425,0.03134328358208955,0.00487012987012987,0.02177293934681182,0.05519480519480519,0.05638474295190713,0.022508038585209004,0.027906976744186046,0.04662379421221865,0.014539579967689823,0.05203252032520325,0.015723270440251572,0.03571428571428571,0.04588607594936709,0.015050167224080268,0.021875,0.3564516129032258,0.03422619047619048,0.031007751937984496,0.019672131147540985,0.15960912052117263,0.10260586319218241,0.024013722126929673,0.009478672985781991,0.01594896331738437,0.031932773109243695,0.0045662100456621,0.0214168039538715,0.0352,0.029900332225913623,0.0128,0.015822784810126583,0.024549918166939442,0.006349206349206349,0.009615384615384616,0.020186335403726708,0.02666666666666667,0.01730103806228374,0.007246376811594203,0.025295109612141653,0.08,0.02066772655007949,0.08320251177394035,0.009302325581395349,0.030508474576271188,0.021666666666666667,0.019801980198019802,0.019448946515397084,0.1661392405063291,0.29310344827586204,0.02861952861952862,0.007849293563579277,0.07537688442211055,0.0322061191626409,0.012403100775193798,0.21428571428571427,0.004622496147919877,0.04854368932038835,0.023026315789473683,0.00975609756097561,0.13310580204778158,0.13078149920255183,0.009615384615384616,0.05863192182410423,0.021638330757341576,0.008012820512820512,0.020202020202020204,0.014423076923076924,0.02152317880794702,0.01800327332242226,0.23953098827470687,0.046251993620414676,0.027914614121510674,0.060790273556231005,0.10268562401263823,0.01487603305785124,0.023931623931623933,0.008090614886731391,0.008319467554076539,0.05451713395638629,0.0364741641337386,0.020066889632107024,0.031055900621118012,0.018272425249169437,0.01901743264659271,0.04276315789473684,0.014195583596214511,0.015197568389057751,0.016129032258064516,0.07201309328968904,0.0631911532385466,0.03968253968253968,0.02066772655007949,0.03403565640194489,0.018456375838926176,0.035541195476575124,0.014240506329113924,0.011570247933884297,0.044374009508716325,0.004761904761904762,0.09046052631578948,0.028616852146263912,0.18076285240464346,0.009933774834437087,0.02901023890784983,0.014331210191082803,0.04409448818897638,0.022970903522205207,0.06976744186046512,0.026016260162601626,0.02090032154340836,0.054098360655737705,0.12337662337662338,0.025559105431309903,0.04361873990306947,0.030864197530864196,0.024806201550387597,0.05357142857142857,0.005145797598627788,0.06609195402298851,0.08214849921011058,0.03939393939393939,0.018151815181518153,0.008333333333333333,0.00686106346483705,0.01639344262295082,0.017741935483870968,0.02037617554858934,0.028333333333333332,0.0274442538593482,0.024132730015082957,0.02512562814070352,0.027597402597402596,0.017964071856287425,0.1299342105263158,0.022838499184339316,0.035830618892508145,0.009188361408882083,0.009615384615384616,0.006006006006006006,0.006514657980456026,0.010169491525423728,0.014492753623188406,0.015455950540958269,0.16863905325443787,0.03058103975535168,0.03915171288743882,0.07278481012658228
2023,1,9,prevalence,0.012403100775193798,0.016638935108153077,0.009983361064891847,0.07098765432098765,0.020497803806734993,0.0670926517571885,0.03858520900321544,0.009433962264150943,0.0065252854812398045,0.0183206106870229,0.019548872180451128,0.06291390728476821,0.009836065573770493,0.03035413153456998,0.18600953895071543,0.04599406528189911,0.020634920634920634,0.02689075630252101,0.004622496147919877,0.009389671361502348,0.009933774834437087,0.0231023102310231,0.06847133757961783,0.008143322475570033,0.02280130293159609,0.016897081413210446,0.020477815699658702,0.015254237288135594,0.011382113821138212,0.04784688995215311,0.012232415902140673,0.017713365539452495,0.005008347245409015,0.0180623973727422,0.03104575163398693,0.012441679626749611,0.0330188679245283,0.004792332268370607,0.006482982171799027,0.01468189233278956,0.01529051987767584,0.003179650238473768,0.023923444976076555,0.0165016501650165,0.015151515151515152,0.048,0.014240506329113924,0.03343949044585987,0.07544378698224852,0.0031446540880503146,0.025356576862123614,0.0015455950540958269,0.01824212271973466,0.02177068214804064,0.006389776357827476,0.018691588785046728,0.034653465346534656,0.043548387096774194,0.012924071082390954,0.025,0.05732484076433121,0.006568144499178982,0.04792332268370607,0.012861736334405145,0.024844720496894408,0.06045751633986928,0.013179571663920923,0.020569620253164556,0.4037854889589905,0.04900459418070444,0.03864734299516908,0.0112,0.18867924528301888,0.12871287128712872,0.017421602787456445,0.007849293563579277,0.009538950715421303,0.03826955074875208,0.004484304932735426,0.008169934640522876,0.022257551669316374,0.03035413153456998,0.006339144215530904,0.010903426791277258,0.013846153846153847,0.008064516129032258,0.004838709677419355,0.015625,0.009693053311793215,0.0051635111876075735,0.005952380952380952,0.014705882352941176,0.21360759493670886,0.009836065573770493,0.13513513513513514,0.0106544901065449,0.047377326565143825,0.012027491408934709,0.015280135823429542,0.012578616352201259,0.2774294670846395,0.43174603174603177,0.015202702702702704,0.006279434850863423,0.11912751677852348,0.02358490566037736,0.009478672985781991,0.30272108843537415,0.0015455950540958269,0.08943089430894309,0.014285714285714285,0.006349206349206349,0.12748344370860928,0.14426229508196722,0.006279434850863423,0.05,0.012307692307692308,0.0078003120124804995,0.011666666666666667,0.0047694753577106515,0.009819967266775777,0.009966777408637873,0.4095394736842105,0.058823529411764705,0.03881987577639751,0.08255451713395638,0.19101123595505617,0.011182108626198083,0.01507537688442211,0.00625,0.0065252854812398045,0.0984375,0.04179566563467492,0.013157894736842105,0.019667170953101363,0.007987220447284345,0.009448818897637795,0.04153354632587859,0.007974481658692184,0.012403100775193798,0.012698412698412698,0.0457516339869281,0.06269592476489028,0.06060606060606061,0.015408320493066256,0.061514195583596214,0.008417508417508417,0.06109324758842444,0.012598425196850394,0.011686143572621035,0.03793626707132018,0.003134796238244514,0.0981012658227848,0.0352,0.2740619902120718,0.006557377049180328,0.015463917525773196,0.0065252854812398045,0.04874213836477988,0.015384615384615385,0.1298904538341158,0.03054662379421222,0.016611295681063124,0.05929487179487179,0.14144736842105263,0.013289036544850499,0.03821656050955414,0.011146496815286623,0.023112480739599383,0.057971014492753624,0.005190311418685121,0.07342143906020558,0.12324492979719189,0.025914634146341462,0.011419249592169658,0.008333333333333333,0.001694915254237288,0.0112,0.0112,0.009316770186335404,0.028192371475953566,0.01926444833625219,0.009345794392523364,0.011272141706924315,0.026856240126382307,0.010558069381598794,0.19516407599309155,0.0109375,0.03471074380165289,0.0077279752704791345,0.004807692307692308,0.004524886877828055,0.0064,0.009900990099009901,0.017350157728706624,0.010954616588419406,0.2564102564102564,0.0366412213740458,0.06643952299829642,0.06896551724137931
2024,1,9,prevalence,0.004622496147919877,0.0067226890756302525,0.0033783783783783786,0.07956318252730109,0.010703363914373088,0.09193548387096774,0.02258064516129032,0.02027027027027027,0.009615384615384616,0.004761904761904762,0.006259780907668232,0.0462046204620462,0.0033003300330033004,0.01680672268907563,0.24473257698541329,0.08682634730538923,0.011419249592169658,0.026578073089700997,0.004665629860031105,0.0031007751937984496,0.0033444816053511705,0.016233766233766232,0.05221518987341772,0.006299212598425197,0.023961661341853034,0.007575757575757576,0.013201320132013201,0.005110732538330494,0.0032520325203252032,0.0438871473354232,0.010736196319018405,0.010852713178294573,0.0017064846416382253,0.019261637239165328,0.01746031746031746,0.004739336492890996,0.037209302325581395,0.004893964110929853,0.0,0.01282051282051282,0.019726858877086494,0.0,0.026143790849673203,0.007936507936507936,0.006633499170812604,0.040783034257748776,0.014354066985645933,0.020537124802527645,0.09295352323838081,0.0,0.03317535545023697,0.001567398119122257,0.00641025641025641,0.02564102564102564,0.003215434083601286,0.0125,0.038525963149078725,0.0987460815047022,0.0067226890756302525,0.010954616588419406,0.09149277688603531,0.0032,0.03431372549019608,0.0016260162601626016,0.018461538461538463,0.08548387096774193,0.005,0.012213740458015267,0.334384858044164,0.04696969696969697,0.057003257328990226,0.006230529595015576,0.2329635499207607,0.1402936378466558,0.008865248226950355,0.0031201248049922,0.0047694753577106515,0.03600654664484452,0.004629629629629629,0.0015873015873015873,0.016474464579901153,0.04071661237785016,0.003115264797507788,0.007776049766718507,0.004651162790697674,0.007518796992481203,0.003257328990228013,0.006172839506172839,0.009174311926605505,0.0033333333333333335,0.0029850746268656717,0.007911392405063292,0.37987012987012986,0.009852216748768473,0.2111111111111111,0.01088646967340591,0.058419243986254296,0.0050933786078098476,0.0049504950495049506,0.009538950715421303,0.3996865203761755,0.391705069124424,0.003401360544217687,0.0015748031496062992,0.18394648829431437,0.012658227848101266,0.006472491909385114,0.36649214659685864,0.0,0.12297734627831715,0.004784688995215311,0.004777070063694267,0.12559618441971382,0.15251572327044025,0.003215434083601286,0.05090311986863711,0.0015174506828528073,0.006420545746388443,0.0,0.0016155088852988692,0.0032,0.0033112582781456954,0.5131578947368421,0.06752411575562701,0.08641975308641975,0.16589147286821707,0.35782747603833864,0.007974481658692184,0.005050505050505051,0.0031397174254317113,0.0031847133757961785,0.1926751592356688,0.03761755485893417,0.0033333333333333335,0.007541478129713424,0.001589825119236884,0.00315955766192733,0.07086614173228346,0.001610305958132045,0.004665629860031105,0.0016,0.038834951456310676,0.043410852713178294,0.08072487644151564,0.009146341463414634,0.10445468509984639,0.003284072249589491,0.10662358642972536,0.006379585326953748,0.018302828618968387,0.04878048780487805,0.003110419906687403,0.11093990755007704,0.024469820554649267,0.2902208201892745,0.00322061191626409,0.0050933786078098476,0.001697792869269949,0.0705521472392638,0.003125,0.2802547770700637,0.03715170278637771,0.021630615640599003,0.06750392464678179,0.14355628058727568,0.0032258064516129032,0.04838709677419355,0.012861736334405145,0.03773584905660377,0.055284552845528454,0.003436426116838488,0.07807807807807808,0.10815047021943573,0.039936102236421724,0.00505902192242833,0.003418803418803419,0.0017211703958691911,0.01935483870967742,0.006472491909385114,0.003110419906687403,0.021630615640599003,0.01584507042253521,0.0015037593984962407,0.001652892561983471,0.02403846153846154,0.0030075187969924814,0.24196277495769883,0.006420545746388443,0.023064250411861616,0.001584786053882726,0.003205128205128205,0.0030257186081694403,0.00980392156862745,0.0032310177705977385,0.014218009478672985,0.0032310177705977385,0.31825037707390647,0.02403846153846154,0.1281618887015177,0.09905660377358491
2025,1,9,prevalence,0.0031397174254317113,0.0032626427406199023,0.003236245954692557,0.07086614173228346,0.0030581039755351682,0.08856682769726248,0.03827751196172249,0.028192371475953566,0.01592356687898089,0.001589825119236884,0.003048780487804878,0.05067567567567568,0.0,0.003424657534246575,0.24754098360655738,0.13722627737226278,0.011182108626198083,0.021311475409836064,0.0031746031746031746,0.0,0.0016474464579901153,0.024350649350649352,0.05238095238095238,0.001579778830963665,0.028985507246376812,0.0015151515151515152,0.009900990099009901,0.0016556291390728477,0.001669449081803005,0.03715670436187399,0.00906344410876133,0.013677811550151976,0.0,0.020933977455716585,0.012924071082390954,0.008064516129032258,0.045871559633027525,0.0033333333333333335,0.0,0.008116883116883116,0.01809954751131222,0.0,0.050590219224283306,0.0015455950540958269,0.0016181229773462784,0.03764320785597381,0.020249221183800622,0.030254777070063694,0.12703101920236337,0.0015698587127158557,0.03210272873194221,0.0015625,0.0,0.03404255319148936,0.003278688524590164,0.007776049766718507,0.04786324786324787,0.2006269592476489,0.001692047377326565,0.009375,0.0875796178343949,0.0,0.038461538461538464,0.0016181229773462784,0.007587253414264037,0.10628019323671498,0.008183306055646482,0.010736196319018405,0.2120253164556962,0.049773755656108594,0.0867430441898527,0.001564945226917058,0.2534562211981567,0.1353135313531353,0.0034423407917383822,0.0030959752321981426,0.0031397174254317113,0.044481054365733116,0.0015822784810126582,0.001589825119236884,0.0049504950495049506,0.05490848585690516,0.0,0.004709576138147566,0.003115264797507788,0.011023622047244094,0.0,0.0,0.010574018126888218,0.0,0.0,0.0,0.4991869918699187,0.0033003300330033004,0.2634146341463415,0.01694915254237288,0.06397306397306397,0.0034602076124567475,0.009554140127388535,0.014084507042253521,0.30634920634920637,0.31875,0.003372681281618887,0.0,0.23389830508474577,0.02021772939346812,0.004815409309791332,0.38275862068965516,0.0,0.1968503937007874,0.004672897196261682,0.0,0.14100486223662884,0.18009478672985782,0.0016420361247947454,0.054455445544554455,0.0047169811320754715,0.0,0.001652892561983471,0.0016,0.0015822784810126582,0.01098901098901099,0.43066884176182707,0.08227848101265822,0.08385093167701864,0.35248447204968947,0.4704944178628389,0.0015923566878980893,0.0,0.0,0.003194888178913738,0.2988505747126437,0.04313099041533546,0.0,0.00463678516228748,0.0,0.0,0.058544303797468354,0.0015822784810126582,0.0016,0.0,0.02618657937806874,0.0842433697347894,0.10231023102310231,0.0,0.2985553772070626,0.001594896331738437,0.1362179487179487,0.001557632398753894,0.021487603305785124,0.04961240310077519,0.0,0.12480739599383667,0.017432646592709985,0.30528052805280526,0.0016025641025641025,0.005076142131979695,0.0,0.19271623672230653,0.004615384615384616,0.43630573248407645,0.0297339593114241,0.02823920265780731,0.06743421052631579,0.24681528662420382,0.0016181229773462784,0.06514657980456026,0.013289036544850499,0.05396825396825397,0.049679487179487176,0.0017391304347826088,0.10014947683109118,0.1453125,0.084375,0.0016025641025641025,0.001669449081803005,0.0,0.025518341307814992,0.0032520325203252032,0.0031397174254317113,0.01948051948051948,0.01020408163265306,0.0015220700152207,0.0,0.0304,0.0015082956259426848,0.2933104631217839,0.0031746031746031746,0.027914614121510674,0.0015873015873015873,0.0031007751937984496,0.004392386530014641,0.013008130081300813,0.003125,0.012539184952978056,0.0,0.33076923076923076,0.03571428571428571,0.18227424749163879,0.15501519756838905
