Time,age_start,age_end,measure,draw_0,draw_1,draw_2,draw_3,draw_4,draw_5,draw_6,draw_7,draw_8,draw_9,draw_10,draw_11,draw_12,draw_13,draw_14,draw_15,draw_16,draw_17,draw_18,draw_19,draw_20,draw_21,draw_22,draw_23,draw_24,draw_25,draw_26,draw_27,draw_28,draw_29,draw_30,draw_31,draw_32,draw_33,draw_34,draw_35,draw_36,draw_37,draw_38,draw_39,draw_40,draw_41,draw_42,draw_43,draw_44,draw_45,draw_46,draw_47,draw_48,draw_49,draw_50,draw_51,draw_52,draw_53,draw_54,draw_55,draw_56,draw_57,draw_58,draw_59,draw_60,draw_61,draw_62,draw_63,draw_64,draw_65,draw_66,draw_67,draw_68,draw_69,draw_70,draw_71,draw_72,draw_73,draw_74,draw_75,draw_76,draw_77,draw_78,draw_79,draw_80,draw_81,draw_82,draw_83,draw_84,draw_85,draw_86,draw_87,draw_88,draw_89,draw_90,draw_91,draw_92,draw_93,draw_94,draw_95,draw_96,draw_97,draw_98,draw_99,draw_100,draw_101,draw_102,draw_103,draw_104,draw_105,draw_106,draw_107,draw_108,draw_109,draw_110,draw_111,draw_112,draw_113,draw_114,draw_115,draw_116,draw_117,draw_118,draw_119,draw_120,draw_121,draw_122,draw_123,draw_124,draw_125,draw_126,draw_127,draw_128,draw_129,draw_130,draw_131,draw_132,draw_133,draw_134,draw_135,draw_136,draw_137,draw_138,draw_139,draw_140,draw_141,draw_142,draw_143,draw_144,draw_145,draw_146,draw_147,draw_148,draw_149,draw_150,draw_151,draw_152,draw_153,draw_154,draw_155,draw_156,draw_157,draw_158,draw_159,draw_160,draw_161,draw_162,draw_163,draw_164,draw_165,draw_166,draw_167,draw_168,draw_169,draw_170,draw_171,draw_172,draw_173,draw_174,draw_175,draw_176,draw_177,draw_178,draw_179,draw_180,draw_181,draw_182,draw_183,draw_184,draw_185,draw_186,draw_187,draw_188,draw_189,draw_190,draw_191,draw_192,draw_193,draw_194,draw_195,draw_196,draw_197,draw_198,draw_199
1996,1,9,prevalence,0.11773700305810397,0.07401574803149606,0.14186851211072665,0.14451827242524917,0.026359143327841845,0.12145110410094637,0.048,0.06190476190476191,0.17833333333333334,0.018808777429467086,0.11432706222865413,0.06687402799377916,0.024469820554649267,0.16292974588938713,0.1703125,0.05015197568389058,0.09876543209876543,0.16828478964401294,0.25203252032520324,0.12302284710017575,0.22342064714946072,0.03442622950819672,0.08862629246676514,0.10307692307692308,0.09852216748768473,0.13221884498480244,0.08268330733229329,0.1396103896103896,0.08828250401284109,0.125,0.06026058631921824,0.18985270049099837,0.10738255033557047,0.0940032414910859,0.19701986754966888,0.12012987012987013,0.10810810810810811,0.0985691573926868,0.022116903633491312,0.07692307692307693,0.0,0.12755905511811025,0.11093990755007704,0.07413249211356467,0.14052287581699346,0.0530421216848674,0.08562197092084006,0.11854103343465046,0.21543408360128619,0.056179775280898875,0.0766721044045677,0.07370184254606366,0.15955766192733017,0.10684474123539232,0.04806201550387597,0.25955414012738853,0.14057507987220447,0.07305194805194805,0.17585692995529062,0.2171875,0.12752721617418353,0.08196721311475409,0.05105105105105105,0.0629800307219662,0.12807881773399016,0.07378335949764521,0.14308681672025725,0.11006289308176101,0.07537688442211055,0.017001545595054096,0.1751227495908347,0.2171945701357466,0.054187192118226604,0.02531645569620253,0.06504065040650407,0.07244094488188976,0.057692307692307696,0.07777777777777778,0.031055900621118012,0.001443001443001443,0.07332293291731669,0.14992272024729522,0.10136157337367625,0.16434108527131783,0.07807807807807808,0.08191653786707882,0.11384615384615385,0.17857142857142858,0.1478405315614618,0.06289308176100629,0.06511627906976744,0.14814814814814814,0.0752,0.14826021180030258,0.1072,0.11400651465798045,0.13291139240506328,0.17932148626817448,0.14516129032258066,0.07352941176470588,0.13870967741935483,0.1321928460342146,0.0,0.06531204644412192,0.0960960960960961,0.09443507588532883,0.10852713178294573,0.0624,0.07313195548489666,0.06901840490797546,0.16220472440944883,0.07988165680473373,0.15121951219512195,0.11287758346581876,0.14756671899529042,0.025078369905956112,0.050955414012738856,0.1218274111675127,0.06153846153846154,0.12116788321167883,0.06436420722135008,0.19284603421461896,0.1942675159235669,0.07628524046434494,0.05642633228840126,0.0015408320493066256,0.05149501661129568,0.15600624024961,0.09800664451827243,0.15867768595041323,0.11323763955342903,0.03538461538461538,0.22115384615384615,0.07727975270479134,0.12225705329153605,0.06329113924050633,0.12480252764612954,0.13452188006482982,0.09782608695652174,0.05862646566164154,0.17829457364341086,0.16744186046511628,0.16744186046511628,0.1889055472263868,0.2684049079754601,0.13442622950819672,0.09647779479326186,0.21087314662273476,0.1354642313546423,0.1362179487179487,0.18351477449455678,0.015600624024960999,0.21137026239067055,0.23483670295489892,0.0864600326264274,0.0430622009569378,0.0655226209048362,0.2287878787878788,0.03594771241830065,0.09815950920245399,0.1016949152542373,0.13987138263665594,0.14108527131782947,0.09494640122511486,0.0,0.0,0.035541195476575124,0.15137614678899083,0.05188679245283019,0.1360759493670886,0.011272141706924315,0.10725552050473186,0.11297709923664122,0.1111111111111111,0.07026143790849673,0.05714285714285714,0.18195956454121306,0.13657770800627944,0.0818452380952381,0.035541195476575124,0.19448698315467075,0.09003215434083602,0.02866779089376054,0.10445468509984639,0.13312202852614896,0.09785932721712538,0.2143906020558003,0.055379746835443035,0.19311377245508982,0.11326860841423948,0.0953125,0.1143317230273752,0.07911392405063292,0.1938610662358643,0.11370716510903427,0.1805111821086262,0.06836248012718601,0.056179775280898875,0.03773584905660377,0.10719754977029096
1997,1,9,prevalence,0.07177033492822966,0.07042253521126761,0.16878402903811252,0.17200674536256325,0.03052064631956912,0.12274959083469722,0.03453947368421053,0.054276315789473686,0.272572402044293,0.020634920634920634,0.18556701030927836,0.09492635024549918,0.019769357495881382,0.10900473933649289,0.14149443561208266,0.0423861852433281,0.1050080775444265,0.19830508474576272,0.21489001692047377,0.08407871198568873,0.24208860759493672,0.05090311986863711,0.10260336906584992,0.1254071661237785,0.08547008547008547,0.12179487179487179,0.1098546042003231,0.1174496644295302,0.07960199004975124,0.12682926829268293,0.07954545454545454,0.25042301184433163,0.15025041736227046,0.09915966386554621,0.18632478632478633,0.10437710437710437,0.14217252396166133,0.13866231647634583,0.024077046548956663,0.07654723127035831,0.0,0.1212624584717608,0.15296052631578946,0.05619834710743802,0.1435483870967742,0.06700167504187604,0.07035175879396985,0.08716323296354993,0.23979591836734693,0.06351791530944625,0.08207705192629816,0.049069373942470386,0.1542056074766355,0.10204081632653061,0.0448,0.27874015748031494,0.1629032258064516,0.07251264755480608,0.16228748068006182,0.210016155088853,0.08441558441558442,0.07325383304940375,0.05167173252279635,0.0625,0.09427609427609428,0.05573770491803279,0.1644295302013423,0.15384615384615385,0.09911504424778761,0.01335559265442404,0.16806722689075632,0.1310452418096724,0.04576271186440678,0.04966887417218543,0.05901639344262295,0.0660377358490566,0.05432937181663837,0.08485856905158069,0.02689075630252101,0.004615384615384616,0.11889250814332247,0.1050080775444265,0.09597523219814241,0.21009771986970685,0.08090614886731391,0.1050080775444265,0.10702875399361023,0.1402936378466558,0.17307692307692307,0.09797297297297297,0.07967479674796749,0.12312811980033278,0.06532663316582915,0.11700468018720749,0.10580204778156997,0.1135593220338983,0.12231404958677686,0.17957166392092258,0.16422764227642275,0.06776859504132231,0.12437810945273632,0.13915857605177995,0.0,0.08456973293768547,0.10759493670886076,0.15979381443298968,0.1085899513776337,0.05132450331125828,0.03980099502487562,0.08585055643879173,0.16555183946488294,0.16037735849056603,0.18136439267886856,0.09902597402597403,0.17152658662092624,0.02159468438538206,0.03284072249589491,0.18274111675126903,0.07223113964686999,0.12713178294573643,0.061872909698996656,0.18506493506493507,0.1983739837398374,0.048027444253859346,0.050505050505050504,0.0,0.054770318021201414,0.20341614906832298,0.08389261744966443,0.1564625850340136,0.11475409836065574,0.030959752321981424,0.2558139534883721,0.09256198347107437,0.11345218800648298,0.06260296540362438,0.12264150943396226,0.10792580101180438,0.11326860841423948,0.030560271646859084,0.15434083601286175,0.12175324675324675,0.12175324675324675,0.190625,0.21829855537720708,0.163575042158516,0.12135922330097088,0.268630849220104,0.1509433962264151,0.15930599369085174,0.296474358974359,0.014150943396226415,0.17091454272863568,0.2197092084006462,0.10144927536231885,0.032520325203252036,0.0644122383252818,0.19099378881987578,0.02079722703639515,0.10142630744849446,0.0966183574879227,0.12261146496815287,0.13673805601317957,0.07777777777777778,0.0016313213703099511,0.0016313213703099511,0.057432432432432436,0.11356466876971609,0.06085526315789474,0.11019736842105263,0.01757188498402556,0.11568938193343899,0.10897435897435898,0.08116883116883117,0.07550335570469799,0.07644305772230889,0.16946308724832215,0.14826498422712933,0.03576982892690513,0.04251700680272109,0.23963133640552994,0.09475465313028765,0.03102189781021898,0.17739403453689168,0.10227272727272728,0.14375,0.1921259842519685,0.05237315875613748,0.15851851851851853,0.1495798319327731,0.09833333333333333,0.0946843853820598,0.05194805194805195,0.13758389261744966,0.1147011308562197,0.20583468395461912,0.10049423393739704,0.05405405405405406,0.05263157894736842,0.14826498422712933
1998,1,9,prevalence,0.07051282051282051,0.07003257328990228,0.27710843373493976,0.18650088809946713,0.034482758620689655,0.12096774193548387,0.01818181818181818,0.05573770491803279,0.3435374149659864,0.026771653543307086,0.18429003021148035,0.10465116279069768,0.03431372549019608,0.09259259259259259,0.17124394184168013,0.06416275430359937,0.11217948717948718,0.1893687707641196,0.17558528428093645,0.10034602076124567,0.21384615384615385,0.07679738562091504,0.1308980213089802,0.11456628477905073,0.12086092715231789,0.11848341232227488,0.11612903225806452,0.06873977086743044,0.08404802744425385,0.14423076923076922,0.10063897763578275,0.23469387755102042,0.11993243243243243,0.07296849087893864,0.18257956448911222,0.10517529215358931,0.17014446227929375,0.19141914191419143,0.020967741935483872,0.05663430420711974,0.0,0.1412151067323481,0.2435483870967742,0.048939641109298535,0.14193548387096774,0.10517529215358931,0.09595959595959595,0.05055292259083728,0.20938023450586266,0.06260032102728733,0.06655290102389079,0.04658901830282862,0.1573208722741433,0.08798646362098139,0.06260575296108291,0.216,0.19,0.08585858585858586,0.19207317073170732,0.1856,0.06451612903225806,0.08631921824104234,0.0593607305936073,0.05365853658536585,0.08460236886632826,0.04746835443037975,0.135,0.17341977309562398,0.1111111111111111,0.011475409836065573,0.14262023217247097,0.1019786910197869,0.05342237061769616,0.0625,0.03877221324717286,0.0840064620355412,0.04280821917808219,0.11004784688995216,0.02975206611570248,0.006015037593984963,0.12116316639741519,0.10294117647058823,0.05910543130990415,0.23920265780730898,0.07042253521126761,0.1306532663316583,0.15396825396825398,0.1349206349206349,0.1132404181184669,0.1035653650254669,0.10679611650485436,0.10738255033557047,0.0728476821192053,0.09034267912772585,0.1116751269035533,0.13827993254637436,0.11577181208053691,0.17892976588628762,0.179080824088748,0.07679180887372014,0.1454248366013072,0.16051364365971107,0.0,0.09806835066864784,0.13333333333333333,0.16494845360824742,0.17252396166134185,0.034653465346534656,0.03814262023217247,0.0544,0.11129848229342328,0.17721518987341772,0.17298187808896212,0.0761904761904762,0.17892976588628762,0.01559792027729636,0.01779935275080906,0.17229729729729729,0.07419354838709677,0.14175654853620956,0.033444816053511704,0.19831932773109243,0.1419457735247209,0.041666666666666664,0.07216494845360824,0.0016181229773462784,0.056666666666666664,0.27613104524180965,0.04942339373970346,0.17495711835334476,0.09136212624584718,0.04588607594936709,0.225,0.07321131447587355,0.1553398058252427,0.05228758169934641,0.13174603174603175,0.11165048543689321,0.156957928802589,0.03459637561779242,0.22620904836193448,0.06807131280388978,0.06807131280388978,0.10232558139534884,0.24920127795527156,0.16095890410958905,0.11093247588424437,0.2542955326460481,0.17115689381933438,0.1731066460587326,0.2407108239095315,0.028346456692913385,0.1189710610932476,0.17115689381933438,0.1057542768273717,0.024834437086092714,0.06666666666666667,0.16901408450704225,0.035211267605633804,0.13388429752066117,0.09698996655518395,0.12399355877616747,0.1024,0.08426073131955485,0.0016474464579901153,0.0016474464579901153,0.07357859531772576,0.1119751166407465,0.06026058631921824,0.10050251256281408,0.009104704097116844,0.09771986970684039,0.12025316455696203,0.06612903225806452,0.0865874363327674,0.08452950558213716,0.1457975986277873,0.189792663476874,0.03211009174311927,0.05442176870748299,0.2251552795031056,0.07754442649434572,0.07155635062611806,0.21052631578947367,0.08744038155802862,0.09724473257698542,0.14150943396226415,0.030448717948717948,0.17835365853658536,0.1567291311754685,0.1045958795562599,0.08277027027027027,0.05084745762711865,0.11604095563139932,0.11551155115511551,0.14790996784565916,0.10177705977382875,0.07191780821917808,0.08503937007874016,0.17965023847376788
1999,1,9,prevalence,0.05669291338582677,0.07272727272727272,0.335016835016835,0.12586206896551724,0.015517241379310345,0.11165048543689321,0.019834710743801654,0.05638474295190713,0.2878535773710483,0.03129890453834116,0.20465116279069767,0.08099173553719008,0.03739837398373984,0.08850931677018634,0.1779935275080906,0.06677018633540373,0.1383147853736089,0.14858096828046743,0.14119601328903655,0.10033444816053512,0.18681318681318682,0.08852459016393442,0.1674491392801252,0.1664025356576862,0.1111111111111111,0.09697933227344992,0.19165378670788252,0.03005008347245409,0.044444444444444446,0.15421303656597773,0.15055467511885895,0.20439189189189189,0.10277324632952692,0.06197654941373534,0.19528619528619529,0.09563758389261745,0.19480519480519481,0.20098846787479407,0.029595015576323987,0.0594059405940594,0.0,0.17598684210526316,0.28,0.08333333333333333,0.1648,0.11074918566775244,0.16363636363636364,0.0464,0.22462562396006655,0.06239737274220033,0.08488964346349745,0.059870550161812294,0.17981072555205047,0.07772020725388601,0.08419243986254296,0.18566775244299674,0.1354515050167224,0.09016393442622951,0.23427672955974843,0.21850079744816586,0.06710310965630115,0.06645569620253164,0.0529500756429652,0.03161397670549085,0.05583756345177665,0.06875,0.14009661835748793,0.14838709677419354,0.09507042253521127,0.013311148086522463,0.16026711185308848,0.07261724659606657,0.052545155993431854,0.09016393442622951,0.07431340872374798,0.10552763819095477,0.056896551724137934,0.07830342577487764,0.014634146341463415,0.0015290519877675841,0.18003273322422259,0.10965630114566285,0.06907894736842106,0.22022838499184338,0.07740916271721959,0.1024390243902439,0.13815789473684212,0.12206572769953052,0.07925801011804384,0.13050847457627118,0.11501597444089456,0.12897822445561138,0.06035889070146819,0.1267605633802817,0.11725293132328309,0.14480408858603067,0.09195402298850575,0.1527331189710611,0.15789473684210525,0.06112054329371817,0.1280388978930308,0.1761006289308176,0.001589825119236884,0.11864406779661017,0.15472312703583063,0.17696160267111852,0.20904836193447737,0.027164685908319185,0.030252100840336135,0.05663430420711974,0.06166666666666667,0.18506998444790046,0.15294117647058825,0.07448494453248812,0.1847457627118644,0.010398613518197574,0.022071307300509338,0.16020236087689713,0.10551181102362205,0.1592356687898089,0.01839464882943144,0.15959252971137522,0.12861736334405144,0.023972602739726026,0.11091854419410745,0.003215434083601286,0.06957928802588997,0.24803767660910517,0.0594855305466238,0.1404109589041096,0.12131147540983607,0.04340836012861737,0.22350993377483444,0.06554621848739496,0.16932907348242812,0.054455445544554455,0.13643410852713178,0.0832,0.1270096463022508,0.03079416531604538,0.20155038759689922,0.08850931677018634,0.08850931677018634,0.08585055643879173,0.15584415584415584,0.1927512355848435,0.1038961038961039,0.28522920203735147,0.1853035143769968,0.1734375,0.21212121212121213,0.048154093097913325,0.08513931888544891,0.15508885298869143,0.12121212121212122,0.03833333333333333,0.07504078303425775,0.1365079365079365,0.027303754266211604,0.11686143572621036,0.07190635451505016,0.10301109350237718,0.12317666126418152,0.12658227848101267,0.0032414910858995136,0.0032414910858995136,0.07705192629815745,0.1109350237717908,0.06156405990016639,0.12417218543046357,0.012232415902140673,0.06487341772151899,0.10675039246467818,0.029079159935379646,0.10104529616724739,0.08794788273615635,0.16779661016949152,0.18210862619808307,0.043209876543209874,0.043706293706293704,0.18829113924050633,0.0624,0.09615384615384616,0.2192846034214619,0.07177033492822966,0.09733124018838304,0.10207336523125997,0.029874213836477988,0.1202435312024353,0.15057283142389524,0.12324492979719189,0.0891089108910891,0.07863247863247863,0.10899653979238755,0.09899328859060402,0.09584664536741214,0.12074303405572756,0.04929577464788732,0.0672,0.1680129240710824
2000,1,9,prevalence,0.046511627906976744,0.0749185667752443,0.3121869782971619,0.1092436974789916,0.012027491408934709,0.0888529886914378,0.008305647840531562,0.07214765100671142,0.2931596091205212,0.03414634146341464,0.19409937888198758,0.07154471544715447,0.027642276422764227,0.13385826771653545,0.18181818181818182,0.1248,0.13344316309719934,0.15423728813559323,0.08053691275167785,0.1280388978930308,0.2070063694267516,0.11221122112211221,0.21990369181380418,0.20766773162939298,0.09375,0.062402496099843996,0.18055555555555555,0.02671118530884808,0.03595890410958904,0.18110236220472442,0.12933753943217666,0.15251299826689774,0.08771929824561403,0.06506849315068493,0.16220735785953178,0.0799347471451876,0.15664556962025317,0.22905982905982905,0.0464,0.07890499194847021,0.0,0.20163934426229507,0.16447368421052633,0.10166919575113809,0.2144,0.09967320261437909,0.1402936378466558,0.0594855305466238,0.18635607321131448,0.06239460370994941,0.0986159169550173,0.06320907617504051,0.15756630265210608,0.05181347150259067,0.060810810810810814,0.16346153846153846,0.08717948717948718,0.09259259259259259,0.2383177570093458,0.2203125,0.057755775577557754,0.06656346749226007,0.08091603053435115,0.026578073089700997,0.05326460481099656,0.09220985691573927,0.10906040268456375,0.17781402936378465,0.09768211920529801,0.00644122383252818,0.12417218543046357,0.0622154779969651,0.061872909698996656,0.08637873754152824,0.1342062193126023,0.12627986348122866,0.044169611307420496,0.10082644628099173,0.02280130293159609,0.001524390243902439,0.18600953895071543,0.14330218068535824,0.059870550161812294,0.1616,0.06031746031746032,0.1072,0.14935064935064934,0.12440191387559808,0.08047945205479452,0.15630252100840336,0.11727416798732171,0.13122923588039867,0.04833333333333333,0.09523809523809523,0.09359605911330049,0.14285714285714285,0.09105431309904154,0.09740259740259741,0.18867924528301888,0.042735042735042736,0.125,0.20222929936305734,0.0033003300330033004,0.11746987951807229,0.15458937198067632,0.19269102990033224,0.1882716049382716,0.02768166089965398,0.03225806451612903,0.07667731629392971,0.0411663807890223,0.1873015873015873,0.155,0.09004739336492891,0.16415410385259632,0.01950354609929078,0.024429967426710098,0.15268456375838926,0.09004739336492891,0.16422764227642275,0.04384485666104553,0.11900826446280992,0.12096774193548387,0.01721170395869191,0.17940199335548174,0.003205128205128205,0.05901116427432217,0.2686084142394822,0.046357615894039736,0.11394557823129252,0.12295081967213115,0.08771929824561403,0.171334431630972,0.07717569786535304,0.1573926868044515,0.046052631578947366,0.1046875,0.10387596899224806,0.1314475873544093,0.028708133971291867,0.1719242902208202,0.07911392405063292,0.07911392405063292,0.05457463884430177,0.0967741935483871,0.19833333333333333,0.09461663947797716,0.34925864909390447,0.21236133122028525,0.1619496855345912,0.14309764309764308,0.08744038155802862,0.0464,0.18314424635332252,0.1377049180327869,0.03940886699507389,0.07475083056478406,0.1500789889415482,0.031096563011456628,0.11519198664440734,0.06467661691542288,0.104199066874028,0.1073170731707317,0.12852664576802508,0.0032102728731942215,0.0032102728731942215,0.10378912685337727,0.11848341232227488,0.0825242718446602,0.11494252873563218,0.012232415902140673,0.06761006289308176,0.10900473933649289,0.04700162074554295,0.07547169811320754,0.12941176470588237,0.15476190476190477,0.17993630573248406,0.0352760736196319,0.034013605442176874,0.18225039619651348,0.041935483870967745,0.09107468123861566,0.16905901116427433,0.07142857142857142,0.08019639934533551,0.10845295055821372,0.022257551669316374,0.10128617363344052,0.1864406779661017,0.11446740858505565,0.07188498402555911,0.12013536379018612,0.08421052631578947,0.08532423208191127,0.08860759493670886,0.11007751937984496,0.030852994555353903,0.07455429497568881,0.15654952076677317
2001,1,9,prevalence,0.05591054313099041,0.06612903225806452,0.3306188925081433,0.11016949152542373,0.023728813559322035,0.08085808580858085,0.001669449081803005,0.06044905008635579,0.25,0.02926829268292683,0.14219474497681608,0.08375209380234507,0.02403846153846154,0.12131147540983607,0.1492063492063492,0.1253968253968254,0.15202702702702703,0.09710391822827939,0.08441558441558442,0.12063492063492064,0.1921875,0.11532125205930807,0.1774960380348653,0.24522292993630573,0.11295681063122924,0.07188498402555911,0.16666666666666666,0.018456375838926176,0.01800327332242226,0.18870967741935485,0.12164296998420221,0.13949579831932774,0.12106918238993711,0.0859106529209622,0.1233974358974359,0.10310965630114566,0.16925465838509315,0.22093023255813954,0.056451612903225805,0.0875796178343949,0.0,0.1437908496732026,0.16339869281045752,0.0867579908675799,0.26221498371335505,0.08135593220338982,0.175,0.09302325581395349,0.13445378151260504,0.07425742574257425,0.11130742049469965,0.0636215334420881,0.19457013574660634,0.06867671691792294,0.07035175879396985,0.21360759493670886,0.04745166959578207,0.08768971332209106,0.17565485362095531,0.21850079744816586,0.06239460370994941,0.0625,0.09538461538461539,0.029801324503311258,0.0625,0.061611374407582936,0.1323283082077052,0.1644518272425249,0.10118043844856661,0.0203125,0.12195121951219512,0.0578386605783866,0.07179487179487179,0.10231023102310231,0.10204081632653061,0.17627118644067796,0.0636042402826855,0.13210702341137123,0.024671052631578948,0.0015723270440251573,0.15780998389694043,0.1776,0.06721311475409836,0.12438625204582651,0.04258675078864353,0.1414141414141414,0.16071428571428573,0.10935023771790808,0.04522613065326633,0.12956810631229235,0.15347334410339256,0.1077943615257048,0.07058823529411765,0.08080808080808081,0.08388157894736842,0.11833333333333333,0.07960199004975124,0.0919175911251981,0.1796875,0.025510204081632654,0.09612141652613827,0.23380726698262244,0.0031496062992125984,0.09693053311793215,0.15347334410339256,0.15780730897009967,0.17664670658682635,0.04436860068259386,0.0387858347386172,0.08752025931928688,0.03872053872053872,0.14710485133020346,0.16940789473684212,0.10244648318042814,0.10256410256410256,0.02097902097902098,0.03934426229508197,0.16638655462184873,0.08716323296354993,0.17252931323283083,0.045075125208681135,0.10638297872340426,0.0929853181076672,0.021996615905245348,0.17777777777777778,0.004838709677419355,0.06472491909385113,0.20414673046251994,0.07933884297520662,0.06621392190152801,0.14715189873417722,0.10543657331136738,0.15485996705107083,0.07321131447587355,0.1554160125588697,0.03114754098360656,0.1125,0.06875,0.14925373134328357,0.0384,0.13149847094801223,0.08108108108108109,0.08108108108108109,0.05032467532467533,0.07954545454545454,0.23252032520325203,0.09485530546623794,0.2545155993431856,0.18829113924050633,0.196875,0.15973377703826955,0.14098360655737704,0.04091653027823241,0.13228346456692913,0.11612903225806452,0.03993344425956739,0.10231023102310231,0.15798045602605862,0.02287581699346405,0.10586319218241043,0.056291390728476824,0.1111111111111111,0.10476190476190476,0.1848341232227488,0.01309328968903437,0.01309328968903437,0.17587939698492464,0.12302839116719243,0.05396825396825397,0.11608623548922056,0.0187207488299532,0.06721311475409836,0.11128775834658187,0.04746317512274959,0.053726169844020795,0.15472312703583063,0.14864864864864866,0.1987179487179487,0.03260869565217391,0.0288135593220339,0.14606741573033707,0.05443234836702955,0.13368983957219252,0.13355048859934854,0.061514195583596214,0.06623586429725363,0.09177215189873418,0.0256,0.09105180533751962,0.18855218855218855,0.08463949843260188,0.05591054313099041,0.10909090909090909,0.04537521815008726,0.06260575296108291,0.05834683954619125,0.10776545166402536,0.019855595667870037,0.08103727714748785,0.14536741214057508
2002,1,9,prevalence,0.08013355592654424,0.08085808580858085,0.2730015082956259,0.10437710437710437,0.03418803418803419,0.08415841584158416,0.009900990099009901,0.05804311774461028,0.19145569620253164,0.03349282296650718,0.15548780487804878,0.07479674796747968,0.014446227929373997,0.1403225806451613,0.11129032258064517,0.14012738853503184,0.13322368421052633,0.06747404844290658,0.0943089430894309,0.10793650793650794,0.14691943127962084,0.0929853181076672,0.14285714285714285,0.24566929133858267,0.10774410774410774,0.07332293291731669,0.14838709677419354,0.01,0.02773246329526917,0.15559157212317667,0.141287284144427,0.15081967213114755,0.14037854889589904,0.09523809523809523,0.14910858995137763,0.1589825119236884,0.17791411042944785,0.1423841059602649,0.04552845528455285,0.06031746031746032,0.0,0.11570247933884298,0.12398042414355628,0.05891238670694864,0.31687898089171973,0.08828522920203735,0.16415410385259632,0.10118043844856661,0.11129568106312292,0.09401709401709402,0.09666080843585237,0.07119741100323625,0.18445121951219512,0.08072487644151564,0.08117443868739206,0.19001610305958133,0.031088082901554404,0.10732538330494037,0.14923076923076922,0.1372854914196568,0.06473594548551959,0.03894080996884735,0.08948194662480377,0.0368,0.09724473257698542,0.0700152207001522,0.14904679376083188,0.1611785095320624,0.11920529801324503,0.03803486529318542,0.16039279869067102,0.07750759878419453,0.07758620689655173,0.10616438356164383,0.10314685314685315,0.19015280135823429,0.09010600706713781,0.19237147595356552,0.029900332225913623,0.0064516129032258064,0.18471337579617833,0.1775244299674267,0.07419898819561552,0.13452188006482982,0.053125,0.12157534246575342,0.17598684210526316,0.11214953271028037,0.04340567612687813,0.1669421487603306,0.18993506493506493,0.16417910447761194,0.0651085141903172,0.07095709570957096,0.0944,0.11437908496732026,0.08387096774193549,0.08360655737704918,0.16358024691358025,0.04038772213247173,0.14356435643564355,0.2,0.0015479876160990713,0.0799347471451876,0.13731825525040386,0.14626391096979333,0.2126099706744868,0.05723905723905724,0.050761421319796954,0.08496732026143791,0.016638935108153077,0.10987261146496816,0.1396103896103896,0.07575757575757576,0.10588235294117647,0.028268551236749116,0.03225806451612903,0.14845024469820556,0.08818897637795275,0.1421232876712329,0.04671280276816609,0.11056910569105691,0.09291338582677165,0.03355704697986577,0.18673647469458987,0.0049586776859504135,0.07348242811501597,0.2112,0.0816,0.06115702479338843,0.21800947867298578,0.10420168067226891,0.152,0.08538587848932677,0.14241001564945227,0.038834951456310676,0.15348101265822786,0.06748466257668712,0.14566284779050737,0.027070063694267517,0.10476190476190476,0.08386075949367089,0.08386075949367089,0.04276315789473684,0.13071895424836602,0.16561514195583596,0.09933774834437085,0.2432,0.17993630573248406,0.1578125,0.1825657894736842,0.12947189097103917,0.06532663316582915,0.17862838915470494,0.12032520325203253,0.02857142857142857,0.1625207296849088,0.15100671140939598,0.014754098360655738,0.0727580372250423,0.06919275123558484,0.11793214862681745,0.11292962356792144,0.19218241042345277,0.01437699680511182,0.01437699680511182,0.17532467532467533,0.1567043618739903,0.04501607717041801,0.14720812182741116,0.027649769585253458,0.05910543130990415,0.09433962264150944,0.026578073089700997,0.08547008547008547,0.14715719063545152,0.12393887945670629,0.20404984423676012,0.04245283018867924,0.018900343642611683,0.10317460317460317,0.06825396825396825,0.15280135823429541,0.11056910569105691,0.03571428571428571,0.10260586319218241,0.1276595744680851,0.024,0.09210526315789473,0.17704918032786884,0.12442396313364056,0.03409090909090909,0.08538587848932677,0.05555555555555555,0.03104575163398693,0.07084019769357495,0.08986928104575163,0.03429602888086643,0.08852459016393442,0.14401294498381878
2003,1,9,prevalence,0.11235955056179775,0.0773109243697479,0.2731411229135053,0.11390284757118928,0.020066889632107024,0.10197368421052631,0.02054794520547945,0.03135313531353135,0.12788906009244994,0.04038772213247173,0.17519379844961241,0.1048252911813644,0.018691588785046728,0.11942675159235669,0.10377358490566038,0.15527950310559005,0.11853088480801335,0.06563039723661486,0.09120521172638436,0.08333333333333333,0.1549079754601227,0.09516129032258064,0.15584415584415584,0.2280966767371601,0.10801963993453355,0.08412698412698413,0.1266233766233766,0.011570247933884297,0.037037037037037035,0.10361842105263158,0.12698412698412698,0.14590163934426228,0.1410459587955626,0.08983050847457627,0.13934426229508196,0.2266881028938907,0.1592356687898089,0.12418300653594772,0.05977382875605816,0.04838709677419355,0.0,0.1174496644295302,0.1342281879194631,0.06838905775075987,0.2573770491803279,0.09983079526226735,0.14686468646864687,0.10720268006700168,0.137987012987013,0.18518518518518517,0.07413793103448275,0.06645569620253164,0.17867867867867868,0.05490848585690516,0.10204081632653061,0.13747954173486088,0.02,0.12186978297161936,0.1277258566978193,0.16380655226209048,0.052901023890784986,0.0578125,0.09646302250803858,0.06435643564356436,0.10172143974960876,0.09341500765696784,0.1605960264900662,0.08557046979865772,0.13725490196078433,0.06085526315789474,0.1930379746835443,0.09174311926605505,0.04355108877721943,0.1,0.11336717428087986,0.17863105175292154,0.12436115843270869,0.1848184818481848,0.04262295081967213,0.008090614886731391,0.18298555377207062,0.1672077922077922,0.06988352745424292,0.1073170731707317,0.08771929824561403,0.08361774744027303,0.22749590834697217,0.09061488673139159,0.0449438202247191,0.16139767054908485,0.21710526315789475,0.2193126022913257,0.07628524046434494,0.06807131280388978,0.08507223113964688,0.1077943615257048,0.07255520504731862,0.10082644628099173,0.14814814814814814,0.024077046548956663,0.1536,0.15714285714285714,0.001579778830963665,0.10130718954248366,0.11885895404120443,0.13738019169329074,0.1738484398216939,0.05593220338983051,0.06197654941373534,0.08427876823338736,0.009966777408637873,0.11022364217252396,0.1508828250401284,0.0794392523364486,0.12100840336134454,0.029411764705882353,0.04227642276422764,0.1382636655948553,0.10063897763578275,0.11130434782608696,0.0273972602739726,0.060897435897435896,0.08346709470304976,0.017094017094017096,0.19965576592082615,0.0034542314335060447,0.10509554140127389,0.2144,0.10066006600660066,0.06197654941373534,0.19122257053291536,0.09555189456342669,0.11912225705329153,0.08333333333333333,0.16149068322981366,0.04807692307692308,0.15600624024961,0.0639269406392694,0.18780889621087316,0.025078369905956112,0.12779552715654952,0.08163265306122448,0.08163265306122448,0.03764320785597381,0.18272425249169436,0.18035426731078905,0.12300319488817892,0.19838709677419356,0.15497553017944535,0.11987381703470032,0.220949263502455,0.1361344537815126,0.05902192242833052,0.18138041733547353,0.08265802269043761,0.027210884353741496,0.16946308724832215,0.13851351351351351,0.008291873963515755,0.07482993197278912,0.08417508417508418,0.13365539452495975,0.1281198003327787,0.23595505617977527,0.013201320132013201,0.013201320132013201,0.1297208538587849,0.2222222222222222,0.04516129032258064,0.13553719008264462,0.03951367781155015,0.06456953642384106,0.13815789473684212,0.0333889816360601,0.05175292153589316,0.19704433497536947,0.15780730897009967,0.17582417582417584,0.04636785162287481,0.02218430034129693,0.08128834355828221,0.08828250401284109,0.15979381443298968,0.07095709570957096,0.031914893617021274,0.09800664451827243,0.11056105610561057,0.025356576862123614,0.09646302250803858,0.1419031719532554,0.18506998444790046,0.022727272727272728,0.08667736757624397,0.05351170568561873,0.011326860841423949,0.12106135986733002,0.12254901960784313,0.053003533568904596,0.07603305785123966,0.12227805695142378
2004,1,9,prevalence,0.09516380655226209,0.06597222222222222,0.22935779816513763,0.11764705882352941,0.019417475728155338,0.11564625850340136,0.031932773109243695,0.02857142857142857,0.1619496855345912,0.06851549755301795,0.16062992125984252,0.1065989847715736,0.030816640986132512,0.17412140575079874,0.0752,0.14330708661417324,0.09612141652613827,0.0868824531516184,0.10945273631840796,0.11578947368421053,0.15619967793880837,0.05564387917329094,0.1118421052631579,0.17080745341614906,0.10543657331136738,0.09276729559748427,0.10321489001692047,0.009868421052631578,0.05873015873015873,0.07348242811501597,0.0706436420722135,0.14309210526315788,0.10935023771790808,0.10350584307178631,0.14662273476112025,0.2211690363349131,0.14910858995137763,0.14625850340136054,0.043548387096774194,0.04878048780487805,0.0,0.1070840197693575,0.1555944055944056,0.09582689335394126,0.15737704918032788,0.07521367521367521,0.132890365448505,0.08739495798319327,0.2,0.22128378378378377,0.066006600660066,0.04792332268370607,0.13023255813953488,0.05815831987075929,0.11292962356792144,0.19476268412438624,0.02,0.136,0.0992,0.15160796324655437,0.04966887417218543,0.06190476190476191,0.08051529790660225,0.05853658536585366,0.07281553398058252,0.136986301369863,0.145,0.11754966887417219,0.1322314049586777,0.06856187290969899,0.1786833855799373,0.12093023255813953,0.040336134453781515,0.10884353741496598,0.11019736842105263,0.1513157894736842,0.1323283082077052,0.18016528925619835,0.040268456375838924,0.013179571663920923,0.20465116279069767,0.12418300653594772,0.0782312925170068,0.09105960264900662,0.09283387622149837,0.12935323383084577,0.234375,0.09561128526645768,0.05305466237942122,0.1731748726655348,0.22607260726072606,0.1830065359477124,0.08983050847457627,0.0853462157809984,0.11677631578947369,0.18032786885245902,0.06875,0.13725490196078433,0.09863429438543247,0.03035143769968051,0.18064516129032257,0.14262820512820512,0.0016129032258064516,0.09313725490196079,0.1644518272425249,0.12164296998420221,0.13746223564954682,0.06788079470198675,0.04926108374384237,0.13162118780096307,0.004942339373970346,0.07728706624605679,0.10476190476190476,0.08240887480190175,0.11148086522462562,0.06643952299829642,0.04340836012861737,0.16560509554140126,0.07928802588996764,0.11265164644714037,0.03553299492385787,0.03927986906710311,0.06158833063209076,0.016638935108153077,0.18780889621087316,0.01658374792703151,0.12179487179487179,0.2268370607028754,0.05573248407643312,0.050505050505050504,0.14664586583463338,0.10050251256281408,0.11882716049382716,0.07082630691399663,0.2046875,0.024350649350649352,0.14580031695721077,0.07086614173228346,0.17391304347826086,0.03425774877650897,0.13365539452495975,0.0768025078369906,0.0768025078369906,0.02622950819672131,0.19528619528619529,0.16640746500777606,0.11812297734627832,0.1858267716535433,0.1907790143084261,0.0776255707762557,0.2660098522167488,0.14383561643835616,0.05647840531561462,0.16589147286821707,0.0812603648424544,0.03865546218487395,0.1511627906976744,0.14026402640264027,0.013029315960912053,0.03806228373702422,0.06085526315789474,0.12680577849117175,0.10843373493975904,0.18668831168831168,0.009983361064891847,0.009983361064891847,0.10033444816053512,0.255663430420712,0.06129032258064516,0.1254125412541254,0.038580246913580245,0.08888888888888889,0.12562814070351758,0.04498269896193772,0.07389162561576355,0.22727272727272727,0.1362179487179487,0.18335901386748846,0.056782334384858045,0.02127659574468085,0.07120253164556962,0.11287758346581876,0.19798657718120805,0.057003257328990226,0.031484257871064465,0.10033444816053512,0.09717868338557993,0.05642633228840126,0.0744336569579288,0.10819672131147541,0.17445482866043613,0.012841091492776886,0.10310965630114566,0.04492512479201331,0.008103727714748784,0.13651315789473684,0.12095400340715502,0.027874564459930314,0.08415841584158416,0.12289562289562289
2005,1,9,prevalence,0.08620689655172414,0.059726962457337884,0.2042042042042042,0.13747954173486088,0.019417475728155338,0.1461794019933555,0.04208754208754209,0.027287319422150885,0.14378029079159935,0.09136212624584718,0.21303656597774245,0.11647254575707154,0.039936102236421724,0.19206349206349208,0.08,0.13871951219512196,0.12227805695142378,0.09106529209621993,0.14471544715447154,0.12291350531107739,0.13814756671899528,0.07907742998352553,0.09902597402597403,0.14946070878274267,0.12151067323481117,0.09651898734177215,0.10333333333333333,0.011804384485666104,0.08,0.0701468189233279,0.09047619047619047,0.14580031695721077,0.09854604200323101,0.12006861063464837,0.14285714285714285,0.18731117824773413,0.1518578352180937,0.1097972972972973,0.03278688524590164,0.048859934853420196,0.0,0.11655405405405406,0.14065180102915953,0.06790123456790123,0.10194174757281553,0.08040201005025126,0.09661016949152543,0.11437908496732026,0.21935483870967742,0.2685810810810811,0.07729468599033816,0.05132192846034215,0.1419753086419753,0.08169934640522876,0.1353135313531353,0.24369747899159663,0.06919275123558484,0.18962722852512157,0.10534351145038168,0.07981220657276995,0.0891089108910891,0.05564142194744977,0.06382978723404255,0.06045751633986928,0.054187192118226604,0.09748427672955975,0.12234910277324633,0.16,0.15555555555555556,0.07251264755480608,0.14960629921259844,0.17337461300309598,0.06397306397306397,0.08681672025723473,0.07804878048780488,0.14098360655737704,0.14710743801652892,0.15206611570247933,0.021207177814029365,0.02922077922077922,0.1695447409733124,0.07859531772575251,0.06643952299829642,0.10413223140495868,0.1079734219269103,0.14662273476112025,0.16784452296819788,0.11022364217252396,0.06220095693779904,0.16166666666666665,0.18106312292358803,0.18093699515347333,0.10833333333333334,0.08976377952755905,0.1407528641571195,0.2028985507246377,0.058544303797468354,0.15590551181102363,0.11212121212121212,0.0514018691588785,0.16535433070866143,0.1488294314381271,0.008130081300813009,0.07640067911714771,0.14144736842105263,0.1038961038961039,0.14114114114114115,0.05073649754500818,0.06270096463022508,0.11475409836065574,0.004885993485342019,0.07198748043818466,0.13237639553429026,0.06280193236714976,0.14193548387096774,0.087248322147651,0.05324459234608985,0.22115384615384615,0.08548387096774193,0.09322033898305085,0.03281519861830743,0.05065359477124183,0.08388157894736842,0.022364217252396165,0.15639810426540285,0.02247191011235955,0.12980769230769232,0.19370860927152317,0.042993630573248405,0.03204047217537943,0.14553990610328638,0.11437908496732026,0.12558139534883722,0.08112582781456953,0.1858678955453149,0.02527646129541864,0.1277602523659306,0.09859154929577464,0.1411764705882353,0.03464566929133858,0.1504,0.0746031746031746,0.0746031746031746,0.027164685908319185,0.23205342237061768,0.14171974522292993,0.08025682182985554,0.14086687306501547,0.15605095541401273,0.06917293233082707,0.24752475247524752,0.15555555555555556,0.06802721088435375,0.1564945226917058,0.08389261744966443,0.027210884353741496,0.13658536585365855,0.18048780487804877,0.019801980198019802,0.06401384083044982,0.06732348111658457,0.15495207667731628,0.08,0.130298273155416,0.008169934640522876,0.008169934640522876,0.08557844690966719,0.22564935064935066,0.05177993527508091,0.08814102564102565,0.046948356807511735,0.1078125,0.11525974025974026,0.06451612903225806,0.08914100486223663,0.21782178217821782,0.13578274760383385,0.18681318681318682,0.11700468018720749,0.022968197879858657,0.0890625,0.0958904109589041,0.24267100977198697,0.05245901639344262,0.025373134328358207,0.11754684838160136,0.1056782334384858,0.09983633387888707,0.09003215434083602,0.07894736842105263,0.17041800643086816,0.0128,0.07692307692307693,0.03993344425956739,0.006359300476947536,0.1634304207119741,0.12929623567921442,0.03789126853377265,0.10613598673300166,0.14189189189189189
2006,1,9,prevalence,0.08549618320610687,0.06208053691275168,0.1697530864197531,0.10766721044045677,0.022151898734177215,0.16887417218543047,0.043333333333333335,0.022435897435897436,0.11204013377926421,0.11467116357504216,0.2229299363057325,0.11745513866231648,0.022364217252396165,0.1664025356576862,0.08695652173913043,0.15251572327044025,0.16086235489220563,0.0738255033557047,0.13821138211382114,0.15725190839694655,0.10810810810810811,0.07692307692307693,0.11147011308562198,0.12460567823343849,0.07528641571194762,0.0890937019969278,0.08034188034188035,0.02356902356902357,0.11423841059602649,0.07692307692307693,0.1001669449081803,0.11488673139158576,0.06991869918699187,0.0941385435168739,0.1026936026936027,0.20930232558139536,0.16176470588235295,0.08652246256239601,0.06942148760330578,0.046251993620414676,0.011308562197092083,0.15270935960591134,0.14166666666666666,0.08208955223880597,0.09949409780775717,0.09983079526226735,0.11513157894736842,0.14308943089430895,0.28802588996763756,0.23050259965337955,0.08667736757624397,0.02631578947368421,0.10730948678071539,0.10048622366288493,0.12207357859531773,0.21890547263681592,0.10264900662251655,0.1993517017828201,0.07765451664025357,0.07585139318885449,0.13245033112582782,0.0631911532385466,0.04948805460750853,0.07568438003220612,0.03877221324717286,0.10077519379844961,0.15384615384615385,0.18211920529801323,0.13543307086614173,0.0681063122923588,0.15981012658227847,0.1824,0.06310679611650485,0.12379421221864952,0.09446254071661238,0.1273031825795645,0.15551839464882944,0.14563106796116504,0.019230769230769232,0.049679487179487176,0.1296,0.08072487644151564,0.04835924006908463,0.0784313725490196,0.10749185667752444,0.11165048543689321,0.11702127659574468,0.15522875816993464,0.08373590982286634,0.19047619047619047,0.19292604501607716,0.16990291262135923,0.11551155115511551,0.1501597444089457,0.15309446254071662,0.1968503937007874,0.08163265306122448,0.1321656050955414,0.14174454828660435,0.06593406593406594,0.1472,0.10613598673300166,0.029459901800327332,0.03270223752151463,0.10917721518987342,0.06634304207119741,0.1184407796101949,0.04950495049504951,0.096,0.12238325281803543,0.0032679738562091504,0.09204368174726989,0.09165302782324058,0.0766721044045677,0.14465408805031446,0.07653910149750416,0.06291390728476821,0.20064724919093851,0.06743421052631579,0.07082630691399663,0.0453781512605042,0.06229508196721312,0.08415841584158416,0.034653465346534656,0.08225806451612903,0.05238095238095238,0.10869565217391304,0.19063004846526657,0.06451612903225806,0.03395585738539898,0.17014446227929375,0.11475409836065574,0.16124031007751938,0.12908496732026145,0.16031746031746033,0.0140625,0.11232449297971919,0.11006289308176101,0.12416107382550336,0.03054662379421222,0.12195121951219512,0.07511737089201878,0.07511737089201878,0.04020100502512563,0.24232081911262798,0.1187800963081862,0.08818897637795275,0.11338582677165354,0.12974683544303797,0.08433734939759036,0.22077922077922077,0.14680483592400692,0.10243055555555555,0.16561514195583596,0.11187607573149742,0.038917089678511,0.13322368421052633,0.23745819397993312,0.03231017770597738,0.07560137457044673,0.10535117056856187,0.17781402936378465,0.08695652173913043,0.11267605633802817,0.03420195439739414,0.03420195439739414,0.0919175911251981,0.15141430948419302,0.05815831987075929,0.09250398724082935,0.05063291139240506,0.10063897763578275,0.09768211920529801,0.05254237288135593,0.07455429497568881,0.1716171617161716,0.16051364365971107,0.1777059773828756,0.10566615620214395,0.033628318584070796,0.10828025477707007,0.10542168674698796,0.23809523809523808,0.05245901639344262,0.04599406528189911,0.11616161616161616,0.11353032659409021,0.08976377952755905,0.16747181964573268,0.10749185667752444,0.18341307814992025,0.019543973941368076,0.0630048465266559,0.044657097288676235,0.00473186119873817,0.28903654485049834,0.10869565217391304,0.06210191082802548,0.19528619528619529,0.1464226289517471
2007,1,9,prevalence,0.1080669710806697,0.03764320785597381,0.1515625,0.14009661835748793,0.019736842105263157,0.18181818181818182,0.06612903225806452,0.020602218700475437,0.12060301507537688,0.12780656303972365,0.23763955342902712,0.16019417475728157,0.017241379310344827,0.13987138263665594,0.09268292682926829,0.13636363636363635,0.2016260162601626,0.05272108843537415,0.1501597444089457,0.1656441717791411,0.08414239482200647,0.05203252032520325,0.08427876823338736,0.09763779527559055,0.11480865224625623,0.11378205128205128,0.05378151260504202,0.05442176870748299,0.12929623567921442,0.07419354838709677,0.09106239460370995,0.18225039619651348,0.06722689075630252,0.0985663082437276,0.135678391959799,0.18006430868167203,0.18729641693811075,0.1314935064935065,0.08388157894736842,0.05756578947368421,0.020100502512562814,0.2003257328990228,0.1232876712328767,0.08384146341463415,0.12413793103448276,0.12315270935960591,0.10372771474878444,0.15806451612903225,0.33713355048859933,0.25040916530278234,0.09485530546623794,0.025477707006369428,0.102803738317757,0.15798045602605862,0.146218487394958,0.2833333333333333,0.08291873963515754,0.23424878836833601,0.09076433121019108,0.06758832565284179,0.14527027027027026,0.11129032258064517,0.04251700680272109,0.054945054945054944,0.051364365971107544,0.14217252396166133,0.18627450980392157,0.18512396694214875,0.10518053375196232,0.08020477815699659,0.12980769230769232,0.14774494556765164,0.04262295081967213,0.1540880503144654,0.12274959083469722,0.1141396933560477,0.18381112984822934,0.13050847457627118,0.05339805825242718,0.05501618122977346,0.1501597444089457,0.05351170568561873,0.057432432432432436,0.07017543859649122,0.0889967637540453,0.10371517027863777,0.10338680926916222,0.1766612641815235,0.08917197452229299,0.18151815181518152,0.17252396166134185,0.13696369636963696,0.18983050847457628,0.21474358974358973,0.11658456486042693,0.196513470681458,0.12558869701726844,0.10387596899224806,0.17111459968602827,0.08976377952755905,0.1476725521669342,0.12032520325203253,0.0781758957654723,0.047058823529411764,0.12302839116719243,0.07293354943273905,0.13971742543171115,0.04215851602023609,0.08896210873146623,0.13754045307443366,0.0016233766233766235,0.1076923076923077,0.1053484602917342,0.06230031948881789,0.1942675159235669,0.08387096774193549,0.0684931506849315,0.1875,0.08429752066115702,0.07179487179487179,0.06700167504187604,0.08823529411764706,0.10294117647058823,0.019966722129783693,0.06853582554517133,0.06310679611650485,0.08292682926829269,0.24671052631578946,0.06656101426307448,0.04433497536945813,0.14308426073131955,0.1069078947368421,0.21528861154446177,0.11390284757118928,0.0967741935483871,0.02635658914728682,0.10268562401263823,0.14396284829721362,0.11260504201680673,0.03531300160513644,0.11639344262295082,0.10501567398119123,0.10501567398119123,0.04983388704318937,0.22580645161290322,0.08828250401284109,0.12441679626749612,0.17412140575079874,0.09921259842519685,0.1043613707165109,0.21839080459770116,0.10732538330494037,0.1445578231292517,0.1680129240710824,0.14113597246127366,0.050699300699300696,0.1143317230273752,0.2973856209150327,0.03265940902021773,0.08983050847457627,0.1360655737704918,0.1664025356576862,0.11591695501730104,0.06614173228346457,0.0384,0.0384,0.06487341772151899,0.16808149405772496,0.06132075471698113,0.08294209702660407,0.05863192182410423,0.07561728395061729,0.12351945854483926,0.09563758389261745,0.0641025641025641,0.140625,0.1330128205128205,0.1540880503144654,0.11890243902439024,0.03773584905660377,0.13687600644122383,0.11864406779661017,0.1464968152866242,0.04746317512274959,0.07208588957055215,0.12121212121212122,0.16169544740973313,0.10256410256410256,0.17721518987341772,0.11612903225806452,0.21498371335504887,0.025889967637540454,0.06168831168831169,0.05228758169934641,0.007898894154818325,0.34053156146179403,0.13989637305699482,0.08214849921011058,0.2041522491349481,0.0924092409240924
2008,1,9,prevalence,0.09597523219814241,0.03442622950819672,0.16927899686520376,0.15814696485623003,0.01597444089456869,0.18433931484502447,0.08077544426494346,0.02365930599369085,0.16282894736842105,0.11876075731497418,0.2026578073089701,0.15025041736227046,0.02843601895734597,0.15284552845528454,0.10474631751227496,0.10333863275039745,0.22113821138211381,0.036020583190394515,0.17128874388254486,0.15408320493066255,0.06836248012718601,0.0754414125200642,0.09968354430379747,0.07667731629392971,0.15422077922077923,0.11661341853035144,0.06701030927835051,0.03395585738539898,0.13477537437603992,0.10766721044045677,0.07388316151202749,0.24838709677419354,0.07130730050933787,0.11538461538461539,0.17868852459016393,0.14037854889589904,0.13672496025437203,0.15270935960591134,0.08249158249158249,0.08210180623973727,0.013582342954159592,0.24581939799331104,0.13344887348353554,0.1232,0.1310344827586207,0.15488215488215487,0.09531502423263329,0.16666666666666666,0.21926910299003322,0.1721311475409836,0.11682242990654206,0.01644736842105263,0.10939907550077041,0.1929530201342282,0.13192182410423453,0.22986577181208054,0.1407035175879397,0.24401913875598086,0.07741935483870968,0.08018867924528301,0.1513157894736842,0.1111111111111111,0.04658901830282862,0.08201892744479496,0.05754276827371695,0.11993517017828201,0.19658119658119658,0.13365539452495975,0.1206896551724138,0.07666098807495741,0.08306709265175719,0.18241042345276873,0.05732484076433121,0.20287539936102236,0.11382113821138211,0.10921501706484642,0.22165820642978004,0.09015025041736227,0.03471074380165289,0.04936305732484077,0.1614497528830313,0.04383116883116883,0.06643952299829642,0.06497622820919176,0.0890625,0.11635220125786164,0.14956521739130435,0.1870860927152318,0.12721417069243157,0.152428810720268,0.1325503355704698,0.1583198707592892,0.23154362416107382,0.2845659163987138,0.09624796084828711,0.11598746081504702,0.16220472440944883,0.09531502423263329,0.21705426356589147,0.06869009584664537,0.1871069182389937,0.11396468699839486,0.11219512195121951,0.06197654941373534,0.1056,0.09461663947797716,0.14217252396166133,0.0847457627118644,0.10149750415973377,0.12579617834394904,0.006611570247933884,0.12283464566929134,0.132569558101473,0.12274959083469722,0.1765625,0.08006535947712418,0.05423728813559322,0.1629032258064516,0.09342560553633218,0.06743421052631579,0.09715242881072027,0.14096185737976782,0.13793103448275862,0.014925373134328358,0.088,0.1330128205128205,0.06158833063209076,0.2455573505654281,0.0631911532385466,0.04012841091492777,0.1583198707592892,0.09672131147540984,0.32465543644716693,0.13584288052373159,0.09485530546623794,0.04122137404580153,0.11308562197092084,0.1943127962085308,0.14426229508196722,0.03889789303079417,0.16940789473684212,0.15875613747954173,0.15875613747954173,0.06462585034013606,0.21476510067114093,0.06873977086743044,0.09597523219814241,0.24713584288052373,0.1021671826625387,0.09831029185867896,0.18167456556082148,0.11725293132328309,0.1968365553602812,0.15625,0.13367174280879865,0.07204116638078903,0.10457516339869281,0.28365384615384615,0.03481012658227848,0.077834179357022,0.16026711185308848,0.18729641693811075,0.1490787269681742,0.06190476190476191,0.049679487179487176,0.049679487179487176,0.08466453674121406,0.18243243243243243,0.04769475357710652,0.07142857142857142,0.087893864013267,0.06853582554517133,0.15960912052117263,0.14696485623003194,0.08972267536704731,0.12206572769953052,0.1645367412140575,0.20189274447949526,0.191044776119403,0.029850746268656716,0.1609907120743034,0.1126331811263318,0.1216,0.036020583190394515,0.11490683229813664,0.13435374149659865,0.16719745222929935,0.13410596026490065,0.16585365853658537,0.09915966386554621,0.20130932896890344,0.02926829268292683,0.04662379421221865,0.05705229793977813,0.003067484662576687,0.26949152542372884,0.12647554806070826,0.08934169278996865,0.1658119658119658,0.050488599348534204
2009,1,9,prevalence,0.10112359550561797,0.05008347245409015,0.16,0.1873015873015873,0.030448717948717948,0.1513157894736842,0.10410094637223975,0.047021943573667714,0.22504230118443316,0.14214046822742474,0.15171288743882544,0.1464226289517471,0.03289473684210526,0.12903225806451613,0.1691542288557214,0.1,0.1735668789808917,0.036020583190394515,0.21009771986970685,0.15,0.05152979066022544,0.10015649452269171,0.1024390243902439,0.083596214511041,0.16719745222929935,0.12440944881889764,0.09836065573770492,0.06281833616298811,0.17857142857142858,0.11019736842105263,0.059322033898305086,0.2796208530805687,0.08922558922558922,0.09982486865148861,0.19141914191419143,0.12924071082390953,0.11688311688311688,0.17993630573248406,0.10214168039538715,0.0840064620355412,0.02079722703639515,0.30194805194805197,0.17894736842105263,0.11488673139158576,0.18989547038327526,0.17546848381601363,0.061788617886178863,0.2057877813504823,0.13043478260869565,0.15833333333333333,0.13713405238828968,0.03205128205128205,0.1234375,0.24212271973466004,0.12741935483870967,0.2773109243697479,0.21035598705501618,0.18298555377207062,0.08970099667774087,0.08240887480190175,0.17333333333333334,0.09,0.07830342577487764,0.12480739599383667,0.06116207951070336,0.09813084112149532,0.16751269035532995,0.1424,0.16237942122186494,0.07885906040268456,0.10426540284360189,0.2077922077922078,0.06426332288401254,0.1901743264659271,0.16282894736842105,0.08166666666666667,0.21739130434782608,0.07049180327868852,0.05448717948717949,0.043478260869565216,0.1605351170568562,0.06700167504187604,0.07251264755480608,0.06518282988871224,0.10457516339869281,0.14551083591331268,0.1348122866894198,0.22149837133550487,0.10766721044045677,0.10702341137123746,0.13651877133105803,0.1744,0.2676767676767677,0.27848101265822783,0.07507987220447285,0.10328638497652583,0.19805194805194806,0.09369951534733441,0.1943127962085308,0.06070287539936102,0.21559633027522937,0.11414790996784566,0.1680129240710824,0.04753820033955857,0.12199036918138041,0.13064516129032258,0.13064516129032258,0.08870967741935484,0.11037891268533773,0.13408723747980614,0.004966887417218543,0.13225806451612904,0.19110378912685339,0.152428810720268,0.18553459119496854,0.12271973466003316,0.07155025553662692,0.1299342105263158,0.07849829351535836,0.06935483870967742,0.14402618657937807,0.18616144975288304,0.1696869851729819,0.025,0.10443037974683544,0.1625615763546798,0.046849757673667204,0.21348314606741572,0.06959152798789713,0.0514820592823713,0.1720257234726688,0.08914100486223663,0.325,0.132890365448505,0.07923930269413629,0.0425531914893617,0.1276595744680851,0.19905956112852666,0.14838709677419354,0.05778491171749599,0.22364217252396165,0.15865384615384615,0.15865384615384615,0.04794520547945205,0.19786096256684493,0.04304635761589404,0.1059190031152648,0.2979452054794521,0.11642743221690591,0.11708860759493671,0.18700475435816163,0.10413223140495868,0.1864406779661017,0.11009174311926606,0.16229508196721312,0.09948542024013722,0.1040650406504065,0.2608,0.03398058252427184,0.07742998352553541,0.13166666666666665,0.22934232715008432,0.1399662731871838,0.0890302066772655,0.10509554140127389,0.10509554140127389,0.047021943573667714,0.17435897435897435,0.0784,0.07301587301587302,0.09884678747940692,0.08964451313755796,0.21043771043771045,0.1964573268921095,0.08848080133555926,0.10747663551401869,0.11848341232227488,0.13036565977742448,0.2259970457902511,0.03198653198653199,0.19571865443425077,0.11214953271028037,0.13137557959814528,0.029950083194675542,0.12695924764890282,0.13445378151260504,0.1515650741350906,0.14942528735632185,0.21266233766233766,0.07742998352553541,0.12836767036450078,0.05636070853462158,0.03776683087027915,0.06918238993710692,0.0047169811320754715,0.27899159663865547,0.08149405772495756,0.07253086419753087,0.12395309882747069,0.04032258064516129
2010,1,9,prevalence,0.1358609794628752,0.06208053691275168,0.18604651162790697,0.143317230273752,0.049019607843137254,0.18494271685761046,0.10576923076923077,0.0703125,0.22547332185886404,0.13020833333333334,0.12399355877616747,0.13562091503267973,0.02337228714524207,0.12872841444270017,0.13712374581939799,0.0921875,0.11993769470404984,0.04326123128119801,0.1791044776119403,0.15458937198067632,0.05811965811965812,0.10823170731707317,0.13322884012539185,0.10837438423645321,0.1674641148325359,0.10559006211180125,0.139937106918239,0.05128205128205128,0.17271157167530224,0.11589403973509933,0.04054054054054054,0.273015873015873,0.10068259385665529,0.11478260869565217,0.183739837398374,0.1734860883797054,0.09562398703403566,0.1943127962085308,0.1069078947368421,0.0711864406779661,0.025597269624573378,0.2474747474747475,0.19243986254295534,0.14446227929373998,0.2582781456953642,0.16188870151770657,0.06612903225806452,0.24519230769230768,0.10909090909090909,0.10082644628099173,0.1293759512937595,0.03918495297805643,0.10204081632653061,0.23793103448275862,0.16587677725118483,0.1975736568457539,0.24281150159744408,0.1403225806451613,0.11447811447811448,0.1478537360890302,0.16885245901639345,0.10851419031719532,0.066006600660066,0.12752721617418353,0.07044410413476264,0.06259780907668232,0.132013201320132,0.16329704510108864,0.1648177496038035,0.09015025041736227,0.13112164296998421,0.21487603305785125,0.06306306306306306,0.20094936708860758,0.1781045751633987,0.09819967266775777,0.20341614906832298,0.07928802588996764,0.07605177993527508,0.03896103896103896,0.17298187808896212,0.1296,0.0919931856899489,0.05598755832037325,0.11869918699186992,0.1171993911719939,0.1456140350877193,0.24177631578947367,0.10696095076400679,0.10483870967741936,0.09016393442622951,0.18066561014263074,0.21256038647342995,0.2601880877742947,0.08414239482200647,0.08448540706605223,0.18064516129032257,0.08866995073891626,0.16613418530351437,0.10866141732283464,0.18140929535232383,0.09385113268608414,0.21967213114754097,0.04213938411669368,0.1778846153846154,0.16455696202531644,0.09803921568627451,0.08852459016393442,0.09902597402597403,0.11076923076923077,0.016420361247947456,0.1896838602329451,0.1888,0.16166666666666665,0.19937694704049844,0.12100840336134454,0.11596638655462185,0.12140575079872204,0.07849829351535836,0.06655844155844155,0.16776315789473684,0.28180354267310787,0.14309210526315788,0.01485148514851485,0.0706605222734255,0.21052631578947367,0.0576,0.17045454545454544,0.0984375,0.0695517774343122,0.17986798679867988,0.0766721044045677,0.2468944099378882,0.14869281045751634,0.10050251256281408,0.05709876543209876,0.0912,0.20063694267515925,0.134185303514377,0.06230529595015576,0.17694805194805194,0.1721311475409836,0.1721311475409836,0.07216494845360824,0.1545138888888889,0.03054662379421222,0.10641627543035993,0.36724137931034484,0.14465408805031446,0.1238244514106583,0.19224555735056542,0.09562398703403566,0.27287853577371046,0.1205564142194745,0.14695945945945946,0.1077943615257048,0.08130081300813008,0.2171875,0.0372168284789644,0.07980456026058631,0.09838709677419355,0.20238095238095238,0.153184165232358,0.10397553516819572,0.14536741214057508,0.14536741214057508,0.05287713841368585,0.11774744027303755,0.08183306055646482,0.083596214511041,0.08319738988580751,0.1238390092879257,0.18505942275042445,0.24440894568690097,0.11486486486486487,0.12286158631415241,0.1349206349206349,0.08585055643879173,0.23607038123167157,0.051926298157453935,0.18856259659969088,0.107981220657277,0.11398176291793313,0.04568527918781726,0.1290824261275272,0.14427860696517414,0.14638157894736842,0.19738988580750408,0.249597423510467,0.08038585209003216,0.08688783570300158,0.09149277688603531,0.04222972972972973,0.07849293563579278,0.00482315112540193,0.25538971807628524,0.09830508474576272,0.07131537242472266,0.10839160839160839,0.03015873015873016
2011,1,9,prevalence,0.14570552147239263,0.06791171477079797,0.24796084828711257,0.12418300653594772,0.03333333333333333,0.25442834138486314,0.07504078303425775,0.10920436817472699,0.28496503496503495,0.13705583756345177,0.08856682769726248,0.12521150592216582,0.033386327503974564,0.14037854889589904,0.14614121510673234,0.109375,0.08936825885978428,0.06856187290969899,0.15025041736227046,0.1339712918660287,0.06745362563237774,0.10997067448680352,0.130298273155416,0.09178743961352658,0.16561514195583596,0.1360759493670886,0.18138801261829654,0.10787671232876712,0.1295971978984238,0.12248322147651007,0.041736227045075125,0.2845786963434022,0.1076158940397351,0.14309764309764308,0.1718494271685761,0.1266891891891892,0.08842443729903537,0.2256,0.09137055837563451,0.0411663807890223,0.03980099502487562,0.19865319865319866,0.20165289256198346,0.14743589743589744,0.24086378737541528,0.14590163934426228,0.09606299212598425,0.2528180354267311,0.10684474123539232,0.11961722488038277,0.1173780487804878,0.047619047619047616,0.11076443057722309,0.20898100172711573,0.1238244514106583,0.2236842105263158,0.32273449920508746,0.11942675159235669,0.14925373134328357,0.16957210776545167,0.16375198728139906,0.08221476510067115,0.06518282988871224,0.1308411214953271,0.08892355694227769,0.06422018348623854,0.11563517915309446,0.14106583072100312,0.17432646592709986,0.10114192495921696,0.125,0.17868852459016393,0.07462686567164178,0.19682539682539682,0.17627677100494235,0.08095238095238096,0.16228748068006182,0.10891089108910891,0.10596026490066225,0.03697749196141479,0.18543046357615894,0.13526570048309178,0.1016949152542373,0.04395604395604396,0.12845528455284552,0.11702127659574468,0.12392426850258176,0.2193126022913257,0.09735973597359736,0.14330708661417324,0.088379705400982,0.18571428571428572,0.1495176848874598,0.21316614420062696,0.05140961857379768,0.11690363349131122,0.1685575364667747,0.088,0.1722488038277512,0.09935897435897435,0.20743034055727555,0.1126984126984127,0.3114754098360656,0.061488673139158574,0.14473684210526316,0.20349761526232116,0.08346709470304976,0.105,0.07655502392344497,0.12749615975422426,0.03645007923930269,0.21428571428571427,0.1987075928917609,0.1314475873544093,0.1807044410413476,0.1474036850921273,0.1717687074829932,0.12046204620462046,0.06779661016949153,0.05564142194744977,0.20621931260229132,0.3107890499194847,0.14593698175787728,0.0328719723183391,0.06736526946107785,0.2,0.0819935691318328,0.18152866242038215,0.1449044585987261,0.09442724458204334,0.16202945990180032,0.07142857142857142,0.21904761904761905,0.1183533447684391,0.125,0.0837138508371385,0.09375,0.1544461778471139,0.16176470588235295,0.06046511627906977,0.1648177496038035,0.18108974358974358,0.18108974358974358,0.09540034071550256,0.12607944732297063,0.05509181969949917,0.1045958795562599,0.3137931034482759,0.15530903328050713,0.10124610591900311,0.16181229773462782,0.0744336569579288,0.266553480475382,0.10188087774294671,0.16385135135135134,0.11243611584327087,0.10666666666666667,0.15714285714285714,0.06220095693779904,0.10668789808917198,0.05555555555555555,0.17857142857142858,0.1531986531986532,0.14728682170542637,0.1774193548387097,0.1774193548387097,0.09404388714733543,0.07191780821917808,0.08695652173913043,0.09365079365079365,0.09060955518945635,0.14285714285714285,0.19087837837837837,0.20727848101265822,0.11945392491467577,0.13978494623655913,0.14285714285714285,0.08681672025723473,0.2869822485207101,0.08896210873146623,0.13731825525040386,0.14069591527987896,0.13834586466165413,0.05378151260504202,0.15873015873015872,0.08038585209003216,0.1344,0.17391304347826086,0.3146067415730337,0.08520900321543408,0.0794912559618442,0.09501557632398754,0.059900166389351084,0.1201923076923077,0.006369426751592357,0.2097560975609756,0.05454545454545454,0.1072,0.09982788296041308,0.049679487179487176
2012,1,9,prevalence,0.13636363636363635,0.08291873963515754,0.23863636363636365,0.15016501650165018,0.046251993620414676,0.1761827079934747,0.09667194928684628,0.1238244514106583,0.28021015761821366,0.14072847682119205,0.08955223880597014,0.11986863711001643,0.043478260869565216,0.12121212121212122,0.18592964824120603,0.15064102564102563,0.08923076923076922,0.10869565217391304,0.15599343185550082,0.11363636363636363,0.09628378378378379,0.13636363636363635,0.14906832298136646,0.09390444810543658,0.11954765751211632,0.12576687116564417,0.17251908396946564,0.16062176165803108,0.10664335664335664,0.17483660130718953,0.04462809917355372,0.2125984251968504,0.0859504132231405,0.12690355329949238,0.2336,0.08732876712328767,0.10658307210031348,0.18035426731078905,0.08922558922558922,0.05442176870748299,0.05365853658536585,0.1804635761589404,0.24509803921568626,0.1447587354409318,0.2463295269168026,0.1312803889789303,0.11916264090177134,0.15251572327044025,0.1069078947368421,0.14729950900163666,0.10599078341013825,0.03420195439739414,0.12361331220285261,0.13504273504273503,0.14171974522292993,0.22483221476510068,0.28711256117455136,0.12519809825673534,0.15682967959527824,0.2531446540880503,0.19692307692307692,0.08166666666666667,0.07550077041602465,0.1400304414003044,0.1094224924012158,0.05763239875389408,0.10517529215358931,0.13036565977742448,0.1746031746031746,0.09744408945686901,0.10998307952622674,0.13628899835796388,0.0974124809741248,0.14330708661417324,0.1510673234811166,0.1253968253968254,0.10929853181076672,0.13322368421052633,0.12479474548440066,0.034482758620689655,0.184640522875817,0.16586151368760063,0.13139931740614336,0.03064516129032258,0.12398042414355628,0.1902587519025875,0.18612521150592218,0.1850079744816587,0.0812603648424544,0.13841368584758942,0.0898876404494382,0.1396103896103896,0.1467304625199362,0.18167701863354038,0.06462035541195477,0.10047095761381476,0.1993517017828201,0.06153846153846154,0.16534181240063592,0.10613598673300166,0.23839009287925697,0.08986928104575163,0.3512658227848101,0.09917355371900827,0.1510673234811166,0.28044871794871795,0.07532051282051282,0.10114192495921696,0.0608,0.14660493827160495,0.0875796178343949,0.20563847429519072,0.16086235489220563,0.1490066225165563,0.1926751592356688,0.16938110749185667,0.17688266199649738,0.10256410256410256,0.08013937282229965,0.07919254658385093,0.21967213114754097,0.29193548387096774,0.13192182410423453,0.03459637561779242,0.054380664652567974,0.16805324459234608,0.08962264150943396,0.15705128205128205,0.1437216338880484,0.14634146341463414,0.1567043618739903,0.06818181818181818,0.16113744075829384,0.10899653979238755,0.18013468013468015,0.0532724505327245,0.06833333333333333,0.1540880503144654,0.16693944353518822,0.07518796992481203,0.16429699842022116,0.17420435510887772,0.17420435510887772,0.10196779964221825,0.12372881355932204,0.0608,0.10147299509001637,0.22916666666666666,0.15235008103727715,0.0912,0.19193548387096773,0.08386075949367089,0.23697478991596638,0.10252365930599369,0.14166666666666666,0.1305785123966942,0.11973018549747048,0.1419656786271451,0.050393700787401574,0.13385826771653545,0.07096774193548387,0.1518578352180937,0.15066225165562913,0.1609907120743034,0.1732283464566929,0.1732283464566929,0.06832298136645963,0.07766990291262135,0.06351791530944625,0.10584518167456557,0.1076923076923077,0.17647058823529413,0.15593220338983052,0.16825396825396827,0.1689419795221843,0.14241001564945227,0.16323296354992076,0.11326860841423948,0.2042360060514372,0.11036789297658862,0.14125200642054575,0.21654135338345865,0.1355421686746988,0.06091370558375635,0.15619967793880837,0.10929853181076672,0.13968253968253969,0.13553719008264462,0.22820919175911253,0.109717868338558,0.12199036918138041,0.09146341463414634,0.10437710437710437,0.10593900481540931,0.01155115511551155,0.24193548387096775,0.07290015847860538,0.10236220472440945,0.10891089108910891,0.030448717948717948
2013,1,9,prevalence,0.1008,0.12057877813504823,0.2185430463576159,0.173841059602649,0.07504078303425775,0.13803680981595093,0.08598726114649681,0.1437908496732026,0.25906735751295334,0.11456628477905073,0.07142857142857142,0.119281045751634,0.05378151260504202,0.14508580343213728,0.19055944055944055,0.14215686274509803,0.09244992295839753,0.1064891846921797,0.12277867528271405,0.11311475409836065,0.12046204620462046,0.1324404761904762,0.1780185758513932,0.09768211920529801,0.12685337726523888,0.11472868217054263,0.17567567567567569,0.23519458544839256,0.1111111111111111,0.12438625204582651,0.05676126878130217,0.18681318681318682,0.06435643564356436,0.10784313725490197,0.2601246105919003,0.08665511265164645,0.1,0.16825396825396827,0.07758620689655173,0.04942339373970346,0.06699346405228758,0.16555183946488294,0.2703150912106136,0.15824915824915825,0.22833333333333333,0.10383386581469649,0.09470304975922954,0.10220125786163523,0.12717770034843207,0.1495176848874598,0.07776049766718507,0.03656597774244833,0.1406003159557662,0.09655172413793103,0.1791530944625407,0.21746293245469522,0.26129032258064516,0.1328125,0.16943521594684385,0.28125,0.14751552795031056,0.11074380165289256,0.103125,0.1143740340030912,0.15497076023391812,0.056782334384858045,0.09703947368421052,0.12898089171974522,0.13374805598755832,0.10361067503924647,0.09450171821305842,0.11869918699186992,0.14114114114114115,0.14037854889589904,0.13365539452495975,0.14603174603174604,0.08589951377633712,0.145,0.1346153846153846,0.08150470219435736,0.17766497461928935,0.25,0.1737704918032787,0.028846153846153848,0.09062003179650238,0.1945288753799392,0.2144,0.12286158631415241,0.0749185667752443,0.12559618441971382,0.055379746835443035,0.1776,0.1060126582278481,0.16307692307692306,0.0992,0.13543307086614173,0.18078175895765472,0.07620528771384137,0.14838709677419354,0.10281923714759536,0.1826625386996904,0.08156606851549755,0.26359143327841844,0.11594202898550725,0.1,0.3234375,0.09787928221859707,0.10281923714759536,0.05348460291734198,0.115625,0.11869918699186992,0.21926910299003322,0.18226600985221675,0.1832797427652733,0.16352201257861634,0.11947626841243862,0.16013628620102216,0.11650485436893204,0.11505922165820642,0.08992248062015504,0.20516962843295639,0.23270440251572327,0.1435483870967742,0.050335570469798654,0.07395993836671803,0.1652892561983471,0.11041009463722397,0.11544715447154472,0.14592933947772657,0.13793103448275862,0.17467948717948717,0.057971014492753624,0.13804173354735153,0.11884550084889643,0.21906354515050167,0.0778816199376947,0.06418918918918919,0.12652439024390244,0.16666666666666666,0.1019202363367799,0.1795275590551181,0.16805324459234608,0.16805324459234608,0.11423550087873462,0.14072847682119205,0.08186195826645265,0.1134185303514377,0.2521891418563923,0.1305785123966942,0.06919275123558484,0.24842767295597484,0.06497622820919176,0.15577889447236182,0.11455108359133127,0.11467116357504216,0.1570945945945946,0.09012131715771231,0.09208400646203554,0.044753086419753084,0.1277258566978193,0.08306188925081433,0.13636363636363635,0.13036303630363036,0.1784037558685446,0.19003115264797507,0.19003115264797507,0.07716049382716049,0.07201309328968904,0.06141732283464567,0.13556618819776714,0.08818635607321132,0.178743961352657,0.12478920741989882,0.14791987673343607,0.17900172117039587,0.11774193548387096,0.1669316375198728,0.09283387622149837,0.16920731707317074,0.13915857605177995,0.1263823064770932,0.22100313479623823,0.11470588235294117,0.09982788296041308,0.16905901116427433,0.12559618441971382,0.11221122112211221,0.11513157894736842,0.18357487922705315,0.18619582664526485,0.09768211920529801,0.10993975903614457,0.1254125412541254,0.13333333333333333,0.022764227642276424,0.1819672131147541,0.0496,0.12345679012345678,0.08552631578947369,0.04738562091503268
2014,1,9,prevalence,0.05727554179566564,0.14144736842105263,0.1256198347107438,0.17235772357723578,0.09105960264900662,0.15445859872611464,0.0848,0.14533965244865718,0.19767441860465115,0.10294117647058823,0.0775716694772344,0.11754684838160136,0.07190635451505016,0.16614906832298137,0.24705882352941178,0.15166666666666667,0.11196319018404909,0.10420168067226891,0.09446254071661238,0.11451612903225807,0.10613598673300166,0.13333333333333333,0.21939586645468998,0.10049423393739704,0.10310965630114566,0.09782608695652174,0.21189024390243902,0.23460898502495842,0.11260504201680673,0.13112164296998421,0.09965635738831616,0.16478190630048464,0.06763285024154589,0.08333333333333333,0.28459119496855345,0.09363957597173145,0.1232876712328767,0.17295597484276728,0.05326460481099656,0.06913183279742766,0.066006600660066,0.1970684039087948,0.1986754966887417,0.07993197278911565,0.17666666666666667,0.0928,0.08598726114649681,0.0761904761904762,0.1777408637873754,0.12063492063492064,0.08294209702660407,0.05422647527910686,0.13428120063191154,0.1,0.1430817610062893,0.2032520325203252,0.19809825673534073,0.1497659906396256,0.15870307167235495,0.2744479495268139,0.10443037974683544,0.11371237458193979,0.13671274961597543,0.10973724884080371,0.17271407837445574,0.0592,0.09803921568627451,0.10917721518987342,0.12579617834394904,0.11162790697674418,0.10562180579216354,0.14488188976377953,0.15091463414634146,0.09724473257698542,0.10668789808917198,0.14488188976377953,0.06045751633986928,0.15472312703583063,0.12995245641838352,0.08359133126934984,0.13400335008375208,0.2711598746081505,0.17341977309562398,0.05063291139240506,0.07053291536050156,0.1546875,0.23684210526315788,0.12111801242236025,0.06611570247933884,0.112,0.046031746031746035,0.13694267515923567,0.08709677419354839,0.12480252764612954,0.0864,0.1632,0.17637540453074432,0.13744075829383887,0.15422077922077923,0.09666666666666666,0.15870570107858242,0.11056910569105691,0.19751166407465007,0.12111292962356793,0.12732919254658384,0.23317683881064163,0.12459546925566344,0.0762987012987013,0.05813953488372093,0.08244274809160305,0.18740399385560677,0.2470389170896785,0.22838499184339314,0.1339712918660287,0.13592233009708737,0.1273344651952462,0.13287904599659284,0.1056,0.12666666666666668,0.12044374009508717,0.1629032258064516,0.1677115987460815,0.1008,0.08075601374570447,0.06572769953051644,0.12643678160919541,0.11464968152866242,0.1070840197693575,0.17549167927382753,0.1,0.172859450726979,0.0656,0.12135922330097088,0.12776831345826234,0.2596964586846543,0.07631160572337042,0.10139860139860139,0.11248073959938366,0.11764705882352941,0.11419753086419752,0.1875993640699523,0.16721311475409836,0.16721311475409836,0.10316139767054909,0.18107667210440456,0.1421647819063005,0.12857142857142856,0.22108843537414966,0.1781701444622793,0.11148648648648649,0.33865814696485624,0.08850931677018634,0.1218274111675127,0.15207373271889402,0.09735973597359736,0.1652754590984975,0.08818342151675485,0.09950248756218906,0.07849293563579278,0.16563467492260062,0.07236842105263158,0.08571428571428572,0.11707317073170732,0.18932038834951456,0.1895734597156398,0.1895734597156398,0.0864,0.08278145695364239,0.09888357256778309,0.16639741518578352,0.1111111111111111,0.13771517996870108,0.1254180602006689,0.1400304414003044,0.11452991452991453,0.11323763955342903,0.12480252764612954,0.10227272727272728,0.1597542242703533,0.13570274636510501,0.1734860883797054,0.25356576862123614,0.12682215743440234,0.13666666666666666,0.15275590551181104,0.13449367088607594,0.0891089108910891,0.12317666126418152,0.18053375196232338,0.164576802507837,0.056451612903225805,0.12727272727272726,0.09819967266775777,0.14839797639123103,0.059322033898305086,0.09618573797678276,0.04065040650406504,0.10900473933649289,0.11276948590381426,0.07211538461538461
2015,1,9,prevalence,0.07886435331230283,0.11842105263157894,0.10841423948220065,0.1744,0.10578512396694215,0.14102564102564102,0.09190031152647975,0.10140405616224649,0.14054927302100162,0.0945273631840796,0.07216494845360824,0.10756302521008404,0.07876712328767123,0.2054140127388535,0.2332214765100671,0.11378205128205128,0.10954616588419405,0.12773109243697478,0.12887438825448613,0.10281923714759536,0.10082644628099173,0.0783132530120482,0.24405705229793978,0.08333333333333333,0.09719934102141681,0.10062893081761007,0.1632047477744807,0.24625623960066556,0.09015025041736227,0.09888357256778309,0.09491525423728814,0.13814756671899528,0.11129568106312292,0.11180124223602485,0.19457735247208932,0.09233449477351917,0.13016845329249618,0.15629984051036683,0.070298769771529,0.06045751633986928,0.08681672025723473,0.18729641693811075,0.15097402597402598,0.08333333333333333,0.19575856443719414,0.08426073131955485,0.12759170653907495,0.10866141732283464,0.21585160202360876,0.15267175572519084,0.08108108108108109,0.07389162561576355,0.16537867078825347,0.07355516637478109,0.14054927302100162,0.1819672131147541,0.14329738058551617,0.12244897959183673,0.15110356536502548,0.19579288025889968,0.10223642172523961,0.13687600644122383,0.13435114503816795,0.11232449297971919,0.1741654571843251,0.07290015847860538,0.09485530546623794,0.09935897435897435,0.14756671899529042,0.09090909090909091,0.12456140350877193,0.10220125786163523,0.17092651757188498,0.08580343213728549,0.10696920583468396,0.15830721003134796,0.03354632587859425,0.17405582922824303,0.14126984126984127,0.1057542768273717,0.14096185737976782,0.21405750798722045,0.1761006289308176,0.06487341772151899,0.07366771159874608,0.15764331210191082,0.1984732824427481,0.09636650868878358,0.08777969018932874,0.10967741935483871,0.06045751633986928,0.13522012578616352,0.1045016077170418,0.1529051987767584,0.07692307692307693,0.12363067292644757,0.13592233009708737,0.16174183514774496,0.14015748031496064,0.10277324632952692,0.12461538461538461,0.16965742251223492,0.17236024844720496,0.135678391959799,0.13679245283018868,0.15905511811023623,0.1456,0.07877813504823152,0.08866995073891626,0.12235649546827794,0.24732824427480915,0.27580372250423013,0.20991735537190082,0.1536050156739812,0.1050080775444265,0.11,0.12479201331114809,0.10641627543035993,0.11074918566775244,0.13893376413570274,0.13875598086124402,0.11580594679186229,0.1053484602917342,0.09046849757673667,0.07923930269413629,0.07890499194847021,0.10702875399361023,0.14959349593495935,0.15658914728682172,0.08955223880597014,0.16666666666666666,0.0867430441898527,0.09854604200323101,0.1141396933560477,0.24455611390284757,0.06539074960127592,0.1263537906137184,0.09848484848484848,0.12599681020733652,0.1372854914196568,0.15559157212317667,0.15728476821192053,0.15728476821192053,0.07872696817420435,0.18181818181818182,0.13934426229508196,0.10061919504643962,0.21305841924398625,0.1721311475409836,0.17355371900826447,0.2512315270935961,0.10410094637223975,0.10316139767054909,0.18608169440242056,0.09437086092715231,0.1760797342192691,0.10445205479452055,0.10628019323671498,0.10094637223974763,0.14837712519319937,0.0944,0.10720268006700168,0.10965630114566285,0.19936204146730463,0.12836767036450078,0.12836767036450078,0.08598726114649681,0.1136,0.08874801901743265,0.19078947368421054,0.12887438825448613,0.13260530421216848,0.11519198664440734,0.13829787234042554,0.11241610738255034,0.12980769230769232,0.14596273291925466,0.09935897435897435,0.13260530421216848,0.11356466876971609,0.1532258064516129,0.22644628099173553,0.1346704871060172,0.18196994991652754,0.16113744075829384,0.125,0.09868421052631579,0.11925042589437819,0.18993506493506493,0.15248796147672553,0.04777070063694268,0.11077389984825493,0.10969793322734499,0.12887438825448613,0.08603896103896104,0.10339256865912763,0.05582137161084529,0.09104938271604938,0.13376835236541598,0.10194174757281553
2016,1,9,prevalence,0.08385093167701864,0.11783960720130933,0.11954765751211632,0.10828025477707007,0.06239737274220033,0.1564945226917058,0.07956318252730109,0.06957928802588997,0.14285714285714285,0.06218487394957983,0.09348914858096828,0.09624796084828711,0.0723905723905724,0.18885448916408668,0.20465890183028287,0.11164274322169059,0.12082670906200318,0.11056910569105691,0.119281045751634,0.08873720136518772,0.1206611570247934,0.0748502994011976,0.2251968503937008,0.07119205298013245,0.11129296235679215,0.1029641185647426,0.11890243902439024,0.1918032786885246,0.10580204778156997,0.1181959564541213,0.12312811980033278,0.15942028985507245,0.10912052117263844,0.09516380655226209,0.15705128205128205,0.12173913043478261,0.14759036144578314,0.1339712918660287,0.10344827586206896,0.09933774834437085,0.1419457735247209,0.13725490196078433,0.1140215716486903,0.09581881533101046,0.12582781456953643,0.13141025641025642,0.13001605136436598,0.1312,0.22016806722689075,0.12440944881889764,0.06973058637083994,0.0762987012987013,0.15193798449612403,0.08754208754208755,0.11954765751211632,0.2266881028938907,0.0995405819295559,0.15251572327044025,0.13043478260869565,0.13658536585365855,0.11414790996784566,0.1527331189710611,0.12462006079027356,0.0967238689547582,0.15766423357664233,0.06697819314641744,0.06518282988871224,0.13170731707317074,0.09574468085106383,0.09937888198757763,0.1276595744680851,0.0926517571884984,0.14130434782608695,0.08006279434850863,0.12337662337662338,0.1609907120743034,0.07109737248840804,0.2161290322580645,0.13132911392405064,0.11162790697674418,0.15024232633279483,0.17591125198098256,0.14913657770800628,0.08576051779935275,0.0859504132231405,0.12254901960784313,0.20485584218512898,0.08856682769726248,0.08305084745762711,0.09872611464968153,0.08455284552845528,0.11653543307086614,0.11856474258970359,0.11216429699842022,0.0703125,0.0959119496855346,0.09253246753246754,0.1408,0.1529968454258675,0.10483870967741936,0.11410459587955626,0.17229729729729729,0.0987460815047022,0.1371527777777778,0.1421875,0.13765822784810128,0.21011058451816747,0.08782742681047766,0.08112582781456953,0.12898330804248861,0.26403641881638845,0.1865546218487395,0.21150592216582065,0.1554160125588697,0.09162717219589257,0.0829103214890017,0.10932475884244373,0.12302839116719243,0.10491803278688525,0.15875613747954173,0.10063897763578275,0.10383386581469649,0.10837438423645321,0.10551181102362205,0.11038961038961038,0.07042253521126761,0.10578512396694215,0.18081761006289307,0.16666666666666666,0.12369597615499255,0.13861386138613863,0.13495934959349593,0.1347068145800317,0.1288135593220339,0.249185667752443,0.08794788273615635,0.10196779964221825,0.10866141732283464,0.1472,0.12232415902140673,0.11019736842105263,0.14497528830313014,0.14497528830313014,0.1053484602917342,0.19314641744548286,0.11235955056179775,0.10615384615384615,0.1951219512195122,0.19630872483221476,0.16556291390728478,0.1875,0.1238390092879257,0.12751677852348994,0.23583460949464014,0.09915966386554621,0.16264090177133655,0.1054421768707483,0.12398042414355628,0.0728476821192053,0.14733542319749215,0.11811023622047244,0.13827993254637436,0.10112359550561797,0.2225705329153605,0.09937888198757763,0.09937888198757763,0.11690363349131122,0.12460567823343849,0.1157556270096463,0.1452991452991453,0.11056910569105691,0.10142630744849446,0.12624584717607973,0.1282051282051282,0.07731958762886598,0.20421393841166938,0.11414790996784566,0.1492776886035313,0.0966183574879227,0.13344316309719934,0.1465798045602606,0.1737012987012987,0.16905444126074498,0.21598639455782312,0.13488372093023257,0.1104199066874028,0.08445945945945946,0.09491525423728814,0.14984709480122324,0.15347334410339256,0.0733652312599681,0.12291350531107739,0.09828393135725429,0.1380952380952381,0.08415841584158416,0.12924071082390953,0.05229793977812995,0.10835913312693499,0.14451827242524917,0.11363636363636363
2017,1,9,prevalence,0.06814580031695722,0.10068259385665529,0.08667736757624397,0.076158940397351,0.04311774461028192,0.11216429699842022,0.05343511450381679,0.05853658536585366,0.13290113452188007,0.03409090909090909,0.08520900321543408,0.06836248012718601,0.08496732026143791,0.12962962962962962,0.12583892617449666,0.08688783570300158,0.07131537242472266,0.10047846889952153,0.08196721311475409,0.08275862068965517,0.12396694214876033,0.08497723823975721,0.1875993640699523,0.11694915254237288,0.0859504132231405,0.09119496855345911,0.08878504672897196,0.13354531001589826,0.09375,0.12063492063492064,0.09819967266775777,0.11485451761102604,0.08780487804878048,0.0946372239747634,0.10110584518167456,0.109375,0.14634146341463414,0.09134615384615384,0.08695652173913043,0.07768595041322314,0.11180124223602485,0.0959119496855346,0.11424100156494522,0.06228373702422145,0.09395973154362416,0.09615384615384616,0.12277867528271405,0.061788617886178863,0.18451400329489293,0.08950617283950617,0.056179775280898875,0.0592,0.10172143974960876,0.1077943615257048,0.09838709677419355,0.17147435897435898,0.07132018209408195,0.11287758346581876,0.10445205479452055,0.07528641571194762,0.0738362760834671,0.12077294685990338,0.08125,0.08387096774193549,0.12682215743440234,0.06074766355140187,0.04160246533127889,0.13875598086124402,0.059748427672955975,0.0880503144654088,0.11879432624113476,0.07680491551459294,0.11003236245954692,0.03864734299516908,0.13365539452495975,0.13161875945537066,0.05421686746987952,0.16830065359477125,0.0848,0.07931570762052877,0.14009661835748793,0.1185064935064935,0.10110584518167456,0.06166666666666667,0.054365733113673806,0.0845771144278607,0.12164296998420221,0.07017543859649122,0.04833333333333333,0.07244094488188976,0.06190476190476191,0.10268562401263823,0.098256735340729,0.09455128205128205,0.05555555555555555,0.08823529411764706,0.08116883116883117,0.1388888888888889,0.1281645569620253,0.05714285714285714,0.0703125,0.15816326530612246,0.08709677419354839,0.12244897959183673,0.08074534161490683,0.1123076923076923,0.14645669291338584,0.07784431137724551,0.05360134003350084,0.1076923076923077,0.22255639097744362,0.10961214165261383,0.15719063545150502,0.10883280757097792,0.06593406593406594,0.05785123966942149,0.08530805687203792,0.07836990595611286,0.09951060358890701,0.1111111111111111,0.08064516129032258,0.07765451664025357,0.10294117647058823,0.07827476038338659,0.0932475884244373,0.058637083993660855,0.07352941176470588,0.1510673234811166,0.08832807570977919,0.10397553516819572,0.09046849757673667,0.12520868113522537,0.09630818619582665,0.1362862010221465,0.23618090452261306,0.043689320388349516,0.0782312925170068,0.11370716510903427,0.13592233009708737,0.06511627906976744,0.08045977011494253,0.10862619808306709,0.10862619808306709,0.07017543859649122,0.15337423312883436,0.05608974358974359,0.12461538461538461,0.14309210526315788,0.14583333333333334,0.14473684210526316,0.12244897959183673,0.096875,0.0933786078098472,0.20124804992199688,0.0932475884244373,0.11217948717948718,0.1382636655948553,0.09120521172638436,0.06420545746388442,0.0904836193447738,0.12903225806451613,0.0935483870967742,0.12238325281803543,0.14896988906497624,0.09047619047619047,0.09047619047619047,0.10509554140127389,0.12206572769953052,0.08914100486223663,0.08094435075885328,0.0670926517571885,0.04100946372239748,0.087248322147651,0.09828393135725429,0.06343906510851419,0.15953947368421054,0.07592891760904685,0.15873015873015872,0.06741573033707865,0.11311475409836065,0.13277310924369748,0.08952702702702703,0.13864306784660768,0.20770519262981574,0.084375,0.05373134328358209,0.08823529411764706,0.07060755336617405,0.08755760368663594,0.10220125786163523,0.05741626794258373,0.09104704097116843,0.081377151799687,0.07936507936507936,0.05289256198347107,0.1403225806451613,0.0449438202247191,0.08755760368663594,0.11698717948717949,0.08346972176759411
2018,1,9,prevalence,0.03426791277258567,0.08858603066439523,0.08085808580858085,0.07202680067001675,0.048465266558966075,0.09937888198757763,0.03852080123266564,0.03877221324717286,0.08992248062015504,0.025559105431309903,0.08514190317195326,0.05817610062893082,0.0701468189233279,0.10485133020344288,0.10355987055016182,0.06289308176100629,0.051696284329563816,0.0686427457098284,0.07142857142857142,0.05110732538330494,0.11396468699839486,0.075,0.134375,0.09833333333333333,0.07679180887372014,0.07042253521126761,0.05501618122977346,0.08974358974358974,0.06418918918918919,0.1050080775444265,0.08103727714748785,0.08950617283950617,0.07348242811501597,0.07373271889400922,0.07419354838709677,0.08803986710963455,0.10682492581602374,0.05778491171749599,0.07592592592592592,0.06935483870967742,0.09302325581395349,0.07528641571194762,0.08163265306122448,0.04599659284497445,0.06844741235392321,0.06103286384976526,0.11330049261083744,0.04730831973898858,0.12690355329949238,0.06309148264984227,0.024752475247524754,0.0416,0.08346456692913386,0.09335443037974683,0.06472491909385113,0.13406940063091483,0.0679304897314376,0.08634222919937205,0.10714285714285714,0.0644122383252818,0.08292682926829269,0.08450704225352113,0.07465007776049767,0.05977382875605816,0.08395802098950525,0.06477093206951026,0.029595015576323987,0.12807881773399016,0.05246422893481717,0.08267090620031796,0.10877192982456141,0.04496124031007752,0.08032786885245902,0.025157232704402517,0.12845528455284552,0.109375,0.04084720121028744,0.14356435643564355,0.07592891760904685,0.06615384615384616,0.11424100156494522,0.08374384236453201,0.07923930269413629,0.04251700680272109,0.0425531914893617,0.04817275747508306,0.09984152139461172,0.07142857142857142,0.0333889816360601,0.06382978723404255,0.054858934169279,0.08240887480190175,0.07981220657276995,0.05741626794258373,0.04580152671755725,0.06279434850863422,0.06710310965630115,0.1167192429022082,0.109375,0.050243111831442464,0.05642633228840126,0.1282051282051282,0.07255520504731862,0.0991869918699187,0.06396255850234009,0.09119010819165378,0.12258064516129032,0.07874015748031496,0.034482758620689655,0.07969924812030076,0.1743119266055046,0.07729468599033816,0.11258278145695365,0.08069620253164557,0.050473186119873815,0.05140961857379768,0.08748114630467571,0.05701078582434515,0.08589951377633712,0.07642276422764227,0.0694006309148265,0.06016260162601626,0.0698051948051948,0.053208137715179966,0.07528641571194762,0.050078247261345854,0.04716981132075472,0.1254180602006689,0.08085808580858085,0.09105180533751962,0.06339144215530904,0.08319738988580751,0.08359133126934984,0.12457912457912458,0.1870860927152318,0.030744336569579287,0.05254237288135593,0.059748427672955975,0.11057692307692307,0.06230529595015576,0.05872756933115824,0.08626198083067092,0.08626198083067092,0.050314465408805034,0.10979228486646884,0.0496,0.138763197586727,0.10950080515297907,0.1153184165232358,0.12579617834394904,0.08985024958402663,0.07309486780715396,0.08333333333333333,0.14968152866242038,0.05627009646302251,0.09515859766277128,0.10714285714285714,0.09283387622149837,0.06466876971608833,0.07453416149068323,0.12399355877616747,0.06842923794712286,0.0875,0.1157556270096463,0.07165605095541401,0.07165605095541401,0.09870550161812297,0.11773940345368916,0.06279434850863422,0.06208053691275168,0.036065573770491806,0.03732503888024884,0.05806451612903226,0.07164634146341463,0.029950083194675542,0.11382113821138211,0.05228758169934641,0.09951060358890701,0.04220779220779221,0.08881578947368421,0.10099337748344371,0.06478405315614617,0.13263785394932937,0.13921901528013583,0.05246422893481717,0.03479576399394856,0.08870967741935484,0.06633499170812604,0.06511627906976744,0.07313195548489666,0.04897314375987362,0.06356589147286822,0.07716049382716049,0.05956112852664577,0.03858520900321544,0.0991869918699187,0.025078369905956112,0.0781010719754977,0.08306709265175719,0.06991869918699187
2019,1,9,prevalence,0.012698412698412698,0.07011686143572621,0.07654723127035831,0.0732899022801303,0.057902973395931145,0.0778816199376947,0.0374414976599064,0.02254428341384863,0.07453416149068323,0.028037383177570093,0.06418918918918919,0.061224489795918366,0.05787781350482315,0.09752321981424149,0.07448494453248812,0.03727714748784441,0.03801652892561983,0.05116279069767442,0.06598984771573604,0.043689320388349516,0.07075471698113207,0.0761904761904762,0.11961722488038277,0.0825242718446602,0.07106598984771574,0.06933744221879815,0.04700162074554295,0.08031496062992126,0.057391304347826085,0.08842443729903537,0.07667731629392971,0.07286821705426356,0.07142857142857142,0.04885496183206107,0.056179775280898875,0.07251264755480608,0.12816691505216096,0.05345911949685535,0.06493506493506493,0.06070287539936102,0.09667673716012085,0.0694006309148265,0.07278481012658228,0.043333333333333335,0.059931506849315065,0.053712480252764615,0.09546925566343042,0.03993344425956739,0.0899830220713073,0.0554675118858954,0.027287319422150885,0.050080775444264945,0.07278481012658228,0.08054711246200608,0.05834683954619125,0.11265432098765432,0.061708860759493674,0.08846761453396525,0.07426597582037997,0.0578125,0.054817275747508304,0.08074534161490683,0.05108359133126935,0.045171339563862926,0.0695266272189349,0.0625,0.03225806451612903,0.10613598673300166,0.04516129032258064,0.06807131280388978,0.0893169877408056,0.03554868624420402,0.0657672849915683,0.014263074484944533,0.11345218800648298,0.08763693270735524,0.04383116883116883,0.12151067323481117,0.06677524429967427,0.06097560975609756,0.0896,0.06666666666666667,0.06487341772151899,0.03571428571428571,0.03114754098360656,0.05705229793977813,0.1024,0.061611374407582936,0.02922077922077922,0.07394957983193277,0.06635071090047394,0.08082408874801902,0.06190476190476191,0.05582137161084529,0.04953560371517028,0.05069124423963134,0.07605177993527508,0.08602150537634409,0.10188087774294671,0.05144694533762058,0.04333868378812199,0.1212624584717608,0.04930662557781202,0.09075342465753425,0.054602184087363496,0.07819548872180451,0.10576923076923077,0.05116279069767442,0.024752475247524754,0.07366771159874608,0.14285714285714285,0.06230031948881789,0.08250825082508251,0.07085346215780998,0.049586776859504134,0.04991680532445923,0.0852359208523592,0.04409448818897638,0.08681672025723473,0.05627009646302251,0.06132075471698113,0.056910569105691054,0.05737704918032787,0.048818897637795275,0.04975124378109453,0.0359375,0.028346456692913385,0.11853088480801335,0.07017543859649122,0.06875,0.05984251968503937,0.07072368421052631,0.07763975155279502,0.09897610921501707,0.13673805601317957,0.035256410256410256,0.03873239436619718,0.05354330708661417,0.10685805422647528,0.061488673139158574,0.0472972972972973,0.06913183279742766,0.06913183279742766,0.043076923076923075,0.07782672540381791,0.05457463884430177,0.10698365527488855,0.09394904458598727,0.11379310344827587,0.10518053375196232,0.06867671691792294,0.06645569620253164,0.07525083612040134,0.12121212121212122,0.048154093097913325,0.09228187919463088,0.10586319218241043,0.1140495867768595,0.055031446540880505,0.05573248407643312,0.12682926829268293,0.0672782874617737,0.08936825885978428,0.09531772575250837,0.0656,0.0656,0.0845771144278607,0.10248447204968944,0.051908396946564885,0.044481054365733116,0.03571428571428571,0.02936630602782071,0.047021943573667714,0.06605222734254992,0.010067114093959731,0.10016420361247948,0.04470198675496689,0.07605177993527508,0.033444816053511704,0.06699346405228758,0.0851063829787234,0.05442176870748299,0.08333333333333333,0.10702341137123746,0.0264797507788162,0.0239880059970015,0.06973058637083994,0.0472972972972973,0.056074766355140186,0.06568144499178982,0.03322784810126582,0.052132701421800945,0.06828528072837632,0.06750392464678179,0.0440251572327044,0.10048622366288493,0.023112480739599383,0.060882800608828,0.0660377358490566,0.05057096247960848
2020,1,9,prevalence,0.0224,0.05472636815920398,0.05663430420711974,0.08514190317195326,0.03225806451612903,0.057971014492753624,0.031201248049921998,0.01938610662358643,0.06278713629402756,0.02527646129541864,0.05360134003350084,0.042682926829268296,0.028286189683860232,0.08615384615384615,0.06995230524642289,0.03425774877650897,0.028052805280528052,0.038880248833592534,0.05593220338983051,0.031055900621118012,0.04952076677316294,0.04628099173553719,0.09724473257698542,0.07903225806451612,0.060034305317324184,0.05105105105105105,0.048818897637795275,0.07717041800643087,0.0667779632721202,0.07874015748031496,0.04754358161648178,0.059190031152647975,0.06570512820512821,0.03469079939668175,0.03815580286168521,0.05090311986863711,0.09969325153374232,0.046511627906976744,0.05137614678899083,0.053208137715179966,0.07022900763358779,0.060064935064935064,0.051696284329563816,0.044407894736842105,0.050933786078098474,0.0423861852433281,0.05806451612903226,0.031879194630872486,0.07035175879396985,0.0463258785942492,0.019230769230769232,0.043548387096774194,0.0698051948051948,0.0625,0.049019607843137254,0.0970873786407767,0.040257648953301126,0.06741573033707865,0.05181347150259067,0.04409448818897638,0.04340567612687813,0.08188976377952756,0.05608974358974359,0.03508771929824561,0.05621301775147929,0.049099836333878884,0.02664576802507837,0.087893864013267,0.04132231404958678,0.04746317512274959,0.07288135593220339,0.03639240506329114,0.05110732538330494,0.012598425196850394,0.07504078303425775,0.05388272583201268,0.0436817472698908,0.0861244019138756,0.047540983606557376,0.04900459418070444,0.07301587301587302,0.055,0.050078247261345854,0.03594771241830065,0.02702702702702703,0.061191626409017714,0.0799347471451876,0.05977382875605816,0.024193548387096774,0.06335616438356165,0.046801872074883,0.05745341614906832,0.05339805825242718,0.04326923076923077,0.04236006051437216,0.041033434650455926,0.07321131447587355,0.08668730650154799,0.07269789983844911,0.04754358161648178,0.0379746835443038,0.11221122112211221,0.04094488188976378,0.07345575959933222,0.04725609756097561,0.06717557251908397,0.08490566037735849,0.04665629860031104,0.01818181818181818,0.05451713395638629,0.0828125,0.04813664596273292,0.06446280991735537,0.07309486780715396,0.04208754208754209,0.03966942148760331,0.05801526717557252,0.034482758620689655,0.06060606060606061,0.05245346869712352,0.055379746835443035,0.03114754098360656,0.030744336569579287,0.038461538461538464,0.04942339373970346,0.033950617283950615,0.02403846153846154,0.08803986710963455,0.057722308892355696,0.041666666666666664,0.04897314375987362,0.05663430420711974,0.05993690851735016,0.06260296540362438,0.11348684210526316,0.02975206611570248,0.05804311774461028,0.04180064308681672,0.07547169811320754,0.05737704918032787,0.0429553264604811,0.07177814029363784,0.07177814029363784,0.04072398190045249,0.06646971935007386,0.03442879499217527,0.06791907514450866,0.08239095315024232,0.09612141652613827,0.08571428571428572,0.05718954248366013,0.05222734254992319,0.07201309328968904,0.10110584518167456,0.06050955414012739,0.07640067911714771,0.08255451713395638,0.0998389694041868,0.04866562009419152,0.0492845786963434,0.11219512195121951,0.04792332268370607,0.08931419457735247,0.07345575959933222,0.0685805422647528,0.0685805422647528,0.075,0.07033639143730887,0.045662100456621,0.04234527687296417,0.022913256955810146,0.029780564263322883,0.040880503144654086,0.0499219968798752,0.00338409475465313,0.07954545454545454,0.040336134453781515,0.061488673139158574,0.027777777777777776,0.06158833063209076,0.09223300970873786,0.03793103448275862,0.08513931888544891,0.05852842809364549,0.025157232704402517,0.02037617554858934,0.10301109350237718,0.05175292153589316,0.048,0.04854368932038835,0.0219435736677116,0.040453074433656956,0.04874213836477988,0.0660377358490566,0.030448717948717948,0.08372827804107424,0.015600624024960999,0.04225352112676056,0.05359877488514548,0.035483870967741936
2021,1,9,prevalence,0.027419354838709678,0.0451505016722408,0.04470198675496689,0.057724957555178265,0.035256410256410256,0.05405405405405406,0.04120443740095087,0.01910828025477707,0.04969879518072289,0.027156549520766772,0.03833333333333333,0.03265940902021773,0.026143790849673203,0.06431852986217458,0.05314009661835749,0.033707865168539325,0.024232633279483037,0.03400309119010819,0.05517241379310345,0.03317535545023697,0.040783034257748776,0.040983606557377046,0.0752,0.08090614886731391,0.05785123966942149,0.03821656050955414,0.0430622009569378,0.06635071090047394,0.05627009646302251,0.0858085808580858,0.0416,0.04975922953451043,0.061389337641357025,0.026986506746626688,0.049441786283891544,0.044189852700491,0.08868501529051988,0.03930817610062893,0.040892193308550186,0.03322784810126582,0.05909797822706065,0.04746317512274959,0.046474358974358976,0.04700162074554295,0.04631217838765009,0.03565891472868217,0.03943217665615142,0.03697183098591549,0.06206896551724138,0.04094488188976378,0.022435897435897436,0.031545741324921134,0.0625,0.04491017964071856,0.04133545310015898,0.08846761453396525,0.026687598116169546,0.05263157894736842,0.03672787979966611,0.03761755485893417,0.034129692832764506,0.06666666666666667,0.05654281098546042,0.02857142857142857,0.04813664596273292,0.037337662337662336,0.0220125786163522,0.059800664451827246,0.03600654664484452,0.03727714748784441,0.05930807248764415,0.026194144838212634,0.04647160068846816,0.009615384615384616,0.044407894736842105,0.04241435562805873,0.030349013657056147,0.06153846153846154,0.03685092127303183,0.038338658146964855,0.06386292834890965,0.04187604690117253,0.043010752688172046,0.024350649350649352,0.02666666666666667,0.05747126436781609,0.064,0.0451505016722408,0.01468189233278956,0.0423728813559322,0.02996845425867508,0.045941807044410414,0.03955696202531646,0.03125,0.03490136570561457,0.03533026113671275,0.05306799336650083,0.07573415765069552,0.07317073170731707,0.050314465408805034,0.060064935064935064,0.09344262295081968,0.0368,0.07580645161290323,0.033846153846153845,0.05598755832037325,0.0732824427480916,0.035541195476575124,0.00966183574879227,0.05180533751962323,0.06200317965023847,0.0421216848673947,0.05333333333333334,0.07484076433121019,0.031825795644891124,0.03273322422258593,0.0453857791225416,0.03536977491961415,0.06141732283464567,0.035175879396984924,0.0464,0.026446280991735537,0.018333333333333333,0.030303030303030304,0.03859060402684564,0.02245508982035928,0.02152317880794702,0.07768595041322314,0.04251968503937008,0.06761006289308176,0.03225806451612903,0.04574132492113565,0.05573248407643312,0.035541195476575124,0.06942148760330578,0.026936026936026935,0.04276315789473684,0.02635658914728682,0.0464,0.04318936877076412,0.0328719723183391,0.07389937106918239,0.07389937106918239,0.0310192023633678,0.05311077389984825,0.03035143769968051,0.057692307692307696,0.06765676567656766,0.07912457912457913,0.07448494453248812,0.04878048780487805,0.039619651347068144,0.06333333333333334,0.07941653160453808,0.06060606060606061,0.06313993174061433,0.04716981132075472,0.07425742574257425,0.029503105590062112,0.03955696202531646,0.08917197452229299,0.04032258064516129,0.08386075949367089,0.05025125628140704,0.0429042904290429,0.0429042904290429,0.06365159128978225,0.045813586097946286,0.039755351681957186,0.04111842105263158,0.02073365231259968,0.0249609984399376,0.03426791277258567,0.04213938411669368,0.005016722408026756,0.058084772370486655,0.03114754098360656,0.0490506329113924,0.02247191011235955,0.044233807266982623,0.08731466227347612,0.029259896729776247,0.0669710806697108,0.04180064308681672,0.017543859649122806,0.01694915254237288,0.08227848101265822,0.056666666666666664,0.042071197411003236,0.03770491803278689,0.015527950310559006,0.03425774877650897,0.061514195583596214,0.047619047619047616,0.03064516129032258,0.06031746031746032,0.0124804992199688,0.03937007874015748,0.048589341692789965,0.03286384976525822
2022,1,9,prevalence,0.02809917355371901,0.04047217537942664,0.03409090909090909,0.05218855218855219,0.026272577996715927,0.07236842105263158,0.05206738131699847,0.017133956386292833,0.05504587155963303,0.033950617283950615,0.026755852842809364,0.0297339593114241,0.02280130293159609,0.07585139318885449,0.05238095238095238,0.0420032310177706,0.020134228187919462,0.024539877300613498,0.0391156462585034,0.03129890453834116,0.02576489533011272,0.03758169934640523,0.058544303797468354,0.09667194928684628,0.05016722408026756,0.033123028391167195,0.05237315875613748,0.04897314375987362,0.04,0.0594059405940594,0.042789223454833596,0.040880503144654086,0.02702702702702703,0.032915360501567396,0.041390728476821195,0.03387096774193549,0.05572755417956656,0.03453689167974882,0.03663003663003663,0.027868852459016394,0.0492845786963434,0.03758169934640523,0.03881987577639751,0.03189792663476874,0.03316749585406302,0.030816640986132512,0.027777777777777776,0.0297723292469352,0.043993231810490696,0.040783034257748776,0.020634920634920634,0.023809523809523808,0.05128205128205128,0.036036036036036036,0.026438569206842923,0.07430340557275542,0.023696682464454975,0.03987240829346093,0.029079159935379646,0.028169014084507043,0.04482758620689655,0.052307692307692305,0.0624,0.022435897435897436,0.040625,0.02773246329526917,0.018691588785046728,0.04770017035775128,0.020967741935483872,0.028428093645484948,0.046583850931677016,0.014040561622464899,0.033391915641476276,0.008169934640522876,0.03678929765886288,0.0416,0.030534351145038167,0.052316890881913304,0.02385008517887564,0.0256,0.05564142194744977,0.03236797274275979,0.03912363067292645,0.016129032258064516,0.018581081081081082,0.04942339373970346,0.05306799336650083,0.03571428571428571,0.017377567140600316,0.03966942148760331,0.026604068857589983,0.04024767801857585,0.03225806451612903,0.021103896103896104,0.028963414634146343,0.03566121842496285,0.03904923599320883,0.06729264475743349,0.05211726384364821,0.04823151125401929,0.0642504118616145,0.066006600660066,0.027993779160186624,0.0698051948051948,0.028708133971291867,0.04552845528455285,0.07004470938897168,0.022764227642276424,0.011058451816745656,0.03576982892690513,0.044444444444444446,0.03755868544600939,0.04180602006688963,0.05203252032520325,0.023333333333333334,0.023064250411861616,0.04804804804804805,0.025039123630672927,0.06339144215530904,0.030252100840336135,0.03531300160513644,0.01794453507340946,0.009966777408637873,0.023622047244094488,0.03547297297297297,0.012139605462822459,0.016638935108153077,0.0625,0.03622047244094488,0.04496124031007752,0.0210016155088853,0.03296703296703297,0.04262295081967213,0.028523489932885907,0.06129032258064516,0.016638935108153077,0.05608974358974359,0.022257551669316374,0.046031746031746035,0.021103896103896104,0.028119507908611598,0.040257648953301126,0.040257648953301126,0.022288261515601784,0.04732824427480916,0.02247191011235955,0.04932735426008968,0.05823627287853577,0.06988352745424292,0.06430868167202572,0.04019292604501608,0.036334913112164295,0.06050420168067227,0.06016260162601626,0.050393700787401574,0.06050420168067227,0.03296703296703297,0.06026058631921824,0.02009273570324575,0.02830188679245283,0.06141732283464567,0.027914614121510674,0.08186195826645265,0.05324459234608985,0.0380794701986755,0.0380794701986755,0.04152823920265781,0.03840245775729647,0.03542673107890499,0.03305785123966942,0.009523809523809525,0.023809523809523808,0.023734177215189875,0.0361247947454844,0.00980392156862745,0.0484375,0.019230769230769232,0.0397456279809221,0.01904761904761905,0.03622047244094488,0.06570512820512821,0.02800658978583196,0.05417956656346749,0.03184713375796178,0.011326860841423949,0.012578616352201259,0.0484375,0.05042016806722689,0.03322784810126582,0.024077046548956663,0.012539184952978056,0.02702702702702703,0.050793650793650794,0.037209302325581395,0.026856240126382307,0.09612403100775194,0.009433962264150943,0.03317535545023697,0.04381846635367762,0.03129890453834116
2023,1,9,prevalence,0.03156146179401993,0.03453947368421053,0.0256,0.04409171075837742,0.023474178403755867,0.11993517017828201,0.06511627906976744,0.012598425196850394,0.048513302034428794,0.021021021021021023,0.01658374792703151,0.023291925465838508,0.014539579967689823,0.0871559633027523,0.03801652892561983,0.07062600321027288,0.014802631578947368,0.02092675635276532,0.04817275747508306,0.023961661341853034,0.01675041876046901,0.025437201907790145,0.05901116427432217,0.11745513866231648,0.043333333333333335,0.024193548387096774,0.03758169934640523,0.03475513428120063,0.03889789303079417,0.06732348111658457,0.041474654377880185,0.03186646433990895,0.03409090909090909,0.0430622009569378,0.050314465408805034,0.027156549520766772,0.04716981132075472,0.020061728395061727,0.01967799642218247,0.02773246329526917,0.03164556962025317,0.029411764705882353,0.032915360501567396,0.022435897435897436,0.022988505747126436,0.0171606864274571,0.018867924528301886,0.026041666666666668,0.02891156462585034,0.027463651050080775,0.03129890453834116,0.01639344262295082,0.03870967741935484,0.02457757296466974,0.02050473186119874,0.06031746031746032,0.015772870662460567,0.027642276422764227,0.02527646129541864,0.02472952086553323,0.04530201342281879,0.04245283018867924,0.047619047619047616,0.01468189233278956,0.0315955766192733,0.032362459546925564,0.01288244766505636,0.039586919104991396,0.0208,0.02155887230514096,0.03697996918335902,0.0112,0.020905923344947737,0.0016339869281045752,0.02145214521452145,0.02689873417721519,0.030864197530864196,0.047839506172839504,0.011589403973509934,0.02037617554858934,0.059907834101382486,0.01935483870967742,0.027243589743589744,0.009615384615384616,0.010273972602739725,0.09250398724082935,0.03642384105960265,0.027923211169284468,0.006201550387596899,0.03177257525083612,0.017080745341614908,0.025954198473282442,0.026729559748427674,0.013201320132013201,0.022970903522205207,0.02526002971768202,0.04975124378109453,0.05993690851735016,0.06504065040650407,0.03365384615384615,0.07881773399014778,0.061611374407582936,0.022292993630573247,0.09166666666666666,0.01951219512195122,0.03565640194489465,0.09062980030721966,0.02356902356902357,0.007751937984496124,0.036163522012578615,0.03782894736842105,0.032208588957055216,0.03398058252427184,0.04560810810810811,0.013201320132013201,0.012861736334405145,0.04264705882352941,0.01779935275080906,0.05732484076433121,0.021035598705501618,0.022653721682847898,0.012944983818770227,0.006578947368421052,0.03761755485893417,0.014657980456026058,0.00881057268722467,0.018518518518518517,0.04159733777038269,0.028125,0.0382262996941896,0.011400651465798045,0.023696682464454975,0.03387096774193549,0.020100502512562814,0.055379746835443035,0.016181229773462782,0.042993630573248405,0.01929260450160772,0.03767660910518053,0.023510971786833857,0.02531645569620253,0.02138157894736842,0.02138157894736842,0.018154311649016642,0.030063291139240507,0.0128,0.041158536585365856,0.04215851602023609,0.05714285714285714,0.056074766355140186,0.025356576862123614,0.024271844660194174,0.06109324758842444,0.04071661237785016,0.09553158705701079,0.048414023372287146,0.03215434083601286,0.0642504118616145,0.016975308641975308,0.02384737678855326,0.05993690851735016,0.019261637239165328,0.0859504132231405,0.041736227045075125,0.033277870216306155,0.033277870216306155,0.04153354632587859,0.03260869565217391,0.027597402597402596,0.022727272727272728,0.006201550387596899,0.0196078431372549,0.01904761904761905,0.03305785123966942,0.011725293132328308,0.03349282296650718,0.012841091492776886,0.022082018927444796,0.014516129032258065,0.05705229793977813,0.06230031948881789,0.01948051948051948,0.047839506172839504,0.027243589743589744,0.00644122383252818,0.0064,0.0421875,0.04355400696864112,0.022653721682847898,0.01732283464566929,0.015723270440251572,0.02027027027027027,0.057692307692307696,0.03358778625954199,0.0182648401826484,0.15384615384615385,0.00927357032457496,0.030864197530864196,0.028037383177570093,0.025396825396825397
2024,1,9,prevalence,0.01680672268907563,0.02800658978583196,0.01615508885298869,0.07014388489208633,0.025757575757575757,0.2445141065830721,0.056338028169014086,0.006420545746388443,0.08333333333333333,0.01943198804185351,0.014516129032258065,0.014308426073131956,0.012658227848101266,0.1044776119402985,0.021775544388609715,0.057722308892355696,0.011326860841423949,0.013595166163141994,0.05281090289608177,0.014586709886547812,0.011363636363636364,0.027597402597402596,0.050488599348534204,0.16774193548387098,0.0297029702970297,0.014729950900163666,0.04262295081967213,0.020440251572327043,0.025889967637540454,0.065,0.03215926493108729,0.015723270440251572,0.05501618122977346,0.0713128038897893,0.06359300476947535,0.0218408736349454,0.03225806451612903,0.01524390243902439,0.012152777777777778,0.01935483870967742,0.02332814930015552,0.022727272727272728,0.018121911037891267,0.009230769230769232,0.02138157894736842,0.012618296529968454,0.013782542113323124,0.017513134851138354,0.015050167224080268,0.01155115511551155,0.04120443740095087,0.009508716323296355,0.01631321370309951,0.01957831325301205,0.010752688172043012,0.0625,0.00463678516228748,0.01746031746031746,0.016819571865443424,0.022865853658536585,0.03885135135135135,0.030015797788309637,0.051643192488262914,0.011235955056179775,0.012718600953895072,0.026272577996715927,0.010852713178294573,0.03345070422535211,0.024429967426710098,0.014539579967689823,0.026239067055393587,0.00473186119873817,0.01517706576728499,0.001644736842105263,0.014950166112956811,0.014150943396226415,0.024806201550387597,0.04885496183206107,0.0017152658662092624,0.0109204368174727,0.04792332268370607,0.009787928221859706,0.019261637239165328,0.004784688995215311,0.006756756756756757,0.12400635930047695,0.024232633279483037,0.017035775127768313,0.0014903129657228018,0.014705882352941176,0.010752688172043012,0.016819571865443424,0.009708737864077669,0.009966777408637873,0.02009273570324575,0.01228878648233487,0.05970149253731343,0.0491283676703645,0.07933884297520662,0.02258064516129032,0.10426540284360189,0.0405616224648986,0.011041009463722398,0.08223684210526316,0.011345218800648298,0.025295109612141653,0.102803738317757,0.020134228187919462,0.004658385093167702,0.01592356687898089,0.022653721682847898,0.04141104294478527,0.02564102564102564,0.03166666666666667,0.011647254575707155,0.00974025974025974,0.0310192023633678,0.01610305958132045,0.06539074960127592,0.012738853503184714,0.017684887459807074,0.009478672985781991,0.0033222591362126247,0.02857142857142857,0.012598425196850394,0.004437869822485207,0.02356902356902357,0.02040816326530612,0.011093502377179081,0.05329153605015674,0.004966887417218543,0.0140625,0.023026315789473683,0.013289036544850499,0.059282371294851796,0.02113821138211382,0.039936102236421724,0.009478672985781991,0.021875,0.02037617554858934,0.018115942028985508,0.02145214521452145,0.02145214521452145,0.010174418604651164,0.020440251572327043,0.006389776357827476,0.0528,0.018302828618968387,0.11867088607594936,0.05826771653543307,0.010852713178294573,0.032,0.04769475357710652,0.01957585644371941,0.10387596899224806,0.0288135593220339,0.033123028391167195,0.07928802588996764,0.012519561815336464,0.02009273570324575,0.05116279069767442,0.00933125972006221,0.0891089108910891,0.02512562814070352,0.024671052631578948,0.024671052631578948,0.03398058252427184,0.0171606864274571,0.026490066225165563,0.014423076923076924,0.0061633281972265025,0.013605442176870748,0.015822784810126583,0.02195945945945946,0.015985790408525755,0.025236593059936908,0.006369426751592357,0.011041009463722398,0.0096,0.05016181229773463,0.09771986970684039,0.012944983818770227,0.042993630573248405,0.01751592356687898,0.004807692307692308,0.0031446540880503146,0.05457463884430177,0.059322033898305086,0.01726844583987441,0.0121580547112462,0.028125,0.013157894736842105,0.06313993174061433,0.01592356687898089,0.031496062992125984,0.27259036144578314,0.007716049382716049,0.03840245775729647,0.0192,0.028708133971291867
2025,1,9,prevalence,0.010238907849829351,0.02631578947368421,0.004807692307692308,0.0773286467486819,0.0218408736349454,0.3197389885807504,0.06280193236714976,0.00315955766192733,0.11635220125786164,0.004531722054380665,0.006420545746388443,0.006578947368421052,0.00782472613458529,0.13169984686064318,0.0049504950495049506,0.07244094488188976,0.004909983633387889,0.0061823802163833074,0.06984667802385008,0.007836990595611285,0.004792332268370607,0.00631911532385466,0.04318936877076412,0.22258064516129034,0.01935483870967742,0.003424657534246575,0.06633499170812604,0.0048,0.025682182985553772,0.08605851979345955,0.012195121951219513,0.0,0.06210191082802548,0.07213114754098361,0.07528641571194762,0.05984251968503937,0.033707865168539325,0.004629629629629629,0.0016339869281045752,0.011272141706924315,0.014173228346456693,0.0124804992199688,0.008223684210526315,0.022151898734177215,0.02358490566037736,0.00315955766192733,0.006069802731411229,0.01054481546572935,0.004815409309791332,0.010954616588419406,0.05040650406504065,0.007836990595611285,0.008090614886731391,0.009302325581395349,0.004694835680751174,0.13928012519561817,0.001564945226917058,0.00482315112540193,0.007704160246533128,0.012345679012345678,0.02975206611570248,0.020249221183800622,0.06309148264984227,0.004901960784313725,0.01098901098901099,0.011666666666666667,0.0076103500761035,0.02072538860103627,0.03262642740619902,0.009584664536741214,0.016105417276720352,0.0016051364365971107,0.008445945945945946,0.001652892561983471,0.004991680532445923,0.010769230769230769,0.02332814930015552,0.023696682464454975,0.0016778523489932886,0.0047694753577106515,0.08373590982286634,0.0,0.004792332268370607,0.0031496062992125984,0.0016778523489932886,0.130298273155416,0.014240506329113924,0.0,0.0,0.022653721682847898,0.006097560975609756,0.006309148264984227,0.001658374792703151,0.008130081300813009,0.00778816199376947,0.007575757575757576,0.08239095315024232,0.06687898089171974,0.0713128038897893,0.015723270440251572,0.15590551181102363,0.021538461538461538,0.004724409448818898,0.08737864077669903,0.0032948929159802307,0.008210180623973728,0.1578125,0.021052631578947368,0.0029985007496251873,0.007874015748031496,0.011326860841423949,0.045813586097946286,0.011128775834658187,0.01680672268907563,0.009950248756218905,0.0047169811320754715,0.03111111111111111,0.007898894154818325,0.06785137318255251,0.003105590062111801,0.011494252873563218,0.006201550387596899,0.0016420361247947454,0.040453074433656956,0.00946372239747634,0.0029542097488921715,0.029508196721311476,0.011884550084889643,0.00303951367781155,0.05087440381558029,0.004862236628849271,0.003194888178913738,0.011627906976744186,0.008305647840531562,0.0680379746835443,0.022222222222222223,0.03354632587859425,0.004629629629629629,0.014106583072100314,0.013266998341625208,0.005494505494505495,0.011764705882352941,0.011764705882352941,0.0,0.009569377990430622,0.004815409309791332,0.05237315875613748,0.0016339869281045752,0.16293929712460065,0.05045871559633028,0.0031446540880503146,0.037337662337662336,0.06379585326953748,0.0065040650406504065,0.12996941896024464,0.017241379310344827,0.03599374021909233,0.08780487804878048,0.006309148264984227,0.009230769230769232,0.0448,0.001589825119236884,0.12773109243697478,0.021848739495798318,0.027914614121510674,0.027914614121510674,0.05221518987341772,0.0031201248049922,0.0347682119205298,0.008025682182985553,0.003076923076923077,0.009966777408637873,0.004807692307692308,0.010067114093959731,0.013961605584642234,0.006622516556291391,0.001567398119122257,0.001557632398753894,0.0032258064516129032,0.03125,0.15409309791332262,0.0032626427406199023,0.02254428341384863,0.009202453987730062,0.0016155088852988692,0.003169572107765452,0.08239095315024232,0.07912457912457913,0.00644122383252818,0.0141287284144427,0.029874213836477988,0.008278145695364239,0.07413509060955518,0.004784688995215311,0.0256,0.4075187969924812,0.0048543689320388345,0.04173106646058733,0.007974481658692184,0.03194888178913738
