Time,age_start,age_end,measure,draw_0,draw_1,draw_2,draw_3,draw_4,draw_5,draw_6,draw_7,draw_8,draw_9,draw_10,draw_11,draw_12,draw_13,draw_14,draw_15,draw_16,draw_17,draw_18,draw_19,draw_20,draw_21,draw_22,draw_23,draw_24,draw_25,draw_26,draw_27,draw_28,draw_29,draw_30,draw_31,draw_32,draw_33,draw_34,draw_35,draw_36,draw_37,draw_38,draw_39,draw_40,draw_41,draw_42,draw_43,draw_44,draw_45,draw_46,draw_47,draw_48,draw_49,draw_50,draw_51,draw_52,draw_53,draw_54,draw_55,draw_56,draw_57,draw_58,draw_59,draw_60,draw_61,draw_62,draw_63,draw_64,draw_65,draw_66,draw_67,draw_68,draw_69,draw_70,draw_71,draw_72,draw_73,draw_74,draw_75,draw_76,draw_77,draw_78,draw_79,draw_80,draw_81,draw_82,draw_83,draw_84,draw_85,draw_86,draw_87,draw_88,draw_89,draw_90,draw_91,draw_92,draw_93,draw_94,draw_95,draw_96,draw_97,draw_98,draw_99,draw_100,draw_101,draw_102,draw_103,draw_104,draw_105,draw_106,draw_107,draw_108,draw_109,draw_110,draw_111,draw_112,draw_113,draw_114,draw_115,draw_116,draw_117,draw_118,draw_119,draw_120,draw_121,draw_122,draw_123,draw_124,draw_125,draw_126,draw_127,draw_128,draw_129,draw_130,draw_131,draw_132,draw_133,draw_134,draw_135,draw_136,draw_137,draw_138,draw_139,draw_140,draw_141,draw_142,draw_143,draw_144,draw_145,draw_146,draw_147,draw_148,draw_149,draw_150,draw_151,draw_152,draw_153,draw_154,draw_155,draw_156,draw_157,draw_158,draw_159,draw_160,draw_161,draw_162,draw_163,draw_164,draw_165,draw_166,draw_167,draw_168,draw_169,draw_170,draw_171,draw_172,draw_173,draw_174,draw_175,draw_176,draw_177,draw_178,draw_179,draw_180,draw_181,draw_182,draw_183,draw_184,draw_185,draw_186,draw_187,draw_188,draw_189,draw_190,draw_191,draw_192,draw_193,draw_194,draw_195,draw_196,draw_197,draw_198,draw_199
1996,1,9,prevalence,0.3001531393568147,0.2268370607028754,0.3099236641221374,0.3099236641221374,0.3073170731707317,0.2543171114599686,0.25117739403453687,0.2848297213622291,0.27014218009478674,0.2680577849117175,0.37936507936507935,0.270516717325228,0.26540284360189575,0.25920245398773006,0.32142857142857145,0.2656,0.28350515463917525,0.30547112462006076,0.23785594639865998,0.2668759811616955,0.34471544715447155,0.17973856209150327,0.31756756756756754,0.26,0.3145539906103286,0.3209677419354839,0.27967479674796747,0.21533442088091354,0.22277227722772278,0.18840579710144928,0.3419847328244275,0.3047001620745543,0.2688,0.3613312202852615,0.26348228043143296,0.30124223602484473,0.25846153846153846,0.11515151515151516,0.3021702838063439,0.2920634920634921,0.28156748911465895,0.2876506024096386,0.2650793650793651,0.22820919175911253,0.24180967238689546,0.24920127795527156,0.3069620253164557,0.21779141104294478,0.24486571879936808,0.3925233644859813,0.250384024577573,0.24552845528455283,0.1958266452648475,0.25483870967741934,0.3223787167449139,0.30030959752321984,0.2419871794871795,0.26515151515151514,0.2737341772151899,0.28292682926829266,0.30326594090202175,0.23510971786833856,0.31478770131771594,0.2137030995106036,0.2578616352201258,0.26198083067092653,0.22410865874363328,0.2934947049924357,0.2465277777777778,0.36984126984126986,0.24663677130044842,0.30428360413589367,0.2903225806451613,0.21035598705501618,0.30793650793650795,0.34006211180124224,0.2819314641744548,0.2946859903381642,0.2857142857142857,0.29121725731895226,0.25862068965517243,0.2604501607717042,0.2736318407960199,0.27182866556836904,0.23299319727891157,0.2536115569823435,0.21070234113712374,0.21617161716171618,0.2590759075907591,0.2740157480314961,0.262992125984252,0.24428571428571427,0.24299065420560748,0.22058823529411764,0.2786885245901639,0.24794745484400657,0.2757619738751814,0.2940226171243942,0.3151515151515151,0.23841059602649006,0.32300163132137033,0.22916666666666666,0.28177641653905056,0.25157232704402516,0.30387596899224806,0.2958860759493671,0.3572567783094099,0.25113464447806355,0.29064039408866993,0.28365384615384615,0.3824503311258278,0.32576985413290116,0.2204968944099379,0.33506044905008636,0.2717391304347826,0.3213166144200627,0.3213166144200627,0.3213166144200627,0.344,0.3382352941176471,0.21907600596125187,0.23273273273273273,0.3763440860215054,0.28821656050955413,0.30210016155088854,0.3148148148148148,0.18664643399089528,0.2859375,0.28708133971291866,0.28173374613003094,0.2834890965732087,0.22169811320754718,0.22169811320754718,0.25949367088607594,0.3105590062111801,0.2848101265822785,0.26291079812206575,0.28996865203761757,0.29107981220657275,0.2556053811659193,0.38330757341576505,0.3257229832572298,0.3257229832572298,0.3395931142410016,0.3111111111111111,0.1953125,0.3102362204724409,0.2110939907550077,0.2708018154311649,0.3037037037037037,0.2599388379204893,0.2552504038772213,0.3504132231404959,0.23374613003095976,0.21226415094339623,0.32310177705977383,0.30198019801980197,0.32263242375601925,0.3024,0.284329563812601,0.24458204334365324,0.34590163934426227,0.2900641025641026,0.22325581395348837,0.32516339869281047,0.27447833065810595,0.3462132921174652,0.33607907742998355,0.3652312599681021,0.3037974683544304,0.2197452229299363,0.33658536585365856,0.30236486486486486,0.2649434571890145,0.30625,0.25077399380804954,0.232,0.4426229508196721,0.2527646129541864,0.2527646129541864,0.22815533980582525,0.21068249258160238,0.23599320882852293,0.26626323751891073,0.28205128205128205,0.3079416531604538,0.2960122699386503,0.24635332252836303,0.3318112633181126,0.2564935064935065,0.2772727272727273,0.29204892966360857,0.2555205047318612,0.3261538461538461,0.26247987117552335,0.28818897637795277,0.3364632237871675,0.3523076923076923,0.1885245901639344,0.2684049079754601
1997,1,9,prevalence,0.3919354838709677,0.2532894736842105,0.31683168316831684,0.31683168316831684,0.3079416531604538,0.34076433121019106,0.30210016155088854,0.2861685214626391,0.2943089430894309,0.33223684210526316,0.3592233009708738,0.31061806656101426,0.2504012841091493,0.21505376344086022,0.28052805280528054,0.26166666666666666,0.300509337860781,0.320695102685624,0.3123877917414722,0.26366559485530544,0.3300653594771242,0.2847682119205298,0.3024054982817869,0.31369426751592355,0.32710280373831774,0.2993421052631579,0.3701188455008489,0.24701873935264054,0.243006993006993,0.30377668308702793,0.33497536945812806,0.3273615635179153,0.2643312101910828,0.3202614379084967,0.2772585669781931,0.362012987012987,0.39933444259567386,0.2631578947368421,0.3367521367521368,0.3228476821192053,0.25892857142857145,0.34930448222565685,0.33125,0.2727272727272727,0.30095541401273884,0.23014586709886548,0.29079159935379645,0.267741935483871,0.22564935064935066,0.2996742671009772,0.39209225700164746,0.24292845257903495,0.27495908346972175,0.34133790737564323,0.3191489361702128,0.31150159744408945,0.2545155993431856,0.3060897435897436,0.3375796178343949,0.3162251655629139,0.29523809523809524,0.343801652892562,0.2731411229135053,0.27166666666666667,0.3160453808752026,0.2152317880794702,0.29739130434782607,0.33811802232854865,0.27845884413309985,0.34477124183006536,0.2942989214175655,0.3541033434650456,0.3136,0.271356783919598,0.26580226904376014,0.3476190476190476,0.28733766233766234,0.37623762376237624,0.3126934984520124,0.34235668789808915,0.35478806907378335,0.2934232715008432,0.24369747899159663,0.2913907284768212,0.30141843971631205,0.21630615640599002,0.2452504317789292,0.37436762225969644,0.30130293159609123,0.3295638126009693,0.303125,0.2969230769230769,0.28013029315960913,0.32593856655290104,0.3394216133942161,0.31825795644891125,0.28771384136858474,0.3838383838383838,0.3116279069767442,0.3754152823920266,0.31732418524871353,0.27450980392156865,0.3536,0.3522727272727273,0.3296,0.31160572337042924,0.38605442176870747,0.3421875,0.30718954248366015,0.385502471169687,0.3418803418803419,0.31343283582089554,0.28976377952755905,0.30120481927710846,0.36764705882352944,0.40445859872611467,0.40445859872611467,0.40445859872611467,0.3470031545741325,0.4214046822742475,0.271585557299843,0.2706766917293233,0.3,0.2924071082390953,0.313458262350937,0.34235668789808915,0.30288461538461536,0.30960264900662254,0.31968503937007875,0.24306688417618272,0.29983792544570503,0.31484502446982054,0.31484502446982054,0.31239669421487604,0.25949367088607594,0.3070739549839228,0.36935483870967745,0.27948303715670436,0.3469055374592834,0.34609250398724084,0.33494363929146537,0.3271604938271605,0.3271604938271605,0.30497592295345105,0.36331569664902996,0.3104,0.3592233009708738,0.2928,0.3111111111111111,0.33746130030959753,0.37209302325581395,0.27993527508090615,0.31864406779661014,0.1899159663865546,0.2755775577557756,0.3360258481421648,0.33277591973244147,0.3268608414239482,0.37104825291181365,0.32558139534883723,0.2282958199356913,0.2946127946127946,0.2978723404255319,0.274294670846395,0.3177892918825561,0.2854757929883139,0.3360927152317881,0.25728987993138935,0.2956081081081081,0.38349514563106796,0.3632075471698113,0.36666666666666664,0.3274647887323944,0.338409475465313,0.2945990180032733,0.358695652173913,0.39546191247974066,0.3582608695652174,0.3475409836065574,0.3475409836065574,0.30755711775043937,0.24569640062597808,0.3865979381443299,0.2841269841269841,0.28594771241830064,0.3656462585034014,0.32334384858044163,0.2951096121416526,0.4141732283464567,0.2887788778877888,0.36477987421383645,0.2934609250398724,0.30448717948717946,0.2546875,0.3101160862354892,0.2838499184339315,0.2969004893964111,0.31738437001594894,0.23102866779089376,0.33653846153846156
1998,1,9,prevalence,0.2785829307568438,0.23450586264656617,0.2297734627831715,0.2297734627831715,0.26384364820846906,0.3201267828843106,0.29233226837060705,0.20634920634920634,0.3622704507512521,0.3448275862068966,0.2527646129541864,0.3022151898734177,0.22988505747126436,0.15582450832072617,0.24958677685950414,0.30392156862745096,0.29845626072041165,0.24213836477987422,0.21699819168173598,0.29549248747913187,0.21252059308072488,0.3207236842105263,0.2687074829931973,0.2805071315372425,0.3055555555555556,0.2360655737704918,0.34974533106960953,0.25493421052631576,0.2322357019064125,0.32741935483870965,0.23809523809523808,0.31875,0.284789644012945,0.21669341894060995,0.24648985959438377,0.32463295269168024,0.3029801324503311,0.4707740916271722,0.264026402640264,0.3056910569105691,0.3411420204978038,0.259375,0.2846034214618974,0.2436548223350254,0.3403225806451613,0.16451612903225807,0.2416,0.22383252818035426,0.2137030995106036,0.2208,0.3322475570032573,0.2845117845117845,0.2662337662337662,0.2895622895622896,0.3048211508553655,0.21809369951534732,0.2158154859967051,0.2766295707472178,0.2353896103896104,0.27058823529411763,0.31511254019292606,0.4056291390728477,0.26686656671664166,0.30983606557377047,0.25943396226415094,0.2079866888519135,0.30413223140495865,0.3108974358974359,0.23367697594501718,0.26,0.284375,0.2576219512195122,0.2887096774193548,0.28859060402684567,0.2233169129720854,0.26996805111821087,0.28821656050955413,0.3299319727891156,0.28482003129890454,0.30491803278688523,0.26357827476038337,0.32605042016806723,0.16,0.31069609507640067,0.2946127946127946,0.1804635761589404,0.2233502538071066,0.2778702163061564,0.28253968253968254,0.2739059967585089,0.24077046548956663,0.2731554160125589,0.2529313232830821,0.2708333333333333,0.2770167427701674,0.2905844155844156,0.2846034214618974,0.2975206611570248,0.2689210950080515,0.39419795221843,0.3219178082191781,0.2591973244147157,0.3245341614906832,0.2587646076794658,0.2625607779578606,0.2288,0.2874354561101549,0.3027950310559006,0.38621794871794873,0.3509933774834437,0.30287648054145516,0.3772954924874791,0.24918032786885247,0.22773972602739725,0.2639751552795031,0.3333333333333333,0.3333333333333333,0.3333333333333333,0.31496062992125984,0.35914332784184516,0.2317262830482115,0.3881278538812785,0.31211180124223603,0.25821596244131456,0.32569558101472995,0.28056426332288403,0.32310177705977383,0.26611570247933886,0.2885496183206107,0.25949367088607594,0.3075684380032206,0.2915980230642504,0.2915980230642504,0.3014586709886548,0.2848,0.2733333333333333,0.2709677419354839,0.24110032362459546,0.28135593220338984,0.2889983579638752,0.27463651050080773,0.27569331158238175,0.27569331158238175,0.24433656957928804,0.3350877192982456,0.27419354838709675,0.34,0.2169657422512235,0.254746835443038,0.2823712948517941,0.241112828438949,0.31758957654723124,0.2692967409948542,0.17833333333333334,0.24074074074074073,0.23076923076923078,0.25675675675675674,0.26554621848739496,0.3383333333333333,0.2660098522167488,0.23948220064724918,0.21986970684039087,0.27892234548335976,0.2938388625592417,0.23570190641247835,0.22804054054054054,0.2268041237113402,0.19420783645655879,0.1930116472545757,0.3338709677419355,0.39184952978056425,0.334913112164297,0.26737967914438504,0.2932454695222405,0.2425249169435216,0.3580441640378549,0.42476489028213166,0.30084033613445377,0.3133116883116883,0.3133116883116883,0.33220910623946037,0.2780337941628264,0.34121621621621623,0.21951219512195122,0.18137254901960784,0.2893835616438356,0.24324324324324326,0.2534965034965035,0.35093167701863354,0.22167487684729065,0.28976377952755905,0.275974025974026,0.2459546925566343,0.2564885496183206,0.3073089700996678,0.2731707317073171,0.24675324675324675,0.29082426127527217,0.23232323232323232,0.30250783699059564
1999,1,9,prevalence,0.2578125,0.2990353697749196,0.26066350710900477,0.26066350710900477,0.20450885668276972,0.25493421052631576,0.26929392446633826,0.19938650306748465,0.26158940397350994,0.2972536348949919,0.180623973727422,0.2714285714285714,0.28,0.1095679012345679,0.21124361158432708,0.26053042121684866,0.27101200686106347,0.19809825673534073,0.2302158273381295,0.21922428330522767,0.16938110749185667,0.3187702265372168,0.24528301886792453,0.22948073701842547,0.21981424148606812,0.19312602291325695,0.32081911262798635,0.257001647446458,0.2427843803056027,0.2846034214618974,0.15562913907284767,0.21540880503144655,0.23064770932069512,0.18469217970049917,0.24050632911392406,0.31382113821138213,0.26916802610114193,0.3942766295707472,0.266347687400319,0.26688102893890675,0.25844346549192365,0.23556231003039513,0.2839506172839506,0.2157190635451505,0.2431561996779388,0.17846153846153845,0.2294022617124394,0.1768595041322314,0.208955223880597,0.17857142857142858,0.22479338842975208,0.2847457627118644,0.24713584288052373,0.18181818181818182,0.2585139318885449,0.18298555377207062,0.1353135313531353,0.25,0.28502415458937197,0.2766323024054983,0.2878289473684211,0.34731543624161076,0.17058823529411765,0.3083067092651757,0.22919937205651492,0.21,0.33221476510067116,0.2222222222222222,0.25493421052631576,0.20729684908789386,0.24115755627009647,0.2237442922374429,0.24880382775119617,0.22393162393162394,0.19205298013245034,0.1804635761589404,0.22843450479233227,0.20588235294117646,0.2125984251968504,0.2687296416938111,0.2039151712887439,0.3242784380305603,0.1353637901861252,0.31552587646076796,0.22613065326633167,0.10756302521008404,0.20268006700167504,0.31118314424635335,0.22870662460567823,0.26411960132890366,0.1987075928917609,0.24328593996840442,0.3014827018121911,0.2647058823529412,0.2124031007751938,0.2222222222222222,0.2919254658385093,0.1932367149758454,0.24444444444444444,0.27712854757929883,0.25671140939597314,0.23344947735191637,0.2919254658385093,0.30017152658662094,0.18600953895071543,0.17111459968602827,0.25752508361204013,0.28109854604200324,0.2303839732888147,0.2635135135135135,0.2981574539363484,0.31986531986531985,0.2461799660441426,0.19931856899488926,0.1943127962085308,0.32263242375601925,0.32263242375601925,0.32263242375601925,0.23349436392914655,0.3268608414239482,0.2193126022913257,0.3238805970149254,0.33281972265023113,0.25356576862123614,0.18166666666666667,0.2480127186009539,0.32802547770700635,0.27056962025316456,0.3075684380032206,0.2669826224328594,0.2996845425867508,0.264026402640264,0.264026402640264,0.27124183006535946,0.24461538461538462,0.19458544839255498,0.21371610845295055,0.22601626016260162,0.2580101180438449,0.2988313856427379,0.2318840579710145,0.35108153078202997,0.35108153078202997,0.30385852090032156,0.23801065719360567,0.2224,0.2943089430894309,0.20261437908496732,0.2496,0.25188536953242835,0.22610015174506828,0.25,0.22165820642978004,0.17863105175292154,0.225752508361204,0.2268370607028754,0.16282894736842105,0.21324717285945072,0.29652996845425866,0.17128874388254486,0.26833073322932915,0.25884244372990356,0.25118483412322273,0.2766295707472178,0.1423728813559322,0.24052718286655683,0.1546218487394958,0.17478991596638654,0.14189189189189189,0.2859450726978998,0.34408602150537637,0.26146788990825687,0.23487544483985764,0.2483221476510067,0.19112627986348124,0.2839506172839506,0.2900641025641026,0.18717504332755633,0.3252818035426731,0.3252818035426731,0.29605263157894735,0.28637059724349156,0.3010033444816054,0.18740157480314962,0.12218649517684887,0.2504118616144975,0.21904761904761905,0.2961730449251248,0.2578125,0.22838499184339314,0.24600638977635783,0.20949263502454993,0.26384364820846906,0.3114503816793893,0.26986754966887416,0.2597402597402597,0.2448,0.21116138763197587,0.14469453376205788,0.29310344827586204
2000,1,9,prevalence,0.17209302325581396,0.3502454991816694,0.22535211267605634,0.22535211267605634,0.1674641148325359,0.18012422360248448,0.26677577741407527,0.15870570107858242,0.24552845528455283,0.20261437908496732,0.16498316498316498,0.25283630470016205,0.2897350993377483,0.11944869831546708,0.17717206132879046,0.27682737169517885,0.22469982847341338,0.21153846153846154,0.2147887323943662,0.21452702702702703,0.1064891846921797,0.2152317880794702,0.25894378194207834,0.22462562396006655,0.1702127659574468,0.11824324324324324,0.2916666666666667,0.26721311475409837,0.20695652173913043,0.25585023400936036,0.1152542372881356,0.15203761755485892,0.24922118380062305,0.2175379426644182,0.18914728682170542,0.25120772946859904,0.2882447665056361,0.25040650406504067,0.24328593996840442,0.21103896103896103,0.25696594427244585,0.20748829953198128,0.23932926829268292,0.1938610662358643,0.17731629392971246,0.17757009345794392,0.18962722852512157,0.13036565977742448,0.17637540453074432,0.12957317073170732,0.17637271214642264,0.2202572347266881,0.2633279483037157,0.1416803953871499,0.1828125,0.18847352024922118,0.08,0.14715189873417722,0.28664495114006516,0.2809364548494983,0.18196994991652754,0.3116438356164384,0.16869300911854104,0.21634615384615385,0.23125,0.25121555915721233,0.32450331125827814,0.1856,0.25,0.21906354515050167,0.26229508196721313,0.23860182370820668,0.20476190476190476,0.22547332185886404,0.1767515923566879,0.18456375838926176,0.25356576862123614,0.21241830065359477,0.15037593984962405,0.2268370607028754,0.21372854914196568,0.28618968386023297,0.09899328859060402,0.3268608414239482,0.24363057324840764,0.10120068610634649,0.16778523489932887,0.22168284789644013,0.1907051282051282,0.20723684210526316,0.21371610845295055,0.26282051282051283,0.2367549668874172,0.28716216216216217,0.2563718140929535,0.24761904761904763,0.3173374613003096,0.15031645569620253,0.2520064205457464,0.21262458471760798,0.19932998324958123,0.2243150684931507,0.2689335394126739,0.22375215146299485,0.27184466019417475,0.15024232633279483,0.21768707482993196,0.2877813504823151,0.21147540983606558,0.19008264462809918,0.28859060402684567,0.2932454695222405,0.29931972789115646,0.20450885668276972,0.1755485893416928,0.29200652528548127,0.29200652528548127,0.29200652528548127,0.20512820512820512,0.2567783094098884,0.2459546925566343,0.2557427258805513,0.32866043613707163,0.21528861154446177,0.20287539936102236,0.22953451043338685,0.2818471337579618,0.325,0.27682737169517885,0.2649434571890145,0.2848297213622291,0.27580645161290324,0.27580645161290324,0.24237560192616373,0.19370078740157481,0.20065789473684212,0.20228384991843393,0.22727272727272727,0.25963149078726966,0.2663230240549828,0.24267100977198697,0.3305227655986509,0.3305227655986509,0.23519736842105263,0.2189655172413793,0.2427652733118971,0.2427652733118971,0.23361344537815126,0.24921630094043887,0.25718608169440244,0.23266563944530047,0.24878836833602586,0.2157190635451505,0.21680672268907564,0.17567567567567569,0.20583468395461912,0.15705128205128205,0.17041800643086816,0.2621664050235479,0.155,0.328,0.2639344262295082,0.1942215088282504,0.2170418006430868,0.1342281879194631,0.22950819672131148,0.17845117845117844,0.19256756756756757,0.1299342105263158,0.24098360655737705,0.2661654135338346,0.21060842433697347,0.18608695652173912,0.23548922056384744,0.14211438474870017,0.23696682464454977,0.21333333333333335,0.1717171717171717,0.2702265372168285,0.2702265372168285,0.21674876847290642,0.29685157421289354,0.2603448275862069,0.2512,0.11930926216640503,0.25163398692810457,0.2111111111111111,0.346218487394958,0.1763779527559055,0.26101141924959215,0.180623973727422,0.1642512077294686,0.20385232744783308,0.28017883755588674,0.29373996789727125,0.2222222222222222,0.2643312101910828,0.16615853658536586,0.1166936790923825,0.17138364779874213
2001,1,9,prevalence,0.130568356374808,0.2605177993527508,0.23854660347551343,0.23854660347551343,0.1598694942903752,0.17795275590551182,0.22795341098169716,0.1918876755070203,0.23993558776167473,0.2012987012987013,0.19696969696969696,0.25801282051282054,0.22975206611570248,0.10426540284360189,0.21616871704745166,0.25796178343949044,0.16166666666666665,0.3001605136436597,0.24451939291736932,0.25811965811965815,0.1930116472545757,0.16501650165016502,0.24623115577889448,0.18381112984822934,0.16314199395770393,0.10050251256281408,0.21311475409836064,0.2487644151565074,0.1996615905245347,0.21417565485362094,0.11532125205930807,0.10526315789473684,0.29777070063694266,0.1646655231560892,0.16264090177133655,0.25771604938271603,0.21829855537720708,0.18679549114331723,0.2527131782945736,0.1826771653543307,0.2052469135802469,0.16233766233766234,0.21021021021021022,0.15166666666666667,0.18571428571428572,0.16536661466458658,0.1838006230529595,0.15584415584415584,0.16826923076923078,0.12982998454404945,0.18107667210440456,0.1932367149758454,0.272,0.17174959871589085,0.1947449768160742,0.26148969889064977,0.1361344537815126,0.18719211822660098,0.2471169686985173,0.32838283828382836,0.247557003257329,0.25252525252525254,0.13671274961597543,0.12682926829268293,0.27414330218068533,0.20132013201320131,0.2909090909090909,0.17341977309562398,0.2268370607028754,0.23289902280130292,0.20650406504065041,0.2662440570522979,0.21484992101105846,0.23089983022071306,0.215625,0.21661237785016288,0.22100313479623823,0.22185970636215335,0.18731117824773413,0.2169657422512235,0.2807570977917981,0.19262981574539365,0.07550335570469799,0.1964573268921095,0.247244094488189,0.10152284263959391,0.16091954022988506,0.2033898305084746,0.18225806451612903,0.18790849673202614,0.22575516693163752,0.26282051282051283,0.15268456375838926,0.31197301854974707,0.27987897125567324,0.2902711323763955,0.2957957957957958,0.15254237288135594,0.26366559485530544,0.16611842105263158,0.2633390705679862,0.17922948073701842,0.2827476038338658,0.17043478260869566,0.21359223300970873,0.12580645161290321,0.22487223168654175,0.2302839116719243,0.23471074380165288,0.250788643533123,0.4080645161290323,0.33278418451400327,0.33390705679862304,0.25577812018489987,0.16013071895424835,0.28414442700156983,0.28414442700156983,0.28414442700156983,0.24516129032258063,0.21788617886178863,0.22601626016260162,0.19598765432098766,0.3588516746411483,0.19078947368421054,0.2507936507936508,0.2618657937806874,0.2640901771336554,0.3184,0.33229329173166927,0.26738794435857804,0.3051643192488263,0.23089171974522293,0.23089171974522293,0.2608695652173913,0.3108320251177394,0.2296416938110749,0.17792421746293247,0.22150882825040127,0.29914529914529914,0.2643478260869565,0.2,0.3217993079584775,0.3217993079584775,0.25,0.19080068143100512,0.25745682888540034,0.21904761904761905,0.19166666666666668,0.24164133738601823,0.2859304084720121,0.18238993710691823,0.22115384615384615,0.22758620689655173,0.29200652528548127,0.20234113712374582,0.22564935064935066,0.2272,0.19055374592833876,0.3418940609951846,0.13162118780096307,0.26953748006379585,0.24098360655737705,0.17363344051446947,0.20064724919093851,0.19864176570458403,0.2966507177033493,0.1467116357504216,0.21311475409836064,0.14261460101867574,0.1233974358974359,0.22033898305084745,0.2087227414330218,0.19863013698630136,0.2009966777408638,0.15371024734982333,0.23397435897435898,0.15397350993377484,0.11478260869565217,0.2876480541455161,0.2876480541455161,0.22990353697749197,0.2553191489361702,0.23745819397993312,0.20987654320987653,0.09049079754601227,0.2721518987341772,0.1772357723577236,0.2775974025974026,0.11128526645768025,0.20826446280991737,0.15559157212317667,0.1388888888888889,0.20689655172413793,0.26275115919629055,0.1732283464566929,0.33825944170771755,0.2900641025641026,0.1750380517503805,0.15282392026578073,0.22945736434108527
2002,1,9,prevalence,0.14420062695924765,0.1815126050420168,0.2802547770700637,0.2802547770700637,0.14214046822742474,0.15007656967840735,0.22009569377990432,0.25588697017268447,0.28733766233766234,0.16474464579901152,0.1404399323181049,0.27414330218068533,0.22861842105263158,0.143317230273752,0.30700179533213645,0.24918032786885247,0.1927512355848435,0.31209150326797386,0.2026578073089701,0.25164473684210525,0.2742200328407225,0.15435139573070608,0.2462809917355372,0.14893617021276595,0.1638846737481032,0.14772727272727273,0.16086235489220563,0.3031301482701812,0.15346534653465346,0.18292682926829268,0.10217755443886097,0.06354009077155824,0.28837209302325584,0.1628721541155867,0.0912,0.1945288753799392,0.221875,0.17591125198098256,0.249597423510467,0.2266881028938907,0.2265625,0.15483870967741936,0.17585692995529062,0.23027375201288244,0.18688524590163935,0.1636085626911315,0.17727272727272728,0.16830065359477125,0.20853858784893267,0.12680577849117175,0.17077175697865354,0.215748031496063,0.2124600638977636,0.2463295269168026,0.24311926605504589,0.30818619582664525,0.2032258064516129,0.18810289389067525,0.2057335581787521,0.3847376788553259,0.3177257525083612,0.23491027732463296,0.1271860095389507,0.12012987012987013,0.24486571879936808,0.21833333333333332,0.22885572139303484,0.24207011686143573,0.1951219512195122,0.34134615384615385,0.24836601307189543,0.1993517017828201,0.1875,0.2181208053691275,0.2721417069243156,0.1650485436893204,0.24960254372019078,0.22764227642276422,0.14329268292682926,0.1630971993410214,0.27426810477657937,0.1523972602739726,0.12353923205342238,0.19249592169657423,0.1791277258566978,0.14451827242524917,0.16885245901639345,0.18701700154559506,0.18269230769230768,0.2878289473684211,0.26163723916532905,0.2607260726072607,0.1523972602739726,0.31960461285008235,0.33779761904761907,0.228099173553719,0.2852760736196319,0.2006220839813375,0.24207011686143573,0.14332247557003258,0.30434782608695654,0.1645367412140575,0.2538940809968847,0.1335676625659051,0.16417910447761194,0.18137254901960784,0.24612736660929432,0.1650943396226415,0.1742671009771987,0.24143302180685358,0.36097560975609755,0.2649434571890145,0.2935153583617747,0.2571428571428571,0.12845528455284552,0.3189102564102564,0.3189102564102564,0.3189102564102564,0.21035058430717862,0.1968,0.25895765472312704,0.2542113323124043,0.3215434083601286,0.16775244299674266,0.2125984251968504,0.25208681135225375,0.2561174551386623,0.3154471544715447,0.24773413897280966,0.2440944881889764,0.2630744849445325,0.22019867549668873,0.22019867549668873,0.19292604501607716,0.27129337539432175,0.23500810372771475,0.19249592169657423,0.23076923076923078,0.26057529610829105,0.2698961937716263,0.315955766192733,0.29246935201401053,0.29246935201401053,0.24874791318864775,0.17457627118644067,0.191131498470948,0.1613394216133942,0.20504201680672268,0.3142857142857143,0.25149700598802394,0.15789473684210525,0.16614420062695925,0.2167235494880546,0.3811074918566775,0.2441077441077441,0.20930232558139536,0.2213375796178344,0.22899505766062603,0.34775641025641024,0.09470304975922954,0.24077046548956663,0.20739549839228297,0.18578352180936994,0.2132701421800948,0.18976897689768976,0.2410575427682737,0.10172413793103448,0.2146341463414634,0.1163575042158516,0.14563106796116504,0.1549079754601227,0.18167456556082148,0.18760469011725292,0.14383561643835616,0.1195079086115993,0.20496894409937888,0.17045454545454544,0.1266891891891892,0.31484502446982054,0.31484502446982054,0.2627388535031847,0.23124042879019907,0.19,0.24841772151898733,0.1346749226006192,0.30269413629160064,0.23125996810207336,0.2552166934189406,0.10108864696734059,0.21052631578947367,0.13008130081300814,0.12025316455696203,0.165625,0.25925925925925924,0.15023474178403756,0.3963210702341137,0.3089171974522293,0.15870570107858242,0.1473851030110935,0.24923076923076923
2003,1,9,prevalence,0.16300940438871472,0.16202945990180032,0.28292682926829266,0.28292682926829266,0.1891891891891892,0.1043613707165109,0.21273031825795644,0.22906793048973143,0.2896,0.15508885298869143,0.14285714285714285,0.28861154446177845,0.19131832797427653,0.20347003154574134,0.3197158081705151,0.2225859247135843,0.24025974025974026,0.19834710743801653,0.15384615384615385,0.21368948247078465,0.38263665594855306,0.09385113268608414,0.2879746835443038,0.1407035175879397,0.20684292379471228,0.22975206611570248,0.1494057724957555,0.3344155844155844,0.13709677419354838,0.13608562691131498,0.12998266897746968,0.0700152207001522,0.23943661971830985,0.18890814558058924,0.10526315789473684,0.15454545454545454,0.21565495207667731,0.11885895404120443,0.28525641025641024,0.2680577849117175,0.30745341614906835,0.13522012578616352,0.1689497716894977,0.22953451043338685,0.17445482866043613,0.19054878048780488,0.13719512195121952,0.1328,0.20418006430868169,0.13738019169329074,0.17179902755267423,0.1752411575562701,0.1553398058252427,0.2332214765100671,0.25235109717868337,0.3387358184764992,0.18225806451612903,0.16826923076923078,0.1541095890410959,0.2754777070063694,0.27346278317152106,0.21439749608763695,0.1568627450980392,0.17419354838709677,0.22720247295208656,0.1919191919191919,0.1758957654723127,0.21555915721231766,0.2015873015873016,0.36918138041733545,0.20684039087947884,0.18670886075949367,0.17620481927710843,0.24794745484400657,0.296474358974359,0.2380191693290735,0.23500810372771475,0.21621621621621623,0.1299093655589124,0.18896321070234115,0.23932926829268292,0.13620689655172413,0.17863105175292154,0.21746031746031746,0.17113095238095238,0.1939799331103679,0.11889250814332247,0.1728395061728395,0.1339712918660287,0.37094017094017095,0.24558587479935795,0.23294509151414308,0.17421602787456447,0.27569331158238175,0.3102409638554217,0.20739549839228297,0.312210200927357,0.2096273291925466,0.23499142367066894,0.17432646592709986,0.36212624584717606,0.18124006359300476,0.2099533437013997,0.16049382716049382,0.23220338983050848,0.23450586264656617,0.25,0.13174603174603175,0.1531986531986532,0.19936708860759494,0.2785016286644951,0.31290322580645163,0.23946037099494097,0.22291993720565148,0.10987261146496816,0.3652037617554859,0.3652037617554859,0.3652037617554859,0.19732441471571907,0.16850393700787403,0.2835570469798658,0.21571648690292758,0.28317152103559873,0.17845659163987138,0.1926163723916533,0.2562814070351759,0.2263843648208469,0.2988871224165342,0.2526158445440957,0.2630744849445325,0.1610305958132045,0.23025210084033612,0.23025210084033612,0.20096463022508038,0.2888198757763975,0.2,0.22926829268292684,0.24519230769230768,0.30198019801980197,0.252991452991453,0.3599374021909233,0.33158813263525305,0.33158813263525305,0.3933333333333333,0.1939799331103679,0.18153846153846154,0.11182108626198083,0.2181208053691275,0.3116279069767442,0.23432835820895523,0.16611295681063123,0.13776337115072934,0.33220910623946037,0.3378151260504202,0.27348993288590606,0.23383084577114427,0.19571865443425077,0.16639741518578352,0.371875,0.09017713365539452,0.22459016393442624,0.23014586709886548,0.168,0.2508038585209003,0.28913738019169327,0.28615863141524106,0.08070175438596491,0.2684124386252046,0.15042735042735042,0.17014446227929375,0.130298273155416,0.1949685534591195,0.14833333333333334,0.12664473684210525,0.11317567567567567,0.20763358778625954,0.2229299363057325,0.2579034941763727,0.368,0.368,0.19407894736842105,0.2488479262672811,0.2108626198083067,0.2523961661341853,0.15109034267912771,0.2950310559006211,0.24267100977198697,0.24,0.1312,0.200652528548124,0.1308562197092084,0.13183279742765272,0.20508982035928144,0.25117004680187205,0.11059907834101383,0.40924092409240925,0.18138801261829654,0.1752738654147105,0.172859450726979,0.18037974683544303
2004,1,9,prevalence,0.26003210272873195,0.16080402010050251,0.21393841166936792,0.21393841166936792,0.2009966777408638,0.09523809523809523,0.19734660033167495,0.18940609951845908,0.2528548123980424,0.14376996805111822,0.14480408858603067,0.2879019908116386,0.1969465648854962,0.2082018927444795,0.3618881118881119,0.2401263823064771,0.2082670906200318,0.15270935960591134,0.16561514195583596,0.26194398682042835,0.37720706260032105,0.14826498422712933,0.26058631921824105,0.12755102040816327,0.17370892018779344,0.30067567567567566,0.1338709677419355,0.3059581320450886,0.1896838602329451,0.1357254290171607,0.17565217391304347,0.12267080745341614,0.18681318681318682,0.20634920634920634,0.15890850722311398,0.16257668711656442,0.13452188006482982,0.17197452229299362,0.20915032679738563,0.1829652996845426,0.2870514820592824,0.15689381933438987,0.1620795107033639,0.20192307692307693,0.16220472440944883,0.16279069767441862,0.13871951219512196,0.15658914728682172,0.12046204620462046,0.14006514657980457,0.14910858995137763,0.10301109350237718,0.16749585406301823,0.18090452261306533,0.2557427258805513,0.2287145242070117,0.2483766233766234,0.20583468395461912,0.20101351351351351,0.28976377952755905,0.29833333333333334,0.1847649918962723,0.2200328407224959,0.20190779014308427,0.17619783616692428,0.19370860927152317,0.20666666666666667,0.20588235294117646,0.246422893481717,0.30293159609120524,0.16666666666666666,0.16881028938906753,0.25316455696202533,0.25283630470016205,0.23739837398373984,0.2160392798690671,0.2779552715654952,0.26813880126182965,0.2343032159264931,0.17006802721088435,0.22255639097744362,0.1288135593220339,0.16938110749185667,0.20933977455716588,0.17496229260935142,0.21258503401360543,0.152317880794702,0.14218009478672985,0.1216,0.3202054794520548,0.18446601941747573,0.2372322899505766,0.19141323792486584,0.19318181818181818,0.21439509954058192,0.1407528641571195,0.27956989247311825,0.21439509954058192,0.23972602739726026,0.2059748427672956,0.2986577181208054,0.13064516129032258,0.19875776397515527,0.1761467889908257,0.20465890183028287,0.2981878088962109,0.2600671140939597,0.16449511400651465,0.13696369636963696,0.2129032258064516,0.29984051036682613,0.2624,0.1824561403508772,0.24603174603174602,0.17475728155339806,0.23219814241486067,0.23219814241486067,0.23219814241486067,0.24754098360655738,0.14067278287461774,0.27104377104377103,0.20447284345047922,0.27375201288244766,0.14641744548286603,0.2124031007751938,0.23973727422003285,0.22607260726072606,0.2370486656200942,0.21580547112462006,0.2496,0.18433931484502447,0.18090452261306533,0.18090452261306533,0.2224025974025974,0.3081570996978852,0.19936204146730463,0.27741935483870966,0.22132471728594508,0.23627287853577372,0.22628951747088186,0.28685897435897434,0.2275132275132275,0.2275132275132275,0.2800658978583196,0.171900826446281,0.12593703148425786,0.1182108626198083,0.20064724919093851,0.2985781990521327,0.2006079027355623,0.16390728476821192,0.11643835616438356,0.25435540069686413,0.28114478114478114,0.22128378378378377,0.2760942760942761,0.21495327102803738,0.1669316375198728,0.3536776212832551,0.10149750415973377,0.18993506493506493,0.23887973640856672,0.1634304207119741,0.22185970636215335,0.3327974276527331,0.23993808049535603,0.1082024432809773,0.28188976377952757,0.16258741258741258,0.1458670988654781,0.09807073954983923,0.21293375394321767,0.1621160409556314,0.176,0.12060301507537688,0.23338485316846985,0.2491961414790997,0.3133561643835616,0.30634920634920637,0.30634920634920637,0.16776315789473684,0.2171799027552674,0.21498371335504887,0.24958123953098826,0.16897081413210446,0.21555915721231766,0.21617161716171618,0.24920127795527156,0.16990291262135923,0.16863406408094436,0.1040650406504065,0.14378029079159935,0.22615384615384615,0.21360759493670886,0.1941448382126348,0.21428571428571427,0.14518760195758565,0.1875993640699523,0.20462046204620463,0.16506410256410256
2005,1,9,prevalence,0.25120772946859904,0.1412151067323481,0.16859504132231404,0.16859504132231404,0.18,0.09748427672955975,0.1765704584040747,0.15181518151815182,0.1945337620578778,0.1865203761755486,0.1352253756260434,0.22620904836193448,0.146875,0.16747181964573268,0.2703180212014134,0.20512820512820512,0.1824,0.15397923875432526,0.15737704918032788,0.21333333333333335,0.2795527156549521,0.090625,0.2231139646869984,0.1,0.12857142857142856,0.2233502538071066,0.14262023217247097,0.21473354231974923,0.15141430948419302,0.1484992101105845,0.1495798319327731,0.10291858678955453,0.1033434650455927,0.148479427549195,0.14539579967689822,0.13383458646616542,0.1270358306188925,0.14218009478672985,0.2042833607907743,0.1328,0.23809523809523808,0.14959349593495935,0.11384615384615385,0.19165378670788252,0.12520064205457465,0.17584097859327216,0.12481426448736999,0.13601236476043277,0.10084033613445378,0.1322314049586777,0.1185064935064935,0.1228878648233487,0.12871287128712872,0.1631321370309951,0.2115987460815047,0.18945634266886327,0.20198675496688742,0.2039151712887439,0.18439716312056736,0.24378881987577639,0.28739495798319326,0.17857142857142858,0.20133111480865223,0.16901408450704225,0.17207792207792208,0.16666666666666666,0.20299500831946754,0.1540983606557377,0.16586151368760063,0.23176661264181522,0.1478537360890302,0.12337662337662338,0.231496062992126,0.21163166397415187,0.20611916264090177,0.17341977309562398,0.2576985413290113,0.24271844660194175,0.18506493506493507,0.1307300509337861,0.19334389857369255,0.10172413793103448,0.12479201331114809,0.18019480519480519,0.12556732223903178,0.18333333333333332,0.12666666666666668,0.104,0.10191082802547771,0.23130434782608697,0.14469453376205788,0.21163166397415187,0.15411558669001751,0.1702127659574468,0.17182662538699692,0.1523809523809524,0.24761904761904763,0.216,0.18370883882149047,0.14444444444444443,0.20907617504051865,0.11690363349131122,0.14442700156985872,0.15328467153284672,0.17495987158908508,0.21869782971619364,0.1912751677852349,0.1360655737704918,0.10252100840336134,0.16943521594684385,0.2480127186009539,0.21955128205128205,0.14385964912280702,0.18309859154929578,0.15723270440251572,0.2028985507246377,0.2028985507246377,0.2028985507246377,0.20095693779904306,0.11645962732919254,0.20508474576271185,0.1772357723577236,0.24635332252836303,0.1035007610350076,0.19242902208201892,0.1973018549747049,0.20446735395189003,0.22167487684729065,0.15880503144654087,0.1859375,0.18833333333333332,0.18524871355060035,0.18524871355060035,0.16279069767441862,0.26461538461538464,0.15798045602605862,0.21018062397372742,0.18630573248407642,0.2621035058430718,0.23577235772357724,0.24262295081967214,0.19197207678883071,0.19197207678883071,0.23164763458401305,0.13866231647634583,0.10318664643399089,0.11745513866231648,0.14096185737976782,0.23501577287066247,0.190625,0.132013201320132,0.11815068493150685,0.18739352640545145,0.1986863711001642,0.15815485996705106,0.1806020066889632,0.17901234567901234,0.12283464566929134,0.26291079812206575,0.12032520325203253,0.12866449511400652,0.1872,0.13266998341625208,0.19071310116086235,0.23114754098360657,0.18053375196232338,0.12998266897746968,0.23510466988727857,0.14162348877374784,0.1348314606741573,0.07804878048780488,0.16264090177133655,0.11686143572621036,0.1337579617834395,0.12353923205342238,0.22929936305732485,0.21821036106750394,0.25549915397631134,0.23548387096774193,0.23548387096774193,0.11960132890365449,0.16429699842022116,0.16293929712460065,0.21112929623567922,0.1704718417047184,0.18269230769230768,0.15619967793880837,0.22990353697749197,0.15614617940199335,0.12274959083469722,0.0891089108910891,0.11885895404120443,0.17484662576687116,0.18269230769230768,0.15625,0.16279069767441862,0.13843648208469056,0.1461038961038961,0.14772727272727273,0.1695447409733124
2006,1,9,prevalence,0.20063694267515925,0.1253968253968254,0.13452188006482982,0.13452188006482982,0.1632996632996633,0.0847723704866562,0.1267361111111111,0.11037891268533773,0.16507936507936508,0.16938110749185667,0.12876254180602006,0.20187793427230047,0.1650943396226415,0.12331081081081081,0.2099827882960413,0.17922948073701842,0.1277602523659306,0.11945392491467577,0.13893376413570274,0.17218543046357615,0.2582781456953642,0.07448494453248812,0.1776,0.09294320137693632,0.10987261146496816,0.18518518518518517,0.11147540983606558,0.1875993640699523,0.12583892617449666,0.1134185303514377,0.11256117455138662,0.084375,0.09951060358890701,0.12343470483005367,0.12151067323481117,0.1,0.12111292962356793,0.12261146496815287,0.155,0.11956521739130435,0.18095238095238095,0.11686143572621036,0.09682539682539683,0.14896988906497624,0.09291338582677165,0.13990461049284578,0.10638297872340426,0.1035548686244204,0.10756302521008404,0.09838709677419355,0.10576923076923077,0.102803738317757,0.11833333333333333,0.12908496732026145,0.16149068322981366,0.14309484193011648,0.19767441860465115,0.1987075928917609,0.12412587412587413,0.18740399385560677,0.22937293729372937,0.15445859872611464,0.15959252971137522,0.15764331210191082,0.13658536585365855,0.13109243697478992,0.184640522875817,0.12898089171974522,0.12965964343598055,0.20228384991843393,0.13517915309446255,0.10749185667752444,0.22479338842975208,0.16993464052287582,0.15934959349593497,0.13333333333333333,0.20880913539967375,0.1775244299674267,0.16006600660066006,0.10689655172413794,0.14953271028037382,0.08291873963515754,0.1076158940397351,0.14093959731543623,0.08955223880597014,0.14983164983164984,0.10385259631490787,0.07348242811501597,0.07766990291262135,0.18165784832451498,0.1314475873544093,0.1674565560821485,0.11458333333333333,0.1264559068219634,0.17928902627511592,0.11661341853035144,0.17384615384615384,0.1485623003194888,0.1413427561837456,0.13112164296998421,0.16899224806201552,0.09609120521172639,0.125,0.125,0.1505922165820643,0.17696160267111852,0.15284552845528454,0.11187607573149742,0.09764309764309764,0.12751677852348994,0.20192307692307693,0.20294599018003273,0.10102739726027397,0.13509316770186336,0.1310452418096724,0.18106312292358803,0.18106312292358803,0.18106312292358803,0.15849673202614378,0.09244992295839753,0.17457627118644067,0.16476345840130505,0.2026359143327842,0.07395993836671803,0.162754303599374,0.2054794520547945,0.16910569105691056,0.16927899686520376,0.14832535885167464,0.1546707503828484,0.15548281505728315,0.1284722222222222,0.1284722222222222,0.12962962962962962,0.18333333333333332,0.12861736334405144,0.17918088737201365,0.14677419354838708,0.2159468438538206,0.22022838499184338,0.18425196850393702,0.14412811387900357,0.14412811387900357,0.1715686274509804,0.11274509803921569,0.09018987341772151,0.08064516129032258,0.12207357859531773,0.20095693779904306,0.15038759689922482,0.1127946127946128,0.10481099656357389,0.13851351351351351,0.16774193548387098,0.1386986301369863,0.13620689655172413,0.1453125,0.0967741935483871,0.21293375394321767,0.14748784440842788,0.09764309764309764,0.12738853503184713,0.11794019933554817,0.14925373134328357,0.18585526315789475,0.1473851030110935,0.10135135135135136,0.21236133122028525,0.1111111111111111,0.11183144246353323,0.07108239095315025,0.15517241379310345,0.10909090909090909,0.10333863275039745,0.1069078947368421,0.20754716981132076,0.18282988871224165,0.2053872053872054,0.21069182389937108,0.21069182389937108,0.0915032679738562,0.1391035548686244,0.1264559068219634,0.17828200972447325,0.14887218045112782,0.15555555555555556,0.12251655629139073,0.18867924528301888,0.12355848434925865,0.11696869851729819,0.10423452768729642,0.1050080775444265,0.16307692307692306,0.15599343185550082,0.12841091492776885,0.12032520325203253,0.11677631578947369,0.11532385466034756,0.10841423948220065,0.12962962962962962
2007,1,9,prevalence,0.1737012987012987,0.10094637223974763,0.10927152317880795,0.10927152317880795,0.12886597938144329,0.07017543859649122,0.10445205479452055,0.0940032414910859,0.1383147853736089,0.13712374581939799,0.10304054054054054,0.15594855305466238,0.14465408805031446,0.09932659932659933,0.16524701873935263,0.13934426229508196,0.1098546042003231,0.10149750415973377,0.12581699346405228,0.13722397476340695,0.1971383147853736,0.06907378335949764,0.151033386327504,0.07809847198641766,0.09369951534733441,0.1527777777777778,0.08986928104575163,0.1497584541062802,0.10260586319218241,0.10584518167456557,0.09935897435897435,0.07877813504823152,0.08576051779935275,0.1073345259391771,0.10784313725490197,0.0899390243902439,0.09344262295081968,0.10638297872340426,0.12641815235008103,0.09472049689440994,0.16501650165016502,0.10620915032679738,0.08744038155802862,0.12980769230769232,0.07472178060413355,0.1098546042003231,0.0899390243902439,0.08667736757624397,0.09256198347107437,0.08957654723127036,0.09693053311793215,0.0828125,0.10578512396694215,0.10714285714285714,0.12852664576802508,0.12006578947368421,0.1477832512315271,0.1550632911392405,0.10445205479452055,0.15592203898050974,0.19630872483221476,0.12732919254658384,0.12457337883959044,0.11004784688995216,0.11221122112211221,0.11055276381909548,0.16366612111292964,0.10828025477707007,0.09247648902821316,0.17038216560509553,0.112,0.09624796084828711,0.1891025641025641,0.13754045307443366,0.15764331210191082,0.11745513866231648,0.173841059602649,0.14539579967689822,0.1360655737704918,0.0979020979020979,0.12848297213622292,0.06721311475409836,0.08681135225375626,0.11666666666666667,0.08136094674556213,0.11262798634812286,0.09076175040518639,0.07009345794392523,0.0707395498392283,0.15343915343915343,0.0993485342019544,0.1504,0.08193979933110368,0.10561056105610561,0.1234375,0.09615384615384616,0.14307931570762053,0.13145539906103287,0.11379310344827587,0.11323763955342903,0.14397496087636932,0.081377151799687,0.10929853181076672,0.09930313588850175,0.1174496644295302,0.1480865224625624,0.13687600644122383,0.09090909090909091,0.0823327615780446,0.10350584307178631,0.17307692307692307,0.15755627009646303,0.07718120805369127,0.11827956989247312,0.1147011308562197,0.15789473684210525,0.15789473684210525,0.15789473684210525,0.1308562197092084,0.0796875,0.1342512908777969,0.1419031719532554,0.17491749174917492,0.06191950464396285,0.15372168284789645,0.17089678510998307,0.14518760195758565,0.14935064935064934,0.14381270903010032,0.12302839116719243,0.1378737541528239,0.1022530329289428,0.1022530329289428,0.11724137931034483,0.16253869969040247,0.10403726708074534,0.16230366492146597,0.11501597444089456,0.1737012987012987,0.17666666666666667,0.14664586583463338,0.12416107382550336,0.12416107382550336,0.15270935960591134,0.09090909090909091,0.06497622820919176,0.06840390879478828,0.11129568106312292,0.17124394184168013,0.1372854914196568,0.0865874363327674,0.08237232289950576,0.12794612794612795,0.14423076923076922,0.11813643926788686,0.10652920962199312,0.12368024132730016,0.08398133748055987,0.18471337579617833,0.10576923076923077,0.08585858585858586,0.11707317073170732,0.09768211920529801,0.12224108658743633,0.15309446254071662,0.13333333333333333,0.07484076433121019,0.18110236220472442,0.09401709401709402,0.08223684210526316,0.0594855305466238,0.1270358306188925,0.10197368421052631,0.08279220779220779,0.07859531772575251,0.17834394904458598,0.1552,0.1678082191780822,0.15566037735849056,0.15566037735849056,0.07920792079207921,0.11503067484662577,0.10396039603960396,0.13590604026845637,0.1263318112633181,0.14423076923076922,0.10578512396694215,0.14285714285714285,0.10819672131147541,0.09538950715421304,0.09339774557165861,0.09291338582677165,0.12578616352201258,0.12866449511400652,0.09316770186335403,0.098256735340729,0.10130718954248366,0.10327868852459017,0.08617886178861789,0.10648148148148148
2008,1,9,prevalence,0.15973377703826955,0.08976377952755905,0.09121621621621621,0.09121621621621621,0.11937716262975778,0.058823529411764705,0.09930313588850175,0.08375209380234507,0.12258064516129032,0.11652173913043479,0.0784313725490196,0.1342062193126023,0.12145110410094637,0.07641196013289037,0.13983739837398373,0.12478336221837089,0.09320695102685624,0.09183673469387756,0.0929853181076672,0.11367127496159754,0.16134185303514376,0.06389776357827476,0.1310452418096724,0.06799336650082918,0.07704654895666131,0.12521440823327615,0.07321131447587355,0.12277867528271405,0.08528428093645485,0.0799347471451876,0.09076175040518639,0.0744336569579288,0.06799336650082918,0.09075043630017451,0.09570957095709572,0.08513931888544891,0.08032786885245902,0.09492635024549918,0.1064516129032258,0.08675078864353312,0.14100486223662884,0.09375,0.07923930269413629,0.11612903225806452,0.06200317965023847,0.0859504132231405,0.08270676691729323,0.07177033492822966,0.08702791461412152,0.07960199004975124,0.08548387096774193,0.07198748043818466,0.0888529886914378,0.09380234505862646,0.1126984126984127,0.100169779286927,0.11700468018720749,0.1288244766505636,0.09375,0.13960546282245828,0.17435897435897435,0.11251980982567353,0.10067114093959731,0.0896,0.0898876404494382,0.09735973597359736,0.14052287581699346,0.09276729559748427,0.0804416403785489,0.14150943396226415,0.09597523219814241,0.08388157894736842,0.1539708265802269,0.12111292962356793,0.1232,0.09253246753246754,0.14473684210526316,0.1254071661237785,0.11639344262295082,0.08495575221238938,0.11060606060606061,0.06549520766773163,0.07730263157894737,0.10508474576271186,0.0677710843373494,0.09168081494057725,0.0825242718446602,0.06636500754147813,0.0633116883116883,0.12586206896551724,0.08607198748043818,0.12745098039215685,0.07679180887372014,0.09253246753246754,0.0987460815047022,0.0816,0.12297734627831715,0.11356466876971609,0.10204081632653061,0.10047846889952153,0.12305295950155763,0.07219662058371736,0.09268292682926829,0.08506944444444445,0.1020066889632107,0.13006756756756757,0.11507293354943274,0.08103727714748785,0.07744107744107744,0.09546925566343042,0.1485623003194888,0.13458528951486698,0.065,0.0998439937597504,0.09696969696969697,0.12125984251968504,0.12125984251968504,0.12125984251968504,0.12195121951219512,0.07120253164556962,0.11419249592169657,0.11074380165289256,0.15924657534246575,0.05,0.13495934959349593,0.13468013468013468,0.1301482701812191,0.12,0.11345218800648298,0.11022364217252396,0.1254125412541254,0.08934707903780069,0.08934707903780069,0.1022530329289428,0.14710485133020346,0.09662576687116564,0.13651877133105803,0.10223642172523961,0.15857605177993528,0.13856427378964942,0.12695924764890282,0.10299003322259136,0.10299003322259136,0.1370309951060359,0.08333333333333333,0.06698564593301436,0.0630048465266559,0.09090909090909091,0.14918032786885246,0.11605723370429252,0.08135593220338982,0.07641196013289037,0.1113013698630137,0.12238325281803543,0.09797297297297297,0.0891089108910891,0.11561561561561562,0.07165109034267912,0.16286644951140064,0.08240887480190175,0.07512520868113523,0.1069078947368421,0.08637873754152824,0.10526315789473684,0.13861386138613863,0.11204013377926421,0.06581059390048154,0.1495176848874598,0.07580645161290323,0.07037643207855974,0.050488599348534204,0.11298482293423272,0.07986688851913477,0.06710310965630115,0.06879194630872483,0.15170278637770898,0.13070866141732285,0.14991482112436116,0.14241960183767227,0.14241960183767227,0.06379310344827586,0.09341500765696784,0.07980456026058631,0.11986863711001643,0.1123076923076923,0.12398042414355628,0.09443507588532883,0.12558869701726844,0.08986928104575163,0.0796875,0.07425742574257425,0.0811232449297972,0.11424100156494522,0.11367380560131796,0.08517350157728706,0.08108108108108109,0.0893760539629005,0.0978441127694859,0.06557377049180328,0.09204368174726989
2009,1,9,prevalence,0.1285475792988314,0.07692307692307693,0.0802675585284281,0.0802675585284281,0.09628378378378379,0.050488599348534204,0.07931034482758621,0.07226890756302522,0.08571428571428572,0.09391304347826086,0.06482982171799027,0.11163522012578617,0.10584518167456557,0.05862646566164154,0.11451612903225807,0.09966777408637874,0.0746031746031746,0.07692307692307693,0.07765451664025357,0.10077519379844961,0.14100486223662884,0.05778491171749599,0.11023622047244094,0.05638474295190713,0.06919275123558484,0.11073253833049404,0.05509181969949917,0.1024390243902439,0.07540983606557378,0.06919275123558484,0.07568438003220612,0.07177814029363784,0.05695142378559464,0.07241379310344828,0.08443708609271523,0.06821705426356589,0.07,0.08957654723127036,0.09047619047619047,0.07448494453248812,0.12175324675324675,0.07652173913043478,0.0743801652892562,0.10016155088852989,0.05073649754500818,0.07377049180327869,0.07286821705426356,0.057971014492753624,0.0636215334420881,0.0664451827242525,0.07740916271721959,0.06602254428341385,0.07755775577557755,0.07939189189189189,0.09672131147540984,0.07853403141361257,0.09399075500770417,0.10793650793650794,0.08303886925795052,0.11450381679389313,0.1342281879194631,0.09968847352024922,0.09181969949916527,0.078003120124805,0.07086614173228346,0.08482871125611746,0.11282051282051282,0.0848,0.06624605678233439,0.12326656394453005,0.08513931888544891,0.07512520868113523,0.13001605136436598,0.0928,0.09390444810543658,0.08774834437086093,0.11764705882352941,0.10445205479452055,0.09012131715771231,0.0763765541740675,0.09922480620155039,0.05466237942122187,0.06414473684210527,0.09212730318257957,0.054773082942097026,0.07470288624787776,0.07028753993610223,0.06231454005934718,0.056179775280898875,0.09574468085106383,0.07062600321027288,0.10673234811165845,0.06988352745424292,0.07333333333333333,0.0837138508371385,0.0680379746835443,0.09651898734177215,0.10268562401263823,0.08967851099830795,0.08823529411764706,0.10287443267776097,0.0598159509202454,0.07846410684474124,0.06944444444444445,0.07903225806451612,0.10097719869706841,0.10048622366288493,0.07051282051282051,0.06734006734006734,0.07692307692307693,0.12357723577235773,0.12337662337662338,0.053156146179401995,0.08062015503875969,0.08566978193146417,0.11183144246353323,0.11183144246353323,0.11183144246353323,0.09936908517350158,0.05305466237942122,0.08143322475570032,0.0945273631840796,0.13636363636363635,0.04245283018867924,0.1043338683788122,0.10726072607260725,0.10819672131147541,0.10157618213660245,0.09555189456342669,0.10015898251192369,0.10965630114566285,0.06972789115646258,0.06972789115646258,0.08680555555555555,0.12480499219968799,0.08062015503875969,0.116751269035533,0.08484848484848485,0.1396103896103896,0.12769485903814262,0.11323763955342903,0.08064516129032258,0.08064516129032258,0.11550632911392406,0.07211538461538461,0.05747126436781609,0.05672609400324149,0.07568438003220612,0.132890365448505,0.10094637223974763,0.06879194630872483,0.06568144499178982,0.09863945578231292,0.10766721044045677,0.08794788273615635,0.08374384236453201,0.09327217125382263,0.05910543130990415,0.1276595744680851,0.0640625,0.06188925081433225,0.0959349593495935,0.07730263157894737,0.08925619834710743,0.10526315789473684,0.09208400646203554,0.05345911949685535,0.12741935483870967,0.06210191082802548,0.05714285714285714,0.04145936981757877,0.09333333333333334,0.07288135593220339,0.06188925081433225,0.05175292153589316,0.12519561815336464,0.11075949367088607,0.11826086956521739,0.12917933130699089,0.12917933130699089,0.051194539249146756,0.08087091757387248,0.06785137318255251,0.09165302782324058,0.0946372239747634,0.11092436974789915,0.08250825082508251,0.10220125786163523,0.08196721311475409,0.06656101426307448,0.0624,0.06752411575562701,0.10474631751227496,0.09484193011647254,0.07246376811594203,0.06885758998435054,0.0802675585284281,0.07717569786535304,0.05055292259083728,0.08133971291866028
2010,1,9,prevalence,0.0905982905982906,0.0680379746835443,0.0676818950930626,0.0676818950930626,0.07692307692307693,0.042483660130718956,0.0735042735042735,0.059602649006622516,0.06497622820919176,0.07917383820998279,0.04700162074554295,0.10227272727272728,0.08634222919937205,0.047697368421052634,0.0890302066772655,0.08455284552845528,0.05555555555555555,0.06143344709897611,0.062193126022913256,0.07776049766718507,0.11483253588516747,0.048701298701298704,0.08814102564102565,0.04051863857374392,0.0532258064516129,0.07925801011804384,0.05218855218855219,0.08306709265175719,0.06741573033707865,0.0594059405940594,0.054365733113673806,0.05245901639344262,0.050243111831442464,0.056218057921635436,0.07290015847860538,0.04936305732484077,0.05537459283387622,0.0670926517571885,0.07164634146341463,0.05732484076433121,0.09409888357256778,0.06135986733001658,0.06070826306913996,0.08856682769726248,0.04276315789473684,0.05863192182410423,0.06031746031746032,0.044233807266982623,0.04950495049504951,0.05950413223140496,0.06279434850863422,0.056818181818181816,0.06196213425129088,0.06429780033840947,0.0779436152570481,0.06091370558375635,0.07727975270479134,0.0904836193447738,0.06791171477079797,0.09922480620155039,0.0978441127694859,0.08503937007874016,0.07363013698630137,0.06475903614457831,0.05451713395638629,0.07142857142857142,0.09833333333333333,0.06525285481239804,0.05901639344262295,0.09870550161812297,0.06811145510835913,0.0628099173553719,0.11074380165289256,0.08031496062992126,0.0757825370675453,0.07081174438687392,0.10085470085470086,0.08153078202995008,0.07337883959044368,0.06678082191780822,0.080370942812983,0.04205607476635514,0.05432937181663837,0.07363013698630137,0.046875,0.05517241379310345,0.055031446540880505,0.053763440860215055,0.04833333333333333,0.07079646017699115,0.05863192182410423,0.08333333333333333,0.05564648117839607,0.06010016694490818,0.07320872274143302,0.056179775280898875,0.08306709265175719,0.07655502392344497,0.06301824212271974,0.0766721044045677,0.08597285067873303,0.048286604361370715,0.06525285481239804,0.043478260869565216,0.060995184590690206,0.07213114754098361,0.0754414125200642,0.060064935064935064,0.060810810810810814,0.06156405990016639,0.10234899328859061,0.10015649452269171,0.04071661237785016,0.0670926517571885,0.07441860465116279,0.0912106135986733,0.0912106135986733,0.0912106135986733,0.08006279434850863,0.04692556634304207,0.06666666666666667,0.0775716694772344,0.1153184165232358,0.03492063492063492,0.08333333333333333,0.08427876823338736,0.08917197452229299,0.08278145695364239,0.07980456026058631,0.08186195826645265,0.088,0.06143344709897611,0.06143344709897611,0.06866197183098592,0.10112359550561797,0.06485671191553545,0.08985024958402663,0.0715372907153729,0.10662358642972536,0.10702341137123746,0.09870550161812297,0.06853582554517133,0.06853582554517133,0.10174880763116058,0.04952076677316294,0.04865771812080537,0.04234527687296417,0.06420545746388442,0.10214168039538715,0.0832,0.06153846153846154,0.049206349206349205,0.0775716694772344,0.08019639934533551,0.07201309328968904,0.07550335570469799,0.06998444790046657,0.050393700787401574,0.10333333333333333,0.0491283676703645,0.06020066889632107,0.07859531772575251,0.05787781350482315,0.0667779632721202,0.08626198083067092,0.08090614886731391,0.04258675078864353,0.09838709677419355,0.049689440993788817,0.04487179487179487,0.034976152623211444,0.07617504051863858,0.06228956228956229,0.04926108374384237,0.04297520661157025,0.11009174311926606,0.08986928104575163,0.0915032679738562,0.10550458715596331,0.10550458715596331,0.04513888888888889,0.0680379746835443,0.04739336492890995,0.06743421052631579,0.0832,0.08888888888888889,0.0664451827242525,0.06913183279742766,0.06026058631921824,0.046849757673667204,0.047540983606557376,0.055379746835443035,0.07807308970099668,0.08485856905158069,0.05787781350482315,0.05434782608695652,0.07213114754098361,0.06942148760330578,0.04225352112676056,0.0644122383252818
2011,1,9,prevalence,0.07082630691399663,0.060790273556231005,0.05517241379310345,0.05517241379310345,0.056218057921635436,0.03547297297297297,0.04965753424657534,0.0451505016722408,0.0514018691588785,0.05952380952380952,0.03409090909090909,0.08291873963515754,0.06896551724137931,0.03508771929824561,0.07009345794392523,0.06031746031746032,0.04672897196261682,0.04477611940298507,0.04666666666666667,0.057902973395931145,0.08278145695364239,0.024875621890547265,0.062402496099843996,0.023140495867768594,0.030497592295345103,0.05333333333333334,0.029459901800327332,0.06771653543307087,0.04326123128119801,0.0457516339869281,0.04576271186440678,0.040268456375838924,0.03859060402684564,0.04118616144975288,0.058637083993660855,0.03821656050955414,0.04785478547854786,0.050473186119873815,0.0532724505327245,0.042789223454833596,0.05844155844155844,0.04666666666666667,0.05,0.06514657980456026,0.03588907014681892,0.04391891891891892,0.04738562091503268,0.03307086614173228,0.041390728476821195,0.04716981132075472,0.047021943573667714,0.04942339373970346,0.041254125412541254,0.04666666666666667,0.06622516556291391,0.04882154882154882,0.05778491171749599,0.07465007776049767,0.04854368932038835,0.07476635514018691,0.07178631051752922,0.0644122383252818,0.05442176870748299,0.050746268656716415,0.04538341158059468,0.048154093097913325,0.07060755336617405,0.046052631578947366,0.05023547880690738,0.07333333333333333,0.05092592592592592,0.04361873990306947,0.08173076923076923,0.06825396825396825,0.05785123966942149,0.057724957555178265,0.08503401360544217,0.06333333333333334,0.05154639175257732,0.05110732538330494,0.05660377358490566,0.031818181818181815,0.04091653027823241,0.04982817869415808,0.04390243902439024,0.04088586030664395,0.04024767801857585,0.042879019908116385,0.02555366269165247,0.051601423487544484,0.044233807266982623,0.061128526645768025,0.035541195476575124,0.038461538461538464,0.051070840197693576,0.04213938411669368,0.061806656101426306,0.051036682615629984,0.05360134003350084,0.06135986733001658,0.059006211180124224,0.030303030303030304,0.048859934853420196,0.03436988543371522,0.041666666666666664,0.06208053691275168,0.0554675118858954,0.0463258785942492,0.049069373942470386,0.03782894736842105,0.08653846153846154,0.07320872274143302,0.03114754098360656,0.047839506172839504,0.058823529411764705,0.06688417618270799,0.06688417618270799,0.06688417618270799,0.058637083993660855,0.03387096774193549,0.058333333333333334,0.04591836734693878,0.08274647887323944,0.028169014084507043,0.0641025641025641,0.07119741100323625,0.07109004739336493,0.06301824212271974,0.060955518945634266,0.05663430420711974,0.07413249211356467,0.052901023890784986,0.052901023890784986,0.044722719141323794,0.07741935483870968,0.0453857791225416,0.0576271186440678,0.05359877488514548,0.060655737704918035,0.08852459016393442,0.0734094616639478,0.04725609756097561,0.04725609756097561,0.08012820512820513,0.03622047244094488,0.03156146179401993,0.030894308943089432,0.04716981132075472,0.07534246575342465,0.06129032258064516,0.0472027972027972,0.03431372549019608,0.05821917808219178,0.05676126878130217,0.05977382875605816,0.05392156862745098,0.057722308892355696,0.029595015576323987,0.07705479452054795,0.03821656050955414,0.04560810810810811,0.059625212947189095,0.04032258064516129,0.056910569105691054,0.0544,0.059113300492610835,0.021505376344086023,0.08265802269043761,0.0421875,0.03365384615384615,0.024922118380062305,0.05582137161084529,0.036243822075782535,0.037520391517128875,0.031198686371100164,0.08809891808346214,0.06420545746388442,0.05853658536585366,0.08024691358024691,0.08024691358024691,0.029259896729776247,0.055379746835443035,0.03715670436187399,0.05392156862745098,0.05806451612903226,0.06937394247038917,0.05314009661835749,0.0592,0.046357615894039736,0.03210272873194221,0.03453947368421053,0.03571428571428571,0.051194539249146756,0.0681063122923588,0.04983388704318937,0.0374414976599064,0.05466237942122187,0.05335628227194492,0.03398058252427184,0.048
2012,1,9,prevalence,0.046511627906976744,0.03636363636363636,0.03535353535353535,0.03535353535353535,0.03620689655172414,0.026143790849673203,0.03355704697986577,0.025252525252525252,0.04245283018867924,0.034013605442176874,0.024115755627009645,0.060556464811783964,0.0432,0.02358490566037736,0.048513302034428794,0.04153354632587859,0.03225806451612903,0.025974025974025976,0.033444816053511704,0.03215926493108729,0.05203252032520325,0.01675041876046901,0.03322784810126582,0.011419249592169658,0.024429967426710098,0.04153354632587859,0.015698587127158554,0.0490506329113924,0.028145695364238412,0.0336,0.029850746268656716,0.03927986906710311,0.026981450252951095,0.026402640264026403,0.037037037037037035,0.03431372549019608,0.028523489932885907,0.03376205787781351,0.02773497688751926,0.02664576802507837,0.04133545310015898,0.029605263157894735,0.035,0.04,0.016891891891891893,0.02702702702702703,0.027463651050080775,0.015455950540958269,0.028662420382165606,0.029874213836477988,0.027243589743589744,0.03826955074875208,0.019834710743801654,0.035,0.046052631578947366,0.027633851468048358,0.03924646781789639,0.0449438202247191,0.028708133971291867,0.04725609756097561,0.044444444444444446,0.033277870216306155,0.031932773109243695,0.03201219512195122,0.024469820554649267,0.029874213836477988,0.04975124378109453,0.024916943521594685,0.030694668820678513,0.050488599348534204,0.02689873417721519,0.02106969205834684,0.043973941368078175,0.03691813804173355,0.027823240589198037,0.033628318584070796,0.04569420035149385,0.0384,0.028985507246376812,0.03466204506065858,0.03605015673981191,0.019817073170731708,0.028052805280528052,0.035653650254668934,0.0272,0.029801324503311258,0.02050473186119874,0.021806853582554516,0.00859106529209622,0.027874564459930314,0.031545741324921134,0.044374009508716325,0.02050473186119874,0.02403846153846154,0.030252100840336135,0.026359143327841845,0.04220779220779221,0.030110935023771792,0.03678929765886288,0.03709949409780776,0.0421216848673947,0.02254428341384863,0.0304,0.019704433497536946,0.028481012658227847,0.03872053872053872,0.02321981424148607,0.029320987654320986,0.032520325203252036,0.026402640264026403,0.05392156862745098,0.04538087520259319,0.023026315789473683,0.03215926493108729,0.03912363067292645,0.049099836333878884,0.049099836333878884,0.049099836333878884,0.035256410256410256,0.021241830065359478,0.03571428571428571,0.02264808362369338,0.05414551607445008,0.016339869281045753,0.04229607250755287,0.043478260869565216,0.04225352112676056,0.05201342281879195,0.03431372549019608,0.0384,0.04451510333863275,0.03367003367003367,0.03367003367003367,0.024691358024691357,0.050080775444264945,0.025718608169440244,0.035653650254668934,0.03475513428120063,0.048252911813643926,0.0625,0.04597701149425287,0.03167420814479638,0.03167420814479638,0.0554675118858954,0.02511773940345369,0.014729950900163666,0.017713365539452495,0.03464566929133858,0.04187604690117253,0.03877221324717286,0.024822695035460994,0.024232633279483037,0.03559322033898305,0.04132231404958678,0.040983606557377046,0.036065573770491806,0.024350649350649352,0.0226928895612708,0.04695652173913043,0.028662420382165606,0.023026315789473683,0.04040404040404041,0.028708133971291867,0.027868852459016394,0.03241491085899514,0.033444816053511704,0.011058451816745656,0.05546492659053834,0.03576982892690513,0.019801980198019802,0.008143322475570033,0.028708133971291867,0.02459016393442623,0.018302828618968387,0.01468189233278956,0.0515625,0.04654895666131621,0.04091653027823241,0.04665629860031104,0.04665629860031104,0.018151815181518153,0.029921259842519685,0.01675041876046901,0.042789223454833596,0.04746317512274959,0.04770017035775128,0.04032258064516129,0.04075235109717868,0.026402640264026403,0.01932367149758454,0.01824212271973466,0.024793388429752067,0.034482758620689655,0.0457516339869281,0.026981450252951095,0.023547880690737835,0.03241491085899514,0.03146853146853147,0.01948051948051948,0.0304
2013,1,9,prevalence,0.019672131147540985,0.019726858877086494,0.015151515151515152,0.015151515151515152,0.013888888888888888,0.011532125205930808,0.01353637901861252,0.006756756756756757,0.0189873417721519,0.013582342954159592,0.009708737864077669,0.03316749585406302,0.01610305958132045,0.014218009478672985,0.022292993630573247,0.018151815181518153,0.015455950540958269,0.011456628477905073,0.010416666666666666,0.007680491551459293,0.022364217252396165,0.0,0.012461059190031152,0.0032310177705977385,0.011456628477905073,0.014657980456026058,0.009287925696594427,0.01740506329113924,0.016474464579901153,0.01597444089456869,0.004991680532445923,0.026729559748427674,0.018425460636515914,0.006482982171799027,0.011363636363636364,0.0066555740432612314,0.011363636363636364,0.014827018121911038,0.014018691588785047,0.009302325581395349,0.016051364365971106,0.00644122383252818,0.01335559265442404,0.015723270440251572,0.013559322033898305,0.010050251256281407,0.01461038961038961,0.004709576138147566,0.016051364365971106,0.014563106796116505,0.011111111111111112,0.013986013986013986,0.007911392405063292,0.0165016501650165,0.013745704467353952,0.01020408163265306,0.015873015873015872,0.02247191011235955,0.006359300476947536,0.013677811550151976,0.02106969205834684,0.014729950900163666,0.008680555555555556,0.009316770186335404,0.011419249592169658,0.01078582434514638,0.029605263157894735,0.009983361064891847,0.007961783439490446,0.012779552715654952,0.01461038961038961,0.004893964110929853,0.02358490566037736,0.012738853503184714,0.008169934640522876,0.01415929203539823,0.012195121951219513,0.008169934640522876,0.010638297872340425,0.0050933786078098476,0.01263823064770932,0.00933125972006221,0.00667779632721202,0.01658374792703151,0.011400651465798045,0.019639934533551555,0.006389776357827476,0.0045871559633027525,0.0033613445378151263,0.006791171477079796,0.012441679626749611,0.009771986970684038,0.007692307692307693,0.0062402496099844,0.013422818791946308,0.011513157894736841,0.011884550084889643,0.009630818619582664,0.010067114093959731,0.011844331641285956,0.01309328968903437,0.010752688172043012,0.00964630225080386,0.004885993485342019,0.00966183574879227,0.006825938566552901,0.003076923076923077,0.009316770186335404,0.011345218800648298,0.008210180623973728,0.015151515151515152,0.0218408736349454,0.009584664536741214,0.01238390092879257,0.011075949367088608,0.025,0.025,0.025,0.006369426751592357,0.008237232289950576,0.013179571663920923,0.006734006734006734,0.016835016835016835,0.0016638935108153079,0.017377567140600316,0.022328548644338118,0.0110062893081761,0.015126050420168067,0.012965964343598054,0.011400651465798045,0.023734177215189875,0.015025041736227046,0.015025041736227046,0.0051635111876075735,0.011513157894736841,0.009230769230769232,0.013468013468013467,0.017001545595054096,0.024232633279483037,0.030844155844155844,0.02127659574468085,0.007385524372230428,0.007385524372230428,0.018957345971563982,0.00927357032457496,0.0049586776859504135,0.007776049766718507,0.0065252854812398045,0.011532125205930808,0.021035598705501618,0.007104795737122558,0.011217948717948718,0.011437908496732025,0.008517887563884156,0.02247191011235955,0.014586709886547812,0.00794912559618442,0.0032102728731942215,0.012216404886561954,0.01288244766505636,0.0064516129032258064,0.014754098360655738,0.00641025641025641,0.014657980456026058,0.012779552715654952,0.006546644844517185,0.003179650238473768,0.016835016835016835,0.02040816326530612,0.006611570247933884,0.0032414910858995136,0.011128775834658187,0.00964630225080386,0.006644518272425249,0.004885993485342019,0.01848998459167951,0.0189873417721519,0.02090032154340836,0.017107309486780714,0.017107309486780714,0.001639344262295082,0.014218009478672985,0.009868421052631578,0.01854714064914992,0.02106969205834684,0.015,0.01631321370309951,0.009708737864077669,0.00338409475465313,0.009554140127388535,0.006745362563237774,0.008223684210526315,0.013605442176870748,0.015,0.016339869281045753,0.006230529595015576,0.009819967266775777,0.01391304347826087,0.012987012987012988,0.016181229773462782
2014,1,9,prevalence,0.004784688995215311,0.00303951367781155,0.00333889816360601,0.00333889816360601,0.006700167504187605,0.008183306055646482,0.00825082508250825,0.0,0.00631911532385466,0.0033500837520938024,0.0016286644951140066,0.014950166112956811,0.006482982171799027,0.018211920529801324,0.0048,0.004846526655896607,0.0,0.0015772870662460567,0.0,0.0030441400304414,0.007936507936507936,0.0,0.003179650238473768,0.0016025641025641025,0.006493506493506494,0.00641025641025641,0.003115264797507788,0.0031446540880503146,0.006472491909385114,0.004878048780487805,0.003367003367003367,0.021739130434782608,0.00505902192242833,0.003257328990228013,0.0,0.0017006802721088435,0.0015723270440251573,0.0033003300330033004,0.003134796238244514,0.0032,0.001610305958132045,0.0,0.004975124378109453,0.0016025641025641025,0.009819967266775777,0.0,0.003395585738539898,0.0,0.00980392156862745,0.005016722408026756,0.0015723270440251573,0.003430531732418525,0.003205128205128205,0.003305785123966942,0.0017211703958691911,0.0017241379310344827,0.008,0.011217948717948718,0.003179650238473768,0.0015267175572519084,0.0047169811320754715,0.00641025641025641,0.0,0.004658385093167702,0.003367003367003367,0.0015290519877675841,0.0,0.0,0.0015748031496062992,0.003289473684210526,0.0047694753577106515,0.0,0.014563106796116505,0.001594896331738437,0.003284072249589491,0.008802816901408451,0.0017301038062283738,0.0032310177705977385,0.0017064846416382253,0.0,0.0031496062992125984,0.003110419906687403,0.001584786053882726,0.006514657980456026,0.0033613445378151263,0.0033222591362126247,0.0015600624024961,0.0046801872074883,0.001658374792703151,0.0,0.0032102728731942215,0.005,0.0015625,0.0,0.018487394957983194,0.0033222591362126247,0.0,0.004739336492890996,0.001584786053882726,0.004918032786885246,0.008169934640522876,0.0061823802163833074,0.0032310177705977385,0.006369426751592357,0.0,0.0,0.0,0.009287925696594427,0.004807692307692308,0.001607717041800643,0.004807692307692308,0.009569377990430622,0.00315955766192733,0.003189792663476874,0.0015923566878980893,0.0016313213703099511,0.0016313213703099511,0.0016313213703099511,0.0,0.003257328990228013,0.0,0.0032679738562091504,0.001644736842105263,0.0,0.006339144215530904,0.009478672985781991,0.0031007751937984496,0.0016638935108153079,0.0032102728731942215,0.006611570247933884,0.014106583072100314,0.0016233766233766235,0.0016233766233766235,0.0,0.0016835016835016834,0.0061823802163833074,0.005008347245409015,0.0061823802163833074,0.008169934640522876,0.013333333333333334,0.005,0.001440922190201729,0.001440922190201729,0.004830917874396135,0.0,0.0,0.0015360983102918587,0.003289473684210526,0.003372681281618887,0.001597444089456869,0.0,0.004709576138147566,0.0,0.0033783783783783786,0.004746835443037975,0.0031545741324921135,0.001584786053882726,0.0,0.0017271157167530224,0.003215434083601286,0.0047694753577106515,0.004862236628849271,0.0,0.0032414910858995136,0.003236245954692557,0.0,0.001597444089456869,0.011437908496732025,0.01729559748427673,0.004942339373970346,0.0016181229773462784,0.0031496062992125984,0.003284072249589491,0.005016722408026756,0.0016339869281045752,0.006172839506172839,0.003205128205128205,0.006589785831960461,0.004629629629629629,0.004629629629629629,0.0,0.00792393026941363,0.001669449081803005,0.001584786053882726,0.025889967637540454,0.003284072249589491,0.0,0.0015723270440251573,0.0,0.0031545741324921135,0.004838709677419355,0.0016863406408094434,0.0016891891891891893,0.0,0.001697792869269949,0.0,0.006578947368421052,0.005145797598627788,0.0032310177705977385,0.004901960784313725
2015,1,9,prevalence,0.004792332268370607,0.0,0.0,0.0,0.0016556291390728477,0.011705685618729096,0.0016556291390728477,0.0,0.0016051364365971107,0.0,0.0,0.00482315112540193,0.0,0.011308562197092083,0.0015772870662460567,0.0,0.0,0.0015723270440251573,0.0,0.003125,0.0015313935681470138,0.0,0.001589825119236884,0.0016,0.0032520325203252032,0.003278688524590164,0.0015105740181268882,0.0015527950310559005,0.001607717041800643,0.0033003300330033004,0.008375209380234505,0.01386748844375963,0.003179650238473768,0.0033003300330033004,0.0,0.0017123287671232876,0.0,0.0,0.0015432098765432098,0.0,0.0016420361247947454,0.0,0.0049504950495049506,0.0,0.0016666666666666668,0.0,0.0,0.0046439628482972135,0.0016129032258064516,0.001718213058419244,0.0016366612111292963,0.0,0.001594896331738437,0.0,0.0017730496453900709,0.0,0.00644122383252818,0.00322061191626409,0.0,0.0015479876160990713,0.001579778830963665,0.004784688995215311,0.0,0.0015698587127158557,0.0,0.0,0.0,0.0,0.0032,0.0,0.0,0.0,0.004784688995215311,0.0015360983102918587,0.0016420361247947454,0.008532423208191127,0.0017064846416382253,0.0016181229773462784,0.0,0.0,0.0,0.001589825119236884,0.0,0.0032102728731942215,0.003305785123966942,0.0017035775127768314,0.0015479876160990713,0.006309148264984227,0.001658374792703151,0.0,0.0015625,0.001644736842105263,0.0031545741324921135,0.0015290519877675841,0.0051635111876075735,0.001597444089456869,0.0,0.0,0.0,0.0033112582781456954,0.006514657980456026,0.0030303030303030303,0.0016313213703099511,0.003246753246753247,0.0,0.0,0.0,0.009287925696594427,0.0016286644951140066,0.0016129032258064516,0.0016025641025641025,0.0,0.00322061191626409,0.0,0.0015923566878980893,0.0,0.0,0.0,0.0,0.0016233766233766235,0.0,0.0,0.001607717041800643,0.0,0.0015822784810126582,0.0,0.001557632398753894,0.003355704697986577,0.0,0.0017064846416382253,0.0,0.0016366612111292963,0.0016366612111292963,0.0,0.0017152658662092624,0.001567398119122257,0.003205128205128205,0.0,0.0032258064516129032,0.0,0.0,0.0,0.0,0.001557632398753894,0.0,0.0,0.003048780487804878,0.0016366612111292963,0.0033003300330033004,0.0016129032258064516,0.0,0.0032310177705977385,0.0,0.0016750418760469012,0.0015384615384615385,0.0031496062992125984,0.0,0.0,0.0,0.0,0.0015360983102918587,0.004792332268370607,0.0029985007496251873,0.0032310177705977385,0.0,0.0015822784810126582,0.006172839506172839,0.014634146341463415,0.01866251944012442,0.0016366612111292963,0.0,0.0,0.0,0.0034071550255536627,0.0,0.004746835443037975,0.003194888178913738,0.0,0.0015625,0.0015625,0.0,0.0016260162601626016,0.001594896331738437,0.0,0.028145695364238412,0.0,0.0,0.0015822784810126582,0.0,0.0,0.0016051364365971107,0.0,0.0,0.0,0.0016638935108153079,0.0016339869281045752,0.0031746031746031746,0.001718213058419244,0.0,0.0016722408026755853
2016,1,9,prevalence,0.004777070063694267,0.0,0.0,0.0,0.0033003300330033004,0.011456628477905073,0.001669449081803005,0.0,0.001589825119236884,0.0,0.001639344262295082,0.0015923566878980893,0.0,0.01579778830963665,0.0016,0.001597444089456869,0.0,0.0,0.0,0.003179650238473768,0.003076923076923077,0.0,0.003110419906687403,0.0015772870662460567,0.003215434083601286,0.003189792663476874,0.0,0.001557632398753894,0.0016286644951140066,0.0032733224222585926,0.020442930153321975,0.01393188854489164,0.0015625,0.00322061191626409,0.0,0.0016722408026755853,0.0,0.0,0.0015503875968992248,0.0,0.0016750418760469012,0.0,0.004909983633387889,0.0,0.0,0.0,0.0,0.009188361408882083,0.003134796238244514,0.0016420361247947454,0.0016474464579901153,0.0,0.0016260162601626016,0.001610305958132045,0.0017953321364452424,0.001652892561983471,0.003189792663476874,0.0050335570469798654,0.0,0.0015923566878980893,0.0016474464579901153,0.024916943521594685,0.0,0.0015625,0.0,0.0,0.0,0.0,0.022364217252396165,0.0,0.0,0.0016181229773462784,0.001639344262295082,0.0015772870662460567,0.001639344262295082,0.007029876977152899,0.0016891891891891893,0.001579778830963665,0.0,0.0,0.0,0.0031545741324921135,0.0,0.0047694753577106515,0.001658374792703151,0.0016835016835016834,0.001564945226917058,0.004846526655896607,0.0016155088852988692,0.0,0.0,0.003289473684210526,0.00322061191626409,0.001557632398753894,0.0034071550255536627,0.0016722408026755853,0.0,0.0,0.0,0.0032310177705977385,0.006462035541195477,0.0015455950540958269,0.0016638935108153079,0.0032733224222585926,0.0,0.0,0.0,0.04272151898734177,0.0015923566878980893,0.001579778830963665,0.001579778830963665,0.0,0.003305785123966942,0.0,0.0016233766233766235,0.0,0.0,0.0,0.001607717041800643,0.001607717041800643,0.0,0.0,0.0015822784810126582,0.0,0.0015337423312883436,0.0032626427406199023,0.0015527950310559005,0.0016260162601626016,0.0,0.0016778523489932886,0.0,0.0016286644951140066,0.0016286644951140066,0.0,0.0016638935108153079,0.003115264797507788,0.0015748031496062992,0.0,0.0032102728731942215,0.0015923566878980893,0.0,0.0,0.0,0.0031201248049922,0.0,0.0,0.004464285714285714,0.0015772870662460567,0.0016366612111292963,0.001610305958132045,0.0,0.0016339869281045752,0.0,0.0016722408026755853,0.0030534351145038168,0.001567398119122257,0.0,0.0032626427406199023,0.0,0.0,0.0,0.006482982171799027,0.016819571865443424,0.01746031746031746,0.0,0.003189792663476874,0.007911392405063292,0.028391167192429023,0.01910828025477707,0.0016501650165016502,0.0,0.0,0.0,0.00333889816360601,0.0,0.00482315112540193,0.00322061191626409,0.0,0.0015105740181268882,0.0015105740181268882,0.0,0.0,0.0015772870662460567,0.0,0.05844155844155844,0.0,0.0016129032258064516,0.001597444089456869,0.0017094017094017094,0.0,0.001639344262295082,0.0016863406408094434,0.0,0.0,0.008460236886632826,0.001736111111111111,0.0031545741324921135,0.001658374792703151,0.001579778830963665,0.0016501650165016502
2017,1,9,prevalence,0.0030959752321981426,0.0,0.0,0.0,0.0016611295681063123,0.125,0.0016474464579901153,0.0,0.0016051364365971107,0.0,0.0016129032258064516,0.0015408320493066256,0.0,0.07436708860759493,0.001610305958132045,0.0015600624024961,0.001483679525222552,0.0,0.0,0.0048,0.0046875,0.003189792663476874,0.02047244094488189,0.001567398119122257,0.001644736842105263,0.0015552099533437014,0.0,0.0015822784810126582,0.0,0.00315955766192733,0.18874172185430463,0.04128440366972477,0.0,0.0016286644951140066,0.0,0.0,0.0,0.0,0.0015625,0.0,0.0016750418760469012,0.0,0.0016286644951140066,0.0,0.0,0.0,0.0,0.03479576399394856,0.004761904761904762,0.0016778523489932886,0.0032258064516129032,0.0,0.001610305958132045,0.0016129032258064516,0.0,0.001610305958132045,0.001669449081803005,0.003284072249589491,0.0,0.0015527950310559005,0.001579778830963665,0.0890302066772655,0.0,0.001557632398753894,0.0,0.0014970059880239522,0.0,0.0,0.14715189873417722,0.0,0.0033333333333333335,0.0031847133757961785,0.001607717041800643,0.001579778830963665,0.001584786053882726,0.005128205128205128,0.0016891891891891893,0.0,0.0,0.0016129032258064516,0.0,0.0016638935108153079,0.0,0.004739336492890996,0.0016474464579901153,0.0016260162601626016,0.001589825119236884,0.004942339373970346,0.001594896331738437,0.0,0.0,0.003205128205128205,0.003236245954692557,0.0015552099533437014,0.003367003367003367,0.006734006734006734,0.0,0.001639344262295082,0.0016366612111292963,0.003169572107765452,0.03289473684210526,0.0015748031496062992,0.0016207455429497568,0.0031645569620253164,0.0,0.0,0.0,0.18608414239482202,0.001610305958132045,0.030497592295345103,0.0016286644951140066,0.0,0.00322061191626409,0.0,0.0,0.0,0.0,0.0,0.001584786053882726,0.0032520325203252032,0.0,0.0,0.0015384615384615385,0.0,0.0,0.016129032258064516,0.0015503875968992248,0.0,0.0,0.0033444816053511705,0.0,0.001652892561983471,0.001652892561983471,0.0,0.0016638935108153079,0.0031446540880503146,0.003215434083601286,0.0,0.003189792663476874,0.0016025641025641025,0.0016501650165016502,0.0015360983102918587,0.0015360983102918587,0.003115264797507788,0.0016260162601626016,0.0,0.004464285714285714,0.001589825119236884,0.0016366612111292963,0.0015552099533437014,0.0,0.0016051364365971107,0.0,0.0016806722689075631,0.0030211480362537764,0.0,0.0,0.02003338898163606,0.0,0.0016750418760469012,0.0,0.016129032258064516,0.08966565349544073,0.05601317957166392,0.0,0.003067484662576687,0.004694835680751174,0.1099236641221374,0.055284552845528454,0.0,0.0,0.0,0.0,0.003316749585406302,0.0,0.0047169811320754715,0.0032310177705977385,0.0,0.0015015015015015015,0.0015015015015015015,0.0,0.0,0.008064516129032258,0.0,0.11986863711001643,0.0,0.0016,0.0016556291390728477,0.0017667844522968198,0.0,0.0016260162601626016,0.0033112582781456954,0.0,0.0,0.009966777408637873,0.003484320557491289,0.0030959752321981426,0.0016501650165016502,0.003236245954692557,0.0
2018,1,9,prevalence,0.0015479876160990713,0.0,0.0,0.0,0.0016778523489932886,0.5089430894308943,0.001610305958132045,0.0,0.0016181229773462784,0.0,0.0015923566878980893,0.0016155088852988692,0.0,0.16957210776545167,0.001607717041800643,0.007861635220125786,0.009009009009009009,0.0,0.0,0.00482315112540193,0.004580152671755725,0.003215434083601286,0.18253968253968253,0.0016025641025641025,0.0016666666666666668,0.0,0.0,0.0015698587127158557,0.0,0.0015748031496062992,0.5986842105263158,0.07228915662650602,0.0,0.0015625,0.0,0.0,0.0,0.0,0.001579778830963665,0.0,0.001644736842105263,0.0,0.001597444089456869,0.0,0.0,0.0,0.0,0.1228878648233487,0.009708737864077669,0.0016778523489932886,0.003246753246753247,0.0,0.001594896331738437,0.0015822784810126582,0.0,0.0015698587127158557,0.0016863406408094434,0.003278688524590164,0.0015313935681470138,0.0015723270440251573,0.001607717041800643,0.3832528180354267,0.00338409475465313,0.0031007751937984496,0.0,0.0015432098765432098,0.0,0.0,0.4895330112721417,0.0,0.0033333333333333335,0.003076923076923077,0.0016366612111292963,0.0016207455429497568,0.0015503875968992248,0.02027027027027027,0.0032626427406199023,0.0,0.0,0.0016722408026755853,0.0,0.0016474464579901153,0.0,0.0032102728731942215,0.0016313213703099511,0.0016339869281045752,0.0015723270440251573,0.0033222591362126247,0.0032102728731942215,0.0,0.0,0.0016155088852988692,0.003278688524590164,0.0015527950310559005,0.013961605584642234,0.01384083044982699,0.0,0.001669449081803005,0.0016501650165016502,0.006269592476489028,0.2310177705977383,0.003115264797507788,0.0015873015873015873,0.003129890453834116,0.0,0.0016474464579901153,0.0,0.46140939597315433,0.0016666666666666668,0.19063545150501673,0.003194888178913738,0.0,0.0016233766233766235,0.0,0.0,0.0016722408026755853,0.0016722408026755853,0.0016722408026755853,0.001589825119236884,0.0032520325203252032,0.0,0.0,0.001567398119122257,0.0,0.0,0.0832,0.0,0.0,0.0,0.003430531732418525,0.0016129032258064516,0.0,0.0,0.0,0.001607717041800643,0.003179650238473768,0.0031201248049922,0.0,0.0031446540880503146,0.0015408320493066256,0.0016313213703099511,0.0031397174254317113,0.0031397174254317113,0.001610305958132045,0.0016207455429497568,0.0,0.0045045045045045045,0.0015479876160990713,0.003189792663476874,0.003076923076923077,0.0,0.001597444089456869,0.0,0.003355704697986577,0.007898894154818325,0.0,0.0,0.13590604026845637,0.0,0.0016722408026755853,0.0,0.11356466876971609,0.3369397217928903,0.1867572156196944,0.0,0.0062402496099844,0.0015552099533437014,0.3669172932330827,0.11688311688311688,0.0,0.0,0.001564945226917058,0.001584786053882726,0.0,0.0,0.003179650238473768,0.0031545741324921135,0.0,0.0015267175572519084,0.0015267175572519084,0.0,0.0,0.012965964343598054,0.0,0.25779967159277506,0.0,0.0,0.001692047377326565,0.0017064846416382253,0.001594896331738437,0.022292993630573247,0.03453947368421053,0.0,0.0,0.024630541871921183,0.0,0.0015698587127158557,0.0,0.004901960784313725,0.0
2019,1,9,prevalence,0.0015105740181268882,0.0,0.0,0.0,0.0016366612111292963,0.646481178396072,0.001557632398753894,0.0,0.0,0.0,0.0016025641025641025,0.0015408320493066256,0.0,0.2993421052631579,0.0016286644951140066,0.013996889580093312,0.05648854961832061,0.0,0.0,0.004830917874396135,0.0030627871362940277,0.003189792663476874,0.7975077881619937,0.0016155088852988692,0.0,0.0,0.0,0.0015748031496062992,0.0,0.001584786053882726,0.6341463414634146,0.13201820940819423,0.0,0.0030864197530864196,0.0,0.0,0.0,0.0,0.0064,0.008237232289950576,0.0016750418760469012,0.0,0.001607717041800643,0.0016474464579901153,0.0,0.0,0.0033277870216306157,0.35118110236220473,0.03365384615384615,0.0016339869281045752,0.0016233766233766235,0.0,0.0,0.0015873015873015873,0.0,0.001607717041800643,0.0017421602787456446,0.004885993485342019,0.001589825119236884,0.001567398119122257,0.0,0.744299674267101,0.0017006802721088435,0.0015625,0.0,0.001524390243902439,0.0,0.0,0.6703645007923931,0.0,0.0,0.003110419906687403,0.0,0.001564945226917058,0.007849293563579277,0.10588235294117647,0.004909983633387889,0.0,0.0,0.0016778523489932886,0.0,0.003284072249589491,0.0,0.0030864197530864196,0.0,0.001589825119236884,0.0015822784810126582,0.0,0.0031446540880503146,0.001589825119236884,0.0016233766233766235,0.0016181229773462784,0.0016638935108153079,0.001589825119236884,0.06837606837606838,0.1467116357504216,0.0,0.0,0.0016778523489932886,0.003129890453834116,0.8283828382838284,0.012698412698412698,0.001589825119236884,0.003125,0.0,0.0016181229773462784,0.0,0.6342668863261944,0.0016638935108153079,0.6831683168316832,0.0,0.0,0.0015923566878980893,0.0,0.013223140495867768,0.011784511784511785,0.011784511784511785,0.011784511784511785,0.001610305958132045,0.00322061191626409,0.0,0.0,0.0015267175572519084,0.0,0.0015723270440251573,0.47249190938511326,0.0,0.0,0.0,0.006802721088435374,0.0032414910858995136,0.0,0.0,0.0,0.0016051364365971107,0.0032102728731942215,0.001610305958132045,0.0,0.001610305958132045,0.0,0.0016233766233766235,0.16459627329192547,0.16459627329192547,0.001589825119236884,0.0016611295681063123,0.0,0.0045871559633027525,0.001567398119122257,0.003289473684210526,0.0030959752321981426,0.0016611295681063123,0.0032626427406199023,0.0,0.003424657534246575,0.010687022900763359,0.0,0.0,0.6112026359143328,0.0,0.0016891891891891893,0.007961783439490446,0.641860465116279,0.6445497630331753,0.5150501672240803,0.0,0.004615384615384616,0.0015822784810126582,0.7454819277108434,0.22988505747126436,0.0031847133757961785,0.0,0.001597444089456869,0.0033112582781456954,0.0,0.0,0.003246753246753247,0.0016051364365971107,0.0,0.0015432098765432098,0.0015432098765432098,0.0015432098765432098,0.0,0.05237315875613748,0.0,0.5008103727714749,0.0,0.0,0.001669449081803005,0.0,0.003105590062111801,0.14465408805031446,0.13851351351351351,0.0,0.001597444089456869,0.0496,0.0,0.0015600624024961,0.0,0.004991680532445923,0.0
2020,1,9,prevalence,0.0030211480362537764,0.0,0.0,0.0,0.0,0.4570063694267516,0.0016207455429497568,0.0,0.0,0.0,0.0015873015873015873,0.001557632398753894,0.0015408320493066256,0.44065040650406506,0.0,0.09984639016897082,0.3401574803149606,0.0,0.0015552099533437014,0.003215434083601286,0.0030534351145038168,0.0031645569620253164,0.6248085758039816,0.0015822784810126582,0.0,0.0,0.0,0.0,0.0,0.001594896331738437,0.37439222042139386,0.13541666666666666,0.0,0.004531722054380665,0.0,0.0,0.0,0.0,0.03645007923930269,0.037337662337662336,0.006535947712418301,0.0,0.0,0.0017152658662092624,0.0,0.0,0.022653721682847898,0.5447284345047924,0.14423076923076922,0.00667779632721202,0.0016155088852988692,0.0,0.009230769230769232,0.0016233766233766235,0.0,0.001652892561983471,0.003389830508474576,0.0033112582781456954,0.001607717041800643,0.0015822784810126582,0.0,0.5413290113452188,0.0016666666666666668,0.003179650238473768,0.0,0.0015360983102918587,0.0,0.0,0.4200626959247649,0.0,0.0016806722689075631,0.003194888178913738,0.0,0.001607717041800643,0.014106583072100314,0.4297520661157025,0.00974025974025974,0.00315955766192733,0.0,0.0017064846416382253,0.0,0.02195945945945946,0.0,0.0030441400304414,0.0,0.0,0.0015873015873015873,0.0,0.004622496147919877,0.0015527950310559005,0.0017064846416382253,0.001639344262295082,0.0016556291390728477,0.001594896331738437,0.3250825082508251,0.46511627906976744,0.0,0.0,0.0016420361247947454,0.0,0.6029411764705882,0.02280130293159609,0.0016129032258064516,0.003110419906687403,0.0,0.0031201248049922,0.0,0.5041050903119869,0.0016207455429497568,0.6400651465798045,0.0,0.0,0.0,0.0,0.037337662337662336,0.1969439728353141,0.1969439728353141,0.1969439728353141,0.0016025641025641025,0.0016339869281045752,0.0,0.0,0.0015015015015015015,0.0,0.003129890453834116,0.6947194719471947,0.0,0.0,0.0016474464579901153,0.056896551724137934,0.008051529790660225,0.0,0.0,0.0,0.0,0.0016025641025641025,0.0015360983102918587,0.0,0.0016025641025641025,0.0,0.0,0.8779714738510301,0.8779714738510301,0.0,0.0016556291390728477,0.0,0.001524390243902439,0.001610305958132045,0.0065252854812398045,0.004830917874396135,0.001658374792703151,0.0016051364365971107,0.0,0.0032679738562091504,0.0103397341211226,0.0,0.0,0.6483870967741936,0.0,0.0016233766233766235,0.03322784810126582,0.6671779141104295,0.4876923076923077,0.6183986371379898,0.0,0.003105590062111801,0.0016181229773462784,0.46536144578313254,0.4439178515007899,0.006369426751592357,0.0,0.001567398119122257,0.019769357495881382,0.0,0.0,0.0031201248049922,0.0016129032258064516,0.0,0.007704160246533128,0.007704160246533128,0.0,0.0016611295681063123,0.19873817034700317,0.0,0.5056726094003241,0.0,0.0016233766233766235,0.0016611295681063123,0.0,0.004709576138147566,0.33539412673879443,0.420265780730897,0.0,0.0015873015873015873,0.2231139646869984,0.0,0.0064,0.0,0.005025125628140704,0.0
2021,1,9,prevalence,0.0030816640986132513,0.0,0.0,0.0,0.0,0.2692307692307692,0.0016181229773462784,0.0,0.0,0.0,0.003110419906687403,0.0015873015873015873,0.0015600624024961,0.4578696343402226,0.0,0.5359877488514548,0.7424,0.0,0.003115264797507788,0.0016366612111292963,0.0030911901081916537,0.0032102728731942215,0.39906832298136646,0.0015748031496062992,0.0,0.0,0.0,0.0,0.0,0.0,0.23895253682487724,0.22340425531914893,0.001567398119122257,0.0030627871362940277,0.0,0.0,0.0,0.0033222591362126247,0.12018489984591679,0.2700490998363339,0.02912621359223301,0.011041009463722398,0.0,0.0016806722689075631,0.0,0.0,0.11869918699186992,0.43449419568822556,0.3554119547657512,0.047619047619047616,0.0,0.0,0.03003003003003003,0.0031496062992125984,0.0,0.0015822784810126582,0.0017513134851138354,0.0031847133757961785,0.0015432098765432098,0.0016207455429497568,0.0,0.30647709320695105,0.0016750418760469012,0.0031201248049922,0.0016207455429497568,0.0015220700152207,0.0,0.0,0.2706766917293233,0.0015290519877675841,0.001669449081803005,0.003278688524590164,0.0,0.0015698587127158557,0.0379746835443038,0.7327868852459016,0.04084967320261438,0.020833333333333332,0.0,0.0016339869281045752,0.0,0.04433497536945813,0.0,0.0015432098765432098,0.0,0.0,0.0015455950540958269,0.0,0.004511278195488722,0.0015600624024961,0.0017094017094017094,0.0016556291390728477,0.0,0.001597444089456869,0.7774193548387097,0.7003311258278145,0.0,0.0,0.001610305958132045,0.006230529595015576,0.3867768595041322,0.061389337641357025,0.001597444089456869,0.0015455950540958269,0.0,0.0015503875968992248,0.0,0.30016863406408095,0.0033112582781456954,0.4150641025641026,0.0,0.0,0.0,0.0,0.06132879045996593,0.8498293515358362,0.8498293515358362,0.8498293515358362,0.001557632398753894,0.001557632398753894,0.0,0.0,0.0015503875968992248,0.0,0.007763975155279503,0.4773462783171521,0.0,0.0,0.003278688524590164,0.22998296422487224,0.09233176838810642,0.0015128593040847202,0.0015128593040847202,0.0,0.0,0.001589825119236884,0.0,0.0,0.0015772870662460567,0.0,0.0,0.6661341853035144,0.6661341853035144,0.004893964110929853,0.0016420361247947454,0.0,0.0015082956259426848,0.001639344262295082,0.008183306055646482,0.004846526655896607,0.0016556291390728477,0.001589825119236884,0.0,0.001644736842105263,0.04940119760479042,0.0,0.0,0.45,0.0,0.0016233766233766235,0.1552,0.4878048780487805,0.33229329173166927,0.4397283531409168,0.0,0.003105590062111801,0.001584786053882726,0.26259541984732826,0.5235109717868338,0.0031847133757961785,0.003401360544217687,0.001594896331738437,0.06655844155844155,0.0032948929159802307,0.0,0.001567398119122257,0.0,0.0031645569620253164,0.0529595015576324,0.0529595015576324,0.0,0.0,0.705229793977813,0.0,0.3886178861788618,0.0,0.0016420361247947454,0.001644736842105263,0.0,0.003179650238473768,0.5503875968992248,0.6613418530351438,0.0,0.0016129032258064516,0.6375198728139905,0.0,0.03376205787781351,0.0,0.0033783783783783786,0.0
2022,1,9,prevalence,0.003048780487804878,0.0,0.0,0.0,0.007898894154818325,0.17274167987321712,0.0016,0.0,0.0,0.0,0.0047694753577106515,0.001607717041800643,0.0032258064516129032,0.33914421553090335,0.0,0.6947852760736196,0.4896,0.0,0.0031496062992125984,0.0016286644951140066,0.003003003003003003,0.00482315112540193,0.26160990712074306,0.0,0.0,0.0,0.011345218800648298,0.0,0.0,0.0,0.18151815181518152,0.28858024691358025,0.020440251572327043,0.0030303030303030303,0.0031847133757961785,0.0,0.0,0.01639344262295082,0.5342679127725857,0.8049586776859504,0.1492776886035313,0.03470031545741325,0.0,0.0017271157167530224,0.0,0.0,0.30112721417069244,0.23548922056384744,0.6435483870967742,0.26151315789473684,0.0,0.0,0.11398176291793313,0.0032102728731942215,0.0,0.003125,0.0,0.003246753246753247,0.0015432098765432098,0.001639344262295082,0.0,0.22647527910685805,0.013157894736842105,0.0031007751937984496,0.001597444089456869,0.0015503875968992248,0.0,0.0,0.1458966565349544,0.0015503875968992248,0.0016339869281045752,0.003194888178913738,0.0,0.0,0.14175654853620956,0.45819935691318325,0.30236220472440944,0.10771704180064309,0.0,0.0016155088852988692,0.0112,0.13614262560777957,0.0,0.0,0.0,0.0,0.0,0.0,0.010309278350515464,0.0016207455429497568,0.0034423407917383822,0.0032733224222585926,0.001652892561983471,0.006589785831960461,0.5128617363344051,0.5,0.007739938080495356,0.0,0.001639344262295082,0.02635658914728682,0.2611570247933884,0.21266233766233766,0.0016129032258064516,0.0015082956259426848,0.0,0.0030257186081694403,0.0,0.13856427378964942,0.0033444816053511705,0.2715654952076677,0.0015527950310559005,0.0,0.0,0.0,0.3739565943238731,0.6589785831960461,0.6589785831960461,0.6589785831960461,0.0015527950310559005,0.0,0.0,0.0,0.0,0.0,0.029548989113530325,0.30906148867313915,0.0,0.0015290519877675841,0.0032626427406199023,0.6812816188870152,0.5425361155698234,0.02108433734939759,0.02108433734939759,0.0,0.0,0.001584786053882726,0.0,0.0,0.0,0.0,0.0,0.46526655896607433,0.46526655896607433,0.03782894736842105,0.001669449081803005,0.0,0.001557632398753894,0.0,0.01794453507340946,0.007849293563579277,0.0,0.0015723270440251573,0.0,0.0016611295681063123,0.2341678939617084,0.0015432098765432098,0.0,0.28753993610223644,0.0,0.001644736842105263,0.7392,0.25117739403453687,0.17647058823529413,0.29747899159663865,0.0,0.003105590062111801,0.0,0.15902140672782875,0.34408602150537637,0.006259780907668232,0.005016722408026756,0.0016,0.3198051948051948,0.0180623973727422,0.0015600624024961,0.0,0.0,0.01901743264659271,0.6979332273449921,0.6979332273449921,0.0,0.0,0.6305732484076433,0.0,0.23817292006525284,0.0,0.0016611295681063123,0.0016260162601626016,0.0,0.0032948929159802307,0.47737909516380655,0.4889240506329114,0.0,0.0016025641025641025,0.5466237942122186,0.0,0.22990353697749197,0.0,0.0033333333333333335,0.0
2023,1,9,prevalence,0.0016,0.0,0.0,0.0,0.00322061191626409,0.12841091492776885,0.0,0.0,0.0,0.0,0.036753445635528334,0.0015822784810126582,0.00641025641025641,0.22692889561270801,0.0,0.49768160741885625,0.2990353697749196,0.0,0.0031847133757961785,0.0016129032258064516,0.0030303030303030303,0.004838709677419355,0.1794478527607362,0.0,0.0,0.0,0.024390243902439025,0.001564945226917058,0.0,0.0,0.15894039735099338,0.28100470957613816,0.17993630573248406,0.0030441400304414,0.0031746031746031746,0.0,0.0,0.10726072607260725,0.6749611197511665,0.5825242718446602,0.7752442996742671,0.222397476340694,0.00778816199376947,0.0017006802721088435,0.0,0.0,0.5728155339805825,0.14261460101867574,0.46709470304975925,0.6168521462639109,0.0,0.0,0.4573170731707317,0.0016051364365971107,0.0,0.003125,0.0,0.0032520325203252032,0.0015151515151515152,0.0016207455429497568,0.0,0.17560975609756097,0.045454545454545456,0.0015723270440251573,0.001564945226917058,0.0015503875968992248,0.0,0.0016129032258064516,0.1298904538341158,0.0030581039755351682,0.001692047377326565,0.0032310177705977385,0.0,0.001564945226917058,0.7488584474885844,0.2593192868719611,0.8396946564885496,0.3843594009983361,0.0,0.0016638935108153079,0.0496,0.5344,0.0015923566878980893,0.0,0.0,0.001607717041800643,0.0,0.0,0.006069802731411229,0.0016181229773462784,0.0016666666666666668,0.0016207455429497568,0.003289473684210526,0.044189852700491,0.33980582524271846,0.28903654485049834,0.11949685534591195,0.006279434850863423,0.004991680532445923,0.1669266770670827,0.2042833607907743,0.4407051282051282,0.0015772870662460567,0.0,0.0,0.013574660633484163,0.0,0.1723027375201288,0.0016155088852988692,0.2231139646869984,0.0015923566878980893,0.003110419906687403,0.0,0.0,0.7297297297297297,0.37271214642262895,0.37271214642262895,0.37271214642262895,0.0015552099533437014,0.0,0.0,0.004739336492890996,0.0,0.0,0.17791411042944785,0.2543171114599686,0.0,0.0,0.0032414910858995136,0.6108374384236454,0.7305863708399366,0.09937888198757763,0.09937888198757763,0.0,0.0,0.0015290519877675841,0.003169572107765452,0.0,0.0,0.0015384615384615385,0.0,0.3896940418679549,0.3896940418679549,0.470873786407767,0.0016339869281045752,0.0,0.0015360983102918587,0.0,0.06832298136645963,0.006279434850863423,0.0015923566878980893,0.0,0.0,0.0016835016835016834,0.6637168141592921,0.0015455950540958269,0.0061823802163833074,0.13987138263665594,0.0,0.001652892561983471,0.6340288924558587,0.2197452229299363,0.12074303405572756,0.16447368421052633,0.0,0.0032102728731942215,0.0,0.1140215716486903,0.22308892355694226,0.044753086419753084,0.04180602006688963,0.0,0.6426229508196721,0.061389337641357025,0.0030349013657056147,0.0,0.0,0.040880503144654086,0.7429022082018928,0.7429022082018928,0.0,0.0033783783783783786,0.39001560062402496,0.0015625,0.16237942122186494,0.0015455950540958269,0.008143322475570033,0.0016556291390728477,0.0,0.003430531732418525,0.3328050713153724,0.26153846153846155,0.0,0.0015698587127158557,0.2848,0.0,0.8051529790660226,0.0,0.00338409475465313,0.0
2024,1,9,prevalence,0.001597444089456869,0.0,0.0,0.0,0.003236245954692557,0.11001642036124795,0.0,0.0,0.0,0.0,0.17602427921092564,0.0,0.014240506329113924,0.16463414634146342,0.0,0.33890577507598785,0.23452768729641693,0.0,0.009302325581395349,0.001567398119122257,0.0031201248049922,0.0047694753577106515,0.23124042879019907,0.0,0.0,0.0,0.10440456769983687,0.0016051364365971107,0.0,0.0,0.17627677100494235,0.2539432176656151,0.7689822294022617,0.0030816640986132513,0.0047169811320754715,0.0,0.0,0.4437194127243067,0.4383561643835616,0.37341772151898733,0.6838810641627543,0.6619718309859155,0.012618296529968454,0.0017006802721088435,0.0,0.0016233766233766235,0.48792270531400966,0.07312925170068027,0.3579277864992151,0.5754716981132075,0.0,0.0,0.7153614457831325,0.001597444089456869,0.0014749262536873156,0.003134796238244514,0.0,0.0016806722689075631,0.0,0.0,0.0,0.14424635332252836,0.10884353741496598,0.0,0.0015105740181268882,0.0015723270440251573,0.0,0.0016155088852988692,0.11666666666666667,0.0031201248049922,0.005067567567567568,0.0033003300330033004,0.0,0.0016,0.5996835443037974,0.16910569105691056,0.5862595419847328,0.6551155115511551,0.0,0.0,0.5925324675324676,0.6881028938906752,0.0015923566878980893,0.0,0.0,0.007751937984496124,0.0,0.0,0.018633540372670808,0.0016129032258064516,0.0,0.00482315112540193,0.009584664536741214,0.3078149920255183,0.22778675282714056,0.18407960199004975,0.7925445705024311,0.04821150855365474,0.017828200972447326,0.6047244094488189,0.24440894568690097,0.579454253611557,0.0015600624024961,0.01762114537444934,0.0060882800608828,0.10889570552147239,0.0,0.16323296354992076,0.001589825119236884,0.22615384615384615,0.0015552099533437014,0.12225705329153605,0.0,0.0,0.4683760683760684,0.31466227347611203,0.31466227347611203,0.31466227347611203,0.001607717041800643,0.0,0.0,0.02009273570324575,0.0,0.0,0.5864197530864198,0.2330246913580247,0.0,0.0,0.004918032786885246,0.3969594594594595,0.5,0.4294573643410853,0.4294573643410853,0.0,0.0,0.0,0.01938610662358643,0.0015290519877675841,0.0,0.0015267175572519084,0.0,0.2463768115942029,0.2463768115942029,0.7729549248747913,0.003179650238473768,0.0,0.007704160246533128,0.0031746031746031746,0.27384615384615385,0.006211180124223602,0.0016313213703099511,0.0,0.0,0.0,0.5939849624060151,0.0015479876160990713,0.03125,0.06471494607087827,0.0,0.0015600624024961,0.4696223316912972,0.25236593059936907,0.10064935064935066,0.16422764227642275,0.0,0.0,0.0,0.12422360248447205,0.14968152866242038,0.26456692913385826,0.1833616298811545,0.0,0.5693548387096774,0.2531055900621118,0.003105590062111801,0.01676829268292683,0.0,0.2962962962962963,0.5700483091787439,0.5700483091787439,0.0,0.003316749585406302,0.22741433021806853,0.0015455950540958269,0.12939297124600638,0.0015923566878980893,0.02576489533011272,0.0,0.0031847133757961785,0.0034602076124567475,0.1858267716535433,0.18529862174578868,0.0,0.0016129032258064516,0.16185897435897437,0.0,0.5577557755775577,0.0,0.003278688524590164,0.0
2025,1,9,prevalence,0.0015923566878980893,0.0,0.0,0.0,0.0016129032258064516,0.10149750415973377,0.0,0.0,0.0,0.0,0.5486862442040186,0.0,0.05591054313099041,0.10204081632653061,0.0,0.2,0.19001610305958133,0.0016366612111292963,0.06717557251908397,0.001567398119122257,0.0,0.0032679738562091504,0.16051364365971107,0.0,0.0047169811320754715,0.0,0.42716857610474634,0.0015625,0.0,0.0,0.11494252873563218,0.22698412698412698,0.6076555023923444,0.004830917874396135,0.004846526655896607,0.0,0.0,0.728,0.21987951807228914,0.18729641693811075,0.4845201238390093,0.6270676691729323,0.10584518167456557,0.001718213058419244,0.0,0.0,0.2681744749596123,0.038461538461538464,0.20727848101265822,0.3905996758508914,0.0,0.0015600624024961,0.46259541984732827,0.0,0.011816838995568686,0.0015923566878980893,0.0,0.0015625,0.0015337423312883436,0.0,0.0,0.18181818181818182,0.2762063227953411,0.0,0.009216589861751152,0.0,0.0,0.001597444089456869,0.14329268292682926,0.0030721966205837174,0.005084745762711864,0.0016313213703099511,0.07313195548489666,0.001597444089456869,0.416796267496112,0.18225039619651348,0.36585365853658536,0.4860426929392447,0.0,0.0033277870216306157,0.7402597402597403,0.44844517184942717,0.0032258064516129032,0.0,0.0,0.023809523809523808,0.0,0.0,0.02711323763955343,0.0015625,0.0,0.0491283676703645,0.060842433697347896,0.7912772585669782,0.17903225806451614,0.11235955056179775,0.676818950930626,0.1990811638591118,0.1566068515497553,0.6354992076069731,0.2694136291600634,0.4170542635658915,0.0015220700152207,0.09803921568627451,0.02332814930015552,0.4992272024729521,0.0,0.16220472440944883,0.0,0.1895734597156398,0.0,0.8617886178861789,0.0,0.0015923566878980893,0.2725752508361204,0.2504118616144975,0.2504118616144975,0.2504118616144975,0.0016286644951140066,0.0,0.0,0.3302034428794992,0.0,0.0,0.6416,0.18376722817764166,0.0,0.0015479876160990713,0.013245033112582781,0.24108658743633277,0.3620414673046252,0.6646058732612056,0.6646058732612056,0.0,0.0,0.0,0.12903225806451613,0.0015337423312883436,0.0,0.0015060240963855422,0.0,0.2365415986949429,0.2365415986949429,0.5048231511254019,0.0220125786163522,0.0,0.011041009463722398,0.0,0.7631578947368421,0.006389776357827476,0.001652892561983471,0.0,0.0,0.0,0.37329286798179057,0.0015432098765432098,0.1225114854517611,0.053516819571865444,0.01910828025477707,0.0015432098765432098,0.2642740619902121,0.17711598746081506,0.08934169278996865,0.18211920529801323,0.0,0.0,0.0032258064516129032,0.13225806451612904,0.11774193548387096,0.7278481012658228,0.5499181669394435,0.0,0.3401898734177215,0.6207430340557275,0.007874015748031496,0.19626168224299065,0.0,0.7881219903691814,0.3810316139767055,0.3810316139767055,0.0,0.0016556291390728477,0.16586151368760063,0.001519756838905775,0.08846761453396525,0.0015600624024961,0.08333333333333333,0.0,0.004784688995215311,0.0066555740432612314,0.15109034267912771,0.130568356374808,0.0,0.0016286644951140066,0.10153846153846154,0.0,0.4043261231281198,0.0,0.0016339869281045752,0.0
