Time,age_start,age_end,measure,draw_0,draw_1,draw_2,draw_3,draw_4,draw_5,draw_6,draw_7,draw_8,draw_9,draw_10,draw_11,draw_12,draw_13,draw_14,draw_15,draw_16,draw_17,draw_18,draw_19,draw_20,draw_21,draw_22,draw_23,draw_24,draw_25,draw_26,draw_27,draw_28,draw_29,draw_30,draw_31,draw_32,draw_33,draw_34,draw_35,draw_36,draw_37,draw_38,draw_39,draw_40,draw_41,draw_42,draw_43,draw_44,draw_45,draw_46,draw_47,draw_48,draw_49,draw_50,draw_51,draw_52,draw_53,draw_54,draw_55,draw_56,draw_57,draw_58,draw_59,draw_60,draw_61,draw_62,draw_63,draw_64,draw_65,draw_66,draw_67,draw_68,draw_69,draw_70,draw_71,draw_72,draw_73,draw_74,draw_75,draw_76,draw_77,draw_78,draw_79,draw_80,draw_81,draw_82,draw_83,draw_84,draw_85,draw_86,draw_87,draw_88,draw_89,draw_90,draw_91,draw_92,draw_93,draw_94,draw_95,draw_96,draw_97,draw_98,draw_99,draw_100,draw_101,draw_102,draw_103,draw_104,draw_105,draw_106,draw_107,draw_108,draw_109,draw_110,draw_111,draw_112,draw_113,draw_114,draw_115,draw_116,draw_117,draw_118,draw_119,draw_120,draw_121,draw_122,draw_123,draw_124,draw_125,draw_126,draw_127,draw_128,draw_129,draw_130,draw_131,draw_132,draw_133,draw_134,draw_135,draw_136,draw_137,draw_138,draw_139,draw_140,draw_141,draw_142,draw_143,draw_144,draw_145,draw_146,draw_147,draw_148,draw_149,draw_150,draw_151,draw_152,draw_153,draw_154,draw_155,draw_156,draw_157,draw_158,draw_159,draw_160,draw_161,draw_162,draw_163,draw_164,draw_165,draw_166,draw_167,draw_168,draw_169,draw_170,draw_171,draw_172,draw_173,draw_174,draw_175,draw_176,draw_177,draw_178,draw_179,draw_180,draw_181,draw_182,draw_183,draw_184,draw_185,draw_186,draw_187,draw_188,draw_189,draw_190,draw_191,draw_192,draw_193,draw_194,draw_195,draw_196,draw_197,draw_198,draw_199
1996,1,9,prevalence,0.11371237458193979,0.14583333333333334,0.22575516693163752,0.04697986577181208,0.1990521327014218,0.07006369426751592,0.20411160058737152,0.001579778830963665,0.10339256865912763,0.05333333333333334,0.09172932330827067,0.04213938411669368,0.208,0.06710310965630115,0.058823529411764705,0.00782472613458529,0.10655737704918032,0.033816425120772944,0.06896551724137931,0.11774193548387096,0.10252365930599369,0.0032520325203252032,0.12403100775193798,0.1491628614916286,0.119281045751634,0.10044977511244378,0.031818181818181815,0.07017543859649122,0.059541984732824425,0.0046875,0.10030864197530864,0.09316770186335403,0.056818181818181816,0.09651898734177215,0.15562403697996918,0.05714285714285714,0.027419354838709678,0.10784313725490197,0.0,0.04173106646058733,0.10112359550561797,0.0941358024691358,0.024844720496894408,0.11661341853035144,0.03747870528109029,0.0030911901081916537,0.12275449101796407,0.1015625,0.09050445103857567,0.08427876823338736,0.13859910581222057,0.06430868167202572,0.021148036253776436,0.08668730650154799,0.13960546282245828,0.21153846153846154,0.09337349397590361,0.0873015873015873,0.001610305958132045,0.1650485436893204,0.15270935960591134,0.047987616099071206,0.04838709677419355,0.07573415765069552,0.08634222919937205,0.1480891719745223,0.1280388978930308,0.09146341463414634,0.104,0.10291858678955453,0.1284722222222222,0.030063291139240507,0.1263482280431433,0.1402936378466558,0.08552631578947369,0.09803921568627451,0.14683153013910355,0.175,0.14601769911504425,0.06006006006006006,0.06782334384858044,0.046801872074883,0.07370184254606366,0.09574468085106383,0.07559055118110236,0.0297339593114241,0.14520958083832336,0.046224961479198766,0.08870967741935484,0.0,0.13651315789473684,0.030448717948717948,0.06976744186046512,0.12828947368421054,0.06341463414634146,0.10344827586206896,0.10128617363344052,0.09195402298850575,0.05030487804878049,0.21753246753246752,0.16611842105263158,0.0015360983102918587,0.04874213836477988,0.05608974358974359,0.11242603550295859,0.033707865168539325,0.06477093206951026,0.04375,0.046474358974358976,0.058544303797468354,0.004709576138147566,0.0818452380952381,0.03333333333333333,0.11234177215189874,0.06612903225806452,0.19032761310452417,0.0766721044045677,0.18935837245696402,0.010954616588419406,0.18870967741935485,0.11007751937984496,0.08814102564102565,0.10862619808306709,0.19846153846153847,0.13990461049284578,0.13210445468509985,0.07655502392344497,0.06919275123558484,0.15030674846625766,0.15447154471544716,0.04830917874396135,0.1393841166936791,0.0288,0.003257328990228013,0.12229102167182662,0.05845181674565561,0.0045045045045045045,0.06339144215530904,0.07628524046434494,0.03189792663476874,0.17704918032786884,0.07923930269413629,0.14797507788161993,0.17204301075268819,0.03130148270181219,0.14123376623376624,0.15360983102918588,0.0,0.27601809954751133,0.12334801762114538,0.167192429022082,0.0,0.04141104294478527,0.030100334448160536,0.13416536661466458,0.15419847328244274,0.16296296296296298,0.08964451313755796,0.06396255850234009,0.08540372670807453,0.049475262368815595,0.1098546042003231,0.06581059390048154,0.1540983606557377,0.1731669266770671,0.12153846153846154,0.10200927357032458,0.1069182389937107,0.14645669291338584,0.12962962962962962,0.04813664596273292,0.0197869101978691,0.02247191011235955,0.0,0.048701298701298704,0.1021671826625387,0.11414790996784566,0.1607717041800643,0.08623298033282904,0.030206677265500796,0.04220779220779221,0.0880597014925373,0.02040816326530612,0.18740399385560677,0.0744336569579288,0.221875,0.06521739130434782,0.08544303797468354,0.24592833876221498,0.1841680129240711,0.07654723127035831,0.15821812596006143,0.2910569105691057,0.09854604200323101,0.003125,0.16199376947040497,0.035168195718654434,0.08307210031347963,0.09385113268608414,0.0724191063174114
1997,1,9,prevalence,0.14878892733564014,0.12420382165605096,0.2348993288590604,0.03993344425956739,0.22405271828665568,0.04991680532445923,0.19579288025889968,0.00825082508250825,0.1477832512315271,0.030508474576271188,0.1332263242375602,0.02572347266881029,0.24052718286655683,0.0755336617405583,0.08095238095238096,0.0032948929159802307,0.1254180602006689,0.021172638436482084,0.0632688927943761,0.1490066225165563,0.17100977198697068,0.006745362563237774,0.1509433962264151,0.098256735340729,0.1493288590604027,0.10291858678955453,0.033386327503974564,0.08045977011494253,0.05237315875613748,0.006339144215530904,0.09779179810725552,0.1,0.052202283849918436,0.06040268456375839,0.143317230273752,0.05692307692307692,0.02337228714524207,0.07517482517482517,0.0,0.03834355828220859,0.09602649006622517,0.09854604200323101,0.015822784810126583,0.09968354430379747,0.02333931777378815,0.0016155088852988692,0.09500805152979067,0.10031847133757962,0.0744336569579288,0.08768971332209106,0.16587677725118483,0.07704654895666131,0.02377179080824089,0.11004784688995216,0.20833333333333334,0.23809523809523808,0.09554140127388536,0.05872756933115824,0.006700167504187605,0.1493288590604027,0.13712374581939799,0.0224,0.01896551724137931,0.09389671361502347,0.09455128205128205,0.12207357859531773,0.1212624584717608,0.09419152276295134,0.1140495867768595,0.12480499219968799,0.10638297872340426,0.022508038585209004,0.17563291139240506,0.11564625850340136,0.07807308970099668,0.06050420168067227,0.11501597444089456,0.1812191103789127,0.13097072419106318,0.09523809523809523,0.07575757575757576,0.04926108374384237,0.10166666666666667,0.08463949843260188,0.053833605220228384,0.04180064308681672,0.12985074626865672,0.06260032102728733,0.12521150592216582,0.0,0.1348122866894198,0.02403846153846154,0.08214849921011058,0.14143094841930118,0.06851549755301795,0.08360655737704918,0.07872696817420435,0.10304054054054054,0.046104928457869634,0.19803600654664485,0.16033057851239668,0.001607717041800643,0.06341463414634146,0.06158833063209076,0.09923664122137404,0.04975124378109453,0.05492730210016155,0.039936102236421724,0.022690437601296597,0.05802047781569966,0.005025125628140704,0.048286604361370715,0.018272425249169437,0.10578512396694215,0.07407407407407407,0.20292207792207792,0.07465277777777778,0.17128874388254486,0.004830917874396135,0.16666666666666666,0.13738019169329074,0.09563758389261745,0.12420382165605096,0.16536661466458658,0.15245901639344261,0.11059907834101383,0.07037643207855974,0.060810810810810814,0.1396103896103896,0.13494809688581316,0.04013377926421405,0.14402618657937807,0.0464,0.003257328990228013,0.10426540284360189,0.05741626794258373,0.004746835443037975,0.06873977086743044,0.085,0.02181208053691275,0.11663807890222985,0.07272727272727272,0.15714285714285714,0.2006172839506173,0.03273322422258593,0.1848184818481848,0.11993243243243243,0.00778816199376947,0.2018348623853211,0.10730253353204174,0.1902439024390244,0.0,0.038461538461538464,0.029259896729776247,0.1253968253968254,0.14715189873417722,0.20361990950226244,0.12399355877616747,0.07017543859649122,0.08542713567839195,0.03538461538461538,0.10616438356164383,0.07308970099667775,0.10508474576271186,0.1744186046511628,0.10697674418604651,0.10344827586206896,0.104,0.13195548489666137,0.12416107382550336,0.06666666666666667,0.012944983818770227,0.01675041876046901,0.0016260162601626016,0.0313588850174216,0.19055374592833876,0.07679180887372014,0.1925566343042071,0.057692307692307696,0.0462046204620462,0.039603960396039604,0.1060126582278481,0.0165016501650165,0.2712680577849117,0.10210696920583469,0.20684292379471228,0.06821963394342762,0.09238249594813615,0.19572368421052633,0.12060301507537688,0.08745874587458746,0.09165302782324058,0.2159468438538206,0.15309446254071662,0.003189792663476874,0.14086687306501547,0.020186335403726708,0.08681672025723473,0.09322033898305085,0.08709677419354839
1998,1,9,prevalence,0.20898100172711573,0.08490566037735849,0.22469982847341338,0.02671118530884808,0.18269230769230768,0.046511627906976744,0.266347687400319,0.0049504950495049506,0.1596774193548387,0.05342237061769616,0.1977124183006536,0.024,0.2158154859967051,0.06493506493506493,0.098256735340729,0.0,0.1439873417721519,0.029556650246305417,0.050788091068301226,0.15737704918032788,0.22553897180762852,0.01487603305785124,0.19339622641509435,0.11182108626198083,0.14309764309764308,0.14733542319749215,0.03343949044585987,0.07487520798668885,0.040257648953301126,0.012598425196850394,0.10172143974960876,0.10509554140127389,0.0512396694214876,0.07190635451505016,0.13036303630363036,0.04704097116843703,0.03225806451612903,0.061016949152542375,0.0,0.02021772939346812,0.087248322147651,0.08051529790660225,0.00949367088607595,0.1192368839427663,0.022569444444444444,0.0049833887043189366,0.0946843853820598,0.12283464566929134,0.06741573033707865,0.09915966386554621,0.16558441558441558,0.0889967637540453,0.0165016501650165,0.10188087774294671,0.2563291139240506,0.1734860883797054,0.1024,0.03767660910518053,0.008333333333333333,0.14910858995137763,0.11945392491467577,0.014802631578947368,0.006920415224913495,0.08091603053435115,0.09768211920529801,0.08503401360544217,0.09983633387888707,0.08461538461538462,0.09500805152979067,0.1746031746031746,0.09649122807017543,0.03289473684210526,0.18524590163934426,0.15920398009950248,0.05952380952380952,0.052980132450331126,0.14743589743589744,0.12231404958677686,0.18085106382978725,0.09204368174726989,0.06791171477079797,0.06754530477759473,0.13106796116504854,0.0871559633027523,0.049586776859504134,0.03986710963455149,0.14397496087636932,0.0694006309148265,0.1111111111111111,0.0,0.17098445595854922,0.03531300160513644,0.0811232449297972,0.23339011925042588,0.06482982171799027,0.0679304897314376,0.03220338983050847,0.0893760539629005,0.03645007923930269,0.1856,0.15141430948419302,0.004862236628849271,0.044407894736842105,0.06918238993710692,0.1298904538341158,0.07202680067001675,0.03140495867768595,0.06003159557661927,0.020100502512562814,0.077834179357022,0.003436426116838488,0.034976152623211444,0.013201320132013201,0.09415584415584416,0.06386292834890965,0.18253968253968253,0.085667215815486,0.1904,0.006379585326953748,0.16993464052287582,0.12077294685990338,0.08166666666666667,0.18580060422960726,0.12735849056603774,0.20066889632107024,0.09651898734177215,0.10423452768729642,0.05749128919860627,0.12437810945273632,0.12074829931972789,0.028333333333333332,0.12866449511400652,0.0333889816360601,0.003205128205128205,0.14082278481012658,0.03453947368421053,0.00473186119873817,0.07246376811594203,0.14566284779050737,0.016863406408094434,0.1,0.10784313725490197,0.14171974522292993,0.19936708860759494,0.02280130293159609,0.152317880794702,0.13866231647634583,0.007763975155279503,0.09878419452887538,0.11659192825112108,0.16859504132231404,0.0,0.03064516129032258,0.045454545454545456,0.11846153846153847,0.18270799347471453,0.22021116138763197,0.11935483870967742,0.05229793977812995,0.09197324414715718,0.04294478527607362,0.09166666666666666,0.1302250803858521,0.11904761904761904,0.18566775244299674,0.08620689655172414,0.08962264150943396,0.0995260663507109,0.1299342105263158,0.11442786069651742,0.07729468599033816,0.003289473684210526,0.02735042735042735,0.0016366612111292963,0.02434782608695652,0.16666666666666666,0.08235294117647059,0.15485996705107083,0.04075235109717868,0.06035889070146819,0.030448717948717948,0.09244992295839753,0.016339869281045753,0.22113821138211381,0.09752066115702479,0.14984709480122324,0.07833333333333334,0.10610932475884244,0.1488673139158576,0.08319738988580751,0.09243697478991597,0.043689320388349516,0.24311183144246354,0.21140939597315436,0.0032948929159802307,0.13765822784810128,0.03542673107890499,0.06829268292682927,0.1256198347107438,0.058919803600654665
1999,1,9,prevalence,0.19463087248322147,0.09061488673139159,0.15084745762711865,0.04091653027823241,0.18167202572347266,0.03236797274275979,0.2532051282051282,0.006309148264984227,0.20516962843295639,0.044850498338870434,0.2270450751252087,0.020440251572327043,0.19329073482428116,0.04487179487179487,0.12440191387559808,0.0,0.1596244131455399,0.02027027027027027,0.057692307692307696,0.17687074829931973,0.22975206611570248,0.017035775127768313,0.17845659163987138,0.07754442649434572,0.20588235294117646,0.16199376947040497,0.039603960396039604,0.0782312925170068,0.044189852700491,0.0296875,0.13050314465408805,0.11219512195121951,0.05982905982905983,0.06655574043261231,0.1841680129240711,0.025039123630672927,0.03482587064676617,0.03130148270181219,0.0031545741324921135,0.00949367088607595,0.0905982905982906,0.0915032679738562,0.012841091492776886,0.09335443037974683,0.0189328743545611,0.008183306055646482,0.11256117455138662,0.08832807570977919,0.06041335453100159,0.09364548494983277,0.16612903225806452,0.12207357859531773,0.024390243902439025,0.08090614886731391,0.23961661341853036,0.17391304347826086,0.11875,0.02689873417721519,0.00792393026941363,0.16531604538087522,0.18985270049099837,0.011764705882352941,0.003552397868561279,0.10108864696734059,0.09852216748768473,0.11980033277870217,0.10474631751227496,0.12898089171974522,0.07507987220447285,0.22741935483870968,0.08363636363636363,0.025252525252525252,0.17045454545454544,0.14597315436241612,0.03986710963455149,0.039383561643835614,0.14521452145214522,0.11147540983606558,0.18335901386748846,0.0761904761904762,0.0847457627118644,0.06591639871382636,0.15600624024961,0.09831029185867896,0.04582651391162029,0.0627062706270627,0.13836477987421383,0.08099688473520249,0.1376,0.0,0.19669421487603306,0.044585987261146494,0.0848,0.30847457627118646,0.05392156862745098,0.06070287539936102,0.04513888888888889,0.07008547008547009,0.03354632587859425,0.1795275590551181,0.16057233704292528,0.004975124378109453,0.0453781512605042,0.08914100486223663,0.08141321044546851,0.06118881118881119,0.033444816053511704,0.06729264475743349,0.01854974704890388,0.07885906040268456,0.0017421602787456446,0.03333333333333333,0.014634146341463415,0.07886435331230283,0.052884615384615384,0.19743178170144463,0.09983079526226735,0.19152276295133439,0.003129890453834116,0.16638655462184873,0.1322314049586777,0.11019736842105263,0.1651376146788991,0.08242612752721618,0.1912479740680713,0.1281645569620253,0.09630818619582665,0.05982905982905983,0.09577922077922078,0.09634551495016612,0.024077046548956663,0.15434083601286175,0.04262295081967213,0.0016420361247947454,0.10989010989010989,0.05063291139240506,0.0016181229773462784,0.0528,0.12006578947368421,0.025380710659898477,0.08637873754152824,0.1048252911813644,0.11442006269592477,0.18641390205371247,0.03139717425431711,0.16639741518578352,0.15815485996705106,0.012269938650306749,0.05222734254992319,0.11455108359133127,0.1664025356576862,0.0015151515151515152,0.030894308943089432,0.07032590051457976,0.13719512195121952,0.20673076923076922,0.2033132530120482,0.1419457735247209,0.056,0.06896551724137931,0.0660377358490566,0.13050570962479607,0.1510673234811166,0.13485113835376533,0.14566284779050737,0.0749185667752443,0.10658307210031348,0.11164274322169059,0.1705685618729097,0.18360655737704917,0.07849293563579278,0.016474464579901153,0.03420195439739414,0.004942339373970346,0.046632124352331605,0.13170731707317074,0.05149501661129568,0.12440191387559808,0.024232633279483037,0.07556270096463022,0.03668261562998405,0.08294209702660407,0.011111111111111112,0.1768595041322314,0.1272430668841762,0.10267857142857142,0.12086092715231789,0.07258064516129033,0.13651315789473684,0.10472972972972973,0.09508196721311475,0.05218855218855219,0.18076285240464346,0.20294599018003273,0.003179650238473768,0.12206572769953052,0.04538087520259319,0.050156739811912224,0.13477537437603992,0.05177993527508091
2000,1,9,prevalence,0.17647058823529413,0.04567699836867863,0.1323024054982818,0.027243589743589744,0.2141732283464567,0.06872852233676977,0.2169811320754717,0.004777070063694267,0.25766871165644173,0.03322259136212625,0.2146422628951747,0.025848142164781908,0.15359477124183007,0.025236593059936908,0.1539708265802269,0.0033003300330033004,0.1494435612082671,0.029310344827586206,0.07056798623063683,0.1927512355848435,0.21112929623567922,0.013136288998357963,0.1492063492063492,0.08702791461412152,0.2957983193277311,0.19381107491856678,0.07035175879396985,0.052364864864864864,0.06829268292682927,0.02450229709035222,0.1338709677419355,0.10374149659863946,0.05140961857379768,0.07855973813420622,0.19636963696369636,0.034055727554179564,0.03896103896103896,0.04690117252931323,0.0033003300330033004,0.006349206349206349,0.08739495798319327,0.12682926829268293,0.017350157728706624,0.09516380655226209,0.013136288998357963,0.006535947712418301,0.15730337078651685,0.10323574730354391,0.041935483870967745,0.12289562289562289,0.16366612111292964,0.11056910569105691,0.02159468438538206,0.05732484076433121,0.22115384615384615,0.1611295681063123,0.08520900321543408,0.011111111111111112,0.006472491909385114,0.1547049441786284,0.19809825673534073,0.011363636363636364,0.008960573476702509,0.08240887480190175,0.10344827586206896,0.14795918367346939,0.09951060358890701,0.17504051863857376,0.06018518518518518,0.17109634551495018,0.10843373493975904,0.025210084033613446,0.15448504983388706,0.11480865224625623,0.03177257525083612,0.043478260869565216,0.14332247557003258,0.07894736842105263,0.14668769716088328,0.07108239095315025,0.09135399673735727,0.08263069139966273,0.21178343949044587,0.08294209702660407,0.05423728813559322,0.07177814029363784,0.17936507936507937,0.10987261146496816,0.14446227929373998,0.001610305958132045,0.17990275526742303,0.05901116427432217,0.0768025078369906,0.19898819561551434,0.04730831973898858,0.08121019108280254,0.042328042328042326,0.075,0.025356576862123614,0.18404907975460122,0.16826923076923078,0.00322061191626409,0.03431372549019608,0.06840390879478828,0.07164179104477612,0.07166666666666667,0.03241491085899514,0.05714285714285714,0.028333333333333332,0.09830508474576272,0.0018050541516245488,0.04084967320261438,0.0016339869281045752,0.11217948717948718,0.05016181229773463,0.19110378912685339,0.11558669001751314,0.1826625386996904,0.015479876160990712,0.11480865224625623,0.174496644295302,0.09836065573770492,0.15396578538102643,0.057971014492753624,0.1752411575562701,0.15723270440251572,0.07855973813420622,0.08967851099830795,0.1449511400651466,0.07894736842105263,0.041050903119868636,0.12140575079872204,0.024077046548956663,0.0016313213703099511,0.10776545166402536,0.08688783570300158,0.0016051364365971107,0.05152979066022544,0.12643678160919541,0.03389830508474576,0.06229508196721312,0.14146341463414633,0.11574074074074074,0.2006269592476489,0.02009273570324575,0.1781045751633987,0.16074450084602368,0.02009273570324575,0.029874213836477988,0.15132605304212168,0.16614906832298137,0.0014619883040935672,0.0392156862745098,0.06506849315068493,0.14814814814814814,0.20165289256198346,0.2050520059435364,0.11201298701298701,0.027331189710610933,0.06397306397306397,0.0794912559618442,0.14285714285714285,0.16026711185308848,0.09605488850771869,0.1330049261083744,0.07923930269413629,0.13099041533546327,0.11308562197092084,0.173109243697479,0.19575856443719414,0.12057877813504823,0.017482517482517484,0.055284552845528454,0.006482982171799027,0.06401384083044982,0.07742998352553541,0.06435643564356436,0.07364975450081833,0.016286644951140065,0.07814992025518341,0.03273322422258593,0.10730948678071539,0.019230769230769232,0.13170731707317074,0.17313915857605178,0.09239940387481371,0.1371900826446281,0.10914927768860354,0.14331210191082802,0.12186978297161936,0.10833333333333334,0.07345575959933222,0.23898305084745763,0.24455611390284757,0.004746835443037975,0.11058451816745656,0.03459119496855346,0.03834355828220859,0.17353951890034364,0.05718954248366013
2001,1,9,prevalence,0.16613418530351437,0.0631911532385466,0.08833333333333333,0.0554675118858954,0.22990353697749197,0.08319467554076539,0.21900161030595813,0.003215434083601286,0.3435114503816794,0.013468013468013467,0.16188870151770657,0.01901743264659271,0.11348684210526316,0.03656597774244833,0.14696485623003194,0.00819672131147541,0.13782542113323124,0.03166666666666667,0.07094594594594594,0.1791530944625407,0.15847860538827258,0.019639934533551555,0.17418351477449456,0.09539473684210527,0.2808798646362098,0.23961661341853036,0.06622516556291391,0.04974271012006861,0.08709677419354839,0.02073365231259968,0.125,0.10118043844856661,0.07236842105263158,0.09577922077922078,0.13136288998357964,0.03894080996884735,0.03322259136212625,0.030456852791878174,0.0016260162601626016,0.00487012987012987,0.07333333333333333,0.18108974358974358,0.029874213836477988,0.0633693972179289,0.012903225806451613,0.008130081300813009,0.1910828025477707,0.1515625,0.04146730462519936,0.14833333333333334,0.16722972972972974,0.12012987012987013,0.006472491909385114,0.0641025641025641,0.19365609348914858,0.13821138211382114,0.08045977011494253,0.012944983818770227,0.004807692307692308,0.13836477987421383,0.21474358974358973,0.006535947712418301,0.009124087591240875,0.10749185667752444,0.11932773109243698,0.1040650406504065,0.08828250401284109,0.24040066777963273,0.06984126984126984,0.14539579967689822,0.125,0.015126050420168067,0.12897822445561138,0.08774834437086093,0.03273322422258593,0.04639175257731959,0.15294117647058825,0.10032894736842106,0.12559618441971382,0.09309791332263243,0.08675078864353312,0.10099337748344371,0.24646781789638933,0.05573248407643312,0.06086956521739131,0.08240887480190175,0.15822784810126583,0.15127388535031847,0.13694267515923567,0.0031645569620253164,0.1331168831168831,0.06482982171799027,0.08702290076335878,0.18120805369127516,0.040453074433656956,0.04709576138147567,0.054481546572934976,0.06467661691542288,0.0290519877675841,0.2057057057057057,0.14893617021276595,0.0033333333333333335,0.024390243902439025,0.054187192118226604,0.08029197080291971,0.07475083056478406,0.024630541871921183,0.04081632653061224,0.013179571663920923,0.08013355592654424,0.010507880910683012,0.024154589371980676,0.0,0.09646302250803858,0.06310679611650485,0.17092651757188498,0.13389830508474576,0.17894736842105263,0.01929260450160772,0.07987220447284345,0.19047619047619047,0.10231023102310231,0.11248073959938366,0.04643449419568822,0.17341977309562398,0.12599681020733652,0.083596214511041,0.10535405872193437,0.11935483870967742,0.06026058631921824,0.027777777777777776,0.1040650406504065,0.02830188679245283,0.0,0.08307210031347963,0.10551181102362205,0.0031007751937984496,0.03296703296703297,0.14332247557003258,0.03684210526315789,0.061872909698996656,0.11505922165820642,0.107981220657277,0.1859375,0.02631578947368421,0.16176470588235295,0.16695059625212946,0.04173106646058733,0.028831562974203338,0.1435257410296412,0.2085889570552147,0.0,0.06045751633986928,0.06920415224913495,0.12792511700468018,0.20525451559934318,0.19726858877086495,0.10180623973727422,0.020202020202020204,0.04643449419568822,0.11274509803921569,0.22039473684210525,0.18536585365853658,0.15604026845637584,0.15650741350906094,0.07792207792207792,0.15772870662460567,0.1059190031152648,0.17003367003367004,0.265,0.14263074484944532,0.024691358024691357,0.04966887417218543,0.003305785123966942,0.04847396768402154,0.059870550161812294,0.09061488673139159,0.04931972789115646,0.008116883116883116,0.08150470219435736,0.027419354838709678,0.1265625,0.0112,0.09046052631578948,0.19778481012658228,0.09818731117824774,0.21197411003236247,0.11942675159235669,0.11764705882352941,0.14735099337748345,0.08279220779220779,0.06239460370994941,0.272875816993464,0.25597269624573377,0.003179650238473768,0.1150855365474339,0.044850498338870434,0.022727272727272728,0.16326530612244897,0.07003257328990228
2002,1,9,prevalence,0.10759493670886076,0.0794912559618442,0.08403361344537816,0.05388272583201268,0.24803767660910517,0.12745098039215685,0.20627062706270627,0.004724409448818898,0.27617602427921095,0.008361204013377926,0.10204081632653061,0.026984126984126985,0.07011686143572621,0.051070840197693576,0.14125200642054575,0.021702838063439065,0.13260530421216848,0.03104575163398693,0.08471760797342193,0.10596026490066225,0.1171875,0.01631321370309951,0.19135802469135801,0.0945273631840796,0.21782178217821782,0.27596899224806204,0.0821917808219178,0.061016949152542375,0.1492776886035313,0.0202808112324493,0.10862619808306709,0.11472602739726027,0.0946843853820598,0.10064935064935066,0.12624584717607973,0.09577922077922078,0.0405616224648986,0.03523489932885906,0.001607717041800643,0.0048,0.05813953488372093,0.21138211382113822,0.03894080996884735,0.0609375,0.008038585209003215,0.0033003300330033004,0.18799368088467613,0.13076923076923078,0.05115511551155116,0.09586776859504133,0.20689655172413793,0.12913385826771653,0.011345218800648298,0.07484076433121019,0.1718494271685761,0.17567567567567569,0.08723747980613894,0.014657980456026058,0.008143322475570033,0.11410459587955626,0.2109500805152979,0.009404388714733543,0.017513134851138354,0.10876623376623376,0.11544991511035653,0.08709677419354839,0.1282051282051282,0.23202614379084968,0.036741214057507986,0.125,0.13036020583190394,0.021487603305785124,0.10526315789473684,0.11251980982567353,0.03420195439739414,0.045531197301854974,0.16013628620102216,0.07781456953642384,0.0959349593495935,0.07827476038338659,0.08878504672897196,0.11960132890365449,0.22118380062305296,0.05863192182410423,0.056896551724137934,0.06578947368421052,0.196513470681458,0.16,0.127831715210356,0.003205128205128205,0.10912052117263844,0.07006369426751592,0.05972434915773354,0.19484702093397746,0.02631578947368421,0.04983922829581994,0.04318936877076412,0.09735973597359736,0.03003003003003003,0.1935483870967742,0.14930015552099535,0.004991680532445923,0.029411764705882353,0.03648424543946932,0.07320644216691069,0.07928802588996764,0.021241830065359478,0.033690658499234305,0.025806451612903226,0.06372549019607843,0.005235602094240838,0.013114754098360656,0.0016556291390728477,0.14790996784565916,0.09554140127388536,0.17156105100463678,0.12040133779264214,0.2556732223903177,0.02875399361022364,0.053712480252764615,0.1611785095320624,0.12044374009508717,0.0864,0.04745762711864407,0.12698412698412698,0.09335443037974683,0.04503105590062112,0.09401709401709402,0.10099337748344371,0.0673076923076923,0.027823240589198037,0.09136212624584718,0.03980891719745223,0.0,0.1111111111111111,0.141287284144427,0.006125574272588055,0.024,0.2467948717948718,0.05008944543828265,0.06774193548387097,0.09764309764309764,0.10685805422647528,0.19359756097560976,0.03317535545023697,0.12924071082390953,0.16583747927031509,0.08964451313755796,0.009202453987730062,0.10289389067524116,0.15657311669128507,0.0015060240963855422,0.08346972176759411,0.07094594594594594,0.12924071082390953,0.16917922948073702,0.13010590015128592,0.14376996805111822,0.025466893039049237,0.035483870967741936,0.12419354838709677,0.21818181818181817,0.2144,0.19669421487603306,0.1147011308562197,0.06776859504132231,0.1449511400651466,0.10403726708074534,0.17637271214642264,0.23597359735973597,0.13145539906103287,0.04401408450704225,0.0732899022801303,0.005,0.04553734061930783,0.039936102236421724,0.14144736842105263,0.04674457429048414,0.014173228346456693,0.09402985074626866,0.013157894736842105,0.10790273556231003,0.006339144215530904,0.10891089108910891,0.1772357723577236,0.08398133748055987,0.26537216828478966,0.16536661466458658,0.13416536661466458,0.13827993254637436,0.06310679611650485,0.0641025641025641,0.31811023622047246,0.23305785123966943,0.0031847133757961785,0.102803738317757,0.04697986577181208,0.02556390977443609,0.1564625850340136,0.06885758998435054
2003,1,9,prevalence,0.09672131147540984,0.10526315789473684,0.053691275167785234,0.052715654952076675,0.3380281690140845,0.14521452145214522,0.14638157894736842,0.009538950715421303,0.2054380664652568,0.005016722408026756,0.12146422628951747,0.0218408736349454,0.07260726072607261,0.07933884297520662,0.1347068145800317,0.024475524475524476,0.062402496099843996,0.026490066225165563,0.12071778140293637,0.08038585209003216,0.09782608695652174,0.024077046548956663,0.1646153846153846,0.0779436152570481,0.2168284789644013,0.3191823899371069,0.0829103214890017,0.07666666666666666,0.13064516129032258,0.01078582434514638,0.1289308176100629,0.08041958041958042,0.13495934959349593,0.1147011308562197,0.11262798634812286,0.15555555555555556,0.026153846153846153,0.07201309328968904,0.0015873015873015873,0.004878048780487805,0.11400651465798045,0.24297520661157024,0.054773082942097026,0.0724191063174114,0.00482315112540193,0.0016556291390728477,0.17174959871589085,0.1419753086419753,0.08,0.11582381729200653,0.19243986254295534,0.1320754716981132,0.003424657534246575,0.11423841059602649,0.1318864774624374,0.16006884681583478,0.09485530546623794,0.02127659574468085,0.009884678747940691,0.07911392405063292,0.17903225806451614,0.031446540880503145,0.020869565217391306,0.13672496025437203,0.11092150170648464,0.11447811447811448,0.08507223113964688,0.19391025641025642,0.046104928457869634,0.09569377990430622,0.16910569105691056,0.024311183144246355,0.07166666666666667,0.12643678160919541,0.038523274478330656,0.07011686143572621,0.13989637305699482,0.08399366085578447,0.07730263157894737,0.07213114754098361,0.0949367088607595,0.1077943615257048,0.21319018404907975,0.06946688206785137,0.04957264957264957,0.050955414012738856,0.21293375394321767,0.1592356687898089,0.08012820512820513,0.003236245954692557,0.10509554140127389,0.07198748043818466,0.05405405405405406,0.17246835443037975,0.05519480519480519,0.07666666666666666,0.04952076677316294,0.06478405315614617,0.02748091603053435,0.1582952815829528,0.16718266253869968,0.0032258064516129032,0.016556291390728478,0.03648424543946932,0.06363636363636363,0.08856682769726248,0.02823920265780731,0.049206349206349205,0.024916943521594685,0.07028753993610223,0.0,0.016666666666666666,0.009771986970684038,0.14991762767710048,0.14376996805111822,0.11492537313432835,0.07692307692307693,0.22620904836193448,0.03803486529318542,0.04120443740095087,0.19964973730297722,0.07790143084260731,0.07476635514018691,0.02768166089965398,0.10223642172523961,0.10696920583468396,0.03288490284005979,0.15126050420168066,0.09250398724082935,0.07898894154818326,0.03333333333333333,0.07278481012658228,0.07941653160453808,0.0,0.0944,0.18914728682170542,0.015600624024960999,0.056818181818181816,0.2128,0.07388316151202749,0.07894736842105263,0.1319796954314721,0.10371517027863777,0.1892744479495268,0.03639240506329114,0.10662358642972536,0.1549053356282272,0.11580594679186229,0.0109375,0.07223113964686999,0.1316931982633864,0.0015479876160990713,0.06951026856240126,0.06890756302521009,0.17903225806451614,0.12776831345826234,0.0780559646539028,0.12,0.02054794520547945,0.04404567699836868,0.14913657770800628,0.23263327948303716,0.2467948717948718,0.1760797342192691,0.10914927768860354,0.05237315875613748,0.11348684210526316,0.10510046367851623,0.18330605564648117,0.18407960199004975,0.125,0.029159519725557463,0.04472843450479233,0.01001669449081803,0.03597122302158273,0.05263157894736842,0.1761904761904762,0.07035175879396985,0.03761755485893417,0.07547169811320754,0.008278145695364239,0.10268562401263823,0.009630818619582664,0.08133971291866028,0.13192182410423453,0.0701219512195122,0.22413793103448276,0.14465408805031446,0.11335403726708075,0.16666666666666666,0.038338658146964855,0.05055292259083728,0.33811802232854865,0.17880794701986755,0.003189792663476874,0.12693498452012383,0.05032467532467533,0.02556390977443609,0.12071778140293637,0.057722308892355696
2004,1,9,prevalence,0.10638297872340426,0.1116584564860427,0.059800664451827246,0.05718954248366013,0.29356357927786497,0.1630971993410214,0.20888157894736842,0.01282051282051282,0.19672131147540983,0.007987220447284345,0.09655172413793103,0.022257551669316374,0.0732484076433121,0.10289389067524116,0.10610932475884244,0.018998272884283247,0.061633281972265024,0.011647254575707155,0.12939297124600638,0.0912,0.05826771653543307,0.02572347266881029,0.20031545741324921,0.09219858156028368,0.176759410801964,0.26580226904376014,0.08163265306122448,0.05747126436781609,0.1270358306188925,0.020123839009287926,0.14603174603174604,0.08216783216783216,0.1625615763546798,0.132890365448505,0.11437908496732026,0.1570945945945946,0.0171875,0.08631921824104234,0.001579778830963665,0.02922077922077922,0.12238325281803543,0.2896890343698854,0.08082408874801902,0.12598425196850394,0.014563106796116505,0.008375209380234505,0.17363344051446947,0.15360983102918588,0.11219512195121951,0.12438625204582651,0.1563573883161512,0.12314540059347182,0.005128205128205128,0.10066006600660066,0.16666666666666666,0.1273344651952462,0.11305732484076433,0.020933977455716585,0.009708737864077669,0.027649769585253458,0.1527331189710611,0.03815580286168521,0.023931623931623933,0.14378029079159935,0.1157167530224525,0.09719934102141681,0.0608,0.16984126984126985,0.050393700787401574,0.10749185667752444,0.16585365853658537,0.042789223454833596,0.06105610561056106,0.1166407465007776,0.046104928457869634,0.05272108843537415,0.13162393162393163,0.08025682182985554,0.06666666666666667,0.06197654941373534,0.0963302752293578,0.08881578947368421,0.16200294550810015,0.04617834394904458,0.059726962457337884,0.0593900481540931,0.21639344262295082,0.16901408450704225,0.05177993527508091,0.003129890453834116,0.11639344262295082,0.06944444444444445,0.057660626029654036,0.15,0.043478260869565216,0.09411764705882353,0.03915171288743882,0.07166666666666667,0.030534351145038167,0.1062215477996965,0.13587786259541984,0.003246753246753247,0.014657980456026058,0.032,0.07218045112781955,0.07802547770700637,0.049069373942470386,0.05172413793103448,0.014469453376205787,0.08617886178861789,0.015706806282722512,0.03150912106135987,0.00641025641025641,0.20302013422818793,0.21935483870967742,0.09687034277198212,0.10066006600660066,0.225114854517611,0.040983606557377046,0.02912621359223301,0.2706896551724138,0.09133858267716535,0.07926829268292683,0.027303754266211604,0.10096153846153846,0.07178631051752922,0.03143712574850299,0.16176470588235295,0.09163987138263666,0.08814102564102565,0.018867924528301886,0.0649546827794562,0.09032258064516129,0.0015527950310559005,0.09047619047619047,0.20684292379471228,0.006125574272588055,0.04597701149425287,0.2659235668789809,0.06610169491525424,0.09555189456342669,0.17195325542570952,0.09134615384615384,0.15146831530139104,0.04006410256410257,0.11848341232227488,0.15042735042735042,0.1267387944358578,0.007874015748031496,0.07046979865771812,0.11127379209370425,0.003115264797507788,0.12792511700468018,0.0924092409240924,0.19838709677419356,0.12736660929432014,0.07164634146341463,0.10584518167456557,0.021052631578947368,0.06991869918699187,0.1130030959752322,0.19476268412438624,0.23659305993690852,0.15522875816993464,0.09523809523809523,0.0594059405940594,0.1488673139158576,0.09161490683229814,0.15136876006441224,0.10696920583468396,0.12933753943217666,0.033444816053511704,0.03349282296650718,0.014705882352941176,0.029310344827586206,0.09442724458204334,0.21144674085850557,0.09017713365539452,0.052307692307692305,0.08487654320987655,0.018456375838926176,0.13416536661466458,0.01935483870967742,0.0734094616639478,0.14170692431561996,0.07384615384615385,0.179080824088748,0.14126984126984127,0.10204081632653061,0.16806722689075632,0.01729559748427673,0.04983922829581994,0.26738794435857804,0.15702479338842976,0.003129890453834116,0.10975609756097561,0.07210031347962383,0.025525525525525526,0.16830065359477125,0.06299212598425197
2005,1,9,prevalence,0.13942307692307693,0.12897822445561138,0.0779436152570481,0.049069373942470386,0.2358642972536349,0.12929623567921442,0.21621621621621623,0.013071895424836602,0.17404129793510326,0.009287925696594427,0.08188153310104529,0.008025682182985553,0.0840064620355412,0.1136,0.09365079365079365,0.027491408934707903,0.059907834101382486,0.018425460636515914,0.14331210191082802,0.08870967741935484,0.0390015600624025,0.024232633279483037,0.16666666666666666,0.07880910683012259,0.11932773109243698,0.22820919175911253,0.05115511551155116,0.048013245033112585,0.10823909531502424,0.02511773940345369,0.09233176838810642,0.0817391304347826,0.1777408637873754,0.1407528641571195,0.10166666666666667,0.1783876500857633,0.0220125786163522,0.07974481658692185,0.0016207455429497568,0.04809286898839138,0.1584,0.25249169435215946,0.09379968203497616,0.15241057542768274,0.012539184952978056,0.022146507666098807,0.13355048859934854,0.14152410575427682,0.14238952536824878,0.15569823434991975,0.14310051107325383,0.1320754716981132,0.00667779632721202,0.07131011608623548,0.1563573883161512,0.14285714285714285,0.06359300476947535,0.014173228346456693,0.0049504950495049506,0.0438871473354232,0.13722397476340695,0.026813880126182965,0.04869565217391304,0.151033386327504,0.11015490533562823,0.04739336492890995,0.08626198083067092,0.13500784929356358,0.04874213836477988,0.14354066985645933,0.16451612903225807,0.033123028391167195,0.07060755336617405,0.14748784440842788,0.056451612903225805,0.03333333333333333,0.08985024958402663,0.07258064516129033,0.09046052631578948,0.044481054365733116,0.08384146341463415,0.10551948051948051,0.10090361445783133,0.0457516339869281,0.09931506849315068,0.08914100486223663,0.2019704433497537,0.17014446227929375,0.044481054365733116,0.004885993485342019,0.10932475884244373,0.06614173228346457,0.059113300492610835,0.10047095761381476,0.05177993527508091,0.13851351351351351,0.04707792207792208,0.09816971713810316,0.02147239263803681,0.09295352323838081,0.09937888198757763,0.013245033112582781,0.03453947368421053,0.06070287539936102,0.08952959028831563,0.07131782945736434,0.04047217537942664,0.08333333333333333,0.022508038585209004,0.08239095315024232,0.03608247422680412,0.023529411764705882,0.004901960784313725,0.19934640522875818,0.23125996810207336,0.09603658536585366,0.10016420361247948,0.1796875,0.03715670436187399,0.03453947368421053,0.18845500848896435,0.08087091757387248,0.09090909090909091,0.028169014084507043,0.1140625,0.08562197092084006,0.02967359050445104,0.19607843137254902,0.12096774193548387,0.09305993690851735,0.03354632587859425,0.07022900763358779,0.0754414125200642,0.001557632398753894,0.10260336906584992,0.16692426584234932,0.012403100775193798,0.043478260869565216,0.19318181818181818,0.07060755336617405,0.07718120805369127,0.16040955631399317,0.049019607843137254,0.14786585365853658,0.03139717425431711,0.14146341463414633,0.10452961672473868,0.1567043618739903,0.011041009463722398,0.06818181818181818,0.1344165435745938,0.006359300476947536,0.0973724884080371,0.1127946127946128,0.1886178861788618,0.07692307692307693,0.05417956656346749,0.0953125,0.017857142857142856,0.04404567699836868,0.0995260663507109,0.14100486223662884,0.19122257053291536,0.19224555735056542,0.1290824261275272,0.03980099502487562,0.13651315789473684,0.11297709923664122,0.09771986970684039,0.09584664536741214,0.14106583072100312,0.022222222222222223,0.024077046548956663,0.017543859649122806,0.04201680672268908,0.09105180533751962,0.22843450479233227,0.10542635658914729,0.06645569620253164,0.10703363914373089,0.031198686371100164,0.10416666666666667,0.02258064516129032,0.08832807570977919,0.10372771474878444,0.07814992025518341,0.14674735249621784,0.1392,0.09076682316118936,0.13666666666666666,0.009404388714733543,0.08972267536704731,0.27682737169517885,0.14480408858603067,0.0031201248049922,0.10188087774294671,0.10749185667752444,0.02,0.16638655462184873,0.0935483870967742
2006,1,9,prevalence,0.21197411003236247,0.17218543046357615,0.09003215434083602,0.07401315789473684,0.15179968701095461,0.12560386473429952,0.28040540540540543,0.008264462809917356,0.17113095238095238,0.027950310559006212,0.06020066889632107,0.027642276422764227,0.09621451104100946,0.11182108626198083,0.08280254777070063,0.04931972789115646,0.04468412942989214,0.028862478777589132,0.15262321144674085,0.0970873786407767,0.02047244094488189,0.03442622950819672,0.16825396825396827,0.06055363321799308,0.12337662337662338,0.15481832543443919,0.033925686591276254,0.05065359477124183,0.1310452418096724,0.03322784810126582,0.06129032258064516,0.08376963350785341,0.20521172638436483,0.191869918699187,0.10732538330494037,0.18989547038327526,0.01579778830963665,0.07496012759170653,0.0016260162601626016,0.11458333333333333,0.18604651162790697,0.20165289256198346,0.10610932475884244,0.11428571428571428,0.015313935681470138,0.025295109612141653,0.1383147853736089,0.14152410575427682,0.17552334943639292,0.1553398058252427,0.14634146341463414,0.15870570107858242,0.009787928221859706,0.061224489795918366,0.09644670050761421,0.16859504132231404,0.09262166405023547,0.028662420382165606,0.008333333333333333,0.03599374021909233,0.14424635332252836,0.027419354838709678,0.05922165820642978,0.13225806451612904,0.09490333919156414,0.050393700787401574,0.09238249594813615,0.14125200642054575,0.05446293494704992,0.19488817891373802,0.12460063897763578,0.03727714748784441,0.06833333333333333,0.13344051446945338,0.05669291338582677,0.023140495867768594,0.09268292682926829,0.08032786885245902,0.07899159663865546,0.027633851468048358,0.07369942196531792,0.06902086677367576,0.08748114630467571,0.05194805194805195,0.11314475873544093,0.04823151125401929,0.20100502512562815,0.20431893687707642,0.03571428571428571,0.01610305958132045,0.09090909090909091,0.07198748043818466,0.04754358161648178,0.11580594679186229,0.07755775577557755,0.12351945854483926,0.05329153605015674,0.07084019769357495,0.007763975155279503,0.1004566210045662,0.10742496050552923,0.018032786885245903,0.047540983606557376,0.10673234811165845,0.09603658536585366,0.061806656101426306,0.04325259515570934,0.04983922829581994,0.03125,0.05826771653543307,0.0333889816360601,0.044673539518900345,0.003134796238244514,0.17341977309562398,0.19471947194719472,0.09715994020926756,0.12106135986733002,0.13530326594090203,0.05555555555555555,0.024154589371980676,0.17077175697865354,0.09828393135725429,0.09172932330827067,0.03374777975133215,0.12422360248447205,0.08842443729903537,0.032904148783977114,0.18512396694214875,0.12680577849117175,0.11755485893416928,0.025078369905956112,0.06821705426356589,0.07679738562091504,0.0015822784810126582,0.11609907120743033,0.14946070878274267,0.02118003025718608,0.059602649006622516,0.15359477124183007,0.04516129032258064,0.06976744186046512,0.14646464646464646,0.04950495049504951,0.13050314465408805,0.051580698835274545,0.1547049441786284,0.12351945854483926,0.12046204620462046,0.019230769230769232,0.04470198675496689,0.16084977238239756,0.006299212598425197,0.10015408320493066,0.131175468483816,0.15196078431372548,0.06794425087108014,0.08809891808346214,0.12082670906200318,0.014134275618374558,0.03577235772357724,0.0755336617405583,0.12678288431061807,0.13384615384615384,0.2159090909090909,0.1357254290171607,0.06217616580310881,0.09728867623604466,0.1806853582554517,0.08688524590163935,0.09838709677419355,0.15275590551181104,0.03278688524590164,0.030206677265500796,0.017915309446254073,0.04597701149425287,0.09105180533751962,0.2697160883280757,0.12857142857142856,0.12025316455696203,0.10075187969924812,0.006633499170812604,0.1104,0.03940886699507389,0.10383386581469649,0.07830342577487764,0.061872909698996656,0.13292117465224113,0.14471544715447154,0.07754442649434572,0.1330049261083744,0.004594180704441042,0.11148086522462562,0.2539936102236422,0.12798634812286688,0.003129890453834116,0.12222222222222222,0.09562398703403566,0.02472952086553323,0.15912897822445563,0.08493589743589744
2007,1,9,prevalence,0.30033003300330036,0.1905564924114671,0.10372771474878444,0.08210180623973727,0.1206896551724138,0.17170111287758347,0.30329289428076256,0.01658374792703151,0.17928902627511592,0.04468412942989214,0.03273322422258593,0.02337228714524207,0.13679245283018868,0.09951845906902086,0.0848,0.07612456747404844,0.033123028391167195,0.03872053872053872,0.13112164296998421,0.10586319218241043,0.0296875,0.03859060402684564,0.14215686274509803,0.05281090289608177,0.13364779874213836,0.13664596273291926,0.0272,0.024630541871921183,0.1344,0.020967741935483872,0.04492512479201331,0.08117443868739206,0.13614262560777957,0.20352564102564102,0.135,0.14762741652021089,0.030395136778115502,0.11464968152866242,0.0,0.13527397260273974,0.2308868501529052,0.15966386554621848,0.10737179487179487,0.15953947368421054,0.010736196319018405,0.06525285481239804,0.12130637636080871,0.1473851030110935,0.1664050235478807,0.20583468395461912,0.08159722222222222,0.1776416539050536,0.006600660066006601,0.038128249566724434,0.10738255033557047,0.13856427378964942,0.08809891808346214,0.0627062706270627,0.015570934256055362,0.04595879556259905,0.19904458598726116,0.02358490566037736,0.041666666666666664,0.11793214862681745,0.12347826086956522,0.05108359133126935,0.04559748427672956,0.11783960720130933,0.060882800608828,0.1934477379095164,0.10823909531502424,0.025437201907790145,0.08032786885245902,0.1308562197092084,0.05388272583201268,0.03278688524590164,0.09917355371900827,0.10082644628099173,0.11993243243243243,0.06598984771573604,0.05365126676602087,0.06591639871382636,0.05446293494704992,0.06546644844517185,0.12416107382550336,0.04395604395604396,0.20941558441558442,0.21870047543581617,0.0210016155088853,0.011363636363636364,0.08589951377633712,0.06033182503770739,0.049099836333878884,0.10046367851622875,0.1500815660685155,0.15851602023608768,0.08062015503875969,0.07260726072607261,0.009302325581395349,0.10681114551083591,0.1672077922077922,0.012759170653907496,0.0636215334420881,0.11620294599018004,0.07142857142857142,0.08396946564885496,0.03767123287671233,0.0368,0.02384737678855326,0.05,0.023178807947019868,0.046357615894039736,0.004694835680751174,0.18688524590163935,0.132013201320132,0.12957317073170732,0.10578512396694215,0.12669683257918551,0.02912621359223301,0.019543973941368076,0.15772357723577235,0.1047040971168437,0.05972434915773354,0.03103448275862069,0.1424287856071964,0.11374407582938388,0.03129657228017884,0.13628899835796388,0.14006514657980457,0.08253968253968254,0.03987730061349693,0.0578125,0.07980456026058631,0.0015748031496062992,0.0949367088607595,0.15279878971255673,0.010385756676557863,0.08067226890756303,0.1270358306188925,0.06612903225806452,0.07046979865771812,0.19864176570458403,0.06375838926174497,0.10142630744849446,0.05555555555555555,0.1380952380952381,0.1164021164021164,0.10841423948220065,0.04739336492890995,0.038461538461538464,0.125,0.008130081300813009,0.10461538461538461,0.12701252236135957,0.1188118811881188,0.07228915662650602,0.0686427457098284,0.11912225705329153,0.012048192771084338,0.041666666666666664,0.03691813804173355,0.1262135922330097,0.15251572327044025,0.13452188006482982,0.15912636505460218,0.07333333333333333,0.08507223113964688,0.17488076311605724,0.08306188925081433,0.0779436152570481,0.10789049919484701,0.04051863857374392,0.04567699836867863,0.011146496815286623,0.05863192182410423,0.0913312693498452,0.2302839116719243,0.14218009478672985,0.18849840255591055,0.12917933130699089,0.01839464882943144,0.08319738988580751,0.043548387096774194,0.09797822706065319,0.05263157894736842,0.057724957555178265,0.1080669710806697,0.13452188006482982,0.07827476038338659,0.11616161616161616,0.00906344410876133,0.08585858585858586,0.2028985507246377,0.16351118760757316,0.0015267175572519084,0.13614262560777957,0.0744336569579288,0.0405616224648986,0.17763157894736842,0.07153965785381027
2008,1,9,prevalence,0.31960461285008235,0.1984,0.1201923076923077,0.09900990099009901,0.1536050156739812,0.1328125,0.3333333333333333,0.023178807947019868,0.13405238828967642,0.08062015503875969,0.048252911813643926,0.04262295081967213,0.18494271685761046,0.07911392405063292,0.10852713178294573,0.11754966887417219,0.037037037037037035,0.04208754208754209,0.10180623973727422,0.14285714285714285,0.028400597907324365,0.047619047619047616,0.12987012987012986,0.09027777777777778,0.13834586466165413,0.14827018121911037,0.038523274478330656,0.035541195476575124,0.15064102564102563,0.03858520900321544,0.05638474295190713,0.08576329331046312,0.14052287581699346,0.1968503937007874,0.12685337726523888,0.08843537414965986,0.033386327503974564,0.14832535885167464,0.0,0.17346938775510204,0.22530864197530864,0.13629160063391443,0.09577922077922078,0.15823817292006526,0.0045385779122541605,0.08471760797342193,0.115625,0.15530903328050713,0.14930015552099535,0.17781402936378465,0.09621993127147767,0.17384615384615384,0.006779661016949152,0.008319467554076539,0.13311148086522462,0.1449511400651466,0.12868217054263567,0.039735099337748346,0.022608695652173914,0.08056872037914692,0.27823240589198034,0.023547880690737835,0.05365853658536585,0.11698717948717949,0.10499139414802065,0.06832298136645963,0.04361370716510903,0.10177705977382875,0.06616541353383458,0.20430107526881722,0.09379968203497616,0.025518341307814992,0.10628019323671498,0.1504,0.04132231404958678,0.04153354632587859,0.08931419457735247,0.13509060955518945,0.15608919382504288,0.08665511265164645,0.05238828967642527,0.05392156862745098,0.06231003039513678,0.06525285481239804,0.09106830122591944,0.0421875,0.1841680129240711,0.20098039215686275,0.01839464882943144,0.013996889580093312,0.08852459016393442,0.08206686930091185,0.05519480519480519,0.11349693251533742,0.1938610662358643,0.18666666666666668,0.12324492979719189,0.08090614886731391,0.016666666666666666,0.08923076923076922,0.21947194719471946,0.025356576862123614,0.04823151125401929,0.056105610561056105,0.08153846153846153,0.06666666666666667,0.04325259515570934,0.05357142857142857,0.03425774877650897,0.04118616144975288,0.0322061191626409,0.10327868852459017,0.00782472613458529,0.15980230642504117,0.09405940594059406,0.14992503748125938,0.1024390243902439,0.12982998454404945,0.04186795491143317,0.016,0.17656765676567657,0.09923664122137404,0.06202723146747353,0.024691358024691357,0.1853582554517134,0.11631663974151858,0.0256797583081571,0.20133111480865223,0.1925566343042071,0.08025682182985554,0.05388272583201268,0.0888208269525268,0.0688,0.004672897196261682,0.07401574803149606,0.09244992295839753,0.013452914798206279,0.09900990099009901,0.10950080515297907,0.04455445544554455,0.09557522123893805,0.23252032520325203,0.06313993174061433,0.11041009463722397,0.05785123966942149,0.11954765751211632,0.14956521739130435,0.10378912685337727,0.0453125,0.044374009508716325,0.13260530421216848,0.01779935275080906,0.13971742543171115,0.1509433962264151,0.1423728813559322,0.0976027397260274,0.07275541795665634,0.11961722488038277,0.021775544388609715,0.02197802197802198,0.05087440381558029,0.12086092715231789,0.1345565749235474,0.10673234811165845,0.14678899082568808,0.06754530477759473,0.0944,0.18066561014263074,0.10114192495921696,0.08493589743589744,0.1237785016286645,0.04862236628849271,0.07035175879396985,0.0224,0.096,0.071875,0.21806853582554517,0.20476190476190476,0.23832528180354268,0.08500772797527048,0.025423728813559324,0.104,0.041666666666666664,0.14634146341463414,0.05602716468590832,0.03264604810996564,0.1134020618556701,0.13406940063091483,0.09105180533751962,0.0664451827242525,0.021439509954058193,0.06429780033840947,0.24792013311148087,0.17391304347826086,0.003115264797507788,0.09775641025641026,0.11483253588516747,0.04617834394904458,0.15859766277128548,0.06572769953051644
2009,1,9,prevalence,0.311336717428088,0.25990491283676703,0.12680577849117175,0.1056,0.18660287081339713,0.13416536661466458,0.2864864864864865,0.016891891891891893,0.14691943127962084,0.10973724884080371,0.03722504230118443,0.0627062706270627,0.22185430463576158,0.07765451664025357,0.11688311688311688,0.1266891891891892,0.03779527559055118,0.025974025974025976,0.0752,0.21112929623567922,0.022488755622188907,0.06333333333333334,0.10828025477707007,0.12162162162162163,0.1687116564417178,0.14331210191082802,0.044189852700491,0.0499194847020934,0.08240887480190175,0.048818897637795275,0.06699346405228758,0.06446280991735537,0.0851063829787234,0.21339563862928349,0.1233974358974359,0.061619718309859156,0.03349282296650718,0.13694267515923567,0.0,0.2270450751252087,0.2335423197492163,0.08562197092084006,0.0992,0.16938110749185667,0.007739938080495356,0.11774193548387096,0.115625,0.1500815660685155,0.17884914463452567,0.1723027375201288,0.1152542372881356,0.1294851794071763,0.0068143100511073255,0.010186757215619695,0.1474036850921273,0.13486842105263158,0.1203125,0.06622516556291391,0.015358361774744027,0.12759170653907495,0.2297734627831715,0.024115755627009645,0.09657320872274143,0.09546925566343042,0.06484641638225255,0.1359375,0.05329153605015674,0.08943089430894309,0.07120743034055728,0.1762917933130699,0.10655737704918032,0.020569620253164556,0.15348101265822786,0.12087912087912088,0.0410958904109589,0.04862236628849271,0.07419354838709677,0.1299342105263158,0.13321799307958476,0.08214285714285714,0.07476635514018691,0.05573248407643312,0.11459968602825746,0.05211726384364821,0.08940397350993377,0.03918495297805643,0.14772727272727273,0.11745513866231648,0.017628205128205128,0.016923076923076923,0.0743801652892562,0.08191653786707882,0.03650793650793651,0.15673981191222572,0.2435483870967742,0.15257048092868988,0.1524390243902439,0.13636363636363635,0.021406727828746176,0.08709175738724728,0.2936241610738255,0.04723127035830619,0.04862236628849271,0.07833333333333334,0.10810810810810811,0.0803030303030303,0.039586919104991396,0.08576051779935275,0.03471074380165289,0.047619047619047616,0.027777777777777776,0.14471544715447154,0.017432646592709985,0.1507293354943274,0.112,0.20178041543026706,0.06531881804043546,0.12087912087912088,0.05448717948717949,0.01726844583987441,0.16612903225806452,0.09794628751974724,0.0621301775147929,0.0374331550802139,0.19969278033794163,0.11129032258064517,0.011940298507462687,0.12376237623762376,0.17785234899328858,0.07378335949764521,0.07120743034055728,0.11370716510903427,0.06532663316582915,0.004658385093167702,0.05,0.08141321044546851,0.0121765601217656,0.1020066889632107,0.08974358974358974,0.05331179321486268,0.11231884057971014,0.21008403361344538,0.09181969949916527,0.10793650793650794,0.04234527687296417,0.15755627009646303,0.12743362831858407,0.12295081967213115,0.06984126984126984,0.03317535545023697,0.1267605633802817,0.034653465346534656,0.14664586583463338,0.15517241379310345,0.105,0.10732538330494037,0.08860759493670886,0.11182108626198083,0.025167785234899327,0.020186335403726708,0.05339805825242718,0.12006578947368421,0.1419753086419753,0.11694915254237288,0.11392405063291139,0.07251264755480608,0.08870967741935484,0.11023622047244094,0.10049423393739704,0.12229102167182662,0.05901639344262295,0.0640625,0.08103727714748785,0.05546492659053834,0.10124610591900311,0.08018867924528301,0.18995290423861852,0.2877813504823151,0.3175355450236967,0.08500772797527048,0.019801980198019802,0.08507223113964688,0.06230529595015576,0.21362229102167182,0.05405405405405406,0.008620689655172414,0.11964549483013294,0.11129032258064517,0.10144927536231885,0.08967851099830795,0.03927492447129909,0.08955223880597014,0.19934640522875818,0.17687074829931973,0.004658385093167702,0.1216,0.13170731707317074,0.045454545454545456,0.1232,0.0565149136577708
2010,1,9,prevalence,0.2155887230514096,0.24183006535947713,0.14666666666666667,0.12121212121212122,0.260596546310832,0.12206572769953052,0.193717277486911,0.03966942148760331,0.13990461049284578,0.09049079754601227,0.03409090909090909,0.054635761589403975,0.2684887459807074,0.08661417322834646,0.11745513866231648,0.14646464646464646,0.05546492659053834,0.048414023372287146,0.06446540880503145,0.20394736842105263,0.026033690658499236,0.08542713567839195,0.11363636363636363,0.12417218543046357,0.23088455772113944,0.12131147540983607,0.03436988543371522,0.054455445544554455,0.07898894154818326,0.02923076923076923,0.06602254428341385,0.06591639871382636,0.10063897763578275,0.1890625,0.06645056726094004,0.050347222222222224,0.022257551669316374,0.14772727272727273,0.0,0.26490066225165565,0.20347003154574134,0.06847133757961783,0.11885895404120443,0.15867768595041323,0.0078003120124804995,0.15544871794871795,0.1302250803858521,0.1314935064935065,0.14150943396226415,0.1779935275080906,0.1361344537815126,0.1187214611872146,0.011864406779661017,0.010273972602739725,0.15141430948419302,0.1449511400651466,0.09419152276295134,0.1389776357827476,0.02356902356902357,0.16478190630048464,0.24561403508771928,0.0593900481540931,0.19444444444444445,0.1152,0.0907563025210084,0.15639810426540285,0.04043545878693624,0.10272873194221509,0.07503828483920368,0.1776,0.1045958795562599,0.004878048780487805,0.1332263242375602,0.1056,0.03488372093023256,0.041401273885350316,0.10030864197530864,0.11461794019933555,0.13013698630136986,0.07922535211267606,0.08530805687203792,0.03442879499217527,0.13522012578616352,0.04552845528455285,0.10064935064935066,0.02627511591962906,0.14959349593495935,0.0336,0.020933977455716585,0.019817073170731708,0.052545155993431854,0.06531881804043546,0.04245283018867924,0.2119309262166405,0.21322314049586777,0.1505016722408027,0.17835365853658536,0.17792421746293247,0.014492753623188406,0.11609907120743033,0.24473257698541329,0.05144694533762058,0.04792332268370607,0.0728476821192053,0.1484992101105845,0.08779761904761904,0.05733558178752108,0.09868421052631579,0.021666666666666667,0.07846410684474124,0.040584415584415584,0.15798045602605862,0.01610305958132045,0.11650485436893204,0.12845528455284552,0.26777609682299547,0.05873015873015873,0.15346534653465346,0.06299212598425197,0.024115755627009645,0.130298273155416,0.07974481658692185,0.01951951951951952,0.04013961605584642,0.2215568862275449,0.11021069692058347,0.02177293934681182,0.10180623973727422,0.23880597014925373,0.07389937106918239,0.07763975155279502,0.12710566615620214,0.08103727714748785,0.0031201248049922,0.06209150326797386,0.09904153354632587,0.020833333333333332,0.08813559322033898,0.07487520798668885,0.05754276827371695,0.15641476274165203,0.1639871382636656,0.09210526315789473,0.12759170653907495,0.05057096247960848,0.1839080459770115,0.16396396396396395,0.12924071082390953,0.07378335949764521,0.023510971786833857,0.15714285714285714,0.0633116883116883,0.11993769470404984,0.14666666666666667,0.1011608623548922,0.10851419031719532,0.07727975270479134,0.10268562401263823,0.0392156862745098,0.044585987261146494,0.04595879556259905,0.10965630114566285,0.144,0.15358361774744028,0.08240887480190175,0.0684931506849315,0.06688417618270799,0.14355628058727568,0.10945273631840796,0.1617873651771957,0.05472636815920398,0.06677265500794913,0.06041335453100159,0.05901116427432217,0.09233176838810642,0.075,0.11349693251533742,0.21677215189873417,0.35294117647058826,0.05956112852664577,0.018121911037891267,0.11550632911392406,0.07849293563579278,0.2546875,0.05564924114671164,0.026041666666666668,0.14864864864864866,0.08196721311475409,0.09328968903436989,0.08403361344537816,0.06037151702786378,0.0946843853820598,0.17833333333333334,0.15772357723577235,0.00315955766192733,0.1360655737704918,0.13522012578616352,0.04643449419568822,0.13517915309446255,0.04821150855365474
2011,1,9,prevalence,0.14606741573033707,0.18022328548644337,0.12166666666666667,0.09935897435897435,0.24126984126984127,0.1043338683788122,0.17406143344709898,0.061461794019933555,0.17246835443037975,0.09647779479326186,0.04145936981757877,0.04492512479201331,0.3226837060702875,0.11198738170347003,0.08760330578512397,0.1325503355704698,0.06687898089171974,0.08163265306122448,0.061224489795918366,0.1620745542949757,0.03255813953488372,0.09461663947797716,0.08265802269043761,0.16282894736842105,0.24574961360123648,0.23289902280130292,0.039619651347068144,0.0347682119205298,0.10107197549770292,0.04643962848297214,0.0738255033557047,0.1015625,0.09539473684210527,0.1388888888888889,0.064,0.0603448275862069,0.019639934533551555,0.16037735849056603,0.0,0.29471890971039183,0.18238993710691823,0.07441860465116279,0.12441679626749612,0.1416803953871499,0.012718600953895072,0.15495207667731628,0.1758957654723127,0.11774461028192372,0.1225114854517611,0.1766612641815235,0.21079258010118043,0.1290824261275272,0.01896551724137931,0.03209459459459459,0.23114754098360657,0.12980769230769232,0.08722741433021806,0.18138041733547353,0.030456852791878174,0.1891891891891892,0.19589257503949448,0.04612850082372323,0.25118483412322273,0.1260096930533118,0.11472602739726027,0.16803953871499178,0.0680786686838124,0.17529215358931552,0.12135176651305683,0.16436251920122888,0.12087912087912088,0.021346469622331693,0.13771517996870108,0.08623548922056384,0.03436426116838488,0.04091653027823241,0.11280487804878049,0.13815789473684212,0.14846416382252559,0.06293706293706294,0.10333863275039745,0.0397456279809221,0.13249211356466878,0.041401273885350316,0.0992,0.038109756097560975,0.15121951219512195,0.04220779220779221,0.009819967266775777,0.040310077519379844,0.07476635514018691,0.06896551724137931,0.058544303797468354,0.2718600953895072,0.18566775244299674,0.0929853181076672,0.17674418604651163,0.1921182266009852,0.011608623548922056,0.13636363636363635,0.19420783645655879,0.0825242718446602,0.07232704402515723,0.07872696817420435,0.14937106918238993,0.09239940387481371,0.051070840197693576,0.13355048859934854,0.026359143327841845,0.08153078202995008,0.05806451612903226,0.20349761526232116,0.025396825396825397,0.11221122112211221,0.14380165289256197,0.2125,0.03054662379421222,0.18394648829431437,0.07389937106918239,0.03403565640194489,0.1858974358974359,0.11363636363636363,0.03017241379310345,0.024475524475524476,0.19541984732824427,0.1140495867768595,0.026604068857589983,0.12231404958677686,0.24437299035369775,0.09335443037974683,0.09320695102685624,0.18111455108359134,0.11022364217252396,0.00473186119873817,0.04861111111111111,0.10236220472440945,0.029874213836477988,0.07973421926910298,0.05149501661129568,0.0486322188449848,0.20471014492753623,0.12121212121212122,0.06578947368421052,0.13628899835796388,0.06462035541195477,0.1781512605042017,0.1785063752276867,0.09771986970684039,0.1050080775444265,0.01904761904761905,0.16559485530546625,0.11696869851729819,0.11591962905718702,0.12947189097103917,0.11311475409836065,0.09090909090909091,0.07119741100323625,0.12071778140293637,0.021311475409836064,0.06965174129353234,0.06635071090047394,0.11993517017828201,0.15562913907284767,0.13391304347826086,0.07559055118110236,0.07744107744107744,0.07631160572337042,0.11409395973154363,0.10016420361247948,0.20245398773006135,0.07094594594594594,0.11093247588424437,0.0738362760834671,0.04588607594936709,0.121765601217656,0.07906976744186046,0.08575803981623277,0.1627172195892575,0.3193548387096774,0.04715447154471545,0.023961661341853034,0.15372168284789645,0.11332312404287902,0.3267175572519084,0.11019736842105263,0.0353356890459364,0.1606060606060606,0.08279220779220779,0.10310965630114566,0.09243697478991597,0.06593406593406594,0.09914529914529914,0.17777777777777778,0.16181229773462782,0.001579778830963665,0.10738255033557047,0.1910828025477707,0.04310344827586207,0.12341772151898735,0.06060606060606061
2012,1,9,prevalence,0.1109375,0.18627450980392157,0.15177065767284992,0.08398133748055987,0.23125,0.08141321044546851,0.1703204047217538,0.05537459283387622,0.1715210355987055,0.08358662613981763,0.03764320785597381,0.02508361204013378,0.2626427406199021,0.13097072419106318,0.08623548922056384,0.14401294498381878,0.07790143084260731,0.10756302521008404,0.05608974358974359,0.1563517915309446,0.0220125786163522,0.07925801011804384,0.09531502423263329,0.24394184168012925,0.2472952086553323,0.2836767036450079,0.02599388379204893,0.06060606060606061,0.08500772797527048,0.04380664652567976,0.1079734219269103,0.07366771159874608,0.09306260575296109,0.1166936790923825,0.11645962732919254,0.06440677966101695,0.056910569105691054,0.18325434439178515,0.0,0.26666666666666666,0.13312202852614896,0.13023255813953488,0.09748427672955975,0.10234899328859061,0.01592356687898089,0.14826498422712933,0.20926517571884984,0.10214168039538715,0.14626391096979333,0.17996870109546165,0.23777403035413153,0.14198473282442747,0.01721170395869191,0.03177257525083612,0.24958949096880131,0.127831715210356,0.10776545166402536,0.12175324675324675,0.030303030303030304,0.18035426731078905,0.18373493975903615,0.05387205387205387,0.30505709624796085,0.12020033388981637,0.10726072607260725,0.19376026272577998,0.06323529411764706,0.20065789473684212,0.10566615620214395,0.17384370015948963,0.11822660098522167,0.023064250411861616,0.14668769716088328,0.1008130081300813,0.033216783216783216,0.039473684210526314,0.16104294478527606,0.1362126245847176,0.11744386873920552,0.057283142389525366,0.1406003159557662,0.033925686591276254,0.1349206349206349,0.0358814352574103,0.08214849921011058,0.0265210608424337,0.1616,0.04862236628849271,0.00338409475465313,0.07631160572337042,0.07655502392344497,0.06591639871382636,0.06431852986217458,0.23832528180354268,0.13408723747980614,0.061611374407582936,0.14660493827160495,0.22532894736842105,0.017684887459807074,0.17611026033690658,0.1480836236933798,0.06633499170812604,0.09216589861751152,0.09152542372881356,0.17418351477449456,0.08469539375928678,0.04666666666666667,0.11812297734627832,0.0492845786963434,0.090311986863711,0.04806201550387597,0.2876923076923077,0.03387096774193549,0.12357723577235773,0.16202945990180032,0.20833333333333334,0.0352,0.1907051282051282,0.06060606060606061,0.05591054313099041,0.17731629392971246,0.11980033277870217,0.04532163742690058,0.030874785591766724,0.166412213740458,0.07119741100323625,0.020833333333333332,0.07653910149750416,0.21578099838969403,0.125,0.07570977917981073,0.21766561514195584,0.12957317073170732,0.0,0.03934426229508197,0.09238249594813615,0.05388272583201268,0.0859106529209622,0.03494176372712146,0.026438569206842923,0.196113074204947,0.10191082802547771,0.07333333333333333,0.14903846153846154,0.07947019867549669,0.1518578352180937,0.17491166077738515,0.08072487644151564,0.11961722488038277,0.027823240589198037,0.16501650165016502,0.224283305227656,0.07085346215780998,0.10166666666666667,0.1098546042003231,0.09259259259259259,0.06462035541195477,0.13570274636510501,0.04227642276422764,0.09313725490196079,0.045307443365695796,0.13983739837398373,0.15728476821192053,0.07947019867549669,0.09470304975922954,0.09286898839137644,0.07868852459016394,0.09693877551020408,0.11967213114754098,0.21771771771771772,0.056856187290969896,0.14308426073131955,0.07305194805194805,0.08346456692913386,0.09516616314199396,0.1104199066874028,0.09744408945686901,0.14375987361769352,0.2455573505654281,0.04559748427672956,0.04340836012861737,0.13513513513513514,0.1345565749235474,0.30474732006125577,0.1454248366013072,0.04310344827586207,0.1484375,0.07017543859649122,0.1260096930533118,0.1077943615257048,0.07941653160453808,0.12216404886561955,0.25806451612903225,0.12636505460218408,0.011058451816745656,0.10344827586206896,0.14527027027027026,0.03709949409780776,0.10754414125200643,0.041990668740279936
2013,1,9,prevalence,0.13343799058084774,0.12025316455696203,0.2144082332761578,0.0890625,0.22839506172839505,0.06557377049180328,0.1738382099827883,0.08347245409015025,0.1625207296849088,0.080370942812983,0.0368,0.025041736227045076,0.21405228758169934,0.1592356687898089,0.08623548922056384,0.11363636363636363,0.08888888888888889,0.08833333333333333,0.07484076433121019,0.1718494271685761,0.03625377643504532,0.0782312925170068,0.05401234567901234,0.2539432176656151,0.18989280245022971,0.25943396226415094,0.018575851393188854,0.09904153354632587,0.09273570324574962,0.027314112291350532,0.11920529801324503,0.06729264475743349,0.0899830220713073,0.09636650868878358,0.09630818619582665,0.06540447504302926,0.028938906752411574,0.12101910828025478,0.0,0.18845500848896435,0.11612903225806452,0.1956521739130435,0.08255451713395638,0.07462686567164178,0.00949367088607595,0.1448382126348228,0.21850079744816586,0.08571428571428572,0.1624203821656051,0.1645367412140575,0.32605042016806723,0.12018489984591679,0.010452961672473868,0.04612850082372323,0.28708133971291866,0.16474464579901152,0.13239875389408098,0.14858096828046743,0.017035775127768313,0.16666666666666666,0.19148936170212766,0.06456953642384106,0.2623762376237624,0.10291595197255575,0.11056105610561057,0.233278955954323,0.0513595166163142,0.22547332185886404,0.11603053435114503,0.16323296354992076,0.09531502423263329,0.033003300330033,0.1056782334384858,0.10517799352750809,0.0429553264604811,0.056818181818181816,0.12399355877616747,0.14524207011686144,0.14457831325301204,0.03577235772357724,0.13928012519561817,0.027552674230145867,0.21182266009852216,0.0514820592823713,0.0744336569579288,0.03322784810126582,0.18536585365853658,0.02912621359223301,0.0033500837520938024,0.0840064620355412,0.07814992025518341,0.05501618122977346,0.08006279434850863,0.23870967741935484,0.10062893081761007,0.061514195583596214,0.1282442748091603,0.24292845257903495,0.02377179080824089,0.2043343653250774,0.14782608695652175,0.08388157894736842,0.08948194662480377,0.09780775716694773,0.15530903328050713,0.11297709923664122,0.040257648953301126,0.1185064935064935,0.0467741935483871,0.096,0.04482225656877898,0.26749611197511663,0.027287319422150885,0.12828947368421054,0.1834710743801653,0.1778846153846154,0.056338028169014086,0.2109500805152979,0.053125,0.06129032258064516,0.1774960380348653,0.07202680067001675,0.053973013493253376,0.014084507042253521,0.12898330804248861,0.06708268330733229,0.017770597738287562,0.07345575959933222,0.2086677367576244,0.1592356687898089,0.04451510333863275,0.18608414239482202,0.12143928035982009,0.001584786053882726,0.04067796610169491,0.09816971713810316,0.06546644844517185,0.07640067911714771,0.03864734299516908,0.03656597774244833,0.19827586206896552,0.10284810126582279,0.09390444810543658,0.18333333333333332,0.09302325581395349,0.10932475884244373,0.1800356506238859,0.06677265500794913,0.12678288431061807,0.027463651050080775,0.1652892561983471,0.2634228187919463,0.06814580031695722,0.11774744027303755,0.13614262560777957,0.08469055374592833,0.05910543130990415,0.07912457912457913,0.05815831987075929,0.090311986863711,0.08116883116883117,0.12738853503184713,0.17487266553480477,0.05405405405405406,0.07974481658692185,0.10603588907014681,0.07293354943273905,0.06756756756756757,0.1326530612244898,0.21319018404907975,0.056105610561056105,0.15650741350906094,0.08429752066115702,0.0832,0.06511627906976744,0.15132605304212168,0.10569105691056911,0.15397350993377484,0.18053375196232338,0.032,0.05519480519480519,0.08892617449664429,0.12441679626749612,0.24360902255639097,0.18316831683168316,0.025906735751295335,0.144,0.06851549755301795,0.2048,0.10801963993453355,0.07413249211356467,0.1695205479452055,0.32737030411449014,0.16030534351145037,0.012558869701726845,0.12436115843270869,0.1717171717171717,0.02735042735042735,0.12735849056603774,0.03709428129829984
2014,1,9,prevalence,0.14218009478672985,0.09276729559748427,0.21379310344827587,0.08217054263565891,0.18633540372670807,0.03851851851851852,0.2599337748344371,0.08032786885245902,0.1688963210702341,0.07836990595611286,0.023961661341853034,0.04477611940298507,0.22077922077922077,0.12238325281803543,0.07781456953642384,0.07907742998352553,0.0970873786407767,0.08485856905158069,0.061191626409017714,0.17898193760262726,0.029320987654320986,0.08760330578512397,0.04173354735152488,0.2409090909090909,0.23655913978494625,0.2515527950310559,0.01694915254237288,0.10372771474878444,0.07355242566510173,0.02476780185758514,0.14827018121911037,0.07928802588996764,0.08202443280977312,0.08709677419354839,0.07165605095541401,0.043478260869565216,0.03937007874015748,0.1375,0.0016129032258064516,0.22053872053872053,0.11477987421383648,0.22530864197530864,0.06230529595015576,0.06456953642384106,0.004739336492890996,0.11162790697674418,0.18971061093247588,0.08833333333333333,0.11736334405144695,0.1497584541062802,0.2986798679867987,0.11180124223602485,0.026041666666666668,0.06414473684210527,0.25728155339805825,0.17898193760262726,0.11216429699842022,0.13277310924369748,0.016863406408094434,0.1501597444089457,0.2400611620795107,0.04715447154471545,0.2476038338658147,0.11428571428571428,0.1127946127946128,0.19696969696969696,0.0502283105022831,0.15993265993265993,0.13476263399693722,0.19402985074626866,0.09446254071661238,0.0451505016722408,0.10708661417322834,0.06539074960127592,0.04409171075837742,0.04326923076923077,0.12277867528271405,0.14052287581699346,0.12255772646536411,0.046849757673667204,0.15847860538827258,0.047540983606557376,0.266025641025641,0.054858934169279,0.0594059405940594,0.03685897435897436,0.18451400329489293,0.0359375,0.008278145695364239,0.08681672025723473,0.0660377358490566,0.04361873990306947,0.056782334384858045,0.1951219512195122,0.07874015748031496,0.09119496855345911,0.0880597014925373,0.2159468438538206,0.016233766233766232,0.25943396226415094,0.10278745644599303,0.07980456026058631,0.0499194847020934,0.09813874788494077,0.12995245641838352,0.09846153846153846,0.037914691943127965,0.11056910569105691,0.05732484076433121,0.11605723370429252,0.046875,0.24074074074074073,0.03908794788273615,0.07525083612040134,0.1495798319327731,0.13862928348909656,0.09273570324574962,0.23943661971830985,0.04715447154471545,0.1056,0.18396226415094338,0.05749128919860627,0.07704160246533127,0.027538726333907058,0.1029641185647426,0.04617834394904458,0.023529411764705882,0.06942148760330578,0.12807881773399016,0.19047619047619047,0.03554868624420402,0.1757188498402556,0.13333333333333333,0.0015625,0.05087719298245614,0.08250825082508251,0.0670926517571885,0.08680555555555555,0.037337662337662336,0.04792332268370607,0.21317157712305027,0.07596899224806201,0.07768595041322314,0.19933554817275748,0.09836065573770492,0.10900473933649289,0.16638078902229847,0.06750392464678179,0.1933884297520661,0.028662420382165606,0.18604651162790697,0.24201680672268908,0.05625,0.12941176470588237,0.10551181102362205,0.11038961038961038,0.028846153846153848,0.0642504118616145,0.050078247261345854,0.0762987012987013,0.06988352745424292,0.1254125412541254,0.12355848434925865,0.03442622950819672,0.06698564593301436,0.1116584564860427,0.06946688206785137,0.07192982456140351,0.1574539363484087,0.1609375,0.06935483870967742,0.1270096463022508,0.11382113821138211,0.08415841584158416,0.0609375,0.1092814371257485,0.09555189456342669,0.1447811447811448,0.12441679626749612,0.03618421052631579,0.027960526315789474,0.07528641571194762,0.13117283950617284,0.21428571428571427,0.21647819063004847,0.021996615905245348,0.1419141914191419,0.08917197452229299,0.18971061093247588,0.08617886178861789,0.09822866344605476,0.135678391959799,0.3754325259515571,0.25114854517611024,0.021035598705501618,0.10927152317880795,0.14527027027027026,0.023688663282571912,0.1296875,0.03110419906687403
2015,1,9,prevalence,0.11538461538461539,0.07919254658385093,0.15889464594127806,0.09233176838810642,0.17398373983739837,0.03374233128834356,0.30781758957654726,0.05750798722044728,0.12437810945273632,0.0804416403785489,0.011494252873563218,0.06589785831960461,0.12100840336134454,0.1378737541528239,0.08768971332209106,0.08,0.10685805422647528,0.07119205298013245,0.047619047619047616,0.15235008103727715,0.048286604361370715,0.11239669421487604,0.0514018691588785,0.22036474164133737,0.25535168195718655,0.17851500789889416,0.040498442367601244,0.13343799058084774,0.07643312101910828,0.018376722817764167,0.1320450885668277,0.09328968903436989,0.07678571428571429,0.06991869918699187,0.081377151799687,0.03678929765886288,0.04326923076923077,0.11818181818181818,0.0016313213703099511,0.13388429752066117,0.104,0.234472049689441,0.07009345794392523,0.06312292358803986,0.011272141706924315,0.0686427457098284,0.21221864951768488,0.115,0.10696920583468396,0.14518760195758565,0.27009646302250806,0.11059907834101383,0.02664298401420959,0.049441786283891544,0.20941558441558442,0.18914473684210525,0.10596026490066225,0.10679611650485436,0.013311148086522463,0.1761904761904762,0.1806853582554517,0.05582137161084529,0.25363489499192243,0.09683098591549295,0.0867430441898527,0.17892976588628762,0.05555555555555555,0.16039279869067102,0.16181229773462782,0.1761827079934747,0.11627906976744186,0.05853658536585366,0.09584664536741214,0.08077544426494346,0.05935251798561151,0.03908794788273615,0.11627906976744186,0.11494252873563218,0.11149825783972125,0.03815580286168521,0.1501597444089457,0.0594855305466238,0.23567921440261866,0.05741626794258373,0.06393442622950819,0.03328050713153724,0.15141430948419302,0.033950617283950615,0.01155115511551155,0.0912106135986733,0.053125,0.06260296540362438,0.05705229793977813,0.20421393841166938,0.07142857142857142,0.10852713178294573,0.0867579908675799,0.19769357495881384,0.018838304552590265,0.2552504038772213,0.09773123909249563,0.0784313725490196,0.06393442622950819,0.10526315789473684,0.10114192495921696,0.08892355694227769,0.0759493670886076,0.09461663947797716,0.09682539682539683,0.09630818619582665,0.05152979066022544,0.191131498470948,0.06020066889632107,0.07177033492822966,0.15754560530679934,0.11661341853035144,0.10122699386503067,0.196513470681458,0.06026058631921824,0.12942989214175654,0.23333333333333334,0.06060606060606061,0.05434782608695652,0.033783783783783786,0.08823529411764706,0.033925686591276254,0.0196078431372549,0.08173076923076923,0.18370607028753994,0.18053375196232338,0.0265625,0.15590551181102363,0.15773353751914243,0.001584786053882726,0.032148900169204735,0.06721311475409836,0.05422647527910686,0.09899328859060402,0.03968253968253968,0.0641025641025641,0.20347826086956522,0.10793650793650794,0.05501618122977346,0.2940226171243942,0.1157556270096463,0.11308562197092084,0.1643835616438356,0.0686427457098284,0.21212121212121213,0.025682182985553772,0.1825525040387722,0.23344947735191637,0.07278481012658228,0.16336633663366337,0.10223642172523961,0.08239095315024232,0.026016260162601626,0.06105610561056106,0.0578125,0.09090909090909091,0.06875,0.08922558922558922,0.12074829931972789,0.06369426751592357,0.044585987261146494,0.09470304975922954,0.06026058631921824,0.058823529411764705,0.18848167539267016,0.13365539452495975,0.08103727714748785,0.11967213114754098,0.14903846153846154,0.08291873963515754,0.04672897196261682,0.08928571428571429,0.06799336650082918,0.12071778140293637,0.09104938271604938,0.05392156862745098,0.026359143327841845,0.05636070853462158,0.09133858267716535,0.1265625,0.15730337078651685,0.018333333333333333,0.11616954474097331,0.1271585557299843,0.16666666666666666,0.08414239482200647,0.09335443037974683,0.12478920741989882,0.35213675213675216,0.1864406779661017,0.030063291139240507,0.10210696920583469,0.11844331641285956,0.02975206611570248,0.14375,0.04205607476635514
2016,1,9,prevalence,0.09728867623604466,0.08532934131736528,0.13485113835376533,0.07165109034267912,0.173015873015873,0.030911901081916538,0.3431372549019608,0.05555555555555555,0.1553398058252427,0.08695652173913043,0.02254428341384863,0.05921052631578947,0.07947019867549669,0.1821247892074199,0.09152542372881356,0.12225705329153605,0.1328,0.061389337641357025,0.04608294930875576,0.13452188006482982,0.04552845528455285,0.10256410256410256,0.05504587155963303,0.24316109422492402,0.234375,0.1677115987460815,0.055205047318611984,0.12218649517684887,0.07131537242472266,0.030612244897959183,0.15121951219512195,0.11092985318107668,0.0673758865248227,0.054365733113673806,0.0733652312599681,0.047540983606557376,0.05379746835443038,0.09938837920489296,0.0031847133757961785,0.10430463576158941,0.09713375796178345,0.18778625954198475,0.06929133858267716,0.07003257328990228,0.013029315960912053,0.0660377358490566,0.1310116086235489,0.09618573797678276,0.19934640522875818,0.13928012519561817,0.19085173501577288,0.08242612752721618,0.014311270125223614,0.04313099041533546,0.13853503184713375,0.18137254901960784,0.09917355371900827,0.10483870967741936,0.013333333333333334,0.15481832543443919,0.12954186413902052,0.0998389694041868,0.19286871961102106,0.07692307692307693,0.08153078202995008,0.125,0.06327160493827161,0.15629984051036683,0.147008547008547,0.1925566343042071,0.08306188925081433,0.07119741100323625,0.1,0.06190476190476191,0.08896797153024912,0.043993231810490696,0.09724473257698542,0.12032520325203253,0.11347517730496454,0.03715670436187399,0.1277602523659306,0.03937007874015748,0.21647819063004847,0.07692307692307693,0.07119741100323625,0.04707792207792208,0.14358108108108109,0.03656597774244833,0.00975609756097561,0.10696095076400679,0.029185867895545316,0.08623548922056384,0.04134762633996937,0.26143790849673204,0.0631911532385466,0.128125,0.10185185185185185,0.15224358974358973,0.017543859649122806,0.19902912621359223,0.09914529914529914,0.05591054313099041,0.08053691275167785,0.10294117647058823,0.11093247588424437,0.0680379746835443,0.0848,0.08957654723127036,0.11129032258064517,0.0679304897314376,0.0705521472392638,0.14442700156985872,0.05756578947368421,0.09177215189873418,0.11371237458193979,0.09331259720062209,0.1140625,0.21939586645468998,0.0794912559618442,0.14705882352941177,0.26066350710900477,0.06779661016949153,0.06456692913385827,0.04040404040404041,0.08038585209003216,0.0449438202247191,0.0630048465266559,0.059375,0.1861198738170347,0.1671875,0.04245283018867924,0.15580286168521462,0.14545454545454545,0.0047694753577106515,0.02773246329526917,0.06776859504132231,0.09667194928684628,0.11073825503355705,0.06825396825396825,0.08250825082508251,0.18197278911564627,0.12828438948995363,0.05825242718446602,0.29874213836477986,0.11858974358974358,0.12238325281803543,0.1576271186440678,0.0463258785942492,0.16912972085385877,0.035830618892508145,0.14638157894736842,0.18717504332755633,0.07704918032786885,0.1281198003327787,0.08333333333333333,0.07484076433121019,0.03492063492063492,0.07730263157894737,0.06885758998435054,0.06026058631921824,0.050156739811912224,0.07142857142857142,0.12152777777777778,0.06141732283464567,0.03870967741935484,0.08319738988580751,0.07877813504823152,0.06,0.16554054054054054,0.11912225705329153,0.06549520766773163,0.07804878048780488,0.12933753943217666,0.08445945945945946,0.03715170278637771,0.07993966817496229,0.054635761589403975,0.08945686900958466,0.059880239520958084,0.053691275167785234,0.025889967637540454,0.04411764705882353,0.09516129032258064,0.10031847133757962,0.13636363636363635,0.011437908496732025,0.128125,0.12044374009508717,0.12581699346405228,0.08589951377633712,0.09951845906902086,0.1018363939899833,0.21739130434782608,0.12424242424242424,0.041935483870967745,0.11587301587301588,0.11352253756260434,0.026143790849673203,0.12741935483870967,0.059654631083202514
2017,1,9,prevalence,0.08566978193146417,0.0842433697347894,0.10777385159010601,0.05819295558958652,0.1598694942903752,0.031446540880503145,0.2914653784219002,0.051696284329563816,0.18064516129032257,0.07907742998352553,0.01610305958132045,0.07504078303425775,0.061788617886178863,0.17495711835334476,0.08888888888888889,0.10641627543035993,0.09369951534733441,0.05409582689335394,0.07669172932330827,0.1412151067323481,0.06239460370994941,0.09787928221859707,0.06144393241167435,0.13210445468509985,0.16802610114192496,0.18461538461538463,0.041990668740279936,0.09539473684210527,0.07596899224806201,0.026627218934911243,0.13050570962479607,0.135,0.0492091388400703,0.061461794019933555,0.06687898089171974,0.049019607843137254,0.07075471698113207,0.06542056074766354,0.010954616588419406,0.10613598673300166,0.05672609400324149,0.19047619047619047,0.06363636363636363,0.06782334384858044,0.0448,0.04482225656877898,0.07807308970099668,0.09822866344605476,0.21630615640599002,0.103125,0.20569620253164558,0.06912442396313365,0.021052631578947368,0.056818181818181816,0.0947867298578199,0.1650485436893204,0.12238325281803543,0.06329113924050633,0.015358361774744027,0.13291139240506328,0.12519809825673534,0.09828393135725429,0.12682926829268293,0.07894736842105263,0.057660626029654036,0.06814310051107325,0.0856269113149847,0.14533965244865718,0.08629441624365482,0.13934426229508196,0.08333333333333333,0.12419354838709677,0.08768971332209106,0.05245901639344262,0.10824742268041238,0.056105610561056105,0.1,0.10227272727272728,0.1039426523297491,0.05853658536585366,0.08809891808346214,0.04126984126984127,0.17549668874172186,0.09250398724082935,0.08607198748043818,0.05348460291734198,0.12794612794612795,0.05660377358490566,0.024271844660194174,0.09947643979057591,0.03317535545023697,0.09090909090909091,0.05660377358490566,0.21405228758169934,0.055299539170506916,0.1109375,0.09800918836140889,0.12398042414355628,0.03553299492385787,0.14593698175787728,0.12054329371816638,0.05203252032520325,0.06937394247038917,0.09032258064516129,0.11802232854864433,0.07177033492822966,0.11811023622047244,0.06896551724137931,0.08452950558213716,0.06924315619967794,0.07320872274143302,0.12933753943217666,0.061389337641357025,0.0944,0.08401976935749589,0.08064516129032258,0.11446740858505565,0.1826771653543307,0.06869009584664537,0.18209876543209877,0.20532915360501566,0.0664451827242525,0.09076682316118936,0.06050420168067227,0.07301587301587302,0.04314329738058552,0.0768025078369906,0.05061349693251534,0.15348101265822786,0.18641390205371247,0.0662557781201849,0.14418604651162792,0.12650602409638553,0.008210180623973728,0.028052805280528052,0.08943089430894309,0.07142857142857142,0.12310286677908938,0.08333333333333333,0.08116883116883117,0.10965630114566285,0.10599078341013825,0.038338658146964855,0.2708333333333333,0.1260229132569558,0.09618573797678276,0.17098445595854922,0.0530421216848674,0.15,0.04376012965964344,0.15798045602605862,0.11320754716981132,0.1182108626198083,0.12687813021702837,0.08320493066255778,0.07631160572337042,0.050793650793650794,0.0718954248366013,0.06116207951070336,0.034976152623211444,0.03662420382165605,0.05852842809364549,0.08061749571183534,0.0633693972179289,0.03354632587859425,0.10047095761381476,0.10032362459546926,0.08135593220338982,0.19152542372881357,0.11146496815286625,0.07305194805194805,0.09032258064516129,0.1046875,0.06091370558375635,0.05055292259083728,0.04709576138147567,0.0676818950930626,0.0704,0.07878787878787878,0.04918032786885246,0.03271028037383177,0.04383116883116883,0.07060755336617405,0.0970873786407767,0.14942528735632185,0.012841091492776886,0.09682539682539683,0.1059190031152648,0.09618573797678276,0.07568438003220612,0.07309486780715396,0.10673234811165845,0.15497553017944535,0.135258358662614,0.04897314375987362,0.14100486223662884,0.10286677908937605,0.03161397670549085,0.08169934640522876,0.05271317829457364
2018,1,9,prevalence,0.0875,0.10501567398119123,0.1113013698630137,0.05337519623233909,0.1116584564860427,0.04468412942989214,0.25040387722132473,0.05853658536585366,0.11901081916537867,0.06896551724137931,0.02377179080824089,0.060653188180404355,0.058544303797468354,0.11714770797962648,0.10207336523125997,0.09923664122137404,0.08487654320987655,0.05053598774885146,0.06074766355140187,0.14590163934426228,0.08305084745762711,0.07142857142857142,0.05087440381558029,0.10989010989010989,0.17052980132450332,0.13112164296998421,0.050078247261345854,0.07754442649434572,0.08163265306122448,0.0366412213740458,0.09872611464968153,0.11480865224625623,0.07005253940455342,0.07537688442211055,0.06973058637083994,0.05246422893481717,0.08585055643879173,0.09451219512195122,0.033707865168539325,0.06291390728476821,0.07804878048780488,0.1296875,0.06583072100313479,0.08372827804107424,0.056451612903225805,0.030206677265500796,0.09492635024549918,0.12164296998420221,0.17114093959731544,0.07006369426751592,0.19656786271450857,0.05873261205564142,0.02877697841726619,0.0496,0.08681672025723473,0.1504,0.107981220657277,0.05246422893481717,0.01877133105802048,0.10383386581469649,0.08319738988580751,0.09561128526645768,0.1291390728476821,0.07692307692307693,0.07142857142857142,0.0711864406779661,0.09004739336492891,0.1392,0.09045226130653267,0.10912052117263844,0.07321131447587355,0.10526315789473684,0.11505922165820642,0.08833333333333333,0.1094017094017094,0.0589171974522293,0.0847723704866562,0.07617504051863858,0.08710217755443886,0.05396825396825397,0.07776049766718507,0.048939641109298535,0.07961783439490445,0.10416666666666667,0.10062893081761007,0.05778491171749599,0.10214168039538715,0.05329153605015674,0.03833333333333333,0.11937716262975778,0.05660377358490566,0.08333333333333333,0.038461538461538464,0.2,0.04665629860031104,0.11345218800648298,0.0703125,0.10793650793650794,0.04145936981757877,0.10410094637223975,0.08737864077669903,0.037520391517128875,0.0702054794520548,0.0851063829787234,0.11858974358974358,0.1064891846921797,0.09651898734177215,0.08780487804878048,0.06825396825396825,0.08225806451612903,0.06547619047619048,0.08695652173913043,0.07729468599033816,0.1072,0.08460236886632826,0.08737864077669903,0.10702875399361023,0.12218649517684887,0.061788617886178863,0.19488817891373802,0.13290113452188007,0.07455429497568881,0.06359300476947535,0.06677524429967427,0.06957928802588997,0.058823529411764705,0.08268330733229329,0.06110283159463487,0.10391566265060241,0.1464968152866242,0.03134796238244514,0.125193199381762,0.1042296072507553,0.01658374792703151,0.025518341307814992,0.10726072607260725,0.06814580031695722,0.09060955518945635,0.06018518518518518,0.06403940886699508,0.1035031847133758,0.12762762762762764,0.031496062992125984,0.15650741350906094,0.14382402707275804,0.09181969949916527,0.12876254180602006,0.06771653543307087,0.1312803889789303,0.08644067796610169,0.1377049180327869,0.07532051282051282,0.09238249594813615,0.08925619834710743,0.09220985691573927,0.071875,0.07716535433070866,0.09017713365539452,0.04675716440422323,0.04084967320261438,0.030894308943089432,0.06,0.09347442680776014,0.0515625,0.05451713395638629,0.10866141732283464,0.08723747980613894,0.06779661016949153,0.16638655462184873,0.08860759493670886,0.07606973058637084,0.08548387096774193,0.12025316455696203,0.05592105263157895,0.05426356589147287,0.05180533751962323,0.06372549019607843,0.0630048465266559,0.06976744186046512,0.05405405405405406,0.02689873417721519,0.06446280991735537,0.06732348111658457,0.07754442649434572,0.13741721854304637,0.0264797507788162,0.109375,0.10670731707317073,0.045454545454545456,0.049206349206349205,0.08242612752721618,0.08361204013377926,0.1312803889789303,0.1205564142194745,0.0578125,0.1403225806451613,0.07556270096463022,0.049019607843137254,0.07603305785123966,0.031578947368421054
2019,1,9,prevalence,0.1024,0.10518292682926829,0.09661016949152543,0.06329113924050633,0.11705685618729098,0.05745341614906832,0.16584564860426929,0.05,0.11764705882352941,0.06844741235392321,0.03431372549019608,0.06191950464396285,0.07717041800643087,0.10420168067226891,0.0970873786407767,0.08636363636363636,0.06738131699846861,0.06769230769230769,0.09238249594813615,0.09951845906902086,0.06532663316582915,0.05128205128205128,0.06761006289308176,0.0608,0.11842105263157894,0.10920436817472699,0.05891472868217054,0.08469055374592833,0.05967741935483871,0.03469079939668175,0.07142857142857142,0.08922558922558922,0.05114638447971781,0.07614213197969544,0.06962025316455696,0.04669887278582931,0.07098765432098765,0.07854984894259819,0.0736,0.048939641109298535,0.05636070853462158,0.12980769230769232,0.09606299212598425,0.0688,0.056451612903225805,0.03035143769968051,0.10638297872340426,0.11146496815286625,0.09437086092715231,0.06309148264984227,0.1143740340030912,0.06441717791411043,0.045372050816696916,0.04878048780487805,0.08386075949367089,0.12355848434925865,0.07882534775888717,0.08186195826645265,0.046632124352331605,0.06645569620253164,0.07741935483870968,0.09147286821705426,0.0633116883116883,0.0843585237258348,0.08609271523178808,0.07894736842105263,0.09682539682539683,0.15127388535031847,0.0945273631840796,0.10725552050473186,0.06228373702422145,0.11591962905718702,0.12436974789915967,0.08207705192629816,0.08854166666666667,0.0784,0.07763975155279502,0.06568144499178982,0.07119741100323625,0.047619047619047616,0.0794392523364486,0.05466237942122187,0.06836248012718601,0.10110584518167456,0.1168,0.060995184590690206,0.09884678747940692,0.06269592476489028,0.046822742474916385,0.10998307952622674,0.04930662557781202,0.06164383561643835,0.03169572107765452,0.1319796954314721,0.03924646781789639,0.10914927768860354,0.07585139318885449,0.11353032659409021,0.052100840336134456,0.09822866344605476,0.06666666666666667,0.05993690851735016,0.07032590051457976,0.08754208754208755,0.12096774193548387,0.09075907590759076,0.10128617363344052,0.08163265306122448,0.061389337641357025,0.08201892744479496,0.06141732283464567,0.05063291139240506,0.09379968203497616,0.09640522875816994,0.08833333333333333,0.10016155088852989,0.08116385911179173,0.10492845786963434,0.06467661691542288,0.12077294685990338,0.09797297297297297,0.0642504118616145,0.061823802163833076,0.08250825082508251,0.07614213197969544,0.0744336569579288,0.07751937984496124,0.05389221556886228,0.05263157894736842,0.11451612903225807,0.03215926493108729,0.16873065015479877,0.1095679012345679,0.04326123128119801,0.03194888178913738,0.10031847133757962,0.08346709470304976,0.05619834710743802,0.05648854961832061,0.05501618122977346,0.0953125,0.11638591117917305,0.06549520766773163,0.09983079526226735,0.11557788944723618,0.06818181818181818,0.10673234811165845,0.0512,0.10067114093959731,0.11001642036124795,0.0929853181076672,0.07717569786535304,0.08603896103896104,0.08957654723127036,0.08530805687203792,0.07608695652173914,0.06396255850234009,0.10094637223974763,0.059541984732824425,0.07060755336617405,0.06430868167202572,0.08375209380234507,0.08741258741258741,0.04725609756097561,0.04294478527607362,0.08463949843260188,0.12618296529968454,0.0730050933786078,0.11219512195121951,0.07108239095315025,0.06356589147286822,0.06269592476489028,0.13008130081300814,0.06633499170812604,0.06615384615384616,0.032915360501567396,0.06010016694490818,0.0670926517571885,0.05598755832037325,0.05381944444444445,0.03896103896103896,0.058333333333333334,0.058919803600654665,0.07617504051863858,0.10983606557377049,0.036418816388467376,0.1189358372456964,0.10244648318042814,0.07142857142857142,0.04769475357710652,0.059282371294851796,0.06643952299829642,0.1478537360890302,0.07849293563579278,0.07255520504731862,0.09968354430379747,0.08225806451612903,0.04304635761589404,0.08644067796610169,0.04930662557781202
2020,1,9,prevalence,0.12164296998420221,0.08463949843260188,0.1065989847715736,0.05443234836702955,0.09661016949152543,0.06402439024390244,0.1454248366013072,0.0670926517571885,0.06379585326953748,0.08415841584158416,0.09744408945686901,0.05732484076433121,0.10194174757281553,0.054455445544554455,0.06549520766773163,0.07890743550834597,0.05763239875389408,0.0704647676161919,0.09283387622149837,0.06873977086743044,0.07046979865771812,0.03864734299516908,0.08320251177394035,0.047697368421052634,0.08173076923076923,0.09018987341772151,0.07198748043818466,0.0959349593495935,0.08387096774193549,0.029141104294478526,0.09791332263242375,0.07746478873239436,0.05975395430579965,0.052083333333333336,0.08150470219435736,0.06581059390048154,0.0947867298578199,0.07886435331230283,0.09457364341085271,0.090311986863711,0.07431340872374798,0.11093247588424437,0.07654723127035831,0.07355242566510173,0.060897435897435896,0.043478260869565216,0.09046849757673667,0.11254019292604502,0.06467661691542288,0.07741935483870968,0.08814589665653495,0.08267090620031796,0.05679862306368331,0.054009819967266774,0.07395498392282958,0.12012987012987013,0.08675078864353312,0.07592891760904685,0.06,0.0656,0.10361842105263158,0.07480916030534351,0.06782334384858044,0.0784313725490196,0.07580645161290323,0.05229793977812995,0.08970099667774087,0.10697674418604651,0.06776859504132231,0.0991869918699187,0.08149405772495756,0.06825396825396825,0.13898305084745763,0.09819967266775777,0.07046979865771812,0.07886435331230283,0.09104938271604938,0.0873015873015873,0.057233704292527825,0.06341463414634146,0.0703125,0.07523510971786834,0.0499194847020934,0.11326860841423948,0.0878594249201278,0.08374384236453201,0.09897610921501707,0.08527131782945736,0.07011686143572621,0.08361204013377926,0.051118210862619806,0.04436860068259386,0.04747320061255743,0.09333333333333334,0.05422647527910686,0.0819935691318328,0.08513931888544891,0.10815047021943573,0.07317073170731707,0.12807881773399016,0.09119496855345911,0.059282371294851796,0.04639175257731959,0.08249158249158249,0.1338709677419355,0.07809847198641766,0.08412698412698413,0.08487654320987655,0.0738362760834671,0.09724473257698542,0.05714285714285714,0.06535947712418301,0.0873634945397816,0.11594202898550725,0.056291390728476824,0.10917721518987342,0.07022900763358779,0.130298273155416,0.04865771812080537,0.10634920634920635,0.05564924114671164,0.07894736842105263,0.07852564102564102,0.06656101426307448,0.1092436974789916,0.08709175738724728,0.08333333333333333,0.0882800608828006,0.0496,0.08943089430894309,0.06296851574212893,0.12749615975422426,0.09451219512195122,0.05509181969949917,0.02945736434108527,0.06623586429725363,0.09238249594813615,0.050243111831442464,0.06821705426356589,0.06776859504132231,0.061068702290076333,0.10062893081761007,0.06329113924050633,0.10819672131147541,0.10210696920583469,0.0738362760834671,0.09348914858096828,0.02875399361022364,0.07556270096463022,0.09656301145662848,0.09166666666666666,0.08108108108108109,0.04628099173553719,0.1056,0.07418856259659969,0.06366459627329192,0.06918238993710692,0.08346456692913386,0.11818181818181818,0.06035889070146819,0.08196721311475409,0.09688581314878893,0.08739495798319327,0.08012326656394453,0.06539074960127592,0.08056872037914692,0.09442724458204334,0.0799347471451876,0.10806451612903226,0.0959349593495935,0.0625,0.08372093023255814,0.12025316455696203,0.06688963210702341,0.05345911949685535,0.06504065040650407,0.052202283849918436,0.0701468189233279,0.0875,0.10463121783876501,0.04340567612687813,0.03987240829346093,0.04462809917355372,0.08373590982286634,0.08414239482200647,0.05918057663125948,0.10903426791277258,0.07355242566510173,0.061872909698996656,0.06984126984126984,0.0633693972179289,0.07730263157894737,0.12,0.1136,0.07395498392282958,0.07009345794392523,0.061788617886178863,0.05149501661129568,0.05555555555555555,0.07750759878419453
2021,1,9,prevalence,0.16346153846153846,0.1388888888888889,0.12251655629139073,0.04746835443037975,0.10918544194107452,0.07469512195121951,0.13680781758957655,0.07580645161290323,0.0859375,0.08585055643879173,0.11021069692058347,0.07606973058637084,0.14903846153846154,0.05582922824302135,0.09859154929577464,0.0729483282674772,0.06507936507936508,0.05829596412556054,0.0949367088607595,0.06115702479338843,0.058823529411764705,0.034976152623211444,0.08188976377952756,0.03355704697986577,0.05967741935483871,0.0970873786407767,0.10883280757097792,0.09768211920529801,0.06984126984126984,0.03296703296703297,0.14354066985645933,0.07375643224699828,0.043029259896729774,0.07142857142857142,0.09935897435897435,0.0696594427244582,0.0754414125200642,0.08571428571428572,0.18138801261829654,0.08427876823338736,0.0630048465266559,0.13495934959349593,0.08133971291866028,0.07302533532041729,0.08878504672897196,0.04133545310015898,0.11129568106312292,0.14845024469820556,0.08305647840531562,0.1020066889632107,0.10736196319018405,0.10845295055821372,0.05799648506151142,0.03666666666666667,0.0989010989010989,0.14903846153846154,0.08227848101265822,0.0664451827242525,0.07337883959044368,0.09968354430379747,0.10034013605442177,0.09748427672955975,0.072,0.06980802792321117,0.05654281098546042,0.03125,0.10291595197255575,0.10191082802547771,0.06543624161073826,0.10492845786963434,0.10082644628099173,0.0703125,0.14776632302405499,0.17420435510887772,0.05564924114671164,0.08125,0.0898021308980213,0.08099688473520249,0.07085346215780998,0.0547008547008547,0.07197549770290965,0.11459968602825746,0.042483660130718956,0.10873146622734761,0.07269789983844911,0.08455284552845528,0.12937062937062938,0.08217054263565891,0.06339144215530904,0.08279220779220779,0.04709576138147567,0.036544850498338874,0.05061349693251534,0.04942339373970346,0.04510108864696734,0.11551155115511551,0.09220985691573927,0.1162079510703364,0.09949409780775717,0.16666666666666666,0.1238390092879257,0.0473186119873817,0.023411371237458192,0.054635761589403975,0.15705128205128205,0.05723905723905724,0.0782472613458529,0.0629800307219662,0.08974358974358974,0.11311475409836065,0.06188925081433225,0.07467532467532467,0.08186195826645265,0.14149443561208266,0.1056,0.1126984126984127,0.0985691573926868,0.1896551724137931,0.0512396694214876,0.1072,0.058333333333333334,0.08553654743390357,0.11254019292604502,0.057233704292527825,0.16693679092382496,0.12179487179487179,0.08153846153846153,0.129080118694362,0.03803486529318542,0.07364975450081833,0.0658682634730539,0.0821917808219178,0.08214849921011058,0.043478260869565216,0.04566929133858268,0.04404567699836868,0.08931419457735247,0.027692307692307693,0.07110438729198185,0.08455284552845528,0.0374414976599064,0.11041009463722397,0.12341772151898735,0.11409395973154363,0.08852459016393442,0.12962962962962962,0.09666666666666666,0.025954198473282442,0.09424920127795527,0.1467304625199362,0.10032894736842106,0.0904836193447738,0.02922077922077922,0.09872611464968153,0.10784313725490197,0.050473186119873815,0.07075471698113207,0.09305993690851735,0.11180124223602485,0.0768,0.06942148760330578,0.14521452145214522,0.1404399323181049,0.11949685534591195,0.096,0.09247648902821316,0.05606060606060606,0.08056872037914692,0.0875796178343949,0.11400651465798045,0.04608294930875576,0.06984126984126984,0.11526479750778816,0.06867671691792294,0.03668261562998405,0.10355987055016182,0.07448494453248812,0.05229793977812995,0.091324200913242,0.11844331641285956,0.04304635761589404,0.039619651347068144,0.023064250411861616,0.16260162601626016,0.07868852459016394,0.07424960505529225,0.15326251896813353,0.13628899835796388,0.04697986577181208,0.08860759493670886,0.06896551724137931,0.07097791798107256,0.13682432432432431,0.1685214626391097,0.07754442649434572,0.07339449541284404,0.04430379746835443,0.06401384083044982,0.06690140845070422,0.059282371294851796
2022,1,9,prevalence,0.1525974025974026,0.1274658573596358,0.10158730158730159,0.0296875,0.11333333333333333,0.07453416149068323,0.11736334405144695,0.04496124031007752,0.11353032659409021,0.06466876971608833,0.10569105691056911,0.061488673139158574,0.1978021978021978,0.04012841091492777,0.08934169278996865,0.0629800307219662,0.06420545746388442,0.03313253012048193,0.10344827586206896,0.04560810810810811,0.059113300492610835,0.023510971786833857,0.09047619047619047,0.013422818791946308,0.1126984126984127,0.07653910149750416,0.14461538461538462,0.0779436152570481,0.05362776025236593,0.009244992295839754,0.1653290529695024,0.06281833616298811,0.03767123287671233,0.05975395430579965,0.11746031746031746,0.09618320610687023,0.0530421216848674,0.0685805422647528,0.1761006289308176,0.09904153354632587,0.0583596214511041,0.11,0.08716323296354993,0.07352941176470588,0.08384146341463415,0.030254777070063694,0.09932659932659933,0.13344051446945338,0.08833333333333333,0.09235668789808917,0.14573643410852713,0.07987220447284345,0.027972027972027972,0.024752475247524754,0.05388272583201268,0.1277258566978193,0.054838709677419356,0.06085526315789474,0.05862646566164154,0.09034267912772585,0.07482993197278912,0.05071315372424723,0.05501618122977346,0.07452339688041594,0.04862236628849271,0.04081632653061224,0.08403361344537816,0.09399075500770417,0.03735144312393888,0.08832807570977919,0.11582381729200653,0.05246913580246913,0.12798634812286688,0.14527027027027026,0.07692307692307693,0.06614173228346457,0.0803030303030303,0.09553158705701079,0.07974481658692185,0.03722504230118443,0.08,0.0921875,0.03697478991596639,0.09415584415584416,0.03354632587859425,0.09719934102141681,0.1307300509337861,0.088,0.09090909090909091,0.0641025641025641,0.0594855305466238,0.034129692832764506,0.046012269938650305,0.04715447154471545,0.0430622009569378,0.14424635332252836,0.0896,0.1490015360983103,0.07226890756302522,0.13741721854304637,0.15267175572519084,0.05388272583201268,0.03273322422258593,0.027960526315789474,0.14012738853503184,0.03993344425956739,0.04416403785488959,0.0529500756429652,0.0761904761904762,0.12225705329153605,0.040584415584415584,0.07655502392344497,0.05331179321486268,0.13239875389408098,0.06807131280388978,0.13452188006482982,0.07389937106918239,0.2520193861066236,0.03927986906710311,0.06645569620253164,0.059931506849315065,0.08176100628930817,0.0992,0.05221518987341772,0.1955128205128205,0.09661016949152543,0.0700152207001522,0.11475409836065574,0.013157894736842105,0.07790143084260731,0.05263157894736842,0.05826771653543307,0.04588607594936709,0.041935483870967745,0.05625,0.047540983606557376,0.07467532467532467,0.030534351145038167,0.090625,0.04560260586319218,0.015197568389057751,0.09888357256778309,0.1318181818181818,0.09286898839137644,0.0784,0.1076158940397351,0.098256735340729,0.026397515527950312,0.1032258064516129,0.12857142857142856,0.07467532467532467,0.09457364341085271,0.022988505747126436,0.0704,0.08186195826645265,0.06456692913385827,0.06041335453100159,0.0828125,0.09230769230769231,0.05379746835443038,0.04145936981757877,0.1518578352180937,0.11705685618729098,0.1196319018404908,0.059190031152647975,0.10675039246467818,0.05504587155963303,0.05443234836702955,0.06923076923076923,0.09003215434083602,0.04709576138147567,0.06279434850863422,0.09276729559748427,0.04455445544554455,0.024427480916030534,0.12012987012987013,0.07472178060413355,0.037993920972644375,0.06976744186046512,0.08006535947712418,0.037037037037037035,0.03015873015873016,0.024077046548956663,0.1729200652528548,0.05180533751962323,0.06875,0.14307692307692307,0.11237785016286644,0.038461538461538464,0.10793650793650794,0.05837173579109063,0.05475040257648953,0.1685575364667747,0.1650485436893204,0.07154213036565978,0.046801872074883,0.034482758620689655,0.0506108202443281,0.0693950177935943,0.03987730061349693
2023,1,9,prevalence,0.14710743801652892,0.11317829457364341,0.08239095315024232,0.028662420382165606,0.1636060100166945,0.09244992295839753,0.1515650741350906,0.05443234836702955,0.09968847352024922,0.06046511627906977,0.11514195583596215,0.03940886699507389,0.2295839753466872,0.025,0.1203125,0.04354587869362364,0.04975922953451043,0.02225519287833828,0.09305993690851735,0.05442176870748299,0.04404567699836868,0.0189873417721519,0.10466988727858294,0.00686106346483705,0.14583333333333334,0.08045977011494253,0.14465408805031446,0.05704697986577181,0.06055900621118013,0.009174311926605505,0.15448504983388706,0.06239737274220033,0.04854368932038835,0.03709949409780776,0.1298904538341158,0.147239263803681,0.05063291139240506,0.07556270096463022,0.16826923076923078,0.15136876006441224,0.07592891760904685,0.09405940594059406,0.07269789983844911,0.09202453987730061,0.08461538461538462,0.02702702702702703,0.11423841059602649,0.11235955056179775,0.08163265306122448,0.11477987421383648,0.18615384615384614,0.07830342577487764,0.024778761061946902,0.02666666666666667,0.1368584758942457,0.13132911392405064,0.025559105431309903,0.05388272583201268,0.047775947281713346,0.13063763608087092,0.09075342465753425,0.07108239095315025,0.06430868167202572,0.06980802792321117,0.05405405405405406,0.0752,0.09902597402597403,0.09937888198757763,0.03741496598639456,0.08580343213728549,0.13001605136436598,0.04672897196261682,0.1549053356282272,0.1557377049180328,0.07859531772575251,0.07556270096463022,0.08208955223880597,0.09713375796178345,0.11232449297971919,0.04180602006688963,0.10361067503924647,0.08179012345679013,0.03322259136212625,0.09697933227344992,0.048286604361370715,0.10361842105263158,0.11920529801324503,0.10810810810810811,0.13614262560777957,0.06902086677367576,0.08585055643879173,0.031932773109243695,0.043209876543209874,0.03305785123966942,0.0234375,0.15434083601286175,0.08877721943048576,0.10725075528700906,0.06589785831960461,0.1266233766233766,0.17620481927710843,0.028481012658227847,0.03134796238244514,0.017741935483870968,0.09936908517350158,0.024793388429752067,0.0491283676703645,0.060092449922958396,0.05362776025236593,0.12238325281803543,0.029556650246305417,0.10188087774294671,0.0496,0.13458528951486698,0.08399366085578447,0.10231023102310231,0.0782472613458529,0.2665589660743134,0.023961661341853034,0.066006600660066,0.04753521126760563,0.07570977917981073,0.0722495894909688,0.05329153605015674,0.17111459968602827,0.09121621621621621,0.07208588957055215,0.11490683229813664,0.009771986970684038,0.08520900321543408,0.07573415765069552,0.0530421216848674,0.03662420382165605,0.04516129032258064,0.07131537242472266,0.05396290050590219,0.06957928802588997,0.02564102564102564,0.11128284389489954,0.024509803921568627,0.01059001512859304,0.127831715210356,0.12121212121212122,0.09401709401709402,0.06372549019607843,0.13941480206540446,0.1178343949044586,0.025796661608497723,0.07861635220125786,0.16006600660066006,0.0594855305466238,0.09149277688603531,0.01639344262295082,0.05221518987341772,0.12277867528271405,0.05672609400324149,0.043343653250773995,0.06697819314641744,0.11496062992125984,0.061611374407582936,0.02903225806451613,0.14263074484944532,0.07679738562091504,0.12788906009244994,0.05817610062893082,0.11708860759493671,0.0364741641337386,0.06307692307692307,0.07886435331230283,0.10749185667752444,0.03470031545741325,0.03864734299516908,0.08864696734059098,0.029315960912052116,0.021374045801526718,0.12956810631229235,0.0672782874617737,0.05319148936170213,0.06766917293233082,0.0784,0.031096563011456628,0.01938610662358643,0.01957585644371941,0.16612903225806452,0.03924646781789639,0.046898638426626324,0.16043613707165108,0.09228187919463088,0.04208754208754209,0.17462932454695224,0.0549618320610687,0.06109324758842444,0.2838283828382838,0.20217729393468117,0.08675078864353312,0.030110935023771792,0.0581039755351682,0.03508771929824561,0.06791171477079797,0.043209876543209874
2024,1,9,prevalence,0.11201298701298701,0.07208588957055215,0.10223642172523961,0.02768729641693811,0.22296173044925124,0.10785824345146379,0.1383147853736089,0.06528662420382166,0.1260096930533118,0.055031446540880505,0.07523510971786834,0.036544850498338874,0.22018348623853212,0.013953488372093023,0.1088646967340591,0.054858934169279,0.03333333333333333,0.0197869101978691,0.09320695102685624,0.029462738301559793,0.027777777777777776,0.016233766233766232,0.09120521172638436,0.00505902192242833,0.11501597444089456,0.1024390243902439,0.10550458715596331,0.03859060402684564,0.04608294930875576,0.009569377990430622,0.1373534338358459,0.05448717948717949,0.07258064516129033,0.028333333333333332,0.1622464898595944,0.175,0.034482758620689655,0.05787781350482315,0.14528593508500773,0.14171974522292993,0.13957307060755336,0.06209150326797386,0.06339144215530904,0.12812960235640647,0.07363770250368189,0.02622950819672131,0.11475409836065574,0.09693053311793215,0.07241379310344828,0.078003120124805,0.14961832061068703,0.05442176870748299,0.019400352733686066,0.018363939899833055,0.13928012519561817,0.1238390092879257,0.0264797507788162,0.05660377358490566,0.04692556634304207,0.14724919093851133,0.12478632478632479,0.05362776025236593,0.051118210862619806,0.08053691275167785,0.04032258064516129,0.10668789808917198,0.07389937106918239,0.11093247588424437,0.048939641109298535,0.08544303797468354,0.09597523219814241,0.03875968992248062,0.11423841059602649,0.14408233276157806,0.09274873524451939,0.06359300476947535,0.05909090909090909,0.10920436817472699,0.1088646967340591,0.0387858347386172,0.08615384615384615,0.06825396825396825,0.052884615384615384,0.05305466237942122,0.06031746031746032,0.09800664451827243,0.11330049261083744,0.10158730158730159,0.136,0.06382978723404255,0.05873015873015873,0.0165016501650165,0.03937007874015748,0.019704433497536946,0.02050473186119874,0.1426256077795786,0.07035175879396985,0.06707317073170732,0.06372549019607843,0.0959119496855346,0.20270270270270271,0.025437201907790145,0.03164556962025317,0.01631321370309951,0.09350237717908082,0.018092105263157895,0.048589341692789965,0.06998444790046657,0.028708133971291867,0.10048622366288493,0.01309328968903437,0.12680577849117175,0.04133545310015898,0.1492776886035313,0.07898894154818326,0.09134615384615384,0.06912442396313365,0.2717219589257504,0.022435897435897436,0.09780775716694773,0.036458333333333336,0.06840390879478828,0.06741573033707865,0.04823151125401929,0.19391025641025642,0.06521739130434782,0.0660377358490566,0.07532051282051282,0.0064516129032258064,0.08888888888888889,0.05674846625766871,0.050156739811912224,0.03231017770597738,0.037914691943127965,0.06995230524642289,0.047619047619047616,0.05509181969949917,0.019726858877086494,0.1,0.01929260450160772,0.007518796992481203,0.14375,0.08722741433021806,0.06968641114982578,0.0528,0.14695945945945946,0.14576802507836992,0.0310192023633678,0.07993730407523511,0.178060413354531,0.04552590266875981,0.06491499227202473,0.02384737678855326,0.042682926829268296,0.07223113964686999,0.05519480519480519,0.03565891472868217,0.05657492354740061,0.09728867623604466,0.04662379421221865,0.028523489932885907,0.16065573770491803,0.08072487644151564,0.14556962025316456,0.047987616099071206,0.09309791332263243,0.0409711684370258,0.038461538461538464,0.07956318252730109,0.08974358974358974,0.03492063492063492,0.04813664596273292,0.08320251177394035,0.024549918166939442,0.018154311649016642,0.11438474870017332,0.07515337423312883,0.09009009009009009,0.06917293233082707,0.09577922077922078,0.0347682119205298,0.014950166112956811,0.009836065573770493,0.1760797342192691,0.031496062992125984,0.06717557251908397,0.13968253968253969,0.07060755336617405,0.03471074380165289,0.2550335570469799,0.05345911949685535,0.040880503144654086,0.34590163934426227,0.1747269890795632,0.07716535433070866,0.023734177215189875,0.05271317829457364,0.01386481802426343,0.030664395229982964,0.03463855421686747
2025,1,9,prevalence,0.0784,0.05188679245283019,0.08503937007874016,0.011382113821138212,0.23987034035656402,0.11162079510703364,0.16773162939297126,0.04251968503937008,0.1296,0.052132701421800945,0.056962025316455694,0.02936378466557912,0.1719939117199391,0.012232415902140673,0.10153846153846154,0.04361370716510903,0.033386327503974564,0.0197869101978691,0.1308411214953271,0.020477815699658702,0.024193548387096774,0.006493506493506494,0.064,0.003372681281618887,0.09636650868878358,0.1288135593220339,0.08459214501510574,0.029459901800327332,0.03374233128834356,0.004885993485342019,0.10457516339869281,0.0401854714064915,0.07741935483870968,0.02671118530884808,0.2141732283464567,0.1769352290679305,0.03184713375796178,0.06907894736842106,0.13186813186813187,0.1389776357827476,0.15146579804560262,0.054098360655737705,0.08045977011494253,0.15165165165165165,0.06074074074074074,0.014469453376205787,0.1064516129032258,0.07605177993527508,0.05811965811965812,0.056782334384858045,0.15170278637770898,0.04865771812080537,0.012345679012345678,0.01675041876046901,0.10969793322734499,0.1294851794071763,0.020634920634920634,0.05799373040752351,0.04113924050632911,0.1617161716171617,0.18196994991652754,0.05196850393700787,0.0464,0.10847457627118644,0.033950617283950615,0.1248,0.05705229793977813,0.10845295055821372,0.03803486529318542,0.11930926216640503,0.0794912559618442,0.039619651347068144,0.11074918566775244,0.1404399323181049,0.11456628477905073,0.04265402843601896,0.06259541984732825,0.11451612903225807,0.1326219512195122,0.032467532467532464,0.09953343701399689,0.051364365971107544,0.07246376811594203,0.03697749196141479,0.0734375,0.09492635024549918,0.08745874587458746,0.11904761904761904,0.12359550561797752,0.06006006006006006,0.05396825396825397,0.024429967426710098,0.03194888178913738,0.012578616352201259,0.025196850393700787,0.10361842105263158,0.06976744186046512,0.04961240310077519,0.054365733113673806,0.0781010719754977,0.1511111111111111,0.012903225806451613,0.02047244094488189,0.013050570962479609,0.08620689655172414,0.013201320132013201,0.03930817610062893,0.05581395348837209,0.024922118380062305,0.08888888888888889,0.009884678747940691,0.14832535885167464,0.037096774193548385,0.11869918699186992,0.07355242566510173,0.07779578606158834,0.035168195718654434,0.28685897435897434,0.02689075630252101,0.11900826446280992,0.03163444639718805,0.07042253521126761,0.044585987261146494,0.06862745098039216,0.19903691813804172,0.05115511551155116,0.0734375,0.06862745098039216,0.006546644844517185,0.08064516129032258,0.06471494607087827,0.03636363636363636,0.0214168039538715,0.0425531914893617,0.08752025931928688,0.028862478777589132,0.03924914675767918,0.020030816640986132,0.10542635658914729,0.018376722817764167,0.005891016200294551,0.1126984126984127,0.07275541795665634,0.047285464098073555,0.04672897196261682,0.11647254575707154,0.19025157232704404,0.029411764705882353,0.06998444790046657,0.11605723370429252,0.04225352112676056,0.02332814930015552,0.022935779816513763,0.03566121842496285,0.06270096463022508,0.05676126878130217,0.031545741324921134,0.046130952380952384,0.09208400646203554,0.032679738562091505,0.019769357495881382,0.16260162601626016,0.09584664536741214,0.1408,0.0350609756097561,0.09033280507131537,0.0639269406392694,0.02945736434108527,0.0680379746835443,0.09136212624584718,0.03739837398373984,0.03110419906687403,0.07911392405063292,0.017857142857142856,0.013996889580093312,0.0967741935483871,0.09242424242424242,0.10566615620214395,0.06912442396313365,0.10158730158730159,0.030100334448160536,0.012944983818770227,0.017543859649122806,0.13673805601317957,0.024205748865355523,0.05864197530864197,0.10328638497652583,0.060955518945634266,0.022222222222222223,0.2780487804878049,0.04897314375987362,0.029595015576323987,0.35823429541595925,0.14992272024729522,0.07790143084260731,0.01592356687898089,0.029827315541601257,0.010135135135135136,0.056856187290969896,0.04923076923076923
