Time,age_start,age_end,measure,draw_0,draw_1,draw_2,draw_3,draw_4,draw_5,draw_6,draw_7,draw_8,draw_9,draw_10,draw_11,draw_12,draw_13,draw_14,draw_15,draw_16,draw_17,draw_18,draw_19,draw_20,draw_21,draw_22,draw_23,draw_24,draw_25,draw_26,draw_27,draw_28,draw_29,draw_30,draw_31,draw_32,draw_33,draw_34,draw_35,draw_36,draw_37,draw_38,draw_39,draw_40,draw_41,draw_42,draw_43,draw_44,draw_45,draw_46,draw_47,draw_48,draw_49,draw_50,draw_51,draw_52,draw_53,draw_54,draw_55,draw_56,draw_57,draw_58,draw_59,draw_60,draw_61,draw_62,draw_63,draw_64,draw_65,draw_66,draw_67,draw_68,draw_69,draw_70,draw_71,draw_72,draw_73,draw_74,draw_75,draw_76,draw_77,draw_78,draw_79,draw_80,draw_81,draw_82,draw_83,draw_84,draw_85,draw_86,draw_87,draw_88,draw_89,draw_90,draw_91,draw_92,draw_93,draw_94,draw_95,draw_96,draw_97,draw_98,draw_99,draw_100,draw_101,draw_102,draw_103,draw_104,draw_105,draw_106,draw_107,draw_108,draw_109,draw_110,draw_111,draw_112,draw_113,draw_114,draw_115,draw_116,draw_117,draw_118,draw_119,draw_120,draw_121,draw_122,draw_123,draw_124,draw_125,draw_126,draw_127,draw_128,draw_129,draw_130,draw_131,draw_132,draw_133,draw_134,draw_135,draw_136,draw_137,draw_138,draw_139,draw_140,draw_141,draw_142,draw_143,draw_144,draw_145,draw_146,draw_147,draw_148,draw_149,draw_150,draw_151,draw_152,draw_153,draw_154,draw_155,draw_156,draw_157,draw_158,draw_159,draw_160,draw_161,draw_162,draw_163,draw_164,draw_165,draw_166,draw_167,draw_168,draw_169,draw_170,draw_171,draw_172,draw_173,draw_174,draw_175,draw_176,draw_177,draw_178,draw_179,draw_180,draw_181,draw_182,draw_183,draw_184,draw_185,draw_186,draw_187,draw_188,draw_189,draw_190,draw_191,draw_192,draw_193,draw_194,draw_195,draw_196,draw_197,draw_198,draw_199
1996,1,9,prevalence,0.0016025641025641025,0.0,0.004901960784313725,0.0015267175572519084,0.0,0.003189792663476874,0.004379562043795621,0.0016286644951140066,0.003129890453834116,0.0015060240963855422,0.0016,0.0,0.0,0.0014285714285714286,0.0014992503748125937,0.00510204081632653,0.0,0.0016339869281045752,0.06269592476489028,0.0016,0.003418803418803419,0.23736600306278713,0.004702194357366771,0.03987240829346093,0.0,0.029320987654320986,0.01088646967340591,0.03542673107890499,0.015220700152207,0.0,0.009345794392523364,0.0032520325203252032,0.014446227929373997,0.0,0.001488095238095238,0.009404388714733543,0.001597444089456869,0.0,0.030816640986132512,0.023961661341853034,0.061633281972265024,0.03826955074875208,0.0,0.05504587155963303,0.08709677419354839,0.009478672985781991,0.21669341894060995,0.06587837837837837,0.0,0.0029069767441860465,0.02204724409448819,0.0,0.05368098159509203,0.03125,0.09409888357256778,0.0031201248049922,0.0,0.029320987654320986,0.02593192868719611,0.07131537242472266,0.08936825885978428,0.0031496062992125984,0.006339144215530904,0.003278688524590164,0.004761904761904762,0.0032310177705977385,0.0016556291390728477,0.0015479876160990713,0.060653188180404355,0.001652892561983471,0.04984423676012461,0.006359300476947536,0.004761904761904762,0.0015220700152207,0.07476635514018691,0.01765650080256822,0.006259780907668232,0.06645569620253164,0.020634920634920634,0.0528,0.008038585209003215,0.06430868167202572,0.08441558441558442,0.0015527950310559005,0.0015822784810126582,0.0,0.008264462809917356,0.0031847133757961785,0.06299212598425197,0.0960960960960961,0.01848998459167951,0.011834319526627219,0.04265402843601896,0.1411764705882353,0.13793103448275862,0.1018363939899833,0.02564102564102564,0.02034428794992175,0.03379416282642089,0.0,0.10210696920583469,0.07580645161290323,0.008915304606240713,0.014308426073131956,0.0,0.22308892355694226,0.006309148264984227,0.04889589905362776,0.06984126984126984,0.11062590975254731,0.0712166172106825,0.05040650406504065,0.08012326656394453,0.05239520958083832,0.029173419773095625,0.11635220125786164,0.0441400304414003,0.03323262839879154,0.0066555740432612314,0.06436420722135008,0.07264296754250386,0.008445945945945946,0.1015625,0.05819295558958652,0.03197674418604651,0.12552891396332863,0.035036496350364967,0.01564945226917058,0.04669887278582931,0.05901639344262295,0.06615384615384616,0.0696969696969697,0.0,0.0,0.07573415765069552,0.06144393241167435,0.1358609794628752,0.0609375,0.08634222919937205,0.05727554179566564,0.012598425196850394,0.03881987577639751,0.05837173579109063,0.043076923076923075,0.048013245033112585,0.08801213960546282,0.05367231638418079,0.001607717041800643,0.013008130081300813,0.10047095761381476,0.08925619834710743,0.015723270440251572,0.15422885572139303,0.14006024096385541,0.037337662337662336,0.029641185647425898,0.0421216848673947,0.015822784810126583,0.04525547445255475,0.05040650406504065,0.07750759878419453,0.20447284345047922,0.049689440993788817,0.03099510603588907,0.08641975308641975,0.03135313531353135,0.09813084112149532,0.001564945226917058,0.05909797822706065,0.04790419161676647,0.042692939244663386,0.08229813664596274,0.013412816691505217,0.1111111111111111,0.046153846153846156,0.13976705490848584,0.004651162790697674,0.04090909090909091,0.0,0.107981220657277,0.12195121951219512,0.01468189233278956,0.0,0.10374149659863946,0.0096,0.021848739495798318,0.06787330316742081,0.004665629860031105,0.012307692307692308,0.0755336617405583,0.14826498422712933,0.017488076311605722,0.03915171288743882,0.11698717948717949,0.052083333333333336,0.025295109612141653,0.03764320785597381,0.01485148514851485,0.045871559633027525,0.0033222591362126247
1997,1,9,prevalence,0.0,0.0017391304347826088,0.0016891891891891893,0.0016155088852988692,0.0,0.004838709677419355,0.004665629860031105,0.0,0.0015873015873015873,0.0015772870662460567,0.0016722408026755853,0.0,0.004991680532445923,0.0,0.00315955766192733,0.0053285968028419185,0.0032520325203252032,0.0,0.05289256198347107,0.003110419906687403,0.001718213058419244,0.15865384615384615,0.011608623548922056,0.040584415584415584,0.0016722408026755853,0.02702702702702703,0.012698412698412698,0.04195804195804196,0.019543973941368076,0.0,0.0077279752704791345,0.005050505050505051,0.008333333333333333,0.0,0.0015037593984962407,0.011725293132328308,0.0016611295681063123,0.0017035775127768314,0.04012841091492777,0.014900662251655629,0.07717041800643087,0.04130808950086059,0.0,0.03453453453453453,0.05704697986577181,0.011824324324324325,0.21163166397415187,0.056896551724137934,0.0,0.003076923076923077,0.03161397670549085,0.0016025641025641025,0.05090311986863711,0.03005008347245409,0.0749185667752443,0.003246753246753247,0.0,0.03307086614173228,0.04355108877721943,0.054313099041533544,0.07232704402515723,0.00641025641025641,0.014657980456026058,0.008547008547008548,0.0033003300330033004,0.003284072249589491,0.001736111111111111,0.0016207455429497568,0.05354330708661417,0.0017006802721088435,0.03436988543371522,0.008264462809917356,0.00792393026941363,0.001658374792703151,0.05592105263157895,0.009852216748768473,0.006734006734006734,0.06851549755301795,0.019704433497536946,0.041884816753926704,0.008389261744966443,0.05333333333333334,0.1094017094017094,0.0032733224222585926,0.0016,0.0,0.006756756756756757,0.006430868167202572,0.07062600321027288,0.07476635514018691,0.0304,0.015723270440251572,0.02689075630252101,0.12941176470588237,0.1779935275080906,0.07944732297063903,0.020134228187919462,0.02037617554858934,0.04333868378812199,0.0,0.07653910149750416,0.07107438016528926,0.011128775834658187,0.008445945945945946,0.0,0.1490787269681742,0.011627906976744186,0.07371794871794872,0.05448717948717949,0.08150470219435736,0.08530805687203792,0.04215851602023609,0.07620528771384137,0.05873015873015873,0.026622296173044926,0.1377049180327869,0.01800327332242226,0.021806853582554516,0.0034423407917383822,0.029315960912052116,0.08544303797468354,0.006872852233676976,0.10754414125200643,0.06896551724137931,0.024806201550387597,0.13010590015128592,0.047400611620795105,0.012698412698412698,0.03697478991596639,0.07666666666666666,0.06578947368421052,0.06645569620253164,0.0,0.0,0.06851549755301795,0.061224489795918366,0.136986301369863,0.06141732283464567,0.05132450331125828,0.037337662337662336,0.013223140495867768,0.026194144838212634,0.05654281098546042,0.030911901081916538,0.04862236628849271,0.1123076923076923,0.07488986784140969,0.001669449081803005,0.0049504950495049506,0.09740259740259741,0.07058823529411765,0.019230769230769232,0.13793103448275862,0.13949843260188088,0.04318936877076412,0.027419354838709678,0.02631578947368421,0.02254428341384863,0.07526881720430108,0.05853658536585366,0.06902086677367576,0.125,0.05519480519480519,0.0429553264604811,0.07987220447284345,0.014109347442680775,0.06396255850234009,0.0,0.05132192846034215,0.048,0.03832752613240418,0.07890499194847021,0.018691588785046728,0.09225700164744646,0.025210084033613446,0.13427561837455831,0.0016051364365971107,0.045171339563862926,0.0017064846416382253,0.09682804674457429,0.11876075731497418,0.019966722129783693,0.0,0.11282051282051282,0.017035775127768313,0.024305555555555556,0.0512,0.009630818619582664,0.02702702702702703,0.09866220735785954,0.16863406408094436,0.013071895424836602,0.024390243902439025,0.13838550247116968,0.04020979020979021,0.04607508532423208,0.03833333333333333,0.018211920529801324,0.0554675118858954,0.003395585738539898
1998,1,9,prevalence,0.0,0.0034423407917383822,0.0,0.001639344262295082,0.001597444089456869,0.0032520325203252032,0.0045871559633027525,0.0,0.0,0.0,0.0,0.0,0.0033222591362126247,0.0,0.0031496062992125984,0.0034602076124567475,0.0015625,0.0,0.05454545454545454,0.0015552099533437014,0.008389261744966443,0.10031847133757962,0.00980392156862745,0.06946688206785137,0.001589825119236884,0.030015797788309637,0.0109717868338558,0.05128205128205128,0.03286384976525822,0.0017331022530329288,0.007836990595611285,0.00505902192242833,0.008278145695364239,0.0,0.0030349013657056147,0.019801980198019802,0.0016806722689075631,0.0,0.05910543130990415,0.026272577996715927,0.05329153605015674,0.028380634390651086,0.004901960784313725,0.02786377708978328,0.05115511551155116,0.005067567567567568,0.16150081566068517,0.05583756345177665,0.0,0.00322061191626409,0.04628099173553719,0.0015600624024961,0.035175879396984924,0.022116903633491312,0.04983922829581994,0.0016233766233766235,0.0,0.01687116564417178,0.05342237061769616,0.05732484076433121,0.08463949843260188,0.006472491909385114,0.006389776357827476,0.009983361064891847,0.004975124378109453,0.003395585738539898,0.003436426116838488,0.0031397174254317113,0.05642633228840126,0.0017271157167530224,0.04942339373970346,0.006644518272425249,0.004777070063694267,0.0016778523489932886,0.028616852146263912,0.0067226890756302525,0.011570247933884297,0.05806451612903226,0.037096774193548385,0.02711864406779661,0.008291873963515755,0.03547297297297297,0.09278350515463918,0.001644736842105263,0.001607717041800643,0.0,0.018487394957983194,0.012738853503184714,0.05654281098546042,0.06923076923076923,0.019801980198019802,0.01892744479495268,0.05149501661129568,0.13410596026490065,0.12539184952978055,0.04440497335701599,0.01694915254237288,0.031496062992125984,0.05,0.0,0.046822742474916385,0.09586776859504133,0.020634920634920634,0.013377926421404682,0.0,0.14067796610169492,0.01001669449081803,0.07528641571194762,0.07692307692307693,0.06987577639751552,0.07455429497568881,0.05378151260504202,0.08227848101265822,0.04107424960505529,0.014900662251655629,0.09870550161812297,0.01788617886178862,0.02694136291600634,0.006956521739130435,0.029605263157894735,0.0656,0.008305647840531562,0.08520900321543408,0.05844155844155844,0.06037151702786378,0.1199400299850075,0.044585987261146494,0.007751937984496124,0.0333889816360601,0.06851549755301795,0.09210526315789473,0.0754414125200642,0.0,0.0,0.06634304207119741,0.04915514592933948,0.10474631751227496,0.040625,0.04152823920265781,0.014754098360655738,0.008183306055646482,0.02034428794992175,0.03559870550161812,0.018838304552590265,0.05,0.09214501510574018,0.07503828483920368,0.001639344262295082,0.009950248756218905,0.07933884297520662,0.043973941368078175,0.03531300160513644,0.10571923743500866,0.08864696734059098,0.042071197411003236,0.022222222222222223,0.01579778830963665,0.016129032258064516,0.06037151702786378,0.04462809917355372,0.05348460291734198,0.09238249594813615,0.0633116883116883,0.04655172413793104,0.09365079365079365,0.017605633802816902,0.09162717219589257,0.0030581039755351682,0.037993920972644375,0.04952076677316294,0.056896551724137934,0.09206349206349207,0.03308270676691729,0.0859504132231405,0.03559322033898305,0.1195079086115993,0.0016207455429497568,0.04205607476635514,0.003472222222222222,0.09618573797678276,0.09849749582637729,0.027552674230145867,0.0,0.0945945945945946,0.013513513513513514,0.02037351443123939,0.07188498402555911,0.023696682464454975,0.02321981424148607,0.09516129032258064,0.22628951747088186,0.018151815181518153,0.018518518518518517,0.11601307189542484,0.035650623885918005,0.06560283687943262,0.05679862306368331,0.012110726643598616,0.0529595015576324,0.001694915254237288
1999,1,9,prevalence,0.0032258064516129032,0.0051813471502590676,0.003430531732418525,0.0015923566878980893,0.001589825119236884,0.001589825119236884,0.0045871559633027525,0.0,0.0,0.0,0.0,0.0,0.0016863406408094434,0.0,0.001483679525222552,0.0034423407917383822,0.001567398119122257,0.0,0.048576214405360134,0.0015267175572519084,0.014827018121911038,0.055105348460291734,0.01155115511551155,0.052050473186119876,0.003257328990228013,0.023809523809523808,0.01282051282051282,0.043993231810490696,0.030063291139240507,0.005145797598627788,0.0046439628482972135,0.0016806722689075631,0.0016611295681063123,0.0,0.003115264797507788,0.031879194630872486,0.003418803418803419,0.0,0.041666666666666664,0.03204047217537943,0.054098360655737705,0.04340567612687813,0.001652892561983471,0.04892966360856269,0.038397328881469114,0.003257328990228013,0.11021069692058347,0.06197654941373534,0.0,0.0016207455429497568,0.045,0.0016051364365971107,0.016666666666666666,0.024,0.054838709677419356,0.001644736842105263,0.0,0.018957345971563982,0.04576271186440678,0.06836248012718601,0.06729264475743349,0.0033444816053511705,0.003194888178913738,0.012048192771084338,0.003246753246753247,0.003284072249589491,0.0016778523489932886,0.00625,0.05229793977812995,0.0017482517482517483,0.05602716468590832,0.005110732538330494,0.017133956386292833,0.0,0.023923444976076555,0.006546644844517185,0.019639934533551555,0.037520391517128875,0.04145936981757877,0.021885521885521887,0.005050505050505051,0.034653465346534656,0.06890756302521009,0.006666666666666667,0.0,0.0,0.01517706576728499,0.014331210191082803,0.04132231404958678,0.05108359133126935,0.01694915254237288,0.0078125,0.07885906040268456,0.12277867528271405,0.12018489984591679,0.026833631484794274,0.011705685618729096,0.04391891891891892,0.04470198675496689,0.0,0.026058631921824105,0.10227272727272728,0.020967741935483872,0.022146507666098807,0.0030303030303030303,0.09259259259259259,0.005128205128205128,0.03826955074875208,0.08414239482200647,0.044072948328267476,0.0672,0.03885135135135135,0.051364365971107544,0.033925686591276254,0.014802631578947368,0.07266982622432859,0.022690437601296597,0.05636070853462158,0.01060070671378092,0.022838499184339316,0.03343949044585987,0.004702194357366771,0.0530421216848674,0.04074702886247878,0.0688,0.09559939301972686,0.03420195439739414,0.012213740458015267,0.029508196721311476,0.06199021207177814,0.11461794019933555,0.10416666666666667,0.0017123287671232876,0.001524390243902439,0.07877813504823152,0.04180064308681672,0.09166666666666666,0.03464566929133858,0.018151815181518153,0.022690437601296597,0.004746835443037975,0.0297339593114241,0.05032467532467533,0.022257551669316374,0.05608974358974359,0.0625,0.07446808510638298,0.0016501650165016502,0.01309328968903437,0.06840390879478828,0.04019292604501608,0.05128205128205128,0.1011608623548922,0.06451612903225806,0.04838709677419355,0.016366612111292964,0.0192,0.022082018927444796,0.07298136645962733,0.05929487179487179,0.04559748427672956,0.06851549755301795,0.06785137318255251,0.037606837606837605,0.07931570762052877,0.02936096718480138,0.0914826498422713,0.001519756838905775,0.048818897637795275,0.03915171288743882,0.07205623901581722,0.08069620253164557,0.03288490284005979,0.07450331125827815,0.02711864406779661,0.11209964412811388,0.0015723270440251573,0.04821150855365474,0.0017241379310344827,0.088379705400982,0.1018363939899833,0.019639934533551555,0.0015313935681470138,0.07236842105263158,0.009900990099009901,0.011647254575707155,0.05357142857142857,0.01564945226917058,0.01732283464566929,0.08652246256239601,0.17405582922824303,0.019448946515397084,0.016260162601626018,0.10929853181076672,0.044326241134751775,0.04753820033955857,0.048576214405360134,0.018121911037891267,0.05555555555555555,0.001718213058419244
2000,1,9,prevalence,0.003205128205128205,0.0034423407917383822,0.0033333333333333335,0.001694915254237288,0.001567398119122257,0.003215434083601286,0.0030349013657056147,0.0016638935108153079,0.0,0.0016863406408094434,0.0,0.0,0.0033500837520938024,0.0,0.0,0.003316749585406302,0.0015432098765432098,0.0,0.04948805460750853,0.0015060240963855422,0.011532125205930808,0.030944625407166124,0.009852216748768473,0.03230769230769231,0.004846526655896607,0.02936378466557912,0.011363636363636364,0.03859060402684564,0.034976152623211444,0.0069084628670120895,0.0060790273556231,0.0016835016835016834,0.0016501650165016502,0.0,0.0030721966205837174,0.028380634390651086,0.0034071550255536627,0.0,0.04006410256410257,0.03993055555555555,0.041736227045075125,0.03685092127303183,0.0,0.0436817472698908,0.03715670436187399,0.004909983633387889,0.07269789983844911,0.04152249134948097,0.0,0.001644736842105263,0.03814262023217247,0.0016025641025641025,0.015100671140939598,0.03488372093023256,0.028938906752411574,0.0016181229773462784,0.0,0.014705882352941176,0.05016722408026756,0.04746317512274959,0.064,0.003424657534246575,0.0,0.010327022375215147,0.0031496062992125984,0.0031847133757961785,0.0016556291390728477,0.007874015748031496,0.0490506329113924,0.001644736842105263,0.03315881326352531,0.00505902192242833,0.01567398119122257,0.001658374792703151,0.02388535031847134,0.01957585644371941,0.028662420382165606,0.027463651050080775,0.04411764705882353,0.03980099502487562,0.008305647840531562,0.025423728813559324,0.033444816053511704,0.0016778523489932886,0.0,0.0,0.01697792869269949,0.01932367149758454,0.03409090909090909,0.05732484076433121,0.028286189683860232,0.006535947712418301,0.08061749571183534,0.09223300970873786,0.11580594679186229,0.03304347826086956,0.011844331641285956,0.04326123128119801,0.05472636815920398,0.0,0.03225806451612903,0.07540983606557378,0.029605263157894735,0.035897435897435895,0.006125574272588055,0.0603448275862069,0.00819672131147541,0.03915171288743882,0.0784,0.031914893617021274,0.04897314375987362,0.04173913043478261,0.03685897435897436,0.014586709886547812,0.0231023102310231,0.06818181818181818,0.006339144215530904,0.03503184713375796,0.014234875444839857,0.02903225806451613,0.04746317512274959,0.013574660633484163,0.061128526645768025,0.04340567612687813,0.05384615384615385,0.08166409861325115,0.03559870550161812,0.01809954751131222,0.02773246329526917,0.05065359477124183,0.08888888888888889,0.0784,0.001697792869269949,0.004497751124437781,0.09313725490196079,0.038523274478330656,0.08112582781456953,0.0176,0.023140495867768594,0.02403846153846154,0.0031446540880503146,0.03739837398373984,0.05592105263157895,0.02711323763955343,0.02936378466557912,0.0390625,0.04617834394904458,0.0032310177705977385,0.00974025974025974,0.06581059390048154,0.01675041876046901,0.052050473186119876,0.08427876823338736,0.07366771159874608,0.06991869918699187,0.023961661341853034,0.03130148270181219,0.014285714285714285,0.05817610062893082,0.06836248012718601,0.06070287539936102,0.05237315875613748,0.040983606557377046,0.023255813953488372,0.0759493670886076,0.036458333333333336,0.09204368174726989,0.0,0.04126984126984127,0.043973941368078175,0.06818181818181818,0.0655226209048362,0.027576197387518143,0.04318936877076412,0.03355704697986577,0.11290322580645161,0.0015105740181268882,0.02377179080824089,0.005025125628140704,0.08333333333333333,0.05583756345177665,0.01904761904761905,0.0,0.06655844155844155,0.027552674230145867,0.008333333333333333,0.04952076677316294,0.011164274322169059,0.01848998459167951,0.08881578947368421,0.09394904458598727,0.014423076923076924,0.011345218800648298,0.1011608623548922,0.031088082901554404,0.029459901800327332,0.044293015332197615,0.014705882352941176,0.03543913713405239,0.0017543859649122807
2001,1,9,prevalence,0.011254019292604502,0.00338409475465313,0.0016722408026755853,0.0,0.0031746031746031746,0.003189792663476874,0.001579778830963665,0.001669449081803005,0.0,0.001658374792703151,0.0,0.0,0.006779661016949152,0.0015625,0.0,0.0032679738562091504,0.0015873015873015873,0.0,0.06825938566552901,0.0,0.00819672131147541,0.04552845528455285,0.009966777408637873,0.036036036036036036,0.0047694753577106515,0.02159468438538206,0.011363636363636364,0.006546644844517185,0.018957345971563982,0.008488964346349746,0.01355421686746988,0.0017035775127768314,0.006568144499178982,0.0015772870662460567,0.001564945226917058,0.025167785234899327,0.0016750418760469012,0.008710801393728223,0.0361247947454844,0.04448398576512456,0.03262642740619902,0.04081632653061224,0.0016474464579901153,0.032,0.037037037037037035,0.0033112582781456954,0.05778491171749599,0.05263157894736842,0.0,0.0016474464579901153,0.05843071786310518,0.0016051364365971107,0.008417508417508417,0.03367003367003367,0.03354632587859425,0.0015873015873015873,0.0016339869281045752,0.027642276422764227,0.04730831973898858,0.04071661237785016,0.045307443365695796,0.0033500837520938024,0.0,0.024691358024691357,0.004694835680751174,0.0015923566878980893,0.0016420361247947454,0.004724409448818898,0.033690658499234305,0.001669449081803005,0.026785714285714284,0.005016722408026756,0.027597402597402596,0.001652892561983471,0.04258675078864353,0.0361247947454844,0.027419354838709678,0.021103896103896104,0.03639240506329114,0.022617124394184167,0.014950166112956811,0.018302828618968387,0.03169014084507042,0.0,0.0,0.0,0.01487603305785124,0.0187207488299532,0.03776683087027915,0.050156739811912224,0.018900343642611683,0.003367003367003367,0.08717948717948718,0.06595092024539877,0.12280701754385964,0.021922428330522766,0.01867572156196944,0.0380794701986755,0.04470198675496689,0.003115264797507788,0.044189852700491,0.07792207792207792,0.04560260586319218,0.039182282793867124,0.012066365007541479,0.028716216216216218,0.013179571663920923,0.04487179487179487,0.06825396825396825,0.023112480739599383,0.04411764705882353,0.03156146179401993,0.03645007923930269,0.014950166112956811,0.03365384615384615,0.06578947368421052,0.011093502377179081,0.012924071082390954,0.0142602495543672,0.017770597738287562,0.03442622950819672,0.010835913312693499,0.03691813804173355,0.03289473684210526,0.03803486529318542,0.07535321821036106,0.026101141924959218,0.01636904761904762,0.0328125,0.05910543130990415,0.05218855218855219,0.06752411575562701,0.0,0.0075528700906344415,0.07317073170731707,0.029900332225913623,0.05601317957166392,0.0144,0.014827018121911038,0.033816425120772944,0.004615384615384616,0.04091653027823241,0.04508856682769726,0.02576489533011272,0.016778523489932886,0.03715170278637771,0.04318936877076412,0.0032679738562091504,0.0256,0.05211726384364821,0.020168067226890758,0.06521739130434782,0.06761006289308176,0.0440251572327044,0.0825242718446602,0.027419354838709678,0.03727714748784441,0.0171875,0.06132075471698113,0.05040650406504065,0.07085346215780998,0.052715654952076675,0.043548387096774194,0.015332197614991482,0.04043545878693624,0.03169014084507042,0.08667736757624397,0.0,0.029641185647425898,0.03350083752093802,0.06866197183098592,0.04918032786885246,0.02242152466367713,0.03896103896103896,0.015025041736227046,0.10661764705882353,0.0015082956259426848,0.028938906752411574,0.006514657980456026,0.07223113964686999,0.03130148270181219,0.022116903633491312,0.0,0.051118210862619806,0.03231017770597738,0.015306122448979591,0.05457463884430177,0.009630818619582664,0.018518518518518517,0.07003257328990228,0.09268292682926829,0.01631321370309951,0.008038585209003215,0.08813559322033898,0.01936619718309859,0.03140495867768595,0.026755852842809364,0.006389776357827476,0.0380952380952381,0.001718213058419244
2002,1,9,prevalence,0.01901743264659271,0.001607717041800643,0.0033277870216306157,0.0,0.003125,0.003205128205128205,0.001610305958132045,0.001610305958132045,0.0016501650165016502,0.005016722408026756,0.0,0.0,0.016835016835016835,0.0015337423312883436,0.0,0.001694915254237288,0.0015552099533437014,0.0,0.04700162074554295,0.0,0.008305647840531562,0.03636363636363636,0.008333333333333333,0.01661631419939577,0.003236245954692557,0.02800658978583196,0.008103727714748784,0.007898894154818325,0.03164556962025317,0.01001669449081803,0.015600624024960999,0.001694915254237288,0.008012820512820512,0.006211180124223602,0.0030441400304414,0.037337662337662336,0.001669449081803005,0.01015228426395939,0.04597701149425287,0.03204047217537943,0.011437908496732025,0.02249134948096886,0.0032679738562091504,0.023961661341853034,0.02768729641693811,0.001669449081803005,0.036544850498338874,0.034482758620689655,0.0,0.0,0.03927986906710311,0.0015748031496062992,0.010033444816053512,0.03595890410958904,0.03949447077409163,0.0,0.0016181229773462784,0.017684887459807074,0.032948929159802305,0.02750809061488673,0.03826955074875208,0.00333889816360601,0.00322061191626409,0.02434782608695652,0.010954616588419406,0.0,0.0015772870662460567,0.001594896331738437,0.043410852713178294,0.001639344262295082,0.017421602787456445,0.006633499170812604,0.025806451612903226,0.006557377049180328,0.0514820592823713,0.050243111831442464,0.01901743264659271,0.014285714285714285,0.04361370716510903,0.024469820554649267,0.013223140495867768,0.02936378466557912,0.037996545768566495,0.0,0.0015503875968992248,0.0,0.023178807947019868,0.013719512195121951,0.05289256198347107,0.03955696202531646,0.020618556701030927,0.016778523489932886,0.0763888888888889,0.06042296072507553,0.08346709470304976,0.01718213058419244,0.024096385542168676,0.038338658146964855,0.035,0.0030627871362940277,0.04707792207792208,0.0733652312599681,0.0491283676703645,0.039735099337748346,0.004497751124437781,0.011686143572621035,0.01517706576728499,0.04433497536945813,0.041401273885350316,0.02923076923076923,0.031198686371100164,0.02181208053691275,0.031545741324921134,0.028286189683860232,0.04878048780487805,0.046153846153846156,0.009615384615384616,0.018121911037891267,0.017793594306049824,0.028846153846153848,0.02750809061488673,0.019877675840978593,0.03827751196172249,0.029508196721311476,0.037520391517128875,0.052132701421800945,0.025167785234899327,0.013719512195121951,0.02377179080824089,0.04830917874396135,0.05472636815920398,0.04738562091503268,0.0,0.00933125972006221,0.06269592476489028,0.027463651050080775,0.049019607843137254,0.006514657980456026,0.015050167224080268,0.040983606557377046,0.0110062893081761,0.04411764705882353,0.032467532467532464,0.01610305958132045,0.029950083194675542,0.025806451612903226,0.039792387543252594,0.0015873015873015873,0.03827751196172249,0.048701298701298704,0.017241379310344827,0.05625,0.04952076677316294,0.03864734299516908,0.07348242811501597,0.01610305958132045,0.02618657937806874,0.02197802197802198,0.06896551724137931,0.03161397670549085,0.046052631578947366,0.06200317965023847,0.03577235772357724,0.02152317880794702,0.04146730462519936,0.03671328671328671,0.06446280991735537,0.0,0.01592356687898089,0.034071550255536626,0.046263345195729534,0.061389337641357025,0.028744326777609682,0.04862236628849271,0.020168067226890758,0.07636363636363637,0.0014792899408284023,0.029605263157894735,0.004893964110929853,0.06593406593406594,0.03179650238473768,0.013740458015267175,0.0,0.03987240829346093,0.032467532467532464,0.01517706576728499,0.030063291139240507,0.011589403973509934,0.013803680981595092,0.08223684210526316,0.07062600321027288,0.024549918166939442,0.014539579967689823,0.04013377926421405,0.015570934256055362,0.03420195439739414,0.014925373134328358,0.001567398119122257,0.049766718506998445,0.001697792869269949
2003,1,9,prevalence,0.012539184952978056,0.0031645569620253164,0.003194888178913738,0.003355704697986577,0.0031397174254317113,0.0,0.0,0.0033112582781456954,0.001567398119122257,0.003424657534246575,0.0,0.0,0.013559322033898305,0.00315955766192733,0.0,0.0033277870216306157,0.001597444089456869,0.0,0.05016181229773463,0.0,0.014586709886547812,0.02280130293159609,0.012678288431061807,0.03003003003003003,0.0016233766233766235,0.0214168039538715,0.004830917874396135,0.011419249592169658,0.034055727554179564,0.0050335570469798654,0.01910828025477707,0.001692047377326565,0.011254019292604502,0.007974481658692184,0.0015455950540958269,0.02936378466557912,0.0016611295681063123,0.01658374792703151,0.041050903119868636,0.03125,0.013245033112582781,0.02671118530884808,0.0033112582781456954,0.02875399361022364,0.024232633279483037,0.008431703204047217,0.023178807947019868,0.02800658978583196,0.0,0.0,0.022508038585209004,0.0031201248049922,0.009852216748768473,0.027868852459016394,0.03189792663476874,0.0016339869281045752,0.0,0.032362459546925564,0.040257648953301126,0.0231023102310231,0.050590219224283306,0.0050933786078098476,0.011363636363636364,0.04056437389770723,0.001524390243902439,0.0,0.004746835443037975,0.0016474464579901153,0.047021943573667714,0.0,0.0423728813559322,0.006557377049180328,0.02631578947368421,0.004878048780487805,0.046511627906976744,0.03436988543371522,0.023547880690737835,0.0125,0.037337662337662336,0.021487603305785124,0.015437392795883362,0.03885135135135135,0.04560810810810811,0.0032733224222585926,0.0015220700152207,0.0,0.024549918166939442,0.007668711656441718,0.024793388429752067,0.03322784810126582,0.013605442176870748,0.03161397670549085,0.05944055944055944,0.061633281972265024,0.06291390728476821,0.03633217993079585,0.018612521150592216,0.024958402662229616,0.05299145299145299,0.0031397174254317113,0.04107424960505529,0.06811145510835913,0.04878048780487805,0.03814262023217247,0.0030075187969924814,0.005119453924914676,0.011986301369863013,0.028052805280528052,0.03421461897356143,0.02711323763955343,0.023411371237458192,0.03859060402684564,0.019877675840978593,0.024115755627009645,0.04617834394904458,0.04819277108433735,0.0124804992199688,0.03642384105960265,0.019230769230769232,0.030448717948717948,0.02618657937806874,0.029141104294478526,0.023696682464454975,0.021775544388609715,0.03398058252427184,0.030110935023771792,0.030821917808219176,0.005979073243647235,0.020933977455716585,0.03685897435897436,0.048465266558966075,0.03398058252427184,0.0,0.008223684210526315,0.045454545454545456,0.01746031746031746,0.04830917874396135,0.022950819672131147,0.011686143572621035,0.029900332225913623,0.015220700152207,0.035256410256410256,0.026272577996715927,0.00964630225080386,0.02666666666666667,0.025682182985553772,0.04938271604938271,0.0048,0.02531645569620253,0.03398058252427184,0.028862478777589132,0.05337519623233909,0.03130148270181219,0.027287319422150885,0.06907378335949764,0.01564945226917058,0.016260162601626018,0.025196850393700787,0.06,0.021848739495798318,0.04746317512274959,0.03140495867768595,0.024916943521594685,0.021885521885521887,0.040061633281972264,0.039586919104991396,0.05331179321486268,0.0,0.010819165378670788,0.02586206896551724,0.04647160068846816,0.04084967320261438,0.022970903522205207,0.027419354838709678,0.01675041876046901,0.0603290676416819,0.0,0.016638935108153077,0.003215434083601286,0.04590163934426229,0.03054662379421222,0.02465331278890601,0.0,0.03475513428120063,0.0208,0.014778325123152709,0.02702702702702703,0.0065040650406504065,0.021806853582554516,0.057003257328990226,0.05732484076433121,0.02996845425867508,0.015723270440251572,0.03547297297297297,0.016722408026755852,0.019261637239165328,0.008116883116883116,0.003189792663476874,0.0405616224648986,0.0016778523489932886
2004,1,9,prevalence,0.01592356687898089,0.0015723270440251573,0.003194888178913738,0.0016233766233766235,0.0032,0.001644736842105263,0.0,0.0016260162601626016,0.0015600624024961,0.003418803418803419,0.0,0.0016025641025641025,0.010067114093959731,0.0016025641025641025,0.0,0.0033613445378151263,0.0,0.0,0.03156146179401993,0.0,0.004792332268370607,0.0208,0.017377567140600316,0.0310192023633678,0.0032414910858995136,0.023333333333333334,0.008319467554076539,0.006430868167202572,0.04220779220779221,0.010273972602739725,0.022257551669316374,0.001589825119236884,0.01579778830963665,0.008051529790660225,0.0,0.02922077922077922,0.0016420361247947454,0.013559322033898305,0.03940886699507389,0.027777777777777776,0.031932773109243695,0.024311183144246355,0.008278145695364239,0.031096563011456628,0.013223140495867768,0.018302828618968387,0.015151515151515152,0.019543973941368076,0.0,0.0,0.030303030303030304,0.0032948929159802307,0.023728813559322035,0.04830917874396135,0.030595813204508857,0.0016501650165016502,0.0016207455429497568,0.02377179080824089,0.0343213728549142,0.02786377708978328,0.030664395229982964,0.0051635111876075735,0.008183306055646482,0.03951890034364261,0.0015822784810126582,0.0,0.00473186119873817,0.0016,0.046948356807511735,0.0,0.03278688524590164,0.006482982171799027,0.019639934533551555,0.013245033112582781,0.03582554517133956,0.03908794788273615,0.01597444089456869,0.0076103500761035,0.03691813804173355,0.021848739495798318,0.023411371237458192,0.015358361774744027,0.04215851602023609,0.0,0.00303951367781155,0.0,0.031825795644891124,0.0109717868338558,0.024793388429752067,0.03349282296650718,0.017035775127768313,0.02773246329526917,0.030874785591766724,0.055130168453292494,0.04770017035775128,0.048109965635738834,0.01818181818181818,0.023064250411861616,0.05752961082910321,0.001564945226917058,0.04258675078864353,0.0390625,0.032362459546925564,0.02586206896551724,0.002976190476190476,0.013628620102214651,0.025906735751295335,0.019543973941368076,0.02936630602782071,0.02204724409448819,0.02181208053691275,0.03709949409780776,0.034328358208955224,0.011164274322169059,0.04468412942989214,0.054770318021201414,0.01779935275080906,0.02809917355371901,0.033101045296167246,0.023255813953488372,0.029315960912052116,0.015151515151515152,0.01929260450160772,0.011570247933884297,0.03770491803278689,0.03420195439739414,0.0387858347386172,0.006134969325153374,0.017915309446254073,0.04153354632587859,0.030744336569579287,0.045307443365695796,0.0,0.0224,0.027156549520766772,0.013953488372093023,0.04952076677316294,0.016638935108153077,0.024311183144246355,0.041390728476821195,0.027149321266968326,0.030252100840336135,0.032,0.014285714285714285,0.033386327503974564,0.019801980198019802,0.04436860068259386,0.003194888178913738,0.017628205128205128,0.01889763779527559,0.04560260586319218,0.05287713841368585,0.027823240589198037,0.016666666666666666,0.052132701421800945,0.020186335403726708,0.027419354838709678,0.02254428341384863,0.06346749226006192,0.021666666666666667,0.03779527559055118,0.03511705685618729,0.0214168039538715,0.020442930153321975,0.0625,0.033216783216783216,0.06478405315614617,0.0,0.0,0.018612521150592216,0.03885135135135135,0.04019292604501608,0.026438569206842923,0.011326860841423949,0.01824212271973466,0.039711191335740074,0.0,0.02218430034129693,0.003284072249589491,0.05546492659053834,0.01892744479495268,0.03167420814479638,0.0,0.03322784810126582,0.014586709886547812,0.02388535031847134,0.03225806451612903,0.0064,0.024350649350649352,0.05737704918032787,0.04451510333863275,0.026984126984126985,0.025602409638554216,0.023931623931623933,0.01468189233278956,0.00819672131147541,0.004838709677419355,0.004777070063694267,0.03627760252365931,0.001597444089456869
2005,1,9,prevalence,0.012678288431061807,0.0016051364365971107,0.0032626427406199023,0.0016129032258064516,0.003257328990228013,0.001652892561983471,0.0016366612111292963,0.0015923566878980893,0.0015600624024961,0.0033333333333333335,0.0,0.0016025641025641025,0.0,0.0015600624024961,0.0015822784810126582,0.001694915254237288,0.0,0.0,0.02471169686985173,0.0,0.004838709677419355,0.014657980456026058,0.009478672985781991,0.017569546120058566,0.004918032786885246,0.013490725126475547,0.0049833887043189366,0.0031545741324921135,0.06666666666666667,0.005136986301369863,0.018779342723004695,0.0031847133757961785,0.006389776357827476,0.0031007751937984496,0.001597444089456869,0.01620745542949757,0.0,0.02,0.040783034257748776,0.027375201288244767,0.045075125208681135,0.011570247933884297,0.006644518272425249,0.0192,0.006514657980456026,0.020066889632107024,0.02003338898163606,0.01866251944012442,0.0,0.0,0.025806451612903226,0.0033444816053511705,0.0016666666666666668,0.03582554517133956,0.022508038585209004,0.0016366612111292963,0.0016155088852988692,0.027331189710610933,0.02664576802507837,0.047619047619047616,0.015625,0.0033333333333333335,0.006578947368421052,0.05564924114671164,0.009569377990430622,0.0,0.0015625,0.001607717041800643,0.04777070063694268,0.0032310177705977385,0.03529411764705882,0.00487012987012987,0.016638935108153077,0.01015228426395939,0.03015873015873016,0.03511705685618729,0.017488076311605722,0.0015625,0.04186795491143317,0.0192,0.021103896103896104,0.018333333333333333,0.03986710963455149,0.004901960784313725,0.0029717682020802376,0.0016051364365971107,0.02321724709784411,0.01263823064770932,0.006700167504187605,0.01282051282051282,0.013651877133105802,0.030100334448160536,0.009771986970684038,0.03255813953488372,0.046153846153846156,0.03735144312393888,0.012433392539964476,0.05727554179566564,0.07288135593220339,0.0015600624024961,0.03924646781789639,0.03225806451612903,0.029950083194675542,0.024958402662229616,0.0029895366218236174,0.009900990099009901,0.020134228187919462,0.01948051948051948,0.019877675840978593,0.017713365539452495,0.02866779089376054,0.033112582781456956,0.038109756097560975,0.009584664536741214,0.043154761904761904,0.03676470588235294,0.008223684210526315,0.016339869281045753,0.020168067226890758,0.015100671140939598,0.02936378466557912,0.01903367496339678,0.03503184713375796,0.026359143327841845,0.030844155844155844,0.05218855218855219,0.04180602006688963,0.006289308176100629,0.008375209380234505,0.03255813953488372,0.024232633279483037,0.05564924114671164,0.0,0.02086677367576244,0.03403565640194489,0.01938610662358643,0.04019292604501608,0.01652892561983471,0.021702838063439065,0.04612850082372323,0.033773861967694566,0.023255813953488372,0.029503105590062112,0.014018691588785047,0.04180064308681672,0.0064,0.024390243902439025,0.0015822784810126582,0.021638330757341576,0.009852216748768473,0.05977382875605816,0.06995230524642289,0.014516129032258065,0.023688663282571912,0.057722308892355696,0.027287319422150885,0.03354632587859425,0.016181229773462782,0.05687203791469194,0.030874785591766724,0.017432646592709985,0.024509803921568627,0.02181208053691275,0.030560271646859084,0.0592,0.027633851468048358,0.04501607717041801,0.0,0.001607717041800643,0.013513513513513514,0.05263157894736842,0.02689873417721519,0.019230769230769232,0.014950166112956811,0.011513157894736841,0.04569420035149385,0.0,0.023172905525846704,0.0032310177705977385,0.05396290050590219,0.016,0.033707865168539325,0.0,0.036065573770491806,0.014354066985645933,0.03481012658227848,0.0352,0.003257328990228013,0.03215434083601286,0.06375838926174497,0.04292527821939587,0.022988505747126436,0.03753753753753754,0.021207177814029365,0.009868421052631578,0.0,0.0032102728731942215,0.00315955766192733,0.022508038585209004,0.0
2006,1,9,prevalence,0.007961783439490446,0.0,0.0016638935108153079,0.001564945226917058,0.003289473684210526,0.001644736842105263,0.0016260162601626016,0.001597444089456869,0.0,0.0033003300330033004,0.0016835016835016834,0.0017035775127768314,0.0,0.0015600624024961,0.0015923566878980893,0.001658374792703151,0.0016155088852988692,0.0,0.019169329073482427,0.0,0.01957585644371941,0.011308562197092083,0.01579778830963665,0.012195121951219513,0.00487012987012987,0.020100502512562814,0.005042016806722689,0.013740458015267175,0.06497622820919176,0.004991680532445923,0.021638330757341576,0.003205128205128205,0.008090614886731391,0.0015220700152207,0.0016556291390728477,0.012598425196850394,0.0,0.015202702702702704,0.021207177814029365,0.022292993630573247,0.04215851602023609,0.011345218800648298,0.011456628477905073,0.00967741935483871,0.00792393026941363,0.01335559265442404,0.018333333333333333,0.01687116564417178,0.0,0.0,0.0078003120124804995,0.003367003367003367,0.006791171477079796,0.03189792663476874,0.026604068857589983,0.001579778830963665,0.0016129032258064516,0.014586709886547812,0.02377179080824089,0.027906976744186046,0.0156794425087108,0.0017035775127768314,0.006589785831960461,0.06956521739130435,0.009787928221859706,0.0,0.0015503875968992248,0.0015923566878980893,0.03618421052631579,0.0,0.04318936877076412,0.003284072249589491,0.016611295681063124,0.006339144215530904,0.029780564263322883,0.025597269624573378,0.028125,0.0047694753577106515,0.04120443740095087,0.026194144838212634,0.018425460636515914,0.008278145695364239,0.026490066225165563,0.0015772870662460567,0.00303951367781155,0.0015873015873015873,0.011272141706924315,0.009538950715421303,0.005154639175257732,0.0032520325203252032,0.015306122448979591,0.016778523489932886,0.003215434083601286,0.020700636942675158,0.06554621848739496,0.04560810810810811,0.012658227848101266,0.05826771653543307,0.03355704697986577,0.0,0.035256410256410256,0.03048780487804878,0.028286189683860232,0.03257328990228013,0.0029069767441860465,0.024311183144246355,0.008403361344537815,0.014634146341463415,0.019696969696969695,0.030110935023771792,0.02809917355371901,0.046052631578947366,0.023291925465838508,0.003189792663476874,0.05255023183925812,0.02304964539007092,0.00487012987012987,0.030844155844155844,0.01658374792703151,0.013289036544850499,0.033444816053511704,0.02252252252252252,0.03685897435897436,0.046357615894039736,0.0224,0.05853658536585366,0.03177257525083612,0.004608294930875576,0.004909983633387889,0.03896103896103896,0.020700636942675158,0.04873949579831933,0.0,0.014150943396226415,0.04186795491143317,0.016420361247947456,0.038580246913580245,0.02689075630252101,0.013377926421404682,0.024469820554649267,0.05154639175257732,0.008333333333333333,0.023183925811437404,0.009244992295839754,0.03114754098360656,0.004830917874396135,0.01559792027729636,0.0015873015873015873,0.025039123630672927,0.006633499170812604,0.049019607843137254,0.054187192118226604,0.014657980456026058,0.02891156462585034,0.07020280811232449,0.019230769230769232,0.04489164086687306,0.0033500837520938024,0.06339144215530904,0.007042253521126761,0.017350157728706624,0.02666666666666667,0.011532125205930808,0.026402640264026403,0.06645569620253164,0.013745704467353952,0.045307443365695796,0.0,0.0032310177705977385,0.0016366612111292963,0.0628099173553719,0.042993630573248405,0.019672131147540985,0.02508361204013378,0.016051364365971106,0.05326460481099656,0.0,0.028368794326241134,0.003169572107765452,0.0791599353796446,0.012539184952978056,0.028846153846153848,0.0033112582781456954,0.02155887230514096,0.023734177215189875,0.0464,0.028662420382165606,0.001694915254237288,0.0224,0.05254237288135593,0.030944625407166124,0.024469820554649267,0.024205748865355523,0.01779935275080906,0.008156606851549755,0.0,0.004862236628849271,0.0031545741324921135,0.01615508885298869,0.0
2007,1,9,prevalence,0.0062402496099844,0.0,0.0,0.0015600624024961,0.0016750418760469012,0.0,0.0016366612111292963,0.0033500837520938024,0.0,0.0032520325203252032,0.001669449081803005,0.0033613445378151263,0.0,0.0016233766233766235,0.0016313213703099511,0.0,0.0016750418760469012,0.0,0.01932367149758454,0.0,0.020933977455716585,0.0016181229773462784,0.022116903633491312,0.0015527950310559005,0.006666666666666667,0.03904923599320883,0.0066555740432612314,0.007704160246533128,0.06462035541195477,0.017064846416382253,0.02476780185758514,0.0030911901081916537,0.008319467554076539,0.0014992503748125937,0.003236245954692557,0.016,0.0,0.01011804384485666,0.025518341307814992,0.015873015873015872,0.041025641025641026,0.028662420382165606,0.024311183144246355,0.00473186119873817,0.009771986970684038,0.02287581699346405,0.008183306055646482,0.0109204368174727,0.0,0.0,0.0015723270440251573,0.0033277870216306157,0.010101010101010102,0.020766773162939296,0.015313935681470138,0.0032626427406199023,0.003169572107765452,0.018121911037891267,0.014354066985645933,0.0192,0.008771929824561403,0.001692047377326565,0.006688963210702341,0.0782608695652174,0.003215434083601286,0.0,0.0015698587127158557,0.0,0.02671118530884808,0.0016233766233766235,0.03940886699507389,0.003246753246753247,0.016611295681063124,0.004862236628849271,0.027597402597402596,0.025210084033613446,0.02821316614420063,0.004815409309791332,0.03398058252427184,0.022222222222222223,0.02003338898163606,0.01461038961038961,0.02003338898163606,0.003110419906687403,0.0029895366218236174,0.003236245954692557,0.012903225806451613,0.013136288998357963,0.008445945945945946,0.008333333333333333,0.01,0.02773246329526917,0.0015923566878980893,0.009630818619582664,0.04915254237288136,0.050505050505050504,0.012433392539964476,0.061611374407582936,0.04071661237785016,0.003105590062111801,0.04245283018867924,0.045662100456621,0.04530201342281879,0.014729950900163666,0.004451038575667656,0.022838499184339316,0.01288244766505636,0.00825082508250825,0.007518796992481203,0.0210016155088853,0.01990049751243781,0.043478260869565216,0.026771653543307086,0.0,0.042993630573248405,0.023728813559322035,0.003305785123966942,0.03662420382165605,0.03864734299516908,0.00333889816360601,0.028192371475953566,0.04251968503937008,0.03286384976525822,0.03927986906710311,0.026101141924959218,0.035058430717863104,0.04313099041533546,0.0030534351145038168,0.008547008547008548,0.04746835443037975,0.01800327332242226,0.03872053872053872,0.0,0.0192,0.033112582781456956,0.013468013468013467,0.03210272873194221,0.01957585644371941,0.006756756756756757,0.015723270440251572,0.04918032786885246,0.006688963210702341,0.01584786053882726,0.007716049382716049,0.024469820554649267,0.0065252854812398045,0.011965811965811967,0.0016181229773462784,0.03470031545741325,0.0016835016835016834,0.04065040650406504,0.056,0.011437908496732025,0.04736842105263158,0.061611374407582936,0.01779935275080906,0.030864197530864196,0.005042016806722689,0.040310077519379844,0.0034965034965034965,0.014285714285714285,0.022764227642276424,0.011725293132328308,0.00980392156862745,0.051696284329563816,0.015254237288135594,0.02843601895734597,0.0,0.0033277870216306157,0.0,0.047540983606557376,0.028052805280528052,0.018092105263157895,0.03531300160513644,0.01644736842105263,0.05299145299145299,0.0,0.022530329289428077,0.0,0.0766721044045677,0.011023622047244094,0.01779935275080906,0.008038585209003215,0.04966887417218543,0.02066772655007949,0.046052631578947366,0.028346456692913385,0.0033003300330033004,0.017350157728706624,0.04436860068259386,0.04153354632587859,0.0282574568288854,0.03048780487804878,0.0196078431372549,0.006462035541195477,0.0,0.0096,0.0015455950540958269,0.018032786885245903,0.0
2008,1,9,prevalence,0.003189792663476874,0.0015384615384615385,0.0,0.0015455950540958269,0.0,0.0,0.0016155088852988692,0.003215434083601286,0.0,0.003289473684210526,0.003355704697986577,0.0033277870216306157,0.0,0.0,0.0,0.0,0.006644518272425249,0.0,0.021806853582554516,0.0,0.018779342723004695,0.001639344262295082,0.026397515527950312,0.003179650238473768,0.003284072249589491,0.04477611940298507,0.001669449081803005,0.007633587786259542,0.040257648953301126,0.013937282229965157,0.024427480916030534,0.0015313935681470138,0.013333333333333334,0.0030441400304414,0.0031645569620253164,0.006259780907668232,0.0,0.007029876977152899,0.020440251572327043,0.00933125972006221,0.024390243902439025,0.022257551669316374,0.028846153846153848,0.003246753246753247,0.015025041736227046,0.017973856209150325,0.00980392156862745,0.004739336492890996,0.0,0.0016891891891891893,0.0030911901081916537,0.0048,0.009983361064891847,0.011345218800648298,0.007598784194528876,0.0016611295681063123,0.003257328990228013,0.01658374792703151,0.00482315112540193,0.020440251572327043,0.005128205128205128,0.0017006802721088435,0.003257328990228013,0.050522648083623695,0.0,0.001597444089456869,0.0016233766233766235,0.0,0.00510204081632653,0.006482982171799027,0.033816425120772944,0.0016181229773462784,0.016722408026755852,0.0048543689320388345,0.05448717948717949,0.04,0.03184713375796178,0.007936507936507936,0.033707865168539325,0.016025641025641024,0.014634146341463415,0.022838499184339316,0.030612244897959183,0.004746835443037975,0.0030581039755351682,0.004622496147919877,0.02127659574468085,0.015,0.008460236886632826,0.020442930153321975,0.0112,0.03328050713153724,0.0,0.007974481658692184,0.045531197301854974,0.041050903119868636,0.01926444833625219,0.07834101382488479,0.03035143769968051,0.003194888178913738,0.04595879556259905,0.030864197530864196,0.03648424543946932,0.01487603305785124,0.004511278195488722,0.012965964343598054,0.012779552715654952,0.004942339373970346,0.004672897196261682,0.026446280991735537,0.014516129032258065,0.029459901800327332,0.026438569206842923,0.0015600624024961,0.023696682464454975,0.022336769759450172,0.0,0.0176,0.0296875,0.0016666666666666668,0.01854974704890388,0.023809523809523808,0.03387096774193549,0.03864734299516908,0.00974025974025974,0.027257240204429302,0.03864734299516908,0.0015772870662460567,0.0033613445378151263,0.060221870047543584,0.025559105431309903,0.04054054054054054,0.0,0.025559105431309903,0.009917355371900827,0.008237232289950576,0.04538341158059468,0.0109204368174727,0.0016313213703099511,0.013114754098360656,0.038922155688622756,0.013377926421404682,0.014563106796116505,0.0047169811320754715,0.015723270440251572,0.003105590062111801,0.01864406779661017,0.0032102728731942215,0.03257328990228013,0.0,0.04375,0.05063291139240506,0.008264462809917356,0.04861111111111111,0.07320872274143302,0.014539579967689823,0.02106969205834684,0.0033613445378151263,0.03709428129829984,0.0,0.017080745341614908,0.017684887459807074,0.018803418803418803,0.013136288998357963,0.03739837398373984,0.02276707530647986,0.03514376996805112,0.0,0.0016666666666666668,0.0016313213703099511,0.03333333333333333,0.04084967320261438,0.023450586264656615,0.03727714748784441,0.01282051282051282,0.05263157894736842,0.0,0.015625,0.0,0.03815580286168521,0.003125,0.01129032258064516,0.00487012987012987,0.04318936877076412,0.027070063694267517,0.051364365971107544,0.02511773940345369,0.0065252854812398045,0.02694136291600634,0.03135313531353135,0.016051364365971106,0.029411764705882353,0.037821482602118005,0.01437699680511182,0.0032258064516129032,0.0,0.00641025641025641,0.0016025641025641025,0.016260162601626018,0.0
2009,1,9,prevalence,0.0,0.0014947683109118087,0.0,0.0014858841010401188,0.0,0.0,0.0,0.003246753246753247,0.0,0.0016474464579901153,0.0032679738562091504,0.0016750418760469012,0.0,0.0,0.0,0.0,0.0049833887043189366,0.0,0.04294478527607362,0.0,0.01597444089456869,0.0,0.01529051987767584,0.003179650238473768,0.003257328990228013,0.03114754098360656,0.003246753246753247,0.0061068702290076335,0.04580152671755725,0.005172413793103448,0.021439509954058193,0.0015267175572519084,0.011475409836065573,0.0015408320493066256,0.004846526655896607,0.004777070063694267,0.0,0.009009009009009009,0.020123839009287926,0.007518796992481203,0.021487603305785124,0.023076923076923078,0.026622296173044926,0.004754358161648178,0.023769100169779286,0.023923444976076555,0.004830917874396135,0.0015408320493066256,0.0,0.001692047377326565,0.006289308176100629,0.008319467554076539,0.006666666666666667,0.00644122383252818,0.0093603744149766,0.0049833887043189366,0.0047694753577106515,0.02666666666666667,0.004893964110929853,0.013996889580093312,0.00847457627118644,0.0016666666666666668,0.0016,0.05175292153589316,0.0,0.0032102728731942215,0.0016666666666666668,0.001639344262295082,0.0017035775127768314,0.008264462809917356,0.03662420382165605,0.0,0.008,0.00315955766192733,0.030894308943089432,0.04895104895104895,0.024077046548956663,0.009554140127388535,0.04566929133858268,0.023923444976076555,0.022690437601296597,0.024350649350649352,0.026845637583892617,0.001597444089456869,0.0031545741324921135,0.00322061191626409,0.008130081300813009,0.013289036544850499,0.003395585738539898,0.03642384105960265,0.01948051948051948,0.025848142164781908,0.0,0.0064516129032258064,0.01507537688442211,0.03993344425956739,0.033101045296167246,0.05901116427432217,0.015527950310559006,0.0016181229773462784,0.03492063492063492,0.02476780185758514,0.018211920529801324,0.025889967637540454,0.0030816640986132513,0.01746031746031746,0.00794912559618442,0.003257328990228013,0.0047169811320754715,0.03015075376884422,0.009345794392523364,0.02593192868719611,0.0224,0.0015455950540958269,0.015479876160990712,0.035653650254668934,0.0,0.011272141706924315,0.0453125,0.003316749585406302,0.018581081081081082,0.03140495867768595,0.03198653198653199,0.032,0.0032258064516129032,0.01015228426395939,0.026446280991735537,0.0096,0.005136986301369863,0.04709576138147567,0.03565891472868217,0.03541315345699832,0.0016,0.034976152623211444,0.0049586776859504135,0.00819672131147541,0.040372670807453416,0.007861635220125786,0.0016501650165016502,0.014975041597337771,0.0290519877675841,0.01594896331738437,0.022653721682847898,0.004665629860031105,0.015625,0.0015527950310559005,0.027960526315789474,0.0016129032258064516,0.025396825396825397,0.0,0.04128440366972477,0.03827751196172249,0.008375209380234505,0.044673539518900345,0.07956318252730109,0.014263074484944533,0.011093502377179081,0.0016666666666666668,0.02773497688751926,0.0,0.015337423312883436,0.01788617886178862,0.02264808362369338,0.011725293132328308,0.04654895666131621,0.01936619718309859,0.0352,0.0,0.0,0.0016286644951140066,0.022764227642276424,0.05161290322580645,0.03264604810996564,0.04662379421221865,0.01901743264659271,0.031932773109243695,0.0,0.008561643835616438,0.0,0.022590361445783132,0.0,0.021630615640599003,0.0,0.011945392491467578,0.035541195476575124,0.03827751196172249,0.029079159935379646,0.0049261083743842365,0.026446280991735537,0.03666666666666667,0.0180623973727422,0.03709428129829984,0.0352760736196319,0.011075949367088608,0.006369426751592357,0.0,0.0016,0.0,0.015050167224080268,0.0015408320493066256
2010,1,9,prevalence,0.0,0.0015151515151515152,0.0,0.0014792899408284023,0.0,0.0,0.0,0.001607717041800643,0.0,0.001639344262295082,0.0049586776859504135,0.0016835016835016834,0.0,0.0,0.0,0.0,0.009708737864077669,0.0,0.04179566563467492,0.0,0.007874015748031496,0.0,0.02962962962962963,0.0033003300330033004,0.003305785123966942,0.026058631921824105,0.0,0.009419152276295133,0.03308270676691729,0.008635578583765112,0.021671826625386997,0.0014970059880239522,0.013490725126475547,0.001579778830963665,0.004807692307692308,0.003236245954692557,0.0,0.008517887563884156,0.014992503748125937,0.00744047619047619,0.02276707530647986,0.034954407294832825,0.03420195439739414,0.019077901430842606,0.016722408026755852,0.028892455858747994,0.00322061191626409,0.009174311926605505,0.004792332268370607,0.0,0.0062402496099844,0.0049261083743842365,0.00667779632721202,0.003205128205128205,0.0,0.006688963210702341,0.003246753246753247,0.027463651050080775,0.0032520325203252032,0.017377567140600316,0.011686143572621035,0.0016891891891891893,0.012759170653907496,0.04377104377104377,0.0,0.0032258064516129032,0.0016750418760469012,0.0015723270440251573,0.0017605633802816902,0.01155115511551155,0.03656597774244833,0.001658374792703151,0.008025682182985553,0.0031645569620253164,0.03365384615384615,0.07692307692307693,0.03864734299516908,0.006211180124223602,0.04326923076923077,0.022653721682847898,0.020602218700475437,0.008361204013377926,0.03316749585406302,0.001658374792703151,0.001644736842105263,0.0033277870216306157,0.01818181818181818,0.020066889632107024,0.0033500837520938024,0.039473684210526314,0.02384737678855326,0.04173354735152488,0.001519756838905775,0.003289473684210526,0.015126050420168067,0.044189852700491,0.030612244897959183,0.04945904173106646,0.004601226993865031,0.0033112582781456954,0.0330188679245283,0.030497592295345103,0.01870748299319728,0.02768729641693811,0.006230529595015576,0.012519561815336464,0.009630818619582664,0.006420545746388443,0.0015748031496062992,0.04631217838765009,0.00782472613458529,0.02512562814070352,0.03826955074875208,0.0015432098765432098,0.008038585209003215,0.05592105263157895,0.0,0.008143322475570033,0.04024767801857585,0.0033003300330033004,0.018803418803418803,0.03453947368421053,0.032423208191126277,0.028892455858747994,0.0016366612111292963,0.0016638935108153079,0.024,0.008103727714748784,0.00686106346483705,0.05741626794258373,0.024279210925644917,0.018272425249169437,0.0016474464579901153,0.050080775444264945,0.003424657534246575,0.012924071082390954,0.05511811023622047,0.0061633281972265025,0.003189792663476874,0.020168067226890758,0.013996889580093312,0.014354066985645933,0.025167785234899327,0.003134796238244514,0.010903426791277258,0.0015698587127158557,0.04173354735152488,0.0016339869281045752,0.04160246533127889,0.0032626427406199023,0.05329153605015674,0.0463258785942492,0.018739352640545145,0.0378657487091222,0.05454545454545454,0.01910828025477707,0.024077046548956663,0.0016474464579901153,0.018867924528301886,0.0,0.015408320493066256,0.02671118530884808,0.04886561954624782,0.009836065573770493,0.05636070853462158,0.0017421602787456446,0.03785488958990536,0.003189792663476874,0.0,0.003215434083601286,0.022913256955810146,0.0464,0.05396290050590219,0.05573248407643312,0.029874213836477988,0.03177257525083612,0.0,0.01001669449081803,0.001597444089456869,0.021116138763197588,0.0,0.020168067226890758,0.0078003120124804995,0.008389261744966443,0.03035143769968051,0.0372168284789644,0.027649769585253458,0.009917355371900827,0.02702702702702703,0.07504078303425775,0.04700162074554295,0.050156739811912224,0.0421216848673947,0.01263823064770932,0.0016260162601626016,0.0,0.0015772870662460567,0.0016366612111292963,0.02287581699346405,0.0015600624024961
2011,1,9,prevalence,0.0,0.0015432098765432098,0.0,0.0,0.0,0.0,0.0,0.003110419906687403,0.0,0.0016339869281045752,0.006430868167202572,0.0033500837520938024,0.0,0.0,0.0016366612111292963,0.001669449081803005,0.0033003300330033004,0.0,0.06141732283464567,0.0,0.001579778830963665,0.0,0.01984732824427481,0.0016181229773462784,0.003355704697986577,0.021035598705501618,0.0,0.006339144215530904,0.018838304552590265,0.008417508417508417,0.028125,0.0,0.005050505050505051,0.0016313213703099511,0.003316749585406302,0.003355704697986577,0.0,0.0034071550255536627,0.011922503725782414,0.015337423312883436,0.06020066889632107,0.03554868624420402,0.023411371237458192,0.031198686371100164,0.021666666666666667,0.02664576802507837,0.004885993485342019,0.012232415902140673,0.0031545741324921135,0.0016474464579901153,0.003125,0.004909983633387889,0.0033277870216306157,0.0,0.0031007751937984496,0.0016611295681063123,0.003246753246753247,0.041390728476821195,0.0016051364365971107,0.0109375,0.011419249592169658,0.0016750418760469012,0.024271844660194174,0.05055292259083728,0.0,0.00487012987012987,0.0,0.0015432098765432098,0.0017452006980802793,0.022727272727272728,0.03531300160513644,0.0016129032258064516,0.017628205128205128,0.001594896331738437,0.04501607717041801,0.09605488850771869,0.041666666666666664,0.0046439628482972135,0.0636215334420881,0.019867549668874173,0.009433962264150943,0.005025125628140704,0.01794453507340946,0.0,0.0,0.004991680532445923,0.030254777070063694,0.014925373134328358,0.0016611295681063123,0.039603960396039604,0.012861736334405145,0.030894308943089432,0.0014727540500736377,0.0033003300330033004,0.009983361064891847,0.09105431309904154,0.0411663807890223,0.052805280528052806,0.007621951219512195,0.003246753246753247,0.04769475357710652,0.022838499184339316,0.027491408934707903,0.05196850393700787,0.00964630225080386,0.01901743264659271,0.01564945226917058,0.006379585326953748,0.001584786053882726,0.04074702886247878,0.006144393241167435,0.028286189683860232,0.0361247947454844,0.0015432098765432098,0.011345218800648298,0.05378151260504202,0.0031545741324921135,0.008,0.03875968992248062,0.003424657534246575,0.012433392539964476,0.06016260162601626,0.029668411867364748,0.01620745542949757,0.0016207455429497568,0.0,0.027597402597402596,0.008156606851549755,0.01020408163265306,0.10664605873261206,0.013657056145675266,0.03482587064676617,0.0016778523489932886,0.06581059390048154,0.0067226890756302525,0.011437908496732025,0.0703125,0.0015313935681470138,0.00487012987012987,0.019933554817275746,0.01875,0.0144,0.01155115511551155,0.0016207455429497568,0.0136986301369863,0.0,0.03773584905660377,0.0,0.015455950540958269,0.006389776357827476,0.044274809160305344,0.039816232771822356,0.01340033500837521,0.03904923599320883,0.05172413793103448,0.017054263565891473,0.03409090909090909,0.001658374792703151,0.008051529790660225,0.0,0.012461059190031152,0.013223140495867768,0.05378151260504202,0.006666666666666667,0.0375,0.006756756756756757,0.032357473035439135,0.0,0.0,0.004792332268370607,0.01932367149758454,0.0656,0.04251700680272109,0.061806656101426306,0.029503105590062112,0.04194630872483222,0.0016835016835016834,0.008347245409015025,0.0015822784810126582,0.02465331278890601,0.0,0.010238907849829351,0.00778816199376947,0.0032733224222585926,0.02593192868719611,0.07642276422764227,0.02,0.009933774834437087,0.015306122448979591,0.08452950558213716,0.07755775577557755,0.05,0.05572755417956656,0.022116903633491312,0.0,0.0,0.0047694753577106515,0.00333889816360601,0.016611295681063124,0.0016051364365971107
2012,1,9,prevalence,0.0,0.0015337423312883436,0.0,0.0014814814814814814,0.0016835016835016834,0.0,0.0,0.0015455950540958269,0.0,0.0,0.008051529790660225,0.0033003300330033004,0.0,0.001610305958132045,0.0,0.001607717041800643,0.003367003367003367,0.0,0.05826771653543307,0.0016863406408094434,0.006462035541195477,0.0,0.031545741324921134,0.0,0.003246753246753247,0.013377926421404682,0.0,0.009448818897637795,0.0140625,0.003316749585406302,0.03210272873194221,0.0,0.0017152658662092624,0.001597444089456869,0.003194888178913738,0.00333889816360601,0.0015873015873015873,0.005,0.017341040462427744,0.025411061285500747,0.05025996533795494,0.04892966360856269,0.032534246575342464,0.017857142857142856,0.019834710743801654,0.01263823064770932,0.0016313213703099511,0.004491017964071856,0.0030959752321981426,0.001639344262295082,0.0016025641025641025,0.0016501650165016502,0.003305785123966942,0.0,0.0031496062992125984,0.0032626427406199023,0.001594896331738437,0.0425531914893617,0.0032414910858995136,0.013677811550151976,0.006600660066006601,0.0,0.01757188498402556,0.0514018691588785,0.0,0.004746835443037975,0.0,0.0029940119760479044,0.0017123287671232876,0.012718600953895072,0.032,0.0016181229773462784,0.034976152623211444,0.0015479876160990713,0.05090311986863711,0.09294320137693632,0.0405616224648986,0.0064516129032258064,0.05,0.01901743264659271,0.007836990595611285,0.008264462809917356,0.008223684210526315,0.0,0.0,0.0033112582781456954,0.028708133971291867,0.0165016501650165,0.0016233766233766235,0.022690437601296597,0.004918032786885246,0.026101141924959218,0.0014619883040935672,0.0032414910858995136,0.004934210526315789,0.09630818619582665,0.01926444833625219,0.040783034257748776,0.01059001512859304,0.003125,0.03943217665615142,0.006589785831960461,0.020761245674740483,0.08386075949367089,0.006472491909385114,0.011308562197092083,0.0334855403348554,0.003179650238473768,0.0016155088852988692,0.03529411764705882,0.006191950464396285,0.03387096774193549,0.058319039451114926,0.0016051364365971107,0.02247191011235955,0.048027444253859346,0.003179650238473768,0.008156606851549755,0.03307086614173228,0.0051635111876075735,0.017271157167530225,0.06259780907668232,0.03247863247863248,0.007861635220125786,0.0016260162601626016,0.0,0.03205128205128205,0.019834710743801654,0.008291873963515755,0.13364779874213836,0.007633587786259542,0.03577235772357724,0.0016638935108153079,0.06507936507936508,0.019834710743801654,0.014925373134328358,0.06836248012718601,0.0045662100456621,0.001597444089456869,0.025295109612141653,0.0192,0.006430868167202572,0.018456375838926176,0.0,0.0078003120124804995,0.009538950715421303,0.04133545310015898,0.0,0.017054263565891473,0.007961783439490446,0.057488653555219364,0.029185867895545316,0.03431372549019608,0.031088082901554404,0.08580343213728549,0.01263823064770932,0.07060755336617405,0.003418803418803419,0.010067114093959731,0.0,0.026771653543307086,0.009693053311793215,0.054365733113673806,0.013050570962479609,0.028846153846153848,0.008665511265164644,0.013996889580093312,0.0,0.0,0.0031545741324921135,0.019966722129783693,0.07765451664025357,0.03529411764705882,0.07507987220447285,0.03656597774244833,0.03571428571428571,0.0016233766233766235,0.003316749585406302,0.0016207455429497568,0.022900763358778626,0.0,0.010380622837370242,0.015723270440251572,0.006546644844517185,0.028985507246376812,0.06840390879478828,0.025196850393700787,0.006779661016949152,0.015544041450777202,0.09813084112149532,0.08191126279863481,0.04065040650406504,0.08427876823338736,0.03349282296650718,0.0,0.0,0.008051529790660225,0.0048,0.022988505747126436,0.0015772870662460567
2013,1,9,prevalence,0.0017094017094017094,0.0015772870662460567,0.0,0.001524390243902439,0.0049504950495049506,0.0,0.0,0.0015455950540958269,0.0,0.0,0.006493506493506494,0.0032414910858995136,0.0,0.003194888178913738,0.0,0.0015822784810126582,0.008143322475570033,0.0,0.04146730462519936,0.0016501650165016502,0.0015873015873015873,0.0,0.04173354735152488,0.0,0.003278688524590164,0.03482587064676617,0.0,0.009615384615384616,0.021604938271604937,0.0049586776859504135,0.03257328990228013,0.003105590062111801,0.003367003367003367,0.001652892561983471,0.001597444089456869,0.0016750418760469012,0.0016313213703099511,0.014516129032258065,0.016129032258064516,0.03560830860534125,0.07345575959933222,0.05606060606060606,0.03494176372712146,0.012618296529968454,0.014900662251655629,0.008051529790660225,0.003236245954692557,0.0075528700906344415,0.0032733224222585926,0.0016155088852988692,0.0015748031496062992,0.0,0.001639344262295082,0.0016313213703099511,0.006430868167202572,0.006589785831960461,0.003076923076923077,0.05331179321486268,0.004838709677419355,0.01892744479495268,0.004709576138147566,0.0,0.014218009478672985,0.02711323763955343,0.003372681281618887,0.0031746031746031746,0.0,0.004437869822485207,0.005008347245409015,0.02821316614420063,0.023734177215189875,0.001669449081803005,0.021739130434782608,0.0,0.05752961082910321,0.09726962457337884,0.04081632653061224,0.011494252873563218,0.05984251968503937,0.027642276422764227,0.015772870662460567,0.021207177814029365,0.013490725126475547,0.0,0.0,0.003236245954692557,0.0192,0.009917355371900827,0.0015873015873015873,0.04241435562805873,0.003205128205128205,0.04132231404958678,0.0029282576866764276,0.001658374792703151,0.013157894736842105,0.07559055118110236,0.011904761904761904,0.04411764705882353,0.014446227929373997,0.0031746031746031746,0.06037151702786378,0.003257328990228013,0.020477815699658702,0.07561728395061729,0.006493506493506494,0.014778325123152709,0.03939393939393939,0.0015822784810126582,0.0032102728731942215,0.0313588850174216,0.0,0.02903225806451613,0.05008944543828265,0.0,0.01746031746031746,0.02702702702702703,0.0015503875968992248,0.01597444089456869,0.018779342723004695,0.003289473684210526,0.015100671140939598,0.05073649754500818,0.03904923599320883,0.012779552715654952,0.004792332268370607,0.0,0.035541195476575124,0.016474464579901153,0.0031847133757961785,0.1424,0.006033182503770739,0.02471169686985173,0.0016778523489932886,0.06466876971608833,0.023140495867768594,0.005067567567567568,0.055105348460291734,0.007633587786259542,0.003257328990228013,0.013245033112582781,0.0165016501650165,0.004573170731707317,0.015254237288135594,0.0,0.0032258064516129032,0.020602218700475437,0.03414634146341464,0.0016420361247947454,0.023148148148148147,0.008403361344537815,0.04813664596273292,0.021865889212827987,0.028052805280528052,0.03114754098360656,0.12098009188361408,0.018838304552590265,0.06873977086743044,0.005119453924914676,0.0034129692832764505,0.0,0.029079159935379646,0.008143322475570033,0.07472178060413355,0.01746031746031746,0.02843601895734597,0.010221465076660987,0.02403846153846154,0.0,0.0,0.001607717041800643,0.01020408163265306,0.07475083056478406,0.04013377926421405,0.09455128205128205,0.014240506329113924,0.05040650406504065,0.0016207455429497568,0.0016501650165016502,0.0,0.035114503816793895,0.0,0.022375215146299483,0.015337423312883436,0.006600660066006601,0.02875399361022364,0.08637873754152824,0.034976152623211444,0.014900662251655629,0.013422818791946308,0.11398176291793313,0.11831442463533225,0.03420195439739414,0.0976,0.051593323216995446,0.0,0.006600660066006601,0.007974481658692184,0.0048,0.02936378466557912,0.001597444089456869
2014,1,9,prevalence,0.0017006802721088435,0.0015432098765432098,0.0,0.0015503875968992248,0.0015923566878980893,0.0,0.0,0.0,0.0,0.0016207455429497568,0.006493506493506494,0.003189792663476874,0.0,0.0033112582781456954,0.0,0.0015479876160990713,0.008038585209003215,0.0,0.03079416531604538,0.001607717041800643,0.0015625,0.0,0.028892455858747994,0.0,0.003289473684210526,0.024469820554649267,0.0,0.009708737864077669,0.03015873015873016,0.0016260162601626016,0.03284072249589491,0.0015337423312883436,0.003236245954692557,0.0017271157167530224,0.0,0.005008347245409015,0.0031446540880503146,0.011627906976744186,0.020989505247376312,0.08444444444444445,0.09546925566343042,0.06363636363636363,0.049019607843137254,0.006349206349206349,0.014446227929373997,0.011456628477905073,0.0016420361247947454,0.009433962264150943,0.0033277870216306157,0.0016025641025641025,0.001557632398753894,0.0,0.0,0.0017006802721088435,0.01794453507340946,0.008077544426494346,0.003134796238244514,0.05229793977812995,0.0016286644951140066,0.03115264797507788,0.0030864197530864196,0.0,0.02034428794992175,0.020634920634920634,0.0016750418760469012,0.0015822784810126582,0.0,0.0029455081001472753,0.0016863406408094434,0.04081632653061224,0.022116903633491312,0.0016474464579901153,0.0136986301369863,0.0,0.07973421926910298,0.08723747980613894,0.03475513428120063,0.013136288998357963,0.07956318252730109,0.02622950819672131,0.00315955766192733,0.018211920529801324,0.011456628477905073,0.0,0.0,0.0032258064516129032,0.016638935108153077,0.023809523809523808,0.0015625,0.046474358974358976,0.009230769230769232,0.034976152623211444,0.0030120481927710845,0.0047694753577106515,0.009708737864077669,0.11538461538461539,0.006944444444444444,0.031825795644891124,0.014040561622464899,0.0031545741324921135,0.031446540880503145,0.0,0.01353637901861252,0.08864696734059098,0.003179650238473768,0.018032786885245903,0.03048780487804878,0.001584786053882726,0.0032414910858995136,0.03035413153456998,0.0030534351145038168,0.04258675078864353,0.0693950177935943,0.0,0.01765650080256822,0.029900332225913623,0.0015384615384615385,0.026101141924959218,0.027692307692307693,0.0033500837520938024,0.013266998341625208,0.08067226890756303,0.035897435897435895,0.011513157894736841,0.0032733224222585926,0.006172839506172839,0.032948929159802305,0.014563106796116505,0.0031446540880503146,0.125,0.0030349013657056147,0.026533996683250415,0.0016778523489932886,0.05365853658536585,0.016722408026755852,0.008090614886731391,0.05211726384364821,0.0,0.006589785831960461,0.008389261744966443,0.018092105263157895,0.0,0.010135135135135136,0.0016556291390728477,0.004966887417218543,0.06847133757961783,0.0432,0.0016366612111292963,0.029315960912052116,0.007987220447284345,0.0358814352574103,0.025036818851251842,0.02388535031847134,0.0695364238410596,0.11645962732919254,0.02702702702702703,0.07475083056478406,0.001697792869269949,0.0016778523489932886,0.0,0.045454545454545456,0.003289473684210526,0.0880503144654088,0.013975155279503106,0.048154093097913325,0.008431703204047217,0.024232633279483037,0.0015432098765432098,0.0,0.001597444089456869,0.0016835016835016834,0.06589785831960461,0.0347682119205298,0.07547169811320754,0.014492753623188406,0.06482982171799027,0.001658374792703151,0.0046801872074883,0.0,0.04411764705882353,0.001594896331738437,0.0333889816360601,0.01732283464566929,0.00975609756097561,0.04019292604501608,0.06869009584664537,0.032915360501567396,0.024115755627009645,0.003395585738539898,0.1111111111111111,0.16366612111292964,0.017973856209150325,0.14023372287145242,0.08828250401284109,0.0,0.0016129032258064516,0.006633499170812604,0.003278688524590164,0.03697749196141479,0.001644736842105263
2015,1,9,prevalence,0.0,0.0015748031496062992,0.0,0.0015360983102918587,0.0015600624024961,0.0,0.0016,0.0,0.0,0.0016181229773462784,0.004846526655896607,0.0031201248049922,0.0,0.003246753246753247,0.0,0.0,0.011182108626198083,0.0,0.012987012987012988,0.0015772870662460567,0.001567398119122257,0.0,0.04081632653061224,0.0,0.0033783783783783786,0.04146730462519936,0.0,0.006349206349206349,0.03902439024390244,0.011041009463722398,0.044850498338870434,0.0015822784810126582,0.0,0.0,0.0,0.00510204081632653,0.0030911901081916537,0.008169934640522876,0.0196078431372549,0.08641975308641975,0.08957654723127036,0.03260869565217391,0.05718954248366013,0.0,0.011075949367088608,0.003305785123966942,0.0,0.0046439628482972135,0.0033783783783783786,0.0016339869281045752,0.001589825119236884,0.0,0.0016835016835016834,0.0016778523489932886,0.03264604810996564,0.0065040650406504065,0.0015267175572519084,0.05345911949685535,0.001597444089456869,0.030110935023771792,0.0,0.0,0.010903426791277258,0.0110062893081761,0.0,0.0016051364365971107,0.0,0.004424778761061947,0.0016286644951140066,0.06060606060606061,0.024883359253499222,0.003424657534246575,0.020186335403726708,0.0,0.08760330578512397,0.06873977086743044,0.03773584905660377,0.0032733224222585926,0.08607198748043818,0.015254237288135594,0.003076923076923077,0.02809917355371901,0.015873015873015872,0.0,0.0,0.001610305958132045,0.0049586776859504135,0.02996845425867508,0.003129890453834116,0.05063291139240506,0.017001545595054096,0.03987240829346093,0.003076923076923077,0.004815409309791332,0.006482982171799027,0.1273006134969325,0.0033500837520938024,0.032758620689655175,0.00946372239747634,0.004934210526315789,0.06046511627906977,0.0,0.01824212271973466,0.0904836193447738,0.0032679738562091504,0.01468189233278956,0.028064992614475627,0.0016155088852988692,0.0032520325203252032,0.02003338898163606,0.0,0.05855161787365177,0.03986135181975736,0.001610305958132045,0.030254777070063694,0.032590051457975985,0.0,0.03475513428120063,0.039634146341463415,0.003372681281618887,0.006600660066006601,0.07796610169491526,0.025423728813559324,0.006462035541195477,0.0,0.0078125,0.02564102564102564,0.004991680532445923,0.004754358161648178,0.13333333333333333,0.0015503875968992248,0.03284072249589491,0.0016722408026755853,0.06473594548551959,0.011784511784511785,0.007874015748031496,0.05098684210526316,0.0015552099533437014,0.0171875,0.008417508417508417,0.014469453376205787,0.0,0.01854974704890388,0.0,0.008169934640522876,0.08237232289950576,0.06466876971608833,0.0032414910858995136,0.03189792663476874,0.017628205128205128,0.03201219512195122,0.021961932650073207,0.020634920634920634,0.08856682769726248,0.07668231611893583,0.033690658499234305,0.05704697986577181,0.001669449081803005,0.0016806722689075631,0.0,0.0864,0.004846526655896607,0.07430340557275542,0.01757188498402556,0.06270096463022508,0.009819967266775777,0.049342105263157895,0.004672897196261682,0.0,0.0015503875968992248,0.003430531732418525,0.07742998352553541,0.0347682119205298,0.08647798742138364,0.008038585209003215,0.06765676567656766,0.0016051364365971107,0.012403100775193798,0.0,0.06277372262773723,0.0,0.027868852459016394,0.04776579352850539,0.021103896103896104,0.022838499184339316,0.10210696920583469,0.03503184713375796,0.022151898734177215,0.005128205128205128,0.1339421613394216,0.1563517915309446,0.03618421052631579,0.1118421052631579,0.11022364217252396,0.0066555740432612314,0.0016420361247947454,0.011419249592169658,0.003289473684210526,0.047021943573667714,0.001658374792703151
2016,1,9,prevalence,0.0,0.0,0.0,0.0015313935681470138,0.001579778830963665,0.0,0.006644518272425249,0.0,0.0,0.0,0.0032520325203252032,0.0032679738562091504,0.0,0.003179650238473768,0.0,0.0,0.01288244766505636,0.0,0.014492753623188406,0.0015360983102918587,0.001557632398753894,0.0,0.03054662379421222,0.0,0.001607717041800643,0.05206738131699847,0.0,0.001597444089456869,0.037520391517128875,0.020186335403726708,0.03125,0.001644736842105263,0.0,0.0,0.0,0.005067567567567568,0.0015748031496062992,0.011128775834658187,0.012232415902140673,0.09244992295839753,0.085667215815486,0.037914691943127965,0.04126984126984127,0.0,0.009508716323296355,0.0016286644951140066,0.0,0.0015267175572519084,0.0033003300330033004,0.0,0.0,0.0,0.0049504950495049506,0.0017064846416382253,0.04753820033955857,0.004651162790697674,0.0,0.056338028169014086,0.0016286644951140066,0.028481012658227847,0.0,0.0,0.014354066985645933,0.006359300476947536,0.0,0.003194888178913738,0.0,0.0030075187969924814,0.0,0.03902439024390244,0.0171875,0.0,0.021604938271604937,0.0014947683109118087,0.11216429699842022,0.040257648953301126,0.0462046204620462,0.0,0.08463949843260188,0.015126050420168067,0.0015015015015015015,0.046357615894039736,0.028526148969889066,0.0,0.0016638935108153079,0.0,0.001607717041800643,0.030911901081916538,0.00933125972006221,0.052795031055900624,0.01386748844375963,0.052202283849918436,0.0015748031496062992,0.0265625,0.011382113821138212,0.09545454545454546,0.0017152658662092624,0.02847571189279732,0.006472491909385114,0.003246753246753247,0.05555555555555555,0.0,0.006633499170812604,0.07033639143730887,0.0,0.025559105431309903,0.015552099533437015,0.0015552099533437014,0.0033222591362126247,0.014778325123152709,0.0,0.059006211180124224,0.03852889667250438,0.0016750418760469012,0.03225806451612903,0.044444444444444446,0.0,0.03662420382165605,0.0487062404870624,0.0033333333333333335,0.008488964346349746,0.07525083612040134,0.014209591474245116,0.003278688524590164,0.0,0.006144393241167435,0.022508038585209004,0.011844331641285956,0.0046875,0.12116040955631399,0.0015337423312883436,0.04376012965964344,0.0016474464579901153,0.06633499170812604,0.011608623548922056,0.00927357032457496,0.04878048780487805,0.0,0.009508716323296355,0.005119453924914676,0.004901960784313725,0.0,0.02891156462585034,0.0,0.013223140495867768,0.07717569786535304,0.06230031948881789,0.001610305958132045,0.05087440381558029,0.018957345971563982,0.02909647779479326,0.0239880059970015,0.02254428341384863,0.09646302250803858,0.06416275430359937,0.0344311377245509,0.06521739130434782,0.00333889816360601,0.0016722408026755853,0.0,0.09500805152979067,0.004878048780487805,0.08513931888544891,0.015822784810126583,0.05950413223140496,0.011686143572621035,0.07467532467532467,0.004594180704441042,0.0,0.0015600624024961,0.0017889087656529517,0.07804878048780488,0.021848739495798318,0.10664605873261206,0.012779552715654952,0.1,0.0032679738562091504,0.004658385093167702,0.003076923076923077,0.0700280112044818,0.0,0.027960526315789474,0.10180623973727422,0.03414634146341464,0.030894308943089432,0.1435483870967742,0.0496,0.02197802197802198,0.006944444444444444,0.10895522388059702,0.2019704433497537,0.038525963149078725,0.11869918699186992,0.13539967373572595,0.008319467554076539,0.004893964110929853,0.004934210526315789,0.0,0.05519480519480519,0.0
2017,1,9,prevalence,0.0016722408026755853,0.0,0.0,0.001567398119122257,0.0016366612111292963,0.0,0.005119453924914676,0.0,0.0,0.0016051364365971107,0.0015698587127158557,0.0032520325203252032,0.0,0.0031545741324921135,0.0,0.0,0.0031545741324921135,0.0,0.020967741935483872,0.0015151515151515152,0.0015873015873015873,0.0,0.03064516129032258,0.0,0.0015873015873015873,0.04969879518072289,0.0,0.0032310177705977385,0.030448717948717948,0.02996845425867508,0.030595813204508857,0.003367003367003367,0.0,0.0,0.0,0.001644736842105263,0.0016286644951140066,0.014173228346456693,0.026905829596412557,0.1375579598145286,0.09688013136288999,0.0336,0.044444444444444446,0.0,0.022187004754358162,0.0016181229773462784,0.0,0.0,0.0016420361247947454,0.0,0.0,0.0,0.011864406779661017,0.0034071550255536627,0.039655172413793106,0.004709576138147566,0.0,0.09287925696594428,0.0016025641025641025,0.026533996683250415,0.0,0.0,0.009615384615384616,0.0015923566878980893,0.0,0.004615384615384616,0.0,0.0030165912518853697,0.0,0.06549520766773163,0.01732283464566929,0.0,0.018376722817764167,0.0014992503748125937,0.13015873015873017,0.04313099041533546,0.05388272583201268,0.0,0.07740916271721959,0.019801980198019802,0.0015337423312883436,0.07281553398058252,0.025518341307814992,0.0,0.001644736842105263,0.001669449081803005,0.00322061191626409,0.0265625,0.01228878648233487,0.065625,0.00906344410876133,0.03864734299516908,0.001557632398753894,0.03343949044585987,0.014539579967689823,0.08628659476117104,0.003418803418803419,0.027257240204429302,0.0031645569620253164,0.004878048780487805,0.07210031347962383,0.0,0.0067226890756302525,0.053353658536585365,0.0,0.037520391517128875,0.020771513353115726,0.0015432098765432098,0.0,0.024311183144246355,0.0,0.052050473186119876,0.048824593128390596,0.0017452006980802793,0.030944625407166124,0.045234248788368334,0.0,0.03260869565217391,0.05606060606060606,0.003372681281618887,0.016722408026755852,0.06589785831960461,0.010344827586206896,0.0016420361247947454,0.0,0.012139605462822459,0.022116903633491312,0.016778523489932886,0.0015082956259426848,0.11884550084889643,0.004601226993865031,0.03459637561779242,0.0016806722689075631,0.07401315789473684,0.019867549668874173,0.007776049766718507,0.05263157894736842,0.0,0.006557377049180328,0.006600660066006601,0.0,0.0,0.05175292153589316,0.0,0.019538188277087035,0.07768595041322314,0.04746317512274959,0.0016556291390728477,0.051364365971107544,0.0224,0.02576489533011272,0.027692307692307693,0.03431372549019608,0.1060126582278481,0.06153846153846154,0.03379416282642089,0.04590163934426229,0.005042016806722689,0.0017006802721088435,0.0,0.09268292682926829,0.014586709886547812,0.09800918836140889,0.02090032154340836,0.05042016806722689,0.011308562197092083,0.04574132492113565,0.006060606060606061,0.0,0.0,0.001736111111111111,0.0848,0.013223140495867768,0.10559006211180125,0.016025641025641024,0.11348684210526316,0.003305785123966942,0.007541478129713424,0.001567398119122257,0.08759124087591241,0.001639344262295082,0.024077046548956663,0.15171288743882544,0.030944625407166124,0.02926829268292683,0.1480865224625624,0.04830917874396135,0.028481012658227847,0.023890784982935155,0.12310030395136778,0.2300163132137031,0.05378151260504202,0.10855263157894737,0.16556291390728478,0.004909983633387889,0.0,0.0033112582781456954,0.0,0.06532663316582915,0.0
2018,1,9,prevalence,0.001639344262295082,0.0,0.0,0.0016,0.0,0.0,0.005110732538330494,0.0,0.0,0.0016207455429497568,0.003257328990228013,0.003215434083601286,0.001584786053882726,0.00315955766192733,0.0,0.0,0.003205128205128205,0.0,0.006339144215530904,0.0015267175572519084,0.0015772870662460567,0.0,0.025041736227045076,0.0,0.0,0.06069802731411229,0.0,0.0016313213703099511,0.03503184713375796,0.046031746031746035,0.028846153846153848,0.0017006802721088435,0.0,0.0033222591362126247,0.0,0.0032626427406199023,0.0015600624024961,0.020766773162939296,0.013824884792626729,0.1495176848874598,0.11235955056179775,0.019933554817275746,0.050156739811912224,0.0,0.020700636942675158,0.0,0.0,0.0,0.0,0.0,0.0,0.0,0.025510204081632654,0.0033783783783783786,0.059322033898305086,0.003134796238244514,0.001519756838905775,0.10307692307692308,0.001669449081803005,0.03471074380165289,0.0,0.0,0.004838709677419355,0.006493506493506494,0.0,0.00463678516228748,0.0,0.0014970059880239522,0.0015220700152207,0.06376360808709176,0.04313099041533546,0.0016556291390728477,0.00792393026941363,0.0015408320493066256,0.1382488479262673,0.057902973395931145,0.0701468189233279,0.0,0.07223113964686999,0.030894308943089432,0.0015313935681470138,0.11182108626198083,0.03289473684210526,0.0015723270440251573,0.0016286644951140066,0.001669449081803005,0.006389776357827476,0.0359375,0.007575757575757576,0.06891271056661562,0.01634472511144131,0.03403565640194489,0.0015174506828528073,0.03645007923930269,0.012779552715654952,0.07033639143730887,0.0017211703958691911,0.011494252873563218,0.007936507936507936,0.006557377049180328,0.06635071090047394,0.0,0.03220338983050847,0.05606060606060606,0.0,0.05115511551155116,0.013353115727002967,0.0,0.0,0.024390243902439025,0.0,0.05654281098546042,0.05197132616487455,0.0017301038062283738,0.03179650238473768,0.05,0.0,0.024691358024691357,0.05648854961832061,0.0016806722689075631,0.01309328968903437,0.06230031948881789,0.006546644844517185,0.0017064846416382253,0.0,0.007575757575757576,0.02073365231259968,0.020134228187919462,0.004470938897168405,0.11979166666666667,0.014106583072100314,0.0322061191626409,0.0017064846416382253,0.05654281098546042,0.012924071082390954,0.02108433734939759,0.06408094435075885,0.0,0.0016556291390728477,0.003284072249589491,0.0,0.0,0.056666666666666664,0.0,0.021352313167259787,0.061258278145695365,0.060955518945634266,0.0017331022530329288,0.05081967213114754,0.030911901081916538,0.046474358974358976,0.0182648401826484,0.04830917874396135,0.10200927357032458,0.06037151702786378,0.04817275747508306,0.03666666666666667,0.013422818791946308,0.001736111111111111,0.0,0.07413509060955518,0.015625,0.12480739599383667,0.022838499184339316,0.049069373942470386,0.012269938650306749,0.07754442649434572,0.004511278195488722,0.0,0.0016155088852988692,0.0017035775127768314,0.07120253164556962,0.00975609756097561,0.06615384615384616,0.016339869281045753,0.13495934959349593,0.00487012987012987,0.016591251885369532,0.001564945226917058,0.10061919504643962,0.008319467554076539,0.028938906752411574,0.15359477124183007,0.04508856682769726,0.012698412698412698,0.10726072607260725,0.04738562091503268,0.04294478527607362,0.031413612565445025,0.12363067292644757,0.2070063694267516,0.05008347245409015,0.11658456486042693,0.1832797427652733,0.0049833887043189366,0.0,0.0016750418760469012,0.0,0.048859934853420196,0.0
2019,1,9,prevalence,0.0016420361247947454,0.0,0.0,0.0016155088852988692,0.0,0.0,0.0033222591362126247,0.0015600624024961,0.0,0.001589825119236884,0.0016,0.001610305958132045,0.0016051364365971107,0.003169572107765452,0.0,0.0,0.0033500837520938024,0.0016207455429497568,0.004746835443037975,0.0015174506828528073,0.003278688524590164,0.0,0.013445378151260505,0.0,0.0,0.0572289156626506,0.0,0.003246753246753247,0.024390243902439025,0.06050955414012739,0.03475513428120063,0.0016474464579901153,0.0,0.003305785123966942,0.0,0.0,0.0015772870662460567,0.030894308943089432,0.014040561622464899,0.12519809825673534,0.059375,0.029462738301559793,0.03930817610062893,0.0,0.01951219512195122,0.0,0.0,0.0,0.0,0.0,0.0,0.0,0.03209459459459459,0.0033444816053511705,0.059931506849315065,0.004709576138147566,0.0,0.12244897959183673,0.0016666666666666668,0.018211920529801324,0.0,0.0,0.0,0.011235955056179775,0.0,0.0045385779122541605,0.0,0.0015503875968992248,0.001524390243902439,0.060514372163388806,0.04019292604501608,0.0016722408026755853,0.009404388714733543,0.0015822784810126582,0.13428120063191154,0.048818897637795275,0.09375,0.0,0.056451612903225805,0.0380794701986755,0.0,0.14790996784565916,0.038523274478330656,0.0015625,0.0016181229773462784,0.0016806722689075631,0.001594896331738437,0.021538461538461538,0.0046439628482972135,0.06677018633540373,0.013595166163141994,0.04361873990306947,0.0,0.04662379421221865,0.01631321370309951,0.04819277108433735,0.0016891891891891893,0.024054982817869417,0.006369426751592357,0.0047694753577106515,0.10747663551401869,0.0,0.025380710659898477,0.06306306306306306,0.0,0.06546644844517185,0.01032448377581121,0.001557632398753894,0.0,0.028708133971291867,0.0,0.06593406593406594,0.06303236797274275,0.003430531732418525,0.03645007923930269,0.05519480519480519,0.0,0.013910355486862442,0.07550077041602465,0.001697792869269949,0.024429967426710098,0.07804878048780488,0.011272141706924315,0.001694915254237288,0.0,0.00315955766192733,0.008156606851549755,0.020654044750430294,0.0015432098765432098,0.1482758620689655,0.014263074484944533,0.02926829268292683,0.001644736842105263,0.04552590266875981,0.034482758620689655,0.020061728395061727,0.051926298157453935,0.0,0.0,0.004846526655896607,0.0,0.0,0.059322033898305086,0.0,0.019538188277087035,0.044850498338870434,0.03257328990228013,0.0,0.08794788273615635,0.04242424242424243,0.051036682615629984,0.015527950310559006,0.06962025316455696,0.07981220657276995,0.08828250401284109,0.04013377926421405,0.03220338983050847,0.011532125205930808,0.005050505050505051,0.0,0.09768211920529801,0.0208,0.14501510574018128,0.02034428794992175,0.03367003367003367,0.006201550387596899,0.07305194805194805,0.001524390243902439,0.004709576138147566,0.001589825119236884,0.0017064846416382253,0.0768025078369906,0.004754358161648178,0.06907378335949764,0.009523809523809525,0.1540983606557377,0.0049261083743842365,0.012232415902140673,0.0015432098765432098,0.08634222919937205,0.008103727714748784,0.029595015576323987,0.21138211382113822,0.05663430420711974,0.019230769230769232,0.1111111111111111,0.040783034257748776,0.05657492354740061,0.021052631578947368,0.08809891808346214,0.18840579710144928,0.061872909698996656,0.10310965630114566,0.17014446227929375,0.011308562197092083,0.0,0.0016638935108153079,0.0,0.03672787979966611,0.0
2020,1,9,prevalence,0.0015552099533437014,0.0,0.0,0.0032733224222585926,0.0,0.0,0.0015923566878980893,0.0016260162601626016,0.0,0.0015822784810126582,0.0032679738562091504,0.0031397174254317113,0.001694915254237288,0.0015822784810126582,0.0,0.0016025641025641025,0.011182108626198083,0.0016366612111292963,0.014331210191082803,0.0,0.0016722408026755853,0.0,0.010033444816053512,0.0,0.0,0.05373134328358209,0.0,0.0016155088852988692,0.022617124394184167,0.03877221324717286,0.0328125,0.001639344262295082,0.003067484662576687,0.008156606851549755,0.0,0.0,0.0,0.04241435562805873,0.023696682464454975,0.11885895404120443,0.053712480252764615,0.01340033500837521,0.040880503144654086,0.0030816640986132513,0.024193548387096774,0.0,0.0,0.0015455950540958269,0.0,0.0,0.0,0.0,0.027868852459016394,0.0016778523489932886,0.06097560975609756,0.00964630225080386,0.0,0.10939907550077041,0.0,0.012965964343598054,0.0,0.0,0.001639344262295082,0.004885993485342019,0.0,0.004470938897168405,0.0,0.0047169811320754715,0.0015220700152207,0.061933534743202415,0.03865546218487395,0.0049833887043189366,0.01567398119122257,0.0015772870662460567,0.102803738317757,0.07504078303425775,0.07119741100323625,0.0,0.05705229793977813,0.027552674230145867,0.0030721966205837174,0.1488,0.05601317957166392,0.001519756838905775,0.0016638935108153079,0.001652892561983471,0.003125,0.03058103975535168,0.001557632398753894,0.09428129829984544,0.013636363636363636,0.035483870967741936,0.0,0.041935483870967745,0.027777777777777776,0.06838905775075987,0.001669449081803005,0.014950166112956811,0.0030864197530864196,0.0032414910858995136,0.09546925566343042,0.0,0.010327022375215147,0.091324200913242,0.0,0.09508196721311475,0.006191950464396285,0.001584786053882726,0.0,0.04038772213247173,0.0015772870662460567,0.0904836193447738,0.04965753424657534,0.003472222222222222,0.02247191011235955,0.059748427672955975,0.0015772870662460567,0.009230769230769232,0.08517350157728706,0.0016025641025641025,0.013136288998357963,0.054098360655737705,0.004838709677419355,0.0,0.0,0.003257328990228013,0.00825082508250825,0.037953795379537955,0.0,0.11945392491467577,0.011093502377179081,0.029508196721311476,0.0,0.031496062992125984,0.03015075376884422,0.029548989113530325,0.04006677796327212,0.0,0.0,0.006420545746388443,0.0015873015873015873,0.0,0.06260575296108291,0.0,0.0142602495543672,0.051696284329563816,0.009538950715421303,0.0,0.1216,0.03582089552238806,0.061258278145695365,0.0165016501650165,0.07523510971786834,0.07582938388625593,0.11251980982567353,0.042483660130718956,0.037800687285223365,0.013223140495867768,0.003284072249589491,0.0,0.07455429497568881,0.03600654664484452,0.1234375,0.02021772939346812,0.027491408934707903,0.007776049766718507,0.088379705400982,0.0015432098765432098,0.015527950310559006,0.001557632398753894,0.0016750418760469012,0.07188498402555911,0.003205128205128205,0.07017543859649122,0.0112,0.14102564102564102,0.0016501650165016502,0.00782472613458529,0.0015220700152207,0.05345911949685535,0.012698412698412698,0.024279210925644917,0.24271844660194175,0.05115511551155116,0.014492753623188406,0.09162717219589257,0.04475043029259897,0.05333333333333334,0.01730103806228374,0.09457364341085271,0.1328125,0.06,0.07833333333333334,0.15815485996705106,0.01757188498402556,0.0,0.003316749585406302,0.0,0.028052805280528052,0.0
2021,1,9,prevalence,0.0015455950540958269,0.0,0.0,0.003395585738539898,0.0015503875968992248,0.0016025641025641025,0.0,0.0016420361247947454,0.0,0.0016286644951140066,0.001644736842105263,0.003194888178913738,0.0016806722689075631,0.0015432098765432098,0.0,0.0016233766233766235,0.01282051282051282,0.0016286644951140066,0.01584786053882726,0.0,0.001607717041800643,0.0016474464579901153,0.009884678747940691,0.0,0.0,0.043668122270742356,0.0,0.0032102728731942215,0.019704433497536946,0.050955414012738856,0.04205607476635514,0.001692047377326565,0.0030721966205837174,0.01129032258064516,0.0,0.001564945226917058,0.0,0.06907894736842106,0.014729950900163666,0.12063492063492064,0.07511737089201878,0.006980802792321117,0.0382262996941896,0.0030120481927710845,0.02476780185758514,0.0016260162601626016,0.0,0.0015384615384615385,0.0,0.0,0.003257328990228013,0.0,0.04047217537942664,0.0016638935108153079,0.04882154882154882,0.01615508885298869,0.0,0.1292834890965732,0.0,0.013377926421404682,0.0,0.0,0.006578947368421052,0.009508716323296355,0.0,0.0045385779122541605,0.0,0.0046439628482972135,0.00904977375565611,0.0481203007518797,0.038917089678511,0.0067226890756302525,0.019169329073482427,0.0016181229773462784,0.09119010819165378,0.07980456026058631,0.05536912751677853,0.0,0.06570512820512821,0.030664395229982964,0.0015337423312883436,0.15830721003134796,0.06270096463022508,0.001610305958132045,0.0016835016835016834,0.001644736842105263,0.004694835680751174,0.03333333333333333,0.0015873015873015873,0.10618066561014262,0.011023622047244094,0.0457516339869281,0.0,0.04411764705882353,0.037520391517128875,0.0852359208523592,0.0016722408026755853,0.011686143572621035,0.0015723270440251573,0.001644736842105263,0.09615384615384616,0.0,0.008223684210526315,0.07796101949025487,0.0,0.11147011308562198,0.004761904761904762,0.0,0.0016129032258064516,0.047244094488188976,0.0015873015873015873,0.061191626409017714,0.058823529411764705,0.00333889816360601,0.016129032258064516,0.06923076923076923,0.0016129032258064516,0.007886435331230283,0.0704,0.0,0.011419249592169658,0.05518394648829431,0.006430868167202572,0.0,0.0,0.0049261083743842365,0.0032520325203252032,0.0457516339869281,0.0,0.13268608414239483,0.024232633279483037,0.01951219512195122,0.0,0.024883359253499222,0.030894308943089432,0.024539877300613498,0.03636363636363636,0.0,0.0,0.003194888178913738,0.0,0.0,0.06301824212271974,0.0,0.010084033613445379,0.046104928457869634,0.012578616352201259,0.0,0.12326656394453005,0.04035874439461883,0.05546218487394958,0.011589403973509934,0.06998444790046657,0.07523510971786834,0.06372549019607843,0.04038772213247173,0.03814262023217247,0.009900990099009901,0.001597444089456869,0.0,0.07119741100323625,0.0743801652892562,0.08801213960546282,0.01935483870967742,0.01576182136602452,0.004672897196261682,0.13008130081300814,0.0015479876160990713,0.012441679626749611,0.0015527950310559005,0.0015873015873015873,0.08146964856230032,0.003289473684210526,0.05660377358490566,0.014106583072100314,0.13628899835796388,0.0016556291390728477,0.010869565217391304,0.0015037593984962407,0.0736,0.009523809523809525,0.017699115044247787,0.25205930807248766,0.056451612903225805,0.023696682464454975,0.06230031948881789,0.08717948717948718,0.05760709010339734,0.010101010101010102,0.06825396825396825,0.12942989214175654,0.05339805825242718,0.0380794701986755,0.13592233009708737,0.01282051282051282,0.0,0.0032679738562091504,0.001610305958132045,0.059322033898305086,0.0
2022,1,9,prevalence,0.0015174506828528073,0.0,0.0,0.0033613445378151263,0.0015748031496062992,0.0016366612111292963,0.0,0.004966887417218543,0.0,0.0,0.003355704697986577,0.004777070063694267,0.0017211703958691911,0.001519756838905775,0.0,0.0016638935108153079,0.009693053311793215,0.001610305958132045,0.020030816640986132,0.0,0.003246753246753247,0.011666666666666667,0.006430868167202572,0.0,0.004846526655896607,0.048600883652430045,0.0,0.0032948929159802307,0.013223140495867768,0.05057096247960848,0.04501607717041801,0.0,0.0030721966205837174,0.01437699680511182,0.0,0.0015873015873015873,0.0,0.06698564593301436,0.011419249592169658,0.13584288052373159,0.05642633228840126,0.0071301247771836,0.046296296296296294,0.0030816640986132513,0.02021772939346812,0.004838709677419355,0.0,0.001579778830963665,0.0,0.0,0.008403361344537815,0.0,0.03156146179401993,0.001669449081803005,0.05519480519480519,0.01487603305785124,0.0,0.13679245283018868,0.0,0.023178807947019868,0.0,0.001736111111111111,0.0,0.012841091492776886,0.0,0.0045385779122541605,0.0,0.0031201248049922,0.037993920972644375,0.0289193302891933,0.03523489932885906,0.004942339373970346,0.008090614886731391,0.0,0.15292353823088456,0.1008,0.03934426229508197,0.003205128205128205,0.06785137318255251,0.03035413153456998,0.0,0.13814756671899528,0.04854368932038835,0.0016207455429497568,0.0,0.0,0.0030349013657056147,0.037037037037037035,0.0,0.10679611650485436,0.006379585326953748,0.0464,0.0,0.05365853658536585,0.06129032258064516,0.0696594427244582,0.0016750418760469012,0.016339869281045753,0.0,0.0,0.07654723127035831,0.0,0.004991680532445923,0.07503828483920368,0.0,0.12400635930047695,0.00631911532385466,0.0,0.0016501650165016502,0.05581395348837209,0.001567398119122257,0.04560260586319218,0.05016722408026756,0.0016501650165016502,0.02321724709784411,0.06359300476947535,0.003189792663476874,0.01288244766505636,0.06624605678233439,0.0033333333333333335,0.013223140495867768,0.04830917874396135,0.008038585209003215,0.0,0.0,0.0032733224222585926,0.0,0.05065359477124183,0.0030075187969924814,0.13270142180094788,0.0272,0.014469453376205787,0.0,0.02009273570324575,0.03343949044585987,0.03576982892690513,0.046511627906976744,0.0,0.0,0.003194888178913738,0.0031201248049922,0.0,0.07293354943273905,0.0,0.006611570247933884,0.06074766355140187,0.012759170653907496,0.0,0.0960960960960961,0.037037037037037035,0.032362459546925564,0.005084745762711864,0.0662557781201849,0.0565149136577708,0.059870550161812294,0.05175292153589316,0.041666666666666664,0.011589403973509934,0.0,0.0,0.08647798742138364,0.08860759493670886,0.0888208269525268,0.015772870662460567,0.005119453924914676,0.0031496062992125984,0.16531604538087522,0.001610305958132045,0.007716049382716049,0.0015455950540958269,0.0,0.07765451664025357,0.004909983633387889,0.03464566929133858,0.012598425196850394,0.09771986970684039,0.003246753246753247,0.0140625,0.0015337423312883436,0.07504078303425775,0.012841091492776886,0.00906344410876133,0.18013468013468015,0.05958132045088567,0.030844155844155844,0.050473186119873815,0.10902896081771721,0.0549777117384844,0.006611570247933884,0.06782334384858044,0.136,0.04516129032258064,0.06304728546409807,0.1226890756302521,0.014195583596214511,0.0,0.0015923566878980893,0.003194888178913738,0.06312292358803986,0.0
2023,1,9,prevalence,0.0,0.001644736842105263,0.0015290519877675841,0.003372681281618887,0.0016155088852988692,0.0016233766233766235,0.0,0.004991680532445923,0.0,0.0,0.0033333333333333335,0.00473186119873817,0.001652892561983471,0.0,0.0,0.0017271157167530224,0.004934210526315789,0.006482982171799027,0.013996889580093312,0.0016260162601626016,0.0031645569620253164,0.02936096718480138,0.006535947712418301,0.0,0.004807692307692308,0.05521472392638037,0.0,0.0032679738562091504,0.014778325123152709,0.06418918918918919,0.03987240829346093,0.0,0.003169572107765452,0.012841091492776886,0.0,0.0015698587127158557,0.0,0.03475513428120063,0.01437699680511182,0.10696920583468396,0.048,0.016666666666666666,0.01726844583987441,0.003048780487804878,0.015625,0.0032102728731942215,0.0,0.0016129032258064516,0.0,0.0,0.006791171477079796,0.0,0.03403565640194489,0.0016339869281045752,0.0630048465266559,0.008064516129032258,0.0,0.16774193548387098,0.0,0.011437908496732025,0.0,0.0017761989342806395,0.0,0.007886435331230283,0.0,0.0029585798816568047,0.0,0.001607717041800643,0.03709428129829984,0.017991004497751123,0.03980099502487562,0.011513157894736841,0.0048543689320388345,0.0,0.18140929535232383,0.09951845906902086,0.027375201288244767,0.0,0.06050420168067227,0.023255813953488372,0.0,0.10371517027863777,0.0802675585284281,0.003179650238473768,0.0,0.0,0.00911854103343465,0.027982326951399118,0.0,0.10569105691056911,0.008090614886731391,0.044585987261146494,0.0,0.08,0.11075949367088607,0.06951026856240126,0.004909983633387889,0.03600654664484452,0.0,0.0,0.09630818619582665,0.0,0.018425460636515914,0.05246913580246913,0.0,0.14308426073131955,0.0031397174254317113,0.0,0.0032414910858995136,0.07366771159874608,0.0032,0.06976744186046512,0.05163511187607573,0.001644736842105263,0.026622296173044926,0.05345911949685535,0.00641025641025641,0.014705882352941176,0.056,0.0032414910858995136,0.01487603305785124,0.06572769953051644,0.008116883116883116,0.0031746031746031746,0.0,0.0016207455429497568,0.0,0.05090311986863711,0.0014947683109118087,0.09190031152647975,0.03241491085899514,0.009569377990430622,0.0,0.018575851393188854,0.04952076677316294,0.021374045801526718,0.05289256198347107,0.0,0.0,0.0031007751937984496,0.0031007751937984496,0.0,0.08443708609271523,0.0,0.0032948929159802307,0.0686427457098284,0.014218009478672985,0.0,0.08112094395280237,0.02406015037593985,0.0528,0.0033613445378151263,0.07993730407523511,0.023622047244094488,0.06349206349206349,0.052364864864864864,0.04597701149425287,0.006535947712418301,0.004885993485342019,0.0,0.08426073131955485,0.14015748031496064,0.057750759878419454,0.015723270440251572,0.0016835016835016834,0.006329113924050633,0.21172638436482086,0.0015313935681470138,0.004777070063694267,0.0015625,0.0,0.046511627906976744,0.006299212598425197,0.0359375,0.01584786053882726,0.08520900321543408,0.0065252854812398045,0.012759170653907496,0.0031007751937984496,0.06765676567656766,0.017684887459807074,0.008902077151335312,0.12234910277324633,0.07075471698113207,0.060995184590690206,0.05825242718446602,0.12631578947368421,0.058208955223880594,0.013223140495867768,0.055031446540880505,0.09004739336492891,0.024115755627009645,0.06587837837837837,0.11967213114754098,0.010819165378670788,0.0,0.0,0.0046801872074883,0.06968641114982578,0.0
2024,1,9,prevalence,0.0,0.001652892561983471,0.0015060240963855422,0.001763668430335097,0.0,0.0,0.0,0.0016155088852988692,0.0,0.0,0.0016155088852988692,0.0031446540880503146,0.0016339869281045752,0.0,0.0,0.0017123287671232876,0.008237232289950576,0.0032414910858995136,0.010802469135802469,0.0016474464579901153,0.004792332268370607,0.050522648083623695,0.0032310177705977385,0.0,0.0048543689320388345,0.05864197530864197,0.0,0.003401360544217687,0.00974025974025974,0.059336823734729496,0.05509181969949917,0.0,0.0031496062992125984,0.011326860841423949,0.0,0.001607717041800643,0.0,0.030497592295345103,0.02106969205834684,0.07886435331230283,0.045454545454545456,0.008389261744966443,0.012578616352201259,0.0030581039755351682,0.007936507936507936,0.0015479876160990713,0.0,0.0016025641025641025,0.0,0.0,0.01,0.0,0.038461538461538464,0.001639344262295082,0.06420545746388442,0.0065040650406504065,0.0,0.14309484193011648,0.0,0.008,0.0,0.0035650623885918,0.0,0.0096,0.0,0.0014903129657228018,0.0,0.0016260162601626016,0.05864197530864197,0.019174041297935103,0.03885135135135135,0.012738853503184714,0.004975124378109453,0.0,0.1926605504587156,0.0912,0.013245033112582781,0.0031545741324921135,0.0681063122923588,0.04692556634304207,0.0,0.0804953560371517,0.07084019769357495,0.001610305958132045,0.0,0.0,0.009230769230769232,0.024963289280469897,0.0,0.08723747980613894,0.004754358161648178,0.03205128205128205,0.0,0.08794788273615635,0.13322368421052633,0.06369426751592357,0.004878048780487805,0.033386327503974564,0.0,0.0,0.1111111111111111,0.0016,0.01015228426395939,0.05053598774885146,0.0,0.1339712918660287,0.0031645569620253164,0.0,0.0016155088852988692,0.08399366085578447,0.003236245954692557,0.06030150753768844,0.07979626485568761,0.0016286644951140066,0.01932367149758454,0.03206106870229008,0.012678288431061807,0.01644736842105263,0.04258675078864353,0.001597444089456869,0.01680672268907563,0.07931570762052877,0.004761904761904762,0.004672897196261682,0.0,0.0015923566878980893,0.0,0.05115511551155116,0.0015060240963855422,0.10075187969924812,0.017915309446254073,0.008025682182985553,0.0,0.01809954751131222,0.06847133757961783,0.014106583072100314,0.09547738693467336,0.0,0.0,0.0015503875968992248,0.0,0.0,0.09256198347107437,0.0015625,0.001639344262295082,0.0655226209048362,0.009615384615384616,0.0,0.05829596412556054,0.013513513513513514,0.07085346215780998,0.001669449081803005,0.1111111111111111,0.046583850931677016,0.0512,0.07628524046434494,0.0685805422647528,0.004862236628849271,0.006546644844517185,0.0,0.05573770491803279,0.14814814814814814,0.06354009077155824,0.014331210191082803,0.003189792663476874,0.011235955056179775,0.1494435612082671,0.001557632398753894,0.007898894154818325,0.001607717041800643,0.0015479876160990713,0.03869969040247678,0.009419152276295133,0.02945736434108527,0.01607717041800643,0.09375,0.006688963210702341,0.012578616352201259,0.00315955766192733,0.06446280991735537,0.0171875,0.01225114854517611,0.07592891760904685,0.049206349206349205,0.04186046511627907,0.06041335453100159,0.14162348877374784,0.0547945205479452,0.024350649350649352,0.03464566929133858,0.12460063897763578,0.020933977455716585,0.08858603066439523,0.12096774193548387,0.00315955766192733,0.0,0.0,0.0031847133757961785,0.0773286467486819,0.0
2025,1,9,prevalence,0.0,0.0016806722689075631,0.0015290519877675841,0.0017761989342806395,0.0,0.0,0.0,0.001644736842105263,0.0,0.0,0.001597444089456869,0.0046801872074883,0.0016611295681063123,0.0,0.0,0.0017301038062283738,0.005076142131979695,0.0015923566878980893,0.01694915254237288,0.00338409475465313,0.004815409309791332,0.08547008547008547,0.003134796238244514,0.0,0.004966887417218543,0.07855973813420622,0.0,0.0034071550255536627,0.010954616588419406,0.05641025641025641,0.05704697986577181,0.0,0.0016,0.011182108626198083,0.0,0.0016286644951140066,0.0,0.0532258064516129,0.014539579967689823,0.09016393442622951,0.05873261205564142,0.0,0.007704160246533128,0.0030581039755351682,0.009287925696594427,0.001557632398753894,0.0,0.0032626427406199023,0.0,0.0,0.006611570247933884,0.0,0.023474178403755867,0.0,0.0722495894909688,0.003289473684210526,0.0,0.10118043844856661,0.0,0.0032,0.0,0.0034482758620689655,0.0,0.01078582434514638,0.0015723270440251573,0.0015723270440251573,0.0,0.0,0.05246913580246913,0.017857142857142856,0.049586776859504134,0.006201550387596899,0.003169572107765452,0.0,0.1562021439509954,0.10031847133757962,0.01228878648233487,0.0015748031496062992,0.04433497536945813,0.05787781350482315,0.0,0.07441860465116279,0.0462046204620462,0.0,0.0,0.0,0.004665629860031105,0.022388059701492536,0.0,0.06532663316582915,0.006299212598425197,0.02086677367576244,0.0014970059880239522,0.12254901960784313,0.1322314049586777,0.0565149136577708,0.004761904761904762,0.02576489533011272,0.0030211480362537764,0.001584786053882726,0.10277324632952692,0.001607717041800643,0.0069084628670120895,0.03697996918335902,0.0,0.13893376413570274,0.0015552099533437014,0.0,0.0015360983102918587,0.09105180533751962,0.004702194357366771,0.058919803600654665,0.09076175040518639,0.0015873015873015873,0.015723270440251572,0.028315946348733235,0.04180064308681672,0.014975041597337771,0.031201248049921998,0.0016233766233766235,0.022764227642276424,0.07931570762052877,0.004777070063694267,0.0015772870662460567,0.0016835016835016834,0.001639344262295082,0.0,0.036243822075782535,0.003115264797507788,0.12965722801788376,0.032520325203252036,0.008012820512820512,0.0016474464579901153,0.01386748844375963,0.0949367088607595,0.029548989113530325,0.09605488850771869,0.0015479876160990713,0.0,0.0,0.0046439628482972135,0.0,0.06919275123558484,0.0015600624024961,0.0016339869281045752,0.05084745762711865,0.01282051282051282,0.0,0.050445103857566766,0.01361573373676248,0.06825396825396825,0.0,0.11424100156494522,0.0705521472392638,0.05846153846153846,0.06666666666666667,0.061823802163833076,0.017628205128205128,0.013114754098360656,0.0,0.07582938388625593,0.14052287581699346,0.04885496183206107,0.013114754098360656,0.003189792663476874,0.021604938271604937,0.1320754716981132,0.001567398119122257,0.007886435331230283,0.0016286644951140066,0.0015313935681470138,0.06880733944954129,0.011146496815286623,0.020061728395061727,0.020569620253164556,0.08571428571428572,0.0032520325203252032,0.012841091492776886,0.003246753246753247,0.088379705400982,0.018957345971563982,0.004658385093167702,0.05417956656346749,0.04769475357710652,0.048286604361370715,0.06912442396313365,0.13941480206540446,0.056162246489859596,0.024390243902439025,0.028380634390651086,0.13725490196078433,0.027243589743589744,0.06462585034013606,0.09105431309904154,0.003205128205128205,0.0,0.0,0.0015772870662460567,0.06060606060606061,0.0
