Time,age_start,age_end,measure,draw_0,draw_1,draw_2,draw_3,draw_4,draw_5,draw_6,draw_7,draw_8,draw_9,draw_10,draw_11,draw_12,draw_13,draw_14,draw_15,draw_16,draw_17,draw_18,draw_19,draw_20,draw_21,draw_22,draw_23,draw_24,draw_25,draw_26,draw_27,draw_28,draw_29,draw_30,draw_31,draw_32,draw_33,draw_34,draw_35,draw_36,draw_37,draw_38,draw_39,draw_40,draw_41,draw_42,draw_43,draw_44,draw_45,draw_46,draw_47,draw_48,draw_49,draw_50,draw_51,draw_52,draw_53,draw_54,draw_55,draw_56,draw_57,draw_58,draw_59,draw_60,draw_61,draw_62,draw_63,draw_64,draw_65,draw_66,draw_67,draw_68,draw_69,draw_70,draw_71,draw_72,draw_73,draw_74,draw_75,draw_76,draw_77,draw_78,draw_79,draw_80,draw_81,draw_82,draw_83,draw_84,draw_85,draw_86,draw_87,draw_88,draw_89,draw_90,draw_91,draw_92,draw_93,draw_94,draw_95,draw_96,draw_97,draw_98,draw_99,draw_100,draw_101,draw_102,draw_103,draw_104,draw_105,draw_106,draw_107,draw_108,draw_109,draw_110,draw_111,draw_112,draw_113,draw_114,draw_115,draw_116,draw_117,draw_118,draw_119,draw_120,draw_121,draw_122,draw_123,draw_124,draw_125,draw_126,draw_127,draw_128,draw_129,draw_130,draw_131,draw_132,draw_133,draw_134,draw_135,draw_136,draw_137,draw_138,draw_139,draw_140,draw_141,draw_142,draw_143,draw_144,draw_145,draw_146,draw_147,draw_148,draw_149,draw_150,draw_151,draw_152,draw_153,draw_154,draw_155,draw_156,draw_157,draw_158,draw_159,draw_160,draw_161,draw_162,draw_163,draw_164,draw_165,draw_166,draw_167,draw_168,draw_169,draw_170,draw_171,draw_172,draw_173,draw_174,draw_175,draw_176,draw_177,draw_178,draw_179,draw_180,draw_181,draw_182,draw_183,draw_184,draw_185,draw_186,draw_187,draw_188,draw_189,draw_190,draw_191,draw_192,draw_193,draw_194,draw_195,draw_196,draw_197,draw_198,draw_199
1996,1,9,prevalence,0.04128440366972477,0.08333333333333333,0.1248097412480974,0.06987577639751552,0.0529500756429652,0.0,0.08557844690966719,0.05864197530864197,0.1180327868852459,0.12380952380952381,0.06497622820919176,0.01732283464566929,0.13526570048309178,0.052545155993431854,0.07601351351351351,0.07131782945736434,0.05763239875389408,0.03656597774244833,0.0176,0.03930817610062893,0.06047197640117994,0.04314329738058552,0.04804804804804805,0.08945686900958466,0.0487062404870624,0.1259600614439324,0.07395498392282958,0.0890625,0.006644518272425249,0.0358814352574103,0.00322061191626409,0.05263157894736842,0.052980132450331126,0.008130081300813009,0.004784688995215311,0.0892018779342723,0.04945904173106646,0.0718954248366013,0.032208588957055216,0.06412213740458016,0.0660377358490566,0.07218045112781955,0.09276729559748427,0.023809523809523808,0.050746268656716415,0.05922165820642978,0.12735849056603774,0.0065252854812398045,0.1262135922330097,0.004552352048558422,0.054945054945054944,0.06853582554517133,0.06554621848739496,0.13210445468509985,0.036741214057507986,0.10606060606060606,0.0219435736677116,0.20228384991843393,0.08191653786707882,0.04252199413489736,0.11728395061728394,0.09228441754916793,0.04975922953451043,0.05357142857142857,0.013677811550151976,0.06070287539936102,0.09149277688603531,0.011363636363636364,0.05090311986863711,0.040625,0.01615508885298869,0.09657320872274143,0.016233766233766232,0.047839506172839504,0.01740506329113924,0.0448,0.04,0.0976,0.03363914373088685,0.07556270096463022,0.030816640986132512,0.09090909090909091,0.010447761194029851,0.05454545454545454,0.03111111111111111,0.054140127388535034,0.07874015748031496,0.024691358024691357,0.0224,0.01692047377326565,0.006134969325153374,0.024271844660194174,0.05504587155963303,0.0,0.029513888888888888,0.1648,0.035114503816793895,0.0,0.0761904761904762,0.06741573033707865,0.0668693009118541,0.05237315875613748,0.1321656050955414,0.01487603305785124,0.06564885496183206,0.14668769716088328,0.004658385093167702,0.04126984126984127,0.055130168453292494,0.0096,0.06105610561056106,0.009569377990430622,0.042789223454833596,0.0,0.06026058631921824,0.0734094616639478,0.011382113821138212,0.04636785162287481,0.04245283018867924,0.07072368421052631,0.0352760736196319,0.007530120481927711,0.052083333333333336,0.07384615384615385,0.0390015600624025,0.0358814352574103,0.006546644844517185,0.03715670436187399,0.03896103896103896,0.12385321100917432,0.06707317073170732,0.03389830508474576,0.04966887417218543,0.05815831987075929,0.02511773940345369,0.02976190476190476,0.05116279069767442,0.0032258064516129032,0.009316770186335404,0.07692307692307693,0.10833333333333334,0.030959752321981424,0.09547738693467336,0.0234375,0.06779661016949153,0.07332293291731669,0.09142857142857143,0.04265402843601896,0.012403100775193798,0.0328125,0.13719512195121952,0.08668730650154799,0.0581039755351682,0.10393700787401575,0.07317073170731707,0.040257648953301126,0.0832,0.010852713178294573,0.02773497688751926,0.15912636505460218,0.02157164869029276,0.03286384976525822,0.1964573268921095,0.04952076677316294,0.0015527950310559005,0.03966942148760331,0.15625,0.08623298033282904,0.18263473053892215,0.18263473053892215,0.18263473053892215,0.12037037037037036,0.04510108864696734,0.004885993485342019,0.03924646781789639,0.04340836012861737,0.012779552715654952,0.05845181674565561,0.023547880690737835,0.07802547770700637,0.07541478129713423,0.106544901065449,0.027777777777777776,0.004672897196261682,0.03265940902021773,0.0030581039755351682,0.0,0.056910569105691054,0.0029585798816568047,0.037914691943127965,0.0016155088852988692,0.05421686746987952,0.0759493670886076,0.08294209702660407,0.15203761755485892,0.03420195439739414,0.06933744221879815,0.11613876319758673,0.06153846153846154,0.04567699836867863
1997,1,9,prevalence,0.07051282051282051,0.13804173354735153,0.10476190476190476,0.09076175040518639,0.07313195548489666,0.0,0.09195402298850575,0.0672,0.12146422628951747,0.11703958691910499,0.05073649754500818,0.01589825119236884,0.10316139767054909,0.05016722408026756,0.09281961471103327,0.11287758346581876,0.051643192488262914,0.02145214521452145,0.01929260450160772,0.04662379421221865,0.06230529595015576,0.04508856682769726,0.0832072617246596,0.10689655172413794,0.04416403785488959,0.08695652173913043,0.0762987012987013,0.09713375796178345,0.009983361064891847,0.033003300330033,0.0,0.03739837398373984,0.05128205128205128,0.0049261083743842365,0.006430868167202572,0.060955518945634266,0.0432,0.06010016694490818,0.021207177814029365,0.08520900321543408,0.05910543130990415,0.07165109034267912,0.06393442622950819,0.03099510603588907,0.0705521472392638,0.06478405315614617,0.10869565217391304,0.006568144499178982,0.12351945854483926,0.006482982171799027,0.03054662379421222,0.07431340872374798,0.06457242582897033,0.14396284829721362,0.02622950819672131,0.10130718954248366,0.021702838063439065,0.1759581881533101,0.08986928104575163,0.037037037037037035,0.10180623973727422,0.12218649517684887,0.034482758620689655,0.06515151515151515,0.021604938271604937,0.05546492659053834,0.07236842105263158,0.011608623548922056,0.05921052631578947,0.07352941176470588,0.01800327332242226,0.1189710610932476,0.05016722408026756,0.06572769953051644,0.034653465346534656,0.043478260869565216,0.052545155993431854,0.09010600706713781,0.03987240829346093,0.11831442463533225,0.042748091603053436,0.06937394247038917,0.00933125972006221,0.052805280528052806,0.03889789303079417,0.03104575163398693,0.0641025641025641,0.014354066985645933,0.027552674230145867,0.03241491085899514,0.0031847133757961785,0.02258064516129032,0.056179775280898875,0.004784688995215311,0.03163444639718805,0.17478991596638654,0.025477707006369428,0.0,0.10264900662251655,0.06158833063209076,0.04897314375987362,0.03333333333333333,0.12929623567921442,0.013793103448275862,0.09047619047619047,0.13435374149659865,0.009478672985781991,0.029411764705882353,0.061611374407582936,0.012987012987012988,0.07679180887372014,0.011608623548922056,0.034976152623211444,0.0,0.07377049180327869,0.08135593220338982,0.015,0.0343213728549142,0.03305785123966942,0.09045226130653267,0.044585987261146494,0.007668711656441718,0.04716981132075472,0.0821256038647343,0.048939641109298535,0.05967741935483871,0.005235602094240838,0.030612244897959183,0.023529411764705882,0.12399355877616747,0.08603896103896104,0.05573248407643312,0.043993231810490696,0.04452054794520548,0.03099510603588907,0.02457757296466974,0.03421461897356143,0.003401360544217687,0.0176,0.09364548494983277,0.09016393442622951,0.03179650238473768,0.08542713567839195,0.03015873015873016,0.05379746835443038,0.08931419457735247,0.11561561561561562,0.0499194847020934,0.009819967266775777,0.04122137404580153,0.1407528641571195,0.10413223140495868,0.06466876971608833,0.10149750415973377,0.052364864864864864,0.044142614601018676,0.0998389694041868,0.011363636363636364,0.021806853582554516,0.1794871794871795,0.03927986906710311,0.027243589743589744,0.17684887459807075,0.02936378466557912,0.006514657980456026,0.0657439446366782,0.16134185303514376,0.10883280757097792,0.21958925750394945,0.21958925750394945,0.21958925750394945,0.1282051282051282,0.033444816053511704,0.009693053311793215,0.04132231404958678,0.06920415224913495,0.024916943521594685,0.03697478991596639,0.027960526315789474,0.10130718954248366,0.07729468599033816,0.09193548387096774,0.02936378466557912,0.0,0.035,0.0015432098765432098,0.0,0.023890784982935155,0.004545454545454545,0.06514657980456026,0.006578947368421052,0.05687203791469194,0.061488673139158574,0.08957654723127036,0.18095238095238095,0.05779334500875657,0.11058451816745656,0.10301109350237718,0.06847133757961783,0.05593220338983051
1998,1,9,prevalence,0.09455128205128205,0.14622641509433962,0.08426073131955485,0.08631921824104234,0.08018867924528301,0.0032520325203252032,0.10463121783876501,0.06518282988871224,0.08403361344537816,0.10481099656357389,0.05806451612903226,0.019867549668874173,0.08986928104575163,0.06372549019607843,0.06196213425129088,0.11428571428571428,0.06269592476489028,0.03104575163398693,0.019639934533551555,0.05929487179487179,0.061191626409017714,0.03431372549019608,0.0669710806697108,0.11371237458193979,0.03189792663476874,0.05910543130990415,0.08823529411764706,0.09787928221859707,0.03626943005181347,0.03966942148760331,0.0,0.03542673107890499,0.05432937181663837,0.004754358161648178,0.004942339373970346,0.06456953642384106,0.036243822075782535,0.06030150753768844,0.026622296173044926,0.10855263157894737,0.07570977917981073,0.0959119496855346,0.06301824212271974,0.034653465346534656,0.06987577639751552,0.0642504118616145,0.10465116279069768,0.011182108626198083,0.09777015437392796,0.00825082508250825,0.020249221183800622,0.06844741235392321,0.05132743362831858,0.0935483870967742,0.028391167192429023,0.09740259740259741,0.02572347266881029,0.13667820069204153,0.08877721943048576,0.06531881804043546,0.1,0.08823529411764706,0.02054794520547945,0.0911854103343465,0.024922118380062305,0.051666666666666666,0.060897435897435896,0.006688963210702341,0.05564648117839607,0.08045977011494253,0.008064516129032258,0.09634551495016612,0.08169934640522876,0.1294851794071763,0.042662116040955635,0.035830618892508145,0.07627118644067797,0.05709342560553633,0.0432,0.12195121951219512,0.03389830508474576,0.07508532423208192,0.0176,0.04817275747508306,0.052969502407704656,0.02127659574468085,0.08507223113964688,0.03361344537815126,0.01929260450160772,0.02996845425867508,0.004792332268370607,0.02050473186119874,0.045454545454545456,0.00794912559618442,0.04247787610619469,0.14833333333333334,0.021739130434782608,0.0,0.10578512396694215,0.07947019867549669,0.03669724770642202,0.044850498338870434,0.15165876777251186,0.021775544388609715,0.1500815660685155,0.125,0.008103727714748784,0.03535353535353535,0.07827476038338659,0.013289036544850499,0.07462686567164178,0.0196078431372549,0.019077901430842606,0.0,0.05040650406504065,0.060810810810810814,0.008130081300813009,0.0359375,0.03322259136212625,0.08376963350785341,0.0914826498422713,0.014040561622464899,0.050078247261345854,0.06634304207119741,0.059967585089141004,0.06825396825396825,0.013793103448275862,0.04713804713804714,0.02023608768971332,0.1371610845295056,0.07550335570469799,0.10015649452269171,0.054455445544554455,0.02735042735042735,0.016666666666666666,0.030959752321981424,0.029141104294478526,0.0016420361247947454,0.01935483870967742,0.09075342465753425,0.09149277688603531,0.03284072249589491,0.08681135225375626,0.05246913580246913,0.050393700787401574,0.10372771474878444,0.10518053375196232,0.08090614886731391,0.014492753623188406,0.045941807044410414,0.16831683168316833,0.15953947368421054,0.04746317512274959,0.11001642036124795,0.06611570247933884,0.03636363636363636,0.10158730158730159,0.016722408026755852,0.022950819672131147,0.1488,0.05405405405405406,0.006514657980456026,0.13333333333333333,0.021172638436482084,0.003355704697986577,0.07426597582037997,0.1484375,0.115625,0.2838709677419355,0.2838709677419355,0.2838709677419355,0.12861736334405144,0.026622296173044926,0.012598425196850394,0.06754530477759473,0.07241379310344828,0.03135313531353135,0.04020100502512563,0.034482758620689655,0.10066006600660066,0.06788079470198675,0.10031847133757962,0.0448,0.0,0.02847571189279732,0.006097560975609756,0.0035398230088495575,0.015544041450777202,0.004573170731707317,0.06085526315789474,0.013050570962479609,0.046052631578947366,0.058919803600654665,0.09900990099009901,0.1357254290171607,0.06462585034013606,0.1478537360890302,0.06074766355140187,0.06372549019607843,0.0593900481540931
1999,1,9,prevalence,0.08217054263565891,0.16134185303514376,0.04552590266875981,0.08018867924528301,0.0732899022801303,0.007886435331230283,0.11986863711001643,0.08019639934533551,0.06890756302521009,0.07534246575342465,0.05016181229773463,0.020134228187919462,0.12520868113522537,0.0732899022801303,0.05709342560553633,0.1373534338358459,0.04654895666131621,0.03814262023217247,0.04376012965964344,0.06172839506172839,0.06930693069306931,0.03870967741935484,0.08206686930091185,0.12438625204582651,0.03296703296703297,0.03656597774244833,0.109717868338558,0.10391822827938671,0.04462809917355372,0.058823529411764705,0.0017035775127768314,0.030110935023771792,0.05636070853462158,0.01088646967340591,0.01015228426395939,0.07131011608623548,0.03350083752093802,0.06440677966101695,0.01675041876046901,0.1301482701812191,0.09006211180124224,0.07727975270479134,0.039619651347068144,0.040257648953301126,0.08132530120481928,0.0681063122923588,0.1018363939899833,0.023255813953488372,0.09540034071550256,0.013975155279503106,0.014240506329113924,0.07744107744107744,0.06451612903225806,0.09233176838810642,0.04595879556259905,0.10457516339869281,0.033707865168539325,0.1012216404886562,0.048494983277591976,0.06697819314641744,0.07744107744107744,0.0695517774343122,0.03292894280762565,0.09009009009009009,0.03459119496855346,0.058319039451114926,0.045454545454545456,0.01864406779661017,0.04746317512274959,0.08955223880597014,0.01507537688442211,0.08623548922056384,0.10491803278688525,0.1501597444089457,0.059931506849315065,0.0499194847020934,0.07263513513513513,0.06457242582897033,0.038523274478330656,0.11323763955342903,0.024691358024691357,0.1116751269035533,0.025039123630672927,0.04597701149425287,0.07890499194847021,0.018302828618968387,0.05763239875389408,0.025167785234899327,0.02671118530884808,0.043478260869565216,0.01579778830963665,0.0464,0.07631160572337042,0.02157164869029276,0.07312925170068027,0.1195840554592721,0.017713365539452495,0.0,0.09466437177280551,0.0779436152570481,0.02830188679245283,0.04838709677419355,0.11746031746031746,0.0784313725490196,0.14967105263157895,0.16610738255033558,0.009708737864077669,0.05792163543441227,0.11075949367088607,0.008156606851549755,0.06158833063209076,0.02618657937806874,0.03803486529318542,0.004885993485342019,0.0528,0.07394957983193277,0.008090614886731391,0.03968253968253968,0.02348993288590604,0.09499136442141623,0.10047846889952153,0.011146496815286623,0.041990668740279936,0.0641025641025641,0.059113300492610835,0.08631921824104234,0.01384083044982699,0.06996587030716724,0.022508038585209004,0.17694805194805194,0.05333333333333334,0.18981481481481483,0.09884678747940692,0.02249134948096886,0.01610305958132045,0.0499194847020934,0.04354354354354354,0.00482315112540193,0.0112,0.09612141652613827,0.07906976744186046,0.0379746835443038,0.08221476510067115,0.06698564593301436,0.05246422893481717,0.09061488673139159,0.10429447852760736,0.12622950819672132,0.014778325123152709,0.06307692307692307,0.16826923076923078,0.14729950900163666,0.0421216848673947,0.10596026490066225,0.057971014492753624,0.05314009661835749,0.09313725490196079,0.02413793103448276,0.03940886699507389,0.16346153846153846,0.04433497536945813,0.01951219512195122,0.12974683544303797,0.04032258064516129,0.005016722408026756,0.08333333333333333,0.10566615620214395,0.07974481658692185,0.26582278481012656,0.26582278481012656,0.26582278481012656,0.1184,0.034482758620689655,0.007898894154818325,0.08040201005025126,0.07586206896551724,0.022764227642276424,0.03656597774244833,0.06260296540362438,0.09032258064516129,0.07202680067001675,0.0752,0.046251993620414676,0.008431703204047217,0.04492512479201331,0.015698587127158554,0.005172413793103448,0.015050167224080268,0.0015923566878980893,0.04145936981757877,0.0065040650406504065,0.05737704918032787,0.056,0.09405940594059406,0.1076923076923077,0.06844741235392321,0.1971608832807571,0.04617834394904458,0.06518282988871224,0.05745341614906832
2000,1,9,prevalence,0.10823909531502424,0.15217391304347827,0.0492845786963434,0.078003120124805,0.050243111831442464,0.008012820512820512,0.12337662337662338,0.08431703204047218,0.06565656565656566,0.09933774834437085,0.04285714285714286,0.013201320132013201,0.13851351351351351,0.07377049180327869,0.06529209621993128,0.095,0.04051863857374392,0.05016722408026756,0.0594059405940594,0.0703125,0.07614213197969544,0.050080775444264945,0.1095890410958904,0.13344594594594594,0.029503105590062112,0.024154589371980676,0.10759493670886076,0.09243697478991597,0.032,0.05025125628140704,0.004918032786885246,0.02476780185758514,0.06132075471698113,0.021705426356589147,0.01877133105802048,0.09090909090909091,0.02905982905982906,0.08121019108280254,0.02385008517887564,0.1152542372881356,0.0998439937597504,0.08934169278996865,0.033816425120772944,0.07062600321027288,0.14176829268292682,0.07894736842105263,0.07537688442211055,0.03328290468986384,0.09044368600682594,0.021604938271604937,0.017350157728706624,0.0642504118616145,0.051601423487544484,0.09597523219814241,0.030721966205837174,0.1281198003327787,0.04662379421221865,0.0681063122923588,0.050590219224283306,0.08422664624808576,0.06030150753768844,0.0717628705148206,0.039586919104991396,0.11649016641452345,0.03779527559055118,0.03832752613240418,0.03776683087027915,0.016722408026755852,0.054098360655737705,0.13043478260869565,0.03015075376884422,0.06932409012131716,0.1362179487179487,0.13385826771653545,0.06196213425129088,0.08227848101265822,0.08934707903780069,0.042328042328042326,0.03789126853377265,0.12006319115323855,0.030864197530864196,0.11333333333333333,0.02204724409448819,0.09492635024549918,0.07190635451505016,0.0429042904290429,0.08384146341463415,0.019966722129783693,0.018302828618968387,0.05087440381558029,0.02037617554858934,0.04878048780487805,0.1072,0.037383177570093455,0.06291390728476821,0.10570469798657718,0.009630818619582664,0.0016366612111292963,0.09016393442622951,0.10034602076124567,0.020933977455716585,0.07654723127035831,0.1421875,0.15789473684210525,0.15474209650582363,0.17218543046357615,0.01765650080256822,0.06260869565217392,0.12145110410094637,0.012944983818770227,0.06829268292682927,0.04032258064516129,0.05826771653543307,0.006339144215530904,0.06957928802588997,0.1054421768707483,0.014754098360655738,0.042993630573248405,0.030201342281879196,0.07537688442211055,0.10061919504643962,0.012578616352201259,0.050080775444264945,0.0734094616639478,0.07317073170731707,0.11885895404120443,0.015570934256055362,0.09427609427609428,0.02593192868719611,0.19444444444444445,0.03642384105960265,0.2815384615384615,0.08828250401284109,0.033216783216783216,0.019704433497536946,0.036303630363036306,0.04559270516717325,0.004807692307692308,0.00641025641025641,0.10641891891891891,0.04874213836477988,0.02750809061488673,0.087248322147651,0.06493506493506493,0.07120253164556962,0.05910543130990415,0.0847723704866562,0.11282051282051282,0.024232633279483037,0.07492354740061162,0.14169381107491857,0.10862619808306709,0.05180533751962323,0.0738255033557047,0.05815831987075929,0.05422647527910686,0.07704654895666131,0.027491408934707903,0.04180602006688963,0.15284552845528454,0.03442622950819672,0.022292993630573247,0.14195583596214512,0.04692556634304207,0.005050505050505051,0.07179487179487179,0.10551181102362205,0.1130030959752322,0.24483306836248012,0.24483306836248012,0.24483306836248012,0.09105431309904154,0.039603960396039604,0.00967741935483871,0.07345575959933222,0.10837438423645321,0.030894308943089432,0.057722308892355696,0.08768971332209106,0.062402496099843996,0.07178631051752922,0.0598159509202454,0.0492845786963434,0.018092105263157895,0.0425531914893617,0.01579778830963665,0.006611570247933884,0.019933554817275746,0.0015822784810126582,0.03430531732418525,0.004792332268370607,0.06365159128978225,0.06109324758842444,0.07614213197969544,0.11459968602825746,0.07679738562091504,0.17903225806451614,0.03785488958990536,0.06050955414012739,0.07309486780715396
2001,1,9,prevalence,0.11382113821138211,0.15863141524105753,0.017973856209150325,0.06891025641025642,0.05144694533762058,0.006230529595015576,0.12845528455284552,0.08375209380234507,0.08306188925081433,0.11677631578947369,0.032407407407407406,0.022988505747126436,0.16638935108153077,0.1069078947368421,0.06872852233676977,0.11658456486042693,0.04560260586319218,0.06732348111658457,0.05360134003350084,0.051118210862619806,0.07966101694915254,0.04492512479201331,0.11459968602825746,0.11222780569514237,0.04141104294478527,0.016722408026755852,0.10031847133757962,0.08360655737704918,0.036303630363036306,0.04187604690117253,0.003401360544217687,0.02450229709035222,0.04754358161648178,0.01875,0.014975041597337771,0.09915966386554621,0.017452006980802792,0.09350237717908082,0.058419243986254296,0.11433447098976109,0.13664596273291926,0.07890499194847021,0.04173354735152488,0.1312,0.1144578313253012,0.07389162561576355,0.09443507588532883,0.0297339593114241,0.06451612903225806,0.043689320388349516,0.0064,0.08306188925081433,0.08260105448154657,0.12244897959183673,0.03210272873194221,0.1026936026936027,0.05718954248366013,0.04326123128119801,0.05802047781569966,0.06677265500794913,0.051070840197693576,0.04669887278582931,0.028119507908611598,0.0876923076923077,0.0583596214511041,0.050434782608695654,0.03179650238473768,0.02891156462585034,0.04416403785488959,0.23228995057660626,0.06554621848739496,0.07491289198606271,0.17111459968602827,0.130298273155416,0.06228373702422145,0.07596899224806201,0.08417508417508418,0.03529411764705882,0.05245901639344262,0.07631160572337042,0.0343213728549142,0.09105960264900662,0.03164556962025317,0.08585055643879173,0.10338983050847457,0.05339805825242718,0.0947867298578199,0.02145214521452145,0.016286644951140065,0.03715670436187399,0.021638330757341576,0.0432,0.10048622366288493,0.0438871473354232,0.06050420168067227,0.09060955518945635,0.023140495867768594,0.001658374792703151,0.07547169811320754,0.10350877192982456,0.018092105263157895,0.08361204013377926,0.15600624024961,0.3010204081632653,0.15780730897009967,0.1737704918032787,0.027823240589198037,0.06044905008635579,0.1104,0.021241830065359478,0.07201309328968904,0.042789223454833596,0.08188976377952756,0.017080745341614908,0.04936305732484077,0.11612903225806452,0.024509803921568627,0.03691813804173355,0.03079416531604538,0.06143344709897611,0.13657770800627944,0.007849293563579277,0.07389162561576355,0.07234726688102894,0.14772727272727273,0.10272873194221509,0.04631217838765009,0.11129848229342328,0.027419354838709678,0.15763546798029557,0.03608247422680412,0.3205521472392638,0.11501597444089456,0.01730103806228374,0.02689873417721519,0.04376012965964344,0.042748091603053436,0.021035598705501618,0.006514657980456026,0.11608623548922056,0.06976744186046512,0.04297520661157025,0.0681063122923588,0.04777070063694268,0.05636070853462158,0.07198748043818466,0.07620528771384137,0.11314475873544093,0.030015797788309637,0.12442396313364056,0.10317460317460317,0.09693053311793215,0.04205607476635514,0.08794788273615635,0.03815580286168521,0.05845181674565561,0.08774834437086093,0.041884816753926704,0.036065573770491806,0.1297208538587849,0.059113300492610835,0.032915360501567396,0.09606299212598425,0.04361873990306947,0.011363636363636364,0.10677966101694915,0.10685805422647528,0.10454545454545454,0.2192846034214619,0.2192846034214619,0.2192846034214619,0.07154213036565978,0.028662420382165606,0.004838709677419355,0.06919275123558484,0.1185064935064935,0.04628099173553719,0.037267080745341616,0.08333333333333333,0.07479674796747968,0.06085526315789474,0.044753086419753084,0.04889589905362776,0.027419354838709678,0.05342237061769616,0.016897081413210446,0.012987012987012988,0.018425460636515914,0.0015873015873015873,0.02891156462585034,0.004784688995215311,0.08745874587458746,0.056451612903225805,0.08305647840531562,0.10452418096723869,0.08780487804878048,0.15823817292006526,0.051643192488262914,0.056818181818181816,0.0655226209048362
2002,1,9,prevalence,0.10355987055016182,0.17160686427457097,0.025380710659898477,0.04472843450479233,0.05785123966942149,0.0078003120124804995,0.14754098360655737,0.06788079470198675,0.06478405315614617,0.09516129032258064,0.06210191082802548,0.016233766233766232,0.14539579967689822,0.10238907849829351,0.08681135225375626,0.12457912457912458,0.04051863857374392,0.0840064620355412,0.08210180623973727,0.06774193548387097,0.04132231404958678,0.02512562814070352,0.10060975609756098,0.09180327868852459,0.03490136570561457,0.022071307300509338,0.10719754977029096,0.07730263157894737,0.037037037037037035,0.04590163934426229,0.005050505050505051,0.018461538461538463,0.0670926517571885,0.007886435331230283,0.0425531914893617,0.15824915824915825,0.008741258741258742,0.09584664536741214,0.07014388489208633,0.11148648648648649,0.12779552715654952,0.07177033492822966,0.03164556962025317,0.12641815235008103,0.07371794871794872,0.06430868167202572,0.09045226130653267,0.055130168453292494,0.059322033898305086,0.07936507936507936,0.0078125,0.0891089108910891,0.08089500860585198,0.128125,0.0189873417721519,0.10344827586206896,0.06549520766773163,0.0378657487091222,0.05631399317406143,0.0768025078369906,0.06310679611650485,0.041935483870967745,0.034904013961605584,0.0946372239747634,0.07053291536050156,0.06375838926174497,0.034161490683229816,0.024154589371980676,0.07472178060413355,0.2814569536423841,0.06105610561056106,0.07491289198606271,0.16169544740973313,0.11904761904761904,0.054455445544554455,0.06818181818181818,0.07846410684474124,0.039655172413793106,0.061788617886178863,0.08292682926829269,0.05873261205564142,0.09884678747940692,0.044657097288676235,0.0749185667752443,0.08084358523725835,0.06984126984126984,0.08917197452229299,0.02773246329526917,0.02975206611570248,0.051118210862619806,0.053763440860215055,0.07580645161290323,0.06351791530944625,0.03627760252365931,0.06301824212271974,0.049019607843137254,0.02113821138211382,0.0048543689320388345,0.05396290050590219,0.07413793103448275,0.016611295681063124,0.12012987012987013,0.16,0.3527454242928453,0.17406143344709898,0.19376026272577998,0.045531197301854974,0.06208053691275168,0.08333333333333333,0.04785478547854786,0.08702531645569621,0.0484375,0.0947867298578199,0.012461059190031152,0.06278713629402756,0.11698717948717949,0.03776683087027915,0.0694006309148265,0.039473684210526314,0.0686106346483705,0.1253968253968254,0.01932367149758454,0.07874015748031496,0.0608,0.21368948247078465,0.12116316639741519,0.07236842105263158,0.13747954173486088,0.048465266558966075,0.1342062193126023,0.03389830508474576,0.2630769230769231,0.10681114551083591,0.0136986301369863,0.01594896331738437,0.03915171288743882,0.0530421216848674,0.01935483870967742,0.012861736334405145,0.09731543624161074,0.07020280811232449,0.05853658536585366,0.05970149253731343,0.04574132492113565,0.04715447154471545,0.08527131782945736,0.08623298033282904,0.10416666666666667,0.016181229773462782,0.1104199066874028,0.0992,0.10067114093959731,0.045813586097946286,0.11551155115511551,0.03993344425956739,0.056074766355140186,0.07425742574257425,0.05779334500875657,0.03436988543371522,0.08774834437086093,0.06873977086743044,0.036334913112164295,0.09647779479326186,0.03559870550161812,0.030254777070063694,0.12224108658743633,0.10696920583468396,0.11782032400589101,0.1819645732689211,0.1819645732689211,0.1819645732689211,0.06329113924050633,0.03365384615384615,0.0032258064516129032,0.05333333333333334,0.09180327868852459,0.0547008547008547,0.045234248788368334,0.08139534883720931,0.08085808580858085,0.07972270363951472,0.04923076923076923,0.05186385737439222,0.03980099502487562,0.05592105263157895,0.027439024390243903,0.024271844660194174,0.015228426395939087,0.0015527950310559005,0.029315960912052116,0.0031496062992125984,0.09764309764309764,0.07472178060413355,0.09656301145662848,0.10031847133757962,0.05910543130990415,0.1453125,0.05564142194744977,0.05709876543209876,0.1045958795562599
2003,1,9,prevalence,0.13087248322147652,0.21263482280431434,0.029159519725557463,0.04133545310015898,0.05360134003350084,0.013657056145675266,0.12741935483870967,0.05872756933115824,0.07754442649434572,0.07631160572337042,0.0998439937597504,0.0192,0.1396103896103896,0.11053540587219343,0.11037891268533773,0.10427350427350428,0.04071661237785016,0.07987220447284345,0.06581059390048154,0.07431340872374798,0.026755852842809364,0.049403747870528106,0.0953125,0.10655737704918032,0.04961240310077519,0.025295109612141653,0.08,0.06612903225806452,0.03514376996805112,0.05472636815920398,0.018867924528301886,0.010769230769230769,0.07827476038338659,0.0109375,0.04950495049504951,0.14285714285714285,0.0034602076124567475,0.11594202898550725,0.06543624161073826,0.09822866344605476,0.11146496815286625,0.05188679245283019,0.03205128205128205,0.12741935483870967,0.09886547811993517,0.0738362760834671,0.0847457627118644,0.06505295007564296,0.07908611599297012,0.140625,0.0064516129032258064,0.09715242881072027,0.08053691275167785,0.10094637223974763,0.016233766233766232,0.10299003322259136,0.07836990595611286,0.05227655986509275,0.04355400696864112,0.06832298136645963,0.09404388714733543,0.05042016806722689,0.03832752613240418,0.08809891808346214,0.06210191082802548,0.052100840336134456,0.03115264797507788,0.02254428341384863,0.08267090620031796,0.21247892074198987,0.0608,0.09121621621621621,0.16822429906542055,0.09570957095709572,0.07742998352553541,0.0668693009118541,0.050955414012738856,0.024958402662229616,0.08176100628930817,0.1008130081300813,0.04559748427672956,0.10702875399361023,0.043973941368078175,0.11075441412520064,0.040492957746478875,0.059282371294851796,0.12779552715654952,0.03365384615384615,0.03114754098360656,0.0718954248366013,0.04838709677419355,0.06924315619967794,0.06532663316582915,0.04225352112676056,0.05374592833876222,0.05365853658536585,0.02773246329526917,0.015698587127158554,0.04786324786324787,0.08089500860585198,0.026058631921824105,0.13388429752066117,0.12732919254658384,0.2884927066450567,0.16472545757071547,0.18688524590163935,0.0392156862745098,0.06020066889632107,0.06677524429967427,0.05333333333333334,0.07920792079207921,0.05529225908372828,0.11442006269592477,0.012539184952978056,0.039816232771822356,0.13915857605177995,0.037606837606837605,0.054858934169279,0.03859060402684564,0.07872696817420435,0.08307210031347963,0.02287581699346405,0.11388455538221529,0.05754276827371695,0.25365853658536586,0.128500823723229,0.08609271523178808,0.10833333333333334,0.05116279069767442,0.09728867623604466,0.04230118443316413,0.22756410256410256,0.14992272024729522,0.018581081081081082,0.011345218800648298,0.048252911813643926,0.05337519623233909,0.020700636942675158,0.011494252873563218,0.07470288624787776,0.06842923794712286,0.05,0.04576271186440678,0.052969502407704656,0.052202283849918436,0.08294930875576037,0.06288343558282208,0.12111292962356793,0.043478260869565216,0.1056782334384858,0.09688013136288999,0.13106796116504854,0.03815580286168521,0.11912751677852348,0.036065573770491806,0.059907834101382486,0.06493506493506493,0.06896551724137931,0.057096247960848286,0.07868852459016394,0.06401384083044982,0.03912363067292645,0.09923664122137404,0.05144694533762058,0.022151898734177215,0.11642743221690591,0.0732899022801303,0.10687022900763359,0.16150081566068517,0.16150081566068517,0.16150081566068517,0.03858520900321544,0.06129032258064516,0.0,0.06473594548551959,0.05654281098546042,0.06925675675675676,0.0359375,0.06829268292682927,0.08045977011494253,0.06401384083044982,0.07882534775888717,0.0636215334420881,0.028333333333333332,0.07475083056478406,0.031007751937984496,0.04411764705882353,0.012027491408934709,0.0062402496099844,0.019077901430842606,0.020186335403726708,0.08818635607321132,0.10284810126582279,0.0978441127694859,0.07504078303425775,0.07378335949764521,0.12792511700468018,0.046511627906976744,0.048286604361370715,0.1126984126984127
2004,1,9,prevalence,0.13509060955518945,0.23343373493975902,0.02508361204013378,0.03636363636363636,0.051070840197693576,0.012012012012012012,0.13428120063191154,0.05245346869712352,0.05647840531561462,0.0973724884080371,0.09576138147566719,0.01990049751243781,0.11961722488038277,0.07625649913344887,0.11386138613861387,0.13728813559322034,0.03785488958990536,0.08660130718954248,0.07980456026058631,0.1104,0.02671118530884808,0.05175292153589316,0.0701468189233279,0.11973018549747048,0.0546875,0.028764805414551606,0.07874015748031496,0.05636070853462158,0.026771653543307086,0.06722689075630252,0.014925373134328358,0.012084592145015106,0.06951026856240126,0.020602218700475437,0.0910569105691057,0.10606060606060606,0.01565217391304348,0.1358609794628752,0.04778156996587031,0.09546925566343042,0.1349206349206349,0.05271317829457364,0.03354632587859425,0.09584664536741214,0.10738255033557047,0.06842923794712286,0.05245346869712352,0.06153846153846154,0.0726643598615917,0.15562403697996918,0.006379585326953748,0.08695652173913043,0.0912106135986733,0.0763239875389408,0.02152317880794702,0.08652246256239601,0.08566978193146417,0.048027444253859346,0.0548885077186964,0.06605222734254992,0.12439418416801293,0.03305785123966942,0.04582651391162029,0.06717557251908397,0.0671875,0.06292517006802721,0.04314329738058552,0.02903225806451613,0.09667194928684628,0.19218241042345277,0.07042253521126761,0.08783783783783784,0.15409309791332262,0.11557788944723618,0.0672,0.04029850746268657,0.05701078582434515,0.018581081081081082,0.1,0.12225705329153605,0.05392156862745098,0.11544991511035653,0.048154093097913325,0.11437908496732026,0.05338078291814947,0.03930817610062893,0.13344051446945338,0.041390728476821195,0.026402640264026403,0.053833605220228384,0.049019607843137254,0.09672131147540984,0.07836456558773425,0.053125,0.028192371475953566,0.0457516339869281,0.015873015873015872,0.01726844583987441,0.0436241610738255,0.07692307692307693,0.03273322422258593,0.11345218800648298,0.12206572769953052,0.2953451043338684,0.1888,0.14123376623376624,0.047619047619047616,0.06462585034013606,0.06343906510851419,0.04878048780487805,0.06514657980456026,0.056,0.11854103343465046,0.04192546583850932,0.032357473035439135,0.13548387096774195,0.04591836734693878,0.04538087520259319,0.027552674230145867,0.08305647840531562,0.07301587301587302,0.0224,0.1234375,0.0781010719754977,0.17598684210526316,0.0779436152570481,0.10766721044045677,0.08090614886731391,0.06259780907668232,0.0825242718446602,0.08754208754208755,0.15435139573070608,0.12982998454404945,0.026578073089700997,0.020602218700475437,0.050080775444264945,0.09569377990430622,0.021671826625386997,0.016474464579901153,0.058419243986254296,0.052795031055900624,0.066006600660066,0.022727272727272728,0.042993630573248405,0.05140961857379768,0.078125,0.05817610062893082,0.129783693843594,0.045307443365695796,0.12363067292644757,0.09017713365539452,0.14516129032258066,0.03815580286168521,0.10227272727272728,0.048013245033112585,0.054313099041533544,0.06472491909385113,0.07167832167832168,0.0608,0.06333333333333334,0.07560137457044673,0.081377151799687,0.10166919575113809,0.04508856682769726,0.04100946372239748,0.10696920583468396,0.07419354838709677,0.14551083591331268,0.1038961038961039,0.1038961038961039,0.1038961038961039,0.025437201907790145,0.06913183279742766,0.0064,0.06518010291595197,0.0492845786963434,0.08506944444444445,0.0685805422647528,0.05930807248764415,0.1111111111111111,0.04878048780487805,0.10317460317460317,0.06965174129353234,0.04276315789473684,0.07920792079207921,0.01892744479495268,0.028938906752411574,0.02689075630252101,0.006220839813374806,0.03755868544600939,0.03271028037383177,0.0865874363327674,0.14008941877794337,0.08881578947368421,0.0967741935483871,0.06832298136645963,0.07547169811320754,0.05238828967642527,0.049679487179487176,0.1578125
2005,1,9,prevalence,0.095,0.19242902208201892,0.06271186440677966,0.01669195751138088,0.048939641109298535,0.021244309559939303,0.12898089171974522,0.03372681281618887,0.05737704918032787,0.09379727685325265,0.08628659476117104,0.017006802721088437,0.11217948717948718,0.0451505016722408,0.11940298507462686,0.12353923205342238,0.05063291139240506,0.10223642172523961,0.08780487804878048,0.10542635658914729,0.05396290050590219,0.06291390728476821,0.0763239875389408,0.09965635738831616,0.08755760368663594,0.031198686371100164,0.06528662420382166,0.05815831987075929,0.032,0.04318936877076412,0.03284072249589491,0.021406727828746176,0.04665629860031104,0.02996845425867508,0.11908646003262642,0.0959349593495935,0.00333889816360601,0.12892561983471074,0.032948929159802305,0.10668789808917198,0.14086687306501547,0.04725609756097561,0.046474358974358976,0.10430463576158941,0.05970149253731343,0.0973724884080371,0.04746317512274959,0.06584992343032159,0.044850498338870434,0.11591962905718702,0.01557632398753894,0.08085808580858085,0.07425742574257425,0.09104704097116843,0.03322259136212625,0.09344262295081968,0.11374407582938388,0.038917089678511,0.0817717206132879,0.03484848484848485,0.15508885298869143,0.03257328990228013,0.04918032786885246,0.08056872037914692,0.06646525679758308,0.07534246575342465,0.06666666666666667,0.03785488958990536,0.1309148264984227,0.15335463258785942,0.07332293291731669,0.06833333333333333,0.13562091503267973,0.11986863711001643,0.06549520766773163,0.0486322188449848,0.07413249211356467,0.0165016501650165,0.10517799352750809,0.11464968152866242,0.07436708860759493,0.08445945945945946,0.03715670436187399,0.11363636363636363,0.059033989266547404,0.03333333333333333,0.125948406676783,0.02711864406779661,0.03372681281618887,0.03645007923930269,0.037914691943127965,0.06976744186046512,0.09443507588532883,0.056162246489859596,0.03821656050955414,0.04643449419568822,0.03827751196172249,0.02403846153846154,0.04340567612687813,0.06856187290969899,0.04692556634304207,0.0898876404494382,0.109717868338558,0.191869918699187,0.13174603174603175,0.10294117647058823,0.050933786078098474,0.07534246575342465,0.07512520868113523,0.048939641109298535,0.07026143790849673,0.05555555555555555,0.10920436817472699,0.0530421216848674,0.03184713375796178,0.12479740680713128,0.050335570469798654,0.054635761589403975,0.04777070063694268,0.10981697171381032,0.07232704402515723,0.012738853503184714,0.1056782334384858,0.0873634945397816,0.13344051446945338,0.05201342281879195,0.10897435897435898,0.08095238095238096,0.08702290076335878,0.05901116427432217,0.07457627118644068,0.11904761904761904,0.12893553223388307,0.02003338898163606,0.019867549668874173,0.05806451612903226,0.09967845659163987,0.03333333333333333,0.017741935483870968,0.06782608695652174,0.04915514592933948,0.08250825082508251,0.028346456692913385,0.056782334384858045,0.05090311986863711,0.047244094488188976,0.059748427672955975,0.10714285714285714,0.06761006289308176,0.11682242990654206,0.09446254071661238,0.12685337726523888,0.020833333333333332,0.10049423393739704,0.06290322580645161,0.05331179321486268,0.058823529411764705,0.044293015332197615,0.041050903119868636,0.13934426229508196,0.06896551724137931,0.1043613707165109,0.09895052473763119,0.06359300476947535,0.046801872074883,0.1260096930533118,0.07281553398058252,0.10333863275039745,0.06578947368421052,0.06578947368421052,0.06578947368421052,0.044374009508716325,0.0755336617405583,0.01001669449081803,0.07180385288966724,0.052132701421800945,0.12244897959183673,0.060126582278481014,0.05374592833876222,0.09728867623604466,0.051056338028169015,0.1045016077170418,0.05813953488372093,0.04054054054054054,0.08013355592654424,0.03409090909090909,0.027914614121510674,0.023255813953488372,0.0096,0.05194805194805195,0.021538461538461538,0.09044368600682594,0.14177978883861236,0.0910569105691057,0.1104,0.05945121951219512,0.06708268330733229,0.06402439024390244,0.054773082942097026,0.15492957746478872
2006,1,9,prevalence,0.07960199004975124,0.1348314606741573,0.0773109243697479,0.030816640986132512,0.03054662379421222,0.0265210608424337,0.11237785016286644,0.023931623931623933,0.048414023372287146,0.0744047619047619,0.08497723823975721,0.01730103806228374,0.09344262295081968,0.05638474295190713,0.13915857605177995,0.07154742096505824,0.04813664596273292,0.08917197452229299,0.08737864077669903,0.10730948678071539,0.05564924114671164,0.07890222984562607,0.047692307692307694,0.13050570962479607,0.08448540706605223,0.040983606557377046,0.07515337423312883,0.04404567699836868,0.04918032786885246,0.0410958904109589,0.05032467532467533,0.03903903903903904,0.07919254658385093,0.03241491085899514,0.11812297734627832,0.09003215434083602,0.01615508885298869,0.11400651465798045,0.07177814029363784,0.071875,0.12164296998420221,0.042748091603053436,0.050243111831442464,0.06873977086743044,0.06085526315789474,0.09657320872274143,0.0912,0.07894736842105263,0.02159468438538206,0.1439873417721519,0.026687598116169546,0.09401709401709402,0.07177814029363784,0.09119010819165378,0.03322259136212625,0.07820299500831947,0.10852713178294573,0.0338409475465313,0.054455445544554455,0.04954954954954955,0.13643659711075443,0.03420195439739414,0.0978441127694859,0.08427876823338736,0.06417910447761194,0.052980132450331126,0.07142857142857142,0.0436817472698908,0.14622641509433962,0.1761904761904762,0.10161290322580645,0.06799336650082918,0.11532125205930807,0.1040650406504065,0.09697933227344992,0.04725609756097561,0.056074766355140186,0.04084967320261438,0.09193548387096774,0.06199021207177814,0.0794912559618442,0.06776859504132231,0.05152979066022544,0.11908646003262642,0.09403254972875226,0.04566929133858268,0.11363636363636363,0.0274442538593482,0.044444444444444446,0.04433497536945813,0.06666666666666667,0.06301824212271974,0.08695652173913043,0.05741626794258373,0.0379746835443038,0.060755336617405585,0.038338658146964855,0.0423861852433281,0.055105348460291734,0.06965174129353234,0.03571428571428571,0.06557377049180328,0.10586319218241043,0.10862619808306709,0.10252365930599369,0.07765451664025357,0.03511705685618729,0.08528428093645485,0.06996587030716724,0.05672609400324149,0.0861244019138756,0.04873949579831933,0.12225705329153605,0.059006211180124224,0.03656597774244833,0.14126984126984127,0.03993344425956739,0.048903878583473864,0.05362776025236593,0.10064935064935066,0.058544303797468354,0.026446280991735537,0.08948194662480377,0.04953560371517028,0.12241653418124006,0.037606837606837605,0.10747663551401869,0.065625,0.07854984894259819,0.07264296754250386,0.06802721088435375,0.0947867298578199,0.14736842105263157,0.021241830065359478,0.047697368421052634,0.05778491171749599,0.08032786885245902,0.02727272727272727,0.02066772655007949,0.05396290050590219,0.03245749613601236,0.08388157894736842,0.03542673107890499,0.062193126022913256,0.0457516339869281,0.05055292259083728,0.0330188679245283,0.06554621848739496,0.06027820710973725,0.1182108626198083,0.09933774834437085,0.10032894736842106,0.02258064516129032,0.07807308970099668,0.062193126022913256,0.05354330708661417,0.04501607717041801,0.048252911813643926,0.036605657237936774,0.09256198347107437,0.05460750853242321,0.0847723704866562,0.09662576687116564,0.05601317957166392,0.0703125,0.11437908496732026,0.07377049180327869,0.10061919504643962,0.06324786324786325,0.06324786324786325,0.06324786324786325,0.0765625,0.06379585326953748,0.017391304347826087,0.10623946037099494,0.05405405405405406,0.08985024958402663,0.048154093097913325,0.060556464811783964,0.08681672025723473,0.06597222222222222,0.11949685534591195,0.04567699836867863,0.06176961602671119,0.08225806451612903,0.03826955074875208,0.036544850498338874,0.033277870216306155,0.025518341307814992,0.040257648953301126,0.023148148148148147,0.10608695652173913,0.13601236476043277,0.14037854889589904,0.10776545166402536,0.05819295558958652,0.06528662420382166,0.05837173579109063,0.046104928457869634,0.11690363349131122
2007,1,9,prevalence,0.05862646566164154,0.12903225806451613,0.07802547770700637,0.037821482602118005,0.04754358161648178,0.03863987635239567,0.08688783570300158,0.03697478991596639,0.05663430420711974,0.07435508345978756,0.08864696734059098,0.041884816753926704,0.09983633387888707,0.07846410684474124,0.11022364217252396,0.06270096463022508,0.04580152671755725,0.07928802588996764,0.05537459283387622,0.12322274881516587,0.09228187919463088,0.07599309153713299,0.04952076677316294,0.1040650406504065,0.05143721633888049,0.05152979066022544,0.06870229007633588,0.05564142194744977,0.07807308970099668,0.0625,0.06220095693779904,0.057926829268292686,0.07874015748031496,0.07364975450081833,0.09838709677419355,0.06634304207119741,0.033707865168539325,0.10543657331136738,0.06732348111658457,0.0484375,0.10252365930599369,0.028169014084507043,0.039619651347068144,0.07603305785123966,0.06260296540362438,0.10764430577223089,0.0970873786407767,0.11164274322169059,0.03257328990228013,0.08992248062015504,0.04854368932038835,0.07744107744107744,0.041390728476821195,0.08649468892261002,0.04477611940298507,0.08852459016393442,0.05826771653543307,0.061016949152542375,0.05057096247960848,0.050078247261345854,0.12479474548440066,0.06656101426307448,0.11308562197092084,0.07085346215780998,0.07692307692307693,0.05676126878130217,0.06270096463022508,0.051593323216995446,0.1842948717948718,0.13271604938271606,0.0940032414910859,0.07095709570957096,0.09672131147540984,0.08173076923076923,0.059748427672955975,0.06110283159463487,0.0633693972179289,0.057660626029654036,0.08103727714748785,0.08862876254180602,0.06309148264984227,0.05228758169934641,0.04245283018867924,0.10260586319218241,0.08208955223880597,0.07153965785381027,0.07981220657276995,0.047377326565143825,0.05414551607445008,0.08443708609271523,0.055205047318611984,0.05582922824302135,0.08,0.0630048465266559,0.0514018691588785,0.048414023372287146,0.05855161787365177,0.054817275747508304,0.07051282051282051,0.07742998352553541,0.04470198675496689,0.05245901639344262,0.09621993127147767,0.08280254777070063,0.08540372670807453,0.06875,0.05672609400324149,0.07003257328990228,0.06164383561643835,0.054140127388535034,0.049679487179487176,0.08433734939759036,0.11987381703470032,0.0763239875389408,0.041158536585365856,0.12598425196850394,0.051926298157453935,0.06010016694490818,0.06416275430359937,0.07504078303425775,0.06902086677367576,0.029900332225913623,0.07366771159874608,0.06191950464396285,0.08850931677018634,0.04251700680272109,0.09576138147566719,0.05172413793103448,0.06942392909896603,0.053712480252764615,0.044850498338870434,0.09531502423263329,0.12098009188361408,0.036334913112164295,0.03770491803278689,0.04838709677419355,0.07705479452054795,0.03576982892690513,0.02254428341384863,0.05718954248366013,0.038880248833592534,0.07177814029363784,0.05263157894736842,0.06521739130434782,0.04792332268370607,0.06070287539936102,0.03968253968253968,0.048013245033112585,0.048818897637795275,0.09208400646203554,0.06482982171799027,0.09915966386554621,0.03503184713375796,0.058333333333333334,0.06677524429967427,0.07511737089201878,0.052805280528052806,0.05227655986509275,0.05676126878130217,0.06821963394342762,0.04819277108433735,0.06346749226006192,0.09733124018838304,0.059967585089141004,0.09777777777777778,0.13322368421052633,0.0728476821192053,0.08579881656804733,0.04966887417218543,0.04966887417218543,0.04966887417218543,0.05660377358490566,0.07608695652173914,0.035653650254668934,0.14,0.06785137318255251,0.08888888888888889,0.07165605095541401,0.07142857142857142,0.09577922077922078,0.08561643835616438,0.112,0.051666666666666666,0.07925801011804384,0.06446280991735537,0.0451505016722408,0.06611570247933884,0.0457516339869281,0.0430622009569378,0.061389337641357025,0.03924646781789639,0.11237785016286644,0.14461538461538462,0.1289308176100629,0.12558869701726844,0.03759398496240601,0.06466876971608833,0.06593406593406594,0.055379746835443035,0.0975609756097561
2008,1,9,prevalence,0.0707070707070707,0.12254901960784313,0.06623586429725363,0.04754601226993865,0.06269592476489028,0.07728706624605679,0.04715447154471545,0.04384485666104553,0.05354330708661417,0.06202723146747353,0.08255451713395638,0.02037351443123939,0.07777777777777778,0.08524590163934426,0.11727416798732171,0.06456953642384106,0.07715582450832073,0.05573770491803279,0.028985507246376812,0.08064516129032258,0.09395973154362416,0.10189982728842832,0.046104928457869634,0.08716323296354993,0.06006006006006006,0.07165605095541401,0.058084772370486655,0.06146926536731634,0.08290155440414508,0.08710217755443886,0.07413249211356467,0.0791044776119403,0.07667731629392971,0.11183144246353323,0.10950080515297907,0.07655502392344497,0.059870550161812294,0.0757825370675453,0.056818181818181816,0.06379585326953748,0.0633116883116883,0.0491283676703645,0.04426229508196721,0.06333333333333334,0.04258943781942078,0.10641627543035993,0.07692307692307693,0.07919254658385093,0.03241491085899514,0.09017713365539452,0.05591054313099041,0.07846410684474124,0.06317411402157165,0.0873634945397816,0.0425531914893617,0.07855973813420622,0.038338658146964855,0.08333333333333333,0.060897435897435896,0.03881987577639751,0.06379585326953748,0.049206349206349205,0.1272430668841762,0.06446540880503145,0.05185185185185185,0.06135986733001658,0.08695652173913043,0.050974512743628186,0.17307692307692307,0.11773940345368916,0.05863192182410423,0.09090909090909091,0.06,0.058823529411764705,0.06060606060606061,0.054628224582701064,0.05511811023622047,0.056962025316455694,0.06754530477759473,0.09106239460370995,0.09394904458598727,0.050505050505050504,0.04327666151468315,0.07603305785123966,0.09003831417624521,0.05214723926380368,0.11323763955342903,0.05221518987341772,0.0782312925170068,0.07317073170731707,0.06771653543307087,0.07308970099667775,0.0774526678141136,0.07987220447284345,0.06549520766773163,0.03322259136212625,0.08858858858858859,0.0966183574879227,0.08306188925081433,0.08455284552845528,0.05756578947368421,0.040268456375838924,0.07482993197278912,0.07108239095315025,0.08125,0.07954545454545454,0.07617504051863858,0.06085526315789474,0.05363321799307959,0.05161290322580645,0.06389776357827476,0.06502636203866433,0.07936507936507936,0.10714285714285714,0.09813084112149532,0.09021406727828746,0.05519480519480519,0.06,0.06317411402157165,0.09508196721311475,0.06320907617504051,0.05490848585690516,0.07301587301587302,0.061128526645768025,0.07834101382488479,0.061855670103092786,0.06656101426307448,0.04173354735152488,0.06677265500794913,0.07777777777777778,0.05140961857379768,0.07704918032786885,0.0732824427480916,0.05128205128205128,0.05844155844155844,0.07858243451463791,0.06712564543889846,0.07020280811232449,0.05,0.06359300476947535,0.04258675078864353,0.05289256198347107,0.039816232771822356,0.054455445544554455,0.03968253968253968,0.05289256198347107,0.05573248407643312,0.03600654664484452,0.0528,0.09193548387096774,0.06020066889632107,0.09274873524451939,0.06343906510851419,0.08688524590163935,0.08731466227347612,0.07631160572337042,0.060755336617405585,0.05921052631578947,0.07131011608623548,0.07167235494880546,0.06218487394957983,0.05909797822706065,0.08675078864353312,0.08045977011494253,0.07270029673590504,0.10214168039538715,0.10214168039538715,0.07680945347119646,0.08006535947712418,0.08006535947712418,0.08006535947712418,0.060755336617405585,0.07834101382488479,0.042735042735042736,0.13553719008264462,0.09728867623604466,0.07325383304940375,0.07051282051282051,0.06301824212271974,0.09849749582637729,0.0945945945945946,0.07777777777777778,0.05573770491803279,0.087248322147651,0.0940032414910859,0.0594855305466238,0.06514657980456026,0.0352,0.07790143084260731,0.06807131280388978,0.041990668740279936,0.08239095315024232,0.13271604938271606,0.10658307210031348,0.11773940345368916,0.02710843373493976,0.04654895666131621,0.03937007874015748,0.04231974921630094,0.09744408945686901
2009,1,9,prevalence,0.06937394247038917,0.09283387622149837,0.06451612903225806,0.03343465045592705,0.06309148264984227,0.10383386581469649,0.0368,0.047217537942664416,0.046801872074883,0.04962406015037594,0.0705521472392638,0.012089810017271158,0.08771929824561403,0.09223300970873786,0.12420382165605096,0.04838709677419355,0.059907834101382486,0.048903878583473864,0.034976152623211444,0.07967479674796749,0.07062600321027288,0.1314878892733564,0.03231017770597738,0.050156739811912224,0.07623318385650224,0.06396255850234009,0.037914691943127965,0.076103500761035,0.09777015437392796,0.06960950764006792,0.07865168539325842,0.08091603053435115,0.050243111831442464,0.09163987138263666,0.11930926216640503,0.08695652173913043,0.04340836012861737,0.05804311774461028,0.04213938411669368,0.06327160493827161,0.048414023372287146,0.05806451612903226,0.036065573770491806,0.05545927209705372,0.03523489932885906,0.06771653543307087,0.10771704180064309,0.06698564593301436,0.04538087520259319,0.0878594249201278,0.037337662337662336,0.06153846153846154,0.04747320061255743,0.10110584518167456,0.034653465346534656,0.07119741100323625,0.03110419906687403,0.08952702702702703,0.07028753993610223,0.0448,0.062193126022913256,0.025559105431309903,0.12520064205457465,0.06456692913385827,0.048104956268221574,0.05747126436781609,0.07258064516129033,0.04574132492113565,0.17011128775834658,0.09636650868878358,0.043973941368078175,0.0761904761904762,0.05331179321486268,0.04434250764525994,0.052795031055900624,0.06060606060606061,0.043209876543209874,0.059282371294851796,0.041666666666666664,0.085667215815486,0.11363636363636363,0.05813953488372093,0.06901840490797546,0.06085526315789474,0.10218978102189781,0.05657492354740061,0.11483253588516747,0.03755868544600939,0.10847457627118644,0.08631921824104234,0.06420545746388442,0.06991869918699187,0.07241379310344828,0.10440456769983687,0.08439490445859872,0.023529411764705882,0.10260336906584992,0.10491803278688525,0.0993485342019544,0.08320251177394035,0.07653910149750416,0.021172638436482084,0.0726643598615917,0.042071197411003236,0.07424960505529225,0.10474631751227496,0.08319467554076539,0.06535947712418301,0.03361344537815126,0.03668261562998405,0.04258675078864353,0.08833922261484099,0.0794912559618442,0.12844036697247707,0.059654631083202514,0.10687022900763359,0.05305466237942122,0.05486725663716814,0.04573170731707317,0.08507223113964688,0.03571428571428571,0.03636363636363636,0.06521739130434782,0.0374414976599064,0.0625,0.03529411764705882,0.06539074960127592,0.0664451827242525,0.07987711213517665,0.07017543859649122,0.04470198675496689,0.06382978723404255,0.09034267912772585,0.03827751196172249,0.05844155844155844,0.07339449541284404,0.07550335570469799,0.07044410413476264,0.03387096774193549,0.06507936507936508,0.03875968992248062,0.04597701149425287,0.034108527131782945,0.045454545454545456,0.03577235772357724,0.047377326565143825,0.07219662058371736,0.024509803921568627,0.0589171974522293,0.06785137318255251,0.042071197411003236,0.0954861111111111,0.08488964346349745,0.07830342577487764,0.12824675324675325,0.06677018633540373,0.061461794019933555,0.037037037037037035,0.05149501661129568,0.08833333333333333,0.04873949579831933,0.05161290322580645,0.10223642172523961,0.06050420168067227,0.08199121522693997,0.10756302521008404,0.10272873194221509,0.10355029585798817,0.15609756097560976,0.15609756097560976,0.15609756097560976,0.06919275123558484,0.06451612903225806,0.028862478777589132,0.12540192926045016,0.07718696397941681,0.07993197278911565,0.04983922829581994,0.05564924114671164,0.10350584307178631,0.07993197278911565,0.08064516129032258,0.058333333333333334,0.08681135225375626,0.09180327868852459,0.0499194847020934,0.05912162162162162,0.02511773940345369,0.06814580031695722,0.05591054313099041,0.040372670807453416,0.05737704918032787,0.12691131498470948,0.10232558139534884,0.11419753086419752,0.01649175412293853,0.04361873990306947,0.035830618892508145,0.0208,0.10333863275039745
2010,1,9,prevalence,0.11260504201680673,0.09983361064891846,0.06359300476947535,0.030211480362537766,0.05196850393700787,0.10490693739424704,0.020766773162939296,0.04576271186440678,0.07006369426751592,0.030911901081916538,0.08809891808346214,0.009933774834437087,0.06451612903225806,0.04395604395604396,0.10651828298887123,0.05457463884430177,0.06605222734254992,0.039316239316239315,0.0358814352574103,0.07741935483870968,0.06951026856240126,0.0919931856899489,0.025682182985553772,0.0496,0.04833836858006042,0.0350076103500761,0.053208137715179966,0.09657320872274143,0.12393887945670629,0.05950413223140496,0.08507223113964688,0.07087827426810478,0.052715654952076675,0.09375,0.1557632398753894,0.0926517571884984,0.021172638436482084,0.058823529411764705,0.052884615384615384,0.061514195583596214,0.04778156996587031,0.0784,0.044189852700491,0.02181208053691275,0.03709949409780776,0.08103975535168195,0.09076433121019108,0.05198776758409786,0.07928802588996764,0.0763239875389408,0.03758169934640523,0.06026058631921824,0.0365296803652968,0.09133858267716535,0.030944625407166124,0.09135399673735727,0.05354330708661417,0.0957983193277311,0.046875,0.032208588957055216,0.047619047619047616,0.02403846153846154,0.09016393442622951,0.042879019908116385,0.047345767575322814,0.06614173228346457,0.07213114754098361,0.037037037037037035,0.15422077922077923,0.05732484076433121,0.06589785831960461,0.07355242566510173,0.051070840197693576,0.06584992343032159,0.04777070063694268,0.05198776758409786,0.030015797788309637,0.06763285024154589,0.03715670436187399,0.08130081300813008,0.11345218800648298,0.06988352745424292,0.06339144215530904,0.09,0.10554561717352415,0.05196850393700787,0.1189358372456964,0.040880503144654086,0.11092150170648464,0.08870967741935484,0.08183306055646482,0.06732348111658457,0.08170515097690942,0.1,0.10015649452269171,0.020134228187919462,0.10872894333843798,0.13517915309446255,0.09508716323296355,0.0715372907153729,0.0744336569579288,0.012759170653907496,0.07908611599297012,0.026143790849673203,0.055284552845528454,0.10147299509001637,0.06210191082802548,0.08072487644151564,0.02857142857142857,0.040625,0.04225352112676056,0.08928571428571429,0.08293460925039872,0.1368584758942457,0.03930817610062893,0.11737089201877934,0.047619047619047616,0.06434782608695652,0.03599374021909233,0.0915032679738562,0.023769100169779286,0.026936026936026935,0.08006279434850863,0.041666666666666664,0.06456692913385827,0.03870967741935484,0.0698051948051948,0.05844155844155844,0.04747320061255743,0.056962025316455694,0.031198686371100164,0.03908794788273615,0.0698051948051948,0.04180064308681672,0.0730050933786078,0.11809815950920245,0.060556464811783964,0.0546875,0.023333333333333334,0.07903225806451612,0.05188679245283019,0.0288,0.06153846153846154,0.04983922829581994,0.06414473684210527,0.03924914675767918,0.08490566037735849,0.02364864864864865,0.0379746835443038,0.08038585209003216,0.028481012658227847,0.09137931034482759,0.09932659932659933,0.0978441127694859,0.14119601328903655,0.04081632653061224,0.06408094435075885,0.045813586097946286,0.03691813804173355,0.06414473684210527,0.05,0.04707792207792208,0.07728706624605679,0.05201342281879195,0.09361069836552749,0.11314475873544093,0.0624,0.14414414414414414,0.23887973640856672,0.23887973640856672,0.23887973640856672,0.07872696817420435,0.06176961602671119,0.01730103806228374,0.12195121951219512,0.06271186440677966,0.07679738562091504,0.06732348111658457,0.04778156996587031,0.0945273631840796,0.08247422680412371,0.06836248012718601,0.06478405315614617,0.08760330578512397,0.09076433121019108,0.05930807248764415,0.04785478547854786,0.0296875,0.07861635220125786,0.05161290322580645,0.034482758620689655,0.06969205834683954,0.125,0.09331259720062209,0.09448818897637795,0.0074850299401197605,0.03140495867768595,0.02155887230514096,0.02711323763955343,0.05357142857142857
2011,1,9,prevalence,0.10437710437710437,0.06965174129353234,0.08661417322834646,0.028528528528528527,0.0656,0.09570957095709572,0.009569377990430622,0.026533996683250415,0.04128440366972477,0.02147239263803681,0.07704160246533127,0.005076142131979695,0.061258278145695365,0.017133956386292833,0.10180623973727422,0.04409448818897638,0.05434782608695652,0.03793103448275862,0.04032258064516129,0.07617504051863858,0.07425742574257425,0.11073253833049404,0.013114754098360656,0.03980891719745223,0.05993690851735016,0.02040816326530612,0.06482982171799027,0.11374407582938388,0.16554054054054054,0.04817275747508306,0.055105348460291734,0.06402439024390244,0.04715447154471545,0.10466988727858294,0.13841368584758942,0.06320907617504051,0.021487603305785124,0.05457463884430177,0.0608,0.05817610062893082,0.036585365853658534,0.09033280507131537,0.040268456375838924,0.026981450252951095,0.0391156462585034,0.07339449541284404,0.07407407407407407,0.04186046511627907,0.09576138147566719,0.060126582278481014,0.04355108877721943,0.06290322580645161,0.016975308641975308,0.09162717219589257,0.029079159935379646,0.06782334384858044,0.0436817472698908,0.05175292153589316,0.030534351145038167,0.018808777429467086,0.03150912106135987,0.0203125,0.07588532883642496,0.0377643504531722,0.03714710252600297,0.10260586319218241,0.057947019867549666,0.03099510603588907,0.17363344051446947,0.05625,0.036605657237936774,0.0880503144654088,0.0392156862745098,0.04813664596273292,0.04390243902439024,0.04192546583850932,0.03627760252365931,0.06487341772151899,0.027914614121510674,0.0421216848673947,0.14052287581699346,0.10197368421052631,0.0733652312599681,0.09339774557165861,0.0763765541740675,0.07028753993610223,0.09785932721712538,0.03934426229508197,0.07478260869565218,0.1050080775444265,0.05747126436781609,0.06836248012718601,0.06218487394957983,0.11129848229342328,0.13458528951486698,0.02195945945945946,0.12195121951219512,0.19741100323624594,0.12264150943396226,0.06564885496183206,0.06085526315789474,0.00487012987012987,0.0843585237258348,0.026101141924959218,0.02027027027027027,0.1510673234811166,0.0761904761904762,0.04591836734693878,0.02023608768971332,0.04496124031007752,0.0327613104524181,0.08608058608058608,0.0967741935483871,0.17417417417417416,0.022116903633491312,0.20184899845916796,0.06688963210702341,0.08084358523725835,0.02664576802507837,0.06269592476489028,0.01824212271973466,0.039473684210526314,0.07814992025518341,0.05124223602484472,0.07142857142857142,0.05263157894736842,0.06199021207177814,0.05977382875605816,0.047692307692307694,0.05221518987341772,0.029801324503311258,0.031879194630872486,0.06869009584664537,0.0347682119205298,0.07855973813420622,0.13834586466165413,0.05977382875605816,0.06645056726094004,0.020134228187919462,0.07704654895666131,0.07692307692307693,0.0176,0.06033182503770739,0.027642276422764227,0.08207705192629816,0.03678929765886288,0.09385113268608414,0.025210084033613446,0.049206349206349205,0.08441558441558442,0.05071315372424723,0.08348134991119005,0.09515859766277128,0.10483870967741936,0.17138364779874213,0.020700636942675158,0.05952380952380952,0.028708133971291867,0.0528,0.06655574043261231,0.051580698835274545,0.04227642276422764,0.05152979066022544,0.051839464882943144,0.07435508345978756,0.08552631578947369,0.04487179487179487,0.15141955835962145,0.31741140215716485,0.31741140215716485,0.31741140215716485,0.08813559322033898,0.05737704918032787,0.011804384485666104,0.0993485342019544,0.039538714991762765,0.0762987012987013,0.054098360655737705,0.012589928057553957,0.1189710610932476,0.08166666666666667,0.06875,0.03482587064676617,0.10049423393739704,0.08667736757624397,0.04882154882154882,0.05351170568561873,0.03622047244094488,0.11568938193343899,0.05281090289608177,0.04094488188976378,0.08598726114649681,0.10852713178294573,0.09350237717908082,0.08566978193146417,0.004594180704441042,0.02772963604852686,0.013422818791946308,0.013114754098360656,0.02511773940345369
2012,1,9,prevalence,0.12312811980033278,0.06655290102389079,0.09049079754601227,0.038109756097560975,0.04234527687296417,0.11254019292604502,0.012944983818770227,0.01864406779661017,0.042789223454833596,0.020155038759689922,0.05642633228840126,0.0052173913043478265,0.059113300492610835,0.007763975155279503,0.04552845528455285,0.047244094488188976,0.03470031545741325,0.041237113402061855,0.04152823920265781,0.09950248756218906,0.06414473684210527,0.08717948717948718,0.006493506493506494,0.04294478527607362,0.043010752688172046,0.0015220700152207,0.0583596214511041,0.09539473684210527,0.1356521739130435,0.05977382875605816,0.08945686900958466,0.06525037936267071,0.06379585326953748,0.09744408945686901,0.0837138508371385,0.06612903225806452,0.03241491085899514,0.0825242718446602,0.04065040650406504,0.03508771929824561,0.03865546218487395,0.1043338683788122,0.033112582781456956,0.03145695364238411,0.03231292517006803,0.060126582278481014,0.04272151898734177,0.02527646129541864,0.07275541795665634,0.04,0.06030150753768844,0.06666666666666667,0.007886435331230283,0.10935023771790808,0.014173228346456693,0.0662557781201849,0.03715670436187399,0.03471074380165289,0.03490136570561457,0.011235955056179775,0.024834437086092714,0.012698412698412698,0.08404802744425385,0.038580246913580245,0.03469079939668175,0.08121019108280254,0.061389337641357025,0.035830618892508145,0.1872,0.048465266558966075,0.03152364273204904,0.10062893081761007,0.017488076311605722,0.040123456790123455,0.05345911949685535,0.03943217665615142,0.056179775280898875,0.05910543130990415,0.024671052631578948,0.029595015576323987,0.12622950819672132,0.09570957095709572,0.06451612903225806,0.08814102564102565,0.06678383128295255,0.057233704292527825,0.08809891808346214,0.023026315789473683,0.07846410684474124,0.08293460925039872,0.05958132045088567,0.03877221324717286,0.08163265306122448,0.0903010033444816,0.12965964343598055,0.01896551724137931,0.1292834890965732,0.1751227495908347,0.0914826498422713,0.07142857142857142,0.056856187290969896,0.001584786053882726,0.06565656565656566,0.02195945945945946,0.03150912106135987,0.1419141914191419,0.07582938388625593,0.027303754266211604,0.013628620102214651,0.03323262839879154,0.032208588957055216,0.07966101694915254,0.06688963210702341,0.1583710407239819,0.023255813953488372,0.18507462686567164,0.07214765100671142,0.07640067911714771,0.01904761904761905,0.06451612903225806,0.010135135135135136,0.041736227045075125,0.08945686900958466,0.030497592295345103,0.05501618122977346,0.06085526315789474,0.06487341772151899,0.0453125,0.04885496183206107,0.11901081916537867,0.04187604690117253,0.011437908496732025,0.04936305732484077,0.04187604690117253,0.0732899022801303,0.11094224924012158,0.054817275747508304,0.041390728476821195,0.01800327332242226,0.06763285024154589,0.060221870047543584,0.004724409448818898,0.07434402332361516,0.025806451612903226,0.08333333333333333,0.023140495867768594,0.06973058637083994,0.008278145695364239,0.03697749196141479,0.04754358161648178,0.06416275430359937,0.07078039927404718,0.10147299509001637,0.08940397350993377,0.13008130081300814,0.011475409836065573,0.06799336650082918,0.03514376996805112,0.06369426751592357,0.09735973597359736,0.023923444976076555,0.041666666666666664,0.046251993620414676,0.04180602006688963,0.06259541984732825,0.06292517006802721,0.027960526315789474,0.16563467492260062,0.334384858044164,0.334384858044164,0.334384858044164,0.11148648648648649,0.04227642276422764,0.013628620102214651,0.09190031152647975,0.036303630363036306,0.05466237942122187,0.04318936877076412,0.01981981981981982,0.11363636363636363,0.05785123966942149,0.07511737089201878,0.02622950819672131,0.12274959083469722,0.08585055643879173,0.03257328990228013,0.04297520661157025,0.030894308943089432,0.11707317073170732,0.05811965811965812,0.0625,0.1111111111111111,0.07936507936507936,0.10082644628099173,0.08132530120481928,0.001584786053882726,0.022222222222222223,0.01867572156196944,0.016366612111292964,0.016129032258064516
2013,1,9,prevalence,0.09661016949152543,0.07407407407407407,0.09733124018838304,0.034055727554179564,0.05733558178752108,0.0576,0.011382113821138212,0.021775544388609715,0.03354632587859425,0.02388535031847134,0.04945904173106646,0.0,0.051839464882943144,0.004702194357366771,0.024154589371980676,0.032507739938080496,0.046251993620414676,0.06030150753768844,0.047775947281713346,0.07890222984562607,0.046052631578947366,0.06608695652173913,0.004878048780487805,0.049773755656108594,0.04416403785488959,0.0015290519877675841,0.0791599353796446,0.10272873194221509,0.1467116357504216,0.03262642740619902,0.08225806451612903,0.07877813504823152,0.0641025641025641,0.0910569105691057,0.0581039755351682,0.04180064308681672,0.04715447154471545,0.10576923076923077,0.04700162074554295,0.017377567140600316,0.039603960396039604,0.1118421052631579,0.023255813953488372,0.03171953255425709,0.03859060402684564,0.05354330708661417,0.03968253968253968,0.020537124802527645,0.06153846153846154,0.056338028169014086,0.06722689075630252,0.12135922330097088,0.007598784194528876,0.15472312703583063,0.012698412698412698,0.03453689167974882,0.0397456279809221,0.029508196721311476,0.048265460030165915,0.017973856209150325,0.03547297297297297,0.020634920634920634,0.08275862068965517,0.03186646433990895,0.0234009360374415,0.0686427457098284,0.02750809061488673,0.0352,0.1500815660685155,0.026578073089700997,0.018518518518518517,0.1119751166407465,0.0032102728731942215,0.03987730061349693,0.05339805825242718,0.028125,0.042483660130718956,0.04754358161648178,0.017543859649122806,0.019448946515397084,0.08818635607321132,0.09576138147566719,0.07108239095315025,0.058919803600654665,0.06759098786828423,0.0390625,0.05828220858895705,0.02152317880794702,0.0945273631840796,0.10518053375196232,0.0368,0.05365853658536585,0.06091370558375635,0.09849749582637729,0.15,0.028523489932885907,0.09612403100775194,0.1488673139158576,0.061611374407582936,0.08074534161490683,0.07131011608623548,0.0,0.11326860841423948,0.005172413793103448,0.019704433497536946,0.13643926788685523,0.08580343213728549,0.023450586264656615,0.008620689655172414,0.044753086419753084,0.04420731707317073,0.05025996533795494,0.02861952861952862,0.1346444780635401,0.022970903522205207,0.19213313161875945,0.05084745762711865,0.07046979865771812,0.017054263565891473,0.04669887278582931,0.013333333333333334,0.035541195476575124,0.06635802469135803,0.02627511591962906,0.042993630573248405,0.06965174129353234,0.07448494453248812,0.035493827160493825,0.06356589147286822,0.15615615615615616,0.0425531914893617,0.02348993288590604,0.06109324758842444,0.047217537942664416,0.0713128038897893,0.0974124809741248,0.037953795379537955,0.03198653198653199,0.027597402597402596,0.06984126984126984,0.06581059390048154,0.009523809523809525,0.08042488619119878,0.014925373134328358,0.08566433566433566,0.016051364365971106,0.07467532467532467,0.01779935275080906,0.030110935023771792,0.041736227045075125,0.08837209302325581,0.0625,0.10543657331136738,0.13468013468013468,0.058823529411764705,0.011272141706924315,0.06414473684210527,0.030110935023771792,0.047021943573667714,0.08617886178861789,0.0128,0.04285714285714286,0.04552590266875981,0.04152249134948097,0.07121212121212121,0.07903225806451612,0.030894308943089432,0.14570552147239263,0.2822966507177033,0.2822966507177033,0.2822966507177033,0.1024793388429752,0.06382978723404255,0.023728813559322035,0.07020280811232449,0.02809917355371901,0.016,0.03225806451612903,0.017543859649122806,0.10598290598290598,0.023064250411861616,0.06376360808709176,0.016778523489932886,0.11960132890365449,0.07278481012658228,0.027243589743589744,0.02768729641693811,0.03376205787781351,0.12244897959183673,0.05950413223140496,0.06041335453100159,0.13001605136436598,0.07232704402515723,0.09983361064891846,0.05597579425113464,0.0015748031496062992,0.03367003367003367,0.008389261744966443,0.030595813204508857,0.014586709886547812
2014,1,9,prevalence,0.09075907590759076,0.06829268292682927,0.08771929824561403,0.03554868624420402,0.044596912521440824,0.054009819967266774,0.009508716323296355,0.03727714748784441,0.04754358161648178,0.03,0.04340836012861737,0.0,0.048576214405360134,0.009630818619582664,0.020700636942675158,0.02450229709035222,0.03889789303079417,0.054817275747508304,0.0514820592823713,0.0782312925170068,0.03488372093023256,0.0723905723905724,0.005110732538330494,0.01764705882352941,0.030744336569579287,0.0015600624024961,0.0821256038647343,0.10096153846153846,0.08731466227347612,0.03064516129032258,0.06507936507936508,0.07830342577487764,0.06208053691275168,0.06935483870967742,0.046153846153846156,0.02090032154340836,0.04032258064516129,0.10252365930599369,0.06776859504132231,0.006259780907668232,0.027287319422150885,0.1011608623548922,0.021666666666666667,0.03896103896103896,0.041736227045075125,0.03937007874015748,0.07511737089201878,0.02034428794992175,0.04716981132075472,0.07570977917981073,0.046875,0.09339774557165861,0.010869565217391304,0.13696369636963696,0.0220125786163522,0.05745341614906832,0.03257328990228013,0.02287581699346405,0.047021943573667714,0.026845637583892617,0.03350083752093802,0.026687598116169546,0.06462585034013606,0.0390015600624025,0.027243589743589744,0.04552590266875981,0.024077046548956663,0.039603960396039604,0.0946843853820598,0.01669449081803005,0.024350649350649352,0.104199066874028,0.0,0.04897314375987362,0.04313099041533546,0.013719512195121951,0.029605263157894735,0.07290015847860538,0.03409090909090909,0.040498442367601244,0.060810810810810814,0.0998389694041868,0.08469055374592833,0.05161290322580645,0.0963855421686747,0.06144393241167435,0.037520391517128875,0.018835616438356163,0.09651898734177215,0.071875,0.028286189683860232,0.04361873990306947,0.039182282793867124,0.04538087520259319,0.20611916264090177,0.024429967426710098,0.07668231611893583,0.0919175911251981,0.039619651347068144,0.08333333333333333,0.0723905723905724,0.0016286644951140066,0.09294871794871795,0.003278688524590164,0.009852216748768473,0.1069078947368421,0.07401574803149606,0.015202702702702704,0.0050933786078098476,0.0273972602739726,0.0392156862745098,0.04522613065326633,0.05852842809364549,0.1268882175226586,0.030627871362940276,0.17767295597484276,0.0415944540727903,0.07394957983193277,0.017214397496087636,0.03934426229508197,0.010067114093959731,0.033925686591276254,0.084375,0.0334855403348554,0.02090032154340836,0.07223113964686999,0.07568438003220612,0.048465266558966075,0.06188925081433225,0.16,0.050955414012738856,0.01757469244288225,0.06462035541195477,0.043478260869565216,0.0496,0.07646176911544228,0.04639175257731959,0.032534246575342464,0.04220779220779221,0.07313195548489666,0.060556464811783964,0.0030816640986132513,0.09077380952380952,0.008237232289950576,0.09187279151943463,0.00794912559618442,0.0628099173553719,0.0288,0.025477707006369428,0.04118616144975288,0.07109004739336493,0.0740072202166065,0.09682804674457429,0.11371237458193979,0.03166666666666667,0.02050473186119874,0.05921052631578947,0.04501607717041801,0.05287713841368585,0.0608,0.007974481658692184,0.04560260586319218,0.052050473186119876,0.022336769759450172,0.06567164179104477,0.07654723127035831,0.027597402597402596,0.08846761453396525,0.2062015503875969,0.2062015503875969,0.2062015503875969,0.10338983050847457,0.07973421926910298,0.03934426229508197,0.07987711213517665,0.029079159935379646,0.02572347266881029,0.0256,0.02613240418118467,0.07849829351535836,0.020100502512562814,0.04866562009419152,0.013445378151260505,0.09350237717908082,0.038523274478330656,0.022257551669316374,0.019138755980861243,0.034161490683229816,0.08450704225352113,0.06403940886699508,0.050793650793650794,0.12520064205457465,0.04489164086687306,0.10333333333333333,0.04573170731707317,0.0016051364365971107,0.03442622950819672,0.004846526655896607,0.02631578947368421,0.006700167504187605
2015,1,9,prevalence,0.07532051282051282,0.08562197092084006,0.0624,0.039816232771822356,0.034722222222222224,0.06935483870967742,0.023547880690737835,0.03889789303079417,0.039619651347068144,0.03145695364238411,0.03475513428120063,0.0016181229773462784,0.05306799336650083,0.0,0.031545741324921134,0.0390015600624025,0.04318936877076412,0.03782894736842105,0.0609375,0.0603448275862069,0.038525963149078725,0.08346972176759411,0.0049504950495049506,0.0334855403348554,0.017628205128205128,0.0015479876160990713,0.0663265306122449,0.13673805601317957,0.06688963210702341,0.04566929133858268,0.05451713395638629,0.08881578947368421,0.06535947712418301,0.0624,0.031055900621118012,0.013223140495867768,0.030448717948717948,0.07028753993610223,0.08471760797342193,0.0031397174254317113,0.028985507246376812,0.09724473257698542,0.03389830508474576,0.03194888178913738,0.025684931506849314,0.0327613104524181,0.0732484076433121,0.01740506329113924,0.0384,0.0759493670886076,0.03281519861830743,0.060556464811783964,0.013846153846153847,0.08585055643879173,0.014308426073131956,0.06531881804043546,0.01765650080256822,0.017857142857142856,0.044374009508716325,0.018092105263157895,0.018612521150592216,0.04792332268370607,0.047377326565143825,0.054602184087363496,0.04194630872483222,0.04179566563467492,0.023809523809523808,0.03262642740619902,0.0625,0.016556291390728478,0.01589825119236884,0.08116385911179173,0.0,0.046474358974358976,0.019704433497536946,0.0219435736677116,0.040268456375838924,0.09018987341772151,0.04361873990306947,0.050381679389312976,0.03678929765886288,0.07455429497568881,0.09060955518945635,0.03872053872053872,0.08448275862068966,0.055900621118012424,0.0499194847020934,0.02280130293159609,0.08860759493670886,0.04938271604938271,0.03180212014134275,0.038397328881469114,0.03389830508474576,0.03656597774244833,0.17307692307692307,0.01461038961038961,0.08628659476117104,0.09667194928684628,0.03169572107765452,0.08242612752721618,0.07058823529411765,0.004807692307692308,0.08360128617363344,0.003372681281618887,0.009868421052631578,0.09491525423728814,0.04595879556259905,0.02249134948096886,0.003395585738539898,0.012139605462822459,0.03458646616541353,0.030560271646859084,0.03636363636363636,0.12732919254658384,0.03470031545741325,0.1498422712933754,0.032758620689655175,0.043697478991596636,0.017241379310344827,0.03987240829346093,0.024350649350649352,0.03403565640194489,0.0819935691318328,0.02599388379204893,0.01779935275080906,0.07765451664025357,0.06035889070146819,0.04830917874396135,0.0535405872193437,0.10510046367851623,0.052547770700636945,0.008680555555555556,0.057283142389525366,0.05378151260504202,0.03715670436187399,0.06626506024096386,0.022950819672131147,0.02613240418118467,0.04730831973898858,0.0625,0.05910543130990415,0.015723270440251572,0.07153502235469449,0.025252525252525252,0.043859649122807015,0.0032414910858995136,0.05194805194805195,0.020537124802527645,0.016,0.02936378466557912,0.050595238095238096,0.05734767025089606,0.09752066115702479,0.10578512396694215,0.03471074380165289,0.025518341307814992,0.03064516129032258,0.0368,0.062111801242236024,0.057233704292527825,0.01567398119122257,0.04983922829581994,0.03486529318541997,0.02533783783783784,0.08484848484848485,0.07154471544715447,0.03492063492063492,0.0966183574879227,0.16300940438871472,0.16300940438871472,0.16300940438871472,0.07046979865771812,0.06825938566552901,0.06,0.06461538461538462,0.014975041597337771,0.01929260450160772,0.01757188498402556,0.02608695652173913,0.09395973154362416,0.02195945945945946,0.032362459546925564,0.006745362563237774,0.05144694533762058,0.014285714285714285,0.017684887459807074,0.020634920634920634,0.043740573152337855,0.058544303797468354,0.07920792079207921,0.04376012965964344,0.1111111111111111,0.034482758620689655,0.07407407407407407,0.039334341906202726,0.0016051364365971107,0.02527646129541864,0.0032,0.024193548387096774,0.0016806722689075631
2016,1,9,prevalence,0.06853582554517133,0.08279220779220779,0.04081632653061224,0.05116279069767442,0.017421602787456445,0.06699346405228758,0.03376205787781351,0.03514376996805112,0.04983922829581994,0.03140495867768595,0.03426791277258567,0.0,0.04230118443316413,0.0016,0.03755868544600939,0.038580246913580245,0.04753820033955857,0.04416403785488959,0.036923076923076927,0.041379310344827586,0.026490066225165563,0.10144927536231885,0.003194888178913738,0.0286144578313253,0.02622950819672131,0.0015384615384615385,0.030664395229982964,0.0912106135986733,0.041736227045075125,0.02786377708978328,0.04501607717041801,0.10603588907014681,0.0594855305466238,0.040372670807453416,0.025518341307814992,0.03215434083601286,0.02830188679245283,0.04739336492890995,0.09390444810543658,0.014331210191082803,0.026490066225165563,0.10252365930599369,0.028268551236749116,0.0140625,0.022071307300509338,0.031055900621118012,0.08653846153846154,0.011023622047244094,0.043548387096774194,0.05601317957166392,0.026455026455026454,0.0636215334420881,0.014040561622464899,0.08239095315024232,0.01461038961038961,0.0781010719754977,0.017628205128205128,0.012987012987012988,0.03110419906687403,0.013179571663920923,0.010084033613445379,0.0432,0.055,0.04192546583850932,0.04597701149425287,0.05030487804878049,0.03265940902021773,0.03156146179401993,0.0432,0.016474464579901153,0.0406885758998435,0.056074766355140186,0.0,0.029411764705882353,0.01594896331738437,0.030448717948717948,0.023809523809523808,0.11889250814332247,0.0464,0.054878048780487805,0.034782608695652174,0.07436708860759493,0.06397306397306397,0.05387205387205387,0.08,0.052884615384615384,0.04153354632587859,0.014354066985645933,0.09508716323296355,0.04489164086687306,0.0328719723183391,0.02666666666666667,0.024311183144246355,0.01631321370309951,0.13333333333333333,0.009708737864077669,0.06493506493506493,0.09516380655226209,0.05891472868217054,0.08661417322834646,0.057096247960848286,0.00980392156862745,0.07436708860759493,0.0017452006980802793,0.020537124802527645,0.1075085324232082,0.027287319422150885,0.02058319039451115,0.0016806722689075631,0.010432190760059613,0.03265940902021773,0.02586206896551724,0.01818181818181818,0.06998444790046657,0.03955696202531646,0.06957928802588997,0.022298456260720412,0.03745928338762215,0.024311183144246355,0.030959752321981424,0.014195583596214511,0.03858520900321544,0.06132075471698113,0.01687116564417178,0.009868421052631578,0.09394904458598727,0.054187192118226604,0.07802547770700637,0.041884816753926704,0.08517350157728706,0.06677265500794913,0.0017006802721088435,0.0464,0.04325259515570934,0.022690437601296597,0.06116207951070336,0.036303630363036306,0.020869565217391306,0.03365384615384615,0.04451510333863275,0.08360128617363344,0.014150943396226415,0.06325301204819277,0.01669449081803005,0.046153846153846156,0.0061162079510703364,0.04227642276422764,0.03110419906687403,0.01875,0.01788617886178862,0.05714285714285714,0.06315789473684211,0.08925619834710743,0.0757825370675453,0.03735144312393888,0.0449438202247191,0.02694136291600634,0.027463651050080775,0.041728763040238454,0.029173419773095625,0.009259259259259259,0.0449438202247191,0.0440251572327044,0.04991680532445923,0.049441786283891544,0.0630048465266559,0.023474178403755867,0.10231023102310231,0.10377358490566038,0.10377358490566038,0.10377358490566038,0.07705192629815745,0.041237113402061855,0.06435643564356436,0.07219662058371736,0.016260162601626018,0.030110935023771792,0.014827018121911038,0.03008849557522124,0.07516339869281045,0.02003338898163606,0.03685897435897436,0.006568144499178982,0.03827751196172249,0.03054662379421222,0.0192,0.028481012658227847,0.042488619119878605,0.0265625,0.07234726688102894,0.0322061191626409,0.10264900662251655,0.030206677265500796,0.05016722408026756,0.09186746987951808,0.0016025641025641025,0.020602218700475437,0.004754358161648178,0.035541195476575124,0.0017006802721088435
2017,1,9,prevalence,0.06635071090047394,0.060897435897435896,0.024916943521594685,0.0463258785942492,0.02268760907504363,0.05263157894736842,0.016025641025641024,0.031446540880503145,0.02671118530884808,0.016835016835016835,0.026359143327841845,0.0,0.04865771812080537,0.001589825119236884,0.0288,0.05701078582434515,0.031879194630872486,0.029275808936825885,0.03169572107765452,0.01903114186851211,0.016025641025641024,0.06542056074766354,0.0016260162601626016,0.016516516516516516,0.02809917355371901,0.0014903129657228018,0.011589403973509934,0.06478405315614617,0.017857142857142856,0.01889763779527559,0.03943217665615142,0.0755336617405583,0.0532258064516129,0.03533026113671275,0.017133956386292833,0.04715447154471545,0.036334913112164295,0.055900621118012424,0.07142857142857142,0.025078369905956112,0.020202020202020204,0.07643312101910828,0.021922428330522766,0.01088646967340591,0.018739352640545145,0.025525525525525526,0.058823529411764705,0.01567398119122257,0.02912621359223301,0.03114754098360656,0.025906735751295335,0.04983922829581994,0.01751592356687898,0.0583596214511041,0.012944983818770227,0.07379518072289157,0.012658227848101266,0.00966183574879227,0.0220125786163522,0.018333333333333333,0.018333333333333333,0.056,0.04411764705882353,0.0272,0.03541315345699832,0.04685212298682284,0.032507739938080496,0.01854974704890388,0.03662420382165605,0.009884678747940691,0.02147239263803681,0.04617834394904458,0.0,0.007936507936507936,0.02527646129541864,0.025518341307814992,0.013179571663920923,0.09523809523809523,0.060126582278481014,0.04024767801857585,0.02329450915141431,0.05345911949685535,0.038869257950530034,0.06375838926174497,0.04006968641114982,0.02106969205834684,0.02773246329526917,0.011235955056179775,0.058084772370486655,0.044274809160305344,0.019130434782608695,0.014900662251655629,0.02047244094488189,0.014754098360655738,0.08957654723127036,0.008103727714748784,0.050243111831442464,0.05448717948717949,0.04160246533127889,0.06602254428341385,0.04658901830282862,0.015873015873015872,0.05582137161084529,0.0016891891891891893,0.022764227642276424,0.07333333333333333,0.01129032258064516,0.01864406779661017,0.0,0.0030534351145038168,0.012139605462822459,0.02030456852791878,0.009868421052631578,0.04019292604501608,0.0397456279809221,0.040983606557377046,0.024390243902439025,0.027868852459016394,0.02258064516129032,0.022796352583586626,0.019169329073482427,0.03577235772357724,0.05384615384615385,0.013910355486862442,0.0049586776859504135,0.088,0.025682182985553772,0.08860759493670886,0.030201342281879196,0.06687402799377916,0.05221518987341772,0.0,0.044444444444444446,0.021848739495798318,0.018032786885245903,0.02900763358778626,0.024350649350649352,0.022375215146299483,0.027331189710610933,0.022653721682847898,0.07120253164556962,0.00792393026941363,0.03458646616541353,0.011945392491467578,0.039383561643835614,0.004518072289156626,0.024154589371980676,0.029275808936825885,0.015479876160990712,0.016181229773462782,0.06325301204819277,0.04736842105263158,0.05305466237942122,0.06260575296108291,0.025167785234899327,0.061708860759493674,0.011023622047244094,0.013513513513513514,0.04128440366972477,0.04100946372239748,0.014354066985645933,0.04084967320261438,0.04434250764525994,0.05379746835443038,0.04038772213247173,0.04376012965964344,0.01732283464566929,0.07679465776293823,0.06710310965630115,0.06710310965630115,0.06710310965630115,0.06752411575562701,0.027303754266211604,0.032679738562091505,0.06416275430359937,0.011308562197092083,0.010852713178294573,0.012618296529968454,0.03577817531305903,0.0641025641025641,0.021848739495798318,0.04120443740095087,0.003367003367003367,0.0297339593114241,0.046357615894039736,0.014563106796116505,0.0203125,0.026856240126382307,0.01889763779527559,0.0768025078369906,0.02050473186119874,0.05422647527910686,0.03453689167974882,0.03156146179401993,0.0625,0.0016129032258064516,0.017488076311605722,0.004754358161648178,0.034482758620689655,0.0017035775127768314
2018,1,9,prevalence,0.07644305772230889,0.05374592833876222,0.01948051948051948,0.05063291139240506,0.01929824561403509,0.04501607717041801,0.011182108626198083,0.04285714285714286,0.017006802721088437,0.02901023890784983,0.02631578947368421,0.0,0.07377049180327869,0.0015625,0.027597402597402596,0.04954954954954955,0.0231023102310231,0.022556390977443608,0.0374414976599064,0.018867924528301886,0.0165016501650165,0.05501618122977346,0.0016025641025641025,0.007633587786259542,0.02866779089376054,0.0,0.008143322475570033,0.048494983277591976,0.014634146341463415,0.036036036036036036,0.03779527559055118,0.054009819967266774,0.04146730462519936,0.024883359253499222,0.011041009463722398,0.0467741935483871,0.04186046511627907,0.06687898089171974,0.06873977086743044,0.03691813804173355,0.018581081081081082,0.0592,0.022988505747126436,0.007451564828614009,0.011725293132328308,0.021244309559939303,0.060755336617405585,0.006339144215530904,0.0192,0.03015075376884422,0.013937282229965157,0.04723127035830619,0.00792393026941363,0.04220779220779221,0.014308426073131956,0.0633693972179289,0.01765650080256822,0.00966183574879227,0.030015797788309637,0.021666666666666667,0.036065573770491806,0.04354587869362364,0.022508038585209004,0.029320987654320986,0.03494176372712146,0.06540697674418605,0.03271028037383177,0.011363636363636364,0.04245283018867924,0.007936507936507936,0.03668261562998405,0.042789223454833596,0.0,0.003257328990228013,0.025437201907790145,0.03215434083601286,0.006700167504187605,0.05785123966942149,0.03481012658227848,0.03543913713405239,0.029556650246305417,0.04333868378812199,0.03152364273204904,0.06418918918918919,0.02857142857142857,0.013071895424836602,0.018302828618968387,0.01615508885298869,0.043010752688172046,0.04496124031007752,0.018363939899833055,0.015151515151515152,0.017543859649122806,0.011475409836065573,0.061708860759493674,0.0065040650406504065,0.04265402843601896,0.0421216848673947,0.041990668740279936,0.05627009646302251,0.04006677796327212,0.017214397496087636,0.0406885758998435,0.0016778523489932886,0.019261637239165328,0.04983388704318937,0.009538950715421303,0.015025041736227046,0.0,0.0016129032258064516,0.009146341463414634,0.025466893039049237,0.008389261744966443,0.03785488958990536,0.03184713375796178,0.04152823920265781,0.0136986301369863,0.0203125,0.023333333333333334,0.015552099533437015,0.02843601895734597,0.028145695364238412,0.046012269938650305,0.02773497688751926,0.0049504950495049506,0.07401315789473684,0.03179650238473768,0.048818897637795275,0.02037351443123939,0.04938271604938271,0.053516819571865444,0.0031746031746031746,0.03715670436187399,0.022653721682847898,0.008223684210526315,0.02527646129541864,0.014563106796116505,0.03508771929824561,0.0288,0.022435897435897436,0.05627009646302251,0.006557377049180328,0.02225519287833828,0.006872852233676976,0.03709949409780776,0.006125574272588055,0.02280130293159609,0.028148148148148148,0.00631911532385466,0.014705882352941176,0.06376360808709176,0.03496503496503497,0.07309486780715396,0.056218057921635436,0.026016260162601626,0.0738362760834671,0.0078125,0.017006802721088437,0.03230769230769231,0.04516129032258064,0.022364217252396165,0.03827751196172249,0.03881987577639751,0.038461538461538464,0.04,0.03776683087027915,0.015822784810126583,0.0664451827242525,0.059870550161812294,0.059870550161812294,0.059870550161812294,0.06031746031746032,0.015306122448979591,0.03284072249589491,0.051908396946564885,0.009259259259259259,0.0015923566878980893,0.012861736334405145,0.025179856115107913,0.047540983606557376,0.025041736227045076,0.047021943573667714,0.0032948929159802307,0.040625,0.04201680672268908,0.00631911532385466,0.023148148148148147,0.03779527559055118,0.0208,0.08490566037735849,0.02857142857142857,0.05654281098546042,0.03265940902021773,0.0347682119205298,0.047400611620795105,0.0031847133757961785,0.013953488372093023,0.01567398119122257,0.03164556962025317,0.0016611295681063123
2019,1,9,prevalence,0.09389671361502347,0.06818181818181818,0.021666666666666667,0.03821656050955414,0.010380622837370242,0.026101141924959218,0.01098901098901099,0.04566929133858268,0.010067114093959731,0.05619834710743802,0.018363939899833055,0.0016863406408094434,0.08771929824561403,0.001557632398753894,0.03179650238473768,0.05945121951219512,0.018092105263157895,0.018209408194233688,0.0430622009569378,0.015202702702702704,0.02155887230514096,0.06528662420382166,0.0031446540880503146,0.0061633281972265025,0.0380794701986755,0.0,0.008116883116883116,0.03436426116838488,0.0176,0.03686635944700461,0.020123839009287926,0.06156405990016639,0.03618421052631579,0.021374045801526718,0.006462035541195477,0.047619047619047616,0.022556390977443608,0.05642633228840126,0.07679465776293823,0.03343949044585987,0.021885521885521887,0.04234527687296417,0.026622296173044926,0.0030211480362537764,0.0016181229773462784,0.031007751937984496,0.060221870047543584,0.01757188498402556,0.02073365231259968,0.02348993288590604,0.031141868512110725,0.07345575959933222,0.008,0.04032258064516129,0.012345679012345678,0.05572755417956656,0.02190923317683881,0.00631911532385466,0.03115264797507788,0.03722504230118443,0.03333333333333333,0.05709876543209876,0.029780564263322883,0.0375,0.02097902097902098,0.08181818181818182,0.017027863777089782,0.02830188679245283,0.03755868544600939,0.02912621359223301,0.04487179487179487,0.02821316614420063,0.0,0.00949367088607595,0.025356576862123614,0.014446227929373997,0.005016722408026756,0.06634304207119741,0.03421461897356143,0.03374233128834356,0.03104575163398693,0.04173354735152488,0.03951890034364261,0.052364864864864864,0.018726591760299626,0.011272141706924315,0.008389261744966443,0.007898894154818325,0.03951367781155015,0.0660377358490566,0.02689075630252101,0.00505902192242833,0.009375,0.014827018121911038,0.05172413793103448,0.0032,0.04716981132075472,0.03662420382165605,0.03296703296703297,0.07370184254606366,0.04067796610169491,0.009724473257698542,0.03328050713153724,0.0016778523489932886,0.012759170653907496,0.05228758169934641,0.006359300476947536,0.01288244766505636,0.0,0.0016,0.009302325581395349,0.027777777777777776,0.008291873963515755,0.03622047244094488,0.03908794788273615,0.026755852842809364,0.015,0.012364760432766615,0.023064250411861616,0.006097560975609756,0.030627871362940276,0.03642384105960265,0.05172413793103448,0.023547880690737835,0.0016286644951140066,0.05016181229773463,0.03307086614173228,0.04538087520259319,0.014634146341463415,0.039936102236421724,0.06426332288401254,0.007911392405063292,0.03739837398373984,0.0336,0.009433962264150943,0.02576489533011272,0.013377926421404682,0.04568527918781726,0.02040816326530612,0.019261637239165328,0.06818181818181818,0.015254237288135594,0.02533532041728763,0.006968641114982578,0.024958402662229616,0.0015220700152207,0.022082018927444796,0.04434250764525994,0.003179650238473768,0.012718600953895072,0.0672,0.0328719723183391,0.08293460925039872,0.0628099173553719,0.014446227929373997,0.06132075471698113,0.009036144578313253,0.01694915254237288,0.03787878787878788,0.0384,0.017543859649122806,0.023547880690737835,0.03286384976525822,0.033707865168539325,0.03486529318541997,0.04745762711864407,0.00782472613458529,0.06821963394342762,0.09461663947797716,0.09461663947797716,0.09461663947797716,0.05855161787365177,0.018487394957983194,0.04983922829581994,0.0578386605783866,0.014285714285714285,0.0,0.012578616352201259,0.02112676056338028,0.04715447154471545,0.024429967426710098,0.031446540880503145,0.0032414910858995136,0.03715170278637771,0.05749128919860627,0.004694835680751174,0.027950310559006212,0.038880248833592534,0.02830188679245283,0.06814580031695722,0.020602218700475437,0.042833607907743,0.029320987654320986,0.034482758620689655,0.04606240713224369,0.00967741935483871,0.012578616352201259,0.044657097288676235,0.03815580286168521,0.0016420361247947454
2020,1,9,prevalence,0.0967741935483871,0.11764705882352941,0.011705685618729096,0.031879194630872486,0.012110726643598616,0.02003338898163606,0.02050473186119874,0.04792332268370607,0.0050335570469798654,0.08838821490467938,0.026143790849673203,0.001669449081803005,0.09233176838810642,0.0014925373134328358,0.028481012658227847,0.04017857142857143,0.020766773162939296,0.016819571865443424,0.0421875,0.013179571663920923,0.01938610662358643,0.06190476190476191,0.001579778830963665,0.007763975155279503,0.046849757673667204,0.0,0.011437908496732025,0.02861952861952862,0.01589825119236884,0.0258751902587519,0.015313935681470138,0.05392156862745098,0.02040816326530612,0.013910355486862442,0.01468189233278956,0.06896551724137931,0.012030075187969926,0.0985691573926868,0.04923599320882852,0.03231017770597738,0.03403565640194489,0.046474358974358976,0.019672131147540985,0.0015151515151515152,0.009724473257698542,0.020186335403726708,0.0898876404494382,0.016260162601626018,0.014308426073131956,0.02460456942003515,0.05326460481099656,0.08360655737704918,0.007987220447284345,0.029605263157894735,0.004615384615384616,0.05546492659053834,0.011235955056179775,0.0031446540880503146,0.02047244094488189,0.0391156462585034,0.043478260869565216,0.04754358161648178,0.0405616224648986,0.0405616224648986,0.010050251256281407,0.07088989441930618,0.017080745341614908,0.026984126984126985,0.046948356807511735,0.04654895666131621,0.04938271604938271,0.043343653250773995,0.0,0.01594896331738437,0.01794453507340946,0.012598425196850394,0.015280135823429542,0.07120253164556962,0.057926829268292686,0.01875,0.016260162601626018,0.04376012965964344,0.03767123287671233,0.04384485666104553,0.012704174228675136,0.012944983818770227,0.008620689655172414,0.009419152276295133,0.03338391502276176,0.07763975155279502,0.022071307300509338,0.0049833887043189366,0.006462035541195477,0.00676818950930626,0.05040650406504065,0.0015455950540958269,0.032467532467532464,0.04032258064516129,0.02631578947368421,0.09090909090909091,0.029801324503311258,0.0048,0.0265625,0.0016638935108153079,0.006191950464396285,0.06622516556291391,0.004615384615384616,0.0109375,0.0,0.0016260162601626016,0.012618296529968454,0.01631321370309951,0.006666666666666667,0.025477707006369428,0.05149501661129568,0.031825795644891124,0.013422818791946308,0.012048192771084338,0.00975609756097561,0.006420545746388443,0.0296875,0.02385008517887564,0.039816232771822356,0.04574132492113565,0.0016313213703099511,0.05211726384364821,0.03815580286168521,0.03316749585406302,0.01800327332242226,0.05608974358974359,0.05972434915773354,0.015105740181268883,0.059967585089141004,0.05221518987341772,0.007704160246533128,0.027419354838709678,0.012924071082390954,0.04326123128119801,0.012539184952978056,0.028985507246376812,0.06741573033707865,0.006666666666666667,0.030816640986132512,0.008517887563884156,0.02576489533011272,0.0015625,0.024883359253499222,0.049475262368815595,0.0016025641025641025,0.006359300476947536,0.06050955414012739,0.026845637583892617,0.05388272583201268,0.05843071786310518,0.018272425249169437,0.05873015873015873,0.010752688172043012,0.025380710659898477,0.0425531914893617,0.042993630573248405,0.004784688995215311,0.018957345971563982,0.01848998459167951,0.03409090909090909,0.03605015673981191,0.042483660130718956,0.008025682182985553,0.08710217755443886,0.10679611650485436,0.10679611650485436,0.10679611650485436,0.06807131280388978,0.012110726643598616,0.04830917874396135,0.05597579425113464,0.006430868167202572,0.0,0.021439509954058193,0.017035775127768313,0.06341463414634146,0.026578073089700997,0.03307086614173228,0.0030959752321981426,0.02945736434108527,0.06017699115044248,0.012326656394453005,0.01889763779527559,0.04134762633996937,0.046251993620414676,0.057902973395931145,0.01948051948051948,0.04538087520259319,0.03869969040247678,0.03231017770597738,0.05082212257100149,0.004724409448818898,0.007836990595611285,0.04094488188976378,0.02926829268292683,0.0
2021,1,9,prevalence,0.11702127659574468,0.1441717791411043,0.011764705882352941,0.040955631399317405,0.010135135135135136,0.02772963604852686,0.0343213728549142,0.041158536585365856,0.0033613445378151263,0.12355848434925865,0.03776683087027915,0.0032626427406199023,0.08025682182985554,0.0015220700152207,0.012598425196850394,0.033973412112259974,0.011093502377179081,0.018292682926829267,0.05108359133126935,0.011456628477905073,0.017713365539452495,0.06750392464678179,0.001564945226917058,0.0064516129032258064,0.017915309446254073,0.0,0.006379585326953748,0.018425460636515914,0.014308426073131956,0.03215926493108729,0.0125,0.04746317512274959,0.023923444976076555,0.012718600953895072,0.006611570247933884,0.07523510971786834,0.004484304932735426,0.12558869701726844,0.0347682119205298,0.03387096774193549,0.0707395498392283,0.028892455858747994,0.023178807947019868,0.0015479876160990713,0.014423076923076924,0.02936630602782071,0.14606741573033707,0.00964630225080386,0.023734177215189875,0.019400352733686066,0.05930807248764415,0.07852564102564102,0.018092105263157895,0.02903225806451613,0.006339144215530904,0.03355704697986577,0.004739336492890996,0.0015723270440251573,0.01468189233278956,0.04674457429048414,0.056291390728476824,0.033386327503974564,0.06317411402157165,0.03426791277258567,0.010238907849829351,0.05504587155963303,0.021212121212121213,0.012965964343598054,0.06907378335949764,0.0898876404494382,0.04431314623338257,0.040310077519379844,0.0,0.012578616352201259,0.01675041876046901,0.015552099533437015,0.010101010101010102,0.0696594427244582,0.04945904173106646,0.01848998459167951,0.02050473186119874,0.06070287539936102,0.020477815699658702,0.06996587030716724,0.01263537906137184,0.012598425196850394,0.008547008547008548,0.006220839813374806,0.026438569206842923,0.061806656101426306,0.012006861063464836,0.00505902192242833,0.008025682182985553,0.001658374792703151,0.03815580286168521,0.0015267175572519084,0.029780564263322883,0.02009273570324575,0.02304147465437788,0.10806451612903226,0.01957585644371941,0.0016051364365971107,0.031201248049921998,0.001639344262295082,0.0061633281972265025,0.060064935064935064,0.004622496147919877,0.006259780907668232,0.0,0.0016420361247947454,0.007898894154818325,0.013114754098360656,0.009724473257698542,0.01597444089456869,0.03776683087027915,0.06408094435075885,0.006644518272425249,0.015408320493066256,0.0176,0.009389671361502348,0.021806853582554516,0.021922428330522766,0.04084720121028744,0.057233704292527825,0.013029315960912053,0.03565891472868217,0.028985507246376812,0.042444821731748725,0.022617124394184167,0.06885245901639345,0.05873015873015873,0.02710843373493976,0.06655844155844155,0.05799373040752351,0.006309148264984227,0.04258675078864353,0.008038585209003215,0.026845637583892617,0.015479876160990712,0.031746031746031744,0.07345575959933222,0.013333333333333334,0.0491283676703645,0.010507880910683012,0.03064516129032258,0.001557632398753894,0.024883359253499222,0.06559766763848396,0.0032,0.0065040650406504065,0.044444444444444446,0.023255813953488372,0.04538087520259319,0.06229508196721312,0.02138157894736842,0.07006369426751592,0.01854714064914992,0.02689075630252101,0.024926686217008796,0.05787781350482315,0.0016666666666666668,0.014469453376205787,0.015873015873015872,0.028526148969889066,0.035541195476575124,0.049586776859504134,0.003205128205128205,0.06960950764006792,0.12924071082390953,0.12924071082390953,0.12924071082390953,0.06763285024154589,0.006779661016949152,0.05663430420711974,0.08024691358024691,0.006379585326953748,0.0,0.021875,0.011627906976744186,0.07006369426751592,0.02258064516129032,0.029921259842519685,0.001579778830963665,0.024922118380062305,0.06514084507042253,0.009216589861751152,0.016975308641975308,0.04043545878693624,0.040061633281972264,0.04709576138147567,0.027552674230145867,0.0565149136577708,0.06050955414012739,0.0436817472698908,0.0319634703196347,0.006144393241167435,0.006269592476489028,0.09713375796178345,0.03577235772357724,0.0
2022,1,9,prevalence,0.11826347305389222,0.1735668789808917,0.0032948929159802307,0.059726962457337884,0.004909983633387889,0.023728813559322035,0.0374414976599064,0.03875968992248062,0.001639344262295082,0.1650326797385621,0.038834951456310676,0.0,0.10236220472440945,0.0014947683109118087,0.006369426751592357,0.029806259314456036,0.006339144215530904,0.016975308641975308,0.06451612903225806,0.008,0.011182108626198083,0.0390625,0.0,0.012658227848101266,0.037096774193548385,0.0,0.00792393026941363,0.018092105263157895,0.00825082508250825,0.03479576399394856,0.013996889580093312,0.04472843450479233,0.01901743264659271,0.007898894154818325,0.008103727714748784,0.08992248062015504,0.0078003120124804995,0.14893617021276595,0.030303030303030304,0.0457516339869281,0.09666666666666666,0.024671052631578948,0.027463651050080775,0.0015432098765432098,0.012841091492776886,0.031496062992125984,0.14959349593495935,0.006369426751592357,0.019138755980861243,0.01870748299319728,0.05527638190954774,0.07377049180327869,0.02023608768971332,0.03130148270181219,0.0015527950310559005,0.037953795379537955,0.0,0.0,0.018456375838926176,0.05555555555555555,0.064,0.03605015673981191,0.07776049766718507,0.02635658914728682,0.004830917874396135,0.06172839506172839,0.00916030534351145,0.008051529790660225,0.13798449612403102,0.14728682170542637,0.0352760736196319,0.03949447077409163,0.0,0.014586709886547812,0.01824212271973466,0.012598425196850394,0.014900662251655629,0.08231707317073171,0.07210031347962383,0.016923076923076923,0.02155887230514096,0.06991869918699187,0.015625,0.0657672849915683,0.00909090909090909,0.00949367088607595,0.00676818950930626,0.007836990595611285,0.024096385542168676,0.07255520504731862,0.018739352640545145,0.008103727714748784,0.007886435331230283,0.0,0.025396825396825397,0.0,0.021604938271604937,0.01726844583987441,0.02108433734939759,0.09841269841269841,0.0336,0.0032310177705977385,0.052132701421800945,0.0016,0.0061633281972265025,0.09253246753246754,0.00463678516228748,0.011058451816745656,0.0,0.001594896331738437,0.01746031746031746,0.012678288431061807,0.003169572107765452,0.007898894154818325,0.03367003367003367,0.10873146622734761,0.0033500837520938024,0.0405616224648986,0.023255813953488372,0.009554140127388535,0.015748031496062992,0.026737967914438502,0.04434250764525994,0.054098360655737705,0.02843601895734597,0.04969879518072289,0.020602218700475437,0.029310344827586206,0.004815409309791332,0.10423452768729642,0.09485530546623794,0.025796661608497723,0.10366826156299841,0.08176100628930817,0.007974481658692184,0.040310077519379844,0.003169572107765452,0.020134228187919462,0.009523809523809525,0.05405405405405406,0.05747126436781609,0.0064516129032258064,0.08121019108280254,0.008319467554076539,0.017741935483870968,0.0,0.01889763779527559,0.06158357771260997,0.00315955766192733,0.006279434850863423,0.04390243902439024,0.027868852459016394,0.03648424543946932,0.06190476190476191,0.01461038961038961,0.051364365971107544,0.029411764705882353,0.030303030303030304,0.026587887740029542,0.06687898089171974,0.006622516556291391,0.019867549668874173,0.017432646592709985,0.0234375,0.026845637583892617,0.06176961602671119,0.003125,0.06747404844290658,0.13504823151125403,0.13504823151125403,0.13504823151125403,0.0859504132231405,0.0033277870216306157,0.0609375,0.07894736842105263,0.0033613445378151263,0.0,0.01597444089456869,0.011784511784511785,0.08517350157728706,0.026687598116169546,0.025196850393700787,0.0,0.017214397496087636,0.09012131715771231,0.006125574272588055,0.02531645569620253,0.036334913112164295,0.037267080745341616,0.029900332225913623,0.03054662379421222,0.07301587301587302,0.08173076923076923,0.04940119760479042,0.02976190476190476,0.007776049766718507,0.00641025641025641,0.1423948220064725,0.03471074380165289,0.0
2023,1,9,prevalence,0.15128593040847202,0.19682539682539682,0.0016286644951140066,0.07035175879396985,0.003246753246753247,0.008389261744966443,0.0729483282674772,0.04395604395604396,0.0016891891891891893,0.18152866242038215,0.03169572107765452,0.006493506493506494,0.13162118780096307,0.0014925373134328358,0.0,0.02450229709035222,0.004702194357366771,0.050314465408805034,0.0680379746835443,0.012678288431061807,0.003257328990228013,0.03035143769968051,0.0,0.011363636363636364,0.02875399361022364,0.0,0.01615508885298869,0.01935483870967742,0.006493506493506494,0.0327613104524181,0.004665629860031105,0.03194888178913738,0.023510971786833857,0.0064,0.004862236628849271,0.0998439937597504,0.009433962264150943,0.17898193760262726,0.029850746268656716,0.06930693069306931,0.1273031825795645,0.013136288998357963,0.020766773162939296,0.001564945226917058,0.01957585644371941,0.03453689167974882,0.1510673234811166,0.004909983633387889,0.022292993630573247,0.023450586264656615,0.06765676567656766,0.05342237061769616,0.02586206896551724,0.03553299492385787,0.0047169811320754715,0.04071661237785016,0.0,0.0,0.024916943521594685,0.08319738988580751,0.06634304207119741,0.0440251572327044,0.07585139318885449,0.030816640986132512,0.0,0.043010752688172046,0.009216589861751152,0.007911392405063292,0.18662519440124417,0.1669266770670827,0.04,0.05501618122977346,0.0,0.016339869281045753,0.019672131147540985,0.006259780907668232,0.01129032258064516,0.07849293563579278,0.05642633228840126,0.01088646967340591,0.011146496815286623,0.07142857142857142,0.0313588850174216,0.06724137931034482,0.005454545454545455,0.0032258064516129032,0.006802721088435374,0.0030721966205837174,0.0121580547112462,0.06518282988871224,0.03,0.008156606851549755,0.012698412698412698,0.0,0.013803680981595092,0.0,0.031201248049921998,0.016366612111292964,0.01984732824427481,0.09819967266775777,0.022257551669316374,0.008130081300813009,0.0724191063174114,0.0016129032258064516,0.004629629629629629,0.12057877813504823,0.0030627871362940277,0.010719754977029096,0.0,0.001594896331738437,0.0187207488299532,0.007886435331230283,0.0,0.004739336492890996,0.02666666666666667,0.13376835236541598,0.001644736842105263,0.05625,0.02905982905982906,0.004746835443037975,0.004792332268370607,0.03873239436619718,0.042232277526395176,0.052969502407704656,0.041666666666666664,0.03379416282642089,0.018957345971563982,0.02337228714524207,0.0015552099533437014,0.10819672131147541,0.08917197452229299,0.02706766917293233,0.11930926216640503,0.09841269841269841,0.006379585326953748,0.048859934853420196,0.00463678516228748,0.013675213675213675,0.011254019292604502,0.10272873194221509,0.06935483870967742,0.0033222591362126247,0.08974358974358974,0.006622516556291391,0.0128,0.0,0.026397515527950312,0.09715994020926756,0.0032520325203252032,0.007898894154818325,0.03826955074875208,0.02936378466557912,0.04715447154471545,0.05457227138643068,0.008143322475570033,0.06965174129353234,0.0213089802130898,0.030252100840336135,0.02040816326530612,0.07395498392282958,0.0016025641025641025,0.020134228187919462,0.06201550387596899,0.015822784810126583,0.01877133105802048,0.05454545454545454,0.0030864197530864196,0.07191780821917808,0.14729950900163666,0.14729950900163666,0.14729950900163666,0.049342105263157895,0.020833333333333332,0.05555555555555555,0.10328638497652583,0.0,0.0,0.025889967637540454,0.006920415224913495,0.1305732484076433,0.04776579352850539,0.04792332268370607,0.0,0.01282051282051282,0.06678082191780822,0.010687022900763359,0.020123839009287926,0.03531300160513644,0.02748091603053435,0.017152658662092625,0.044657097288676235,0.12087912087912088,0.08962264150943396,0.03886397608370702,0.018867924528301886,0.004580152671755725,0.0032733224222585926,0.1870860927152318,0.03387096774193549,0.0
2024,1,9,prevalence,0.1780821917808219,0.2177293934681182,0.0,0.08207705192629816,0.001567398119122257,0.0034602076124567475,0.09393939393939393,0.07395498392282958,0.001692047377326565,0.20512820512820512,0.0392156862745098,0.00966183574879227,0.1858974358974359,0.0014347202295552368,0.0,0.04205607476635514,0.0016,0.05,0.09004739336492891,0.019756838905775075,0.003305785123966942,0.025,0.0,0.012759170653907496,0.041935483870967745,0.0,0.006472491909385114,0.030448717948717948,0.001607717041800643,0.026813880126182965,0.0015552099533437014,0.024193548387096774,0.0176,0.0032,0.011345218800648298,0.07886435331230283,0.008,0.16449511400651465,0.014950166112956811,0.07512520868113523,0.12,0.013114754098360656,0.01594896331738437,0.001557632398753894,0.0210016155088853,0.054187192118226604,0.21112929623567922,0.003257328990228013,0.03773584905660377,0.02155887230514096,0.07394957983193277,0.06504065040650407,0.026041666666666668,0.03231292517006803,0.00946372239747634,0.032948929159802305,0.0,0.001589825119236884,0.03005008347245409,0.11705685618729098,0.05379746835443038,0.05100463678516229,0.11162790697674418,0.025757575757575757,0.0,0.03669724770642202,0.0030257186081694403,0.0047694753577106515,0.15919629057187018,0.1925566343042071,0.04885496183206107,0.054009819967266774,0.0,0.00949367088607595,0.016181229773462782,0.0030257186081694403,0.0031746031746031746,0.10244648318042814,0.05754276827371695,0.006299212598425197,0.014084507042253521,0.07642276422764227,0.039182282793867124,0.05042016806722689,0.0034482758620689655,0.003257328990228013,0.003395585738539898,0.0031847133757961785,0.015105740181268883,0.06869009584664537,0.05132450331125828,0.0032258064516129032,0.011326860841423949,0.0,0.02066772655007949,0.0,0.01594896331738437,0.006546644844517185,0.028831562974203338,0.11519198664440734,0.01238390092879257,0.016,0.08836524300441827,0.0032626427406199023,0.003194888178913738,0.17295597484276728,0.0030165912518853697,0.004651162790697674,0.0,0.0015698587127158557,0.03980891719745223,0.007656967840735069,0.0,0.0,0.008169934640522876,0.17073170731707318,0.0,0.0876923076923077,0.02847571189279732,0.009950248756218905,0.004792332268370607,0.03466204506065858,0.027950310559006212,0.0392156862745098,0.05806451612903226,0.03538461538461538,0.013975155279503106,0.014778325123152709,0.003076923076923077,0.12289562289562289,0.06973058637083994,0.03003003003003003,0.0943683409436834,0.07448494453248812,0.006359300476947536,0.050080775444264945,0.007836990595611285,0.0066555740432612314,0.004784688995215311,0.09339774557165861,0.054276315789473686,0.004934210526315789,0.06129032258064516,0.006430868167202572,0.0066555740432612314,0.00463678516228748,0.037383177570093455,0.10401188707280833,0.0032733224222585926,0.01282051282051282,0.03559322033898305,0.019261637239165328,0.04173354735152488,0.034074074074074076,0.024752475247524754,0.05785123966942149,0.01238390092879257,0.031932773109243695,0.014705882352941176,0.1360759493670886,0.0,0.009983361064891847,0.06697819314641744,0.01948051948051948,0.014950166112956811,0.06035889070146819,0.0015723270440251573,0.07666098807495741,0.1567043618739903,0.1567043618739903,0.1567043618739903,0.05032467532467533,0.029079159935379646,0.024691358024691357,0.11308562197092084,0.0,0.0015313935681470138,0.016233766233766232,0.0034542314335060447,0.12357723577235773,0.05239520958083832,0.08333333333333333,0.0,0.009448818897637795,0.08922558922558922,0.00933125972006221,0.022082018927444796,0.0392156862745098,0.018018018018018018,0.013769363166953529,0.016025641025641024,0.13841368584758942,0.07877813504823152,0.03463855421686747,0.014326647564469915,0.004580152671755725,0.003418803418803419,0.18284789644012944,0.0420032310177706,0.0
2025,1,9,prevalence,0.17647058823529413,0.2488479262672811,0.0,0.07248764415156507,0.0015600624024961,0.0049833887043189366,0.13215859030837004,0.08452950558213716,0.0,0.19547657512116318,0.03908794788273615,0.006349206349206349,0.22580645161290322,0.0,0.0,0.04791344667697063,0.0,0.044585987261146494,0.08917197452229299,0.03323262839879154,0.00487012987012987,0.03543913713405239,0.0,0.01938610662358643,0.0449438202247191,0.0,0.003284072249589491,0.03789126853377265,0.0,0.018461538461538463,0.001557632398753894,0.02113821138211382,0.013136288998357963,0.0,0.01288244766505636,0.07704654895666131,0.016129032258064516,0.16091954022988506,0.011705685618729096,0.09546925566343042,0.11092985318107668,0.018032786885245903,0.0189873417721519,0.001584786053882726,0.03284072249589491,0.06774193548387097,0.15121951219512195,0.0033003300330033004,0.05128205128205128,0.013513513513513514,0.08112582781456953,0.08064516129032258,0.035653650254668934,0.012048192771084338,0.0015822784810126582,0.04697986577181208,0.004991680532445923,0.0015698587127158557,0.057391304347826085,0.12685337726523888,0.07378335949764521,0.07033639143730887,0.10371517027863777,0.019637462235649546,0.0,0.07076923076923076,0.009202453987730062,0.0030911901081916537,0.1796042617960426,0.12337662337662338,0.026604068857589983,0.07592891760904685,0.0015503875968992248,0.0032310177705977385,0.006535947712418301,0.0030211480362537764,0.006349206349206349,0.08558558558558559,0.0502283105022831,0.003105590062111801,0.01088646967340591,0.07605177993527508,0.05583756345177665,0.05641025641025641,0.0,0.0016207455429497568,0.0,0.004918032786885246,0.02118003025718608,0.05754276827371695,0.031096563011456628,0.0032102728731942215,0.0048,0.0,0.027375201288244767,0.0,0.006279434850863423,0.0016233766233766235,0.04573170731707317,0.08737864077669903,0.016339869281045753,0.033846153846153845,0.11458333333333333,0.0016286644951140066,0.0,0.18518518518518517,0.0030627871362940277,0.0048,0.0,0.0,0.056782334384858045,0.007363770250368188,0.0,0.0,0.011705685618729096,0.22151898734177214,0.0,0.07465007776049767,0.036544850498338874,0.0033613445378151263,0.004846526655896607,0.03633217993079585,0.021638330757341576,0.02823920265780731,0.05263157894736842,0.03265940902021773,0.013677811550151976,0.02912621359223301,0.0030721966205837174,0.14910858995137763,0.07790143084260731,0.06501547987616099,0.10920436817472699,0.08062015503875969,0.0030864197530864196,0.09935897435897435,0.00625,0.004830917874396135,0.0031645569620253164,0.11396468699839486,0.050955414012738856,0.0031847133757961785,0.10142630744849446,0.006462035541195477,0.006514657980456026,0.00322061191626409,0.0375,0.08545727136431784,0.0016129032258064516,0.01607717041800643,0.03177257525083612,0.00794912559618442,0.0467741935483871,0.035982008995502246,0.05128205128205128,0.03135313531353135,0.016975308641975308,0.06050420168067227,0.016591251885369532,0.16124031007751938,0.0,0.011804384485666104,0.09256449165402124,0.005042016806722689,0.012987012987012988,0.11330049261083744,0.0,0.07586206896551724,0.26221498371335505,0.26221498371335505,0.26221498371335505,0.0448,0.029780564263322883,0.036741214057507986,0.10466988727858294,0.003401360544217687,0.011058451816745656,0.02280130293159609,0.0,0.17470881863560733,0.046199701937406856,0.09090909090909091,0.0,0.018838304552590265,0.07920792079207921,0.004746835443037975,0.03333333333333333,0.06472491909385113,0.010687022900763359,0.015873015873015872,0.014423076923076924,0.10747663551401869,0.06135986733001658,0.03412462908011869,0.017266187050359712,0.0015432098765432098,0.0017152658662092624,0.1461038961038961,0.06688963210702341,0.0
