Time,age_start,age_end,measure,draw_0,draw_1,draw_2,draw_3,draw_4,draw_5,draw_6,draw_7,draw_8,draw_9,draw_10,draw_11,draw_12,draw_13,draw_14,draw_15,draw_16,draw_17,draw_18,draw_19,draw_20,draw_21,draw_22,draw_23,draw_24,draw_25,draw_26,draw_27,draw_28,draw_29,draw_30,draw_31,draw_32,draw_33,draw_34,draw_35,draw_36,draw_37,draw_38,draw_39,draw_40,draw_41,draw_42,draw_43,draw_44,draw_45,draw_46,draw_47,draw_48,draw_49,draw_50,draw_51,draw_52,draw_53,draw_54,draw_55,draw_56,draw_57,draw_58,draw_59,draw_60,draw_61,draw_62,draw_63,draw_64,draw_65,draw_66,draw_67,draw_68,draw_69,draw_70,draw_71,draw_72,draw_73,draw_74,draw_75,draw_76,draw_77,draw_78,draw_79,draw_80,draw_81,draw_82,draw_83,draw_84,draw_85,draw_86,draw_87,draw_88,draw_89,draw_90,draw_91,draw_92,draw_93,draw_94,draw_95,draw_96,draw_97,draw_98,draw_99,draw_100,draw_101,draw_102,draw_103,draw_104,draw_105,draw_106,draw_107,draw_108,draw_109,draw_110,draw_111,draw_112,draw_113,draw_114,draw_115,draw_116,draw_117,draw_118,draw_119,draw_120,draw_121,draw_122,draw_123,draw_124,draw_125,draw_126,draw_127,draw_128,draw_129,draw_130,draw_131,draw_132,draw_133,draw_134,draw_135,draw_136,draw_137,draw_138,draw_139,draw_140,draw_141,draw_142,draw_143,draw_144,draw_145,draw_146,draw_147,draw_148,draw_149,draw_150,draw_151,draw_152,draw_153,draw_154,draw_155,draw_156,draw_157,draw_158,draw_159,draw_160,draw_161,draw_162,draw_163,draw_164,draw_165,draw_166,draw_167,draw_168,draw_169,draw_170,draw_171,draw_172,draw_173,draw_174,draw_175,draw_176,draw_177,draw_178,draw_179,draw_180,draw_181,draw_182,draw_183,draw_184,draw_185,draw_186,draw_187,draw_188,draw_189,draw_190,draw_191,draw_192,draw_193,draw_194,draw_195,draw_196,draw_197,draw_198,draw_199
1996,1,9,prevalence,0.0,0.046012269938650305,0.30990415335463256,0.06521739130434782,0.1513157894736842,0.023112480739599383,0.10814814814814815,0.0,0.003194888178913738,0.09076175040518639,0.001589825119236884,0.10764430577223089,0.0047694753577106515,0.0015432098765432098,0.13008130081300814,0.022151898734177215,0.003215434083601286,0.0047169811320754715,0.10066006600660066,0.08452950558213716,0.08121019108280254,0.0981012658227848,0.07076923076923076,0.0015015015015015015,0.08787878787878788,0.05081967213114754,0.07090103397341212,0.056291390728476824,0.0015503875968992248,0.02180232558139535,0.011023622047244094,0.013114754098360656,0.042682926829268296,0.010558069381598794,0.02572347266881029,0.0015600624024961,0.10845295055821372,0.0,0.046875,0.024691358024691357,0.06853582554517133,0.0015822784810126582,0.12146422628951747,0.22276422764227644,0.018433179723502304,0.10973724884080371,0.08024691358024691,0.060995184590690206,0.13509316770186336,0.004615384615384616,0.0030959752321981426,0.12135922330097088,0.004672897196261682,0.14170692431561996,0.0031446540880503146,0.0015384615384615385,0.12836767036450078,0.07827476038338659,0.01904761904761905,0.1004566210045662,0.11848341232227488,0.001564945226917058,0.09408194233687406,0.0696594427244582,0.1886178861788618,0.01664145234493192,0.011146496815286623,0.091324200913242,0.0432,0.001579778830963665,0.07357859531772576,0.05023547880690738,0.0015822784810126582,0.0015748031496062992,0.14285714285714285,0.007961783439490446,0.0,0.060029282576866766,0.05343511450381679,0.4618973561430793,0.105,0.056818181818181816,0.001644736842105263,0.03317535545023697,0.0016025641025641025,0.03064516129032258,0.05124223602484472,0.14553990610328638,0.13292117465224113,0.04640718562874251,0.06853582554517133,0.0,0.003284072249589491,0.14937106918238993,0.027993779160186624,0.08917197452229299,0.0016051364365971107,0.02388535031847134,0.03241491085899514,0.07894736842105263,0.09320695102685624,0.01911764705882353,0.004830917874396135,0.051696284329563816,0.04128440366972477,0.0015455950540958269,0.00967741935483871,0.03924418604651163,0.01557632398753894,0.002881844380403458,0.10829103214890017,0.0496,0.08496732026143791,0.0032520325203252032,0.13479623824451412,0.041033434650455926,0.07768595041322314,0.17024539877300612,0.08503937007874016,0.050078247261345854,0.11735537190082644,0.0030721966205837174,0.12404287901990811,0.00315955766192733,0.004497751124437781,0.0759493670886076,0.10754414125200643,0.030894308943089432,0.12286158631415241,0.026729559748427674,0.04707792207792208,0.10776545166402536,0.0608,0.03691813804173355,0.019726858877086494,0.0015923566878980893,0.1008130081300813,0.09118086696562033,0.04508856682769726,0.001584786053882726,0.022556390977443608,0.046849757673667204,0.022988505747126436,0.047021943573667714,0.10188087774294671,0.05203252032520325,0.024077046548956663,0.0851063829787234,0.08469539375928678,0.0014970059880239522,0.025477707006369428,0.05945121951219512,0.00482315112540193,0.058823529411764705,0.0016181229773462784,0.038880248833592534,0.0015337423312883436,0.02689873417721519,0.02689873417721519,0.02388535031847134,0.13615023474178403,0.0015082956259426848,0.09859154929577464,0.08936825885978428,0.16873065015479877,0.045112781954887216,0.0032414910858995136,0.004366812227074236,0.009389671361502348,0.01910828025477707,0.19594594594594594,0.05864197530864197,0.07911392405063292,0.03169572107765452,0.030595813204508857,0.030303030303030304,0.13195548489666137,0.0,0.05177993527508091,0.07957957957957958,0.09302325581395349,0.04567699836867863,0.09294871794871795,0.04173106646058733,0.0,0.05642633228840126,0.03554868624420402,0.1263823064770932,0.07605177993527508,0.004746835443037975,0.0014577259475218659,0.0471841704718417,0.0015174506828528073,0.09748427672955975,0.02471169686985173,0.13270142180094788,0.06441717791411043,0.046511627906976744,0.11074380165289256,0.0
1997,1,9,prevalence,0.0,0.03858520900321544,0.27257799671592775,0.07198748043818466,0.16302521008403362,0.023696682464454975,0.11981566820276497,0.0,0.0032520325203252032,0.0727580372250423,0.00338409475465313,0.15719063545150502,0.01675041876046901,0.004724409448818898,0.17195325542570952,0.03389830508474576,0.004878048780487805,0.004918032786885246,0.10884353741496598,0.07603305785123966,0.1189710610932476,0.12026359143327842,0.081377151799687,0.0015503875968992248,0.038461538461538464,0.05670103092783505,0.05362776025236593,0.07279029462738301,0.0015267175572519084,0.017543859649122806,0.008517887563884156,0.02577319587628866,0.03955696202531646,0.001597444089456869,0.019704433497536946,0.0,0.10118043844856661,0.0,0.05365853658536585,0.0288,0.06818181818181818,0.0016366612111292963,0.11795774647887323,0.14357262103505844,0.015873015873015872,0.06698564593301436,0.1078125,0.025396825396825397,0.1320754716981132,0.004991680532445923,0.008130081300813009,0.1402936378466558,0.0046875,0.15934959349593497,0.004991680532445923,0.003129890453834116,0.13388429752066117,0.062193126022913256,0.006700167504187605,0.06310679611650485,0.09256198347107437,0.0,0.05828220858895705,0.0924092409240924,0.2197986577181208,0.015625,0.0196078431372549,0.06880733944954129,0.03577235772357724,0.0016778523489932886,0.06937394247038917,0.03349282296650718,0.0016207455429497568,0.0016339869281045752,0.1541038525963149,0.004918032786885246,0.0,0.07496251874062969,0.05799373040752351,0.3245469522240527,0.10562180579216354,0.06010016694490818,0.0,0.05787781350482315,0.0,0.024916943521594685,0.0736,0.12479740680713128,0.1478537360890302,0.051643192488262914,0.0608,0.0,0.006872852233676976,0.14023372287145242,0.02,0.09595959595959595,0.001692047377326565,0.0425531914893617,0.023450586264656615,0.10561056105610561,0.09421487603305785,0.007849293563579277,0.0034423407917383822,0.05008635578583765,0.03599374021909233,0.0016313213703099511,0.014423076923076924,0.06116207951070336,0.011308562197092083,0.003105590062111801,0.07849829351535836,0.07348242811501597,0.05527638190954774,0.0,0.15946843853820597,0.03328050713153724,0.07849829351535836,0.1032258064516129,0.13490725126475547,0.030595813204508857,0.1152542372881356,0.0016051364365971107,0.1045016077170418,0.0016129032258064516,0.004601226993865031,0.10927152317880795,0.06913996627318718,0.060755336617405585,0.14634146341463414,0.01461038961038961,0.057755775577557754,0.08609271523178808,0.0912106135986733,0.019801980198019802,0.00778816199376947,0.004901960784313725,0.08503401360544217,0.0966183574879227,0.05843071786310518,0.0032258064516129032,0.02034428794992175,0.03231017770597738,0.01870748299319728,0.05608974358974359,0.09317803660565724,0.05281090289608177,0.03130148270181219,0.07912457912457913,0.09365558912386707,0.0,0.031198686371100164,0.05023547880690738,0.00667779632721202,0.03198653198653199,0.0032626427406199023,0.02329450915141431,0.0032520325203252032,0.01951219512195122,0.01951219512195122,0.03184713375796178,0.10766721044045677,0.001594896331738437,0.12131147540983607,0.09369951534733441,0.2305194805194805,0.04078549848942598,0.006791171477079796,0.002962962962962963,0.008156606851549755,0.029462738301559793,0.13368055555555555,0.05826771653543307,0.08948194662480377,0.014657980456026058,0.028938906752411574,0.03821656050955414,0.1309328968903437,0.0,0.07419898819561552,0.05076923076923077,0.08156606851549755,0.03773584905660377,0.085667215815486,0.014285714285714285,0.0,0.06913183279742766,0.027419354838709678,0.10743801652892562,0.09446254071661238,0.0048543689320388345,0.003125,0.05564142194744977,0.0015600624024961,0.07107438016528926,0.01517706576728499,0.0928,0.0784,0.0359375,0.12020905923344948,0.0
1998,1,9,prevalence,0.001579778830963665,0.04133545310015898,0.1921182266009852,0.031203566121842496,0.16666666666666666,0.029185867895545316,0.10730948678071539,0.0,0.0033444816053511705,0.0821917808219178,0.0033277870216306157,0.1757679180887372,0.0032520325203252032,0.003215434083601286,0.2155887230514096,0.019672131147540985,0.004792332268370607,0.001597444089456869,0.09391304347826086,0.09650582362728785,0.10983606557377049,0.11677631578947369,0.07936507936507936,0.0015479876160990713,0.03691813804173355,0.04965753424657534,0.10730948678071539,0.08275862068965517,0.001579778830963665,0.02092675635276532,0.011904761904761904,0.044293015332197615,0.033846153846153845,0.0015337423312883436,0.030744336569579287,0.0,0.09836065573770492,0.0016339869281045752,0.05073649754500818,0.05747126436781609,0.090311986863711,0.0016750418760469012,0.15959252971137522,0.11993517017828201,0.011235955056179775,0.0770440251572327,0.13946117274167988,0.027993779160186624,0.1189358372456964,0.006734006734006734,0.004665629860031105,0.17725752508361203,0.009771986970684038,0.14748784440842788,0.005084745762711864,0.003179650238473768,0.11363636363636363,0.0448,0.0033003300330033004,0.05342237061769616,0.0732899022801303,0.0,0.023006134969325152,0.11003236245954692,0.12459016393442623,0.004552352048558422,0.03571428571428571,0.09216589861751152,0.03171953255425709,0.0017064846416382253,0.046822742474916385,0.0171606864274571,0.0016611295681063123,0.0016778523489932886,0.14505119453924914,0.008,0.0,0.07110438729198185,0.06279434850863422,0.17903225806451614,0.0681063122923588,0.05627009646302251,0.0,0.0819935691318328,0.0,0.027777777777777776,0.13556618819776714,0.1389776357827476,0.1294851794071763,0.07075471698113207,0.05161290322580645,0.001610305958132045,0.005226480836236934,0.14146341463414633,0.006644518272425249,0.0868824531516184,0.001639344262295082,0.059870550161812294,0.017770597738287562,0.1127946127946128,0.07928802588996764,0.02177293934681182,0.006756756756756757,0.0451505016722408,0.044407894736842105,0.0,0.011345218800648298,0.09722222222222222,0.01468189233278956,0.003076923076923077,0.06722689075630252,0.06003159557661927,0.03685092127303183,0.0,0.1440536013400335,0.0544,0.09612141652613827,0.07532051282051282,0.14403973509933773,0.030254777070063694,0.09121621621621621,0.0016339869281045752,0.07255520504731862,0.0016155088852988692,0.004594180704441042,0.09819967266775777,0.05245346869712352,0.07223113964686999,0.15210355987055016,0.01487603305785124,0.06085526315789474,0.08571428571428572,0.16225165562913907,0.01468189233278956,0.012618296529968454,0.004878048780487805,0.0851063829787234,0.1206896551724138,0.06462585034013606,0.004846526655896607,0.03565891472868217,0.032362459546925564,0.025252525252525252,0.12585034013605442,0.0723905723905724,0.05132450331125828,0.02702702702702703,0.06942148760330578,0.09618320610687023,0.0,0.03678929765886288,0.05090311986863711,0.004878048780487805,0.0676818950930626,0.003215434083601286,0.015100671140939598,0.004807692307692308,0.020654044750430294,0.020654044750430294,0.037520391517128875,0.11486486486486487,0.0016474464579901153,0.16185897435897437,0.0889967637540453,0.21983471074380165,0.03201219512195122,0.01721170395869191,0.0030534351145038168,0.011254019292604502,0.022847100175746926,0.10051993067590988,0.06158833063209076,0.11532385466034756,0.014263074484944533,0.03656597774244833,0.038461538461538464,0.13758389261744966,0.0,0.07859531772575251,0.04777070063694268,0.06109324758842444,0.032534246575342464,0.09274873524451939,0.022727272727272728,0.0,0.10174880763116058,0.03782894736842105,0.10954616588419405,0.08237232289950576,0.004918032786885246,0.003205128205128205,0.08661417322834646,0.001564945226917058,0.07590759075907591,0.017094017094017096,0.09335443037974683,0.07766990291262135,0.05451713395638629,0.11774744027303755,0.0
1999,1,9,prevalence,0.0031496062992125984,0.033816425120772944,0.11147011308562198,0.023952095808383235,0.11822660098522167,0.02936630602782071,0.0915032679738562,0.0,0.003389830508474576,0.059726962457337884,0.0016501650165016502,0.21025641025641026,0.006535947712418301,0.0,0.28802588996763756,0.008431703204047217,0.0031397174254317113,0.0016051364365971107,0.087248322147651,0.0732899022801303,0.09951845906902086,0.11764705882352941,0.10077519379844961,0.0030911901081916537,0.030254777070063694,0.04326123128119801,0.125,0.08571428571428572,0.0015432098765432098,0.012012012012012012,0.01384083044982699,0.042444821731748725,0.04376012965964344,0.012403100775193798,0.03588907014681892,0.0,0.09294871794871795,0.0016474464579901153,0.05132450331125828,0.07272727272727272,0.0910569105691057,0.0016556291390728477,0.16040955631399317,0.11390284757118928,0.004672897196261682,0.061068702290076333,0.16401273885350318,0.03475513428120063,0.15916398713826366,0.010033444816053512,0.0015600624024961,0.1728,0.008116883116883116,0.12459016393442623,0.0033277870216306157,0.001564945226917058,0.11658456486042693,0.05834683954619125,0.0016835016835016834,0.043993231810490696,0.06818181818181818,0.0,0.032407407407407406,0.10327868852459017,0.13114754098360656,0.003003003003003003,0.037096774193548385,0.13043478260869565,0.03685897435897436,0.0017513134851138354,0.044407894736842105,0.009554140127388535,0.0016025641025641025,0.0,0.1797945205479452,0.009983361064891847,0.0,0.054602184087363496,0.044585987261146494,0.09933774834437085,0.06418918918918919,0.0421216848673947,0.0,0.08652246256239601,0.0,0.02287581699346405,0.13174603174603175,0.13643659711075443,0.11526479750778816,0.07419354838709677,0.04384485666104553,0.0032102728731942215,0.006756756756756757,0.11954765751211632,0.0016313213703099511,0.07718696397941681,0.003372681281618887,0.05787781350482315,0.012618296529968454,0.12100840336134454,0.09235668789808917,0.04134762633996937,0.005154639175257732,0.011965811965811967,0.035541195476575124,0.0,0.013050570962479609,0.13198757763975155,0.022913256955810146,0.004784688995215311,0.051194539249146756,0.0374414976599064,0.015280135823429542,0.0,0.16887417218543047,0.06351791530944625,0.10552763819095477,0.054858934169279,0.13477537437603992,0.041666666666666664,0.11222780569514237,0.0032733224222585926,0.0736,0.004739336492890996,0.004658385093167702,0.1024390243902439,0.04492512479201331,0.056962025316455694,0.1551155115511551,0.013245033112582781,0.09401709401709402,0.09121621621621621,0.2218487394957983,0.022653721682847898,0.012658227848101266,0.01948051948051948,0.07986688851913477,0.07980456026058631,0.09369676320272573,0.0032258064516129032,0.06144393241167435,0.026402640264026403,0.013245033112582781,0.152428810720268,0.06281833616298811,0.046822742474916385,0.03015075376884422,0.06844741235392321,0.10120845921450151,0.0,0.021311475409836064,0.07644305772230889,0.0016207455429497568,0.10135135135135136,0.0016129032258064516,0.016611295681063124,0.003215434083601286,0.01517706576728499,0.01517706576728499,0.04654895666131621,0.08760330578512397,0.0016051364365971107,0.17936507936507937,0.10828025477707007,0.1927710843373494,0.03067484662576687,0.02079722703639515,0.0,0.016420361247947456,0.008605851979345954,0.05342237061769616,0.046801872074883,0.13078149920255183,0.007974481658692184,0.030595813204508857,0.041033434650455926,0.1404399323181049,0.0,0.06712564543889846,0.043478260869565216,0.06969205834683954,0.050434782608695654,0.0935374149659864,0.008278145695364239,0.0,0.12324492979719189,0.03735144312393888,0.09369951534733441,0.08099173553719008,0.006568144499178982,0.0031201248049922,0.1545595054095827,0.0015698587127158557,0.08183306055646482,0.017857142857142856,0.06656101426307448,0.1040650406504065,0.081377151799687,0.10517241379310345,0.0
2000,1,9,prevalence,0.0031645569620253164,0.03559870550161812,0.17970049916805325,0.035982008995502246,0.11525974025974026,0.022222222222222223,0.08803986710963455,0.0,0.003395585738539898,0.08808290155440414,0.0,0.1895093062605753,0.015126050420168067,0.0,0.27414330218068533,0.004975124378109453,0.003194888178913738,0.0,0.08496732026143791,0.07865168539325842,0.08239095315024232,0.1307300509337861,0.08557844690966719,0.00303951367781155,0.035,0.0338409475465313,0.1411229135053111,0.08,0.0045662100456621,0.007530120481927711,0.010638297872340425,0.03542673107890499,0.03864734299516908,0.014018691588785047,0.058919803600654665,0.0,0.10339256865912763,0.0033003300330033004,0.08507223113964688,0.10362694300518134,0.08387096774193549,0.0016366612111292963,0.17717206132879046,0.044673539518900345,0.004838709677419355,0.05701078582434515,0.2282958199356913,0.03296703296703297,0.13866231647634583,0.009950248756218905,0.0016,0.1715210355987055,0.009630818619582664,0.11594202898550725,0.014563106796116505,0.0016051364365971107,0.10064935064935066,0.06045751633986928,0.001669449081803005,0.03209459459459459,0.048465266558966075,0.0016233766233766235,0.05521472392638037,0.14838709677419354,0.10696920583468396,0.002967359050445104,0.06847133757961783,0.11332312404287902,0.04100946372239748,0.0017035775127768314,0.0532258064516129,0.008025682182985553,0.0016155088852988692,0.0017211703958691911,0.19039451114922812,0.006611570247933884,0.0,0.07165605095541401,0.031496062992125984,0.05573770491803279,0.05245346869712352,0.04314329738058552,0.0016420361247947454,0.0907563025210084,0.0,0.03376205787781351,0.16043613707165108,0.1414790996784566,0.12248062015503876,0.056451612903225805,0.03035413153456998,0.004746835443037975,0.018456375838926176,0.07741935483870968,0.01011804384485666,0.04852686308492201,0.005042016806722689,0.061191626409017714,0.01779935275080906,0.1264559068219634,0.0770440251572327,0.028481012658227847,0.0034129692832764505,0.011804384485666104,0.02047244094488189,0.0,0.036065573770491806,0.14423076923076922,0.02773246329526917,0.0016051364365971107,0.028380634390651086,0.024806201550387597,0.026622296173044926,0.0,0.18699186991869918,0.06514657980456026,0.12080536912751678,0.053125,0.09650582362728785,0.01740506329113924,0.10085470085470086,0.0032626427406199023,0.065625,0.004784688995215311,0.004580152671755725,0.08333333333333333,0.026490066225165563,0.0463258785942492,0.15333333333333332,0.012924071082390954,0.09666080843585237,0.08319467554076539,0.36,0.02403846153846154,0.0048543689320388345,0.0176,0.06535947712418301,0.06589785831960461,0.11205432937181664,0.0048,0.07009345794392523,0.026845637583892617,0.026490066225165563,0.24033613445378152,0.038917089678511,0.036243822075782535,0.0231023102310231,0.12436115843270869,0.0974124809741248,0.0015267175572519084,0.01957585644371941,0.059967585089141004,0.007987220447284345,0.15719063545150502,0.001589825119236884,0.029459901800327332,0.00315955766192733,0.01020408163265306,0.01020408163265306,0.05519480519480519,0.05098684210526316,0.0,0.17335473515248795,0.10256410256410256,0.13541666666666666,0.0343796711509716,0.026455026455026454,0.0,0.004885993485342019,0.011884550084889643,0.046052631578947366,0.03494176372712146,0.11937984496124031,0.006359300476947536,0.03668261562998405,0.040123456790123455,0.12586206896551724,0.0,0.06260869565217392,0.029548989113530325,0.06010016694490818,0.06806282722513089,0.07228915662650602,0.003355704697986577,0.0,0.10476190476190476,0.023064250411861616,0.08974358974358974,0.066006600660066,0.031198686371100164,0.004580152671755725,0.19516129032258064,0.001610305958132045,0.08828522920203735,0.015220700152207,0.058823529411764705,0.09577922077922078,0.06785137318255251,0.07931034482758621,0.0048543689320388345
2001,1,9,prevalence,0.006339144215530904,0.02531645569620253,0.1901639344262295,0.04477611940298507,0.09917355371900827,0.02377179080824089,0.09333333333333334,0.0,0.004934210526315789,0.08362369337979095,0.0,0.18134715025906736,0.029654036243822075,0.0,0.20440251572327045,0.006568144499178982,0.001607717041800643,0.0,0.07131011608623548,0.08688783570300158,0.08116385911179173,0.1658291457286432,0.11682242990654206,0.0045662100456621,0.0304,0.025167785234899327,0.1386748844375963,0.10233393177737882,0.0030959752321981426,0.0093603744149766,0.011904761904761904,0.03889789303079417,0.02922077922077922,0.020440251572327043,0.0625,0.001584786053882726,0.11274509803921569,0.005042016806722689,0.0910569105691057,0.09027777777777778,0.07332293291731669,0.0016722408026755853,0.14814814814814814,0.022298456260720412,0.0016313213703099511,0.05124223602484472,0.2534775888717156,0.03322784810126582,0.14401294498381878,0.008223684210526315,0.004601226993865031,0.160828025477707,0.009584664536741214,0.09018987341772151,0.017684887459807074,0.0015772870662460567,0.08528428093645485,0.05815831987075929,0.0,0.057432432432432436,0.049069373942470386,0.0032626427406199023,0.0672782874617737,0.132890365448505,0.07248764415156507,0.004424778761061947,0.06478405315614617,0.12698412698412698,0.026101141924959218,0.003372681281618887,0.059748427672955975,0.011217948717948718,0.0,0.0033500837520938024,0.17294520547945205,0.008417508417508417,0.0,0.08976377952755905,0.04746835443037975,0.056572379367720464,0.03898305084745763,0.04672897196261682,0.0016339869281045752,0.12762520193861066,0.001838235294117647,0.035830618892508145,0.19309262166405022,0.12924071082390953,0.1181959564541213,0.06991869918699187,0.030303030303030304,0.006289308176100629,0.011494252873563218,0.07401315789473684,0.011075949367088608,0.04639175257731959,0.0033277870216306157,0.06436420722135008,0.026533996683250415,0.14772727272727273,0.11802232854864433,0.009433962264150943,0.0035087719298245615,0.005008347245409015,0.028616852146263912,0.0,0.050243111831442464,0.1266891891891892,0.02926829268292683,0.003105590062111801,0.018302828618968387,0.02365930599369085,0.0165016501650165,0.001594896331738437,0.17558528428093645,0.08116883116883117,0.10641891891891891,0.0423861852433281,0.12418300653594772,0.022328548644338118,0.08774834437086093,0.0032733224222585926,0.05778491171749599,0.003215434083601286,0.004672897196261682,0.059900166389351084,0.021103896103896104,0.04983922829581994,0.10738255033557047,0.01129032258064516,0.09982486865148861,0.05025125628140704,0.34049586776859503,0.02903225806451613,0.01652892561983471,0.01594896331738437,0.1248,0.05747126436781609,0.1282051282051282,0.006611570247933884,0.07352941176470588,0.029801324503311258,0.017973856209150325,0.24052718286655683,0.03135313531353135,0.038834951456310676,0.021207177814029365,0.13696369636963696,0.1021671826625387,0.0014771048744460858,0.01740506329113924,0.04133545310015898,0.017628205128205128,0.1781512605042017,0.001564945226917058,0.028346456692913385,0.009389671361502348,0.011904761904761904,0.011904761904761904,0.06153846153846154,0.046357615894039736,0.0031545741324921135,0.18325434439178515,0.06995230524642289,0.12698412698412698,0.023006134969325152,0.02249134948096886,0.0,0.0,0.008460236886632826,0.04355108877721943,0.03691275167785235,0.11147011308562198,0.0031847133757961785,0.04100946372239748,0.04075235109717868,0.09547738693467336,0.0,0.06589785831960461,0.018604651162790697,0.07679738562091504,0.06060606060606061,0.0774526678141136,0.001652892561983471,0.0,0.05627009646302251,0.01644736842105263,0.07051282051282051,0.0628099173553719,0.08962264150943396,0.0031746031746031746,0.2520458265139116,0.0,0.10120068610634649,0.009259259259259259,0.050314465408805034,0.08780487804878048,0.08870967741935484,0.0595446584938704,0.004792332268370607
2002,1,9,prevalence,0.004942339373970346,0.026622296173044926,0.252442996742671,0.029850746268656716,0.11475409836065574,0.02702702702702703,0.0935483870967742,0.0,0.0049833887043189366,0.07251264755480608,0.0,0.15535714285714286,0.025806451612903226,0.0,0.20367534456355282,0.012698412698412698,0.0,0.0,0.051839464882943144,0.06290322580645161,0.05409582689335394,0.2685810810810811,0.10670731707317073,0.002967359050445104,0.02936378466557912,0.0391156462585034,0.10244648318042814,0.09302325581395349,0.003134796238244514,0.023547880690737835,0.011904761904761904,0.017741935483870968,0.028081123244929798,0.011058451816745656,0.04607508532423208,0.0032258064516129032,0.0816,0.01020408163265306,0.12244897959183673,0.10035211267605634,0.07272727272727272,0.001669449081803005,0.1624790619765494,0.012089810017271158,0.0,0.0546875,0.26031746031746034,0.025196850393700787,0.11348684210526316,0.00975609756097561,0.007680491551459293,0.1850079744816587,0.01875,0.05065359477124183,0.016260162601626018,0.0016,0.08291873963515754,0.04552590266875981,0.0016750418760469012,0.09358752166377816,0.04132231404958678,0.0032733224222585926,0.04821150855365474,0.11658456486042693,0.06333333333333334,0.004464285714285714,0.05815831987075929,0.12944983818770225,0.029459901800327332,0.001697792869269949,0.06230529595015576,0.014586709886547812,0.0,0.001644736842105263,0.16040955631399317,0.011904761904761904,0.0,0.09717868338557993,0.07582938388625593,0.04690117252931323,0.03322259136212625,0.0296875,0.0032626427406199023,0.15422077922077923,0.0017857142857142857,0.0463258785942492,0.23934426229508196,0.12359550561797752,0.07448494453248812,0.051926298157453935,0.02823920265780731,0.005,0.01098901098901099,0.08,0.011075949367088608,0.046875,0.0,0.0828125,0.016474464579901153,0.1383147853736089,0.09320695102685624,0.009615384615384616,0.0017421602787456446,0.008130081300813009,0.049019607843137254,0.0,0.05374592833876222,0.14310051107325383,0.02145214521452145,0.0061633281972265025,0.014563106796116505,0.026604068857589983,0.014563106796116505,0.0016,0.14802631578947367,0.08414239482200647,0.10378912685337727,0.04160246533127889,0.14012738853503184,0.027419354838709678,0.07679465776293823,0.0016556291390728477,0.048939641109298535,0.0016,0.0030581039755351682,0.054838709677419356,0.0272,0.059190031152647975,0.07704918032786885,0.011041009463722398,0.09137931034482759,0.04318936877076412,0.2525083612040134,0.026984126984126985,0.02003338898163606,0.025682182985553772,0.11475409836065574,0.04643449419568822,0.15682967959527824,0.009693053311793215,0.08,0.029950083194675542,0.0144,0.2278688524590164,0.03198653198653199,0.03403565640194489,0.03387096774193549,0.09640522875816994,0.10551181102362205,0.0015455950540958269,0.024271844660194174,0.029595015576323987,0.008064516129032258,0.19803600654664485,0.001557632398753894,0.03554868624420402,0.0045385779122541605,0.009868421052631578,0.009868421052631578,0.07084019769357495,0.04081632653061224,0.0016,0.179080824088748,0.0631911532385466,0.09895833333333333,0.0136986301369863,0.03541315345699832,0.0,0.0,0.01867572156196944,0.03642384105960265,0.026845637583892617,0.1383147853736089,0.006279434850863423,0.033386327503974564,0.05023547880690738,0.06688963210702341,0.0,0.05501618122977346,0.01579778830963665,0.07804878048780488,0.057003257328990226,0.0548885077186964,0.0016366612111292963,0.0,0.05608974358974359,0.0064516129032258064,0.05804311774461028,0.04326123128119801,0.21197411003236247,0.00322061191626409,0.2635024549918167,0.0,0.09847198641765705,0.009287925696594427,0.04501607717041801,0.059800664451827246,0.12080536912751678,0.05679862306368331,0.004694835680751174
2003,1,9,prevalence,0.004901960784313725,0.022764227642276424,0.31006493506493504,0.038748137108792845,0.11447811447811448,0.038834951456310676,0.06969205834683954,0.0,0.0032679738562091504,0.06506849315068493,0.0,0.12302284710017575,0.032520325203252036,0.0015625,0.16510903426791276,0.0016366612111292963,0.0,0.0,0.06622516556291391,0.040783034257748776,0.04192546583850932,0.3316412859560068,0.12312312312312312,0.0014705882352941176,0.036243822075782535,0.05324459234608985,0.06487341772151899,0.11379310344827587,0.0030816640986132513,0.024193548387096774,0.013628620102214651,0.0096,0.028662420382165606,0.008,0.06633499170812604,0.0016260162601626016,0.06141732283464567,0.01174496644295302,0.05825242718446602,0.12857142857142856,0.046104928457869634,0.003401360544217687,0.14261744966442952,0.0189328743545611,0.0,0.04012841091492777,0.1769352290679305,0.0594855305466238,0.11128775834658187,0.0165016501650165,0.0110062893081761,0.14285714285714285,0.01567398119122257,0.04383116883116883,0.022913256955810146,0.004846526655896607,0.07692307692307693,0.03955696202531646,0.003367003367003367,0.0929054054054054,0.029605263157894735,0.0032414910858995136,0.0397456279809221,0.09268292682926829,0.054455445544554455,0.00764525993883792,0.03864734299516908,0.11616161616161616,0.045307443365695796,0.0017574692442882249,0.0677710843373494,0.031879194630872486,0.0,0.0016722408026755853,0.15191986644407346,0.021311475409836064,0.0,0.08229813664596274,0.053353658536585365,0.06506849315068493,0.02631578947368421,0.04134762633996937,0.0033444816053511705,0.1296928327645051,0.0034129692832764505,0.031746031746031744,0.16560509554140126,0.11688311688311688,0.0713128038897893,0.049586776859504134,0.038397328881469114,0.008319467554076539,0.015503875968992248,0.0718954248366013,0.016,0.038525963149078725,0.003257328990228013,0.0696594427244582,0.008051529790660225,0.1264,0.08204334365325078,0.006430868167202572,0.0017421602787456446,0.011437908496732025,0.03782894736842105,0.0033444816053511705,0.05663430420711974,0.12048192771084337,0.02034428794992175,0.0045871559633027525,0.011146496815286623,0.030816640986132512,0.01584786053882726,0.0047694753577106515,0.09135399673735727,0.08514190317195326,0.05537459283387622,0.03343465045592705,0.15609756097560976,0.01592356687898089,0.06844741235392321,0.0016863406408094434,0.042833607907743,0.0016,0.0015822784810126582,0.06818181818181818,0.02403846153846154,0.05977382875605816,0.07352941176470588,0.009419152276295133,0.09169550173010381,0.026755852842809364,0.205685618729097,0.03376205787781351,0.028286189683860232,0.04746317512274959,0.12191103789126853,0.04576271186440678,0.14796747967479676,0.00975609756097561,0.08090614886731391,0.03436426116838488,0.011419249592169658,0.16885245901639345,0.02508361204013378,0.014729950900163666,0.038338658146964855,0.08401976935749589,0.08,0.0015527950310559005,0.0297029702970297,0.017973856209150325,0.009615384615384616,0.1702127659574468,0.0015873015873015873,0.0249609984399376,0.0075075075075075074,0.009884678747940691,0.009884678747940691,0.08429752066115702,0.06164383561643835,0.007974481658692184,0.14354066985645933,0.050793650793650794,0.08445945945945946,0.025835866261398176,0.03114754098360656,0.0,0.0,0.01631321370309951,0.024115755627009645,0.011326860841423949,0.09951845906902086,0.0016025641025641025,0.03691813804173355,0.03968253968253968,0.1216,0.001644736842105263,0.07006369426751592,0.017713365539452495,0.06518282988871224,0.04878048780487805,0.06217616580310881,0.0,0.0,0.07142857142857142,0.00980392156862745,0.046822742474916385,0.04833333333333333,0.3865814696485623,0.0033333333333333335,0.2944078947368421,0.0,0.09698996655518395,0.0121580547112462,0.059654631083202514,0.06414473684210527,0.13132911392405064,0.03833333333333333,0.0109717868338558
2004,1,9,prevalence,0.004777070063694267,0.024793388429752067,0.3621533442088091,0.02844311377245509,0.09421487603305785,0.04807692307692308,0.06869009584664537,0.0,0.003289473684210526,0.06478405315614617,0.0,0.08892617449664429,0.028380634390651086,0.0015822784810126582,0.14307931570762053,0.0032679738562091504,0.0,0.0,0.06976744186046512,0.044657097288676235,0.0490506329113924,0.22719734660033167,0.14710252600297177,0.0015267175572519084,0.049019607843137254,0.04516129032258064,0.0440251572327044,0.14724919093851133,0.007751937984496124,0.02113821138211382,0.012131715771230503,0.017214397496087636,0.013157894736842105,0.016260162601626018,0.07337883959044368,0.001652892561983471,0.055379746835443035,0.018867924528301886,0.05901116427432217,0.11846689895470383,0.03627760252365931,0.0033222591362126247,0.11920529801324503,0.01559792027729636,0.0,0.03896103896103896,0.1824,0.06229508196721312,0.07751937984496124,0.024509803921568627,0.009448818897637795,0.13836477987421383,0.009375,0.04530201342281879,0.01932367149758454,0.0048543689320388345,0.06166666666666667,0.035256410256410256,0.0033003300330033004,0.13043478260869565,0.03614457831325301,0.0033500837520938024,0.031198686371100164,0.0878594249201278,0.03858520900321544,0.0077279752704791345,0.05374592833876222,0.07462686567164178,0.04313099041533546,0.0035398230088495575,0.0365296803652968,0.034653465346534656,0.0,0.0016420361247947454,0.14705882352941177,0.021666666666666667,0.0,0.0949367088607595,0.052132701421800945,0.0297723292469352,0.018121911037891267,0.046583850931677016,0.003372681281618887,0.10327022375215146,0.00338409475465313,0.017133956386292833,0.13672496025437203,0.10310965630114566,0.05704697986577181,0.051070840197693576,0.041050903119868636,0.010050251256281407,0.020030816640986132,0.04882154882154882,0.00641025641025641,0.039735099337748346,0.008169934640522876,0.08293460925039872,0.02689075630252101,0.12924071082390953,0.08610271903323263,0.0015822784810126582,0.0017094017094017094,0.012965964343598054,0.01155115511551155,0.003284072249589491,0.04552845528455285,0.10362694300518134,0.009146341463414634,0.004580152671755725,0.017107309486780714,0.04231974921630094,0.014516129032258065,0.004746835443037975,0.08025682182985554,0.08166666666666667,0.06382978723404255,0.023148148148148147,0.10912052117263844,0.00967741935483871,0.04833333333333333,0.0016286644951140066,0.07479674796747968,0.0016313213703099511,0.0016260162601626016,0.05806451612903226,0.03739837398373984,0.04915514592933948,0.07496012759170653,0.015723270440251572,0.10676156583629894,0.018121911037891267,0.20717781402936378,0.027777777777777776,0.017741935483870968,0.06045751633986928,0.10641627543035993,0.043478260869565216,0.1563467492260062,0.009419152276295133,0.07431340872374798,0.04631217838765009,0.01468189233278956,0.1322314049586777,0.03135313531353135,0.023411371237458192,0.04738562091503268,0.07528641571194762,0.08227848101265822,0.0015698587127158557,0.027375201288244767,0.026058631921824105,0.01607717041800643,0.13408723747980614,0.0048543689320388345,0.025518341307814992,0.012102874432677761,0.008237232289950576,0.008237232289950576,0.11382113821138211,0.06925675675675676,0.008090614886731391,0.1330128205128205,0.053208137715179966,0.09656301145662848,0.0264797507788162,0.042692939244663386,0.0016,0.0,0.0192,0.03481012658227848,0.006462035541195477,0.10294117647058823,0.0033003300330033004,0.03803486529318542,0.033707865168539325,0.12519809825673534,0.0016366612111292963,0.06913183279742766,0.017684887459807074,0.06050955414012739,0.049766718506998445,0.08250825082508251,0.0,0.0,0.049099836333878884,0.00975609756097561,0.024,0.0392156862745098,0.5511182108626198,0.0016750418760469012,0.2765957446808511,0.0016638935108153079,0.07166123778501629,0.015267175572519083,0.08490566037735849,0.06546644844517185,0.11532125205930807,0.023688663282571912,0.009615384615384616
2005,1,9,prevalence,0.003305785123966942,0.032948929159802305,0.29132569558101473,0.02627511591962906,0.0766721044045677,0.04126984126984127,0.08401976935749589,0.0,0.0033112582781456954,0.06408094435075885,0.0016313213703099511,0.07666098807495741,0.025252525252525252,0.001579778830963665,0.10566615620214395,0.0049586776859504135,0.0,0.0,0.07278481012658228,0.040372670807453416,0.05071315372424723,0.16557377049180327,0.13767019667170954,0.0030120481927710845,0.037096774193548385,0.0359375,0.03758169934640523,0.07371794871794872,0.006289308176100629,0.021172638436482084,0.014109347442680775,0.02843601895734597,0.00964630225080386,0.03179650238473768,0.04745762711864407,0.0033112582781456954,0.06487341772151899,0.01990049751243781,0.03453689167974882,0.09584086799276673,0.030497592295345103,0.0032310177705977385,0.11589403973509933,0.018211920529801324,0.0,0.044407894736842105,0.09508196721311475,0.07877813504823152,0.06614173228346457,0.031198686371100164,0.0078125,0.0732484076433121,0.00946372239747634,0.032679738562091505,0.03453947368421053,0.006779661016949152,0.030405405405405407,0.01487603305785124,0.00322061191626409,0.13793103448275862,0.06451612903225806,0.003305785123966942,0.022913256955810146,0.08346972176759411,0.04019292604501608,0.010558069381598794,0.06913183279742766,0.06563039723661486,0.03668261562998405,0.0034782608695652175,0.03566121842496285,0.01485148514851485,0.0,0.0016501650165016502,0.1128747795414462,0.011784511784511785,0.0,0.09034267912772585,0.030497592295345103,0.02023608768971332,0.017713365539452495,0.03426791277258567,0.00333889816360601,0.06980802792321117,0.0032948929159802307,0.029185867895545316,0.11367380560131796,0.08239095315024232,0.03547297297297297,0.05175292153589316,0.03215434083601286,0.010327022375215147,0.009259259259259259,0.048013245033112585,0.003246753246753247,0.052805280528052806,0.008237232289950576,0.06924315619967794,0.028862478777589132,0.12824675324675325,0.12310030395136778,0.004784688995215311,0.0016835016835016834,0.022257551669316374,0.006622516556291391,0.0016025641025641025,0.04227642276422764,0.06379310344827586,0.015151515151515152,0.009448818897637795,0.010769230769230769,0.02786377708978328,0.014308426073131956,0.012618296529968454,0.08333333333333333,0.07364975450081833,0.07504078303425775,0.03328290468986384,0.07692307692307693,0.0049261083743842365,0.052980132450331126,0.0032520325203252032,0.07692307692307693,0.001589825119236884,0.0016129032258064516,0.046251993620414676,0.03758169934640523,0.046583850931677016,0.06655844155844155,0.006359300476947536,0.11986863711001643,0.020100502512562814,0.1990521327014218,0.01658374792703151,0.01652892561983471,0.08469055374592833,0.07582938388625593,0.03716814159292035,0.1320450885668277,0.006144393241167435,0.08346709470304976,0.08249158249158249,0.025196850393700787,0.08814102564102565,0.03678929765886288,0.021702838063439065,0.02403846153846154,0.07836990595611286,0.08019639934533551,0.0015873015873015873,0.01957585644371941,0.0196078431372549,0.012718600953895072,0.1064516129032258,0.0112,0.027993779160186624,0.010703363914373088,0.011235955056179775,0.011235955056179775,0.08524590163934426,0.06418918918918919,0.013179571663920923,0.1040268456375839,0.053712480252764615,0.10947712418300654,0.02821316614420063,0.048859934853420196,0.0064516129032258064,0.0033783783783783786,0.027156549520766772,0.03669724770642202,0.01309328968903437,0.05564648117839607,0.00644122383252818,0.03924646781789639,0.023923444976076555,0.0914826498422713,0.008237232289950576,0.07401574803149606,0.02875399361022364,0.03464566929133858,0.05172413793103448,0.07742998352553541,0.0,0.0,0.03104575163398693,0.02459016393442623,0.03189792663476874,0.03114754098360656,0.39191290824261277,0.001652892561983471,0.17627118644067796,0.001658374792703151,0.045454545454545456,0.020958083832335328,0.07987220447284345,0.07455429497568881,0.14376996805111822,0.01721170395869191,0.009448818897637795
2006,1,9,prevalence,0.0033222591362126247,0.028938906752411574,0.1932367149758454,0.014218009478672985,0.05546492659053834,0.037037037037037035,0.09740259740259741,0.001669449081803005,0.003305785123966942,0.0723905723905724,0.001607717041800643,0.04965753424657534,0.026058631921824105,0.001584786053882726,0.07108239095315025,0.003179650238473768,0.0016,0.0,0.0876923076923077,0.04496124031007752,0.043209876543209874,0.09515859766277128,0.10061919504643962,0.0030120481927710845,0.023923444976076555,0.03015873015873016,0.03650793650793651,0.06109324758842444,0.0016051364365971107,0.018032786885245903,0.010676156583629894,0.020155038759689922,0.014106583072100314,0.01948051948051948,0.03728813559322034,0.004942339373970346,0.06741573033707865,0.0165016501650165,0.04258675078864353,0.0873440285204991,0.022617124394184167,0.0,0.08514190317195326,0.013333333333333334,0.0,0.04730831973898858,0.05862646566164154,0.07802547770700637,0.049766718506998445,0.028708133971291867,0.006309148264984227,0.05161290322580645,0.008347245409015025,0.020134228187919462,0.026755852842809364,0.005084745762711864,0.03666666666666667,0.025682182985553772,0.0016366612111292963,0.11308562197092084,0.09780775716694773,0.003401360544217687,0.010033444816053512,0.06771653543307087,0.03278688524590164,0.016467065868263474,0.07590759075907591,0.10498220640569395,0.04739336492890995,0.005067567567567568,0.0358814352574103,0.024096385542168676,0.0,0.0016051364365971107,0.07241379310344828,0.03236797274275979,0.0,0.06973058637083994,0.03403565640194489,0.015151515151515152,0.011456628477905073,0.03442879499217527,0.0033333333333333335,0.052901023890784986,0.003289473684210526,0.035114503816793895,0.06310679611650485,0.06482982171799027,0.011647254575707155,0.0420032310177706,0.017684887459807074,0.003472222222222222,0.009022556390977444,0.029605263157894735,0.0141287284144427,0.03565640194489465,0.011494252873563218,0.04383116883116883,0.006589785831960461,0.1111111111111111,0.10708898944193061,0.017080745341614908,0.0,0.0265210608424337,0.016891891891891893,0.0016155088852988692,0.028985507246376812,0.04695652173913043,0.0182370820668693,0.014150943396226415,0.01228878648233487,0.0282574568288854,0.012441679626749611,0.006309148264984227,0.11485451761102604,0.058823529411764705,0.07852564102564102,0.032208588957055216,0.07153965785381027,0.003215434083601286,0.043697478991596636,0.003236245954692557,0.07142857142857142,0.003284072249589491,0.003179650238473768,0.038523274478330656,0.03322784810126582,0.038880248833592534,0.07779578606158834,0.0065040650406504065,0.10784313725490197,0.022222222222222223,0.18459069020866772,0.008223684210526315,0.018302828618968387,0.08214849921011058,0.051908396946564885,0.05,0.10393700787401575,0.006172839506172839,0.06919275123558484,0.07263513513513513,0.03571428571428571,0.06351791530944625,0.03709949409780776,0.01854974704890388,0.04395604395604396,0.08426073131955485,0.054817275747508304,0.003189792663476874,0.022653721682847898,0.02106969205834684,0.0144,0.056818181818181816,0.017628205128205128,0.020186335403726708,0.021806853582554516,0.024630541871921183,0.024630541871921183,0.05227655986509275,0.06418918918918919,0.027552674230145867,0.10350584307178631,0.07142857142857142,0.06965174129353234,0.028708133971291867,0.032679738562091505,0.006462035541195477,0.0016474464579901153,0.03538461538461538,0.0264797507788162,0.01129032258064516,0.06197654941373534,0.004885993485342019,0.052884615384615384,0.022328548644338118,0.0718954248366013,0.00667779632721202,0.06518282988871224,0.030349013657056147,0.03206106870229008,0.029595015576323987,0.058333333333333334,0.0,0.0,0.016233766233766232,0.024752475247524754,0.019417475728155338,0.011589403973509934,0.2484472049689441,0.0,0.1306532663316583,0.006611570247933884,0.03273322422258593,0.024279210925644917,0.07355242566510173,0.09577922077922078,0.1136,0.01697792869269949,0.01779935275080906
2007,1,9,prevalence,0.0016750418760469012,0.05314009661835749,0.10383386581469649,0.009868421052631578,0.03571428571428571,0.045454545454545456,0.1069182389937107,0.005067567567567568,0.0033222591362126247,0.0642504118616145,0.001594896331738437,0.048465266558966075,0.015280135823429542,0.0015220700152207,0.04019292604501608,0.004885993485342019,0.0016155088852988692,0.0,0.07033639143730887,0.013910355486862442,0.0486322188449848,0.09,0.09770992366412214,0.0030581039755351682,0.017770597738287562,0.05873015873015873,0.022435897435897436,0.0448,0.004815409309791332,0.015025041736227046,0.007042253521126761,0.013953488372093023,0.006269592476489028,0.012658227848101266,0.03098106712564544,0.0,0.049206349206349205,0.011608623548922056,0.04503105590062112,0.09895833333333333,0.016181229773462782,0.001597444089456869,0.050434782608695654,0.019672131147540985,0.0,0.05065359477124183,0.032148900169204735,0.06847133757961783,0.03317535545023697,0.03265940902021773,0.006329113924050633,0.03618421052631579,0.01788617886178862,0.006745362563237774,0.03648424543946932,0.006666666666666667,0.038397328881469114,0.019417475728155338,0.0016025641025641025,0.11745513866231648,0.08388157894736842,0.0033277870216306157,0.008460236886632826,0.042483660130718956,0.032362459546925564,0.016975308641975308,0.08235294117647059,0.125,0.04716981132075472,0.005025125628140704,0.01757188498402556,0.028021015761821366,0.0032520325203252032,0.0016051364365971107,0.06532663316582915,0.04318936877076412,0.0,0.06645569620253164,0.05573770491803279,0.021996615905245348,0.021035598705501618,0.03514376996805112,0.004975124378109453,0.037037037037037035,0.0032733224222585926,0.04043545878693624,0.042071197411003236,0.05537459283387622,0.011382113821138212,0.03864734299516908,0.02204724409448819,0.0034423407917383822,0.005891016200294551,0.03425774877650897,0.025682182985553772,0.04333868378812199,0.01015228426395939,0.031096563011456628,0.006734006734006734,0.1195840554592721,0.09451219512195122,0.03349282296650718,0.0,0.033123028391167195,0.019169329073482427,0.0017064846416382253,0.01779935275080906,0.030405405405405407,0.01347305389221557,0.02050473186119874,0.008982035928143712,0.030254777070063694,0.01957831325301205,0.011217948717948718,0.10136157337367625,0.04897314375987362,0.08709677419354839,0.03538461538461538,0.04595879556259905,0.007849293563579277,0.03745928338762215,0.0032626427406199023,0.08562197092084006,0.007874015748031496,0.0016051364365971107,0.022653721682847898,0.025806451612903226,0.06514657980456026,0.03425774877650897,0.010719754977029096,0.10321489001692047,0.026936026936026935,0.12980769230769232,0.006514657980456026,0.030874785591766724,0.07654723127035831,0.0423861852433281,0.0328719723183391,0.08607198748043818,0.006201550387596899,0.0457516339869281,0.087893864013267,0.019543973941368076,0.06935483870967742,0.03642384105960265,0.030612244897959183,0.05582137161084529,0.08634222919937205,0.05813953488372093,0.003129890453834116,0.0372168284789644,0.032948929159802305,0.01309328968903437,0.029921259842519685,0.014900662251655629,0.0401854714064915,0.023510971786833857,0.030944625407166124,0.030944625407166124,0.041736227045075125,0.06158833063209076,0.03317535545023697,0.05152979066022544,0.07020280811232449,0.04326123128119801,0.022187004754358162,0.04340836012861737,0.0031746031746031746,0.0065252854812398045,0.023734177215189875,0.01664145234493192,0.007911392405063292,0.05582922824302135,0.006514657980456026,0.044481054365733116,0.020602218700475437,0.07246376811594203,0.006745362563237774,0.062193126022913256,0.0237741456166419,0.03715170278637771,0.0243531202435312,0.04470198675496689,0.0,0.0,0.02280130293159609,0.02086677367576244,0.01658374792703151,0.02204724409448819,0.11314984709480122,0.0,0.0907563025210084,0.006578947368421052,0.013136288998357963,0.0289193302891933,0.05221518987341772,0.08881578947368421,0.08426073131955485,0.03098106712564544,0.02527646129541864
2008,1,9,prevalence,0.0,0.04326923076923077,0.0944,0.0033277870216306157,0.05357142857142857,0.02593192868719611,0.13734567901234568,0.005172413793103448,0.003284072249589491,0.04194630872483222,0.001597444089456869,0.04220779220779221,0.020100502512562814,0.0047169811320754715,0.052202283849918436,0.004830917874396135,0.0016051364365971107,0.0,0.05329153605015674,0.025,0.03110419906687403,0.07425742574257425,0.06481481481481481,0.0030864197530864196,0.0065252854812398045,0.04975922953451043,0.056962025316455694,0.03560371517027864,0.006644518272425249,0.02512562814070352,0.010452961672473868,0.0077279752704791345,0.003105590062111801,0.01461038961038961,0.01718213058419244,0.0,0.04838709677419355,0.008183306055646482,0.028346456692913385,0.0905861456483126,0.008077544426494346,0.0016181229773462784,0.035653650254668934,0.03758169934640523,0.0,0.041390728476821195,0.020477815699658702,0.08225806451612903,0.02531645569620253,0.04160246533127889,0.007836990595611285,0.06166666666666667,0.0128,0.02023608768971332,0.04421768707482993,0.00684931506849315,0.02152317880794702,0.025437201907790145,0.00631911532385466,0.07911392405063292,0.0651085141903172,0.0031746031746031746,0.016863406408094434,0.028938906752411574,0.03821656050955414,0.009345794392523364,0.059800664451827246,0.10327022375215146,0.03827751196172249,0.004838709677419355,0.024271844660194174,0.012455516014234875,0.0033003300330033004,0.001610305958132045,0.03927986906710311,0.03782894736842105,0.0,0.07188498402555911,0.039619651347068144,0.017973856209150325,0.02843601895734597,0.03785488958990536,0.01001669449081803,0.039383561643835614,0.0031645569620253164,0.029548989113530325,0.032948929159802305,0.04227642276422764,0.008333333333333333,0.03715670436187399,0.018838304552590265,0.0274442538593482,0.0030303030303030303,0.02329450915141431,0.02750809061488673,0.03194888178913738,0.008278145695364239,0.03820598006644518,0.0033277870216306157,0.06872852233676977,0.08854961832061069,0.035830618892508145,0.0,0.02204724409448819,0.041050903119868636,0.004966887417218543,0.016260162601626018,0.035175879396984924,0.010432190760059613,0.03863987635239567,0.013719512195121951,0.030744336569579287,0.01386748844375963,0.034976152623211444,0.06202723146747353,0.04468412942989214,0.08814102564102565,0.02157164869029276,0.036741214057507986,0.017133956386292833,0.04153354632587859,0.00487012987012987,0.07028753993610223,0.001610305958132045,0.003194888178913738,0.0234009360374415,0.023923444976076555,0.06493506493506493,0.024077046548956663,0.02936630602782071,0.11222780569514237,0.0347682119205298,0.11639344262295082,0.016722408026755852,0.028428093645484948,0.08455284552845528,0.046583850931677016,0.025597269624573378,0.062111801242236024,0.01854714064914992,0.04111842105263158,0.09163987138263666,0.014900662251655629,0.03471074380165289,0.01794453507340946,0.03547297297297297,0.051118210862619806,0.0840064620355412,0.05583756345177665,0.0031847133757961785,0.03542673107890499,0.04325259515570934,0.013223140495867768,0.02073365231259968,0.008741258741258742,0.06481481481481481,0.020569620253164556,0.024752475247524754,0.024752475247524754,0.04215851602023609,0.057283142389525366,0.03471074380165289,0.0432,0.05229793977812995,0.024469820554649267,0.02066772655007949,0.057722308892355696,0.0015923566878980893,0.014634146341463415,0.02384737678855326,0.014040561622464899,0.004838709677419355,0.05863192182410423,0.019639934533551555,0.030206677265500796,0.013050570962479609,0.08490566037735849,0.008319467554076539,0.06156405990016639,0.021212121212121213,0.0578386605783866,0.03484848484848485,0.02750809061488673,0.0,0.0016207455429497568,0.02680067001675042,0.009478672985781991,0.02,0.01765650080256822,0.12691131498470948,0.0,0.0711864406779661,0.013157894736842105,0.013179571663920923,0.0265625,0.048818897637795275,0.08538587848932677,0.07496012759170653,0.046357615894039736,0.023291925465838508
2009,1,9,prevalence,0.0033783783783783786,0.027597402597402596,0.09180327868852459,0.005,0.030110935023771792,0.0078125,0.0904836193447738,0.005136986301369863,0.003205128205128205,0.05492730210016155,0.0,0.04333868378812199,0.0180623973727422,0.006172839506172839,0.06382978723404255,0.0,0.001639344262295082,0.0,0.04227642276422764,0.034161490683229816,0.02040816326530612,0.06,0.0547945205479452,0.003125,0.004777070063694267,0.043478260869565216,0.05405405405405406,0.03715170278637771,0.008333333333333333,0.025295109612141653,0.0068143100511073255,0.006369426751592357,0.014150943396226415,0.0256,0.0297723292469352,0.0,0.06050955414012739,0.014492753623188406,0.019867549668874173,0.07337883959044368,0.008038585209003215,0.001597444089456869,0.03595890410958904,0.04111842105263158,0.0,0.05175292153589316,0.04643449419568822,0.07666666666666666,0.021172638436482084,0.03134796238244514,0.0015552099533437014,0.060955518945634266,0.01779935275080906,0.029565217391304348,0.044293015332197615,0.005119453924914676,0.025041736227045076,0.036741214057507986,0.017027863777089782,0.060221870047543584,0.06913183279742766,0.0016129032258064516,0.021848739495798318,0.01779935275080906,0.0464,0.012441679626749611,0.027419354838709678,0.06689536878216124,0.02945736434108527,0.0032733224222585926,0.022950819672131147,0.02127659574468085,0.0031446540880503146,0.0015748031496062992,0.027257240204429302,0.03079416531604538,0.0,0.06446540880503145,0.03349282296650718,0.023178807947019868,0.02050473186119874,0.03189792663476874,0.00667779632721202,0.03442340791738382,0.0016129032258064516,0.02197802197802198,0.03361344537815126,0.03864734299516908,0.018302828618968387,0.040783034257748776,0.01740506329113924,0.025951557093425604,0.009146341463414634,0.014516129032258065,0.011326860841423949,0.025196850393700787,0.011058451816745656,0.0449438202247191,0.01957585644371941,0.06197654941373534,0.09233176838810642,0.01951219512195122,0.0,0.02450229709035222,0.03940886699507389,0.00644122383252818,0.019417475728155338,0.0297029702970297,0.02384500745156483,0.01557632398753894,0.021052631578947368,0.01589825119236884,0.020537124802527645,0.05263157894736842,0.05538922155688623,0.053763440860215055,0.05763239875389408,0.025356576862123614,0.04272151898734177,0.0224,0.04854368932038835,0.00974025974025974,0.053833605220228384,0.006279434850863423,0.0031645569620253164,0.0343213728549142,0.03322784810126582,0.037953795379537955,0.01929260450160772,0.0176,0.07167235494880546,0.02329450915141431,0.09333333333333334,0.013179571663920923,0.024793388429752067,0.0832,0.0453125,0.04251700680272109,0.03481012658227848,0.0140625,0.02631578947368421,0.06614173228346457,0.009852216748768473,0.029654036243822075,0.029556650246305417,0.04974271012006861,0.027868852459016394,0.038338658146964855,0.05650684931506849,0.0016129032258064516,0.04552590266875981,0.04377104377104377,0.01800327332242226,0.021875,0.011945392491467578,0.04153846153846154,0.02066772655007949,0.030303030303030304,0.030303030303030304,0.052364864864864864,0.061258278145695365,0.054455445544554455,0.05977382875605816,0.0680379746835443,0.015050167224080268,0.011419249592169658,0.06172839506172839,0.0,0.014586709886547812,0.02040816326530612,0.010542168674698794,0.008305647840531562,0.05081967213114754,0.026446280991735537,0.019543973941368076,0.009584664536741214,0.05901116427432217,0.010050251256281407,0.04186795491143317,0.013412816691505217,0.0549618320610687,0.039755351681957186,0.028985507246376812,0.0,0.0016286644951140066,0.036065573770491806,0.014705882352941176,0.021172638436482084,0.012903225806451613,0.07275541795665634,0.0,0.06807131280388978,0.014778325123152709,0.024311183144246355,0.02593192868719611,0.04923076923076923,0.06209150326797386,0.09775641025641026,0.04318936877076412,0.022838499184339316
2010,1,9,prevalence,0.0033112582781456954,0.029850746268656716,0.09628378378378379,0.00974025974025974,0.030110935023771792,0.00641025641025641,0.09472049689440994,0.0033783783783783786,0.0032258064516129032,0.04769475357710652,0.0,0.06477093206951026,0.014754098360655738,0.013910355486862442,0.0627062706270627,0.0,0.0016474464579901153,0.0,0.05063291139240506,0.035493827160493825,0.007739938080495356,0.04713804713804714,0.03543913713405239,0.0016129032258064516,0.011363636363636364,0.03727714748784441,0.04120443740095087,0.06153846153846154,0.004966887417218543,0.01669449081803005,0.010434782608695653,0.00778816199376947,0.018808777429467086,0.04936305732484077,0.04222972972972973,0.0,0.04669887278582931,0.016129032258064516,0.0214168039538715,0.05546218487394958,0.012987012987012988,0.0,0.029310344827586206,0.043697478991596636,0.0,0.07312925170068027,0.042662116040955635,0.056856187290969896,0.025974025974025976,0.04038772213247173,0.0,0.04794520547945205,0.024311183144246355,0.00865051903114187,0.05217391304347826,0.005119453924914676,0.02618657937806874,0.028616852146263912,0.02923076923076923,0.045454545454545456,0.04354587869362364,0.0,0.044850498338870434,0.017713365539452495,0.05016181229773463,0.01282051282051282,0.035541195476575124,0.037606837606837605,0.030303030303030304,0.0032948929159802307,0.03801652892561983,0.03486238532110092,0.0032414910858995136,0.00641025641025641,0.04746317512274959,0.041990668740279936,0.0,0.05246913580246913,0.0379746835443038,0.013333333333333334,0.0265210608424337,0.027820710973724884,0.008333333333333333,0.021314387211367674,0.0016051364365971107,0.031545741324921134,0.05785123966942149,0.035541195476575124,0.018581081081081082,0.03431372549019608,0.032,0.020066889632107024,0.018691588785046728,0.014516129032258065,0.017915309446254073,0.03387096774193549,0.014218009478672985,0.0467741935483871,0.024232633279483037,0.0933786078098472,0.057926829268292686,0.016233766233766232,0.0016666666666666668,0.013677811550151976,0.054098360655737705,0.006420545746388443,0.0192,0.014586709886547812,0.026239067055393587,0.03622047244094488,0.022189349112426034,0.019138755980861243,0.014018691588785047,0.08796296296296297,0.045112781954887216,0.031055900621118012,0.03605015673981191,0.022653721682847898,0.03538461538461538,0.01901743264659271,0.04262295081967213,0.011437908496732025,0.0496,0.012698412698412698,0.0032626427406199023,0.0343213728549142,0.05732484076433121,0.03535353535353535,0.024390243902439025,0.015503875968992248,0.058319039451114926,0.0297029702970297,0.05271828665568369,0.01957585644371941,0.04878048780487805,0.07258064516129033,0.05016181229773463,0.03986135181975736,0.01584786053882726,0.013824884792626729,0.032948929159802305,0.0416,0.018604651162790697,0.0231023102310231,0.02471169686985173,0.05564924114671164,0.01437699680511182,0.04051863857374392,0.04643449419568822,0.0033112582781456954,0.03610675039246468,0.04529616724738676,0.0165016501650165,0.012461059190031152,0.013961605584642234,0.03475513428120063,0.0265625,0.02613240418118467,0.02613240418118467,0.03511705685618729,0.03316749585406302,0.05787781350482315,0.04669887278582931,0.05564142194744977,0.009933774834437087,0.014469453376205787,0.049441786283891544,0.0016313213703099511,0.01935483870967742,0.04878048780487805,0.018376722817764167,0.01594896331738437,0.030694668820678513,0.011419249592169658,0.043689320388349516,0.014308426073131956,0.0220125786163522,0.018121911037891267,0.0429042904290429,0.01483679525222552,0.05580693815987934,0.034482758620689655,0.024,0.0015625,0.0015822784810126582,0.02631578947368421,0.024077046548956663,0.0322061191626409,0.02694136291600634,0.040310077519379844,0.0,0.064,0.012965964343598054,0.025236593059936908,0.0297339593114241,0.04245283018867924,0.0670926517571885,0.052202283849918436,0.031096563011456628,0.016666666666666666
2011,1,9,prevalence,0.003134796238244514,0.03820598006644518,0.1750841750841751,0.0048,0.051036682615629984,0.004784688995215311,0.09003215434083602,0.003257328990228013,0.0016129032258064516,0.03349282296650718,0.0,0.09538461538461539,0.013377926421404682,0.0109204368174727,0.11494252873563218,0.0,0.0016233766233766235,0.0,0.06125574272588055,0.026986506746626688,0.007633587786259542,0.022988505747126436,0.02254428341384863,0.001644736842105263,0.009554140127388535,0.021207177814029365,0.03215434083601286,0.055299539170506916,0.009724473257698542,0.022913256955810146,0.015306122448979591,0.01564945226917058,0.0047694753577106515,0.060126582278481014,0.048414023372287146,0.0,0.0576,0.011326860841423949,0.03,0.03626943005181347,0.029874213836477988,0.0,0.03,0.08153078202995008,0.0,0.06776859504132231,0.05792163543441227,0.07095709570957096,0.03482587064676617,0.061788617886178863,0.0,0.03801652892561983,0.022764227642276424,0.007042253521126761,0.04311774461028192,0.0033613445378151263,0.0288135593220339,0.029654036243822075,0.046296296296296294,0.05329153605015674,0.0333889816360601,0.0,0.043333333333333335,0.010186757215619695,0.04120443740095087,0.006557377049180328,0.024390243902439025,0.030560271646859084,0.03927492447129909,0.003305785123966942,0.04404567699836868,0.03860294117647059,0.003257328990228013,0.00322061191626409,0.07603305785123966,0.052884615384615384,0.0,0.0624,0.03079416531604538,0.020602218700475437,0.030206677265500796,0.029411764705882353,0.010084033613445379,0.012522361359570662,0.001607717041800643,0.03464566929133858,0.06389776357827476,0.04582651391162029,0.01794453507340946,0.03035143769968051,0.038338658146964855,0.016556291390728478,0.009404388714733543,0.007861635220125786,0.013468013468013467,0.05426356589147287,0.006349206349206349,0.05787781350482315,0.019736842105263157,0.11409395973154363,0.07239819004524888,0.009448818897637795,0.0016750418760469012,0.0109717868338558,0.08557844690966719,0.004651162790697674,0.019672131147540985,0.01951219512195122,0.013392857142857142,0.05128205128205128,0.033182503770739065,0.015254237288135594,0.00473186119873817,0.1166407465007776,0.044753086419753084,0.043343653250773995,0.017543859649122806,0.01932367149758454,0.0372168284789644,0.012987012987012988,0.029950083194675542,0.009787928221859706,0.040257648953301126,0.011093502377179081,0.0016260162601626016,0.021052631578947368,0.08,0.043327556325823226,0.01896551724137931,0.00463678516228748,0.030303030303030304,0.030595813204508857,0.06472491909385113,0.02254428341384863,0.049019607843137254,0.0898876404494382,0.03645007923930269,0.03754266211604096,0.020537124802527645,0.020440251572327043,0.03827751196172249,0.047021943573667714,0.030721966205837174,0.024958402662229616,0.01990049751243781,0.0423728813559322,0.019169329073482427,0.035541195476575124,0.05396290050590219,0.0016155088852988692,0.026856240126382307,0.03852889667250438,0.03618421052631579,0.015552099533437015,0.01206896551724138,0.07290015847860538,0.01929260450160772,0.01926444833625219,0.01926444833625219,0.032148900169204735,0.03,0.06260032102728733,0.06466876971608833,0.05660377358490566,0.015,0.023255813953488372,0.04723127035830619,0.0,0.012965964343598054,0.05580693815987934,0.016845329249617153,0.0110062893081761,0.01910828025477707,0.011128775834658187,0.051118210862619806,0.020569620253164556,0.0374414976599064,0.018211920529801324,0.038917089678511,0.01488095238095238,0.0517503805175038,0.026813880126182965,0.0210016155088853,0.0015360983102918587,0.006299212598425197,0.014423076923076924,0.024311183144246355,0.052969502407704656,0.018604651162790697,0.039816232771822356,0.0,0.03877221324717286,0.006633499170812604,0.02190923317683881,0.02047244094488189,0.02936630602782071,0.05909797822706065,0.036605657237936774,0.01340033500837521,0.007079646017699115
2012,1,9,prevalence,0.003129890453834116,0.04215851602023609,0.341421143847487,0.00315955766192733,0.10096153846153846,0.006279434850863423,0.08103975535168195,0.0016339869281045752,0.0016339869281045752,0.029874213836477988,0.0,0.09422492401215805,0.013008130081300813,0.03358778625954199,0.1320450885668277,0.0,0.0,0.0,0.11076923076923077,0.0182648401826484,0.01694915254237288,0.042833607907743,0.014539579967689823,0.001669449081803005,0.004830917874396135,0.03140495867768595,0.03328050713153724,0.057722308892355696,0.008375209380234505,0.01932367149758454,0.01174496644295302,0.01594896331738437,0.0030959752321981426,0.07097791798107256,0.0451505016722408,0.0,0.03715170278637771,0.004746835443037975,0.02533783783783784,0.04538087520259319,0.019448946515397084,0.0,0.03198653198653199,0.1308562197092084,0.0,0.058823529411764705,0.07912457912457913,0.055105348460291734,0.03728813559322034,0.05289256198347107,0.001584786053882726,0.017713365539452495,0.0128,0.0017985611510791368,0.056105610561056105,0.0,0.033003300330033,0.040584415584415584,0.036585365853658534,0.07075471698113207,0.047244094488188976,0.0016155088852988692,0.06844741235392321,0.010101010101010102,0.0343213728549142,0.008116883116883116,0.022617124394184167,0.03209459459459459,0.05421686746987952,0.00315955766192733,0.053156146179401995,0.05272407732864675,0.0016806722689075631,0.0031847133757961785,0.09515859766277128,0.050393700787401574,0.0,0.06535947712418301,0.02857142857142857,0.02047244094488189,0.03639240506329114,0.026033690658499236,0.011589403973509934,0.02040816326530612,0.0,0.036163522012578615,0.07060755336617405,0.076158940397351,0.0304,0.039936102236421724,0.026272577996715927,0.022988505747126436,0.004702194357366771,0.02040816326530612,0.022033898305084745,0.04251968503937008,0.0192,0.06351791530944625,0.03130148270181219,0.12521150592216582,0.06656580937972768,0.006369426751592357,0.0016863406408094434,0.006069802731411229,0.13858267716535433,0.004629629629629629,0.024752475247524754,0.010869565217391304,0.01788375558867362,0.03542673107890499,0.05214723926380368,0.01192504258943782,0.0031446540880503146,0.1509433962264151,0.08166409861325115,0.046031746031746035,0.03164556962025317,0.019448946515397084,0.06542056074766354,0.0016420361247947454,0.018032786885245903,0.011254019292604502,0.03877221324717286,0.00782472613458529,0.001589825119236884,0.028875379939209727,0.11544227886056972,0.05067567567567568,0.015625,0.00782472613458529,0.019639934533551555,0.026687598116169546,0.09477124183006536,0.025078369905956112,0.03367003367003367,0.08562197092084006,0.01904761904761905,0.02857142857142857,0.014729950900163666,0.028938906752411574,0.05354330708661417,0.06359300476947535,0.03048780487804878,0.02711323763955343,0.03209459459459459,0.07495741056218058,0.01597444089456869,0.034482758620689655,0.03728813559322034,0.0015698587127158557,0.028081123244929798,0.043993231810490696,0.039735099337748346,0.012519561815336464,0.01576182136602452,0.11338582677165354,0.021172638436482084,0.030141843971631204,0.030141843971631204,0.022452504317789293,0.026984126984126985,0.07448494453248812,0.03475513428120063,0.07526881720430108,0.02040816326530612,0.017006802721088437,0.055105348460291734,0.0,0.0049504950495049506,0.09878419452887538,0.0224,0.0064,0.01597444089456869,0.008103727714748784,0.03715170278637771,0.01935483870967742,0.05546492659053834,0.013245033112582781,0.037162162162162164,0.019696969696969695,0.07379518072289157,0.049441786283891544,0.014308426073131956,0.0,0.0064,0.007936507936507936,0.019801980198019802,0.057971014492753624,0.0296875,0.0390015600624025,0.0,0.016420361247947456,0.004991680532445923,0.017350157728706624,0.016051364365971106,0.026101141924959218,0.06814580031695722,0.018272425249169437,0.003436426116838488,0.0035211267605633804
2013,1,9,prevalence,0.0,0.050488599348534204,0.3996655518394649,0.003115264797507788,0.11274509803921569,0.014634146341463415,0.07503828483920368,0.0015873015873015873,0.0,0.02471169686985173,0.0,0.11882716049382716,0.011075949367088608,0.0406015037593985,0.1390284757118928,0.0016207455429497568,0.0,0.0,0.14776119402985075,0.02047244094488189,0.0182648401826484,0.052545155993431854,0.009819967266775777,0.0,0.006309148264984227,0.04340836012861737,0.04146730462519936,0.05582137161084529,0.01669449081803005,0.019639934533551555,0.020338983050847456,0.014240506329113924,0.010719754977029096,0.07776049766718507,0.03648424543946932,0.0,0.03852080123266564,0.006230529595015576,0.025295109612141653,0.06230031948881789,0.006482982171799027,0.0,0.05792163543441227,0.2252836304700162,0.0,0.0732899022801303,0.08934707903780069,0.06988352745424292,0.03372681281618887,0.061016949152542375,0.0015873015873015873,0.008038585209003215,0.008025682182985553,0.006956521739130435,0.08514190317195326,0.0,0.03827751196172249,0.0464,0.0530421216848674,0.06220095693779904,0.043478260869565216,0.0016207455429497568,0.05663430420711974,0.00667779632721202,0.029315960912052116,0.018151815181518153,0.009554140127388535,0.050488599348534204,0.040238450074515646,0.0016025641025641025,0.06456953642384106,0.07473309608540925,0.0016835016835016834,0.0032733224222585926,0.08441558441558442,0.04574132492113565,0.0,0.042444821731748725,0.027914614121510674,0.031818181818181815,0.0671875,0.0374251497005988,0.005067567567567568,0.03424657534246575,0.0,0.033707865168539325,0.0681063122923588,0.0781758957654723,0.03508771929824561,0.05229793977812995,0.025252525252525252,0.024671052631578948,0.006172839506172839,0.019877675840978593,0.037800687285223365,0.030944625407166124,0.021666666666666667,0.05672609400324149,0.057660626029654036,0.1330128205128205,0.07906976744186046,0.003125,0.001694915254237288,0.003048780487804878,0.15311004784688995,0.0029895366218236174,0.054187192118226604,0.006269592476489028,0.021406727828746176,0.029508196721311476,0.06761006289308176,0.01658374792703151,0.004665629860031105,0.2233169129720854,0.09076433121019108,0.04258675078864353,0.01594896331738437,0.012759170653907496,0.09262166405023547,0.0,0.019867549668874173,0.022950819672131147,0.03114754098360656,0.006259780907668232,0.0016129032258064516,0.029874213836477988,0.1092814371257485,0.046232876712328765,0.0068846815834767644,0.007587253414264037,0.012698412698412698,0.030110935023771792,0.1635434412265758,0.01889763779527559,0.026533996683250415,0.04739336492890995,0.04013377926421405,0.04054054054054054,0.010238907849829351,0.03482587064676617,0.07131782945736434,0.0759493670886076,0.037900874635568516,0.024115755627009645,0.043993231810490696,0.08445945945945946,0.018121911037891267,0.04582651391162029,0.024013722126929673,0.0015923566878980893,0.022187004754358162,0.04492512479201331,0.029459901800327332,0.021638330757341576,0.006825938566552901,0.11398176291793313,0.026101141924959218,0.02460456942003515,0.02460456942003515,0.029462738301559793,0.032679738562091505,0.0633116883116883,0.026856240126382307,0.06758832565284179,0.039792387543252594,0.005,0.045454545454545456,0.0,0.0033112582781456954,0.08669656203288491,0.046104928457869634,0.0,0.01579778830963665,0.011363636363636364,0.0397456279809221,0.013008130081300813,0.05872756933115824,0.008169934640522876,0.032758620689655175,0.021374045801526718,0.07957957957957958,0.05672609400324149,0.0016366612111292963,0.0,0.003129890453834116,0.0047694753577106515,0.031198686371100164,0.07056798623063683,0.03115264797507788,0.05238095238095238,0.0,0.012861736334405145,0.004901960784313725,0.041401273885350316,0.016420361247947456,0.019543973941368076,0.06359300476947535,0.014469453376205787,0.005119453924914676,0.0017985611510791368
2014,1,9,prevalence,0.0,0.03782894736842105,0.3295638126009693,0.0,0.1513157894736842,0.013201320132013201,0.09327217125382263,0.0,0.0,0.04075235109717868,0.0,0.11496062992125984,0.011272141706924315,0.04128440366972477,0.15220949263502456,0.0,0.0,0.0,0.1755485893416928,0.02975206611570248,0.020030816640986132,0.096,0.011475409836065573,0.0,0.0015082956259426848,0.04313099041533546,0.04225352112676056,0.0656,0.031413612565445025,0.014778325123152709,0.013201320132013201,0.022257551669316374,0.0062402496099844,0.0673076923076923,0.03425774877650897,0.0,0.05319148936170213,0.004761904761904762,0.02861952861952862,0.04866562009419152,0.004761904761904762,0.0,0.07407407407407407,0.3073170731707317,0.0,0.0998389694041868,0.1531986531986532,0.08940397350993377,0.0322061191626409,0.08347529812606473,0.0,0.006666666666666667,0.014446227929373997,0.014336917562724014,0.08881578947368421,0.0,0.032362459546925564,0.0440251572327044,0.056782334384858045,0.07704654895666131,0.036334913112164295,0.00322061191626409,0.05582137161084529,0.0016313213703099511,0.02996845425867508,0.02689075630252101,0.0032679738562091504,0.07861635220125786,0.041666666666666664,0.0,0.0970873786407767,0.08503401360544217,0.0016778523489932886,0.001652892561983471,0.10742496050552923,0.03918495297805643,0.0,0.030201342281879196,0.03827751196172249,0.04643962848297214,0.07515337423312883,0.028700906344410877,0.006734006734006734,0.048859934853420196,0.0,0.03134796238244514,0.054098360655737705,0.0688,0.025356576862123614,0.04952076677316294,0.015254237288135594,0.014516129032258065,0.00315955766192733,0.03179650238473768,0.03350970017636684,0.02145214521452145,0.011589403973509934,0.061488673139158574,0.059900166389351084,0.1376,0.07424960505529225,0.0015600624024961,0.0017035775127768314,0.007621951219512195,0.18066561014263074,0.0030534351145038168,0.05140961857379768,0.0015600624024961,0.037209302325581395,0.03565640194489465,0.07802547770700637,0.026490066225165563,0.0192,0.29545454545454547,0.11129296235679215,0.04700162074554295,0.0109375,0.014492753623188406,0.12863705972434916,0.0,0.025167785234899327,0.011217948717948718,0.0049261083743842365,0.008183306055646482,0.0016155088852988692,0.018691588785046728,0.11686390532544379,0.03801652892561983,0.010238907849829351,0.00906344410876133,0.01589825119236884,0.029411764705882353,0.22569444444444445,0.015197568389057751,0.016,0.04094488188976378,0.04383116883116883,0.04991394148020654,0.013628620102214651,0.03648424543946932,0.07142857142857142,0.05747126436781609,0.042105263157894736,0.014106583072100314,0.05161290322580645,0.09121621621621621,0.019448946515397084,0.03927986906710311,0.024875621890547265,0.0016155088852988692,0.017107309486780714,0.045,0.01904761904761905,0.021671826625386997,0.004934210526315789,0.12442396313364056,0.016366612111292964,0.047787610619469026,0.047787610619469026,0.01864406779661017,0.011494252873563218,0.07062600321027288,0.02635658914728682,0.080370942812983,0.04310344827586207,0.0,0.03531300160513644,0.0,0.0,0.11982248520710059,0.05245901639344262,0.0,0.012558869701726845,0.017350157728706624,0.04715447154471545,0.011382113821138212,0.0512,0.0065040650406504065,0.02434782608695652,0.02242152466367713,0.08256880733944955,0.060126582278481014,0.0,0.0,0.007961783439490446,0.009508716323296355,0.03770491803278689,0.09417808219178082,0.04746835443037975,0.07154471544715447,0.0,0.01129032258064516,0.0049586776859504135,0.021875,0.022913256955810146,0.024752475247524754,0.06259780907668232,0.008291873963515755,0.009852216748768473,0.0017921146953405018
2015,1,9,prevalence,0.0,0.026755852842809364,0.27182866556836904,0.0,0.2077922077922078,0.021487603305785124,0.1326219512195122,0.0,0.0016233766233766235,0.04272151898734177,0.0017064846416382253,0.14126984126984127,0.009852216748768473,0.055384615384615386,0.15609756097560976,0.0,0.0,0.0,0.25908372827804105,0.037337662337662336,0.010903426791277258,0.102803738317757,0.006430868167202572,0.0,0.0014771048744460858,0.050393700787401574,0.04897314375987362,0.07511737089201878,0.02564102564102564,0.01680672268907563,0.00667779632721202,0.011475409836065573,0.009569377990430622,0.055379746835443035,0.03940886699507389,0.0,0.07097791798107256,0.007974481658692184,0.03367003367003367,0.05343511450381679,0.001564945226917058,0.0,0.11842105263157894,0.33001658374792703,0.0,0.11464968152866242,0.17520661157024794,0.078125,0.027419354838709678,0.07525083612040134,0.0,0.001669449081803005,0.0124804992199688,0.02280701754385965,0.07717569786535304,0.0,0.052132701421800945,0.04874213836477988,0.04672897196261682,0.07424960505529225,0.027597402597402596,0.0,0.08214849921011058,0.008319467554076539,0.0202808112324493,0.03484320557491289,0.0032733224222585926,0.09546925566343042,0.03571428571428571,0.0,0.09791332263242375,0.11461794019933555,0.0016501650165016502,0.0,0.1583198707592892,0.029874213836477988,0.0,0.013333333333333334,0.02572347266881029,0.07608695652173914,0.04776579352850539,0.016152716593245228,0.013422818791946308,0.04258943781942078,0.0,0.022082018927444796,0.07011686143572621,0.0594059405940594,0.03442622950819672,0.0467741935483871,0.011764705882352941,0.015337423312883436,0.01779935275080906,0.029595015576323987,0.016304347826086956,0.013029315960912053,0.013029315960912053,0.08507223113964688,0.07705192629815745,0.14198473282442747,0.058919803600654665,0.001579778830963665,0.0016556291390728477,0.004552352048558422,0.1564945226917058,0.0030349013657056147,0.052100840336134456,0.003179650238473768,0.0391566265060241,0.026016260162601626,0.09379968203497616,0.024793388429752067,0.01740506329113924,0.24879614767255218,0.15213675213675212,0.02735042735042735,0.01437699680511182,0.024916943521594685,0.1636085626911315,0.0,0.030716723549488054,0.023734177215189875,0.0016778523489932886,0.0033500837520938024,0.0,0.01694915254237288,0.14883720930232558,0.023178807947019868,0.0033003300330033004,0.005822416302765648,0.013008130081300813,0.04661654135338346,0.265993265993266,0.0030911901081916537,0.004830917874396135,0.05263157894736842,0.0449438202247191,0.04770318021201413,0.01669449081803005,0.03642384105960265,0.045662100456621,0.058333333333333334,0.03784570596797671,0.009316770186335404,0.022727272727272728,0.058919803600654665,0.01155115511551155,0.08373590982286634,0.016611295681063124,0.0,0.0249609984399376,0.07742998352553541,0.028662420382165606,0.017214397496087636,0.005025125628140704,0.13137557959814528,0.0272,0.070298769771529,0.070298769771529,0.01957585644371941,0.011400651465798045,0.07547169811320754,0.029827315541601257,0.06818181818181818,0.04436860068259386,0.0017035775127768314,0.03642384105960265,0.0,0.004846526655896607,0.1122754491017964,0.0430622009569378,0.0016339869281045752,0.01866251944012442,0.015432098765432098,0.05144694533762058,0.008237232289950576,0.056338028169014086,0.008116883116883116,0.02877697841726619,0.022222222222222223,0.0654490106544901,0.09331259720062209,0.0032679738562091504,0.004629629629629629,0.008116883116883116,0.001579778830963665,0.02086677367576244,0.11513157894736842,0.04043545878693624,0.0755336617405583,0.0,0.03305785123966942,0.0016025641025641025,0.010736196319018405,0.05237315875613748,0.011363636363636364,0.039755351681957186,0.008532423208191127,0.015151515151515152,0.0017391304347826088
2016,1,9,prevalence,0.0,0.02905982905982906,0.2,0.0,0.23225806451612904,0.03648424543946932,0.17546583850931677,0.0,0.001607717041800643,0.04874213836477988,0.0017064846416382253,0.12824675324675325,0.025196850393700787,0.04472843450479233,0.17886178861788618,0.0,0.0,0.0,0.3157894736842105,0.022988505747126436,0.01875,0.09728867623604466,0.013050570962479609,0.0,0.0,0.04700162074554295,0.05674846625766871,0.09006211180124224,0.024305555555555556,0.019769357495881382,0.001692047377326565,0.004918032786885246,0.019543973941368076,0.05529225908372828,0.03511705685618729,0.0,0.05221518987341772,0.004702194357366771,0.02533783783783784,0.05993690851735016,0.001584786053882726,0.0,0.13290113452188007,0.3464052287581699,0.003424657534246575,0.10301109350237718,0.21487603305785125,0.09803921568627451,0.024271844660194174,0.07517482517482517,0.0,0.003215434083601286,0.012738853503184714,0.02249134948096886,0.04590163934426229,0.0,0.04746835443037975,0.048286604361370715,0.04133545310015898,0.08722741433021806,0.04326923076923077,0.0,0.11605723370429252,0.0066555740432612314,0.01597444089456869,0.016835016835016835,0.00819672131147541,0.12218649517684887,0.03508771929824561,0.0,0.11773940345368916,0.11774461028192372,0.0016863406408094434,0.0,0.2703583061889251,0.02618657937806874,0.0,0.019769357495881382,0.030015797788309637,0.11004784688995216,0.033123028391167195,0.02848575712143928,0.02181208053691275,0.03806228373702422,0.0,0.03134796238244514,0.060755336617405585,0.09602649006622517,0.048013245033112585,0.05823627287853577,0.025684931506849314,0.027439024390243903,0.011075949367088608,0.022222222222222223,0.0071301247771836,0.0064516129032258064,0.009836065573770493,0.0959119496855346,0.11764705882352941,0.1346153846153846,0.0858085808580858,0.0,0.0016286644951140066,0.0015527950310559005,0.1485148514851485,0.0,0.05930807248764415,0.0,0.016845329249617153,0.03821656050955414,0.09235668789808917,0.013289036544850499,0.02050473186119874,0.208130081300813,0.13513513513513514,0.02226027397260274,0.016025641025641024,0.047775947281713346,0.18818040435458788,0.0,0.027210884353741496,0.037383177570093455,0.003401360544217687,0.0017211703958691911,0.0,0.02450229709035222,0.16084977238239756,0.022617124394184167,0.0016339869281045752,0.013677811550151976,0.00792393026941363,0.042748091603053436,0.2621527777777778,0.009188361408882083,0.006379585326953748,0.0416,0.0554675118858954,0.06434782608695652,0.018456375838926176,0.03904923599320883,0.07098765432098765,0.03166666666666667,0.027696793002915453,0.017241379310344827,0.02287581699346405,0.08032786885245902,0.008090614886731391,0.08412698412698413,0.014900662251655629,0.0,0.030959752321981424,0.04792332268370607,0.0375,0.030448717948717948,0.0016181229773462784,0.09119496855345911,0.02689873417721519,0.07180385288966724,0.07180385288966724,0.016666666666666666,0.013157894736842105,0.07026143790849673,0.029780564263322883,0.09878419452887538,0.0436241610738255,0.0016420361247947454,0.03453947368421053,0.0,0.006462035541195477,0.08357771260997067,0.04213938411669368,0.0016666666666666668,0.049766718506998445,0.014469453376205787,0.05536912751677853,0.003367003367003367,0.08487654320987655,0.004862236628849271,0.030612244897959183,0.0336,0.07738998482549317,0.10443037974683544,0.008143322475570033,0.0091324200913242,0.008130081300813009,0.004702194357366771,0.03494176372712146,0.12315270935960591,0.04173354735152488,0.10738255033557047,0.0,0.061191626409017714,0.0031496062992125984,0.018779342723004695,0.05405405405405406,0.008103727714748784,0.048513302034428794,0.02866779089376054,0.018518518518518517,0.0
2017,1,9,prevalence,0.0,0.03529411764705882,0.1614497528830313,0.0,0.24262295081967214,0.06389776357827476,0.15064102564102563,0.0,0.001594896331738437,0.04643962848297214,0.0016638935108153079,0.15311004784688995,0.028708133971291867,0.05511811023622047,0.2012987012987013,0.0,0.001589825119236884,0.0,0.22063492063492063,0.02511773940345369,0.004702194357366771,0.1308562197092084,0.024350649350649352,0.0,0.0,0.04567699836867863,0.036741214057507986,0.09305993690851735,0.02023608768971332,0.02138157894736842,0.0017064846416382253,0.006644518272425249,0.028391167192429023,0.0565149136577708,0.03442622950819672,0.0,0.049206349206349205,0.0031746031746031746,0.023809523809523808,0.04961240310077519,0.001589825119236884,0.0,0.10277324632952692,0.22383252818035426,0.001697792869269949,0.0794392523364486,0.21360759493670886,0.08261617900172118,0.021103896103896104,0.043327556325823226,0.0,0.006389776357827476,0.013008130081300813,0.011986301369863013,0.04567699836867863,0.0,0.0583596214511041,0.0515625,0.03554868624420402,0.11058451816745656,0.06761006289308176,0.0,0.13968253968253969,0.004934210526315789,0.01098901098901099,0.017094017094017096,0.01652892561983471,0.1573926868044515,0.01765650080256822,0.0015748031496062992,0.13312693498452013,0.10317460317460317,0.0016556291390728477,0.0016556291390728477,0.31864406779661014,0.024,0.0,0.024916943521594685,0.020537124802527645,0.12695924764890282,0.03773584905660377,0.013513513513513514,0.01788617886178862,0.04067796610169491,0.0,0.023291925465838508,0.07525083612040134,0.06218487394957983,0.05704697986577181,0.06026058631921824,0.03367003367003367,0.021212121212121213,0.0031746031746031746,0.011146496815286623,0.01694915254237288,0.004807692307692308,0.00975609756097561,0.06614173228346457,0.17569786535303777,0.1282442748091603,0.10204081632653061,0.0015600624024961,0.0015723270440251573,0.0,0.13398692810457516,0.0,0.05237315875613748,0.0,0.014492753623188406,0.053833605220228384,0.09775641025641026,0.02631578947368421,0.01875,0.17993630573248406,0.17717206132879046,0.03454231433506045,0.009448818897637795,0.02922077922077922,0.20030816640986132,0.0016611295681063123,0.022452504317789293,0.03582554517133956,0.01060070671378092,0.005050505050505051,0.0,0.01687116564417178,0.19359756097560976,0.017628205128205128,0.0016339869281045752,0.010542168674698794,0.017488076311605722,0.05873261205564142,0.2204861111111111,0.0182370820668693,0.006420545746388443,0.0315955766192733,0.056338028169014086,0.08551483420593368,0.015254237288135594,0.024013722126929673,0.08018867924528301,0.027257240204429302,0.03524229074889868,0.007739938080495356,0.027642276422764227,0.06929133858267716,0.0016313213703099511,0.09457364341085271,0.014925373134328358,0.0,0.03245749613601236,0.053712480252764615,0.02564102564102564,0.035256410256410256,0.00794912559618442,0.10668789808917198,0.026490066225165563,0.09705372616984402,0.09705372616984402,0.0032258064516129032,0.0214168039538715,0.08196721311475409,0.045871559633027525,0.10074074074074074,0.048154093097913325,0.0016051364365971107,0.03793103448275862,0.0,0.004702194357366771,0.09748892171344166,0.024311183144246355,0.0,0.059907834101382486,0.02388535031847134,0.0821917808219178,0.0016863406408094434,0.14479638009049775,0.006389776357827476,0.026359143327841845,0.04120443740095087,0.059375,0.10140405616224649,0.008025682182985553,0.009202453987730062,0.006430868167202572,0.0030816640986132513,0.035897435897435895,0.1264,0.025437201907790145,0.0845771144278607,0.0,0.04897314375987362,0.0062402496099844,0.023006134969325152,0.05536912751677853,0.0,0.033950617283950615,0.03145695364238411,0.010327022375215147,0.0
2018,1,9,prevalence,0.0,0.040955631399317405,0.13001605136436598,0.0,0.20066889632107024,0.07741935483870968,0.1629746835443038,0.0,0.001652892561983471,0.078003120124805,0.0016286644951140066,0.1212624584717608,0.02922077922077922,0.10210696920583469,0.19902120717781402,0.0,0.0,0.0,0.1529968454258675,0.013008130081300813,0.007751937984496124,0.17703349282296652,0.031746031746031744,0.0,0.0,0.027823240589198037,0.02511773940345369,0.12579617834394904,0.04047217537942664,0.01468189233278956,0.0016666666666666668,0.008517887563884156,0.045454545454545456,0.034976152623211444,0.03054662379421222,0.0,0.04806201550387597,0.0064,0.024429967426710098,0.03709428129829984,0.001584786053882726,0.0,0.11348684210526316,0.13893376413570274,0.003436426116838488,0.0696594427244582,0.21061093247588425,0.08739495798319327,0.029275808936825885,0.029159519725557463,0.0,0.011128775834658187,0.012924071082390954,0.011904761904761904,0.05638474295190713,0.0,0.06074766355140187,0.05692307692307692,0.04075235109717868,0.13076923076923078,0.11400651465798045,0.0,0.13015873015873017,0.0033222591362126247,0.009448818897637795,0.03741496598639456,0.009819967266775777,0.14896988906497624,0.024549918166939442,0.0031496062992125984,0.1150855365474339,0.08503937007874016,0.001694915254237288,0.0,0.2764900662251656,0.009419152276295133,0.0,0.02138157894736842,0.0220125786163522,0.19751166407465007,0.02821316614420063,0.017191977077363897,0.013071895424836602,0.031879194630872486,0.0,0.015873015873015872,0.12151067323481117,0.06462035541195477,0.05016722408026756,0.04451510333863275,0.03171953255425709,0.03323262839879154,0.0032102728731942215,0.00949367088607595,0.025380710659898477,0.011093502377179081,0.011705685618729096,0.05466237942122187,0.17656500802568217,0.10307692307692308,0.10552763819095477,0.004672897196261682,0.001567398119122257,0.0,0.09967845659163987,0.0015060240963855422,0.032467532467532464,0.0,0.02903225806451613,0.039936102236421724,0.10929853181076672,0.015126050420168067,0.026856240126382307,0.14192495921696574,0.19444444444444445,0.06143344709897611,0.03571428571428571,0.019867549668874173,0.1856,0.0016181229773462784,0.027210884353741496,0.03821656050955414,0.010771992818671455,0.008517887563884156,0.0017035775127768314,0.02694610778443114,0.1731066460587326,0.009433962264150943,0.00667779632721202,0.004451038575667656,0.015479876160990712,0.08242612752721618,0.19594594594594594,0.012558869701726845,0.008090614886731391,0.022764227642276424,0.0483619344773791,0.13659359190556492,0.01658374792703151,0.022452504317789293,0.08121019108280254,0.029616724738675958,0.035346097201767304,0.009230769230769232,0.04674457429048414,0.06436420722135008,0.0,0.09767441860465116,0.027874564459930314,0.0,0.06200317965023847,0.05844155844155844,0.019543973941368076,0.04084967320261438,0.0032102728731942215,0.1111111111111111,0.018272425249169437,0.11317567567567567,0.11317567567567567,0.0016339869281045752,0.025974025974025976,0.09060955518945635,0.06481481481481481,0.06595092024539877,0.048513302034428794,0.0015822784810126582,0.04679376083188908,0.0,0.0015723270440251573,0.08708708708708708,0.0110062893081761,0.0,0.07087827426810478,0.009868421052631578,0.07666098807495741,0.0051635111876075735,0.16390977443609023,0.004608294930875576,0.03015075376884422,0.05271828665568369,0.0703125,0.07834101382488479,0.012658227848101266,0.009508716323296355,0.0031201248049922,0.0,0.03966942148760331,0.10112359550561797,0.020030816640986132,0.12211221122112212,0.0,0.03937007874015748,0.006220839813374806,0.02786377708978328,0.044407894736842105,0.0015923566878980893,0.052715654952076675,0.024509803921568627,0.011764705882352941,0.001718213058419244
2019,1,9,prevalence,0.001524390243902439,0.026272577996715927,0.13268608414239483,0.0016260162601626016,0.13099041533546327,0.08585055643879173,0.17731629392971246,0.0,0.0,0.10543130990415335,0.0015873015873015873,0.12333333333333334,0.03470031545741325,0.1038961038961039,0.22926829268292684,0.0,0.0,0.0,0.11942675159235669,0.011589403973509934,0.001594896331738437,0.21879815100154082,0.0352760736196319,0.0,0.0014749262536873156,0.027210884353741496,0.024615384615384615,0.1619496855345912,0.05414551607445008,0.02145214521452145,0.0,0.024115755627009645,0.047244094488188976,0.027375201288244767,0.03482587064676617,0.0,0.054602184087363496,0.009259259259259259,0.014354066985645933,0.03470031545741325,0.001564945226917058,0.0,0.10344827586206896,0.13942307692307693,0.00686106346483705,0.07453416149068323,0.17767295597484276,0.08305647840531562,0.0390625,0.042444821731748725,0.0,0.021671826625386997,0.016,0.008375209380234505,0.05271828665568369,0.0,0.06485671191553545,0.09409888357256778,0.031545741324921134,0.121875,0.13344316309719934,0.0,0.13442622950819672,0.001669449081803005,0.007680491551459293,0.044189852700491,0.003278688524590164,0.10492845786963434,0.04462809917355372,0.006389776357827476,0.12883435582822086,0.10061919504643962,0.0,0.0,0.18493150684931506,0.019417475728155338,0.0015748031496062992,0.018581081081081082,0.03639240506329114,0.26998491704374056,0.05221518987341772,0.011851851851851851,0.010186757215619695,0.03431372549019608,0.0,0.004761904761904762,0.13442622950819672,0.09233176838810642,0.07119205298013245,0.03745928338762215,0.019801980198019802,0.015408320493066256,0.0,0.009584664536741214,0.016891891891891893,0.019077901430842606,0.02040816326530612,0.05422647527910686,0.2125984251968504,0.09582689335394126,0.09391304347826086,0.007874015748031496,0.0,0.0,0.1056,0.0015313935681470138,0.029173419773095625,0.0,0.036605657237936774,0.04285714285714286,0.08617886178861789,0.009917355371900827,0.026771653543307086,0.10810810810810811,0.18771331058020477,0.05008347245409015,0.05228758169934641,0.012965964343598054,0.21555915721231766,0.0,0.025210084033613446,0.027993779160186624,0.019963702359346643,0.008291873963515755,0.0033277870216306157,0.022900763358778626,0.21393841166936792,0.015360983102918587,0.011570247933884297,0.0075075075075075074,0.017107309486780714,0.09612403100775194,0.11993243243243243,0.017741935483870968,0.003389830508474576,0.014446227929373997,0.0609375,0.15268456375838926,0.013377926421404682,0.035211267605633804,0.09210526315789473,0.014084507042253521,0.032208588957055216,0.009146341463414634,0.052100840336134456,0.08850931677018634,0.0,0.17357910906298002,0.043402777777777776,0.0,0.06027820710973725,0.06739811912225706,0.015822784810126583,0.06655844155844155,0.0,0.10078740157480315,0.018581081081081082,0.11663807890222985,0.11663807890222985,0.0,0.03205128205128205,0.07142857142857142,0.061933534743202415,0.07154213036565978,0.05417956656346749,0.0015873015873015873,0.05387205387205387,0.0,0.0015479876160990713,0.0776255707762557,0.02040816326530612,0.0,0.07430340557275542,0.005084745762711864,0.04591836734693878,0.0034482758620689655,0.2100456621004566,0.00303951367781155,0.016260162601626018,0.03814262023217247,0.057722308892355696,0.07395993836671803,0.00641025641025641,0.011058451816745656,0.0,0.0,0.03099510603588907,0.09724473257698542,0.01238390092879257,0.2169657422512235,0.0,0.06729264475743349,0.0015337423312883436,0.04311774461028192,0.04051863857374392,0.0,0.043478260869565216,0.05152979066022544,0.01615508885298869,0.0
2020,1,9,prevalence,0.0015625,0.01892744479495268,0.19117647058823528,0.001694915254237288,0.08051529790660225,0.10543130990415335,0.17335473515248795,0.0,0.0,0.14641744548286603,0.0016181229773462784,0.08485856905158069,0.02702702702702703,0.11129032258064517,0.19672131147540983,0.0,0.0,0.0,0.1076158940397351,0.008333333333333333,0.0,0.1875,0.055299539170506916,0.0,0.0,0.024793388429752067,0.03358778625954199,0.17896389324960754,0.06806282722513089,0.028846153846153848,0.0,0.014331210191082803,0.0473186119873817,0.018487394957983194,0.02471169686985173,0.0,0.08945686900958466,0.0031545741324921135,0.024154589371980676,0.02262443438914027,0.0015503875968992248,0.0,0.0812603648424544,0.1308562197092084,0.006711409395973154,0.05337519623233909,0.15477996965098634,0.07534246575342465,0.06758832565284179,0.047058823529411764,0.0,0.021035598705501618,0.007836990595611285,0.009693053311793215,0.019064124783362217,0.0,0.07929515418502203,0.11057692307692307,0.04961240310077519,0.13003095975232198,0.16747181964573268,0.0015384615384615385,0.10651828298887123,0.008064516129032258,0.018575851393188854,0.04672897196261682,0.004901960784313725,0.07836990595611286,0.03015075376884422,0.0064516129032258064,0.1189358372456964,0.08850931677018634,0.0,0.0,0.12685337726523888,0.028081123244929798,0.0,0.022336769759450172,0.024193548387096774,0.29878048780487804,0.05642633228840126,0.013595166163141994,0.0016722408026755853,0.02073365231259968,0.0,0.0112,0.1819645732689211,0.07332293291731669,0.08695652173913043,0.03691813804173355,0.023411371237458192,0.02556390977443609,0.0033277870216306157,0.023809523809523808,0.02861952861952862,0.024271844660194174,0.03547297297297297,0.0492845786963434,0.2006269592476489,0.08689024390243902,0.0831889081455806,0.001589825119236884,0.0,0.0,0.09018987341772151,0.001564945226917058,0.036741214057507986,0.0,0.02127659574468085,0.04107424960505529,0.06873977086743044,0.0,0.028526148969889066,0.12355848434925865,0.16298811544991512,0.07213114754098361,0.03425774877650897,0.0033333333333333335,0.18298555377207062,0.0,0.019736842105263157,0.03426791277258567,0.02158273381294964,0.006666666666666667,0.004878048780487805,0.0218408736349454,0.16166666666666665,0.010719754977029096,0.01951219512195122,0.006153846153846154,0.021739130434782608,0.11904761904761904,0.12241379310344827,0.022690437601296597,0.008319467554076539,0.022988505747126436,0.037914691943127965,0.17758620689655172,0.02702702702702703,0.05714285714285714,0.08603896103896104,0.012089810017271158,0.04961240310077519,0.004594180704441042,0.07177814029363784,0.07716049382716049,0.0,0.1646525679758308,0.04568527918781726,0.0,0.09516380655226209,0.06832298136645963,0.01088646967340591,0.09967320261437909,0.0,0.0953125,0.008223684210526315,0.12106135986733002,0.12106135986733002,0.0015873015873015873,0.027642276422764227,0.04560810810810811,0.08623298033282904,0.07923930269413629,0.027906976744186046,0.004694835680751174,0.044673539518900345,0.0,0.0015527950310559005,0.07716049382716049,0.009375,0.0,0.0875796178343949,0.0017064846416382253,0.040336134453781515,0.0,0.22003034901365706,0.0029585798816568047,0.015873015873015872,0.026533996683250415,0.03732503888024884,0.04461538461538461,0.0016286644951140066,0.0016286644951140066,0.0,0.0,0.01607717041800643,0.0825242718446602,0.018779342723004695,0.24874791318864775,0.0,0.0847457627118644,0.0,0.04923599320882852,0.030844155844155844,0.0,0.05950413223140496,0.05194805194805195,0.01740506329113924,0.0
2021,1,9,prevalence,0.001607717041800643,0.02377179080824089,0.1645367412140575,0.0017421602787456446,0.08417508417508418,0.10426540284360189,0.13666666666666666,0.0,0.0016313213703099511,0.16377952755905512,0.0016155088852988692,0.09982788296041308,0.009693053311793215,0.088379705400982,0.13666666666666666,0.0,0.0,0.0,0.08032786885245902,0.01155115511551155,0.0,0.18944099378881987,0.050955414012738856,0.0,0.0,0.02145214521452145,0.0421216848673947,0.16019417475728157,0.06070826306913996,0.0256,0.0,0.00644122383252818,0.0379746835443038,0.01340033500837521,0.01461038961038961,0.0,0.11056105610561057,0.006329113924050633,0.014446227929373997,0.02332814930015552,0.0015015015015015015,0.0,0.06969205834683954,0.1053484602917342,0.0065040650406504065,0.038880248833592534,0.1474164133738602,0.1111111111111111,0.07575757575757576,0.059800664451827246,0.0,0.01990049751243781,0.0046875,0.012539184952978056,0.023972602739726026,0.0,0.11589895988112928,0.11323763955342903,0.04314329738058552,0.172859450726979,0.12581699346405228,0.0031007751937984496,0.09713375796178345,0.021035598705501618,0.021311475409836064,0.036753445635528334,0.009884678747940691,0.06389776357827476,0.020134228187919462,0.006493506493506494,0.0828125,0.08548387096774193,0.0,0.0,0.09302325581395349,0.023923444976076555,0.0,0.023688663282571912,0.04292527821939587,0.2572741194486983,0.057692307692307696,0.00473186119873817,0.0016025641025641025,0.008077544426494346,0.0017241379310344827,0.007886435331230283,0.1889763779527559,0.08411214953271028,0.10569105691056911,0.029900332225913623,0.05016722408026756,0.021538461538461538,0.0,0.039619651347068144,0.04013377926421405,0.029411764705882353,0.024509803921568627,0.046224961479198766,0.1750788643533123,0.07435508345978756,0.059602649006622516,0.003246753246753247,0.0015267175572519084,0.0,0.047839506172839504,0.0015337423312883436,0.03210272873194221,0.0,0.026936026936026935,0.0529595015576324,0.07236842105263158,0.0,0.0273972602739726,0.12317666126418152,0.12706270627062707,0.1152,0.03130148270181219,0.004885993485342019,0.12111292962356793,0.0,0.014975041597337771,0.03514376996805112,0.04355400696864112,0.004909983633387889,0.00333889816360601,0.03627760252365931,0.1378737541528239,0.020440251572327043,0.026856240126382307,0.004615384615384616,0.03852080123266564,0.12898089171974522,0.11519198664440734,0.02459016393442623,0.012658227848101266,0.02750809061488673,0.03755868544600939,0.20203735144312393,0.03333333333333333,0.06239737274220033,0.07765451664025357,0.02464788732394366,0.04716981132075472,0.0046801872074883,0.09033280507131537,0.07573415765069552,0.0,0.17567567567567569,0.04013377926421405,0.0,0.1140625,0.0717557251908397,0.01386748844375963,0.12166666666666667,0.0,0.09006211180124224,0.003246753246753247,0.1330049261083744,0.1330049261083744,0.0,0.02138157894736842,0.06076388888888889,0.10930576070901034,0.07717041800643087,0.017543859649122806,0.003194888178913738,0.04671280276816609,0.0,0.0030959752321981426,0.041666666666666664,0.012345679012345678,0.0,0.10742496050552923,0.0017094017094017094,0.05583756345177665,0.006472491909385114,0.19817073170731708,0.00303951367781155,0.027070063694267517,0.03273322422258593,0.058637083993660855,0.06471494607087827,0.0016286644951140066,0.003257328990228013,0.0,0.0,0.006369426751592357,0.0998389694041868,0.0218408736349454,0.3011456628477905,0.0016835016835016834,0.17829457364341086,0.0015060240963855422,0.044407894736842105,0.03365384615384615,0.0,0.06611570247933884,0.05704697986577181,0.015552099533437015,0.0
2022,1,9,prevalence,0.0015625,0.018604651162790697,0.24056603773584906,0.0017271157167530224,0.09246575342465753,0.09345794392523364,0.09060955518945635,0.0,0.0016,0.16049382716049382,0.0016181229773462784,0.09621993127147767,0.009708737864077669,0.1256198347107438,0.09235668789808917,0.0,0.0,0.0,0.0706896551724138,0.011627906976744186,0.0,0.16025641025641027,0.051364365971107544,0.0015625,0.0,0.03460207612456748,0.04173106646058733,0.14446227929373998,0.04452054794520548,0.042483660130718956,0.0,0.011400651465798045,0.031446540880503145,0.014657980456026058,0.012987012987012988,0.0,0.14469453376205788,0.0032,0.008169934640522876,0.019817073170731708,0.0015015015015015015,0.0,0.07188498402555911,0.08500772797527048,0.004862236628849271,0.051515151515151514,0.1148036253776435,0.10754414125200643,0.0549618320610687,0.042071197411003236,0.0,0.03666666666666667,0.004608294930875576,0.01904761904761905,0.03747870528109029,0.0,0.14176829268292682,0.16108452950558214,0.04294478527607362,0.1567043618739903,0.1494435612082671,0.0045871559633027525,0.10543130990415335,0.02593192868719611,0.025682182985553772,0.025835866261398176,0.004934210526315789,0.0528,0.018803418803418803,0.006589785831960461,0.0554675118858954,0.0722495894909688,0.0,0.0,0.08703071672354949,0.021103896103896104,0.0,0.022988505747126436,0.032407407407407406,0.21553090332805072,0.02809917355371901,0.0109204368174727,0.0,0.017350157728706624,0.0016891891891891893,0.003125,0.14710485133020346,0.07608695652173914,0.13838550247116968,0.01903114186851211,0.043689320388349516,0.02748091603053435,0.0,0.040880503144654086,0.03204047217537943,0.03129890453834116,0.01904761904761905,0.05614567526555387,0.15336463223787167,0.04643962848297214,0.06919275123558484,0.006644518272425249,0.0015128593040847202,0.0,0.0319634703196347,0.0016129032258064516,0.03803486529318542,0.0016181229773462784,0.03209459459459459,0.0436817472698908,0.08598726114649681,0.0,0.026771653543307086,0.1040650406504065,0.10344827586206896,0.164576802507837,0.036243822075782535,0.006546644844517185,0.1111111111111111,0.0,0.02287581699346405,0.024,0.05344827586206897,0.006359300476947536,0.0032626427406199023,0.06278713629402756,0.11292962356792144,0.032507739938080496,0.02857142857142857,0.007836990595611285,0.03761755485893417,0.11251980982567353,0.10638297872340426,0.03745928338762215,0.01592356687898089,0.01639344262295082,0.036753445635528334,0.21405228758169934,0.05163511187607573,0.060995184590690206,0.05396825396825397,0.01384083044982699,0.040880503144654086,0.012558869701726845,0.11446740858505565,0.04725609756097561,0.0,0.19722650231124808,0.04452054794520548,0.0,0.16124031007751938,0.0782472613458529,0.006144393241167435,0.13028764805414553,0.0,0.06158833063209076,0.004893964110929853,0.13752122241086587,0.13752122241086587,0.0,0.0141287284144427,0.041237113402061855,0.16767371601208458,0.10543657331136738,0.01488095238095238,0.006359300476947536,0.045060658578856154,0.0,0.0030303030303030303,0.041935483870967745,0.02403846153846154,0.0,0.15384615384615385,0.0,0.06030150753768844,0.009724473257698542,0.1933028919330289,0.0015455950540958269,0.02786377708978328,0.04111842105263158,0.0713128038897893,0.030721966205837174,0.0,0.01001669449081803,0.0,0.0,0.0033112582781456954,0.08702531645569621,0.020602218700475437,0.21,0.001644736842105263,0.3042121684867395,0.001567398119122257,0.048701298701298704,0.024311183144246355,0.0,0.07755775577557755,0.06403940886699508,0.02197802197802198,0.0
2023,1,9,prevalence,0.0015408320493066256,0.025157232704402517,0.3300970873786408,0.0017513134851138354,0.08561643835616438,0.09312977099236641,0.0888529886914378,0.0,0.0016181229773462784,0.165625,0.0016556291390728477,0.09878682842287695,0.011456628477905073,0.20447284345047922,0.08520900321543408,0.0,0.0,0.0,0.08013355592654424,0.022838499184339316,0.0,0.15396578538102643,0.07802547770700637,0.001567398119122257,0.0016313213703099511,0.03430531732418525,0.07585139318885449,0.1776,0.03482587064676617,0.03431372549019608,0.0,0.010903426791277258,0.023622047244094488,0.01990049751243781,0.011570247933884297,0.0,0.14733542319749215,0.00315955766192733,0.009852216748768473,0.018154311649016642,0.001607717041800643,0.0,0.05608974358974359,0.06761006289308176,0.0032679738562091504,0.0529500756429652,0.08333333333333333,0.11875,0.07290015847860538,0.03559870550161812,0.0,0.05149501661129568,0.003129890453834116,0.02037617554858934,0.05843071786310518,0.0016638935108153079,0.14513788098693758,0.13535031847133758,0.054878048780487805,0.12101910828025478,0.14215686274509803,0.004573170731707317,0.09032258064516129,0.01901743264659271,0.027419354838709678,0.015503875968992248,0.00322061191626409,0.04430379746835443,0.01692047377326565,0.006611570247933884,0.055105348460291734,0.05573770491803279,0.0,0.0,0.07060755336617405,0.027463651050080775,0.0,0.02159468438538206,0.031746031746031744,0.17147192716236723,0.025684931506849314,0.006153846153846154,0.0,0.0322061191626409,0.0016313213703099511,0.0,0.115625,0.06847133757961783,0.11794019933554817,0.028286189683860232,0.03821656050955414,0.022556390977443608,0.004815409309791332,0.046153846153846156,0.03225806451612903,0.02945736434108527,0.02336448598130841,0.07132018209408195,0.13798219584569732,0.0426179604261796,0.08153078202995008,0.0048543689320388345,0.0015337423312883436,0.0,0.02689873417721519,0.0016207455429497568,0.04823151125401929,0.001610305958132045,0.03442622950819672,0.0423861852433281,0.09470304975922954,0.0015873015873015873,0.027649769585253458,0.09967845659163987,0.10344827586206896,0.1746031746031746,0.025167785234899327,0.0065252854812398045,0.1076158940397351,0.0,0.029556650246305417,0.03398058252427184,0.049403747870528106,0.006299212598425197,0.003179650238473768,0.0374414976599064,0.11864406779661017,0.020186335403726708,0.03343949044585987,0.0015384615384615385,0.032948929159802305,0.12480252764612954,0.1371900826446281,0.03361344537815126,0.01437699680511182,0.01751592356687898,0.0410958904109589,0.18253968253968253,0.07155025553662692,0.04118616144975288,0.03054662379421222,0.008237232289950576,0.03815580286168521,0.03164556962025317,0.14705882352941177,0.02252252252252252,0.0,0.1497659906396256,0.039655172413793106,0.0,0.16875,0.06666666666666667,0.007680491551459293,0.12020033388981637,0.0,0.05144694533762058,0.001607717041800643,0.1825938566552901,0.1825938566552901,0.0,0.020155038759689922,0.02768166089965398,0.17194570135746606,0.09688013136288999,0.021021021021021023,0.0030959752321981426,0.04903677758318739,0.0015600624024961,0.004470938897168405,0.03902439024390244,0.03464566929133858,0.0,0.1634304207119741,0.0016778523489932886,0.043973941368078175,0.009787928221859706,0.1753846153846154,0.0015220700152207,0.03538461538461538,0.03494176372712146,0.07107438016528926,0.02066772655007949,0.0,0.006568144499178982,0.0,0.0,0.0032626427406199023,0.05331179321486268,0.026687598116169546,0.17725752508361203,0.0016750418760469012,0.33487654320987653,0.0015015015015015015,0.04950495049504951,0.017741935483870968,0.0,0.026845637583892617,0.06270096463022508,0.04043545878693624,0.0
2024,1,9,prevalence,0.0015174506828528073,0.025078369905956112,0.277337559429477,0.0017667844522968198,0.09722222222222222,0.08763693270735524,0.06430868167202572,0.0,0.0016638935108153079,0.159375,0.0016233766233766235,0.11330049261083744,0.01951219512195122,0.13570274636510501,0.0981012658227848,0.0,0.0,0.0,0.08896210873146623,0.014563106796116505,0.0,0.17209302325581396,0.11456628477905073,0.0015527950310559005,0.003401360544217687,0.026533996683250415,0.051036682615629984,0.18370607028753994,0.03289473684210526,0.04173354735152488,0.001564945226917058,0.007898894154818325,0.0171875,0.01155115511551155,0.0064,0.0015267175572519084,0.15301391035548687,0.0015923566878980893,0.014634146341463415,0.009188361408882083,0.001597444089456869,0.0,0.04276315789473684,0.08163265306122448,0.001557632398753894,0.05084745762711865,0.08669656203288491,0.11676646706586827,0.0656,0.049019607843137254,0.0,0.06557377049180328,0.004672897196261682,0.03930817610062893,0.07142857142857142,0.001718213058419244,0.15015015015015015,0.1262135922330097,0.04675716440422323,0.13848631239935588,0.12459546925566344,0.004658385093167702,0.076158940397351,0.0032,0.019417475728155338,0.005961251862891207,0.006734006734006734,0.0423861852433281,0.026845637583892617,0.0033277870216306157,0.03286384976525822,0.03171953255425709,0.0,0.0,0.07692307692307693,0.03927986906710311,0.0,0.014802631578947368,0.029827315541601257,0.1448382126348228,0.03005008347245409,0.0015625,0.0,0.014150943396226415,0.0,0.0,0.11317829457364341,0.08386075949367089,0.09492635024549918,0.041390728476821195,0.02190923317683881,0.02009273570324575,0.004893964110929853,0.06346749226006192,0.03542673107890499,0.046031746031746035,0.026033690658499236,0.0366412213740458,0.10510046367851623,0.06441717791411043,0.09197324414715718,0.003125,0.0,0.0,0.03594771241830065,0.001644736842105263,0.04918032786885246,0.001567398119122257,0.045075125208681135,0.05451713395638629,0.08681672025723473,0.0,0.025914634146341462,0.09968354430379747,0.1,0.14086687306501547,0.024671052631578948,0.00487012987012987,0.10963455149501661,0.0,0.01485148514851485,0.04662379421221865,0.03395585738539898,0.006134969325153374,0.0015923566878980893,0.021638330757341576,0.08881578947368421,0.017054263565891473,0.026016260162601626,0.007836990595611285,0.027823240589198037,0.10457516339869281,0.1266233766233766,0.0380794701986755,0.022764227642276424,0.0015625,0.04813664596273292,0.12261146496815287,0.05574912891986063,0.021630615640599003,0.050314465408805034,0.004846526655896607,0.0361247947454844,0.05732484076433121,0.13432835820895522,0.02627511591962906,0.0,0.13162118780096307,0.03553299492385787,0.0,0.14641744548286603,0.07236842105263158,0.00927357032457496,0.14772727272727273,0.001694915254237288,0.06320907617504051,0.00487012987012987,0.1734006734006734,0.1734006734006734,0.0,0.02040816326530612,0.02218430034129693,0.19076923076923077,0.08673469387755102,0.014947683109118086,0.003125,0.05536332179930796,0.0032258064516129032,0.0015128593040847202,0.039473684210526314,0.054187192118226604,0.0015552099533437014,0.15481832543443919,0.008417508417508417,0.05172413793103448,0.004893964110929853,0.18351477449455678,0.0,0.04626865671641791,0.030694668820678513,0.0642504118616145,0.012841091492776886,0.0,0.024834437086092714,0.0,0.0,0.008223684210526315,0.07049180327868852,0.00964630225080386,0.15650741350906094,0.0016611295681063123,0.2909090909090909,0.001557632398753894,0.059654631083202514,0.02336448598130841,0.0030349013657056147,0.037037037037037035,0.07476635514018691,0.027522935779816515,0.0
2025,1,9,prevalence,0.0,0.022435897435897436,0.27821939586645467,0.0,0.09183673469387756,0.1026438569206843,0.04126984126984127,0.0,0.0016806722689075631,0.20125786163522014,0.0015873015873015873,0.08842443729903537,0.021172638436482084,0.12153846153846154,0.0896,0.0015772870662460567,0.0,0.0,0.07792207792207792,0.011041009463722398,0.001564945226917058,0.19575113808801214,0.0898876404494382,0.001557632398753894,0.0016891891891891893,0.023411371237458192,0.045307443365695796,0.1892744479495268,0.01564945226917058,0.04383116883116883,0.001557632398753894,0.0031545741324921135,0.025,0.0033277870216306157,0.009478672985781991,0.0015220700152207,0.16024653312788906,0.0,0.025396825396825397,0.010852713178294573,0.0015600624024961,0.0016025641025641025,0.05804311774461028,0.09331259720062209,0.0015267175572519084,0.05597579425113464,0.11808669656203288,0.12574850299401197,0.060882800608828,0.054140127388535034,0.0,0.07457627118644068,0.001579778830963665,0.029141104294478526,0.09813874788494077,0.0,0.15233785822021115,0.07188498402555911,0.038980509745127435,0.12077294685990338,0.1098546042003231,0.007861635220125786,0.10197368421052631,0.0015923566878980893,0.01487603305785124,0.013782542113323124,0.0066555740432612314,0.04830917874396135,0.014657980456026058,0.003257328990228013,0.023547880690737835,0.03529411764705882,0.0,0.0,0.05901116427432217,0.015,0.0,0.013114754098360656,0.039936102236421724,0.11556240369799692,0.015100671140939598,0.003076923076923077,0.0031847133757961785,0.009404388714733543,0.0,0.0,0.08099688473520249,0.10128617363344052,0.06666666666666667,0.0576,0.03755868544600939,0.029503105590062112,0.004942339373970346,0.09341500765696784,0.06070287539936102,0.07389937106918239,0.03067484662576687,0.031201248049921998,0.08,0.07309486780715396,0.11716171617161716,0.0,0.0,0.0,0.047244094488188976,0.0,0.07236842105263158,0.0,0.035830618892508145,0.048154093097913325,0.11295681063122924,0.00974025974025974,0.023809523809523808,0.10377358490566038,0.11092436974789915,0.13174603174603175,0.025559105431309903,0.0016181229773462784,0.09507640067911714,0.0,0.014729950900163666,0.05211726384364821,0.05602716468590832,0.006153846153846154,0.0015527950310559005,0.025157232704402517,0.08695652173913043,0.014040561622464899,0.004846526655896607,0.0061633281972265025,0.016181229773462782,0.09365079365079365,0.10185185185185185,0.03770491803278689,0.023734177215189875,0.0,0.08588957055214724,0.09937888198757763,0.0817391304347826,0.013468013468013467,0.03656597774244833,0.012698412698412698,0.03642384105960265,0.0794392523364486,0.1297208538587849,0.01892744479495268,0.0,0.09870550161812297,0.03571428571428571,0.0,0.13161875945537066,0.05271828665568369,0.00933125972006221,0.18403908794788273,0.008445945945945946,0.029874213836477988,0.006289308176100629,0.1454849498327759,0.1454849498327759,0.0,0.014218009478672985,0.011570247933884297,0.14877300613496933,0.07179487179487179,0.013803680981595092,0.003189792663476874,0.037366548042704624,0.0030627871362940277,0.0015082956259426848,0.03453947368421053,0.06229508196721312,0.0015174506828528073,0.13578274760383385,0.012861736334405145,0.07131782945736434,0.0,0.15847860538827258,0.0,0.0359375,0.04538087520259319,0.06115702479338843,0.025196850393700787,0.0,0.02159468438538206,0.0015220700152207,0.0,0.01740506329113924,0.07234726688102894,0.011128775834658187,0.1272430668841762,0.001697792869269949,0.2308868501529052,0.003115264797507788,0.07109737248840804,0.01957831325301205,0.0015082956259426848,0.029459901800327332,0.10526315789473684,0.013846153846153847,0.0
