Time,age_start,age_end,measure,draw_0,draw_1,draw_2,draw_3,draw_4,draw_5,draw_6,draw_7,draw_8,draw_9,draw_10,draw_11,draw_12,draw_13,draw_14,draw_15,draw_16,draw_17,draw_18,draw_19,draw_20,draw_21,draw_22,draw_23,draw_24,draw_25,draw_26,draw_27,draw_28,draw_29,draw_30,draw_31,draw_32,draw_33,draw_34,draw_35,draw_36,draw_37,draw_38,draw_39,draw_40,draw_41,draw_42,draw_43,draw_44,draw_45,draw_46,draw_47,draw_48,draw_49,draw_50,draw_51,draw_52,draw_53,draw_54,draw_55,draw_56,draw_57,draw_58,draw_59,draw_60,draw_61,draw_62,draw_63,draw_64,draw_65,draw_66,draw_67,draw_68,draw_69,draw_70,draw_71,draw_72,draw_73,draw_74,draw_75,draw_76,draw_77,draw_78,draw_79,draw_80,draw_81,draw_82,draw_83,draw_84,draw_85,draw_86,draw_87,draw_88,draw_89,draw_90,draw_91,draw_92,draw_93,draw_94,draw_95,draw_96,draw_97,draw_98,draw_99,draw_100,draw_101,draw_102,draw_103,draw_104,draw_105,draw_106,draw_107,draw_108,draw_109,draw_110,draw_111,draw_112,draw_113,draw_114,draw_115,draw_116,draw_117,draw_118,draw_119,draw_120,draw_121,draw_122,draw_123,draw_124,draw_125,draw_126,draw_127,draw_128,draw_129,draw_130,draw_131,draw_132,draw_133,draw_134,draw_135,draw_136,draw_137,draw_138,draw_139,draw_140,draw_141,draw_142,draw_143,draw_144,draw_145,draw_146,draw_147,draw_148,draw_149,draw_150,draw_151,draw_152,draw_153,draw_154,draw_155,draw_156,draw_157,draw_158,draw_159,draw_160,draw_161,draw_162,draw_163,draw_164,draw_165,draw_166,draw_167,draw_168,draw_169,draw_170,draw_171,draw_172,draw_173,draw_174,draw_175,draw_176,draw_177,draw_178,draw_179,draw_180,draw_181,draw_182,draw_183,draw_184,draw_185,draw_186,draw_187,draw_188,draw_189,draw_190,draw_191,draw_192,draw_193,draw_194,draw_195,draw_196,draw_197,draw_198,draw_199
1996,1,9,prevalence,0.10032894736842106,0.0016051364365971107,0.12079510703363915,0.12079510703363915,0.004658385093167702,0.1342062193126023,0.0016420361247947454,0.10708898944193061,0.014778325123152709,0.0015748031496062992,0.11503067484662577,0.06070287539936102,0.135258358662614,0.0,0.056179775280898875,0.0,0.0031446540880503146,0.013975155279503106,0.08832807570977919,0.0016313213703099511,0.06069802731411229,0.01732283464566929,0.07692307692307693,0.09437086092715231,0.10310965630114566,0.015174506828528073,0.07425742574257425,0.0,0.024844720496894408,0.07165109034267912,0.00625,0.0943089430894309,0.01607717041800643,0.0015174506828528073,0.09697933227344992,0.09312977099236641,0.0015625,0.004807692307692308,0.0322061191626409,0.11791730474732007,0.016566265060240965,0.10810810810810811,0.0017241379310344827,0.0016750418760469012,0.006024096385542169,0.04707792207792208,0.10197368421052631,0.021035598705501618,0.06687898089171974,0.11982248520710059,0.05365853658536585,0.062402496099843996,0.058919803600654665,0.09329446064139942,0.009630818619582664,0.006514657980456026,0.0016051364365971107,0.12804878048780488,0.011254019292604502,0.09693877551020408,0.11242603550295859,0.08695652173913043,0.0032414910858995136,0.11459968602825746,0.0,0.0,0.0015479876160990713,0.03538461538461538,0.21646341463414634,0.05373134328358209,0.015313935681470138,0.10631229235880399,0.08688783570300158,0.024115755627009645,0.041237113402061855,0.03225806451612903,0.020618556701030927,0.03358778625954199,0.007668711656441718,0.031198686371100164,0.1181959564541213,0.0032414910858995136,0.09204368174726989,0.07366771159874608,0.02607361963190184,0.0016286644951140066,0.004594180704441042,0.08796296296296297,0.1130030959752322,0.060842433697347896,0.07272727272727272,0.01355421686746988,0.1557632398753894,0.008116883116883116,0.03323262839879154,0.0030959752321981426,0.018333333333333333,0.003129890453834116,0.024271844660194174,0.12380952380952381,0.09161490683229814,0.003048780487804878,0.125,0.05082212257100149,0.06220095693779904,0.0,0.009630818619582664,0.014492753623188406,0.0015822784810126582,0.05972434915773354,0.0,0.011075949367088608,0.003115264797507788,0.06372549019607843,0.1357254290171607,0.06045751633986928,0.031496062992125984,0.0015408320493066256,0.0016722408026755853,0.03685897435897436,0.15350223546944858,0.014285714285714285,0.07317073170731707,0.03793626707132018,0.017488076311605722,0.065625,0.004418262150220913,0.08856682769726248,0.0,0.1389776357827476,0.0,0.006269592476489028,0.0429042904290429,0.06199021207177814,0.03522205206738132,0.03858520900321544,0.07704918032786885,0.10048622366288493,0.013888888888888888,0.0672,0.0015503875968992248,0.12199036918138041,0.0031545741324921135,0.004815409309791332,0.15207373271889402,0.03343949044585987,0.017027863777089782,0.028831562974203338,0.16536661466458658,0.0,0.15235008103727715,0.0761904761904762,0.1636085626911315,0.08660130718954248,0.06624605678233439,0.0,0.05023547880690738,0.04807692307692308,0.14705882352941177,0.06451612903225806,0.13578274760383385,0.07679738562091504,0.001597444089456869,0.0382262996941896,0.03600654664484452,0.007911392405063292,0.05263157894736842,0.049924357034795766,0.0029239766081871343,0.0375,0.010526315789473684,0.006482982171799027,0.1648854961832061,0.1296875,0.12025316455696203,0.11827956989247312,0.0448,0.04090909090909091,0.14049586776859505,0.020933977455716585,0.18494271685761046,0.05701078582434515,0.0,0.0,0.01775147928994083,0.0049586776859504135,0.0121765601217656,0.17275747508305647,0.0,0.012861736334405145,0.11001642036124795,0.0031746031746031746,0.12582781456953643,0.0330188679245283,0.02365930599369085,0.2507418397626113,0.00322061191626409,0.13513513513513514,0.0016025641025641025,0.01984732824427481
1997,1,9,prevalence,0.09743589743589744,0.0016556291390728477,0.1060842433697348,0.1060842433697348,0.0032948929159802307,0.10897435897435898,0.001697792869269949,0.15015479876160992,0.018363939899833055,0.0032,0.0875,0.04020100502512563,0.20063694267515925,0.0,0.048701298701298704,0.0,0.003246753246753247,0.008278145695364239,0.11146496815286625,0.0016666666666666668,0.05263157894736842,0.01818181818181818,0.08896210873146623,0.12886597938144329,0.07903780068728522,0.017214397496087636,0.07214765100671142,0.0,0.027552674230145867,0.0738362760834671,0.0049586776859504135,0.087893864013267,0.026101141924959218,0.0,0.06156405990016639,0.10310965630114566,0.001597444089456869,0.0,0.04111842105263158,0.13312693498452013,0.01437699680511182,0.11580594679186229,0.0017921146953405018,0.0,0.004909983633387889,0.035,0.1273344651952462,0.01594896331738437,0.06546644844517185,0.12537764350453173,0.04674457429048414,0.06666666666666667,0.058333333333333334,0.0696594427244582,0.008064516129032258,0.01644736842105263,0.0017123287671232876,0.1410459587955626,0.012987012987012988,0.07547169811320754,0.07153965785381027,0.09162717219589257,0.0032626427406199023,0.13793103448275862,0.0,0.0,0.0,0.048589341692789965,0.1930379746835443,0.0484375,0.016051364365971106,0.0958904109589041,0.09345794392523364,0.016722408026755852,0.07608695652173914,0.028380634390651086,0.021374045801526718,0.03134796238244514,0.004746835443037975,0.03459637561779242,0.093603744149766,0.0016891891891891893,0.08306188925081433,0.07154742096505824,0.023547880690737835,0.0,0.0015873015873015873,0.06349206349206349,0.12579617834394904,0.051118210862619806,0.07608695652173914,0.018779342723004695,0.16639741518578352,0.0050933786078098476,0.024549918166939442,0.003246753246753247,0.014754098360655738,0.003355704697986577,0.028286189683860232,0.19327731092436976,0.11594202898550725,0.007836990595611285,0.1706924315619968,0.04806201550387597,0.038338658146964855,0.0,0.0016722408026755853,0.027823240589198037,0.0016474464579901153,0.046511627906976744,0.0,0.013245033112582781,0.0046875,0.09523809523809523,0.07886435331230283,0.0676818950930626,0.03210272873194221,0.001607717041800643,0.006535947712418301,0.04038772213247173,0.12401883830455258,0.019672131147540985,0.06853582554517133,0.03459119496855346,0.013377926421404682,0.07281553398058252,0.006201550387596899,0.06260296540362438,0.0017094017094017094,0.16020236087689713,0.0,0.001594896331738437,0.045,0.061461794019933555,0.025848142164781908,0.03722504230118443,0.06722689075630252,0.07263513513513513,0.017828200972447326,0.08637873754152824,0.00487012987012987,0.12392426850258176,0.0033112582781456954,0.006349206349206349,0.1348314606741573,0.03210272873194221,0.022690437601296597,0.039938556067588324,0.17483660130718953,0.0,0.1226252158894646,0.048576214405360134,0.18064516129032257,0.08117443868739206,0.0576271186440678,0.0,0.07281553398058252,0.05695142378559464,0.11550632911392406,0.07165109034267912,0.11513157894736842,0.153184165232358,0.0017064846416382253,0.04404567699836868,0.06700167504187604,0.006144393241167435,0.045307443365695796,0.027950310559006212,0.00303951367781155,0.03966942148760331,0.014308426073131956,0.006493506493506494,0.18478260869565216,0.1600633914421553,0.0945945945945946,0.10096153846153846,0.05527638190954774,0.05132192846034215,0.15436241610738255,0.040492957746478875,0.12395309882747069,0.06482982171799027,0.0,0.0,0.016717325227963525,0.004830917874396135,0.004878048780487805,0.12224108658743633,0.0,0.011666666666666667,0.13006756756756757,0.006430868167202572,0.13322368421052633,0.0457516339869281,0.01567398119122257,0.16483516483516483,0.0,0.11519198664440734,0.001644736842105263,0.03296703296703297
1998,1,9,prevalence,0.08532423208191127,0.0016313213703099511,0.09259259259259259,0.09259259259259259,0.0032626427406199023,0.15245901639344261,0.001694915254237288,0.21565495207667731,0.011666666666666667,0.004724409448818898,0.06614173228346457,0.05573770491803279,0.23809523809523808,0.0,0.050488599348534204,0.0015723270440251573,0.00322061191626409,0.013201320132013201,0.11544461778471139,0.0,0.052545155993431854,0.03125,0.11295681063122924,0.12286689419795221,0.06418918918918919,0.023923444976076555,0.07333333333333333,0.0,0.02843601895734597,0.09390444810543658,0.006837606837606838,0.1064516129032258,0.051364365971107544,0.0,0.06677524429967427,0.11219512195121951,0.006462035541195477,0.0064516129032258064,0.06688417618270799,0.1248097412480974,0.014469453376205787,0.1076923076923077,0.0017889087656529517,0.0,0.009630818619582664,0.05638474295190713,0.12012987012987013,0.00967741935483871,0.061788617886178863,0.16304347826086957,0.08223684210526316,0.06734006734006734,0.05638474295190713,0.06471494607087827,0.009508716323296355,0.020967741935483872,0.0017035775127768314,0.1375,0.01935483870967742,0.054817275747508304,0.06635071090047394,0.09936908517350158,0.0032679738562091504,0.19471947194719472,0.0,0.0016313213703099511,0.0,0.06456692913385827,0.17665615141955837,0.05817610062893082,0.020967741935483872,0.0865874363327674,0.09006211180124224,0.01174496644295302,0.0790273556231003,0.024916943521594685,0.026033690658499236,0.03803486529318542,0.0032414910858995136,0.025974025974025976,0.07827476038338659,0.003236245954692557,0.08333333333333333,0.10101010101010101,0.031446540880503145,0.0,0.0032102728731942215,0.043478260869565216,0.1573208722741433,0.05625,0.0717628705148206,0.0176,0.14606741573033707,0.006711409395973154,0.021241830065359478,0.003389830508474576,0.01461038961038961,0.0032733224222585926,0.06655844155844155,0.25210084033613445,0.12277867528271405,0.006269592476489028,0.15348101265822786,0.05069124423963134,0.025078369905956112,0.0016501650165016502,0.0,0.019801980198019802,0.0016750418760469012,0.10631229235880399,0.0,0.004830917874396135,0.0030816640986132513,0.10227272727272728,0.050393700787401574,0.05342237061769616,0.047021943573667714,0.0016,0.01487603305785124,0.061488673139158574,0.06902086677367576,0.022838499184339316,0.04595879556259905,0.06070287539936102,0.017035775127768313,0.056818181818181816,0.008982035928143712,0.056451612903225805,0.0,0.1738382099827883,0.0,0.006299212598425197,0.041025641025641026,0.06699346405228758,0.01579778830963665,0.03672787979966611,0.045531197301854974,0.08907563025210084,0.0110062893081761,0.09724473257698542,0.004966887417218543,0.14505119453924914,0.0032414910858995136,0.0030534351145038168,0.137987012987013,0.029320987654320986,0.03577235772357724,0.04024767801857585,0.1984,0.0,0.10204081632653061,0.056105610561056105,0.20031796502384738,0.04568527918781726,0.050761421319796954,0.0,0.06962025316455696,0.058919803600654665,0.07026143790849673,0.0594679186228482,0.10344827586206896,0.19930675909878684,0.001694915254237288,0.07357859531772576,0.07333333333333333,0.00463678516228748,0.07894736842105263,0.022222222222222223,0.0030441400304414,0.02247191011235955,0.006514657980456026,0.003179650238473768,0.185126582278481,0.12618296529968454,0.07226890756302522,0.09713375796178345,0.05008347245409015,0.05660377358490566,0.12436974789915967,0.06076388888888889,0.11348684210526316,0.054838709677419356,0.0,0.0,0.009302325581395349,0.003289473684210526,0.014423076923076924,0.09540034071550256,0.0,0.019867549668874173,0.1054421768707483,0.0032102728731942215,0.11219512195121951,0.04560260586319218,0.015822784810126583,0.11981566820276497,0.0016638935108153079,0.10606060606060606,0.0016129032258064516,0.04918032786885246
1999,1,9,prevalence,0.10321489001692047,0.001610305958132045,0.137987012987013,0.137987012987013,0.005008347245409015,0.12866449511400652,0.0,0.23870967741935484,0.01935483870967742,0.00631911532385466,0.036036036036036036,0.08907563025210084,0.2403846153846154,0.0,0.05008347245409015,0.003194888178913738,0.0032102728731942215,0.02,0.1408,0.0,0.04132231404958678,0.04433497536945813,0.1285475792988314,0.1597222222222222,0.065,0.044142614601018676,0.08896210873146623,0.0,0.035830618892508145,0.10396039603960396,0.006644518272425249,0.10526315789473684,0.07313195548489666,0.0016313213703099511,0.08862876254180602,0.08433734939759036,0.0032310177705977385,0.006359300476947536,0.07852564102564102,0.0784313725490196,0.025356576862123614,0.07865168539325842,0.003418803418803419,0.0017953321364452424,0.011513157894736841,0.051666666666666666,0.10801963993453355,0.00792393026941363,0.08291873963515754,0.12168486739469579,0.06565656565656566,0.06799336650082918,0.06621392190152801,0.06687898089171974,0.014018691588785047,0.014218009478672985,0.0017006802721088435,0.13112164296998421,0.01889763779527559,0.04982817869415808,0.061191626409017714,0.11251980982567353,0.0016181229773462784,0.18403908794788273,0.0,0.0016,0.0,0.06339144215530904,0.16097560975609757,0.058544303797468354,0.01631321370309951,0.07920792079207921,0.07177033492822966,0.012006861063464836,0.09049773755656108,0.03145695364238411,0.04229607250755287,0.04084967320261438,0.0078125,0.01948051948051948,0.05627009646302251,0.004893964110929853,0.12706270627062707,0.1092436974789916,0.03307086614173228,0.0,0.001610305958132045,0.0372168284789644,0.19659442724458204,0.049019607843137254,0.08360128617363344,0.004830917874396135,0.1237785016286645,0.010101010101010102,0.02159468438538206,0.0017006802721088435,0.012944983818770227,0.0016806722689075631,0.1276595744680851,0.2184873949579832,0.09539473684210527,0.01589825119236884,0.13446676970633695,0.0365296803652968,0.011272141706924315,0.0033003300330033004,0.001652892561983471,0.030694668820678513,0.003305785123966942,0.09740259740259741,0.0,0.011532125205930808,0.00778816199376947,0.09183673469387756,0.05076923076923077,0.046632124352331605,0.049689440993788817,0.0015822784810126582,0.009693053311793215,0.06570512820512821,0.05872756933115824,0.017377567140600316,0.062111801242236024,0.06462035541195477,0.02364864864864865,0.06774193548387097,0.010752688172043012,0.051364365971107544,0.0,0.19006849315068494,0.0,0.004651162790697674,0.06209150326797386,0.06382978723404255,0.020537124802527645,0.05454545454545454,0.03819444444444445,0.087893864013267,0.012403100775193798,0.08702791461412152,0.009852216748768473,0.1565217391304348,0.0016313213703099511,0.0031496062992125984,0.11717495987158909,0.018633540372670808,0.02768729641693811,0.029595015576323987,0.14285714285714285,0.0,0.077834179357022,0.03305785123966942,0.21231766612641814,0.03372681281618887,0.03430531732418525,0.0,0.07269789983844911,0.07130730050933787,0.04897314375987362,0.053712480252764615,0.1568627450980392,0.2441077441077441,0.0017513134851138354,0.10598290598290598,0.10483870967741936,0.01238390092879257,0.08250825082508251,0.011437908496732025,0.004665629860031105,0.01990049751243781,0.006379585326953748,0.0015723270440251573,0.15746753246753248,0.10832025117739404,0.047619047619047616,0.10112359550561797,0.09137931034482759,0.053208137715179966,0.10631229235880399,0.04861111111111111,0.09379968203497616,0.056818181818181816,0.0,0.0,0.009302325581395349,0.0016313213703099511,0.008,0.06993006993006994,0.0,0.020202020202020204,0.0695364238410596,0.0031746031746031746,0.10737179487179487,0.030206677265500796,0.033690658499234305,0.09501557632398754,0.0,0.13445378151260504,0.0015455950540958269,0.048701298701298704
2000,1,9,prevalence,0.11074380165289256,0.0015748031496062992,0.1935483870967742,0.1935483870967742,0.006633499170812604,0.15548281505728315,0.0,0.20588235294117646,0.01765650080256822,0.006309148264984227,0.05454545454545454,0.08346972176759411,0.20285261489698891,0.001564945226917058,0.04560260586319218,0.011111111111111112,0.0,0.026490066225165563,0.12745098039215685,0.0,0.03171953255425709,0.0608,0.16220735785953178,0.17905405405405406,0.051666666666666666,0.059800664451827246,0.07279029462738301,0.0,0.0463258785942492,0.10385259631490787,0.003257328990228013,0.10837438423645321,0.09767441860465116,0.006791171477079796,0.08221476510067115,0.043782837127845885,0.0016025641025641025,0.006201550387596899,0.08333333333333333,0.05429864253393665,0.023734177215189875,0.06393442622950819,0.003430531732418525,0.0,0.008237232289950576,0.051580698835274545,0.08139534883720931,0.004838709677419355,0.07058823529411765,0.14088820826952528,0.04882154882154882,0.03877221324717286,0.07419354838709677,0.06913183279742766,0.01225114854517611,0.012658227848101266,0.0034542314335060447,0.14959349593495935,0.011146496815286623,0.032534246575342464,0.05564924114671164,0.103125,0.0016181229773462784,0.1857379767827529,0.0016155088852988692,0.001589825119236884,0.0,0.044274809160305344,0.12437810945273632,0.05255023183925812,0.03194888178913738,0.09015025041736227,0.06359300476947535,0.010273972602739725,0.0935483870967742,0.033112582781456956,0.04866562009419152,0.05057096247960848,0.0109204368174727,0.013008130081300813,0.050488599348534204,0.006349206349206349,0.11129568106312292,0.14165261382799327,0.006269592476489028,0.0,0.001610305958132045,0.03622047244094488,0.1801526717557252,0.040783034257748776,0.08609271523178808,0.011217948717948718,0.11274509803921569,0.008417508417508417,0.023890784982935155,0.001694915254237288,0.00966183574879227,0.0016556291390728477,0.16828478964401294,0.15294117647058825,0.05676126878130217,0.04220779220779221,0.14896988906497624,0.023006134969325152,0.011363636363636364,0.0032520325203252032,0.0,0.043478260869565216,0.004709576138147566,0.13509060955518945,0.0,0.01353637901861252,0.019261637239165328,0.08818635607321132,0.06050955414012739,0.03076923076923077,0.05504587155963303,0.0,0.009448818897637795,0.09348914858096828,0.04838709677419355,0.021705426356589147,0.084375,0.08019639934533551,0.015410958904109588,0.0656,0.00625,0.052545155993431854,0.0,0.18456375838926176,0.0,0.0046439628482972135,0.038461538461538464,0.039619651347068144,0.025157232704402517,0.03281519861830743,0.06655290102389079,0.07718120805369127,0.006259780907668232,0.07705192629815745,0.0,0.1783876500857633,0.0016501650165016502,0.00778816199376947,0.08469055374592833,0.03125,0.024793388429752067,0.03286384976525822,0.09693053311793215,0.0,0.06932409012131716,0.01896551724137931,0.15748031496062992,0.03633217993079585,0.029310344827586206,0.0,0.05087440381558029,0.056666666666666664,0.04043545878693624,0.055284552845528454,0.11419249592169657,0.24166666666666667,0.0034129692832764505,0.11784511784511785,0.08333333333333333,0.01664145234493192,0.08180300500834725,0.013266998341625208,0.006201550387596899,0.03453947368421053,0.0032626427406199023,0.0015772870662460567,0.11639344262295082,0.0959119496855346,0.034071550255536626,0.08931419457735247,0.07796610169491526,0.05092592592592592,0.1001669449081803,0.03904923599320883,0.12581699346405228,0.06776859504132231,0.003194888178913738,0.0,0.010869565217391304,0.0016286644951140066,0.012759170653907496,0.052083333333333336,0.00322061191626409,0.030508474576271188,0.06521739130434782,0.003278688524590164,0.09477124183006536,0.024154589371980676,0.03058103975535168,0.0673076923076923,0.0,0.11148086522462562,0.0,0.035256410256410256
2001,1,9,prevalence,0.10927152317880795,0.0015748031496062992,0.19778481012658228,0.19778481012658228,0.006756756756756757,0.1546218487394958,0.0,0.22113821138211381,0.012903225806451613,0.006279434850863423,0.0486322188449848,0.10679611650485436,0.16123778501628663,0.003205128205128205,0.04272151898734177,0.023809523809523808,0.0,0.01788617886178862,0.1358609794628752,0.0015748031496062992,0.06397306397306397,0.08695652173913043,0.1423728813559322,0.16433566433566432,0.05,0.06907894736842106,0.060755336617405585,0.0,0.03858520900321544,0.09492635024549918,0.008116883116883116,0.10578512396694215,0.13125,0.008695652173913044,0.08858603066439523,0.03626943005181347,0.0031397174254317113,0.00641025641025641,0.081377151799687,0.04153846153846154,0.022364217252396165,0.05090311986863711,0.0017152658662092624,0.0,0.015050167224080268,0.0462046204620462,0.08666666666666667,0.003169572107765452,0.10380622837370242,0.17436661698956782,0.05245346869712352,0.024671052631578948,0.09136212624584718,0.07119205298013245,0.016666666666666666,0.02040816326530612,0.0067226890756302525,0.1630971993410214,0.02021772939346812,0.025167785234899327,0.027164685908319185,0.052884615384615384,0.0,0.12214983713355049,0.0031746031746031746,0.0015873015873015873,0.0,0.041666666666666664,0.0903010033444816,0.04380664652567976,0.03691813804173355,0.09656301145662848,0.06951026856240126,0.010291595197255575,0.11382113821138211,0.0436241610738255,0.05245901639344262,0.03536977491961415,0.009316770186335404,0.018838304552590265,0.04590163934426229,0.009419152276295133,0.05517241379310345,0.1522491349480969,0.006462035541195477,0.0,0.001594896331738437,0.0192,0.18818040435458788,0.01468189233278956,0.06840390879478828,0.014106583072100314,0.1070840197693575,0.011725293132328308,0.03054662379421222,0.0016750418760469012,0.00794912559618442,0.0016501650165016502,0.1777059773828756,0.14333333333333334,0.03015075376884422,0.05016722408026756,0.12790697674418605,0.02118003025718608,0.018121911037891267,0.003355704697986577,0.0,0.048286604361370715,0.009508716323296355,0.14123376623376624,0.0,0.00819672131147541,0.025,0.09933774834437085,0.06416275430359937,0.028716216216216218,0.04430379746835443,0.0015772870662460567,0.006622516556291391,0.13377926421404682,0.04487179487179487,0.0319634703196347,0.0995260663507109,0.056782334384858045,0.010050251256281407,0.053833605220228384,0.008012820512820512,0.05902192242833052,0.003552397868561279,0.22666666666666666,0.0,0.012718600953895072,0.025,0.049679487179487176,0.017133956386292833,0.05676126878130217,0.0829103214890017,0.0975609756097561,0.009584664536741214,0.07925801011804384,0.005050505050505051,0.17294520547945205,0.0031746031746031746,0.00625,0.0642504118616145,0.02066772655007949,0.045,0.058919803600654665,0.08196721311475409,0.0,0.04923599320882852,0.029411764705882353,0.1282051282051282,0.07731958762886598,0.03986710963455149,0.0,0.05065359477124183,0.029411764705882353,0.0352,0.07907742998352553,0.06623586429725363,0.21839080459770116,0.011666666666666667,0.12116316639741519,0.09215017064846416,0.022865853658536585,0.07952622673434856,0.011884550084889643,0.004761904761904762,0.043548387096774194,0.0049261083743842365,0.0047169811320754715,0.07060755336617405,0.11146496815286625,0.05227655986509275,0.09247648902821316,0.10286677908937605,0.04395604395604396,0.10032362459546926,0.028169014084507043,0.10784313725490197,0.06493506493506493,0.0015873015873015873,0.0,0.012618296529968454,0.0015748031496062992,0.025236593059936908,0.03547297297297297,0.001564945226917058,0.041666666666666664,0.06354515050167224,0.0032948929159802307,0.1070840197693575,0.019417475728155338,0.024615384615384615,0.05422647527910686,0.0,0.1111111111111111,0.0,0.03161397670549085
2002,1,9,prevalence,0.10843373493975904,0.001589825119236884,0.1926163723916533,0.1926163723916533,0.004878048780487805,0.16393442622950818,0.0,0.16666666666666666,0.019933554817275746,0.0065252854812398045,0.037209302325581395,0.10764430577223089,0.13636363636363635,0.003067484662576687,0.03115264797507788,0.043548387096774194,0.0015723270440251573,0.017741935483870968,0.15311004784688995,0.0015527950310559005,0.059900166389351084,0.07532051282051282,0.11876075731497418,0.10782608695652174,0.03494176372712146,0.0512396694214876,0.0718954248366013,0.0,0.03745928338762215,0.1505016722408027,0.013071895424836602,0.10430463576158941,0.15288611544461778,0.0052173913043478265,0.09306260575296109,0.047619047619047616,0.003129890453834116,0.004792332268370607,0.08079268292682927,0.04940119760479042,0.01579778830963665,0.048252911813643926,0.001652892561983471,0.0,0.010471204188481676,0.05672609400324149,0.06467661691542288,0.0031645569620253164,0.08983050847457627,0.17138599105812222,0.04950495049504951,0.011382113821138212,0.11092150170648464,0.05339805825242718,0.01875,0.014285714285714285,0.0016778523489932886,0.1477832512315271,0.022900763358778626,0.03177257525083612,0.03361344537815126,0.06451612903225806,0.0,0.11260504201680673,0.003105590062111801,0.0016501650165016502,0.0,0.033386327503974564,0.05747126436781609,0.0344311377245509,0.037037037037037035,0.12561174551386622,0.07655502392344497,0.008319467554076539,0.11793214862681745,0.07628524046434494,0.04715447154471545,0.026604068857589983,0.006269592476489028,0.015698587127158554,0.07166123778501629,0.009724473257698542,0.020512820512820513,0.11092150170648464,0.01652892561983471,0.0,0.001584786053882726,0.01557632398753894,0.1643192488262911,0.021705426356589147,0.0656,0.0176,0.08723747980613894,0.013445378151260505,0.033386327503974564,0.0016750418760469012,0.0031847133757961785,0.0,0.1726844583987441,0.11596638655462185,0.021922428330522766,0.04991680532445923,0.1178343949044586,0.027190332326283987,0.03284072249589491,0.006666666666666667,0.0,0.0578125,0.014563106796116505,0.10064935064935066,0.0,0.012578616352201259,0.016286644951140065,0.10793650793650794,0.060126582278481014,0.016474464579901153,0.03284072249589491,0.0,0.00819672131147541,0.12521150592216582,0.03225806451612903,0.029411764705882353,0.1016949152542373,0.045454545454545456,0.0208,0.05057096247960848,0.01631321370309951,0.04013377926421405,0.00686106346483705,0.1716171617161716,0.0,0.0047169811320754715,0.028391167192429023,0.057692307692307696,0.0096,0.04584040747028863,0.0817717206132879,0.11505922165820642,0.008025682182985553,0.09735973597359736,0.013582342954159592,0.18294849023090587,0.0015600624024961,0.0031446540880503146,0.0430622009569378,0.034482758620689655,0.043478260869565216,0.0322061191626409,0.05211726384364821,0.0,0.05518394648829431,0.015332197614991482,0.12300319488817892,0.07666098807495741,0.0380794701986755,0.0,0.03776683087027915,0.030927835051546393,0.06190476190476191,0.05647840531561462,0.05546995377503852,0.15206611570247933,0.00819672131147541,0.13141025641025642,0.09197324414715718,0.03003003003003003,0.06688417618270799,0.010327022375215147,0.004622496147919877,0.04806201550387597,0.0048,0.0091324200913242,0.05695142378559464,0.1648,0.08460236886632826,0.09268292682926829,0.1001669449081803,0.0490506329113924,0.08333333333333333,0.02847571189279732,0.11165048543689321,0.0825242718446602,0.0032,0.0017421602787456446,0.01584786053882726,0.001594896331738437,0.03431372549019608,0.03425774877650897,0.0015600624024961,0.034782608695652174,0.04666666666666667,0.0034129692832764505,0.09313725490196079,0.02027027027027027,0.023696682464454975,0.05872756933115824,0.0,0.07642276422764227,0.0,0.06896551724137931
2003,1,9,prevalence,0.0868824531516184,0.001597444089456869,0.223950233281493,0.223950233281493,0.003257328990228013,0.19286871961102106,0.0,0.1492776886035313,0.019169329073482427,0.004878048780487805,0.037096774193548385,0.1062215477996965,0.1325503355704698,0.0031446540880503146,0.036418816388467376,0.032948929159802305,0.0015923566878980893,0.0128,0.12980769230769232,0.0015600624024961,0.08333333333333333,0.10177705977382875,0.10596026490066225,0.08561643835616438,0.019543973941368076,0.05263157894736842,0.059967585089141004,0.0,0.033925686591276254,0.13945578231292516,0.011235955056179775,0.11148086522462562,0.13731825525040386,0.0034482758620689655,0.07744107744107744,0.023381294964028777,0.009302325581395349,0.019169329073482427,0.10229007633587786,0.048265460030165915,0.030303030303030304,0.04666666666666667,0.0016638935108153079,0.0,0.022071307300509338,0.05073649754500818,0.05271828665568369,0.0032,0.10391822827938671,0.19369369369369369,0.056572379367720464,0.012987012987012988,0.14165261382799327,0.04381846635367762,0.004754358161648178,0.022257551669316374,0.001658374792703151,0.11754966887417219,0.027777777777777776,0.03924914675767918,0.03198653198653199,0.06060606060606061,0.0,0.07,0.0015479876160990713,0.001658374792703151,0.001692047377326565,0.044585987261146494,0.06677524429967427,0.03265940902021773,0.023923444976076555,0.17263843648208468,0.056818181818181816,0.00644122383252818,0.11793214862681745,0.09075907590759076,0.042071197411003236,0.04538341158059468,0.00946372239747634,0.026397515527950312,0.06351791530944625,0.008038585209003215,0.020202020202020204,0.08818635607321132,0.02138157894736842,0.0,0.0016207455429497568,0.025039123630672927,0.12461059190031153,0.022187004754358162,0.05592105263157895,0.0180623973727422,0.09775641025641026,0.0137221269296741,0.031545741324921134,0.0,0.011345218800648298,0.0,0.12619808306709265,0.08067226890756303,0.011784511784511785,0.05227655986509275,0.08156606851549755,0.0481203007518797,0.05593220338983051,0.008103727714748784,0.0,0.081377151799687,0.012618296529968454,0.09602649006622517,0.0,0.020186335403726708,0.03425774877650897,0.15981012658227847,0.08471760797342193,0.02666666666666667,0.04451510333863275,0.0,0.014285714285714285,0.13741721854304637,0.03104575163398693,0.013761467889908258,0.06317411402157165,0.03067484662576687,0.014492753623188406,0.054455445544554455,0.016611295681063124,0.04051863857374392,0.008403361344537815,0.14789915966386555,0.001594896331738437,0.0096,0.01901743264659271,0.06382978723404255,0.009693053311793215,0.03523489932885906,0.0695364238410596,0.1360544217687075,0.004739336492890996,0.06467661691542288,0.010256410256410256,0.13214285714285715,0.0031746031746031746,0.0016129032258064516,0.028037383177570093,0.02403846153846154,0.05592105263157895,0.03436988543371522,0.038525963149078725,0.0,0.045075125208681135,0.012027491408934709,0.104,0.07479674796747968,0.05787781350482315,0.0,0.04013377926421405,0.033444816053511704,0.0630048465266559,0.049586776859504134,0.050793650793650794,0.12965964343598055,0.008291873963515755,0.1328,0.08045977011494253,0.027900146842878122,0.061389337641357025,0.023333333333333334,0.006015037593984963,0.044444444444444446,0.014285714285714285,0.0125,0.03872053872053872,0.16233766233766234,0.09433962264150944,0.10333863275039745,0.10197368421052631,0.053712480252764615,0.065625,0.04576271186440678,0.13249211356466878,0.07120743034055728,0.00315955766192733,0.0017543859649122807,0.009433962264150943,0.0015600624024961,0.038397328881469114,0.026533996683250415,0.0,0.0387858347386172,0.02926829268292683,0.0016750418760469012,0.06708268330733229,0.021666666666666667,0.0234375,0.05454545454545454,0.0,0.04231974921630094,0.0,0.06741573033707865
2004,1,9,prevalence,0.07296849087893864,0.0016207455429497568,0.26996805111821087,0.26996805111821087,0.00333889816360601,0.20717781402936378,0.0,0.10823909531502424,0.02903225806451613,0.0049504950495049506,0.026856240126382307,0.11212121212121212,0.1320754716981132,0.004739336492890996,0.031818181818181815,0.029801324503311258,0.0031645569620253164,0.003215434083601286,0.08780487804878048,0.0,0.06543624161073826,0.14603174603174604,0.11952861952861953,0.06867671691792294,0.018032786885245903,0.03179650238473768,0.05647840531561462,0.008012820512820512,0.03691813804173355,0.09466437177280551,0.017080745341614908,0.09780775716694773,0.09615384615384616,0.006896551724137931,0.10465116279069768,0.029982363315696647,0.0048,0.017684887459807074,0.075,0.03333333333333333,0.022865853658536585,0.04111842105263158,0.0016181229773462784,0.0,0.052980132450331126,0.028145695364238412,0.03420195439739414,0.00487012987012987,0.10855263157894737,0.22397476340694006,0.07528641571194762,0.01155115511551155,0.11525974025974026,0.029827315541601257,0.0032102728731942215,0.020440251572327043,0.011128775834658187,0.09391304347826086,0.028169014084507043,0.03523489932885906,0.025295109612141653,0.029556650246305417,0.0,0.0899830220713073,0.0015822784810126582,0.0016638935108153079,0.0,0.042993630573248405,0.04838709677419355,0.025196850393700787,0.0512,0.17892976588628762,0.048154093097913325,0.003215434083601286,0.11869918699186992,0.07046979865771812,0.03169572107765452,0.05511811023622047,0.008077544426494346,0.019938650306748466,0.047775947281713346,0.011570247933884297,0.025423728813559324,0.05582922824302135,0.019417475728155338,0.0,0.0016025641025641025,0.024350649350649352,0.0875796178343949,0.028481012658227847,0.050080775444264945,0.014950166112956811,0.12046204620462046,0.008431703204047217,0.028662420382165606,0.0,0.006269592476489028,0.0,0.13153724247226625,0.047540983606557376,0.018487394957983194,0.04576271186440678,0.09624796084828711,0.058084772370486655,0.05843071786310518,0.0066555740432612314,0.0,0.08702531645569621,0.014173228346456693,0.0899830220713073,0.0,0.006329113924050633,0.028662420382165606,0.1529968454258675,0.08156606851549755,0.018518518518518517,0.050243111831442464,0.003115264797507788,0.012598425196850394,0.1185064935064935,0.017741935483870968,0.019938650306748466,0.03307086614173228,0.0265210608424337,0.011345218800648298,0.034653465346534656,0.01864406779661017,0.03980099502487562,0.011986301369863013,0.18887015177065766,0.0,0.01282051282051282,0.0202808112324493,0.08948194662480377,0.0047169811320754715,0.025889967637540454,0.06440677966101695,0.14770797962648557,0.0047694753577106515,0.06890756302521009,0.006568144499178982,0.10771992818671454,0.001589825119236884,0.004901960784313725,0.0109204368174727,0.0416,0.05454545454545454,0.03169572107765452,0.032362459546925564,0.001579778830963665,0.048939641109298535,0.014975041597337771,0.09180327868852459,0.07679738562091504,0.04111842105263158,0.0,0.01,0.04251700680272109,0.08108108108108109,0.038461538461538464,0.04874213836477988,0.10078740157480315,0.0016286644951140066,0.0935483870967742,0.07852564102564102,0.032305433186490456,0.05161290322580645,0.016286644951140065,0.004484304932735426,0.03289473684210526,0.01238390092879257,0.017241379310344827,0.03691275167785235,0.13408723747980614,0.08780487804878048,0.11308562197092084,0.10586319218241043,0.04669887278582931,0.08412698412698413,0.052805280528052806,0.139937106918239,0.06761006289308176,0.0030816640986132513,0.0,0.004746835443037975,0.00463678516228748,0.03642384105960265,0.04311774461028192,0.0,0.03608247422680412,0.011235955056179775,0.0016638935108153079,0.0515625,0.014218009478672985,0.026016260162601626,0.05901639344262295,0.0,0.03536977491961415,0.0015748031496062992,0.0707395498392283
2005,1,9,prevalence,0.0499194847020934,0.001652892561983471,0.3364485981308411,0.3364485981308411,0.0034129692832764505,0.16638935108153077,0.0,0.10210696920583469,0.053125,0.005008347245409015,0.028346456692913385,0.10550458715596331,0.11795774647887323,0.006191950464396285,0.02245508982035928,0.026771653543307086,0.003115264797507788,0.0032258064516129032,0.07119741100323625,0.0015384615384615385,0.04213938411669368,0.2144,0.10983606557377049,0.07424960505529225,0.021630615640599003,0.04376012965964344,0.05501618122977346,0.008090614886731391,0.044481054365733116,0.09499136442141623,0.018779342723004695,0.05573770491803279,0.11037891268533773,0.014109347442680775,0.07742998352553541,0.03893805309734513,0.009569377990430622,0.02050473186119874,0.06739811912225706,0.024024024024024024,0.0125,0.016366612111292964,0.0,0.0,0.03361344537815126,0.022292993630573247,0.02066772655007949,0.004878048780487805,0.07876712328767123,0.13924050632911392,0.09570957095709572,0.03015075376884422,0.11960132890365449,0.029508196721311476,0.0016155088852988692,0.01195814648729447,0.011023622047244094,0.09777015437392796,0.013677811550151976,0.028192371475953566,0.02861952861952862,0.030716723549488054,0.0016286644951140066,0.07972270363951472,0.001589825119236884,0.0032948929159802307,0.0,0.04019292604501608,0.02247191011235955,0.044585987261146494,0.03130148270181219,0.1539708265802269,0.05186385737439222,0.018211920529801324,0.09003215434083602,0.03130148270181219,0.05392156862745098,0.0738362760834671,0.0,0.013846153846153847,0.020100502512562814,0.00644122383252818,0.03482587064676617,0.04455445544554455,0.004966887417218543,0.0,0.0016313213703099511,0.011217948717948718,0.05977382875605816,0.02773246329526917,0.03166666666666667,0.011437908496732025,0.07465277777777778,0.003316749585406302,0.019261637239165328,0.0,0.00946372239747634,0.0,0.09369951534733441,0.023333333333333334,0.01485148514851485,0.04923599320882852,0.08752025931928688,0.07413249211356467,0.06925675675675676,0.005,0.0016260162601626016,0.09090909090909091,0.012903225806451613,0.08768971332209106,0.0030816640986132513,0.006389776357827476,0.04559748427672956,0.13722397476340695,0.05863192182410423,0.018302828618968387,0.04472843450479233,0.0046875,0.022435897435897436,0.07730263157894737,0.004909983633387889,0.02332814930015552,0.030497592295345103,0.019877675840978593,0.008291873963515755,0.02329450915141431,0.005136986301369863,0.03135313531353135,0.0067226890756302525,0.11186440677966102,0.0,0.012987012987012988,0.0182370820668693,0.09693053311793215,0.0032733224222585926,0.024630541871921183,0.060810810810810814,0.18974358974358974,0.004724409448818898,0.07528641571194762,0.011308562197092083,0.07478260869565218,0.0015873015873015873,0.001694915254237288,0.0015748031496062992,0.06814580031695722,0.041666666666666664,0.024429967426710098,0.048414023372287146,0.001557632398753894,0.04065040650406504,0.024958402662229616,0.08080808080808081,0.07802547770700637,0.05065359477124183,0.0,0.011666666666666667,0.0391156462585034,0.07154213036565978,0.03571428571428571,0.04100946372239748,0.05521472392638037,0.004792332268370607,0.08634222919937205,0.07281553398058252,0.04011887072808321,0.04107424960505529,0.006711409395973154,0.007849293563579277,0.03789126853377265,0.013910355486862442,0.007874015748031496,0.02768729641693811,0.08427876823338736,0.07332293291731669,0.13915857605177995,0.06143344709897611,0.045307443365695796,0.04897314375987362,0.048859934853420196,0.1189710610932476,0.08620689655172414,0.006144393241167435,0.0,0.0112,0.007680491551459293,0.02040816326530612,0.04700162074554295,0.0,0.034722222222222224,0.019077901430842606,0.0016420361247947454,0.054602184087363496,0.02593192868719611,0.021806853582554516,0.03980099502487562,0.0,0.04433497536945813,0.0015873015873015873,0.07532051282051282
2006,1,9,prevalence,0.05098684210526316,0.001692047377326565,0.26978998384491115,0.26978998384491115,0.0032733224222585926,0.1396103896103896,0.0,0.09178743961352658,0.07017543859649122,0.0033277870216306157,0.04376012965964344,0.09022556390977443,0.15104166666666666,0.006153846153846154,0.009216589861751152,0.0452418096723869,0.0015600624024961,0.00641025641025641,0.07131011608623548,0.0015220700152207,0.03745928338762215,0.2247191011235955,0.11021069692058347,0.09409888357256778,0.024429967426710098,0.04591836734693878,0.05537459283387622,0.009724473257698542,0.052547770700636945,0.08928571428571429,0.03260869565217391,0.055,0.09120521172638436,0.01559792027729636,0.08823529411764706,0.05190311418685121,0.024311183144246355,0.012598425196850394,0.03514376996805112,0.024132730015082957,0.018575851393188854,0.01779935275080906,0.0,0.0,0.026272577996715927,0.018957345971563982,0.023734177215189875,0.01174496644295302,0.05016722408026756,0.09921259842519685,0.08064516129032258,0.029654036243822075,0.14213197969543148,0.033112582781456956,0.0033222591362126247,0.013595166163141994,0.007704160246533128,0.10437710437710437,0.024311183144246355,0.04013377926421405,0.04194630872483222,0.013651877133105802,0.0016233766233766235,0.07093425605536333,0.0015748031496062992,0.008116883116883116,0.0,0.07479674796747968,0.017214397496087636,0.05591054313099041,0.03376205787781351,0.14192495921696574,0.041390728476821195,0.03171953255425709,0.08598726114649681,0.017857142857142856,0.038338658146964855,0.1109350237717908,0.0,0.010869565217391304,0.016891891891891893,0.007987220447284345,0.030694668820678513,0.05186385737439222,0.006779661016949152,0.0,0.001652892561983471,0.004901960784313725,0.057692307692307696,0.020766773162939296,0.011725293132328308,0.02113821138211382,0.0657672849915683,0.003215434083601286,0.02021772939346812,0.0,0.009448818897637795,0.0,0.06156405990016639,0.011804384485666104,0.027210884353741496,0.05065359477124183,0.05466237942122187,0.0748829953198128,0.06701030927835051,0.0032626427406199023,0.003278688524590164,0.07993730407523511,0.011146496815286623,0.1076158940397351,0.0015527950310559005,0.00974025974025974,0.04038772213247173,0.11075949367088607,0.08305647840531562,0.01620745542949757,0.024271844660194174,0.00315955766192733,0.028846153846153848,0.08682170542635659,0.0016233766233766235,0.03003003003003003,0.022082018927444796,0.019726858877086494,0.009836065573770493,0.019966722129783693,0.005084745762711864,0.02512562814070352,0.004918032786885246,0.08747855917667238,0.0,0.0176,0.02,0.09838709677419355,0.006535947712418301,0.02258064516129032,0.06281833616298811,0.1870748299319728,0.009419152276295133,0.053833605220228384,0.011093502377179081,0.05172413793103448,0.0015698587127158557,0.0,0.007751937984496124,0.06957928802588997,0.049019607843137254,0.03289473684210526,0.033925686591276254,0.001567398119122257,0.025889967637540454,0.03403565640194489,0.049342105263157895,0.05582137161084529,0.07507987220447285,0.004934210526315789,0.01020408163265306,0.02054794520547945,0.0528,0.033112582781456956,0.046153846153846156,0.0405616224648986,0.0,0.047619047619047616,0.064891846921797,0.03765060240963856,0.039936102236421724,0.00338409475465313,0.006309148264984227,0.0347682119205298,0.015015015015015015,0.00825082508250825,0.0387858347386172,0.07754442649434572,0.06212121212121212,0.13344051446945338,0.06290322580645161,0.03776683087027915,0.06645056726094004,0.044374009508716325,0.11356466876971609,0.0764525993883792,0.008995502248875561,0.003472222222222222,0.01610305958132045,0.003189792663476874,0.0416,0.031198686371100164,0.0016155088852988692,0.04878048780487805,0.036303630363036306,0.0016260162601626016,0.04107424960505529,0.03403565640194489,0.0128,0.02773246329526917,0.0,0.042692939244663386,0.0031645569620253164,0.06741573033707865
2007,1,9,prevalence,0.025041736227045076,0.0,0.20435510887772193,0.20435510887772193,0.0033500837520938024,0.10372771474878444,0.0,0.0932475884244373,0.0627062706270627,0.0016806722689075631,0.05245901639344262,0.07272727272727272,0.15008726003490402,0.007987220447284345,0.0182648401826484,0.05379746835443038,0.0031496062992125984,0.006462035541195477,0.08561643835616438,0.001584786053882726,0.03902439024390244,0.1791044776119403,0.07792207792207792,0.06635071090047394,0.017857142857142856,0.043697478991596636,0.04654895666131621,0.023333333333333334,0.056818181818181816,0.10619469026548672,0.03852080123266564,0.047775947281713346,0.06687898089171974,0.03614457831325301,0.06840390879478828,0.07093425605536333,0.030448717948717948,0.009244992295839754,0.03453689167974882,0.02748091603053435,0.03129890453834116,0.014657980456026058,0.0,0.0,0.030844155844155844,0.020440251572327043,0.036163522012578615,0.019769357495881382,0.03361344537815126,0.07936507936507936,0.07537688442211055,0.0196078431372549,0.11960132890365449,0.04133545310015898,0.005016722408026756,0.01263823064770932,0.019817073170731708,0.08798646362098139,0.025559105431309903,0.03281519861830743,0.04230118443316413,0.010221465076660987,0.001610305958132045,0.0547008547008547,0.0016420361247947454,0.016420361247947456,0.0,0.10841423948220065,0.012598425196850394,0.09485530546623794,0.05144694533762058,0.1111111111111111,0.03833333333333333,0.03442340791738382,0.07890499194847021,0.02768729641693811,0.05263157894736842,0.10252365930599369,0.00782472613458529,0.013975155279503106,0.022071307300509338,0.011235955056179775,0.03815580286168521,0.032362459546925564,0.018425460636515914,0.0,0.0,0.0032948929159802307,0.037520391517128875,0.01729559748427673,0.014729950900163666,0.02459016393442623,0.054817275747508304,0.006462035541195477,0.01866251944012442,0.0,0.014218009478672985,0.0,0.06988352745424292,0.011864406779661017,0.016666666666666666,0.06721311475409836,0.03600654664484452,0.09399075500770417,0.06495726495726496,0.003179650238473768,0.0016556291390728477,0.08461538461538462,0.006153846153846154,0.1,0.0015384615384615385,0.02073365231259968,0.0264797507788162,0.08507223113964688,0.0945273631840796,0.019639934533551555,0.01610305958132045,0.00782472613458529,0.03189792663476874,0.06738131699846861,0.006514657980456026,0.03619909502262444,0.03758169934640523,0.03951367781155015,0.013422818791946308,0.010067114093959731,0.0035149384885764497,0.023728813559322035,0.006462035541195477,0.08981001727115717,0.0,0.016420361247947456,0.019817073170731708,0.10576923076923077,0.018456375838926176,0.019543973941368076,0.04690117252931323,0.1646655231560892,0.0093603744149766,0.04145936981757877,0.01904761904761905,0.07413793103448275,0.003236245954692557,0.001697792869269949,0.019696969696969695,0.059748427672955975,0.03648424543946932,0.024958402662229616,0.01929260450160772,0.003129890453834116,0.012718600953895072,0.016420361247947456,0.026622296173044926,0.0811232449297972,0.06060606060606061,0.006589785831960461,0.0050335570469798654,0.01549053356282272,0.05901116427432217,0.04091653027823241,0.053973013493253376,0.017027863777089782,0.0016233766233766235,0.04709576138147567,0.08034188034188035,0.0375,0.046875,0.006589785831960461,0.0032258064516129032,0.0462046204620462,0.016591251885369532,0.009724473257698542,0.04,0.07643312101910828,0.07186544342507645,0.1076158940397351,0.05314009661835749,0.0380794701986755,0.05705229793977813,0.04430379746835443,0.0910569105691057,0.0671875,0.013432835820895522,0.015517241379310345,0.019543973941368076,0.0032,0.04051863857374392,0.012841091492776886,0.0033613445378151263,0.052100840336134456,0.03431372549019608,0.0016778523489932886,0.040584415584415584,0.03697749196141479,0.03260869565217391,0.025,0.0,0.056179775280898875,0.0112,0.07993730407523511
2008,1,9,prevalence,0.03395585738539898,0.0,0.10031847133757962,0.10031847133757962,0.0016155088852988692,0.07667731629392971,0.0016313213703099511,0.07244094488188976,0.04865771812080537,0.001694915254237288,0.08747855917667238,0.07680491551459294,0.15051903114186851,0.003179650238473768,0.03869047619047619,0.04100946372239748,0.003189792663476874,0.007898894154818325,0.06060606060606061,0.0016051364365971107,0.048701298701298704,0.09740259740259741,0.07281553398058252,0.061708860759493674,0.01155115511551155,0.0656,0.03508771929824561,0.014308426073131956,0.04126984126984127,0.10157618213660245,0.030744336569579287,0.03210272873194221,0.06635071090047394,0.02337228714524207,0.06280193236714976,0.05704697986577181,0.024271844660194174,0.007974481658692184,0.025236593059936908,0.017107309486780714,0.032,0.011326860841423949,0.0,0.0,0.03333333333333333,0.009708737864077669,0.039816232771822356,0.02027027027027027,0.013333333333333334,0.05910543130990415,0.0821256038647343,0.018487394957983194,0.11627906976744186,0.03605015673981191,0.011844331641285956,0.009508716323296355,0.018072289156626505,0.07011686143572621,0.05747126436781609,0.03,0.04258943781942078,0.010291595197255575,0.003194888178913738,0.026223776223776224,0.0,0.01340033500837521,0.0,0.09409888357256778,0.005997001499250375,0.05098684210526316,0.0368,0.08514190317195326,0.03005008347245409,0.04513888888888889,0.07401315789473684,0.029874213836477988,0.03776683087027915,0.09134615384615384,0.018779342723004695,0.012326656394453005,0.023608768971332208,0.01592356687898089,0.03215434083601286,0.017741935483870968,0.016611295681063124,0.011437908496732025,0.0,0.0032310177705977385,0.03870967741935484,0.00949367088607595,0.008305647840531562,0.021172638436482084,0.04639175257731959,0.009615384615384616,0.02735562310030395,0.0,0.018433179723502304,0.0,0.04590163934426229,0.011986301369863013,0.02258064516129032,0.046849757673667204,0.04311774461028192,0.11378205128205128,0.059931506849315065,0.003284072249589491,0.0016366612111292963,0.09233176838810642,0.020833333333333332,0.07947019867549669,0.0015408320493066256,0.01584786053882726,0.023291925465838508,0.07142857142857142,0.06862745098039216,0.012461059190031152,0.0192,0.006279434850863423,0.03618421052631579,0.051593323216995446,0.006578947368421052,0.021505376344086023,0.03177257525083612,0.04636785162287481,0.008143322475570033,0.011494252873563218,0.008756567425569177,0.027419354838709678,0.0016181229773462784,0.10756302521008404,0.0,0.010050251256281407,0.020123839009287926,0.06109324758842444,0.01631321370309951,0.023529411764705882,0.0392156862745098,0.11222780569514237,0.017432646592709985,0.048903878583473864,0.03508771929824561,0.05602716468590832,0.003257328990228013,0.006472491909385114,0.033846153846153845,0.03565640194489465,0.05115511551155116,0.012861736334405145,0.0359375,0.0030816640986132513,0.015772870662460567,0.025,0.018032786885245903,0.062111801242236024,0.03365384615384615,0.008237232289950576,0.01335559265442404,0.015151515151515152,0.05348460291734198,0.05186385737439222,0.04328358208955224,0.03058103975535168,0.001652892561983471,0.04595879556259905,0.0723905723905724,0.019933554817275746,0.03627760252365931,0.0016420361247947454,0.0031847133757961785,0.034482758620689655,0.025222551928783383,0.014469453376205787,0.047697368421052634,0.08210180623973727,0.06554878048780488,0.0794912559618442,0.03459119496855346,0.059322033898305086,0.054140127388535034,0.046801872074883,0.06393442622950819,0.04186046511627907,0.013333333333333334,0.011804384485666104,0.016286644951140065,0.006430868167202572,0.03,0.01589825119236884,0.006557377049180328,0.05073649754500818,0.03494176372712146,0.0,0.040453074433656956,0.01794453507340946,0.03761755485893417,0.024916943521594685,0.0,0.03803486529318542,0.015100671140939598,0.057722308892355696
2009,1,9,prevalence,0.021702838063439065,0.0,0.05466237942122187,0.05466237942122187,0.0,0.08823529411764706,0.0016556291390728477,0.0680379746835443,0.02901023890784983,0.0017064846416382253,0.06020066889632107,0.0876923076923077,0.11611785095320624,0.003194888178913738,0.05873715124816446,0.02996845425867508,0.003246753246753247,0.0064516129032258064,0.050761421319796954,0.0016155088852988692,0.04433497536945813,0.09688013136288999,0.038461538461538464,0.05238095238095238,0.011111111111111112,0.056818181818181816,0.027950310559006212,0.009419152276295133,0.02912621359223301,0.06993006993006994,0.04730831973898858,0.017741935483870968,0.03870967741935484,0.019736842105263157,0.05263157894736842,0.06721311475409836,0.03177257525083612,0.009693053311793215,0.02694136291600634,0.021739130434782608,0.030744336569579287,0.00792393026941363,0.0,0.0,0.035483870967741936,0.011128775834658187,0.043076923076923075,0.015410958904109588,0.01,0.0673076923076923,0.04361873990306947,0.00676818950930626,0.08319467554076539,0.0452418096723869,0.019801980198019802,0.012861736334405145,0.025835866261398176,0.043689320388349516,0.06279434850863422,0.02249134948096886,0.023608768971332208,0.017094017094017096,0.004815409309791332,0.029462738301559793,0.0,0.008460236886632826,0.0,0.09771986970684039,0.004518072289156626,0.03678929765886288,0.03054662379421222,0.04817275747508306,0.041254125412541254,0.05263157894736842,0.061224489795918366,0.038523274478330656,0.02564102564102564,0.08562197092084006,0.01726844583987441,0.010769230769230769,0.01001669449081803,0.023961661341853034,0.04220779220779221,0.020700636942675158,0.022988505747126436,0.012965964343598054,0.0,0.0016233766233766235,0.043478260869565216,0.0112,0.0032310177705977385,0.018272425249169437,0.04886561954624782,0.004909983633387889,0.019817073170731708,0.001694915254237288,0.013677811550151976,0.0,0.037337662337662336,0.00505902192242833,0.04510108864696734,0.033123028391167195,0.029801324503311258,0.0744336569579288,0.050505050505050504,0.003355704697986577,0.0016129032258064516,0.07453416149068323,0.013071895424836602,0.0791599353796446,0.0015220700152207,0.025437201907790145,0.015151515151515152,0.05180533751962323,0.08,0.020123839009287926,0.030303030303030304,0.006299212598425197,0.0274442538593482,0.036585365853658534,0.009900990099009901,0.022764227642276424,0.02735042735042735,0.026438569206842923,0.008130081300813009,0.004966887417218543,0.006872852233676976,0.030254777070063694,0.0031847133757961785,0.11596638655462185,0.0,0.006666666666666667,0.01732283464566929,0.04552845528455285,0.0192,0.016638935108153077,0.026058631921824105,0.08862876254180602,0.015822784810126583,0.07214765100671142,0.032,0.06700167504187604,0.001692047377326565,0.011146496815286623,0.029985007496251874,0.03739837398373984,0.05527638190954774,0.011272141706924315,0.029641185647425898,0.0016181229773462784,0.025487256371814093,0.01794453507340946,0.013513513513513514,0.045317220543806644,0.0288,0.013377926421404682,0.02127659574468085,0.006745362563237774,0.04697986577181208,0.0496,0.017830609212481426,0.0218408736349454,0.0033500837520938024,0.034482758620689655,0.04770017035775128,0.028192371475953566,0.03912363067292645,0.0047169811320754715,0.0032679738562091504,0.03870967741935484,0.03313253012048193,0.016339869281045753,0.05306799336650083,0.08412698412698413,0.03333333333333333,0.06190476190476191,0.033950617283950615,0.036020583190394515,0.057096247960848286,0.04559748427672956,0.0499194847020934,0.04272151898734177,0.008995502248875561,0.012131715771230503,0.01652892561983471,0.01818181818181818,0.03304347826086956,0.023734177215189875,0.011456628477905073,0.041666666666666664,0.024232633279483037,0.0,0.03980891719745223,0.017741935483870968,0.027993779160186624,0.02975206611570248,0.0,0.012461059190031152,0.03035143769968051,0.07987220447284345
2010,1,9,prevalence,0.024390243902439025,0.0,0.05263157894736842,0.05263157894736842,0.0,0.06220095693779904,0.0016501650165016502,0.04723127035830619,0.023450586264656615,0.0016666666666666668,0.05199306759098787,0.04420731707317073,0.07849829351535836,0.00315955766192733,0.04969879518072289,0.023474178403755867,0.0016313213703099511,0.012678288431061807,0.03202846975088968,0.0,0.03827751196172249,0.08319467554076539,0.029850746268656716,0.039097744360902256,0.004761904761904762,0.04878048780487805,0.030595813204508857,0.012519561815336464,0.014950166112956811,0.03951890034364261,0.04262295081967213,0.02138157894736842,0.011475409836065573,0.023026315789473683,0.05573770491803279,0.06862745098039216,0.03389830508474576,0.0144,0.025157232704402517,0.015105740181268883,0.03656597774244833,0.0032310177705977385,0.0,0.0047694753577106515,0.03189792663476874,0.028892455858747994,0.04100946372239748,0.023529411764705882,0.019933554817275746,0.07855973813420622,0.03104575163398693,0.012006861063464836,0.04426229508196721,0.031055900621118012,0.01485148514851485,0.018333333333333333,0.018838304552590265,0.03668261562998405,0.056,0.010309278350515464,0.024311183144246355,0.02666666666666667,0.0049261083743842365,0.018900343642611683,0.0049833887043189366,0.016835016835016835,0.0016025641025641025,0.05475040257648953,0.007680491551459293,0.045,0.024115755627009645,0.05374592833876222,0.03685092127303183,0.03523489932885906,0.04272151898734177,0.051036682615629984,0.040625,0.06,0.016897081413210446,0.016566265060240965,0.01644736842105263,0.0315955766192733,0.025518341307814992,0.03864734299516908,0.02280130293159609,0.02926829268292683,0.0,0.001610305958132045,0.030894308943089432,0.004975124378109453,0.006600660066006601,0.021630615640599003,0.04,0.0033112582781456954,0.02572347266881029,0.001669449081803005,0.022796352583586626,0.0,0.04662379421221865,0.010084033613445379,0.06327160493827161,0.026813880126182965,0.017377567140600316,0.06688417618270799,0.06260575296108291,0.004934210526315789,0.0016,0.06031746031746032,0.015723270440251572,0.05090311986863711,0.0030581039755351682,0.0272,0.019461077844311378,0.037383177570093455,0.0851063829787234,0.03271028037383177,0.025196850393700787,0.01597444089456869,0.052364864864864864,0.02242152466367713,0.009852216748768473,0.01932367149758454,0.02936096718480138,0.028081123244929798,0.021035598705501618,0.003215434083601286,0.008291873963515755,0.027070063694267517,0.0030911901081916537,0.06132879045996593,0.0,0.011608623548922056,0.020249221183800622,0.03715670436187399,0.024193548387096774,0.021848739495798318,0.019448946515397084,0.04975922953451043,0.007898894154818325,0.047697368421052634,0.0189873417721519,0.041736227045075125,0.0016863406408094434,0.021806853582554516,0.01355421686746988,0.027552674230145867,0.044444444444444446,0.008077544426494346,0.01901743264659271,0.004672897196261682,0.021148036253776436,0.0171606864274571,0.016474464579901153,0.04229607250755287,0.01948051948051948,0.011844331641285956,0.013136288998357963,0.017770597738287562,0.04340567612687813,0.05683563748079877,0.014992503748125937,0.03286384976525822,0.003401360544217687,0.0392156862745098,0.022988505747126436,0.025,0.03067484662576687,0.01557632398753894,0.0033444816053511705,0.041666666666666664,0.03840245775729647,0.011475409836065573,0.036243822075782535,0.05023547880690738,0.03714710252600297,0.04897314375987362,0.0319634703196347,0.029900332225913623,0.06700167504187604,0.054878048780487805,0.039619651347068144,0.03889789303079417,0.020958083832335328,0.02003338898163606,0.01485148514851485,0.013201320132013201,0.042662116040955635,0.030744336569579287,0.015050167224080268,0.030894308943089432,0.0425531914893617,0.0,0.03481012658227848,0.017432646592709985,0.03709428129829984,0.028192371475953566,0.0,0.027649769585253458,0.03588907014681892,0.05362776025236593
2011,1,9,prevalence,0.0296875,0.0015600624024961,0.04024767801857585,0.04024767801857585,0.0,0.04854368932038835,0.0016129032258064516,0.05778491171749599,0.04051863857374392,0.0,0.07432432432432433,0.04380664652567976,0.065,0.003389830508474576,0.04704097116843703,0.03582554517133956,0.0016339869281045752,0.016,0.021015761821366025,0.0,0.039735099337748346,0.04426229508196721,0.03639240506329114,0.01957831325301205,0.004807692307692308,0.03588907014681892,0.014516129032258065,0.012718600953895072,0.01957585644371941,0.03553299492385787,0.04032258064516129,0.01652892561983471,0.009569377990430622,0.02508361204013378,0.04152823920265781,0.050793650793650794,0.04081632653061224,0.0189873417721519,0.020440251572327043,0.02472952086553323,0.051070840197693576,0.0065252854812398045,0.0,0.014354066985645933,0.042789223454833596,0.03600654664484452,0.040372670807453416,0.02680067001675042,0.026981450252951095,0.07281553398058252,0.029654036243822075,0.015734265734265736,0.052884615384615384,0.033816425120772944,0.009819967266775777,0.014657980456026058,0.02830188679245283,0.049206349206349205,0.05374592833876222,0.011965811965811967,0.024671052631578948,0.04065040650406504,0.004885993485342019,0.02772963604852686,0.00847457627118644,0.021775544388609715,0.0,0.04409448818897638,0.006125574272588055,0.0423728813559322,0.016,0.05289256198347107,0.02666666666666667,0.024958402662229616,0.02945736434108527,0.03896103896103896,0.045307443365695796,0.037162162162162164,0.022900763358778626,0.017830609212481426,0.031096563011456628,0.03864734299516908,0.041935483870967745,0.0514820592823713,0.014705882352941176,0.05115511551155116,0.0,0.0,0.05331179321486268,0.0050933786078098476,0.008445945945945946,0.011400651465798045,0.0375,0.004909983633387889,0.026058631921824105,0.001697792869269949,0.014150943396226415,0.0,0.02459016393442623,0.020442930153321975,0.061224489795918366,0.019261637239165328,0.019448946515397084,0.0472972972972973,0.057724957555178265,0.008547008547008548,0.0,0.06477093206951026,0.020440251572327043,0.040584415584415584,0.004622496147919877,0.022364217252396165,0.0377643504531722,0.019448946515397084,0.08907563025210084,0.0297339593114241,0.03656597774244833,0.0065252854812398045,0.05414551607445008,0.0289193302891933,0.029315960912052116,0.02106969205834684,0.04448398576512456,0.02531645569620253,0.02618657937806874,0.0016260162601626016,0.009787928221859706,0.03210272873194221,0.0031446540880503146,0.0628099173553719,0.0,0.014705882352941176,0.014150943396226415,0.03773584905660377,0.0224,0.019867549668874173,0.006339144215530904,0.05392156862745098,0.016897081413210446,0.05804311774461028,0.034482758620689655,0.02768729641693811,0.0,0.015723270440251572,0.024691358024691357,0.0208,0.045454545454545456,0.005042016806722689,0.015432098765432098,0.0030534351145038168,0.024279210925644917,0.007961783439490446,0.015050167224080268,0.049924357034795766,0.027642276422764227,0.0187207488299532,0.024193548387096774,0.014657980456026058,0.04091653027823241,0.05511811023622047,0.010510510510510511,0.043410852713178294,0.004918032786885246,0.03398058252427184,0.018803418803418803,0.025906735751295335,0.026813880126182965,0.0189873417721519,0.0033277870216306157,0.028716216216216218,0.040498442367601244,0.011363636363636364,0.03278688524590164,0.03582554517133956,0.04538799414348463,0.025078369905956112,0.040061633281972264,0.028145695364238412,0.06735751295336788,0.04665629860031104,0.03464566929133858,0.04669887278582931,0.02276176024279211,0.01309328968903437,0.016778523489932886,0.022071307300509338,0.037606837606837605,0.03365384615384615,0.016638935108153077,0.03618421052631579,0.04194630872483222,0.0,0.02821316614420063,0.0187207488299532,0.02511773940345369,0.027419354838709678,0.0,0.06870229007633588,0.023890784982935155,0.04051863857374392
2012,1,9,prevalence,0.03605015673981191,0.0015384615384615385,0.061389337641357025,0.061389337641357025,0.0,0.06472491909385113,0.0016155088852988692,0.0992,0.0463258785942492,0.0,0.07973421926910298,0.03770739064856712,0.11092715231788079,0.0032414910858995136,0.06646525679758308,0.038461538461538464,0.0016339869281045752,0.010084033613445379,0.0156794425087108,0.0,0.03656597774244833,0.03758169934640523,0.05115511551155116,0.03278688524590164,0.009389671361502348,0.03870967741935484,0.00322061191626409,0.011235955056179775,0.024193548387096774,0.04873949579831933,0.03908794788273615,0.0322061191626409,0.015527950310559006,0.02247191011235955,0.04404567699836868,0.05701078582434515,0.033925686591276254,0.01732283464566929,0.018867924528301886,0.04538341158059468,0.05342237061769616,0.0016313213703099511,0.0,0.01746031746031746,0.049099836333878884,0.04245283018867924,0.03732503888024884,0.022508038585209004,0.016891891891891893,0.03588907014681892,0.03104575163398693,0.013888888888888888,0.06389776357827476,0.028145695364238412,0.011513157894736841,0.011513157894736841,0.03622047244094488,0.038338658146964855,0.0633116883116883,0.034653465346534656,0.028391167192429023,0.046849757673667204,0.006339144215530904,0.027874564459930314,0.008488964346349746,0.021172638436482084,0.0,0.03064516129032258,0.01567398119122257,0.04628099173553719,0.020440251572327043,0.03322259136212625,0.039473684210526314,0.03986710963455149,0.02723146747352496,0.04006410256410257,0.04355108877721943,0.031198686371100164,0.03271028037383177,0.03249630723781388,0.0451505016722408,0.07232704402515723,0.03459637561779242,0.06481481481481481,0.013179571663920923,0.05057096247960848,0.0,0.0,0.05627009646302251,0.008547008547008548,0.00966183574879227,0.014563106796116505,0.03626943005181347,0.003205128205128205,0.024311183144246355,0.0017241379310344827,0.010736196319018405,0.0,0.03767660910518053,0.02249134948096886,0.08176100628930817,0.028985507246376812,0.01910828025477707,0.060810810810810814,0.06112054329371817,0.007067137809187279,0.0,0.06115702479338843,0.020155038759689922,0.02926829268292683,0.0030721966205837174,0.02009273570324575,0.02599388379204893,0.017543859649122806,0.08292682926829269,0.026729559748427674,0.029079159935379646,0.009538950715421303,0.06417112299465241,0.05053598774885146,0.03864734299516908,0.03205128205128205,0.03074141048824593,0.045234248788368334,0.02471169686985173,0.0,0.01129032258064516,0.03915171288743882,0.0045662100456621,0.07308970099667775,0.0,0.016025641025641024,0.013719512195121951,0.025906735751295335,0.009375,0.013157894736842105,0.0049833887043189366,0.0608,0.011075949367088608,0.087893864013267,0.02197802197802198,0.02711323763955343,0.0,0.006097560975609756,0.035168195718654434,0.040983606557377046,0.047697368421052634,0.001694915254237288,0.015479876160990712,0.0,0.01889763779527559,0.006153846153846154,0.016638935108153077,0.08411214953271028,0.03414634146341464,0.01935483870967742,0.01579778830963665,0.011382113821138212,0.04262295081967213,0.04173106646058733,0.006006006006006006,0.047021943573667714,0.003194888178913738,0.025889967637540454,0.03125,0.028119507908611598,0.042993630573248405,0.025518341307814992,0.0016806722689075631,0.03896103896103896,0.03773584905660377,0.018575851393188854,0.029605263157894735,0.031818181818181815,0.04696969696969697,0.02843601895734597,0.03343465045592705,0.01694915254237288,0.06597222222222222,0.024205748865355523,0.06614173228346457,0.05040650406504065,0.028081123244929798,0.014469453376205787,0.011904761904761904,0.01733102253032929,0.015463917525773196,0.061258278145695365,0.01957585644371941,0.02750809061488673,0.061855670103092786,0.0,0.01951219512195122,0.012658227848101266,0.03164556962025317,0.017915309446254073,0.0,0.08153846153846153,0.02226027397260274,0.04215851602023609
2013,1,9,prevalence,0.04153354632587859,0.0015408320493066256,0.0733652312599681,0.0733652312599681,0.001594896331738437,0.06518282988871224,0.0016501650165016502,0.13731825525040386,0.05374592833876222,0.0016339869281045752,0.0781758957654723,0.0547945205479452,0.15485996705107083,0.003305785123966942,0.06948640483383686,0.03709428129829984,0.0016556291390728477,0.00825082508250825,0.013651877133105802,0.0,0.05374592833876222,0.029950083194675542,0.0544,0.023006134969325152,0.017107309486780714,0.022988505747126436,0.0032414910858995136,0.00974025974025974,0.030595813204508857,0.043478260869565216,0.039655172413793106,0.04503105590062112,0.014084507042253521,0.016233766233766232,0.03927986906710311,0.05045871559633028,0.040257648953301126,0.02377179080824089,0.027070063694267517,0.03225806451612903,0.052980132450331126,0.006379585326953748,0.0,0.012232415902140673,0.0304,0.04258675078864353,0.04231974921630094,0.02066772655007949,0.019704433497536946,0.03739837398373984,0.03064516129032258,0.020066889632107024,0.04966887417218543,0.026490066225165563,0.011058451816745656,0.016666666666666666,0.036334913112164295,0.016717325227963525,0.12759170653907495,0.03782894736842105,0.021739130434782608,0.03488372093023256,0.006259780907668232,0.027633851468048358,0.00686106346483705,0.024390243902439025,0.0,0.025559105431309903,0.0416,0.049019607843137254,0.021172638436482084,0.050080775444264945,0.052202283849918436,0.050505050505050504,0.0290519877675841,0.04807692307692308,0.02631578947368421,0.022435897435897436,0.023809523809523808,0.06382978723404255,0.024752475247524754,0.0662557781201849,0.024154589371980676,0.026113671274961597,0.014657980456026058,0.06690140845070422,0.0,0.0,0.07479674796747968,0.013816925734024179,0.010067114093959731,0.009852216748768473,0.09523809523809523,0.001594896331738437,0.01485148514851485,0.0016638935108153079,0.00794912559618442,0.0,0.047244094488188976,0.010084033613445379,0.0761904761904762,0.024115755627009645,0.025682182985553772,0.060064935064935064,0.0730050933786078,0.006920415224913495,0.0,0.049441786283891544,0.023734177215189875,0.03739837398373984,0.0031007751937984496,0.009244992295839754,0.02748091603053435,0.014516129032258065,0.08267090620031796,0.02332814930015552,0.014331210191082803,0.017488076311605722,0.07513416815742398,0.05124223602484472,0.05194805194805195,0.04730831973898858,0.03327495621716287,0.025,0.037520391517128875,0.0,0.012924071082390954,0.03436988543371522,0.004531722054380665,0.11764705882352941,0.0,0.025,0.012232415902140673,0.049557522123893805,0.011128775834658187,0.011326860841423949,0.003284072249589491,0.08412698412698413,0.009316770186335404,0.09461663947797716,0.02050473186119874,0.024390243902439025,0.0,0.0030534351145038168,0.035982008995502246,0.06375838926174497,0.053156146179401995,0.0017152658662092624,0.01932367149758454,0.0,0.022116903633491312,0.009302325581395349,0.011532125205930808,0.0941358024691358,0.04777070063694268,0.005025125628140704,0.012618296529968454,0.007961783439490446,0.03,0.041916167664670656,0.003048780487804878,0.050078247261345854,0.0046801872074883,0.023923444976076555,0.044189852700491,0.03880070546737213,0.030063291139240507,0.01597444089456869,0.0,0.04566929133858268,0.030744336569579287,0.0109717868338558,0.01461038961038961,0.06838905775075987,0.05546995377503852,0.04538341158059468,0.04461538461538461,0.011824324324324325,0.06357388316151202,0.01875,0.061389337641357025,0.0530421216848674,0.02280130293159609,0.006482982171799027,0.005067567567567568,0.01854974704890388,0.02337228714524207,0.06554621848739496,0.013050570962479609,0.03565891472868217,0.05363321799307959,0.0,0.030694668820678513,0.008077544426494346,0.02875399361022364,0.02254428341384863,0.0,0.12210200927357033,0.030303030303030304,0.03741496598639456
2014,1,9,prevalence,0.0698051948051948,0.0015082956259426848,0.08702531645569621,0.08702531645569621,0.0015455950540958269,0.0913312693498452,0.0033277870216306157,0.1476725521669342,0.04152823920265781,0.0016722408026755853,0.06467661691542288,0.06103286384976526,0.15993537964458804,0.0,0.09393939393939393,0.044444444444444446,0.0,0.0,0.01340033500837521,0.0,0.04966887417218543,0.02750809061488673,0.06677265500794913,0.03463855421686747,0.03852080123266564,0.0165016501650165,0.001607717041800643,0.006600660066006601,0.025078369905956112,0.049342105263157895,0.036605657237936774,0.05030487804878049,0.04361370716510903,0.00794912559618442,0.03488372093023256,0.06018518518518518,0.0322061191626409,0.011272141706924315,0.03577235772357724,0.03420195439739414,0.07504078303425775,0.01238390092879257,0.0,0.010769230769230769,0.027463651050080775,0.05727554179566564,0.05422647527910686,0.02857142857142857,0.03286384976525822,0.022617124394184167,0.03870967741935484,0.024429967426710098,0.06020066889632107,0.03343949044585987,0.011217948717948718,0.006896551724137931,0.03531300160513644,0.01694915254237288,0.15625,0.04723127035830619,0.02040816326530612,0.03387096774193549,0.004739336492890996,0.029950083194675542,0.0051813471502590676,0.021311475409836064,0.0,0.050078247261345854,0.049206349206349205,0.05454545454545454,0.012861736334405145,0.07154742096505824,0.05237315875613748,0.048414023372287146,0.035168195718654434,0.0738362760834671,0.014729950900163666,0.020833333333333332,0.019261637239165328,0.04179566563467492,0.03414634146341464,0.08962264150943396,0.024077046548956663,0.03543913713405239,0.0189873417721519,0.07781456953642384,0.0,0.0,0.08038585209003216,0.013745704467353952,0.009933774834437087,0.025889967637540454,0.12622950819672132,0.003289473684210526,0.007987220447284345,0.0016611295681063123,0.004672897196261682,0.0,0.04874213836477988,0.020202020202020204,0.10509554140127389,0.024154589371980676,0.026359143327841845,0.06862745098039216,0.06734006734006734,0.0033613445378151263,0.0016286644951140066,0.03343949044585987,0.022292993630573247,0.05901639344262295,0.0015174506828528073,0.01228878648233487,0.036585365853658534,0.024193548387096774,0.046583850931677016,0.018404907975460124,0.008116883116883116,0.014516129032258065,0.052083333333333336,0.0264797507788162,0.0397456279809221,0.03864734299516908,0.02577319587628866,0.008,0.03395585738539898,0.0,0.006600660066006601,0.03442622950819672,0.005925925925925926,0.15772357723577235,0.0,0.055900621118012424,0.007836990595611285,0.050347222222222224,0.0062402496099844,0.00967741935483871,0.0033277870216306157,0.11180124223602485,0.01957585644371941,0.12748344370860928,0.014778325123152709,0.021374045801526718,0.0,0.007342143906020558,0.03374233128834356,0.0728476821192053,0.04809286898839138,0.001763668430335097,0.0096,0.0,0.00916030534351145,0.013719512195121951,0.014778325123152709,0.0989010989010989,0.07278481012658228,0.021487603305785124,0.011093502377179081,0.007898894154818325,0.03511705685618729,0.029141104294478526,0.001579778830963665,0.04220779220779221,0.0030581039755351682,0.02127659574468085,0.061806656101426306,0.04929577464788732,0.04746835443037975,0.022435897435897436,0.0,0.02576489533011272,0.04333868378812199,0.0032102728731942215,0.0165016501650165,0.07232704402515723,0.051118210862619806,0.06289308176100629,0.03338391502276176,0.011986301369863013,0.11452991452991453,0.013996889580093312,0.04107424960505529,0.04716981132075472,0.03642384105960265,0.011363636363636364,0.004909983633387889,0.01697792869269949,0.027874564459930314,0.09183673469387756,0.018092105263157895,0.026984126984126985,0.06802721088435375,0.0,0.020933977455716585,0.0046875,0.035256410256410256,0.011111111111111112,0.0,0.1299093655589124,0.044444444444444446,0.039792387543252594
2015,1,9,prevalence,0.0791599353796446,0.001488095238095238,0.16232771822358347,0.16232771822358347,0.0,0.11145038167938931,0.0032520325203252032,0.14729950900163666,0.05601317957166392,0.001658374792703151,0.05422647527910686,0.09642301710730948,0.2617124394184168,0.0017064846416382253,0.1276595744680851,0.044657097288676235,0.0,0.0,0.023529411764705882,0.0,0.040268456375838924,0.039473684210526314,0.04285714285714286,0.03709428129829984,0.03470031545741325,0.016233766233766232,0.0015723270440251573,0.001610305958132045,0.028846153846153848,0.040584415584415584,0.047933884297520664,0.07350689127105667,0.0315955766192733,0.007898894154818325,0.02622950819672131,0.07177033492822966,0.032915360501567396,0.004991680532445923,0.026687598116169546,0.02258064516129032,0.08809135399673736,0.01694915254237288,0.0,0.006153846153846154,0.025518341307814992,0.037383177570093455,0.052547770700636945,0.028846153846153848,0.03305785123966942,0.02773246329526917,0.03685092127303183,0.004942339373970346,0.06158833063209076,0.0752,0.003134796238244514,0.010050251256281407,0.024390243902439025,0.007763975155279503,0.1631321370309951,0.044189852700491,0.028708133971291867,0.05970149253731343,0.0033112582781456954,0.059113300492610835,0.0017152658662092624,0.021207177814029365,0.0,0.08530805687203792,0.09313725490196079,0.05263157894736842,0.013050570962479609,0.04753820033955857,0.05834683954619125,0.03945111492281304,0.03358778625954199,0.1136,0.025684931506849314,0.01288244766505636,0.016260162601626018,0.05305466237942122,0.024232633279483037,0.1171875,0.01732283464566929,0.04953560371517028,0.009448818897637795,0.0943089430894309,0.0,0.0,0.10714285714285714,0.021922428330522766,0.021311475409836064,0.03114754098360656,0.12214983713355049,0.004918032786885246,0.007987220447284345,0.0016,0.009523809523809525,0.0,0.0483619344773791,0.0387858347386172,0.06929133858267716,0.03140495867768595,0.04590163934426229,0.06420545746388442,0.11745513866231648,0.008665511265164644,0.0016207455429497568,0.0304,0.033123028391167195,0.05379746835443038,0.0015174506828528073,0.013824884792626729,0.03177004538577912,0.01607717041800643,0.049689440993788817,0.023148148148148147,0.011363636363636364,0.014218009478672985,0.050788091068301226,0.03215434083601286,0.030303030303030304,0.043993231810490696,0.006968641114982578,0.0016474464579901153,0.02891156462585034,0.001639344262295082,0.011608623548922056,0.03934426229508197,0.006097560975609756,0.2218700475435816,0.0,0.07378335949764521,0.0096,0.047619047619047616,0.0015290519877675841,0.0,0.0016313213703099511,0.15396578538102643,0.01757188498402556,0.1008,0.008143322475570033,0.009244992295839754,0.0,0.010510510510510511,0.027314112291350532,0.08108108108108109,0.047933884297520664,0.003430531732418525,0.014729950900163666,0.0,0.00927357032457496,0.016845329249617153,0.03648424543946932,0.11544461778471139,0.08163265306122448,0.05281090289608177,0.009077155824508321,0.004792332268370607,0.025,0.020155038759689922,0.0,0.042692939244663386,0.0029940119760479044,0.04477611940298507,0.08668730650154799,0.054770318021201414,0.0514820592823713,0.028481012658227847,0.0,0.03889789303079417,0.04715447154471545,0.0032414910858995136,0.02388535031847134,0.09546925566343042,0.0532258064516129,0.08095238095238096,0.04272151898734177,0.017421602787456445,0.132890365448505,0.0031446540880503146,0.02936630602782071,0.02384737678855326,0.05564924114671164,0.003129890453834116,0.0,0.01864406779661017,0.025996533795493933,0.12207357859531773,0.02508361204013378,0.022187004754358162,0.058919803600654665,0.0,0.0304,0.006339144215530904,0.03262642740619902,0.01579778830963665,0.0,0.11634756995581738,0.05169340463458111,0.05199306759098787
2016,1,9,prevalence,0.07453416149068323,0.0015105740181268882,0.24731182795698925,0.24731182795698925,0.0,0.12368024132730016,0.0016420361247947454,0.1527331189710611,0.08087091757387248,0.001658374792703151,0.07631160572337042,0.10047095761381476,0.36187399030694667,0.0016556291390728477,0.12,0.04501607717041801,0.0,0.0,0.04948805460750853,0.0,0.03986710963455149,0.03365384615384615,0.03815580286168521,0.049206349206349205,0.030254777070063694,0.0288135593220339,0.0,0.012779552715654952,0.03987240829346093,0.027287319422150885,0.03758169934640523,0.07219662058371736,0.020602218700475437,0.0047694753577106515,0.041666666666666664,0.0594679186228482,0.015625,0.0,0.027823240589198037,0.016260162601626018,0.1111111111111111,0.012326656394453005,0.0,0.00933125972006221,0.02750809061488673,0.018604651162790697,0.08864696734059098,0.020537124802527645,0.024875621890547265,0.03322259136212625,0.016722408026755852,0.003236245954692557,0.09740259740259741,0.11658456486042693,0.001579778830963665,0.00946372239747634,0.04173354735152488,0.0015527950310559005,0.17549668874172186,0.04285714285714286,0.010835913312693499,0.07679738562091504,0.003395585738539898,0.06239460370994941,0.0016722408026755853,0.013008130081300813,0.0,0.08888888888888889,0.10327868852459017,0.06168831168831169,0.013050570962479609,0.04498269896193772,0.03697478991596639,0.04522613065326633,0.030627871362940276,0.09650582362728785,0.018487394957983194,0.008130081300813009,0.01951219512195122,0.06290322580645161,0.019077901430842606,0.1419656786271451,0.017828200972447326,0.06269592476489028,0.003189792663476874,0.08064516129032258,0.0,0.0,0.17540983606557378,0.009900990099009901,0.019966722129783693,0.03943217665615142,0.12643678160919541,0.006349206349206349,0.003194888178913738,0.003189792663476874,0.011217948717948718,0.0,0.0304,0.061224489795918366,0.05388272583201268,0.027642276422764227,0.06229508196721312,0.05564648117839607,0.12919463087248323,0.01015228426395939,0.0015479876160990713,0.03054662379421222,0.04258675078864353,0.04595879556259905,0.0031007751937984496,0.009202453987730062,0.03115264797507788,0.022435897435897436,0.07320872274143302,0.012195121951219513,0.017770597738287562,0.011419249592169658,0.05952380952380952,0.027070063694267517,0.044753086419753084,0.03529411764705882,0.003316749585406302,0.001669449081803005,0.02195945945945946,0.004966887417218543,0.008347245409015025,0.04950495049504951,0.0030165912518853697,0.21900161030595813,0.0,0.060092449922958396,0.015698587127158554,0.04948805460750853,0.0,0.0,0.0016,0.1421875,0.024549918166939442,0.10355987055016182,0.009771986970684038,0.007886435331230283,0.0,0.015128593040847202,0.03379416282642089,0.1070811744386874,0.03859060402684564,0.005154639175257732,0.010033444816053512,0.0,0.006369426751592357,0.0045662100456621,0.08443708609271523,0.14217252396166133,0.12828438948995363,0.09743589743589744,0.012422360248447204,0.003289473684210526,0.029411764705882353,0.015197568389057751,0.0,0.05090311986863711,0.0014925373134328358,0.03902439024390244,0.06144393241167435,0.050933786078098474,0.04113924050632911,0.030206677265500796,0.0,0.026058631921824105,0.056818181818181816,0.00510204081632653,0.02204724409448819,0.07028753993610223,0.03877221324717286,0.12225705329153605,0.021207177814029365,0.018803418803418803,0.11694915254237288,0.00644122383252818,0.05417956656346749,0.02190923317683881,0.07337883959044368,0.0015723270440251573,0.0,0.03782894736842105,0.024263431542461005,0.10829103214890017,0.02711323763955343,0.032679738562091505,0.06729264475743349,0.0,0.05374592833876222,0.011182108626198083,0.023608768971332208,0.02664576802507837,0.0,0.11773472429210134,0.06842105263157895,0.040268456375838924
2017,1,9,prevalence,0.0625,0.0015503875968992248,0.3384615384615385,0.3384615384615385,0.0,0.1417910447761194,0.0015873015873015873,0.1487603305785124,0.07580645161290323,0.001639344262295082,0.09968847352024922,0.10889570552147239,0.2896440129449838,0.0016155088852988692,0.12048192771084337,0.060556464811783964,0.0,0.0,0.056218057921635436,0.0,0.025252525252525252,0.027463651050080775,0.007898894154818325,0.02021772939346812,0.0171875,0.014084507042253521,0.0,0.038461538461538464,0.037209302325581395,0.0256,0.03715670436187399,0.07275541795665634,0.014240506329113924,0.001607717041800643,0.038461538461538464,0.07332293291731669,0.007898894154818325,0.003179650238473768,0.023064250411861616,0.021172638436482084,0.12438625204582651,0.013953488372093023,0.0,0.02365930599369085,0.020134228187919462,0.020123839009287926,0.11698717948717949,0.02768729641693811,0.019801980198019802,0.07371794871794872,0.01692047377326565,0.009316770186335404,0.10377358490566038,0.1771523178807947,0.0016,0.004746835443037975,0.03827751196172249,0.0015432098765432098,0.1500815660685155,0.025806451612903226,0.012461059190031152,0.15146831530139104,0.0033222591362126247,0.07653910149750416,0.001692047377326565,0.0016181229773462784,0.0,0.07283763277693475,0.1686541737649063,0.04376012965964344,0.011532125205930808,0.043973941368078175,0.03685092127303183,0.04006677796327212,0.021505376344086023,0.08970099667774087,0.027914614121510674,0.011217948717948718,0.034653465346534656,0.049766718506998445,0.02936630602782071,0.1669266770670827,0.008090614886731391,0.07465007776049767,0.014285714285714285,0.08842443729903537,0.0,0.0,0.19141914191419143,0.018302828618968387,0.013008130081300813,0.03015873015873016,0.15421303656597773,0.004807692307692308,0.004792332268370607,0.0046801872074883,0.018092105263157895,0.0,0.038834951456310676,0.04817275747508306,0.07378335949764521,0.02750809061488673,0.05228758169934641,0.05511811023622047,0.13486842105263158,0.010238907849829351,0.0015772870662460567,0.0380952380952381,0.024691358024691357,0.06741573033707865,0.004658385093167702,0.007716049382716049,0.04416403785488959,0.014563106796116505,0.07246376811594203,0.014084507042253521,0.01631321370309951,0.01155115511551155,0.03872053872053872,0.024154589371980676,0.06288343558282208,0.033277870216306155,0.0,0.005050505050505051,0.010471204188481676,0.0016611295681063123,0.003205128205128205,0.040955631399317405,0.0030165912518853697,0.2057877813504823,0.0,0.0843558282208589,0.01437699680511182,0.047933884297520664,0.0,0.0,0.0016,0.14467408585055644,0.014705882352941176,0.08571428571428572,0.008210180623973728,0.00946372239747634,0.0,0.02034428794992175,0.03333333333333333,0.07154742096505824,0.023255813953488372,0.0017152658662092624,0.008445945945945946,0.0,0.0,0.007668711656441718,0.0812603648424544,0.12140575079872204,0.1689497716894977,0.12178387650085763,0.012678288431061807,0.0016207455429497568,0.024390243902439025,0.0109375,0.0,0.03273322422258593,0.0015015015015015015,0.039538714991762765,0.05238828967642527,0.04723127035830619,0.025518341307814992,0.025559105431309903,0.0,0.025806451612903226,0.048576214405360134,0.0016891891891891893,0.030206677265500796,0.0967741935483871,0.03627760252365931,0.1616,0.006779661016949152,0.010273972602739725,0.13815789473684212,0.008051529790660225,0.05701078582434515,0.012987012987012988,0.07058823529411765,0.0,0.0,0.04723127035830619,0.01730103806228374,0.12355848434925865,0.050156739811912224,0.03125,0.08450704225352113,0.0,0.09076175040518639,0.012618296529968454,0.029982363315696647,0.03912363067292645,0.0,0.08191653786707882,0.0979381443298969,0.0391156462585034
2018,1,9,prevalence,0.05705229793977813,0.0015267175572519084,0.35276532137518685,0.35276532137518685,0.0,0.11929307805596466,0.001597444089456869,0.132013201320132,0.07305194805194805,0.0016638935108153079,0.059748427672955975,0.09642301710730948,0.2012987012987013,0.0,0.1134185303514377,0.05756578947368421,0.0,0.0,0.06949152542372881,0.001519756838905775,0.01335559265442404,0.014634146341463415,0.003110419906687403,0.024205748865355523,0.045307443365695796,0.005172413793103448,0.0,0.03508771929824561,0.036163522012578615,0.01437699680511182,0.02086677367576244,0.08662613981762918,0.022187004754358162,0.0,0.04186046511627907,0.07608695652173914,0.012598425196850394,0.0015723270440251573,0.024793388429752067,0.019169329073482427,0.15867768595041323,0.01088646967340591,0.0,0.0219435736677116,0.03728813559322034,0.028831562974203338,0.104,0.03145695364238411,0.01631321370309951,0.08319738988580751,0.0067226890756302525,0.023474178403755867,0.12441679626749612,0.16260162601626016,0.0,0.0032310177705977385,0.05778491171749599,0.0015408320493066256,0.13079470198675497,0.03761755485893417,0.019077901430842606,0.2138364779874214,0.0016778523489932886,0.07947019867549669,0.009852216748768473,0.0032,0.0,0.07961783439490445,0.22586206896551725,0.014634146341463415,0.008547008547008548,0.05492730210016155,0.03150912106135987,0.04433497536945813,0.019667170953101363,0.07455429497568881,0.00825082508250825,0.014173228346456693,0.02631578947368421,0.061128526645768025,0.04984423676012461,0.1480916030534351,0.013008130081300813,0.08837209302325581,0.0112,0.07154213036565978,0.0,0.0,0.14285714285714285,0.022653721682847898,0.02750809061488673,0.01848998459167951,0.14331210191082802,0.004830917874396135,0.007836990595611285,0.0031007751937984496,0.013136288998357963,0.0,0.04716981132075472,0.035175879396984924,0.08268330733229329,0.028846153846153848,0.059113300492610835,0.05529225908372828,0.1485148514851485,0.010101010101010102,0.001564945226917058,0.04186795491143317,0.013910355486862442,0.08399366085578447,0.0046875,0.007564296520423601,0.04566929133858268,0.01948051948051948,0.07947019867549669,0.018292682926829267,0.006644518272425249,0.009836065573770493,0.039538714991762765,0.011041009463722398,0.07906976744186046,0.018487394957983194,0.0,0.024752475247524754,0.020168067226890758,0.0016611295681063123,0.0031847133757961785,0.06060606060606061,0.0030257186081694403,0.19709208400646203,0.0,0.09863429438543247,0.007861635220125786,0.04262295081967213,0.0,0.0,0.008012820512820512,0.16692426584234932,0.02138157894736842,0.11483253588516747,0.014446227929373997,0.006269592476489028,0.0,0.026729559748427674,0.04160246533127889,0.07142857142857142,0.024671052631578948,0.0017241379310344827,0.00338409475465313,0.0,0.0015552099533437014,0.009202453987730062,0.07142857142857142,0.16951788491446346,0.17511520737327188,0.16996699669966997,0.008064516129032258,0.0032310177705977385,0.041401273885350316,0.003169572107765452,0.0,0.054858934169279,0.0015290519877675841,0.04071661237785016,0.04084720121028744,0.06477093206951026,0.02593192868719611,0.02564102564102564,0.0,0.024077046548956663,0.04833333333333333,0.00333889816360601,0.05221518987341772,0.13490725126475547,0.04192546583850932,0.21129032258064517,0.008605851979345954,0.0017452006980802793,0.13122923588039867,0.003169572107765452,0.09020217729393468,0.017770597738287562,0.05922165820642978,0.0,0.0,0.05591054313099041,0.016863406408094434,0.14285714285714285,0.02531645569620253,0.020700636942675158,0.06482982171799027,0.0,0.18760195758564438,0.02607361963190184,0.03460207612456748,0.039619651347068144,0.0,0.09235668789808917,0.09183673469387756,0.04013377926421405
2019,1,9,prevalence,0.08253968253968254,0.0015408320493066256,0.25118483412322273,0.25118483412322273,0.0,0.13533834586466165,0.001589825119236884,0.11755233494363929,0.08617886178861789,0.0016501650165016502,0.056338028169014086,0.10333863275039745,0.16150081566068517,0.001589825119236884,0.083596214511041,0.08333333333333333,0.0,0.0,0.07852564102564102,0.0015015015015015015,0.018302828618968387,0.0065040650406504065,0.006259780907668232,0.03924646781789639,0.07852564102564102,0.005199306759098787,0.0,0.019543973941368076,0.012598425196850394,0.0112,0.012965964343598054,0.0790273556231003,0.0171606864274571,0.0,0.08411214953271028,0.08854961832061069,0.020440251572327043,0.0046439628482972135,0.017006802721088437,0.023411371237458192,0.2052980132450331,0.0015479876160990713,0.0,0.03064516129032258,0.02471169686985173,0.03566121842496285,0.13987138263665594,0.04975124378109453,0.011363636363636364,0.09951060358890701,0.006568144499178982,0.0364741641337386,0.1484992101105845,0.17703349282296652,0.0,0.014218009478672985,0.0673076923076923,0.0015772870662460567,0.11333333333333333,0.04126984126984127,0.024077046548956663,0.17197452229299362,0.0016556291390728477,0.09404388714733543,0.012861736334405145,0.007836990595611285,0.0,0.0706436420722135,0.24567474048442905,0.011419249592169658,0.006745362563237774,0.05379746835443038,0.029850746268656716,0.028333333333333332,0.005856515373352855,0.08617886178861789,0.006578947368421052,0.009404388714733543,0.030100334448160536,0.06634304207119741,0.05763239875389408,0.13313161875945537,0.012944983818770227,0.11514195583596215,0.00946372239747634,0.09119496855345911,0.0,0.0,0.1309328968903437,0.010769230769230769,0.019077901430842606,0.0182370820668693,0.14539579967689822,0.001610305958132045,0.00782472613458529,0.005943536404160475,0.009852216748768473,0.0,0.06507936507936508,0.039735099337748346,0.09921259842519685,0.0208,0.07617504051863858,0.054945054945054944,0.17763157894736842,0.005016722408026756,0.0015873015873015873,0.047619047619047616,0.02,0.09220985691573927,0.0031007751937984496,0.006051437216338881,0.01579778830963665,0.026984126984126985,0.06310679611650485,0.013595166163141994,0.003355704697986577,0.027777777777777776,0.0528,0.006339144215530904,0.10454545454545454,0.009933774834437087,0.0016501650165016502,0.03553299492385787,0.025041736227045076,0.001639344262295082,0.0016420361247947454,0.040955631399317405,0.0030581039755351682,0.1494435612082671,0.0,0.0899390243902439,0.009259259259259259,0.05813953488372093,0.004615384615384616,0.0,0.00966183574879227,0.1296875,0.01694915254237288,0.09886547811993517,0.013008130081300813,0.023734177215189875,0.0,0.02572347266881029,0.04122137404580153,0.09151414309484193,0.0176,0.0,0.0,0.0,0.0030165912518853697,0.00315955766192733,0.07550335570469799,0.16927899686520376,0.17220543806646527,0.19138755980861244,0.001594896331738437,0.0049261083743842365,0.049206349206349205,0.0016420361247947454,0.0,0.07814992025518341,0.0,0.03789126853377265,0.029320987654320986,0.03125,0.018032786885245903,0.030844155844155844,0.0,0.021346469622331693,0.03986710963455149,0.0,0.06462035541195477,0.17755443886097153,0.028708133971291867,0.20888157894736842,0.011945392491467578,0.0017605633802816902,0.08264462809917356,0.0016556291390728477,0.10328638497652583,0.0048,0.05555555555555555,0.0015503875968992248,0.0,0.0416,0.03531300160513644,0.1348314606741573,0.02037617554858934,0.032507739938080496,0.05128205128205128,0.0,0.271523178807947,0.029320987654320986,0.04384485666104553,0.05,0.0016025641025641025,0.09250398724082935,0.07872696817420435,0.052545155993431854
2020,1,9,prevalence,0.07777777777777778,0.0,0.19682539682539682,0.19682539682539682,0.0,0.11544227886056972,0.0016181229773462784,0.14467408585055644,0.053833605220228384,0.001610305958132045,0.06729264475743349,0.12006319115323855,0.13509060955518945,0.0,0.08934169278996865,0.04983388704318937,0.0016556291390728477,0.0,0.09868421052631579,0.0,0.027597402597402596,0.003367003367003367,0.0032414910858995136,0.0352,0.1282051282051282,0.00865051903114187,0.0,0.004846526655896607,0.006269592476489028,0.010869565217391304,0.016129032258064516,0.07109737248840804,0.021705426356589147,0.0,0.09228441754916793,0.06907378335949764,0.009523809523809525,0.006279434850863423,0.024834437086092714,0.016233766233766232,0.19407894736842105,0.0015479876160990713,0.0,0.02332814930015552,0.012944983818770227,0.05752212389380531,0.12277867528271405,0.05672609400324149,0.004815409309791332,0.1605960264900662,0.006700167504187605,0.01897810218978102,0.1971153846153846,0.18252730109204368,0.0,0.009375,0.07177033492822966,0.0015698587127158557,0.105,0.024232633279483037,0.027331189710610933,0.1761827079934747,0.0,0.12093023255813953,0.0061823802163833074,0.02531645569620253,0.0,0.07006369426751592,0.20418848167539266,0.00482315112540193,0.00510204081632653,0.08163265306122448,0.05922165820642978,0.03672787979966611,0.0029455081001472753,0.07766990291262135,0.008305647840531562,0.0046439628482972135,0.03739837398373984,0.054313099041533544,0.05846153846153846,0.09939759036144578,0.0065252854812398045,0.13474025974025974,0.014240506329113924,0.09508716323296355,0.0,0.0017241379310344827,0.12398042414355628,0.023291925465838508,0.013782542113323124,0.025835866261398176,0.12087912087912088,0.0,0.0136986301369863,0.005997001499250375,0.003257328990228013,0.0,0.07465007776049767,0.04582651391162029,0.11076923076923077,0.006379585326953748,0.07281553398058252,0.06758832565284179,0.14424635332252836,0.0016313213703099511,0.006269592476489028,0.04094488188976378,0.018575851393188854,0.11038961038961038,0.004777070063694267,0.0047169811320754715,0.02768729641693811,0.01935483870967742,0.06924315619967794,0.0076103500761035,0.014975041597337771,0.02531645569620253,0.03662420382165605,0.001557632398753894,0.12195121951219512,0.024834437086092714,0.0016181229773462784,0.026755852842809364,0.027868852459016394,0.0016260162601626016,0.0,0.028145695364238412,0.0031201248049922,0.1389776357827476,0.0,0.0953125,0.003110419906687403,0.07401315789473684,0.0031201248049922,0.0,0.013245033112582781,0.1078125,0.02936096718480138,0.09904153354632587,0.006462035541195477,0.025396825396825397,0.0,0.03508771929824561,0.0401854714064915,0.10264900662251655,0.0066555740432612314,0.001658374792703151,0.0,0.0,0.0,0.0124804992199688,0.06700167504187604,0.15309446254071662,0.14837712519319937,0.1742671009771987,0.001594896331738437,0.0032,0.04672897196261682,0.001644736842105263,0.0,0.10015649452269171,0.0,0.01938610662358643,0.0258751902587519,0.0382262996941896,0.027552674230145867,0.023734177215189875,0.0,0.0202808112324493,0.046052631578947366,0.0,0.06521739130434782,0.16722972972972974,0.020249221183800622,0.2119205298013245,0.006825938566552901,0.0017730496453900709,0.07830342577487764,0.0,0.12913385826771653,0.006493506493506494,0.09800664451827243,0.001524390243902439,0.0,0.0438871473354232,0.02576489533011272,0.10935023771790808,0.016,0.029411764705882353,0.0499219968798752,0.0,0.27740863787375414,0.03225806451612903,0.053691275167785234,0.059654631083202514,0.0,0.11022364217252396,0.057096247960848286,0.05564387917329094
2021,1,9,prevalence,0.049342105263157895,0.0,0.14173228346456693,0.14173228346456693,0.0,0.09379968203497616,0.001594896331738437,0.1620745542949757,0.07046979865771812,0.0015772870662460567,0.07401574803149606,0.1546875,0.14992025518341306,0.0,0.09953343701399689,0.021630615640599003,0.0016556291390728477,0.0,0.09882747068676717,0.0,0.032948929159802305,0.0033333333333333335,0.001579778830963665,0.031096563011456628,0.20967741935483872,0.013793103448275862,0.0,0.0128,0.011146496815286623,0.014106583072100314,0.018779342723004695,0.07692307692307693,0.018604651162790697,0.0017271157167530224,0.09487951807228916,0.04662379421221865,0.02086677367576244,0.004724409448818898,0.03940886699507389,0.01957585644371941,0.17537942664418213,0.003125,0.0,0.03554868624420402,0.022690437601296597,0.07451564828614009,0.10897435897435898,0.03349282296650718,0.0,0.17096774193548386,0.005042016806722689,0.01694915254237288,0.19508196721311474,0.16823899371069181,0.0,0.0110062893081761,0.06836248012718601,0.0,0.09090909090909091,0.03531300160513644,0.036303630363036306,0.18108974358974358,0.0,0.11635220125786164,0.0061162079510703364,0.03035143769968051,0.0,0.06201550387596899,0.17217391304347826,0.0046801872074883,0.003367003367003367,0.0880503144654088,0.07419898819561552,0.03642384105960265,0.001483679525222552,0.07718696397941681,0.0016207455429497568,0.001589825119236884,0.02922077922077922,0.03618421052631579,0.06865671641791045,0.06101190476190476,0.006557377049180328,0.125,0.030206677265500796,0.0892018779342723,0.0,0.0016835016835016834,0.12091503267973856,0.029895366218236172,0.02875399361022364,0.01812688821752266,0.14356435643564355,0.0,0.024464831804281346,0.0043859649122807015,0.008169934640522876,0.0016129032258064516,0.0967741935483871,0.04560260586319218,0.1095679012345679,0.006172839506172839,0.07085346215780998,0.06838905775075987,0.11869918699186992,0.0,0.004580152671755725,0.07017543859649122,0.01282051282051282,0.08860759493670886,0.0046875,0.0047694753577106515,0.02471169686985173,0.023140495867768594,0.09822866344605476,0.018691588785046728,0.005067567567567568,0.03425774877650897,0.032208588957055216,0.0,0.1614420062695925,0.012089810017271158,0.0031446540880503146,0.02823920265780731,0.027552674230145867,0.0015748031496062992,0.0049586776859504135,0.03064516129032258,0.0,0.09554140127388536,0.0,0.11287758346581876,0.0,0.08907563025210084,0.001557632398753894,0.0,0.008183306055646482,0.09409888357256778,0.014184397163120567,0.08319467554076539,0.008169934640522876,0.017915309446254073,0.0,0.05081967213114754,0.0409711684370258,0.08739495798319327,0.0,0.0016835016835016834,0.0,0.0,0.0,0.01938610662358643,0.07939189189189189,0.12944983818770225,0.09597523219814241,0.12480252764612954,0.0,0.0031746031746031746,0.05714285714285714,0.0016891891891891893,0.0,0.12401883830455258,0.0,0.009819967266775777,0.028081123244929798,0.041474654377880185,0.049679487179487176,0.029079159935379646,0.0016,0.006201550387596899,0.03739837398373984,0.001658374792703151,0.047619047619047616,0.11785095320623917,0.0258751902587519,0.19736842105263158,0.009983361064891847,0.0017301038062283738,0.11483253588516747,0.0,0.13658536585365855,0.0067226890756302525,0.09983361064891846,0.001524390243902439,0.0,0.04134762633996937,0.012903225806451613,0.0974124809741248,0.01669195751138088,0.037209302325581395,0.06074766355140187,0.0,0.2413793103448276,0.0328125,0.04628099173553719,0.06842923794712286,0.0,0.07768595041322314,0.05654281098546042,0.07646176911544228
2022,1,9,prevalence,0.0707395498392283,0.0,0.093603744149766,0.093603744149766,0.0,0.10634920634920635,0.0015923566878980893,0.16908212560386474,0.07692307692307693,0.003179650238473768,0.032948929159802305,0.13971742543171115,0.1529790660225443,0.0,0.1365079365079365,0.00974025974025974,0.001644736842105263,0.0,0.10465116279069768,0.0,0.03365384615384615,0.0016207455429497568,0.001589825119236884,0.06416275430359937,0.23548387096774193,0.03735144312393888,0.0,0.014354066985645933,0.007704160246533128,0.04133545310015898,0.012461059190031152,0.07931570762052877,0.022900763358778626,0.0017391304347826088,0.1242603550295858,0.04433497536945813,0.028481012658227847,0.006269592476489028,0.04118616144975288,0.02459016393442623,0.137221269296741,0.0015748031496062992,0.0,0.037914691943127965,0.03189792663476874,0.07566765578635015,0.10416666666666667,0.03542673107890499,0.0,0.18167202572347266,0.003355704697986577,0.018055555555555554,0.17014446227929375,0.11335403726708075,0.0,0.006191950464396285,0.05778491171749599,0.0016181229773462784,0.07082630691399663,0.024115755627009645,0.01694915254237288,0.1600609756097561,0.0,0.08950617283950617,0.004746835443037975,0.02066772655007949,0.0,0.040310077519379844,0.1408695652173913,0.0015772870662460567,0.0033222591362126247,0.06349206349206349,0.05714285714285714,0.03442622950819672,0.0014641288433382138,0.07082630691399663,0.0016155088852988692,0.004784688995215311,0.024193548387096774,0.032590051457975985,0.08662613981762918,0.040419161676646706,0.0016556291390728477,0.15384615384615385,0.020766773162939296,0.05546995377503852,0.0,0.0016286644951140066,0.11092985318107668,0.03417533432392273,0.047619047619047616,0.03857566765578635,0.08439490445859872,0.0,0.032407407407407406,0.0058823529411764705,0.022913256955810146,0.0,0.07556270096463022,0.05152979066022544,0.12480739599383667,0.00315955766192733,0.09047619047619047,0.07523510971786834,0.08412698412698413,0.0,0.0030959752321981426,0.06158833063209076,0.00964630225080386,0.08702531645569621,0.004815409309791332,0.004665629860031105,0.013223140495867768,0.03442622950819672,0.08082408874801902,0.024539877300613498,0.010344827586206896,0.011608623548922056,0.0549618320610687,0.0,0.15653495440729484,0.009983361064891847,0.003169572107765452,0.029950083194675542,0.019769357495881382,0.001589825119236884,0.0033003300330033004,0.03179650238473768,0.0,0.1057542768273717,0.0,0.10737179487179487,0.0,0.10472972972972973,0.0015873015873015873,0.004552352048558422,0.014469453376205787,0.10094637223974763,0.017793594306049824,0.07512520868113523,0.004862236628849271,0.011456628477905073,0.0,0.0368,0.0491283676703645,0.07766990291262135,0.010101010101010102,0.0016778523489932886,0.0015873015873015873,0.0,0.0030816640986132513,0.01589825119236884,0.06844741235392321,0.11414790996784566,0.09733124018838304,0.09485530546623794,0.001584786053882726,0.003179650238473768,0.05063291139240506,0.001736111111111111,0.0,0.11624203821656051,0.0,0.0033112582781456954,0.012364760432766615,0.03543913713405239,0.06862745098039216,0.031879194630872486,0.0016260162601626016,0.00463678516228748,0.02050473186119874,0.006600660066006601,0.04327666151468315,0.10016420361247948,0.02830188679245283,0.15146579804560262,0.009884678747940691,0.005110732538330494,0.15,0.0017301038062283738,0.10897435897435898,0.005084745762711864,0.07244094488188976,0.0015313935681470138,0.0,0.02857142857142857,0.011111111111111112,0.0941358024691358,0.020030816640986132,0.03169572107765452,0.05238828967642527,0.0,0.2003338898163606,0.03296703296703297,0.013289036544850499,0.06521739130434782,0.0,0.09165302782324058,0.06593406593406594,0.06554878048780488
2023,1,9,prevalence,0.07582938388625593,0.0,0.06763285024154589,0.06763285024154589,0.0,0.11538461538461539,0.0016025641025641025,0.1480865224625624,0.06420545746388442,0.0031645569620253164,0.04854368932038835,0.1111111111111111,0.14756671899529042,0.0,0.12933753943217666,0.025252525252525252,0.001639344262295082,0.0,0.12647554806070826,0.0,0.05055292259083728,0.0016366612111292963,0.001579778830963665,0.07313195548489666,0.21935483870967742,0.029411764705882353,0.0,0.011382113821138212,0.011093502377179081,0.05873015873015873,0.01228878648233487,0.064,0.031914893617021274,0.0068143100511073255,0.1436950146627566,0.034653465346534656,0.02527646129541864,0.006201550387596899,0.03927986906710311,0.04051863857374392,0.09982486865148861,0.00966183574879227,0.0,0.0203125,0.0273972602739726,0.05069124423963134,0.10708661417322834,0.028616852146263912,0.0,0.18354430379746836,0.001658374792703151,0.01680672268907563,0.14606741573033707,0.08791208791208792,0.0,0.0196078431372549,0.046849757673667204,0.0,0.0695364238410596,0.026402640264026403,0.015,0.1232876712328767,0.0,0.07951070336391437,0.003134796238244514,0.0109717868338558,0.0,0.06060606060606061,0.11205432937181664,0.0,0.0050335570469798654,0.06995230524642289,0.05852842809364549,0.035483870967741936,0.004373177842565598,0.040955631399317405,0.0,0.0,0.03453689167974882,0.0451505016722408,0.10076335877862595,0.0481203007518797,0.001669449081803005,0.15141430948419302,0.0322061191626409,0.047244094488188976,0.0,0.0016155088852988692,0.07846410684474124,0.02635431918008785,0.07266982622432859,0.03886397608370702,0.07371794871794872,0.0,0.05501618122977346,0.005747126436781609,0.016260162601626018,0.0,0.07931570762052877,0.03627760252365931,0.1092814371257485,0.003115264797507788,0.0696594427244582,0.060092449922958396,0.06446540880503145,0.0,0.0015290519877675841,0.038523274478330656,0.007936507936507936,0.07,0.0048,0.001557632398753894,0.011725293132328308,0.03184713375796178,0.0625,0.02197802197802198,0.005110732538330494,0.009819967266775777,0.07078313253012049,0.0,0.17151607963246554,0.016339869281045753,0.003284072249589491,0.03636363636363636,0.014423076923076924,0.0015822784810126582,0.0015625,0.04126984126984127,0.0,0.1,0.0,0.10932475884244373,0.0,0.14334470989761092,0.0016474464579901153,0.0015174506828528073,0.007716049382716049,0.09193548387096774,0.011965811965811967,0.07455429497568881,0.008025682182985553,0.027156549520766772,0.0,0.04355108877721943,0.0624,0.05806451612903226,0.010101010101010102,0.0016722408026755853,0.0015527950310559005,0.0,0.004746835443037975,0.009819967266775777,0.054635761589403975,0.1,0.06635071090047394,0.0752,0.001564945226917058,0.0,0.04220779220779221,0.0033003300330033004,0.0,0.13990461049284578,0.0,0.0,0.023291925465838508,0.0228310502283105,0.07003257328990228,0.0464,0.0016474464579901153,0.010869565217391304,0.024752475247524754,0.006622516556291391,0.02923076923076923,0.05845181674565561,0.027950310559006212,0.10593900481540931,0.0032626427406199023,0.0050933786078098476,0.1497584541062802,0.0017301038062283738,0.12755905511811025,0.0033783783783783786,0.0734375,0.0015503875968992248,0.0,0.019908116385911178,0.006339144215530904,0.06824925816023739,0.021505376344086023,0.03680981595092025,0.05063291139240506,0.0,0.17229729729729729,0.0272,0.009884678747940691,0.056818181818181816,0.0,0.11367380560131796,0.09105180533751962,0.08054711246200608
2024,1,9,prevalence,0.07255520504731862,0.0,0.09180327868852459,0.09180327868852459,0.0,0.08818897637795275,0.0,0.15584415584415584,0.07436708860759493,0.003215434083601286,0.05754276827371695,0.1178343949044586,0.1382488479262673,0.0,0.11494252873563218,0.03459637561779242,0.001639344262295082,0.0,0.12331081081081081,0.0,0.04107424960505529,0.001610305958132045,0.003129890453834116,0.08240887480190175,0.1706924315619968,0.016666666666666666,0.0,0.013136288998357963,0.014285714285714285,0.08056872037914692,0.01910828025477707,0.04205607476635514,0.04258675078864353,0.013793103448275862,0.15249266862170088,0.04628099173553719,0.02197802197802198,0.004665629860031105,0.027914614121510674,0.04038772213247173,0.07666666666666666,0.013245033112582781,0.0,0.021604938271604937,0.007692307692307693,0.04375,0.06729264475743349,0.0359375,0.0,0.1624203821656051,0.0,0.019178082191780823,0.0946372239747634,0.08412698412698413,0.0016051364365971107,0.021671826625386997,0.03129890453834116,0.0,0.05546492659053834,0.027375201288244767,0.016556291390728478,0.15088757396449703,0.0,0.08258258258258258,0.006299212598425197,0.01615508885298869,0.0,0.06481481481481481,0.0905982905982906,0.0,0.003472222222222222,0.08411214953271028,0.07993197278911565,0.03559870550161812,0.004322766570605188,0.02809917355371901,0.0,0.001564945226917058,0.03782894736842105,0.05306799336650083,0.11846153846153847,0.05597579425113464,0.0017035775127768314,0.1660958904109589,0.03403565640194489,0.07275541795665634,0.0015822784810126582,0.0,0.06700167504187604,0.03543913713405239,0.07931570762052877,0.0343796711509716,0.05608974358974359,0.0,0.049766718506998445,0.0058823529411764705,0.021103896103896104,0.0016366612111292963,0.07511737089201878,0.040498442367601244,0.09938837920489296,0.003134796238244514,0.06697819314641744,0.05055292259083728,0.07592891760904685,0.0,0.0015337423312883436,0.027419354838709678,0.008,0.056291390728476824,0.004777070063694267,0.0015552099533437014,0.015025041736227046,0.08360128617363344,0.07906976744186046,0.03286384976525822,0.012110726643598616,0.013559322033898305,0.05855855855855856,0.0030911901081916537,0.16174183514774496,0.027375201288244767,0.003215434083601286,0.04559748427672956,0.01597444089456869,0.0,0.0031496062992125984,0.042789223454833596,0.001564945226917058,0.1201923076923077,0.0,0.07855973813420622,0.0016420361247947454,0.10084033613445378,0.003395585738539898,0.007898894154818325,0.004524886877828055,0.10679611650485436,0.017123287671232876,0.07046979865771812,0.0,0.021705426356589147,0.0,0.04288164665523156,0.0532258064516129,0.04146730462519936,0.012195121951219513,0.0034662045060658577,0.0015037593984962407,0.0,0.006069802731411229,0.024875621890547265,0.04455445544554455,0.09017713365539452,0.07258064516129033,0.058544303797468354,0.003105590062111801,0.0,0.038461538461538464,0.0016129032258064516,0.0,0.125,0.0,0.0,0.027950310559006212,0.02627511591962906,0.0799347471451876,0.06299212598425197,0.0016501650165016502,0.004608294930875576,0.01818181818181818,0.004893964110929853,0.02599388379204893,0.03930817610062893,0.012422360248447204,0.12297734627831715,0.001557632398753894,0.00686106346483705,0.18555008210180624,0.005338078291814947,0.1321656050955414,0.001718213058419244,0.07668711656441718,0.0015723270440251573,0.0,0.027314112291350532,0.009584664536741214,0.05934718100890208,0.029503105590062112,0.026194144838212634,0.05345911949685535,0.0,0.14720812182741116,0.013029315960912053,0.006589785831960461,0.05825242718446602,0.0,0.11650485436893204,0.07535321821036106,0.09009009009009009
2025,1,9,prevalence,0.09233176838810642,0.0,0.20751633986928106,0.20751633986928106,0.0,0.14285714285714285,0.0,0.15079365079365079,0.06290322580645161,0.004815409309791332,0.05443234836702955,0.11335403726708075,0.1437308868501529,0.0,0.10887772194304858,0.02689075630252101,0.0016611295681063123,0.0,0.16802610114192496,0.0,0.038338658146964855,0.001658374792703151,0.0031746031746031746,0.06037151702786378,0.1805111821086262,0.009508716323296355,0.0,0.009868421052631578,0.024844720496894408,0.12460063897763578,0.02066772655007949,0.0336,0.04381846635367762,0.02030456852791878,0.15160349854227406,0.056105610561056105,0.02527646129541864,0.00487012987012987,0.011382113821138212,0.04809286898839138,0.05601317957166392,0.018032786885245903,0.0,0.01529051987767584,0.0141287284144427,0.06738131699846861,0.051364365971107544,0.046296296296296294,0.001443001443001443,0.16773162939297126,0.0,0.014144271570014143,0.09904153354632587,0.0625,0.0032,0.03554868624420402,0.03442879499217527,0.006578947368421052,0.0636215334420881,0.03536977491961415,0.02040816326530612,0.13146233382570163,0.0,0.125,0.006462035541195477,0.008116883116883116,0.0,0.08452950558213716,0.11148648648648649,0.0015698587127158557,0.005208333333333333,0.09104938271604938,0.09630818619582665,0.041390728476821195,0.004470938897168405,0.01788617886178862,0.0031847133757961785,0.0016286644951140066,0.030694668820678513,0.0457516339869281,0.13533834586466165,0.04090909090909091,0.0016863406408094434,0.12315270935960591,0.048701298701298704,0.08682170542635659,0.001579778830963665,0.0,0.05490848585690516,0.04186046511627907,0.08990536277602523,0.012030075187969926,0.05186385737439222,0.0,0.0528,0.002976190476190476,0.03054662379421222,0.0016750418760469012,0.08461538461538462,0.024464831804281346,0.125948406676783,0.0046801872074883,0.0989010989010989,0.06593406593406594,0.07492354740061162,0.0,0.0015479876160990713,0.019261637239165328,0.004777070063694267,0.062193126022913256,0.0016025641025641025,0.0,0.011456628477905073,0.0859375,0.08385093167701864,0.03554868624420402,0.011965811965811967,0.021346469622331693,0.059190031152647975,0.0015723270440251573,0.13741721854304637,0.04107424960505529,0.0032414910858995136,0.04081632653061224,0.016181229773462782,0.0,0.009389671361502348,0.04272151898734177,0.001564945226917058,0.1349206349206349,0.0,0.06829268292682927,0.001639344262295082,0.09271523178807947,0.008319467554076539,0.00946372239747634,0.0031007751937984496,0.11556982343499198,0.025817555938037865,0.056856187290969896,0.0,0.049107142857142856,0.0,0.026272577996715927,0.047244094488188976,0.022690437601296597,0.006896551724137931,0.003472222222222222,0.0015384615384615385,0.0,0.0015151515151515152,0.019064124783362217,0.03715670436187399,0.09646302250803858,0.07154213036565978,0.03870967741935484,0.009316770186335404,0.0,0.0467741935483871,0.003257328990228013,0.0,0.13029315960912052,0.0,0.0,0.05055292259083728,0.029874213836477988,0.07290015847860538,0.06825396825396825,0.0016420361247947454,0.004545454545454545,0.0096,0.004702194357366771,0.030211480362537766,0.02711323763955343,0.015384615384615385,0.10016155088852989,0.0,0.0,0.17713365539452497,0.005154639175257732,0.1648,0.0,0.06605222734254992,0.0016260162601626016,0.0015267175572519084,0.029806259314456036,0.009404388714733543,0.05925925925925926,0.03333333333333333,0.020155038759689922,0.04038772213247173,0.0,0.13036303630363036,0.020602218700475437,0.003236245954692557,0.07188498402555911,0.0,0.09624796084828711,0.08253968253968254,0.11846153846153847
