Time,age_start,age_end,measure,draw_0,draw_1,draw_2,draw_3,draw_4,draw_5,draw_6,draw_7,draw_8,draw_9,draw_10,draw_11,draw_12,draw_13,draw_14,draw_15,draw_16,draw_17,draw_18,draw_19,draw_20,draw_21,draw_22,draw_23,draw_24,draw_25,draw_26,draw_27,draw_28,draw_29,draw_30,draw_31,draw_32,draw_33,draw_34,draw_35,draw_36,draw_37,draw_38,draw_39,draw_40,draw_41,draw_42,draw_43,draw_44,draw_45,draw_46,draw_47,draw_48,draw_49,draw_50,draw_51,draw_52,draw_53,draw_54,draw_55,draw_56,draw_57,draw_58,draw_59,draw_60,draw_61,draw_62,draw_63,draw_64,draw_65,draw_66,draw_67,draw_68,draw_69,draw_70,draw_71,draw_72,draw_73,draw_74,draw_75,draw_76,draw_77,draw_78,draw_79,draw_80,draw_81,draw_82,draw_83,draw_84,draw_85,draw_86,draw_87,draw_88,draw_89,draw_90,draw_91,draw_92,draw_93,draw_94,draw_95,draw_96,draw_97,draw_98,draw_99,draw_100,draw_101,draw_102,draw_103,draw_104,draw_105,draw_106,draw_107,draw_108,draw_109,draw_110,draw_111,draw_112,draw_113,draw_114,draw_115,draw_116,draw_117,draw_118,draw_119,draw_120,draw_121,draw_122,draw_123,draw_124,draw_125,draw_126,draw_127,draw_128,draw_129,draw_130,draw_131,draw_132,draw_133,draw_134,draw_135,draw_136,draw_137,draw_138,draw_139,draw_140,draw_141,draw_142,draw_143,draw_144,draw_145,draw_146,draw_147,draw_148,draw_149,draw_150,draw_151,draw_152,draw_153,draw_154,draw_155,draw_156,draw_157,draw_158,draw_159,draw_160,draw_161,draw_162,draw_163,draw_164,draw_165,draw_166,draw_167,draw_168,draw_169,draw_170,draw_171,draw_172,draw_173,draw_174,draw_175,draw_176,draw_177,draw_178,draw_179,draw_180,draw_181,draw_182,draw_183,draw_184,draw_185,draw_186,draw_187,draw_188,draw_189,draw_190,draw_191,draw_192,draw_193,draw_194,draw_195,draw_196,draw_197,draw_198,draw_199
1996,1,9,prevalence,0.006259780907668232,0.06583072100313479,0.034161490683229816,0.007836990595611285,0.004846526655896607,0.06951026856240126,0.0,0.0,0.00303951367781155,0.0,0.02903225806451613,0.003115264797507788,0.0030349013657056147,0.05555555555555555,0.07963246554364471,0.0608,0.001639344262295082,0.0014858841010401188,0.17846153846153845,0.009538950715421303,0.024806201550387597,0.0052173913043478265,0.0030911901081916537,0.03951890034364261,0.06531881804043546,0.0033444816053511705,0.07960199004975124,0.14375,0.04192546583850932,0.006211180124223602,0.001610305958132045,0.05743740795287187,0.0,0.03459119496855346,0.07846153846153846,0.0045385779122541605,0.027820710973724884,0.004901960784313725,0.09208400646203554,0.04595879556259905,0.190625,0.03354632587859425,0.0,0.012461059190031152,0.17197452229299362,0.14513556618819776,0.0438871473354232,0.10229007633587786,0.20923076923076922,0.12027491408934708,0.04245283018867924,0.03414634146341464,0.08282208588957055,0.06369426751592357,0.0499219968798752,0.0290519877675841,0.004966887417218543,0.018092105263157895,0.029850746268656716,0.04153354632587859,0.0030441400304414,0.12580645161290321,0.022764227642276424,0.02047244094488189,0.02750809061488673,0.015337423312883436,0.049475262368815595,0.021103896103896104,0.0249609984399376,0.003169572107765452,0.01592356687898089,0.001564945226917058,0.001567398119122257,0.05345911949685535,0.023450586264656615,0.0765625,0.012738853503184714,0.07026143790849673,0.11074380165289256,0.008,0.06918238993710692,0.11525974025974026,0.0,0.11875,0.09830508474576272,0.0,0.046296296296296294,0.10454545454545454,0.0,0.09037037037037036,0.04294478527607362,0.037337662337662336,0.0,0.08878504672897196,0.02177068214804064,0.05434782608695652,0.07395498392282958,0.0,0.06518282988871224,0.001579778830963665,0.05747126436781609,0.07614942528735633,0.033690658499234305,0.03412462908011869,0.0,0.040372670807453416,0.0016722408026755853,0.04723127035830619,0.09046849757673667,0.0,0.06146926536731634,0.026397515527950312,0.12143928035982009,0.0,0.003110419906687403,0.09131075110456553,0.12206572769953052,0.12206572769953052,0.07755775577557755,0.0,0.024834437086092714,0.014331210191082803,0.17708333333333334,0.010218978102189781,0.0015748031496062992,0.05349182763744428,0.11163522012578617,0.0015408320493066256,0.13302034428794993,0.11396468699839486,0.0,0.04318936877076412,0.037914691943127965,0.006144393241167435,0.023547880690737835,0.029542097488921712,0.03745928338762215,0.07692307692307693,0.04784688995215311,0.0973724884080371,0.011308562197092083,0.017350157728706624,0.09868421052631579,0.019261637239165328,0.26300148588410105,0.26300148588410105,0.0015600624024961,0.054098360655737705,0.11009174311926606,0.0016260162601626016,0.017241379310344827,0.05537459283387622,0.0016501650165016502,0.001597444089456869,0.0016155088852988692,0.0030864197530864196,0.017857142857142856,0.07131782945736434,0.017569546120058566,0.029874213836477988,0.04043545878693624,0.007898894154818325,0.041935483870967745,0.03372434017595308,0.019169329073482427,0.07078313253012049,0.03442879499217527,0.0641025641025641,0.003389830508474576,0.09238249594813615,0.03582089552238806,0.06995230524642289,0.08545727136431784,0.02711323763955343,0.0016313213703099511,0.02531645569620253,0.0015527950310559005,0.05537459283387622,0.04141104294478527,0.0016025641025641025,0.02926829268292683,0.024205748865355523,0.08244274809160305,0.022435897435897436,0.01652892561983471,0.08974358974358974,0.004846526655896607,0.050080775444264945,0.029548989113530325,0.0,0.03134796238244514,0.0015267175572519084,0.10586319218241043,0.11521418020679468,0.05846153846153846,0.10149253731343283,0.06758832565284179,0.05581395348837209,0.009404388714733543,0.038980509745127435
1997,1,9,prevalence,0.008183306055646482,0.07605177993527508,0.03685897435897436,0.0033003300330033004,0.003289473684210526,0.10158730158730159,0.0,0.0033003300330033004,0.004629629629629629,0.0,0.029173419773095625,0.0016501650165016502,0.001567398119122257,0.05845181674565561,0.07836990595611286,0.050335570469798654,0.0033444816053511705,0.001524390243902439,0.1896551724137931,0.014754098360655738,0.02329450915141431,0.007017543859649123,0.012841091492776886,0.05385996409335727,0.07026143790849673,0.0016863406408094434,0.08517887563884156,0.1419457735247209,0.021172638436482084,0.0047169811320754715,0.003424657534246575,0.05614567526555387,0.0,0.06386554621848739,0.0701468189233279,0.004672897196261682,0.019138755980861243,0.005199306759098787,0.16694772344013492,0.056818181818181816,0.16822429906542055,0.021207177814029365,0.0,0.01461038961038961,0.11056105610561057,0.12,0.04574132492113565,0.07941653160453808,0.24960254372019078,0.08833922261484099,0.05065359477124183,0.019801980198019802,0.08372093023255814,0.056218057921635436,0.0430622009569378,0.03442879499217527,0.0017035775127768314,0.028862478777589132,0.038461538461538464,0.04746317512274959,0.003110419906687403,0.119281045751634,0.021666666666666667,0.019769357495881382,0.04472843450479233,0.007739938080495356,0.05198776758409786,0.018363939899833055,0.027419354838709678,0.0016155088852988692,0.020569620253164556,0.001607717041800643,0.0016207455429497568,0.08538587848932677,0.03304347826086956,0.09136212624584718,0.023026315789473683,0.07228915662650602,0.10299003322259136,0.013114754098360656,0.05448717948717949,0.12080536912751678,0.0,0.1266233766233766,0.09498207885304659,0.0,0.03387096774193549,0.11867088607594936,0.0,0.0695517774343122,0.05,0.040336134453781515,0.0,0.0589171974522293,0.0128,0.037162162162162164,0.09015025041736227,0.0,0.03618421052631579,0.0,0.0587248322147651,0.07776049766718507,0.02830188679245283,0.02821316614420063,0.0,0.06279434850863422,0.0017271157167530224,0.06521739130434782,0.06851549755301795,0.0,0.050473186119873815,0.04186795491143317,0.11077389984825493,0.0,0.0016339869281045752,0.07496251874062969,0.13036565977742448,0.13036565977742448,0.07465277777777778,0.0,0.02226027397260274,0.019077901430842606,0.16261398176291794,0.010802469135802469,0.0016286644951140066,0.04302670623145401,0.06199021207177814,0.0031397174254317113,0.13915857605177995,0.11696869851729819,0.0,0.044596912521440824,0.03145695364238411,0.013008130081300813,0.014634146341463415,0.016666666666666666,0.03409090909090909,0.08631921824104234,0.029900332225913623,0.08267090620031796,0.006825938566552901,0.009404388714733543,0.12478632478632479,0.017035775127768313,0.2649310872894334,0.2649310872894334,0.0016420361247947454,0.03685897435897436,0.10142630744849446,0.0,0.04538087520259319,0.07,0.0017605633802816902,0.0016474464579901153,0.0016638935108153079,0.0016155088852988692,0.02145214521452145,0.08571428571428572,0.00911854103343465,0.03365384615384615,0.048818897637795275,0.014469453376205787,0.06462585034013606,0.028831562974203338,0.026359143327841845,0.07075471698113207,0.050955414012738856,0.059602649006622516,0.001644736842105263,0.1318864774624374,0.028481012658227847,0.08548387096774193,0.06825396825396825,0.028145695364238412,0.0,0.024429967426710098,0.0032414910858995136,0.0547008547008547,0.06451612903225806,0.0016207455429497568,0.03166666666666667,0.022988505747126436,0.06842923794712286,0.02181208053691275,0.013513513513513514,0.08485856905158069,0.006688963210702341,0.055105348460291734,0.0784,0.0030816640986132513,0.04065040650406504,0.0015625,0.16472545757071547,0.09567901234567901,0.05747126436781609,0.10077519379844961,0.05806451612903226,0.07754442649434572,0.01,0.026234567901234566
1998,1,9,prevalence,0.01652892561983471,0.050793650793650794,0.0473186119873817,0.0016420361247947454,0.0033277870216306157,0.06199021207177814,0.0,0.003355704697986577,0.003115264797507788,0.0,0.037520391517128875,0.0016501650165016502,0.0,0.065625,0.08006535947712418,0.05902192242833052,0.0016025641025641025,0.0014814814814814814,0.18892508143322476,0.032679738562091505,0.028333333333333332,0.006756756756756757,0.05161290322580645,0.026455026455026454,0.09609120521172639,0.0033277870216306157,0.07167235494880546,0.1480891719745223,0.01461038961038961,0.00463678516228748,0.0033003300330033004,0.06427503736920777,0.0,0.08488964346349745,0.06969205834683954,0.012779552715654952,0.0210016155088853,0.0,0.14357262103505844,0.05573770491803279,0.1537313432835821,0.011864406779661017,0.0017035775127768314,0.025078369905956112,0.05967741935483871,0.12353923205342238,0.0390625,0.0859504132231405,0.29984051036682613,0.09621993127147767,0.08306188925081433,0.011666666666666667,0.07535321821036106,0.05245346869712352,0.04730831973898858,0.03761755485893417,0.006802721088435374,0.035541195476575124,0.04508856682769726,0.04383116883116883,0.0015698587127158557,0.10726072607260725,0.028892455858747994,0.019834710743801654,0.03758169934640523,0.0031496062992125984,0.0421875,0.0180623973727422,0.028523489932885907,0.00322061191626409,0.006430868167202572,0.0,0.0,0.07333333333333333,0.02707275803722504,0.10197368421052631,0.03685092127303183,0.09106529209621993,0.07859531772575251,0.024469820554649267,0.07028753993610223,0.1342281879194631,0.0,0.1262135922330097,0.10896309314586995,0.0,0.0628099173553719,0.09216589861751152,0.0,0.07384615384615385,0.06270096463022508,0.02926829268292683,0.0015503875968992248,0.0794912559618442,0.009615384615384616,0.020869565217391306,0.12897822445561138,0.0,0.03431372549019608,0.0,0.05392156862745098,0.08079268292682927,0.02190923317683881,0.032208588957055216,0.0,0.08641975308641975,0.0017301038062283738,0.06324786324786325,0.05501618122977346,0.0,0.05188679245283019,0.039735099337748346,0.12462462462462462,0.0,0.001652892561983471,0.07716049382716049,0.13258785942492013,0.13258785942492013,0.0634648370497427,0.0,0.04647160068846816,0.007739938080495356,0.17443609022556392,0.018633540372670808,0.0016474464579901153,0.03533026113671275,0.05362776025236593,0.003129890453834116,0.11164274322169059,0.098256735340729,0.0016366612111292963,0.049069373942470386,0.0462046204620462,0.0231023102310231,0.013223140495867768,0.0109375,0.036243822075782535,0.06988352745424292,0.035830618892508145,0.0718954248366013,0.01485148514851485,0.006051437216338881,0.14186851211072665,0.03204047217537943,0.2708978328173375,0.2708978328173375,0.0016051364365971107,0.02021772939346812,0.09693053311793215,0.0,0.06188925081433225,0.0779436152570481,0.001697792869269949,0.0,0.004862236628849271,0.0015625,0.03858520900321544,0.09797822706065319,0.007911392405063292,0.04950495049504951,0.029921259842519685,0.0189873417721519,0.05518394648829431,0.03453689167974882,0.01951219512195122,0.07511737089201878,0.042071197411003236,0.06645056726094004,0.0,0.13725490196078433,0.022950819672131147,0.0877742946708464,0.058919803600654665,0.023140495867768594,0.0,0.01926444833625219,0.003205128205128205,0.06745362563237774,0.066006600660066,0.0016207455429497568,0.0347682119205298,0.01948051948051948,0.053712480252764615,0.026490066225165563,0.022298456260720412,0.09390444810543658,0.008264462809917356,0.0594855305466238,0.06829268292682927,0.004709576138147566,0.02773246329526917,0.0,0.14505119453924914,0.09969788519637462,0.07321131447587355,0.12913385826771653,0.06045751633986928,0.0589171974522293,0.008012820512820512,0.03164556962025317
1999,1,9,prevalence,0.019704433497536946,0.0919175911251981,0.06436420722135008,0.0016260162601626016,0.0032,0.059870550161812294,0.0,0.0032948929159802307,0.003215434083601286,0.009554140127388535,0.04006677796327212,0.0016155088852988692,0.0,0.07559055118110236,0.09847198641765705,0.060240963855421686,0.0015748031496062992,0.0015174506828528073,0.11258278145695365,0.04159733777038269,0.03986710963455149,0.005084745762711864,0.08896210873146623,0.02512562814070352,0.0896,0.003257328990228013,0.04882154882154882,0.15916398713826366,0.028616852146263912,0.00463678516228748,0.004885993485342019,0.060382916053019146,0.0,0.08589951377633712,0.06666666666666667,0.014446227929373997,0.025078369905956112,0.0,0.15895061728395063,0.043478260869565216,0.11009174311926606,0.011686143572621035,0.0,0.020249221183800622,0.04666666666666667,0.12908496732026145,0.05817610062893082,0.05177993527508091,0.1882716049382716,0.08207705192629816,0.09046849757673667,0.016556291390728478,0.0770440251572327,0.03536977491961415,0.04012841091492777,0.022187004754358162,0.00819672131147541,0.07941653160453808,0.051926298157453935,0.04276315789473684,0.0015600624024961,0.10227272727272728,0.022222222222222223,0.018302828618968387,0.03782894736842105,0.003134796238244514,0.03627760252365931,0.019448946515397084,0.029508196721311476,0.0015625,0.00792393026941363,0.0,0.0016051364365971107,0.07894736842105263,0.02337228714524207,0.11019736842105263,0.021775544388609715,0.08934707903780069,0.08292682926829269,0.02329450915141431,0.06836248012718601,0.10829103214890017,0.0,0.12480252764612954,0.06678082191780822,0.0,0.07807308970099668,0.09233176838810642,0.0016260162601626016,0.0695517774343122,0.0685805422647528,0.0672,0.0015267175572519084,0.08293460925039872,0.004846526655896607,0.018487394957983194,0.15604026845637584,0.0016638935108153079,0.03565640194489465,0.003289473684210526,0.06543624161073826,0.11179173047473201,0.020537124802527645,0.03937007874015748,0.0,0.130568356374808,0.0,0.08047945205479452,0.04326923076923077,0.0,0.04672897196261682,0.03934426229508197,0.11280487804878049,0.0,0.0016051364365971107,0.08500772797527048,0.1550632911392405,0.1550632911392405,0.06462585034013606,0.0,0.05574324324324324,0.004784688995215311,0.12998522895125553,0.006299212598425197,0.001652892561983471,0.03125,0.06761006289308176,0.003129890453834116,0.06814580031695722,0.10789049919484701,0.0016260162601626016,0.06166666666666667,0.044850498338870434,0.02823920265780731,0.01461038961038961,0.011437908496732025,0.032,0.05806451612903226,0.025974025974025976,0.061461794019933555,0.01584786053882726,0.0,0.11794871794871795,0.057096247960848286,0.2577639751552795,0.2577639751552795,0.0016,0.013996889580093312,0.09949409780775717,0.0016181229773462784,0.08292682926829269,0.059602649006622516,0.0,0.0,0.0016181229773462784,0.006339144215530904,0.03636363636363636,0.09494640122511486,0.006568144499178982,0.03735144312393888,0.03286384976525822,0.014778325123152709,0.047933884297520664,0.060842433697347896,0.018808777429467086,0.0921875,0.03764320785597381,0.08346972176759411,0.0,0.12824675324675325,0.030595813204508857,0.06666666666666667,0.07201309328968904,0.016474464579901153,0.0,0.010638297872340425,0.001610305958132045,0.07049180327868852,0.055077452667814115,0.0016025641025641025,0.038917089678511,0.014975041597337771,0.025559105431309903,0.030508474576271188,0.034782608695652174,0.09951060358890701,0.01335559265442404,0.05787781350482315,0.06430868167202572,0.004524886877828055,0.012861736334405145,0.0,0.16179001721170397,0.09711684370257967,0.06343906510851419,0.10410094637223975,0.06622516556291391,0.06891025641025642,0.003134796238244514,0.06201550387596899
2000,1,9,prevalence,0.023529411764705882,0.11414790996784566,0.06581059390048154,0.0016,0.0032948929159802307,0.08130081300813008,0.0,0.003355704697986577,0.0016181229773462784,0.0047169811320754715,0.03130148270181219,0.0032102728731942215,0.0,0.10172143974960876,0.12038523274478331,0.08202443280977312,0.0016051364365971107,0.0015432098765432098,0.125,0.037606837606837605,0.05237315875613748,0.004934210526315789,0.16905901116427433,0.02356902356902357,0.08306188925081433,0.001669449081803005,0.04666666666666667,0.1794871794871795,0.020766773162939296,0.0015723270440251573,0.006589785831960461,0.06033182503770739,0.0,0.08108108108108109,0.10819672131147541,0.012698412698412698,0.019726858877086494,0.0,0.17757009345794392,0.05363321799307959,0.07961783439490445,0.01001669449081803,0.0,0.0265625,0.03166666666666667,0.1064891846921797,0.03115264797507788,0.060064935064935064,0.13406940063091483,0.0702054794520548,0.09001636661211129,0.019417475728155338,0.061128526645768025,0.049679487179487176,0.03115264797507788,0.03425774877650897,0.018092105263157895,0.06776859504132231,0.07258064516129033,0.0416,0.0,0.10543657331136738,0.037037037037037035,0.016233766233766232,0.04227642276422764,0.01059001512859304,0.04225352112676056,0.021885521885521887,0.009917355371900827,0.0,0.009287925696594427,0.0,0.001589825119236884,0.09854604200323101,0.031088082901554404,0.13953488372093023,0.024193548387096774,0.08532423208191127,0.04700162074554295,0.014754098360655738,0.061514195583596214,0.09966777408637874,0.0,0.12755905511811025,0.06655574043261231,0.0,0.12790697674418605,0.08695652173913043,0.0032102728731942215,0.0828125,0.07364975450081833,0.06782334384858044,0.0030864197530864196,0.06289308176100629,0.004830917874396135,0.031825795644891124,0.1669421487603306,0.0016638935108153079,0.021630615640599003,0.0,0.058823529411764705,0.0975609756097561,0.014354066985645933,0.04566929133858268,0.001589825119236884,0.1043338683788122,0.0,0.07288135593220339,0.04395604395604396,0.001557632398753894,0.025682182985553772,0.035175879396984924,0.11320754716981132,0.0,0.0,0.07573415765069552,0.12280701754385964,0.12280701754385964,0.10097719869706841,0.0,0.03161397670549085,0.003169572107765452,0.08042488619119878,0.006369426751592357,0.0016835016835016834,0.03470031545741325,0.06307692307692307,0.0015408320493066256,0.05804311774461028,0.15323854660347552,0.0016207455429497568,0.05901639344262295,0.041666666666666664,0.011627906976744186,0.018032786885245903,0.006359300476947536,0.03877221324717286,0.08760330578512397,0.03896103896103896,0.06611570247933884,0.008210180623973728,0.0060790273556231,0.0976027397260274,0.07108239095315025,0.190625,0.190625,0.0031746031746031746,0.013996889580093312,0.10491803278688525,0.001567398119122257,0.10031847133757962,0.07154742096505824,0.0,0.0,0.0016,0.009693053311793215,0.044407894736842105,0.08615384615384615,0.008333333333333333,0.0322061191626409,0.03255813953488372,0.02631578947368421,0.04833333333333333,0.037383177570093455,0.008116883116883116,0.0890937019969278,0.036741214057507986,0.09803921568627451,0.0,0.1305785123966942,0.056,0.060995184590690206,0.09166666666666666,0.04091653027823241,0.0,0.005263157894736842,0.004754358161648178,0.0644122383252818,0.030821917808219176,0.0,0.05785123966942149,0.019417475728155338,0.024671052631578948,0.020618556701030927,0.020689655172413793,0.10126582278481013,0.025510204081632654,0.04975922953451043,0.061514195583596214,0.004594180704441042,0.01639344262295082,0.0,0.17558528428093645,0.06417910447761194,0.06132879045996593,0.08231707317073171,0.0603448275862069,0.04560260586319218,0.0016366612111292963,0.06485671191553545
2001,1,9,prevalence,0.01644736842105263,0.11258278145695365,0.08856682769726248,0.0,0.003355704697986577,0.09348914858096828,0.0,0.0052173913043478265,0.0016611295681063123,0.008,0.03350083752093802,0.0016474464579901153,0.0,0.14330708661417324,0.11004784688995216,0.08787346221441125,0.0016339869281045752,0.0015698587127158557,0.1261101243339254,0.045,0.042662116040955635,0.008183306055646482,0.21096345514950166,0.024115755627009645,0.0713128038897893,0.0,0.04074702886247878,0.1497584541062802,0.029079159935379646,0.0015527950310559005,0.005067567567567568,0.10485133020344288,0.0,0.09500805152979067,0.07928802588996764,0.014150943396226415,0.036753445635528334,0.0,0.15251572327044025,0.08919382504288165,0.0759493670886076,0.004885993485342019,0.0,0.03271028037383177,0.050933786078098474,0.09210526315789473,0.03054662379421222,0.0695364238410596,0.10260586319218241,0.09090909090909091,0.08528428093645485,0.027868852459016394,0.04889589905362776,0.03877221324717286,0.024390243902439025,0.044657097288676235,0.024429967426710098,0.06129032258064516,0.0763239875389408,0.06528662420382166,0.0,0.10684474123539232,0.0512,0.022328548644338118,0.05619834710743802,0.012345679012345678,0.04784688995215311,0.017064846416382253,0.020338983050847456,0.0,0.009375,0.003067484662576687,0.0016233766233766235,0.1024,0.0391156462585034,0.14893617021276595,0.023734177215189875,0.09726962457337884,0.0576,0.008375209380234505,0.0499219968798752,0.08455284552845528,0.0,0.12807881773399016,0.05194805194805195,0.0,0.19333333333333333,0.09359605911330049,0.004651162790697674,0.090625,0.07006369426751592,0.06339144215530904,0.003105590062111801,0.07849293563579278,0.008333333333333333,0.026402640264026403,0.15358931552587646,0.0034071550255536627,0.021487603305785124,0.0,0.08571428571428572,0.10381679389312977,0.012738853503184714,0.06339144215530904,0.0015698587127158557,0.1070840197693575,0.0,0.06879194630872483,0.047021943573667714,0.0015337423312883436,0.03205128205128205,0.03305785123966942,0.09647779479326186,0.0,0.0,0.05384615384615385,0.09935897435897435,0.09935897435897435,0.09595959595959595,0.001697792869269949,0.032362459546925564,0.003134796238244514,0.0622154779969651,0.0016474464579901153,0.0016806722689075631,0.04153354632587859,0.0856269113149847,0.001567398119122257,0.037606837606837605,0.13700787401574804,0.00487012987012987,0.060955518945634266,0.04262295081967213,0.0016339869281045752,0.02689075630252101,0.00322061191626409,0.04146730462519936,0.06578947368421052,0.06623586429725363,0.07563025210084033,0.009852216748768473,0.001557632398753894,0.1377551020408163,0.05676126878130217,0.11285266457680251,0.11285266457680251,0.003105590062111801,0.006201550387596899,0.10099337748344371,0.0,0.1338709677419355,0.10569105691056911,0.0016891891891891893,0.0,0.0016181229773462784,0.025157232704402517,0.0701468189233279,0.09572901325478646,0.0032733224222585926,0.019639934533551555,0.03255813953488372,0.02337228714524207,0.04391891891891892,0.03110419906687403,0.012779552715654952,0.10526315789473684,0.023474178403755867,0.12195121951219512,0.0,0.14096185737976782,0.04897314375987362,0.061514195583596214,0.09364548494983277,0.024429967426710098,0.0033444816053511705,0.0034662045060658577,0.003067484662576687,0.06229508196721312,0.021885521885521887,0.0,0.10252365930599369,0.006420545746388443,0.042692939244663386,0.05604203152364273,0.021885521885521887,0.06785137318255251,0.026490066225165563,0.03508771929824561,0.05638474295190713,0.0030534351145038168,0.02287581699346405,0.0,0.14,0.0629800307219662,0.05872193436960276,0.08191653786707882,0.05114638447971781,0.03739837398373984,0.003284072249589491,0.05997001499250375
2002,1,9,prevalence,0.032467532467532464,0.11480865224625623,0.07954545454545454,0.0,0.004991680532445923,0.11639344262295082,0.0,0.004942339373970346,0.0016722408026755853,0.01746031746031746,0.013559322033898305,0.003305785123966942,0.0,0.19811320754716982,0.09500805152979067,0.07665505226480836,0.001669449081803005,0.0015455950540958269,0.14874551971326164,0.04746317512274959,0.03820598006644518,0.009884678747940691,0.252442996742671,0.03475513428120063,0.0208,0.0016155088852988692,0.044905008635578586,0.11609907120743033,0.036334913112164295,0.0032258064516129032,0.003289473684210526,0.08860759493670886,0.0,0.078003120124805,0.09163987138263666,0.01174496644295302,0.03875968992248062,0.0,0.10989010989010989,0.100169779286927,0.04133545310015898,0.009966777408637873,0.0,0.05124223602484472,0.052901023890784986,0.08045977011494253,0.029921259842519685,0.07886435331230283,0.10759493670886076,0.077834179357022,0.12032520325203253,0.019834710743801654,0.06602254428341385,0.03169572107765452,0.030303030303030304,0.03514376996805112,0.02875399361022364,0.07516339869281045,0.046251993620414676,0.0594059405940594,0.0,0.07131011608623548,0.06269592476489028,0.014634146341463415,0.05040650406504065,0.015698587127158554,0.04792332268370607,0.018211920529801324,0.018867924528301886,0.0,0.00966183574879227,0.003115264797507788,0.0016474464579901153,0.12135922330097088,0.037606837606837605,0.17828200972447325,0.02106969205834684,0.11686143572621036,0.07419354838709677,0.005067567567567568,0.034482758620689655,0.0410958904109589,0.0,0.09001636661211129,0.06504065040650407,0.0,0.14878892733564014,0.08931419457735247,0.004777070063694267,0.08681672025723473,0.07874015748031496,0.07526881720430108,0.0,0.0688,0.0016366612111292963,0.05704697986577181,0.10833333333333334,0.0016863406408094434,0.021487603305785124,0.003284072249589491,0.12305025996533796,0.12556053811659193,0.0224,0.06729264475743349,0.008143322475570033,0.09922480620155039,0.0,0.08156606851549755,0.056962025316455694,0.0046875,0.04658901830282862,0.03814262023217247,0.17754172989377845,0.0,0.0,0.053763440860215055,0.07941653160453808,0.07941653160453808,0.08813559322033898,0.0016863406408094434,0.055105348460291734,0.012924071082390954,0.052552552552552555,0.0016556291390728477,0.0017211703958691911,0.0594855305466238,0.07898658718330849,0.0,0.03098106712564544,0.1266025641025641,0.006389776357827476,0.050243111831442464,0.03425774877650897,0.009508716323296355,0.01721170395869191,0.0,0.03870967741935484,0.06230031948881789,0.07190635451505016,0.02975206611570248,0.017377567140600316,0.0,0.1273031825795645,0.056856187290969896,0.07232704402515723,0.07232704402515723,0.0031496062992125984,0.004518072289156626,0.09151414309484193,0.0,0.152317880794702,0.13827993254637436,0.0033112582781456954,0.0,0.0,0.022257551669316374,0.09688013136288999,0.11095100864553314,0.0049504950495049506,0.009478672985781991,0.05529225908372828,0.01824212271973466,0.025167785234899327,0.03565640194489465,0.006349206349206349,0.1408,0.04113924050632911,0.11201298701298701,0.0,0.14686468646864687,0.05929487179487179,0.05853658536585366,0.07130730050933787,0.026016260162601626,0.008264462809917356,0.011945392491467578,0.0031496062992125984,0.08503937007874016,0.02,0.0,0.10174880763116058,0.012965964343598054,0.058922558922558925,0.08499095840867993,0.016216216216216217,0.06408094435075885,0.03289473684210526,0.03231017770597738,0.05289256198347107,0.0015552099533437014,0.03135313531353135,0.0,0.12641815235008103,0.0453857791225416,0.06044905008635579,0.09259259259259259,0.06902654867256637,0.03459637561779242,0.004739336492890996,0.05674846625766871
2003,1,9,prevalence,0.02073365231259968,0.12096774193548387,0.09195402298850575,0.0,0.0050933786078098476,0.135,0.0,0.00487012987012987,0.0016835016835016834,0.008051529790660225,0.01020408163265306,0.0033613445378151263,0.0,0.2190923317683881,0.08823529411764706,0.04903677758318739,0.001658374792703151,0.0015360983102918587,0.08181818181818182,0.06462035541195477,0.05638474295190713,0.011235955056179775,0.23519736842105263,0.03400309119010819,0.018121911037891267,0.0016339869281045752,0.050699300699300696,0.07644305772230889,0.04153354632587859,0.0015698587127158557,0.005,0.06708268330733229,0.0,0.09667194928684628,0.06902086677367576,0.01680672268907563,0.03908794788273615,0.0,0.0998389694041868,0.10720268006700168,0.05873015873015873,0.006711409395973154,0.0,0.10232558139534884,0.047619047619047616,0.07973421926910298,0.04153354632587859,0.10483870967741936,0.11147540983606558,0.08417508417508418,0.13495934959349593,0.030716723549488054,0.059870550161812294,0.030303030303030304,0.0352760736196319,0.04084967320261438,0.05501618122977346,0.07667731629392971,0.052980132450331126,0.05546492659053834,0.0,0.05454545454545454,0.06623586429725363,0.011363636363636364,0.04173354735152488,0.007680491551459293,0.03035143769968051,0.02618657937806874,0.02218430034129693,0.0,0.01639344262295082,0.001564945226917058,0.0016638935108153079,0.08823529411764706,0.02054794520547945,0.2305194805194805,0.009630818619582664,0.13311148086522462,0.07177814029363784,0.0050933786078098476,0.02242152466367713,0.047217537942664416,0.0,0.07142857142857142,0.052980132450331126,0.0,0.15307820299500832,0.09046849757673667,0.012698412698412698,0.10015649452269171,0.0670926517571885,0.0768025078369906,0.0,0.08253968253968254,0.00865051903114187,0.07058823529411765,0.11129568106312292,0.0016501650165016502,0.02875399361022364,0.00825082508250825,0.15268456375838926,0.1337386018237082,0.02086677367576244,0.06929133858267716,0.014423076923076924,0.09457364341085271,0.0,0.07462686567164178,0.055105348460291734,0.011041009463722398,0.03577512776831346,0.026272577996715927,0.14220183486238533,0.0,0.0,0.05229793977812995,0.06209150326797386,0.06209150326797386,0.08703071672354949,0.0032520325203252032,0.04516129032258064,0.01910828025477707,0.043410852713178294,0.0016286644951140066,0.0017921146953405018,0.09046052631578948,0.09970674486803519,0.0,0.013937282229965157,0.09902597402597403,0.003189792663476874,0.0304,0.029548989113530325,0.006259780907668232,0.02329450915141431,0.0,0.039538714991762765,0.0763239875389408,0.06754530477759473,0.02287581699346405,0.03400309119010819,0.0,0.08848080133555926,0.05289256198347107,0.048589341692789965,0.048589341692789965,0.004746835443037975,0.0031201248049922,0.06610169491525424,0.0,0.14942528735632185,0.1485148514851485,0.003205128205128205,0.0,0.0,0.0218408736349454,0.09193548387096774,0.1320754716981132,0.016611295681063124,0.004594180704441042,0.03328050713153724,0.020967741935483872,0.020933977455716585,0.048701298701298704,0.00794912559618442,0.14754098360655737,0.07109737248840804,0.11556982343499198,0.0,0.11746031746031746,0.04672897196261682,0.05271828665568369,0.048414023372287146,0.028428093645484948,0.008532423208191127,0.00964630225080386,0.004784688995215311,0.09667194928684628,0.03436988543371522,0.0,0.15721231766612642,0.014754098360655738,0.07131011608623548,0.06329113924050633,0.016245487364620937,0.06153846153846154,0.03273322422258593,0.025559105431309903,0.0684931506849315,0.003048780487804878,0.04208754208754209,0.0,0.1152,0.03852080123266564,0.06260869565217392,0.07779578606158834,0.0658578856152513,0.044142614601018676,0.004658385093167702,0.052795031055900624
2004,1,9,prevalence,0.01751592356687898,0.09166666666666666,0.08571428571428572,0.0,0.003305785123966942,0.1625615763546798,0.0016339869281045752,0.003179650238473768,0.0017064846416382253,0.011182108626198083,0.011570247933884297,0.001692047377326565,0.0,0.21879815100154082,0.07107438016528926,0.0627177700348432,0.0,0.004651162790697674,0.0539568345323741,0.07305194805194805,0.06655574043261231,0.011272141706924315,0.2234910277324633,0.030395136778115502,0.004942339373970346,0.0,0.06076388888888889,0.09253246753246754,0.037520391517128875,0.0031746031746031746,0.004893964110929853,0.07272727272727272,0.0,0.1046875,0.07898894154818326,0.017361111111111112,0.06270096463022508,0.0,0.07075471698113207,0.12254901960784313,0.09807073954983923,0.013468013468013467,0.0,0.1743119266055046,0.06292517006802721,0.0903010033444816,0.030744336569579287,0.10789049919484701,0.10912052117263844,0.10264900662251655,0.10327868852459017,0.03980099502487562,0.056910569105691054,0.019077901430842606,0.024154589371980676,0.0462046204620462,0.07718120805369127,0.06635071090047394,0.047540983606557376,0.028333333333333332,0.0,0.03150912106135987,0.06743421052631579,0.008,0.044374009508716325,0.010719754977029096,0.04707792207792208,0.02,0.022298456260720412,0.0,0.03273322422258593,0.0015625,0.0016474464579901153,0.0766721044045677,0.029616724738675958,0.2630744849445325,0.006220839813374806,0.0998389694041868,0.08403361344537816,0.0,0.0213089802130898,0.018333333333333333,0.0,0.06435643564356436,0.052901023890784986,0.0,0.17406143344709898,0.10832025117739404,0.01932367149758454,0.08,0.08176100628930817,0.08150470219435736,0.0,0.0912,0.012389380530973451,0.06324786324786325,0.05910543130990415,0.0033003300330033004,0.028169014084507043,0.005016722408026756,0.18181818181818182,0.10911808669656203,0.01615508885298869,0.07431340872374798,0.031545741324921134,0.0953125,0.001692047377326565,0.07742998352553541,0.0347682119205298,0.0029985007496251873,0.018487394957983194,0.011308562197092083,0.09876543209876543,0.001644736842105263,0.0,0.06581059390048154,0.04862236628849271,0.04862236628849271,0.06535947712418301,0.0016025641025641025,0.04013377926421405,0.012698412698412698,0.02702702702702703,0.0016420361247947454,0.0018115942028985507,0.12643678160919541,0.1027900146842878,0.0,0.003472222222222222,0.10172143974960876,0.003215434083601286,0.04272151898734177,0.026984126984126985,0.008210180623973728,0.02364864864864865,0.0,0.033925686591276254,0.06278713629402756,0.07028753993610223,0.025559105431309903,0.020602218700475437,0.0016051364365971107,0.05612244897959184,0.06357388316151202,0.04936305732484077,0.04936305732484077,0.004878048780487805,0.001594896331738437,0.08404802744425385,0.0015290519877675841,0.12624584717607973,0.1533442088091354,0.0015337423312883436,0.008532423208191127,0.0,0.03139717425431711,0.0749185667752443,0.14619883040935672,0.00505902192242833,0.0030303030303030303,0.03662420382165605,0.018092105263157895,0.03745928338762215,0.045813586097946286,0.012718600953895072,0.12580645161290321,0.08294930875576037,0.12,0.0,0.09162717219589257,0.07211538461538461,0.056451612903225805,0.043478260869565216,0.024263431542461005,0.00667779632721202,0.013050570962479609,0.003194888178913738,0.08006279434850863,0.031879194630872486,0.0,0.1834710743801653,0.004878048780487805,0.055,0.06822262118491922,0.026041666666666668,0.04778156996587031,0.03896103896103896,0.017857142857142856,0.087893864013267,0.0030911901081916537,0.027156549520766772,0.0,0.103125,0.04327666151468315,0.07401032702237521,0.0992,0.06394316163410302,0.03559322033898305,0.007974481658692184,0.051515151515151514
2005,1,9,prevalence,0.02066772655007949,0.08731466227347612,0.07809847198641766,0.0,0.0,0.14166666666666666,0.0,0.003189792663476874,0.0,0.01765650080256822,0.02073365231259968,0.0016835016835016834,0.0,0.18325434439178515,0.11551155115511551,0.07093425605536333,0.0,0.003110419906687403,0.04891304347826087,0.08361204013377926,0.052100840336134456,0.011182108626198083,0.1631663974151858,0.0228310502283105,0.009771986970684038,0.0,0.046875,0.07269789983844911,0.04146730462519936,0.003134796238244514,0.0016339869281045752,0.09119010819165378,0.0,0.09630818619582665,0.10066006600660066,0.016778523489932886,0.0861244019138756,0.0,0.05426356589147287,0.15916398713826366,0.13843648208469056,0.018363939899833055,0.0,0.23771790808240886,0.05490848585690516,0.09256198347107437,0.05457463884430177,0.1060126582278481,0.13377926421404682,0.1305785123966942,0.09703947368421052,0.023809523809523808,0.05815831987075929,0.01584786053882726,0.02572347266881029,0.03915171288743882,0.07830342577487764,0.0662557781201849,0.06397306397306397,0.03145695364238411,0.0,0.020066889632107024,0.054455445544554455,0.006493506493506494,0.050488599348534204,0.009287925696594427,0.052884615384615384,0.022727272727272728,0.014975041597337771,0.0,0.0425531914893617,0.0016051364365971107,0.0016420361247947454,0.06902086677367576,0.05709342560553633,0.21484992101105846,0.007861635220125786,0.10742496050552923,0.1136,0.0,0.021244309559939303,0.0068143100511073255,0.0,0.09180327868852459,0.057391304347826085,0.0,0.15008726003490402,0.0816,0.011182108626198083,0.07201309328968904,0.07570977917981073,0.054858934169279,0.0,0.07401315789473684,0.019572953736654804,0.06164383561643835,0.0416,0.003316749585406302,0.02786377708978328,0.004909983633387889,0.19540229885057472,0.09345794392523364,0.007886435331230283,0.06807131280388978,0.07453416149068323,0.0967238689547582,0.0016863406408094434,0.0858085808580858,0.026272577996715927,0.006134969325153374,0.021630615640599003,0.014469453376205787,0.07656967840735068,0.0016286644951140066,0.0,0.06129032258064516,0.07679465776293823,0.07679465776293823,0.06310679611650485,0.0016025641025641025,0.0532258064516129,0.011400651465798045,0.012618296529968454,0.0016891891891891893,0.0035842293906810036,0.15346534653465346,0.1564327485380117,0.0,0.00865051903114187,0.10835913312693499,0.0031397174254317113,0.04292527821939587,0.028526148969889066,0.010344827586206896,0.034482758620689655,0.0,0.02936378466557912,0.06451612903225806,0.09327217125382263,0.02106969205834684,0.027993779160186624,0.006389776357827476,0.07081174438687392,0.08403361344537816,0.050156739811912224,0.050156739811912224,0.0016260162601626016,0.0016025641025641025,0.08925619834710743,0.0,0.1310344827586207,0.21217105263157895,0.0015313935681470138,0.00338409475465313,0.0,0.012578616352201259,0.0490506329113924,0.11566617862371889,0.005145797598627788,0.009230769230769232,0.028662420382165606,0.02905982905982906,0.05750798722044728,0.035256410256410256,0.01631321370309951,0.10227272727272728,0.06687402799377916,0.128,0.0,0.10730948678071539,0.14355628058727568,0.054187192118226604,0.031096563011456628,0.026446280991735537,0.00505902192242833,0.009787928221859706,0.0015923566878980893,0.06309148264984227,0.015358361774744027,0.0,0.1440536013400335,0.006493506493506494,0.05244755244755245,0.0497335701598579,0.03747870528109029,0.04982817869415808,0.06969205834683954,0.025518341307814992,0.0829103214890017,0.0031645569620253164,0.03745928338762215,0.0,0.12539184952978055,0.0328125,0.05326460481099656,0.10223642172523961,0.05851063829787234,0.032758620689655175,0.015527950310559006,0.05972434915773354
2006,1,9,prevalence,0.016181229773462782,0.08291873963515754,0.11714770797962648,0.0,0.0,0.18549747048903878,0.0,0.0,0.0,0.027552674230145867,0.027243589743589744,0.0016722408026755853,0.0,0.11682242990654206,0.14355628058727568,0.05872193436960276,0.0,0.006359300476947536,0.06340579710144928,0.09122203098106713,0.043478260869565216,0.007987220447284345,0.08562197092084006,0.01337295690936107,0.008156606851549755,0.0,0.04230118443316413,0.09379968203497616,0.04662379421221865,0.003205128205128205,0.0,0.1046875,0.0,0.10047095761381476,0.09966777408637874,0.004862236628849271,0.06645569620253164,0.0,0.05426356589147287,0.1402936378466558,0.16910569105691056,0.011965811965811967,0.0,0.2626427406199021,0.05527638190954774,0.09618573797678276,0.05263157894736842,0.1192368839427663,0.18896321070234115,0.15025041736227046,0.07855973813420622,0.04666666666666667,0.088379705400982,0.008038585209003215,0.01901743264659271,0.05977382875605816,0.07802547770700637,0.06708268330733229,0.05970149253731343,0.0338409475465313,0.0,0.023255813953488372,0.05545927209705372,0.0048543689320388345,0.06040268456375839,0.016129032258064516,0.041935483870967745,0.02268760907504363,0.016666666666666666,0.0,0.042833607907743,0.001564945226917058,0.0,0.07792207792207792,0.04355400696864112,0.14630225080385853,0.007898894154818325,0.11746031746031746,0.1,0.0,0.0203125,0.011784511784511785,0.0,0.08970099667774087,0.06040268456375839,0.0,0.11073253833049404,0.07087827426810478,0.006369426751592357,0.06710310965630115,0.07309486780715396,0.07923930269413629,0.0,0.07142857142857142,0.029462738301559793,0.05509181969949917,0.0464,0.0016611295681063123,0.0379746835443038,0.0015923566878980893,0.19145569620253164,0.12079510703363915,0.00644122383252818,0.06687898089171974,0.1540880503144654,0.0662557781201849,0.001652892561983471,0.1026936026936027,0.03273322422258593,0.0014814814814814814,0.02003338898163606,0.01932367149758454,0.08791208791208792,0.0016339869281045752,0.001597444089456869,0.055205047318611984,0.07177814029363784,0.07177814029363784,0.07792207792207792,0.003305785123966942,0.0544,0.0032414910858995136,0.0016420361247947454,0.0016556291390728477,0.003552397868561279,0.21043771043771045,0.19398496240601504,0.0,0.008665511265164644,0.07407407407407407,0.003134796238244514,0.05529225908372828,0.03514376996805112,0.01011804384485666,0.0410958904109589,0.0,0.00980392156862745,0.0578386605783866,0.12848297213622292,0.020933977455716585,0.0483619344773791,0.022364217252396165,0.06818181818181818,0.09424920127795527,0.0928,0.0928,0.0,0.0017123287671232876,0.07251264755480608,0.0,0.14770797962648557,0.1905564924114671,0.0015151515151515152,0.001652892561983471,0.0,0.013975155279503106,0.03827751196172249,0.10997067448680352,0.0034482758620689655,0.016897081413210446,0.025518341307814992,0.03304347826086956,0.041401273885350316,0.044657097288676235,0.01485148514851485,0.10806451612903226,0.048286604361370715,0.09682804674457429,0.0,0.15301391035548687,0.17733990147783252,0.05695142378559464,0.047697368421052634,0.03150912106135987,0.008389261744966443,0.01610305958132045,0.0015698587127158557,0.055379746835443035,0.021739130434782608,0.0,0.1373534338358459,0.006309148264984227,0.05391304347826087,0.055944055944055944,0.03076923076923077,0.04020979020979021,0.07177033492822966,0.02857142857142857,0.08888888888888889,0.00964630225080386,0.03205128205128205,0.0,0.1347068145800317,0.02465331278890601,0.04942339373970346,0.0694006309148265,0.08170515097690942,0.022530329289428077,0.010542168674698794,0.06069802731411229
2007,1,9,prevalence,0.025559105431309903,0.06197654941373534,0.13109243697478992,0.0,0.0,0.1281198003327787,0.0,0.0,0.0,0.028662420382165606,0.025437201907790145,0.0016181229773462784,0.0,0.0816,0.15619967793880837,0.0576271186440678,0.0,0.00794912559618442,0.07005253940455342,0.09797297297297297,0.041666666666666664,0.008103727714748784,0.04522613065326633,0.0015337423312883436,0.008223684210526315,0.0,0.04054054054054054,0.12071778140293637,0.046031746031746035,0.0016778523489932886,0.0,0.08087091757387248,0.0,0.07166123778501629,0.11292962356792144,0.006462035541195477,0.05910543130990415,0.0,0.05365853658536585,0.14473684210526316,0.1457286432160804,0.011647254575707155,0.0,0.21176470588235294,0.06312292358803986,0.12214983713355049,0.040498442367601244,0.10185185185185185,0.21451612903225806,0.12956810631229235,0.057003257328990226,0.036303630363036306,0.06329113924050633,0.025889967637540454,0.015503875968992248,0.06913183279742766,0.0514018691588785,0.045454545454545456,0.05339805825242718,0.026936026936026935,0.0,0.015384615384615385,0.07944732297063903,0.001658374792703151,0.05756578947368421,0.017684887459807074,0.037096774193548385,0.027923211169284468,0.026101141924959218,0.0,0.04051863857374392,0.0015698587127158557,0.0,0.10725552050473186,0.045454545454545456,0.13355048859934854,0.0031645569620253164,0.10383386581469649,0.0949367088607595,0.0,0.00792393026941363,0.009917355371900827,0.0,0.10180623973727422,0.04201680672268908,0.0016207455429497568,0.07375643224699828,0.07305194805194805,0.009345794392523364,0.059602649006622516,0.07053291536050156,0.08469055374592833,0.0,0.07166666666666667,0.02027027027027027,0.061389337641357025,0.030254777070063694,0.0016666666666666668,0.056162246489859596,0.003110419906687403,0.16613418530351437,0.12206572769953052,0.0033003300330033004,0.08520900321543408,0.27009646302250806,0.050793650793650794,0.001639344262295082,0.09350237717908082,0.029850746268656716,0.0015082956259426848,0.019639934533551555,0.022838499184339316,0.06987577639751552,0.0016611295681063123,0.004966887417218543,0.032467532467532464,0.05339805825242718,0.05339805825242718,0.06482982171799027,0.004942339373970346,0.06426332288401254,0.005,0.0033277870216306157,0.001658374792703151,0.0035714285714285713,0.19463087248322147,0.22741433021806853,0.0,0.010221465076660987,0.07898894154818326,0.0031545741324921135,0.06412213740458016,0.04133545310015898,0.006578947368421052,0.06456953642384106,0.0,0.014446227929373997,0.043209876543209874,0.125,0.033386327503974564,0.0290519877675841,0.028938906752411574,0.07253886010362694,0.12751677852348994,0.18495297805642633,0.18495297805642633,0.0,0.0017271157167530224,0.059900166389351084,0.0015267175572519084,0.10756302521008404,0.19805194805194806,0.0015503875968992248,0.0016233766233766235,0.0,0.01676829268292683,0.022364217252396165,0.04504504504504504,0.003389830508474576,0.019637462235649546,0.027463651050080775,0.024778761061946902,0.03205128205128205,0.06420545746388442,0.014754098360655738,0.10912052117263844,0.046224961479198766,0.06521739130434782,0.0,0.1767515923566879,0.18166939443535188,0.07191780821917808,0.04051863857374392,0.021775544388609715,0.008183306055646482,0.023006134969325152,0.001579778830963665,0.0698051948051948,0.008077544426494346,0.0,0.18333333333333332,0.00974025974025974,0.04639175257731959,0.06993006993006994,0.03859060402684564,0.03395585738539898,0.07605177993527508,0.017123287671232876,0.07666098807495741,0.009478672985781991,0.04065040650406504,0.001652892561983471,0.18670886075949367,0.03650793650793651,0.06633499170812604,0.06924315619967794,0.12392426850258176,0.01692047377326565,0.007668711656441718,0.06595092024539877
2008,1,9,prevalence,0.026622296173044926,0.06546644844517185,0.17264957264957265,0.0,0.0,0.1054421768707483,0.0,0.0,0.0,0.03559870550161812,0.03129890453834116,0.0015923566878980893,0.0,0.0811232449297972,0.1579778830963665,0.04384485666104553,0.0,0.008064516129032258,0.1099476439790576,0.08431703204047218,0.0372168284789644,0.004792332268370607,0.018363939899833055,0.0,0.008169934640522876,0.0017006802721088435,0.043993231810490696,0.11018363939899833,0.05901639344262295,0.0016474464579901153,0.0,0.09104938271604938,0.0,0.09405940594059406,0.132569558101473,0.0,0.05519480519480519,0.0,0.03161397670549085,0.13898305084745763,0.10965630114566285,0.019933554817275746,0.0,0.17355371900826447,0.03210272873194221,0.13843648208469056,0.03536977491961415,0.06761006289308176,0.19086460032626426,0.11326860841423948,0.06168831168831169,0.06372549019607843,0.04381846635367762,0.025728987993138937,0.0141287284144427,0.0704,0.07223113964686999,0.043076923076923075,0.04,0.01658374792703151,0.0,0.008576329331046312,0.07394957983193277,0.0,0.044481054365733116,0.011217948717948718,0.033386327503974564,0.03553299492385787,0.0210016155088853,0.0016638935108153079,0.05098684210526316,0.0015552099533437014,0.0017543859649122807,0.11348684210526316,0.05460750853242321,0.11003236245954692,0.00644122383252818,0.09630818619582665,0.13354531001589826,0.001697792869269949,0.012861736334405145,0.01675041876046901,0.0,0.07599309153713299,0.027960526315789474,0.0,0.0775716694772344,0.08709677419354839,0.003189792663476874,0.06365159128978225,0.0672,0.060556464811783964,0.0,0.06408094435075885,0.021885521885521887,0.045454545454545456,0.022257551669316374,0.0016474464579901153,0.04538341158059468,0.00966183574879227,0.134375,0.07777777777777778,0.003246753246753247,0.06973058637083994,0.3474025974025974,0.04897314375987362,0.0016233766233766235,0.05956112852664577,0.033003300330033,0.0015527950310559005,0.021103896103896104,0.018121911037891267,0.07480916030534351,0.0015923566878980893,0.005119453924914676,0.02348993288590604,0.08538587848932677,0.08538587848932677,0.04823151125401929,0.008183306055646482,0.03987240829346093,0.001610305958132045,0.001610305958132045,0.003236245954692557,0.0035842293906810036,0.1713810316139767,0.22416534181240064,0.0016501650165016502,0.01386481802426343,0.0694006309148265,0.001589825119236884,0.07822085889570553,0.05194805194805195,0.006611570247933884,0.04361873990306947,0.0046875,0.013289036544850499,0.03464566929133858,0.10486322188449848,0.026984126984126985,0.02050473186119874,0.016286644951140065,0.04056437389770723,0.1024390243902439,0.3157894736842105,0.3157894736842105,0.0,0.0017035775127768314,0.033707865168539325,0.0030581039755351682,0.10409556313993173,0.19101123595505617,0.0015552099533437014,0.0015723270440251573,0.0016806722689075631,0.02465331278890601,0.00782472613458529,0.04559748427672956,0.006711409395973154,0.026113671274961597,0.03114754098360656,0.021164021164021163,0.023148148148148147,0.05608974358974359,0.018487394957983194,0.08469055374592833,0.04461538461538461,0.03764320785597381,0.0,0.16719745222929935,0.15,0.0846286701208981,0.042692939244663386,0.02356902356902357,0.008130081300813009,0.021875,0.0016,0.10197368421052631,0.02527646129541864,0.0016025641025641025,0.18270799347471453,0.014084507042253521,0.042692939244663386,0.05457746478873239,0.03079416531604538,0.02901023890784983,0.11237785016286644,0.018867924528301886,0.06806282722513089,0.014802631578947368,0.036243822075782535,0.0016806722689075631,0.19201228878648233,0.017350157728706624,0.04006677796327212,0.11019736842105263,0.15436241610738255,0.0196078431372549,0.004658385093167702,0.05825242718446602
2009,1,9,prevalence,0.013029315960912053,0.06633499170812604,0.12,0.0,0.0,0.08528428093645485,0.0,0.0,0.0,0.05930807248764415,0.01904761904761905,0.0015772870662460567,0.0,0.0890302066772655,0.15097402597402598,0.04477611940298507,0.0,0.006589785831960461,0.13445378151260504,0.06525285481239804,0.03571428571428571,0.0032626427406199023,0.018456375838926176,0.0,0.00644122383252818,0.003436426116838488,0.043697478991596636,0.13584288052373159,0.08892617449664429,0.0016556291390728477,0.0,0.07390648567119155,0.0,0.09477124183006536,0.10945273631840796,0.003305785123966942,0.04991680532445923,0.0,0.05081967213114754,0.13553719008264462,0.11147011308562198,0.013422818791946308,0.0,0.14590163934426228,0.05592105263157895,0.13934426229508196,0.04012841091492777,0.08217054263565891,0.21864951768488747,0.11496062992125984,0.05454545454545454,0.07820299500831947,0.04700162074554295,0.02533783783783784,0.009375,0.056451612903225805,0.09455128205128205,0.0328125,0.0336,0.01391304347826087,0.0,0.004975124378109453,0.057724957555178265,0.0,0.023608768971332208,0.009630818619582664,0.04113924050632911,0.043478260869565216,0.023961661341853034,0.003215434083601286,0.04654895666131621,0.0,0.003389830508474576,0.14802631578947367,0.057283142389525366,0.06168831168831169,0.004746835443037975,0.07053291536050156,0.10628019323671498,0.0016366612111292963,0.011272141706924315,0.013651877133105802,0.0,0.0594059405940594,0.021035598705501618,0.0,0.065,0.10049423393739704,0.003246753246753247,0.06532663316582915,0.060995184590690206,0.05787781350482315,0.0015822784810126582,0.07130730050933787,0.02618657937806874,0.05454545454545454,0.019417475728155338,0.0016181229773462784,0.0282574568288854,0.0031746031746031746,0.14307931570762053,0.07020280811232449,0.003169572107765452,0.05405405405405406,0.334453781512605,0.0421875,0.0032733224222585926,0.06984126984126984,0.024752475247524754,0.001564945226917058,0.028708133971291867,0.017770597738287562,0.09063444108761329,0.001584786053882726,0.006546644844517185,0.011647254575707155,0.0784,0.0784,0.04404567699836868,0.004807692307692308,0.043973941368078175,0.0016366612111292963,0.0032,0.003246753246753247,0.0034482758620689655,0.15136054421768708,0.19838709677419356,0.0017211703958691911,0.01011804384485666,0.06507936507936508,0.0015625,0.09733124018838304,0.03656597774244833,0.004934210526315789,0.038338658146964855,0.011146496815286623,0.02138157894736842,0.03828483920367534,0.11532625189681335,0.05071315372424723,0.024806201550387597,0.00980392156862745,0.03583617747440273,0.09951060358890701,0.31587057010785824,0.31587057010785824,0.001644736842105263,0.0034542314335060447,0.03317535545023697,0.003129890453834116,0.08347245409015025,0.1408,0.0031496062992125984,0.001567398119122257,0.004934210526315789,0.026234567901234566,0.0110062893081761,0.02631578947368421,0.005,0.037037037037037035,0.02666666666666667,0.022847100175746926,0.02384737678855326,0.05128205128205128,0.014778325123152709,0.06765676567656766,0.0473186119873817,0.03770491803278689,0.0,0.13428120063191154,0.15798319327731092,0.08391608391608392,0.03779527559055118,0.011608623548922056,0.0064,0.006329113924050633,0.0015625,0.12171052631578948,0.035256410256410256,0.0015455950540958269,0.14832535885167464,0.03215434083601286,0.03257328990228013,0.05583756345177665,0.03908794788273615,0.016891891891891893,0.12745098039215685,0.008347245409015025,0.07155322862129145,0.011419249592169658,0.033707865168539325,0.0033222591362126247,0.2211690363349131,0.021311475409836064,0.03389830508474576,0.087893864013267,0.1477832512315271,0.026058631921824105,0.0047169811320754715,0.048154093097913325
2010,1,9,prevalence,0.026272577996715927,0.06016260162601626,0.06176961602671119,0.0,0.0,0.08319738988580751,0.0016638935108153079,0.0,0.0,0.05901639344262295,0.022617124394184167,0.0031545741324921135,0.0,0.1157556270096463,0.15901639344262294,0.040783034257748776,0.0,0.004966887417218543,0.14645669291338584,0.08986928104575163,0.05392156862745098,0.004878048780487805,0.011725293132328308,0.0,0.008143322475570033,0.004909983633387889,0.04326123128119801,0.1400329489291598,0.07258064516129033,0.0,0.0,0.0776255707762557,0.0,0.07907742998352553,0.0899830220713073,0.00966183574879227,0.0372168284789644,0.0,0.04522613065326633,0.11486486486486487,0.15245901639344261,0.008417508417508417,0.0016286644951140066,0.08660130718954248,0.03205128205128205,0.12214983713355049,0.05573248407643312,0.06471494607087827,0.22413793103448276,0.1,0.028938906752411574,0.07142857142857142,0.05144694533762058,0.013289036544850499,0.006289308176100629,0.035,0.10806451612903226,0.0583596214511041,0.03241491085899514,0.0137221269296741,0.0,0.0017123287671232876,0.03814262023217247,0.0,0.011570247933884297,0.011075949367088608,0.0395738203957382,0.020833333333333332,0.02332814930015552,0.004815409309791332,0.04669887278582931,0.0,0.003401360544217687,0.1423948220064725,0.05,0.05676126878130217,0.004777070063694267,0.04491017964071856,0.10759493670886076,0.0064,0.009900990099009901,0.01877133105802048,0.006644518272425249,0.04738562091503268,0.017123287671232876,0.0,0.056451612903225805,0.1,0.008319467554076539,0.10815307820299501,0.05627009646302251,0.05967741935483871,0.0016025641025641025,0.08547008547008547,0.02618657937806874,0.07455429497568881,0.021487603305785124,0.001607717041800643,0.02531645569620253,0.006211180124223602,0.14375987361769352,0.06507936507936508,0.003194888178913738,0.04559748427672956,0.23141891891891891,0.026771653543307086,0.004893964110929853,0.06549520766773163,0.022690437601296597,0.0,0.011164274322169059,0.030303030303030304,0.060092449922958396,0.001567398119122257,0.0032733224222585926,0.00964630225080386,0.06991869918699187,0.06991869918699187,0.04292527821939587,0.0031446540880503146,0.06578947368421052,0.0017035775127768314,0.003215434083601286,0.0016025641025641025,0.0035335689045936395,0.10465116279069768,0.12012987012987013,0.0067226890756302525,0.017064846416382253,0.07120743034055728,0.0,0.08399366085578447,0.01929260450160772,0.006968641114982578,0.029641185647425898,0.011326860841423949,0.011532125205930808,0.03215434083601286,0.13746223564954682,0.06998444790046657,0.04160246533127889,0.014563106796116505,0.041025641025641026,0.10301109350237718,0.28726708074534163,0.28726708074534163,0.0016806722689075631,0.0034904013961605585,0.03656597774244833,0.003134796238244514,0.09045226130653267,0.12619808306709265,0.004658385093167702,0.0030911901081916537,0.005,0.020569620253164556,0.012422360248447204,0.02204724409448819,0.0033500837520938024,0.042488619119878605,0.027156549520766772,0.031578947368421054,0.04400606980273141,0.0589171974522293,0.041935483870967745,0.0805921052631579,0.06003159557661927,0.03536977491961415,0.003401360544217687,0.14397496087636932,0.12436974789915967,0.08833922261484099,0.04265402843601896,0.021666666666666667,0.0033003300330033004,0.012578616352201259,0.0,0.10188087774294671,0.03125,0.0,0.1353135313531353,0.02086677367576244,0.020967741935483872,0.05593220338983051,0.03559870550161812,0.006688963210702341,0.1488,0.022071307300509338,0.06949152542372881,0.028052805280528052,0.029173419773095625,0.003257328990228013,0.17703349282296652,0.0210016155088853,0.027257240204429302,0.09628378378378379,0.14497528830313014,0.017684887459807074,0.007751937984496124,0.054635761589403975
2011,1,9,prevalence,0.04552845528455285,0.039473684210526314,0.057971014492753624,0.0016366612111292963,0.0,0.04297520661157025,0.0,0.0,0.0,0.0762987012987013,0.03937007874015748,0.0015698587127158557,0.0016666666666666668,0.09819967266775777,0.13474025974025974,0.04567699836867863,0.0016366612111292963,0.006514657980456026,0.164576802507837,0.06260032102728733,0.07462686567164178,0.004893964110929853,0.016556291390728478,0.001644736842105263,0.0048543689320388345,0.003278688524590164,0.04612850082372323,0.1440677966101695,0.0628099173553719,0.0,0.0,0.090625,0.0,0.08783783783783784,0.06408094435075885,0.023734177215189875,0.02689873417721519,0.0,0.04983388704318937,0.1390728476821192,0.21535893155258765,0.013245033112582781,0.001658374792703151,0.08183306055646482,0.02254428341384863,0.12295081967213115,0.06070287539936102,0.0492845786963434,0.28225806451612906,0.07667731629392971,0.02152317880794702,0.06666666666666667,0.06060606060606061,0.003436426116838488,0.004672897196261682,0.052083333333333336,0.061788617886178863,0.05015197568389058,0.019448946515397084,0.02800658978583196,0.0,0.001692047377326565,0.03902439024390244,0.0016474464579901153,0.008278145695364239,0.01800327332242226,0.02923076923076923,0.0297339593114241,0.028708133971291867,0.004815409309791332,0.038580246913580245,0.0,0.0033613445378151263,0.12706270627062707,0.05090311986863711,0.03125,0.004838709677419355,0.0834597875569044,0.0878594249201278,0.0031201248049922,0.01652892561983471,0.020066889632107024,0.003389830508474576,0.03821656050955414,0.01487603305785124,0.0,0.05910543130990415,0.10596026490066225,0.004975124378109453,0.1032258064516129,0.06750392464678179,0.04071661237785016,0.0016233766233766235,0.0859504132231405,0.016260162601626018,0.10679611650485436,0.02512562814070352,0.0016260162601626016,0.01282051282051282,0.017628205128205128,0.1035007610350076,0.06045751633986928,0.0032,0.03054662379421222,0.17081260364842454,0.01461038961038961,0.004830917874396135,0.06430868167202572,0.014729950900163666,0.0,0.012658227848101266,0.03739837398373984,0.05581395348837209,0.0015873015873015873,0.00333889816360601,0.014975041597337771,0.07317073170731707,0.07317073170731707,0.04821150855365474,0.0016155088852988692,0.0991869918699187,0.0,0.0033277870216306157,0.0016313213703099511,0.0016863406408094434,0.09243697478991597,0.07704918032786885,0.004934210526315789,0.02577319587628866,0.05015197568389058,0.0,0.08791208791208792,0.008183306055646482,0.0034782608695652175,0.021739130434782608,0.017828200972447326,0.006644518272425249,0.01800327332242226,0.11791730474732007,0.03881987577639751,0.07668231611893583,0.009554140127388535,0.06091370558375635,0.09609120521172639,0.2520064205457464,0.2520064205457464,0.0016666666666666668,0.010273972602739725,0.04153354632587859,0.0030959752321981426,0.09016393442622951,0.11858974358974358,0.00315955766192733,0.009302325581395349,0.00641025641025641,0.03035143769968051,0.019817073170731708,0.02576489533011272,0.005,0.04468412942989214,0.012861736334405145,0.02413793103448276,0.04821150855365474,0.08771929824561403,0.0457516339869281,0.0707395498392283,0.0594679186228482,0.021172638436482084,0.0017035775127768314,0.1498422712933754,0.08163265306122448,0.05410122164048865,0.06379585326953748,0.03559322033898305,0.001644736842105263,0.007987220447284345,0.0,0.06507936507936508,0.027820710973724884,0.0032948929159802307,0.10114192495921696,0.02702702702702703,0.007987220447284345,0.0627062706270627,0.03508771929824561,0.013582342954159592,0.14890282131661442,0.023688663282571912,0.07508532423208192,0.04222972972972973,0.03639240506329114,0.004807692307692308,0.1892744479495268,0.02768729641693811,0.024834437086092714,0.10606060606060606,0.13673805601317957,0.016025641025641024,0.004885993485342019,0.08112582781456953
2012,1,9,prevalence,0.040783034257748776,0.05065359477124183,0.0416,0.0031746031746031746,0.0016891891891891893,0.05929487179487179,0.0016863406408094434,0.0015408320493066256,0.0,0.05271828665568369,0.032407407407407406,0.0015625,0.0017123287671232876,0.0628099173553719,0.11942675159235669,0.029827315541601257,0.0016339869281045752,0.005050505050505051,0.16352201257861634,0.06528662420382166,0.0657672849915683,0.004885993485342019,0.019769357495881382,0.001697792869269949,0.008116883116883116,0.004746835443037975,0.030844155844155844,0.119281045751634,0.03758169934640523,0.0,0.0,0.08141321044546851,0.0,0.10180623973727422,0.03691275167785235,0.03115264797507788,0.0171606864274571,0.0,0.031825795644891124,0.11639344262295082,0.18803418803418803,0.03943217665615142,0.001652892561983471,0.07479674796747968,0.04595879556259905,0.11942675159235669,0.0593900481540931,0.051593323216995446,0.19805194805194806,0.078125,0.01155115511551155,0.07352941176470588,0.054635761589403975,0.0017152658662092624,0.011128775834658187,0.03546099290780142,0.040257648953301126,0.034954407294832825,0.026272577996715927,0.018425460636515914,0.0,0.0,0.037337662337662336,0.011608623548922056,0.008116883116883116,0.008237232289950576,0.03338391502276176,0.024271844660194174,0.02384737678855326,0.007656967840735069,0.03863987635239567,0.0,0.003355704697986577,0.12280701754385964,0.023333333333333334,0.014778325123152709,0.004901960784313725,0.036923076923076927,0.05736434108527132,0.004746835443037975,0.025041736227045076,0.022530329289428077,0.0016722408026755853,0.04833333333333333,0.014634146341463415,0.0,0.06199021207177814,0.10234899328859061,0.016420361247947456,0.07389162561576355,0.04126984126984127,0.0297029702970297,0.0016181229773462784,0.07516339869281045,0.011308562197092083,0.07131011608623548,0.00847457627118644,0.0033003300330033004,0.0196078431372549,0.027287319422150885,0.07898894154818326,0.05454545454545454,0.0031645569620253164,0.02090032154340836,0.13210702341137123,0.01517706576728499,0.006379585326953748,0.08415841584158416,0.006493506493506494,0.0,0.0093603744149766,0.04918032786885246,0.0529595015576324,0.0,0.004893964110929853,0.012618296529968454,0.08240887480190175,0.08240887480190175,0.047619047619047616,0.011235955056179775,0.087248322147651,0.0016556291390728477,0.006379585326953748,0.0,0.0016611295681063123,0.09090909090909091,0.05536912751677853,0.00333889816360601,0.02097902097902098,0.03153153153153153,0.0016260162601626016,0.083596214511041,0.01854974704890388,0.0034965034965034965,0.028481012658227847,0.02356902356902357,0.00333889816360601,0.018092105263157895,0.07413249211356467,0.035483870967741936,0.10493827160493827,0.01729559748427673,0.06937394247038917,0.09713375796178345,0.18524590163934426,0.18524590163934426,0.0016339869281045752,0.013157894736842105,0.05741626794258373,0.019138755980861243,0.037520391517128875,0.07248764415156507,0.001610305958132045,0.013953488372093023,0.0032102728731942215,0.03908794788273615,0.01854714064914992,0.029079159935379646,0.006557377049180328,0.04,0.0256,0.01916376306620209,0.06491499227202473,0.0672,0.045,0.05608974358974359,0.054838709677419356,0.01155115511551155,0.0016286644951140066,0.11754966887417219,0.04639175257731959,0.03664921465968586,0.05475040257648953,0.03697478991596639,0.0,0.018363939899833055,0.0,0.06060606060606061,0.03565891472868217,0.0016339869281045752,0.057283142389525366,0.025196850393700787,0.01282051282051282,0.04470198675496689,0.03015873015873016,0.011589403973509934,0.11477987421383648,0.0196078431372549,0.0664451827242525,0.04655172413793104,0.03645007923930269,0.004777070063694267,0.1936,0.01607717041800643,0.0436241610738255,0.10440456769983687,0.10163934426229508,0.012759170653907496,0.020155038759689922,0.06091370558375635
2013,1,9,prevalence,0.05228758169934641,0.04019292604501608,0.051036682615629984,0.021311475409836064,0.0016835016835016834,0.04019292604501608,0.0016666666666666668,0.0015625,0.0,0.045454545454545456,0.028528528528528527,0.0015923566878980893,0.0017064846416382253,0.05970149253731343,0.0876923076923077,0.04482225656877898,0.001658374792703151,0.0034602076124567475,0.15755627009646303,0.057902973395931145,0.06942148760330578,0.0031446540880503146,0.018092105263157895,0.0016863406408094434,0.014195583596214511,0.008090614886731391,0.026101141924959218,0.11038961038961038,0.03627760252365931,0.0,0.0,0.0976,0.0016666666666666668,0.10655737704918032,0.023608768971332208,0.0492845786963434,0.018838304552590265,0.0,0.025210084033613446,0.11298482293423272,0.15187713310580206,0.04643962848297214,0.00667779632721202,0.07729468599033816,0.04133545310015898,0.11864406779661017,0.0532258064516129,0.049773755656108594,0.13106796116504854,0.06750392464678179,0.01639344262295082,0.036243822075782535,0.03627760252365931,0.0068846815834767644,0.01564945226917058,0.04114490161001789,0.04100946372239748,0.02465331278890601,0.027823240589198037,0.021487603305785124,0.0,0.0,0.028892455858747994,0.021311475409836064,0.01839464882943144,0.013377926421404682,0.046546546546546545,0.02204724409448819,0.023622047244094488,0.0030441400304414,0.04361370716510903,0.0,0.0033444816053511705,0.0935483870967742,0.03645007923930269,0.03758169934640523,0.004966887417218543,0.026687598116169546,0.03765060240963856,0.0047169811320754715,0.022838499184339316,0.008503401360544218,0.0016863406408094434,0.042662116040955635,0.016129032258064516,0.0,0.06765676567656766,0.08149405772495756,0.011494252873563218,0.09951845906902086,0.048701298701298704,0.02073365231259968,0.00322061191626409,0.04377104377104377,0.012987012987012988,0.05351170568561873,0.001718213058419244,0.003205128205128205,0.01794453507340946,0.03403565640194489,0.0594855305466238,0.04560810810810811,0.0015723270440251573,0.024115755627009645,0.09333333333333334,0.006756756756756757,0.0030864197530864196,0.06430868167202572,0.013029315960912053,0.0,0.023809523809523808,0.04854368932038835,0.039938556067588324,0.0,0.01155115511551155,0.020602218700475437,0.0608,0.0608,0.05834683954619125,0.023411371237458192,0.052545155993431854,0.006944444444444444,0.006462035541195477,0.00315955766192733,0.0031645569620253164,0.07528641571194762,0.039735099337748346,0.0016778523489932886,0.06666666666666667,0.013782542113323124,0.0016181229773462784,0.0880503144654088,0.027597402597402596,0.0017064846416382253,0.024922118380062305,0.048494983277591976,0.006666666666666667,0.016181229773462782,0.05071315372424723,0.02631578947368421,0.09494640122511486,0.030303030303030304,0.05546492659053834,0.08660130718954248,0.11092715231788079,0.11092715231788079,0.0016286644951140066,0.018121911037891267,0.07119205298013245,0.028708133971291867,0.034482758620689655,0.06418918918918919,0.001610305958132045,0.01910828025477707,0.0047169811320754715,0.044585987261146494,0.007621951219512195,0.024232633279483037,0.017973856209150325,0.042833607907743,0.03398058252427184,0.020338983050847456,0.06821705426356589,0.041050903119868636,0.03648424543946932,0.05314009661835749,0.06393442622950819,0.005,0.0016155088852988692,0.09555189456342669,0.028333333333333332,0.04020979020979021,0.0448,0.02996845425867508,0.0,0.02152317880794702,0.007776049766718507,0.054140127388535034,0.03363914373088685,0.0016474464579901153,0.03470031545741325,0.03968253968253968,0.019169329073482427,0.037520391517128875,0.03758169934640523,0.01669449081803005,0.10641627543035993,0.02903225806451613,0.020618556701030927,0.04421768707482993,0.01610305958132045,0.004830917874396135,0.15460526315789475,0.025974025974025976,0.03035413153456998,0.06521739130434782,0.07049180327868852,0.02711323763955343,0.02476780185758514,0.037300177619893425
2014,1,9,prevalence,0.03594771241830065,0.0464,0.06853582554517133,0.027823240589198037,0.0016835016835016834,0.0352,0.001639344262295082,0.0015923566878980893,0.0,0.04340567612687813,0.03271028037383177,0.0,0.0016835016835016834,0.05612244897959184,0.09204368174726989,0.07164179104477612,0.0016891891891891893,0.005226480836236934,0.1478405315614618,0.05061349693251534,0.0576,0.003105590062111801,0.01948051948051948,0.0016666666666666668,0.01740506329113924,0.014263074484944533,0.020967741935483872,0.08673469387755102,0.0467741935483871,0.0,0.0049261083743842365,0.07779578606158834,0.001639344262295082,0.08530805687203792,0.042692939244663386,0.038338658146964855,0.022364217252396165,0.0,0.0273972602739726,0.11461794019933555,0.07899159663865546,0.05188679245283019,0.010434782608695653,0.07728706624605679,0.049079754601226995,0.10090361445783133,0.07371794871794872,0.05007587253414264,0.1053484602917342,0.060092449922958396,0.01607717041800643,0.04381846635367762,0.0219435736677116,0.011904761904761904,0.025806451612903226,0.025500910746812388,0.04665629860031104,0.026984126984126985,0.02926829268292683,0.021487603305785124,0.0,0.0,0.029641185647425898,0.011608623548922056,0.019230769230769232,0.01870748299319728,0.03869047619047619,0.009433962264150943,0.027906976744186046,0.00303951367781155,0.0358814352574103,0.0,0.003355704697986577,0.07535321821036106,0.02875399361022364,0.04707792207792208,0.0065040650406504065,0.032,0.0379746835443038,0.011023622047244094,0.02975206611570248,0.013266998341625208,0.001718213058419244,0.04607508532423208,0.011326860841423949,0.0,0.049586776859504134,0.07413509060955518,0.011217948717948718,0.06614173228346457,0.03739837398373984,0.01288244766505636,0.013050570962479609,0.030448717948717948,0.014516129032258065,0.041666666666666664,0.014134275618374558,0.0031545741324921135,0.012924071082390954,0.024390243902439025,0.04213938411669368,0.025510204081632654,0.008025682182985553,0.04340836012861737,0.05201342281879195,0.0034542314335060447,0.0171606864274571,0.03908794788273615,0.012841091492776886,0.0015337423312883436,0.026397515527950312,0.026446280991735537,0.0484375,0.001584786053882726,0.00949367088607595,0.017350157728706624,0.0499219968798752,0.0499219968798752,0.051643192488262914,0.026533996683250415,0.03648424543946932,0.005253940455341506,0.014240506329113924,0.009302325581395349,0.0015873015873015873,0.0728476821192053,0.04462809917355372,0.0,0.07880910683012259,0.013975155279503106,0.0016611295681063123,0.084375,0.0272,0.0016474464579901153,0.0121580547112462,0.031879194630872486,0.010101010101010102,0.016474464579901153,0.04662379421221865,0.019077901430842606,0.06880733944954129,0.0304,0.06168831168831169,0.06741573033707865,0.07462686567164178,0.07462686567164178,0.0016025641025641025,0.013377926421404682,0.043706293706293704,0.027287319422150885,0.03820598006644518,0.06879194630872483,0.00333889816360601,0.030448717948717948,0.0,0.04516129032258064,0.010869565217391304,0.024834437086092714,0.006546644844517185,0.06799336650082918,0.03150912106135987,0.019448946515397084,0.08012326656394453,0.057003257328990226,0.04411764705882353,0.04612850082372323,0.03685897435897436,0.006589785831960461,0.0016207455429497568,0.05825242718446602,0.03278688524590164,0.029876977152899824,0.03934426229508197,0.04220779220779221,0.0,0.028192371475953566,0.01732283464566929,0.03134796238244514,0.030534351145038167,0.0016474464579901153,0.042993630573248405,0.026729559748427674,0.02875399361022364,0.0210016155088853,0.024834437086092714,0.026622296173044926,0.0662557781201849,0.026490066225165563,0.011705685618729096,0.04304635761589404,0.01746031746031746,0.004838709677419355,0.09900990099009901,0.03536977491961415,0.03767123287671233,0.06666666666666667,0.059870550161812294,0.025039123630672927,0.028346456692913385,0.047186932849364795
2015,1,9,prevalence,0.026272577996715927,0.05591054313099041,0.036418816388467376,0.03656597774244833,0.0,0.04451510333863275,0.001607717041800643,0.001567398119122257,0.0,0.026446280991735537,0.0272,0.0,0.0016891891891891893,0.049403747870528106,0.05180533751962323,0.0649546827794562,0.003395585738539898,0.003372681281618887,0.10561056105610561,0.03225806451612903,0.026856240126382307,0.0030627871362940277,0.03858520900321544,0.001697792869269949,0.0171606864274571,0.01263823064770932,0.013008130081300813,0.0642361111111111,0.058823529411764705,0.001639344262295082,0.0064516129032258064,0.06230031948881789,0.0016366612111292963,0.09984152139461172,0.03908794788273615,0.025396825396825397,0.03514376996805112,0.0,0.03361344537815126,0.0779436152570481,0.05892857142857143,0.0481203007518797,0.021775544388609715,0.06168831168831169,0.042042042042042045,0.07363770250368189,0.0594059405940594,0.052316890881913304,0.057096247960848286,0.07922272047832586,0.009523809523809525,0.03767660910518053,0.01929260450160772,0.013245033112582781,0.03140495867768595,0.021505376344086023,0.03164556962025317,0.0449438202247191,0.01938610662358643,0.019672131147540985,0.0,0.0,0.03255813953488372,0.006546644844517185,0.02365930599369085,0.011666666666666667,0.022488755622188907,0.007836990595611285,0.02664576802507837,0.00764525993883792,0.038338658146964855,0.0,0.001594896331738437,0.08018867924528301,0.01932367149758454,0.06635071090047394,0.00644122383252818,0.04617834394904458,0.014084507042253521,0.015313935681470138,0.014754098360655738,0.01680672268907563,0.011570247933884297,0.03559870550161812,0.0361247947454844,0.003355704697986577,0.04311774461028192,0.07337883959044368,0.017684887459807074,0.0436817472698908,0.031141868512110725,0.013910355486862442,0.028428093645484948,0.048,0.017915309446254073,0.043333333333333335,0.029209621993127148,0.0030864197530864196,0.009693053311793215,0.026533996683250415,0.036544850498338874,0.030560271646859084,0.014308426073131956,0.03691813804173355,0.03231292517006803,0.01011804384485666,0.028037383177570093,0.030497592295345103,0.01615508885298869,0.0015822784810126582,0.017080745341614908,0.03114754098360656,0.04294478527607362,0.0016233766233766235,0.009787928221859706,0.011419249592169658,0.02830188679245283,0.02830188679245283,0.03761755485893417,0.02254428341384863,0.03636363636363636,0.01056338028169014,0.01564945226917058,0.010835913312693499,0.0031545741324921135,0.07431340872374798,0.05490848585690516,0.0,0.04964539007092199,0.0282574568288854,0.0,0.06623586429725363,0.039473684210526314,0.0034071550255536627,0.019877675840978593,0.038917089678511,0.02027027027027027,0.01607717041800643,0.04051863857374392,0.02009273570324575,0.05263157894736842,0.022508038585209004,0.07142857142857142,0.07487520798668885,0.03739837398373984,0.03739837398373984,0.0016233766233766235,0.02403846153846154,0.04753820033955857,0.0380794701986755,0.024549918166939442,0.03902439024390244,0.003246753246753247,0.033783783783783786,0.0,0.04111842105263158,0.02476780185758514,0.03672787979966611,0.012987012987012988,0.08955223880597014,0.019169329073482427,0.020537124802527645,0.07075471698113207,0.06105610561056106,0.03966942148760331,0.03993344425956739,0.029874213836477988,0.016,0.003179650238473768,0.037337662337662336,0.030254777070063694,0.05517241379310345,0.026490066225165563,0.0380952380952381,0.012598425196850394,0.028052805280528052,0.023961661341853034,0.03463855421686747,0.0286144578313253,0.0,0.030911901081916538,0.03918495297805643,0.03785488958990536,0.02593192868719611,0.01288244766505636,0.030894308943089432,0.049766718506998445,0.03858520900321544,0.00980392156862745,0.04942339373970346,0.017713365539452495,0.006389776357827476,0.05348460291734198,0.029459901800327332,0.032758620689655175,0.050933786078098474,0.047775947281713346,0.020766773162939296,0.017628205128205128,0.055865921787709494
2016,1,9,prevalence,0.019736842105263157,0.06655844155844155,0.01957831325301205,0.04538341158059468,0.003401360544217687,0.061806656101426306,0.0015923566878980893,0.001589825119236884,0.0,0.02593192868719611,0.017857142857142856,0.0,0.001652892561983471,0.04462809917355372,0.049099836333878884,0.04327666151468315,0.0033783783783783786,0.003355704697986577,0.08943089430894309,0.02197802197802198,0.02702702702702703,0.0029542097488921715,0.03821656050955414,0.0016366612111292963,0.013975155279503106,0.018404907975460124,0.02572347266881029,0.06338028169014084,0.04084967320261438,0.006430868167202572,0.006299212598425197,0.028985507246376812,0.0015748031496062992,0.06572769953051644,0.025974025974025976,0.0144,0.03536977491961415,0.0,0.04477611940298507,0.051070840197693576,0.07142857142857142,0.06191950464396285,0.03389830508474576,0.03588907014681892,0.03308270676691729,0.05368098159509203,0.05405405405405406,0.03759398496240601,0.04234527687296417,0.08083832335329341,0.0031847133757961785,0.0483619344773791,0.018957345971563982,0.020100502512562814,0.027491408934707903,0.016129032258064516,0.02106969205834684,0.03987240829346093,0.027463651050080775,0.02204724409448819,0.0,0.0,0.021604938271604937,0.008116883116883116,0.00927357032457496,0.008333333333333333,0.025185185185185185,0.0045385779122541605,0.03645007923930269,0.014263074484944533,0.028662420382165606,0.0,0.0015723270440251573,0.05732484076433121,0.035483870967741936,0.0496,0.004815409309791332,0.03685897435897436,0.03732503888024884,0.01687116564417178,0.03715670436187399,0.008488964346349746,0.016286644951140065,0.042071197411003236,0.0392156862745098,0.006329113924050633,0.05472636815920398,0.05582922824302135,0.01639344262295082,0.0514018691588785,0.026490066225165563,0.023183925811437404,0.024916943521594685,0.059870550161812294,0.009983361064891847,0.029950083194675542,0.030664395229982964,0.0031545741324921135,0.02471169686985173,0.026578073089700997,0.022033898305084745,0.016722408026755852,0.019938650306748466,0.03194888178913738,0.030560271646859084,0.011272141706924315,0.026771653543307086,0.025806451612903226,0.015625,0.0015220700152207,0.01386748844375963,0.0594679186228482,0.0421875,0.0016339869281045752,0.01282051282051282,0.008077544426494346,0.03481012658227848,0.03481012658227848,0.040310077519379844,0.024154589371980676,0.06270096463022508,0.006932409012131715,0.011182108626198083,0.013996889580093312,0.007776049766718507,0.061389337641357025,0.05977382875605816,0.0,0.034420289855072464,0.018779342723004695,0.0,0.04067796610169491,0.037337662337662336,0.0016556291390728477,0.018209408194233688,0.035897435897435895,0.013745704467353952,0.016366612111292964,0.03189792663476874,0.013493253373313344,0.042748091603053436,0.03414634146341464,0.0695364238410596,0.03488372093023256,0.04426229508196721,0.04426229508196721,0.003305785123966942,0.03773584905660377,0.052083333333333336,0.03577235772357724,0.02113821138211382,0.046511627906976744,0.003215434083601286,0.02145214521452145,0.0,0.030252100840336135,0.024,0.026845637583892617,0.019639934533551555,0.09411764705882353,0.025806451612903226,0.025,0.05901116427432217,0.0453781512605042,0.03114754098360656,0.040955631399317405,0.025518341307814992,0.026687598116169546,0.003129890453834116,0.053208137715179966,0.02254428341384863,0.03672787979966611,0.019769357495881382,0.04043545878693624,0.017432646592709985,0.028052805280528052,0.0315955766192733,0.03308270676691729,0.016320474777448073,0.0,0.07389937106918239,0.046296296296296294,0.03987240829346093,0.021035598705501618,0.012841091492776886,0.027463651050080775,0.020155038759689922,0.025806451612903226,0.013377926421404682,0.057755775577557754,0.016051364365971106,0.0031847133757961785,0.05238095238095238,0.032362459546925564,0.039655172413793106,0.03685092127303183,0.03262642740619902,0.02113821138211382,0.008130081300813009,0.02531645569620253
2017,1,9,prevalence,0.017770597738287562,0.08856682769726248,0.03206106870229008,0.07355242566510173,0.0017211703958691911,0.06037151702786378,0.001567398119122257,0.0015698587127158557,0.0,0.02159468438538206,0.01889763779527559,0.0,0.0017035775127768314,0.05326460481099656,0.06829268292682927,0.04393939393939394,0.0017271157167530224,0.003367003367003367,0.05071315372424723,0.03179650238473768,0.024115755627009645,0.002962962962962963,0.02711323763955343,0.001652892561983471,0.0202808112324493,0.0060882800608828,0.019417475728155338,0.06313993174061433,0.044189852700491,0.0032733224222585926,0.0047169811320754715,0.041390728476821195,0.003179650238473768,0.050793650793650794,0.03531300160513644,0.014423076923076924,0.025848142164781908,0.0,0.05175292153589316,0.03758169934640523,0.04827586206896552,0.05688622754491018,0.04553415061295972,0.03782894736842105,0.029921259842519685,0.04477611940298507,0.038525963149078725,0.03374233128834356,0.022653721682847898,0.12347560975609756,0.0,0.0395738203957382,0.014586709886547812,0.023178807947019868,0.023411371237458192,0.0156794425087108,0.021035598705501618,0.03494176372712146,0.01652892561983471,0.017214397496087636,0.0,0.0,0.03599374021909233,0.011532125205930808,0.00909090909090909,0.0033112582781456954,0.011747430249632892,0.010769230769230769,0.02926829268292683,0.014423076923076924,0.03164556962025317,0.0,0.0015432098765432098,0.08728943338437979,0.04297520661157025,0.058544303797468354,0.0031446540880503146,0.04784688995215311,0.022082018927444796,0.010558069381598794,0.03600654664484452,0.021630615640599003,0.008143322475570033,0.03937007874015748,0.02593192868719611,0.012326656394453005,0.03980099502487562,0.04411764705882353,0.011419249592169658,0.03945371775417299,0.014754098360655738,0.02406015037593985,0.01631321370309951,0.05546492659053834,0.01155115511551155,0.0288,0.033925686591276254,0.003215434083601286,0.024549918166939442,0.023411371237458192,0.026041666666666668,0.022071307300509338,0.009316770186335404,0.01892744479495268,0.023769100169779286,0.00966183574879227,0.04024767801857585,0.02750809061488673,0.017080745341614908,0.0,0.0239880059970015,0.07131537242472266,0.06200317965023847,0.0016366612111292963,0.012698412698412698,0.014516129032258065,0.028526148969889066,0.028526148969889066,0.04784688995215311,0.03260869565217391,0.07877813504823152,0.007207207207207207,0.014285714285714285,0.01564945226917058,0.004792332268370607,0.05901116427432217,0.05627009646302251,0.0,0.03571428571428571,0.025236593059936908,0.0,0.043478260869565216,0.044585987261146494,0.0,0.025039123630672927,0.0361247947454844,0.011784511784511785,0.020967741935483872,0.03005008347245409,0.021638330757341576,0.0334855403348554,0.06239737274220033,0.08823529411764706,0.022336769759450172,0.048252911813643926,0.048252911813643926,0.0016474464579901153,0.04430379746835443,0.05752961082910321,0.039619651347068144,0.024875621890547265,0.047540983606557376,0.0032258064516129032,0.029310344827586206,0.0,0.03636363636363636,0.013953488372093023,0.02040816326530612,0.01620745542949757,0.08347245409015025,0.02403846153846154,0.03134796238244514,0.05555555555555555,0.055105348460291734,0.03896103896103896,0.04047217537942664,0.020602218700475437,0.0512,0.004622496147919877,0.04574132492113565,0.025196850393700787,0.03801652892561983,0.020168067226890758,0.06923076923076923,0.01910828025477707,0.035483870967741936,0.07076923076923076,0.037993920972644375,0.013513513513513514,0.0,0.13228346456692913,0.03821656050955414,0.03826955074875208,0.028125,0.009771986970684038,0.03656597774244833,0.027692307692307693,0.024549918166939442,0.011804384485666104,0.0496,0.03307086614173228,0.0030911901081916537,0.025806451612903226,0.036243822075782535,0.0391156462585034,0.04318936877076412,0.05337519623233909,0.02138157894736842,0.008038585209003215,0.019642857142857142
2018,1,9,prevalence,0.020700636942675158,0.0794392523364486,0.028744326777609682,0.05405405405405406,0.0016666666666666668,0.06944444444444445,0.00322061191626409,0.001564945226917058,0.0,0.01631321370309951,0.026687598116169546,0.0,0.0016474464579901153,0.03806228373702422,0.04251968503937008,0.03554868624420402,0.0,0.003395585738539898,0.0379746835443038,0.03863987635239567,0.011382113821138212,0.002976190476190476,0.02572347266881029,0.0033112582781456954,0.012618296529968454,0.007587253414264037,0.011608623548922056,0.06884681583476764,0.03789126853377265,0.003316749585406302,0.0,0.04692556634304207,0.003125,0.04426229508196721,0.020634920634920634,0.01567398119122257,0.034375,0.0015923566878980893,0.06829268292682927,0.028286189683860232,0.07191780821917808,0.06534954407294832,0.0723905723905724,0.04538087520259319,0.028106508875739646,0.03115727002967359,0.035,0.055130168453292494,0.021035598705501618,0.14021571648690292,0.004754358161648178,0.045941807044410414,0.014778325123152709,0.013377926421404682,0.021775544388609715,0.01384083044982699,0.014754098360655738,0.04470198675496689,0.024916943521594685,0.019969278033794162,0.0,0.0,0.029503105590062112,0.009819967266775777,0.010752688172043012,0.005016722408026756,0.010494752623688156,0.015197568389057751,0.0231023102310231,0.008,0.02809917355371901,0.0,0.0,0.0976,0.009950248756218905,0.09256449165402124,0.0016339869281045752,0.032467532467532464,0.027375201288244767,0.007704160246533128,0.028333333333333332,0.012903225806451613,0.011363636363636364,0.024509803921568627,0.0361247947454844,0.021739130434782608,0.03559870550161812,0.024549918166939442,0.014705882352941176,0.05847076461769116,0.011456628477905073,0.007575757575757576,0.028938906752411574,0.057096247960848286,0.02003338898163606,0.035830618892508145,0.052884615384615384,0.0032520325203252032,0.032467532467532464,0.0137221269296741,0.024179620034542316,0.02512562814070352,0.015455950540958269,0.01794453507340946,0.022071307300509338,0.0109204368174727,0.06687402799377916,0.029850746268656716,0.02190923317683881,0.0,0.025487256371814093,0.05855161787365177,0.10806451612903226,0.001607717041800643,0.009569377990430622,0.019933554817275746,0.04205607476635514,0.04205607476635514,0.05329153605015674,0.043076923076923075,0.10048622366288493,0.012411347517730497,0.020249221183800622,0.0112,0.0047169811320754715,0.07448494453248812,0.07804878048780488,0.0,0.05363321799307959,0.03179650238473768,0.0,0.027777777777777776,0.04132231404958678,0.0,0.028616852146263912,0.022838499184339316,0.021996615905245348,0.021103896103896104,0.036243822075782535,0.03215434083601286,0.05172413793103448,0.10801963993453355,0.10702875399361023,0.025951557093425604,0.06829268292682927,0.06829268292682927,0.003367003367003367,0.06845238095238096,0.059931506849315065,0.028892455858747994,0.03150912106135987,0.060755336617405585,0.0016233766233766235,0.04576271186440678,0.0,0.04878048780487805,0.014195583596214511,0.031198686371100164,0.022435897435897436,0.06312292358803986,0.025848142164781908,0.04383116883116883,0.04617834394904458,0.05115511551155116,0.027823240589198037,0.0472972972972973,0.027243589743589744,0.09276729559748427,0.003110419906687403,0.0589171974522293,0.041050903119868636,0.03896103896103896,0.02356902356902357,0.08108108108108109,0.016,0.02768729641693811,0.11587301587301588,0.04395604395604396,0.026509572901325478,0.0,0.19806763285024154,0.030254777070063694,0.06030150753768844,0.02996845425867508,0.0128,0.08307210031347963,0.02406015037593985,0.054365733113673806,0.0033613445378151263,0.051036682615629984,0.027156549520766772,0.0015220700152207,0.04889589905362776,0.04823151125401929,0.030201342281879196,0.04215851602023609,0.07020280811232449,0.03355704697986577,0.009584664536741214,0.015126050420168067
2019,1,9,prevalence,0.01288244766505636,0.08948194662480377,0.018292682926829267,0.07894736842105263,0.001639344262295082,0.09582689335394126,0.0049504950495049506,0.0015748031496062992,0.0016260162601626016,0.029556650246305417,0.030816640986132512,0.0,0.0,0.03015075376884422,0.05763239875389408,0.034161490683229816,0.0,0.0034904013961605585,0.037096774193548385,0.06116207951070336,0.0015105740181268882,0.0030303030303030303,0.03821656050955414,0.003257328990228013,0.022292993630573247,0.023291925465838508,0.0049504950495049506,0.05081967213114754,0.051457975986277875,0.0033277870216306157,0.001579778830963665,0.05348460291734198,0.003134796238244514,0.0256,0.03260869565217391,0.025236593059936908,0.04094488188976378,0.0016051364365971107,0.0840064620355412,0.01485148514851485,0.11021069692058347,0.06416275430359937,0.1570945945945946,0.04715447154471545,0.04633781763826607,0.029940119760479042,0.028523489932885907,0.061514195583596214,0.03858520900321544,0.1388888888888889,0.011272141706924315,0.03609022556390978,0.006578947368421052,0.019966722129783693,0.025423728813559324,0.021630615640599003,0.019230769230769232,0.053156146179401995,0.009852216748768473,0.03686635944700461,0.0,0.0,0.027287319422150885,0.008038585209003215,0.009244992295839754,0.0049833887043189366,0.0125,0.009036144578313253,0.024875621890547265,0.008,0.05501618122977346,0.0,0.0,0.14195583596214512,0.011235955056179775,0.11674347158218126,0.0016778523489932886,0.023026315789473683,0.060995184590690206,0.0109375,0.017857142857142856,0.0304,0.009615384615384616,0.028846153846153848,0.028938906752411574,0.020030816640986132,0.02622950819672131,0.033707865168539325,0.012678288431061807,0.08482871125611746,0.018092105263157895,0.013975155279503106,0.03840245775729647,0.07865168539325842,0.02471169686985173,0.030110935023771792,0.06984126984126984,0.0016722408026755853,0.03169572107765452,0.005084745762711864,0.03754266211604096,0.026578073089700997,0.015432098765432098,0.01910828025477707,0.023890784982935155,0.007911392405063292,0.07538461538461538,0.03414634146341464,0.0234375,0.0,0.04035874439461883,0.02304147465437788,0.13680781758957655,0.0016611295681063123,0.007861635220125786,0.03035413153456998,0.06015037593984962,0.06015037593984962,0.07097791798107256,0.03453689167974882,0.0704,0.01015228426395939,0.02631578947368421,0.01615508885298869,0.028346456692913385,0.07448494453248812,0.10378912685337727,0.0,0.06597222222222222,0.021103896103896104,0.0,0.02982456140350877,0.039538714991762765,0.0,0.022116903633491312,0.01818181818181818,0.006791171477079796,0.01757188498402556,0.028286189683860232,0.0416,0.05396825396825397,0.11333333333333333,0.11774193548387096,0.02292768959435626,0.10032362459546926,0.10032362459546926,0.003316749585406302,0.14096916299559473,0.07263513513513513,0.0576,0.025518341307814992,0.061461794019933555,0.001644736842105263,0.0730050933786078,0.0,0.057096247960848286,0.00782472613458529,0.044189852700491,0.021739130434782608,0.06833333333333333,0.013157894736842105,0.027552674230145867,0.049099836333878884,0.05555555555555555,0.011513157894736841,0.034482758620689655,0.026446280991735537,0.13260530421216848,0.0030581039755351682,0.10096153846153846,0.03488372093023256,0.0848,0.01174496644295302,0.07142857142857142,0.029503105590062112,0.02106969205834684,0.16770186335403728,0.044444444444444446,0.015267175572519083,0.0,0.23027375201288244,0.0304,0.06825938566552901,0.024844720496894408,0.008025682182985553,0.1225114854517611,0.01664145234493192,0.027597402597402596,0.001644736842105263,0.07395498392282958,0.03475513428120063,0.0014970059880239522,0.1,0.04213938411669368,0.02,0.03814262023217247,0.08141321044546851,0.03801652892561983,0.008305647840531562,0.02564102564102564
2020,1,9,prevalence,0.008264462809917356,0.08156606851549755,0.018433179723502304,0.08723747980613894,0.001639344262295082,0.1574074074074074,0.0032310177705977385,0.0030721966205837174,0.0,0.025597269624573378,0.027820710973724884,0.0,0.001692047377326565,0.030201342281879196,0.06542056074766354,0.04643962848297214,0.0,0.001763668430335097,0.027156549520766772,0.03980891719745223,0.0,0.0015267175572519084,0.03785488958990536,0.0016207455429497568,0.021035598705501618,0.038880248833592534,0.007974481658692184,0.039603960396039604,0.039182282793867124,0.0034423407917383822,0.0015772870662460567,0.059322033898305086,0.003048780487804878,0.012841091492776886,0.035493827160493825,0.0330188679245283,0.03761755485893417,0.001579778830963665,0.08609271523178808,0.01644736842105263,0.12950819672131147,0.0794392523364486,0.260655737704918,0.06016260162601626,0.04885496183206107,0.03379416282642089,0.018803418803418803,0.0490506329113924,0.0880503144654088,0.18552036199095023,0.008025682182985553,0.05837173579109063,0.0033003300330033004,0.019867549668874173,0.02337228714524207,0.033003300330033,0.006309148264984227,0.04088586030664395,0.0,0.02748091603053435,0.0,0.0,0.0432,0.0,0.013803680981595092,0.0015873015873015873,0.0197869101978691,0.0015220700152207,0.01866251944012442,0.007861635220125786,0.05950413223140496,0.0,0.0,0.13924050632911392,0.0064516129032258064,0.19319938176197837,0.0016260162601626016,0.020442930153321975,0.0804416403785489,0.004830917874396135,0.01839464882943144,0.03943217665615142,0.009569377990430622,0.03225806451612903,0.03820598006644518,0.02599388379204893,0.022653721682847898,0.036334913112164295,0.01904761904761905,0.08962264150943396,0.013201320132013201,0.006279434850863423,0.0514018691588785,0.06514657980456026,0.04084967320261438,0.038880248833592534,0.05825242718446602,0.003278688524590164,0.027439024390243903,0.0032258064516129032,0.022071307300509338,0.029950083194675542,0.01875,0.03949447077409163,0.015384615384615385,0.004709576138147566,0.0704647676161919,0.03459119496855346,0.028526148969889066,0.0,0.04525547445255475,0.02450229709035222,0.13099041533546327,0.0016025641025641025,0.006144393241167435,0.019672131147540985,0.09984639016897082,0.09984639016897082,0.09006211180124224,0.04961240310077519,0.06842923794712286,0.008576329331046312,0.029185867895545316,0.012519561815336464,0.028938906752411574,0.06141732283464567,0.07827476038338659,0.0,0.13275862068965516,0.022690437601296597,0.0,0.03333333333333333,0.029508196721311476,0.0,0.02912621359223301,0.015748031496062992,0.0,0.017973856209150325,0.03885135135135135,0.056,0.061068702290076333,0.09390444810543658,0.08562197092084006,0.03019538188277087,0.14774494556765164,0.14774494556765164,0.003395585738539898,0.16109422492401215,0.0847457627118644,0.0544,0.02090032154340836,0.08374384236453201,0.0016233766233766235,0.11519198664440734,0.0,0.05152979066022544,0.0144,0.059625212947189095,0.01610305958132045,0.07142857142857142,0.01631321370309951,0.03618421052631579,0.05211726384364821,0.04552845528455285,0.01592356687898089,0.03140495867768595,0.014586709886547812,0.12954186413902052,0.001557632398753894,0.13964686998394862,0.03361344537815126,0.12658227848101267,0.0165016501650165,0.05167173252279635,0.04661654135338346,0.008264462809917356,0.2204968944099379,0.03054662379421222,0.0075528700906344415,0.0,0.21163166397415187,0.03145695364238411,0.0576271186440678,0.056162246489859596,0.004746835443037975,0.10810810810810811,0.01088646967340591,0.04590163934426229,0.0,0.03828483920367534,0.04692556634304207,0.0015037593984962407,0.14125200642054575,0.03387096774193549,0.018518518518518517,0.02711864406779661,0.05120481927710843,0.023333333333333334,0.014827018121911038,0.0492845786963434
2021,1,9,prevalence,0.001652892561983471,0.06581059390048154,0.015748031496062992,0.12852664576802508,0.0015748031496062992,0.19254658385093168,0.0032948929159802307,0.0032,0.0,0.01353637901861252,0.037267080745341616,0.0,0.0016501650165016502,0.06313993174061433,0.062111801242236024,0.06426332288401254,0.0,0.0017241379310344827,0.028125,0.03343949044585987,0.0,0.0015337423312883436,0.02476780185758514,0.0016556291390728477,0.019417475728155338,0.03656597774244833,0.009724473257698542,0.048939641109298535,0.05555555555555555,0.003401360544217687,0.003115264797507788,0.05172413793103448,0.0031545741324921135,0.016260162601626018,0.07109737248840804,0.015600624024960999,0.03955696202531646,0.0015822784810126582,0.08012820512820513,0.01015228426395939,0.1629746835443038,0.0848,0.32538330494037476,0.09359605911330049,0.05855161787365177,0.04075235109717868,0.01870748299319728,0.04019292604501608,0.13787638668779714,0.2328767123287671,0.02336448598130841,0.057926829268292686,0.004918032786885246,0.0220125786163522,0.03135313531353135,0.02912621359223301,0.012698412698412698,0.04377104377104377,0.006493506493506494,0.026825633383010434,0.0,0.003115264797507788,0.040783034257748776,0.005,0.029503105590062112,0.0,0.039619651347068144,0.0,0.015822784810126583,0.003194888178913738,0.044481054365733116,0.0,0.0015527950310559005,0.1537242472266244,0.003215434083601286,0.2260061919504644,0.003236245954692557,0.022071307300509338,0.09787928221859707,0.006299212598425197,0.01652892561983471,0.0837138508371385,0.01263823064770932,0.025236593059936908,0.05218855218855219,0.013353115727002967,0.017377567140600316,0.05329153605015674,0.009523809523809525,0.058823529411764705,0.027642276422764227,0.0,0.04292527821939587,0.06462035541195477,0.04807692307692308,0.03834355828220859,0.06310679611650485,0.0016420361247947454,0.015197568389057751,0.0,0.021996615905245348,0.030844155844155844,0.011146496815286623,0.04866562009419152,0.020689655172413793,0.003125,0.07401812688821752,0.04487179487179487,0.029641185647425898,0.0,0.037821482602118005,0.0226928895612708,0.11935483870967742,0.003134796238244514,0.0015128593040847202,0.018092105263157895,0.12598425196850394,0.12598425196850394,0.1402439024390244,0.03576982892690513,0.04900459418070444,0.005190311418685121,0.0530421216848674,0.008,0.046104928457869634,0.04416403785488959,0.0919175911251981,0.0,0.10034602076124567,0.014705882352941176,0.0,0.022298456260720412,0.0208,0.0,0.04234527687296417,0.014173228346456693,0.0,0.018302828618968387,0.03349282296650718,0.0496,0.03918495297805643,0.11551155115511551,0.07861635220125786,0.03368794326241135,0.22154779969650987,0.22154779969650987,0.003372681281618887,0.22916666666666666,0.08774834437086093,0.052547770700636945,0.023961661341853034,0.09561128526645768,0.0016750418760469012,0.16778523489932887,0.0,0.03349282296650718,0.016181229773462782,0.06368330464716007,0.00644122383252818,0.0627062706270627,0.020700636942675158,0.03161397670549085,0.04918032786885246,0.07049180327868852,0.016129032258064516,0.025396825396825397,0.0128,0.1328125,0.0016260162601626016,0.1478537360890302,0.041736227045075125,0.11627906976744186,0.016181229773462782,0.04122137404580153,0.060882800608828,0.0016181229773462784,0.2220472440944882,0.030110935023771792,0.01834862385321101,0.0,0.1444991789819376,0.021885521885521887,0.06292517006802721,0.055130168453292494,0.0031397174254317113,0.0972644376899696,0.004724409448818898,0.04584040747028863,0.001644736842105263,0.031914893617021274,0.02773246329526917,0.0,0.1826771653543307,0.05237315875613748,0.011146496815286623,0.04047217537942664,0.0703125,0.01485148514851485,0.018211920529801324,0.04559270516717325
2022,1,9,prevalence,0.0016260162601626016,0.07605177993527508,0.009523809523809525,0.10576923076923077,0.0015723270440251573,0.1562021439509954,0.003257328990228013,0.006379585326953748,0.0,0.006980802792321117,0.04566929133858268,0.0,0.0017064846416382253,0.05676126878130217,0.06624605678233439,0.06210191082802548,0.0,0.0016722408026755853,0.028081123244929798,0.0359375,0.0,0.001567398119122257,0.020569620253164556,0.0016722408026755853,0.013179571663920923,0.03773584905660377,0.00966183574879227,0.0736,0.11130742049469965,0.0033500837520938024,0.003115264797507788,0.06732348111658457,0.0032,0.00980392156862745,0.09603658536585366,0.010869565217391304,0.05063291139240506,0.0016025641025641025,0.06807131280388978,0.008445945945945946,0.1607717041800643,0.0722495894909688,0.3184818481848185,0.12748344370860928,0.09813084112149532,0.02050473186119874,0.03198653198653199,0.04038772213247173,0.23259493670886075,0.20820668693009117,0.032357473035439135,0.048265460030165915,0.009966777408637873,0.049079754601226995,0.03035413153456998,0.012598425196850394,0.0015552099533437014,0.022298456260720412,0.003278688524590164,0.040123456790123455,0.0,0.0076103500761035,0.02631578947368421,0.006666666666666667,0.023006134969325152,0.0032258064516129032,0.030110935023771792,0.0031397174254317113,0.009345794392523364,0.008210180623973728,0.05641025641025641,0.0,0.0016025641025641025,0.18622848200312989,0.001607717041800643,0.24845679012345678,0.0032,0.009983361064891847,0.1069078947368421,0.009389671361502348,0.010186757215619695,0.1324200913242009,0.006259780907668232,0.012422360248447204,0.02321724709784411,0.016717325227963525,0.0171875,0.06614173228346457,0.00792393026941363,0.03912363067292645,0.03241491085899514,0.0,0.05657492354740061,0.07339449541284404,0.04225352112676056,0.06144393241167435,0.06614173228346457,0.0016313213703099511,0.011128775834658187,0.0,0.035653650254668934,0.038397328881469114,0.006220839813374806,0.03937007874015748,0.01353637901861252,0.0015151515151515152,0.06339144215530904,0.05627009646302251,0.020061728395061727,0.0,0.05368098159509203,0.027649769585253458,0.09951060358890701,0.0030864197530864196,0.0061823802163833074,0.023255813953488372,0.09936908517350158,0.09936908517350158,0.17867867867867868,0.02865761689291101,0.03538461538461538,0.008223684210526315,0.12361331220285261,0.00792393026941363,0.04560260586319218,0.0234375,0.07523510971786834,0.0,0.06112054329371817,0.016286644951140065,0.0,0.017094017094017096,0.04111842105263158,0.0,0.053156146179401995,0.01669449081803005,0.0,0.005076142131979695,0.04173354735152488,0.028428093645484948,0.036923076923076927,0.10641891891891891,0.0888529886914378,0.039586919104991396,0.28067484662576686,0.28067484662576686,0.0016750418760469012,0.24850299401197604,0.1533442088091354,0.046052631578947366,0.03565891472868217,0.07961783439490445,0.0,0.194675540765391,0.0,0.034976152623211444,0.017915309446254073,0.07679180887372014,0.009615384615384616,0.066006600660066,0.009693053311793215,0.02666666666666667,0.060897435897435896,0.09470304975922954,0.009523809523809525,0.00794912559618442,0.019230769230769232,0.11875,0.001610305958132045,0.13458528951486698,0.05067567567567568,0.12267080745341614,0.012779552715654952,0.03565640194489465,0.04885496183206107,0.00482315112540193,0.22903225806451613,0.01932367149758454,0.01848998459167951,0.0,0.12624584717607973,0.022222222222222223,0.08305647840531562,0.04747320061255743,0.001557632398753894,0.091324200913242,0.0,0.050335570469798654,0.001610305958132045,0.05625,0.032467532467532464,0.0,0.21779141104294478,0.04950495049504951,0.0064,0.0587248322147651,0.0847457627118644,0.017684887459807074,0.01485148514851485,0.04672897196261682
2023,1,9,prevalence,0.003215434083601286,0.07431340872374798,0.006482982171799027,0.09294871794871795,0.0015723270440251573,0.16066066066066065,0.0016260162601626016,0.0046439628482972135,0.0,0.004942339373970346,0.06456692913385827,0.0,0.0016863406408094434,0.07603305785123966,0.0794392523364486,0.045171339563862926,0.0,0.0,0.04461538461538461,0.03184713375796178,0.0,0.001584786053882726,0.018121911037891267,0.001697792869269949,0.0033112582781456954,0.0490506329113924,0.012944983818770227,0.11004784688995216,0.095,0.004966887417218543,0.0030303030303030303,0.07395498392282958,0.00473186119873817,0.018151815181518153,0.12942989214175654,0.009174311926605505,0.06132075471698113,0.001607717041800643,0.06482982171799027,0.011864406779661017,0.16531604538087522,0.07877813504823152,0.25,0.14691151919866444,0.05211726384364821,0.012519561815336464,0.02707275803722504,0.03782894736842105,0.4734375,0.16995447647951442,0.04153846153846154,0.042042042042042045,0.011182108626198083,0.0379746835443038,0.018425460636515914,0.011111111111111112,0.001607717041800643,0.016891891891891893,0.0,0.0453125,0.0,0.0015128593040847202,0.01288244766505636,0.0032626427406199023,0.018691588785046728,0.006482982171799027,0.019417475728155338,0.004651162790697674,0.012618296529968454,0.011437908496732025,0.06196213425129088,0.0015313935681470138,0.001610305958132045,0.15870570107858242,0.00625,0.2692307692307692,0.0015822784810126582,0.02113821138211382,0.07894736842105263,0.012578616352201259,0.010101010101010102,0.1426332288401254,0.014263074484944533,0.030816640986132512,0.015822784810126583,0.0106544901065449,0.012558869701726845,0.054838709677419356,0.004777070063694267,0.035493827160493825,0.048465266558966075,0.0,0.039755351681957186,0.1179245283018868,0.042682926829268296,0.07098765432098765,0.061823802163833076,0.0016339869281045752,0.00949367088607595,0.0,0.024958402662229616,0.030201342281879196,0.0015408320493066256,0.046875,0.010186757215619695,0.0015174506828528073,0.056962025316455694,0.022292993630573247,0.018779342723004695,0.0,0.06847133757961783,0.012326656394453005,0.10114192495921696,0.001519756838905775,0.0015432098765432098,0.041666666666666664,0.09379968203497616,0.09379968203497616,0.14057507987220447,0.043010752688172046,0.05929487179487179,0.0033277870216306157,0.18660287081339713,0.003236245954692557,0.08292682926829269,0.01694915254237288,0.09394904458598727,0.0,0.035175879396984924,0.01951219512195122,0.0,0.015358361774744027,0.04333868378812199,0.0,0.05747126436781609,0.00847457627118644,0.0,0.011804384485666104,0.0218408736349454,0.03993344425956739,0.033386327503974564,0.08403361344537816,0.0762987012987013,0.02264808362369338,0.3153961136023916,0.3153961136023916,0.0016366612111292963,0.2066365007541478,0.16198347107438016,0.042692939244663386,0.024205748865355523,0.061788617886178863,0.0,0.2222222222222222,0.0,0.02177293934681182,0.004846526655896607,0.060064935064935064,0.012345679012345678,0.054140127388535034,0.012519561815336464,0.006734006734006734,0.07017543859649122,0.11696869851729819,0.00966183574879227,0.0,0.021311475409836064,0.1669316375198728,0.0,0.12363067292644757,0.08347529812606473,0.12404287901990811,0.011075949367088608,0.048859934853420196,0.053763440860215055,0.0032310177705977385,0.18780096308186195,0.012519561815336464,0.026234567901234566,0.0,0.0919931856899489,0.023931623931623933,0.09181969949916527,0.03343465045592705,0.0015455950540958269,0.0907715582450832,0.0015455950540958269,0.043993231810490696,0.0016366612111292963,0.0554675118858954,0.0384,0.0,0.1858678955453149,0.060755336617405585,0.012519561815336464,0.05016722408026756,0.05745341614906832,0.017241379310344827,0.024630541871921183,0.0286144578313253
2024,1,9,prevalence,0.003129890453834116,0.06962025316455696,0.0033333333333333335,0.08794788273615635,0.0,0.20328849028400597,0.0015479876160990713,0.004658385093167702,0.0,0.003372681281618887,0.07096774193548387,0.0,0.001694915254237288,0.10887772194304858,0.09878419452887538,0.03230769230769231,0.0,0.0,0.05736434108527132,0.02086677367576244,0.0015290519877675841,0.0016339869281045752,0.02254428341384863,0.001692047377326565,0.003367003367003367,0.060221870047543584,0.00967741935483871,0.12836767036450078,0.06942148760330578,0.005050505050505051,0.003115264797507788,0.0746031746031746,0.0016233766233766235,0.01669449081803005,0.1836734693877551,0.007692307692307693,0.0608,0.001597444089456869,0.0641025641025641,0.024958402662229616,0.16383307573415765,0.08766233766233766,0.16339869281045752,0.13266998341625208,0.03764320785597381,0.01589825119236884,0.018302828618968387,0.05592105263157895,0.36037441497659906,0.1273006134969325,0.03255813953488372,0.0364741641337386,0.015455950540958269,0.0328125,0.02823920265780731,0.032,0.0015600624024961,0.009868421052631578,0.0016181229773462784,0.0571870170015456,0.0,0.00303951367781155,0.028662420382165606,0.008012820512820512,0.0296875,0.0032733224222585926,0.025396825396825397,0.0032258064516129032,0.015408320493066256,0.006462035541195477,0.05,0.0015408320493066256,0.0016556291390728477,0.14329268292682926,0.012139605462822459,0.21417565485362094,0.0016051364365971107,0.019543973941368076,0.10673234811165845,0.004658385093167702,0.0016474464579901153,0.1717325227963526,0.019230769230769232,0.03715170278637771,0.017214397496087636,0.05222734254992319,0.017488076311605722,0.0768,0.0,0.04608294930875576,0.04409448818897638,0.0,0.04043545878693624,0.11682242990654206,0.028315946348733235,0.09327217125382263,0.05873261205564142,0.0016835016835016834,0.00778816199376947,0.0016233766233766235,0.05073649754500818,0.04745762711864407,0.0030211480362537764,0.05357142857142857,0.008183306055646482,0.0015552099533437014,0.06645569620253164,0.01794453507340946,0.01386748844375963,0.0,0.04019292604501608,0.0078003120124804995,0.11092715231788079,0.002962962962962963,0.004511278195488722,0.03927986906710311,0.1,0.1,0.13458528951486698,0.03863987635239567,0.029827315541601257,0.0032733224222585926,0.28343949044585987,0.0032414910858995136,0.08702791461412152,0.020958083832335328,0.10232558139534884,0.0015873015873015873,0.02321724709784411,0.024311183144246355,0.0,0.04304635761589404,0.02830188679245283,0.0,0.04227642276422764,0.013582342954159592,0.0,0.01517706576728499,0.00949367088607595,0.06518010291595197,0.024193548387096774,0.06333333333333334,0.0707395498392283,0.02106969205834684,0.2874617737003058,0.2874617737003058,0.001639344262295082,0.16640986132511557,0.15901639344262294,0.07086614173228346,0.015503875968992248,0.06109324758842444,0.0,0.24006359300476948,0.0,0.017054263565891473,0.01129032258064516,0.05967741935483871,0.011363636363636364,0.03481012658227848,0.019448946515397084,0.01565217391304348,0.08385093167701864,0.12786885245901639,0.007751937984496124,0.0015408320493066256,0.01468189233278956,0.17973856209150327,0.0,0.11477987421383648,0.06700167504187604,0.11926605504587157,0.02384737678855326,0.03889789303079417,0.07727272727272727,0.003284072249589491,0.1669421487603306,0.009724473257698542,0.04754601226993865,0.0,0.09027777777777778,0.01870748299319728,0.12211221122112212,0.03139717425431711,0.0015408320493066256,0.09230769230769231,0.0015432098765432098,0.03535353535353535,0.0,0.0358814352574103,0.03130148270181219,0.0,0.1774960380348653,0.07096774193548387,0.006309148264984227,0.03801652892561983,0.055891238670694864,0.018575851393188854,0.03354632587859425,0.0239880059970015
2025,1,9,prevalence,0.0015432098765432098,0.046357615894039736,0.009852216748768473,0.054365733113673806,0.0,0.14836795252225518,0.001594896331738437,0.0047169811320754715,0.0,0.0016611295681063123,0.07954545454545454,0.0,0.0017006802721088435,0.1377049180327869,0.13988095238095238,0.04954954954954955,0.0,0.0,0.08268330733229329,0.017432646592709985,0.0044444444444444444,0.0,0.030303030303030304,0.0017123287671232876,0.005016722408026756,0.05778491171749599,0.0032310177705977385,0.1574074074074074,0.060655737704918035,0.0050335570469798654,0.003125,0.07667731629392971,0.0,0.009884678747940691,0.2251552795031056,0.01818181818181818,0.060221870047543584,0.0015552099533437014,0.06602254428341385,0.024875621890547265,0.13694267515923567,0.0754414125200642,0.15823817292006526,0.14358108108108109,0.0234375,0.037383177570093455,0.01485148514851485,0.07881773399014778,0.24720893141945774,0.10030864197530864,0.013996889580093312,0.04984423676012461,0.010752688172043012,0.0343213728549142,0.03035143769968051,0.03398058252427184,0.0015479876160990713,0.02113821138211382,0.004724409448818898,0.0583596214511041,0.0,0.0062402496099844,0.013114754098360656,0.011345218800648298,0.022653721682847898,0.0,0.026016260162601626,0.009868421052631578,0.01557632398753894,0.0048543689320388345,0.0391156462585034,0.0015220700152207,0.0016339869281045752,0.1328125,0.03134796238244514,0.20089955022488756,0.0,0.016366612111292964,0.12376237623762376,0.009615384615384616,0.0065252854812398045,0.1493212669683258,0.020186335403726708,0.021439509954058193,0.010802469135802469,0.07550077041602465,0.01437699680511182,0.07717041800643087,0.00315955766192733,0.07350689127105667,0.08306188925081433,0.0015503875968992248,0.057722308892355696,0.09612403100775194,0.03669724770642202,0.09104704097116843,0.053811659192825115,0.0,0.0061633281972265025,0.003236245954692557,0.058919803600654665,0.06837606837606838,0.004552352048558422,0.03453689167974882,0.011705685618729096,0.0,0.09457364341085271,0.012779552715654952,0.021739130434782608,0.0,0.043478260869565216,0.00782472613458529,0.0594059405940594,0.004335260115606936,0.0030534351145038168,0.038461538461538464,0.10801963993453355,0.10801963993453355,0.09559939301972686,0.021875,0.057096247960848286,0.001652892561983471,0.271585557299843,0.001594896331738437,0.08881578947368421,0.01911764705882353,0.0787037037037037,0.001594896331738437,0.02073365231259968,0.008223684210526315,0.0,0.039538714991762765,0.03354632587859425,0.0,0.03993344425956739,0.018151815181518153,0.0,0.023026315789473683,0.003105590062111801,0.05709342560553633,0.03262642740619902,0.09618573797678276,0.11216429699842022,0.023923444976076555,0.22306525037936267,0.22306525037936267,0.001597444089456869,0.1684867394695788,0.17384370015948963,0.061806656101426306,0.007518796992481203,0.14192495921696574,0.0016474464579901153,0.19611021069692058,0.0,0.020989505247376312,0.010869565217391304,0.0707395498392283,0.007836990595611285,0.04294478527607362,0.02090032154340836,0.011725293132328308,0.06386292834890965,0.13050570962479607,0.019696969696969695,0.0015037593984962407,0.004830917874396135,0.1477832512315271,0.0,0.11022364217252396,0.06397306397306397,0.11532385466034756,0.03184713375796178,0.038834951456310676,0.09523809523809523,0.0,0.12794612794612795,0.003205128205128205,0.04821150855365474,0.0,0.06013745704467354,0.016638935108153077,0.12231404958677686,0.06748466257668712,0.001567398119122257,0.07165605095541401,0.010819165378670788,0.04230118443316413,0.0,0.024922118380062305,0.03125,0.0,0.1781701444622793,0.07301587301587302,0.006201550387596899,0.025974025974025976,0.07197549770290965,0.029320987654320986,0.05591054313099041,0.043478260869565216
