Time,age_start,age_end,measure,draw_0,draw_1,draw_2,draw_3,draw_4,draw_5,draw_6,draw_7,draw_8,draw_9,draw_10,draw_11,draw_12,draw_13,draw_14,draw_15,draw_16,draw_17,draw_18,draw_19,draw_20,draw_21,draw_22,draw_23,draw_24,draw_25,draw_26,draw_27,draw_28,draw_29,draw_30,draw_31,draw_32,draw_33,draw_34,draw_35,draw_36,draw_37,draw_38,draw_39,draw_40,draw_41,draw_42,draw_43,draw_44,draw_45,draw_46,draw_47,draw_48,draw_49,draw_50,draw_51,draw_52,draw_53,draw_54,draw_55,draw_56,draw_57,draw_58,draw_59,draw_60,draw_61,draw_62,draw_63,draw_64,draw_65,draw_66,draw_67,draw_68,draw_69,draw_70,draw_71,draw_72,draw_73,draw_74,draw_75,draw_76,draw_77,draw_78,draw_79,draw_80,draw_81,draw_82,draw_83,draw_84,draw_85,draw_86,draw_87,draw_88,draw_89,draw_90,draw_91,draw_92,draw_93,draw_94,draw_95,draw_96,draw_97,draw_98,draw_99,draw_100,draw_101,draw_102,draw_103,draw_104,draw_105,draw_106,draw_107,draw_108,draw_109,draw_110,draw_111,draw_112,draw_113,draw_114,draw_115,draw_116,draw_117,draw_118,draw_119,draw_120,draw_121,draw_122,draw_123,draw_124,draw_125,draw_126,draw_127,draw_128,draw_129,draw_130,draw_131,draw_132,draw_133,draw_134,draw_135,draw_136,draw_137,draw_138,draw_139,draw_140,draw_141,draw_142,draw_143,draw_144,draw_145,draw_146,draw_147,draw_148,draw_149,draw_150,draw_151,draw_152,draw_153,draw_154,draw_155,draw_156,draw_157,draw_158,draw_159,draw_160,draw_161,draw_162,draw_163,draw_164,draw_165,draw_166,draw_167,draw_168,draw_169,draw_170,draw_171,draw_172,draw_173,draw_174,draw_175,draw_176,draw_177,draw_178,draw_179,draw_180,draw_181,draw_182,draw_183,draw_184,draw_185,draw_186,draw_187,draw_188,draw_189,draw_190,draw_191,draw_192,draw_193,draw_194,draw_195,draw_196,draw_197,draw_198,draw_199
1996,1,9,prevalence,0.0452418096723869,0.006329113924050633,0.04747320061255743,0.06,0.0031007751937984496,0.0,0.001451378809869376,0.0030211480362537764,0.027070063694267517,0.003105590062111801,0.03987730061349693,0.0,0.001607717041800643,0.02384737678855326,0.1372854914196568,0.0,0.0015723270440251573,0.0,0.07357357357357357,0.06007067137809187,0.12318840579710146,0.0,0.0405616224648986,0.0015267175572519084,0.02773497688751926,0.0,0.07119205298013245,0.0014903129657228018,0.012195121951219513,0.001519756838905775,0.016129032258064516,0.1653290529695024,0.0031397174254317113,0.07547169811320754,0.04936305732484077,0.0,0.0034129692832764505,0.04133545310015898,0.08832807570977919,0.04461538461538461,0.07919254658385093,0.04390243902439024,0.10361842105263158,0.0030721966205837174,0.05132192846034215,0.0033003300330033004,0.0015432098765432098,0.0249609984399376,0.028700906344410877,0.11320754716981132,0.012030075187969926,0.11616954474097331,0.11616954474097331,0.003169572107765452,0.22402597402597402,0.0672,0.003205128205128205,0.001589825119236884,0.0,0.20333839150227617,0.027914614121510674,0.031201248049921998,0.017804154302670624,0.1619496855345912,0.03697749196141479,0.0189873417721519,0.12417218543046357,0.0014641288433382138,0.0016286644951140066,0.02635658914728682,0.0061068702290076335,0.06026058631921824,0.013953488372093023,0.004615384615384616,0.05564387917329094,0.001607717041800643,0.08012326656394453,0.07781456953642384,0.049679487179487176,0.08487654320987655,0.0032733224222585926,0.0375,0.025437201907790145,0.04612850082372323,0.06033182503770739,0.05214723926380368,0.007961783439490446,0.001567398119122257,0.17251908396946564,0.0811232449297972,0.130298273155416,0.13353566009104703,0.06515151515151515,0.04285714285714286,0.14429530201342283,0.0273972602739726,0.19904458598726116,0.20094936708860758,0.09813084112149532,0.0015151515151515152,0.007342143906020558,0.00303951367781155,0.010852713178294573,0.008156606851549755,0.004608294930875576,0.08888888888888889,0.021666666666666667,0.047021943573667714,0.08108108108108109,0.0486322188449848,0.048484848484848485,0.08227848101265822,0.03475513428120063,0.13702623906705538,0.0064,0.033707865168539325,0.018211920529801324,0.1032258064516129,0.011345218800648298,0.046104928457869634,0.12376237623762376,0.06199021207177814,0.13162118780096307,0.06583072100313479,0.0016806722689075631,0.022026431718061675,0.052083333333333336,0.0015698587127158557,0.0,0.030063291139240507,0.0491283676703645,0.11382113821138211,0.0,0.0,0.08610271903323263,0.0016339869281045752,0.10852713178294573,0.03815580286168521,0.003125,0.0,0.0,0.017027863777089782,0.08846761453396525,0.027070063694267517,0.022435897435897436,0.0436817472698908,0.003205128205128205,0.015337423312883436,0.001594896331738437,0.06018518518518518,0.0210016155088853,0.06018518518518518,0.11940298507462686,0.060556464811783964,0.2081377151799687,0.0030581039755351682,0.05597579425113464,0.004470938897168405,0.05582137161084529,0.011986301369863013,0.09226190476190477,0.045813586097946286,0.009983361064891847,0.0016181229773462784,0.032357473035439135,0.08957654723127036,0.05555555555555555,0.07568438003220612,0.10175438596491228,0.03870967741935484,0.0,0.0,0.0047694753577106515,0.020967741935483872,0.007704160246533128,0.0532724505327245,0.0,0.03542673107890499,0.0015625,0.0031007751937984496,0.06708268330733229,0.014469453376205787,0.02321981424148607,0.0015151515151515152,0.006125574272588055,0.01620745542949757,0.0016025641025641025,0.07692307692307693,0.012364760432766615,0.0031446540880503146,0.1966966966966967,0.06144393241167435,0.037520391517128875,0.01601164483260553,0.11967213114754098,0.07239819004524888,0.06699346405228758,0.003179650238473768,0.0015105740181268882,0.08936825885978428
1997,1,9,prevalence,0.054817275747508304,0.0032414910858995136,0.045307443365695796,0.055105348460291734,0.0016181229773462784,0.0016260162601626016,0.0015313935681470138,0.0031496062992125984,0.015151515151515152,0.0033500837520938024,0.037520391517128875,0.0,0.0016638935108153079,0.03431372549019608,0.14959349593495935,0.0,0.001607717041800643,0.0031645569620253164,0.05337519623233909,0.08664259927797834,0.14615384615384616,0.0,0.06930693069306931,0.004594180704441042,0.029605263157894735,0.0,0.10139860139860139,0.003110419906687403,0.006339144215530904,0.001567398119122257,0.020602218700475437,0.18998272884283246,0.004893964110929853,0.07260726072607261,0.04530201342281879,0.0,0.0034542314335060447,0.06633499170812604,0.10277324632952692,0.06132075471698113,0.07301587301587302,0.06239460370994941,0.1265164644714038,0.0016233766233766235,0.05055292259083728,0.005025125628140704,0.0,0.024509803921568627,0.026729559748427674,0.10333863275039745,0.02034428794992175,0.10355987055016182,0.10355987055016182,0.001669449081803005,0.1537190082644628,0.05627009646302251,0.003246753246753247,0.0,0.0,0.19806763285024154,0.011666666666666667,0.018121911037891267,0.00911854103343465,0.13366336633663367,0.04297520661157025,0.02471169686985173,0.10865874363327674,0.0,0.0,0.026016260162601626,0.009693053311793215,0.06382978723404255,0.024793388429752067,0.0031746031746031746,0.04617834394904458,0.003194888178913738,0.050156739811912224,0.04697986577181208,0.04584040747028863,0.0694006309148265,0.005110732538330494,0.03761755485893417,0.01824212271973466,0.05342237061769616,0.056962025316455694,0.02618657937806874,0.011666666666666667,0.0,0.15248796147672553,0.056179775280898875,0.10161290322580645,0.13344051446945338,0.05958132045088567,0.033277870216306155,0.11092150170648464,0.028052805280528052,0.16666666666666666,0.17363344051446947,0.06774193548387097,0.0015923566878980893,0.01694915254237288,0.00631911532385466,0.014586709886547812,0.004991680532445923,0.0047169811320754715,0.09702660406885759,0.008361204013377926,0.08514190317195326,0.08490566037735849,0.05837173579109063,0.048,0.10426540284360189,0.030894308943089432,0.11755725190839694,0.003436426116838488,0.03904923599320883,0.018581081081081082,0.0943089430894309,0.025252525252525252,0.04568527918781726,0.12919463087248323,0.08710801393728224,0.12678288431061807,0.0816,0.00505902192242833,0.021439509954058193,0.057663125948406675,0.0016339869281045752,0.0,0.024916943521594685,0.041379310344827586,0.10204081632653061,0.0017211703958691911,0.004934210526315789,0.07692307692307693,0.0034071550255536627,0.10634920634920635,0.03819444444444445,0.011864406779661017,0.0,0.0015625,0.0125,0.07754442649434572,0.04,0.03177257525083612,0.054140127388535034,0.00333889816360601,0.0031007751937984496,0.010067114093959731,0.08398133748055987,0.031141868512110725,0.05778491171749599,0.13153724247226625,0.041935483870967745,0.20545746388443017,0.0015698587127158557,0.056962025316455694,0.0048,0.06281833616298811,0.027538726333907058,0.09567901234567901,0.09791332263242375,0.02882882882882883,0.0016286644951140066,0.03414634146341464,0.1097770154373928,0.07588532883642496,0.08319467554076539,0.1085814360770578,0.03858520900321544,0.0016313213703099511,0.0,0.0112,0.027914614121510674,0.00778816199376947,0.035541195476575124,0.0,0.05201342281879195,0.0016051364365971107,0.0016233766233766235,0.059006211180124224,0.02348993288590604,0.0420032310177706,0.001579778830963665,0.006309148264984227,0.02800658978583196,0.003305785123966942,0.10430463576158941,0.017628205128205128,0.0032520325203252032,0.17638036809815952,0.06525285481239804,0.04522613065326633,0.02844311377245509,0.06040268456375839,0.07923930269413629,0.08019639934533551,0.008130081300813009,0.0015479876160990713,0.07479674796747968
1998,1,9,prevalence,0.04304635761589404,0.0031746031746031746,0.03966942148760331,0.04950495049504951,0.0032258064516129032,0.0015822784810126582,0.0015455950540958269,0.0031446540880503146,0.004975124378109453,0.004975124378109453,0.060897435897435896,0.0,0.001669449081803005,0.05627009646302251,0.17174959871589085,0.0,0.0,0.0031645569620253164,0.04205607476635514,0.0784313725490196,0.13364779874213836,0.0,0.06549520766773163,0.007598784194528876,0.034482758620689655,0.0016260162601626016,0.1368421052631579,0.0032,0.009615384615384616,0.0015698587127158557,0.035168195718654434,0.20282186948853614,0.0033112582781456954,0.1135593220338983,0.04950495049504951,0.0,0.003367003367003367,0.055,0.09328968903436989,0.05007587253414264,0.04395604395604396,0.0847457627118644,0.151618398637138,0.0016638935108153079,0.07763975155279502,0.0016313213703099511,0.0,0.04433497536945813,0.03739837398373984,0.109375,0.014308426073131956,0.10784313725490197,0.10784313725490197,0.001644736842105263,0.12231404958677686,0.05741626794258373,0.0032626427406199023,0.0,0.0,0.17377567140600317,0.01877133105802048,0.02106969205834684,0.013392857142857142,0.07781456953642384,0.03198653198653199,0.026845637583892617,0.10596026490066225,0.0,0.0,0.03571428571428571,0.0144,0.05057096247960848,0.01335559265442404,0.0016233766233766235,0.07062600321027288,0.0016313213703099511,0.0416,0.03494176372712146,0.054635761589403975,0.06389776357827476,0.0050335570469798654,0.0350076103500761,0.009868421052631578,0.03636363636363636,0.05422647527910686,0.03425774877650897,0.015100671140939598,0.0,0.13665594855305466,0.06743421052631579,0.06942148760330578,0.12277867528271405,0.044585987261146494,0.026058631921824105,0.0763888888888889,0.0467741935483871,0.1,0.11382113821138211,0.056818181818181816,0.0016233766233766235,0.021439509954058193,0.009316770186335404,0.026153846153846153,0.013157894736842105,0.004754358161648178,0.140625,0.01174496644295302,0.12040133779264214,0.07476635514018691,0.07906976744186046,0.06208053691275168,0.10333863275039745,0.02750809061488673,0.12735849056603774,0.02226027397260274,0.03924914675767918,0.026936026936026935,0.08116883116883117,0.028960817717206135,0.03361344537815126,0.14502529510961215,0.0924956369982548,0.10662358642972536,0.05984251968503937,0.004991680532445923,0.01610305958132045,0.05864197530864197,0.009836065573770493,0.0,0.011608623548922056,0.031879194630872486,0.0919931856899489,0.0017152658662092624,0.008143322475570033,0.1069078947368421,0.003395585738539898,0.11181102362204724,0.040268456375838924,0.021346469622331693,0.0,0.007911392405063292,0.0015105740181268882,0.05090311986863711,0.05466237942122187,0.039603960396039604,0.05519480519480519,0.0049586776859504135,0.006359300476947536,0.011513157894736841,0.0608,0.0549645390070922,0.08156606851549755,0.12440944881889764,0.053691275167785234,0.22119815668202766,0.0015479876160990713,0.05214723926380368,0.001594896331738437,0.0542907180385289,0.02127659574468085,0.14728682170542637,0.11348684210526316,0.02413793103448276,0.0017035775127768314,0.029459901800327332,0.09847198641765705,0.10350584307178631,0.09409888357256778,0.0979381443298969,0.05228758169934641,0.001652892561983471,0.0,0.00964630225080386,0.0330188679245283,0.014263074484944533,0.036065573770491806,0.0016863406408094434,0.087248322147651,0.0,0.0,0.0626865671641791,0.025951557093425604,0.06436420722135008,0.0,0.007987220447284345,0.02773246329526917,0.003316749585406302,0.12736660929432014,0.009538950715421303,0.009630818619582664,0.1648854961832061,0.10191082802547771,0.04013377926421405,0.02457757296466974,0.028523489932885907,0.08346709470304976,0.11073825503355705,0.006493506493506494,0.0015360983102918587,0.08264462809917356
1999,1,9,prevalence,0.050761421319796954,0.001564945226917058,0.03,0.04146730462519936,0.0032258064516129032,0.0015698587127158557,0.0015723270440251573,0.0016051364365971107,0.0016286644951140066,0.003284072249589491,0.07980456026058631,0.0016286644951140066,0.0,0.056451612903225805,0.16803953871499178,0.0,0.0,0.0031847133757961785,0.03387096774193549,0.10535714285714286,0.09905660377358491,0.0,0.09437086092715231,0.019548872180451128,0.024834437086092714,0.0016129032258064516,0.1455160744500846,0.0016207455429497568,0.004838709677419355,0.003105590062111801,0.0272,0.16376306620209058,0.003401360544217687,0.16782006920415224,0.03541315345699832,0.003372681281618887,0.001718213058419244,0.06643952299829642,0.11333333333333333,0.04128440366972477,0.0453857791225416,0.0847457627118644,0.12014134275618374,0.0016181229773462784,0.08661417322834646,0.0016666666666666668,0.0016750418760469012,0.057283142389525366,0.03764320785597381,0.10344827586206896,0.030595813204508857,0.14545454545454545,0.14545454545454545,0.003236245954692557,0.08885017421602788,0.0390015600624025,0.003284072249589491,0.0,0.0,0.13643659711075443,0.025167785234899327,0.022727272727272728,0.019490254872563718,0.05619834710743802,0.02027027027027027,0.021885521885521887,0.08149405772495756,0.0,0.0,0.04426229508196721,0.01938610662358643,0.07511737089201878,0.025210084033613446,0.0,0.04654895666131621,0.0016666666666666668,0.02403846153846154,0.04262295081967213,0.05201342281879195,0.09105180533751962,0.00505902192242833,0.033846153846153845,0.011437908496732025,0.02247191011235955,0.04975922953451043,0.05351170568561873,0.03620689655172414,0.0,0.09634551495016612,0.0656,0.06700167504187604,0.1490066225165563,0.046031746031746035,0.032679738562091505,0.07913669064748201,0.05492730210016155,0.08250825082508251,0.08099173553719008,0.06924315619967794,0.001639344262295082,0.025757575757575757,0.006153846153846154,0.020155038759689922,0.017973856209150325,0.012558869701726845,0.1125,0.008503401360544218,0.1895424836601307,0.058919803600654665,0.08888888888888889,0.06456953642384106,0.061068702290076333,0.03099510603588907,0.14511041009463724,0.023090586145648313,0.025041736227045076,0.051457975986277875,0.08180300500834725,0.0547945205479452,0.04817275747508306,0.12414965986394558,0.07241379310344828,0.10383386581469649,0.0492845786963434,0.006600660066006601,0.02336448598130841,0.04395604395604396,0.013136288998357963,0.0,0.004934210526315789,0.03547297297297297,0.08333333333333333,0.006779661016949152,0.004792332268370607,0.11219512195121951,0.00487012987012987,0.134185303514377,0.03691275167785235,0.023178807947019868,0.001579778830963665,0.001597444089456869,0.0015290519877675841,0.04936305732484077,0.07568438003220612,0.03968253968253968,0.045454545454545456,0.004991680532445923,0.003316749585406302,0.012558869701726845,0.05929487179487179,0.05653710247349823,0.05950413223140496,0.13725490196078433,0.040983606557377046,0.16129032258064516,0.0016155088852988692,0.05271084337349398,0.0016501650165016502,0.0492091388400703,0.023131672597864767,0.182370820668693,0.10823909531502424,0.04695652173913043,0.003372681281618887,0.03814262023217247,0.08061749571183534,0.09650582362728785,0.0946372239747634,0.08094435075885328,0.07654723127035831,0.0016286644951140066,0.0,0.008156606851549755,0.03150912106135987,0.02066772655007949,0.03459119496855346,0.0017094017094017094,0.08013355592654424,0.0016891891891891893,0.0,0.050974512743628186,0.02443280977312391,0.05555555555555555,0.0016313213703099511,0.008051529790660225,0.027552674230145867,0.008130081300813009,0.13590604026845637,0.0112,0.013223140495867768,0.11162790697674418,0.07278481012658228,0.033444816053511704,0.02635658914728682,0.024875621890547265,0.06518282988871224,0.10720268006700168,0.003179650238473768,0.0015479876160990713,0.08146964856230032
2000,1,9,prevalence,0.0576271186440678,0.0015698587127158557,0.03231292517006803,0.03870967741935484,0.004901960784313725,0.0015290519877675841,0.0016207455429497568,0.001564945226917058,0.0031746031746031746,0.001607717041800643,0.07603305785123966,0.003125,0.0016556291390728477,0.06935483870967742,0.1501597444089457,0.0,0.0,0.0031446540880503146,0.03600654664484452,0.10714285714285714,0.09480122324159021,0.001692047377326565,0.11812297734627832,0.0136986301369863,0.028960817717206135,0.001597444089456869,0.14335664335664336,0.0016339869281045752,0.006557377049180328,0.0031645569620253164,0.04777070063694268,0.13573883161512026,0.0033613445378151263,0.17035775127768313,0.021885521885521887,0.012903225806451613,0.0016778523489932886,0.06666666666666667,0.07692307692307693,0.053763440860215055,0.03656597774244833,0.09827586206896552,0.14535901926444833,0.0016233766233766235,0.13410596026490065,0.005154639175257732,0.0016155088852988692,0.03436988543371522,0.040983606557377046,0.10486322188449848,0.09017713365539452,0.13815789473684212,0.13815789473684212,0.006568144499178982,0.0625,0.026101141924959218,0.00322061191626409,0.0,0.0,0.1111111111111111,0.02586206896551724,0.016420361247947456,0.0188953488372093,0.04,0.006700167504187605,0.030874785591766724,0.06756756756756757,0.001564945226917058,0.0,0.056105610561056105,0.013114754098360656,0.061708860759493674,0.03547297297297297,0.0,0.06446540880503145,0.0017211703958691911,0.014516129032258065,0.03902439024390244,0.04067796610169491,0.10015649452269171,0.011513157894736841,0.04746835443037975,0.029654036243822075,0.004918032786885246,0.05815831987075929,0.054817275747508304,0.039655172413793106,0.001579778830963665,0.09197324414715718,0.07006369426751592,0.05518394648829431,0.13689482470784642,0.05345911949685535,0.05333333333333334,0.06993006993006994,0.05057096247960848,0.06382978723404255,0.0732899022801303,0.059006211180124224,0.0016233766233766235,0.03255813953488372,0.0078125,0.01564945226917058,0.025,0.025039123630672927,0.13657770800627944,0.007067137809187279,0.2838499184339315,0.039735099337748346,0.07961783439490445,0.08006535947712418,0.044753086419753084,0.03156146179401993,0.16057233704292528,0.013675213675213675,0.014827018121911038,0.061619718309859156,0.07037643207855974,0.05982905982905983,0.0817717206132879,0.11507293354943274,0.04713804713804714,0.09220985691573927,0.05329153605015674,0.00333889816360601,0.026397515527950312,0.026984126984126985,0.011513157894736841,0.0015479876160990713,0.0033783783783783786,0.0333889816360601,0.12251655629139073,0.0,0.011111111111111112,0.10177705977382875,0.0032679738562091504,0.10393700787401575,0.029616724738675958,0.023529411764705882,0.004830917874396135,0.001567398119122257,0.003189792663476874,0.05457463884430177,0.058919803600654665,0.04258675078864353,0.044407894736842105,0.004966887417218543,0.001607717041800643,0.026058631921824105,0.056,0.04060913705583756,0.04975124378109453,0.152317880794702,0.05194805194805195,0.11437908496732026,0.003316749585406302,0.04732824427480916,0.0,0.028070175438596492,0.025134649910233394,0.16436251920122888,0.11812297734627832,0.06412478336221837,0.004777070063694267,0.035175879396984924,0.10915492957746478,0.1035653650254669,0.10015649452269171,0.0686106346483705,0.09328968903436989,0.0016286644951140066,0.0,0.022838499184339316,0.033277870216306155,0.0234375,0.03349282296650718,0.0017421602787456446,0.06942148760330578,0.0,0.0016155088852988692,0.035493827160493825,0.025817555938037865,0.05263157894736842,0.0016806722689075631,0.00482315112540193,0.029900332225913623,0.013050570962479609,0.13210702341137123,0.01567398119122257,0.01001669449081803,0.09561128526645768,0.07401574803149606,0.06115702479338843,0.015625,0.016722408026755852,0.06299212598425197,0.09165302782324058,0.006379585326953748,0.0015527950310559005,0.12417218543046357
2001,1,9,prevalence,0.05344827586206897,0.0015479876160990713,0.04697986577181208,0.03577235772357724,0.0031847133757961785,0.0015552099533437014,0.0016420361247947454,0.0,0.004608294930875576,0.0015822784810126582,0.08928571428571429,0.0014947683109118087,0.0016260162601626016,0.059870550161812294,0.12832550860719874,0.0,0.0,0.0032414910858995136,0.042692939244663386,0.11504424778761062,0.10138248847926268,0.004909983633387889,0.1715686274509804,0.004559270516717325,0.023809523809523808,0.008347245409015025,0.12060301507537688,0.0016420361247947454,0.00847457627118644,0.0032102728731942215,0.056910569105691054,0.10806174957118353,0.0017006802721088435,0.2138047138047138,0.01864406779661017,0.012759170653907496,0.0016420361247947454,0.06722689075630252,0.07248764415156507,0.053175775480059084,0.011363636363636364,0.12227805695142378,0.1728395061728395,0.0016863406408094434,0.14827018121911037,0.006711409395973154,0.0016638935108153079,0.030944625407166124,0.013490725126475547,0.08191653786707882,0.15544871794871795,0.12563667232597622,0.12563667232597622,0.015280135823429542,0.07105719237435008,0.025,0.003169572107765452,0.0049261083743842365,0.0,0.09791332263242375,0.008431703204047217,0.016420361247947456,0.025487256371814093,0.01818181818181818,0.0033003300330033004,0.019801980198019802,0.044293015332197615,0.0030959752321981426,0.0,0.06949152542372881,0.029921259842519685,0.09612403100775194,0.03430531732418525,0.0,0.0685805422647528,0.0,0.008051529790660225,0.043689320388349516,0.033112582781456956,0.08688783570300158,0.01174496644295302,0.05799373040752351,0.03270223752151463,0.0015698587127158557,0.050080775444264945,0.04361873990306947,0.023890784982935155,0.0015552099533437014,0.06228956228956229,0.0608,0.06414473684210527,0.15702479338842976,0.06201550387596899,0.05718954248366013,0.05670103092783505,0.03622047244094488,0.048154093097913325,0.06260296540362438,0.04081632653061224,0.0016501650165016502,0.045941807044410414,0.006329113924050633,0.01564945226917058,0.018121911037891267,0.04227642276422764,0.10339506172839506,0.006980802792321117,0.2975609756097561,0.03425774877650897,0.07532051282051282,0.052202283849918436,0.029921259842519685,0.036521739130434785,0.1891891891891892,0.00686106346483705,0.04552845528455285,0.056838365896980464,0.06851549755301795,0.04833333333333333,0.09661016949152543,0.09740259740259741,0.03247863247863248,0.10815047021943573,0.028346456692913385,0.009852216748768473,0.02843601895734597,0.01468189233278956,0.014950166112956811,0.0015698587127158557,0.006944444444444444,0.03877221324717286,0.12682926829268293,0.001644736842105263,0.01892744479495268,0.12479740680713128,0.0032,0.1134185303514377,0.027257240204429302,0.03361344537815126,0.009787928221859706,0.001524390243902439,0.004815409309791332,0.04590163934426229,0.04074702886247878,0.07290015847860538,0.039538714991762765,0.008130081300813009,0.0,0.011254019292604502,0.04984423676012461,0.04251700680272109,0.06796116504854369,0.16390728476821192,0.050488599348534204,0.0915032679738562,0.003236245954692557,0.05303030303030303,0.0,0.03356890459363958,0.038112522686025406,0.13841368584758942,0.12658227848101267,0.0763765541740675,0.001579778830963665,0.06164383561643835,0.1391304347826087,0.1531986531986532,0.07878787878787878,0.05546218487394958,0.08173076923076923,0.0016025641025641025,0.0,0.022764227642276424,0.02512562814070352,0.023961661341853034,0.04019292604501608,0.0034129692832764505,0.06754530477759473,0.003316749585406302,0.00975609756097561,0.026687598116169546,0.035,0.06729264475743349,0.0033277870216306157,0.008183306055646482,0.03171953255425709,0.008375209380234505,0.12146422628951747,0.03079416531604538,0.010256410256410256,0.09305993690851735,0.06729264475743349,0.07872696817420435,0.008051529790660225,0.013651877133105802,0.046875,0.08210180623973727,0.004901960784313725,0.001584786053882726,0.11433447098976109
2002,1,9,prevalence,0.06806282722513089,0.0062402496099844,0.08652246256239601,0.02903225806451613,0.003246753246753247,0.0015600624024961,0.0016501650165016502,0.0,0.00794912559618442,0.0015455950540958269,0.09666666666666666,0.0015479876160990713,0.00819672131147541,0.08846761453396525,0.10634920634920635,0.0,0.0031397174254317113,0.0016025641025641025,0.0587248322147651,0.1045531197301855,0.119281045751634,0.004942339373970346,0.15728476821192053,0.003110419906687403,0.01680672268907563,0.008090614886731391,0.11784511784511785,0.0031446540880503146,0.01867572156196944,0.003236245954692557,0.043327556325823226,0.09797297297297297,0.001694915254237288,0.2235294117647059,0.01174496644295302,0.012738853503184714,0.0016366612111292963,0.07993197278911565,0.05747126436781609,0.05319148936170213,0.011705685618729096,0.09966777408637874,0.18608695652173912,0.001697792869269949,0.1297208538587849,0.013245033112582781,0.0016420361247947454,0.025889967637540454,0.018211920529801324,0.11297709923664122,0.20904836193447737,0.11382113821138211,0.11382113821138211,0.05423728813559322,0.08818635607321132,0.020186335403726708,0.0031847133757961785,0.0016339869281045752,0.0,0.07479674796747968,0.00686106346483705,0.0065252854812398045,0.02748091603053435,0.014950166112956811,0.0033222591362126247,0.018487394957983194,0.035,0.006230529595015576,0.0,0.053156146179401995,0.016897081413210446,0.09848484848484848,0.055267702936096716,0.0,0.0736,0.0016366612111292963,0.021487603305785124,0.05211726384364821,0.028346456692913385,0.07596899224806201,0.013289036544850499,0.04739336492890995,0.035058430717863104,0.001607717041800643,0.06031746031746032,0.025682182985553772,0.018518518518518517,0.0016025641025641025,0.05704697986577181,0.058823529411764705,0.08925619834710743,0.11892797319932999,0.059190031152647975,0.05374592833876222,0.040955631399317405,0.034375,0.049019607843137254,0.07308970099667775,0.04807692307692308,0.0016556291390728477,0.06027820710973725,0.004672897196261682,0.016474464579901153,0.02152317880794702,0.05065359477124183,0.10090361445783133,0.016129032258064516,0.24752475247524752,0.024311183144246355,0.06041335453100159,0.043478260869565216,0.022764227642276424,0.03220338983050847,0.18325434439178515,0.003355704697986577,0.03420195439739414,0.1,0.05950413223140496,0.06301824212271974,0.0627062706270627,0.08766233766233766,0.04074702886247878,0.09577922077922078,0.02773246329526917,0.008130081300813009,0.020602218700475437,0.011532125205930808,0.02023608768971332,0.0015748031496062992,0.008802816901408451,0.037520391517128875,0.14100486223662884,0.004901960784313725,0.032,0.0910569105691057,0.0032258064516129032,0.0987460815047022,0.025423728813559324,0.054276315789473686,0.011308562197092083,0.0031007751937984496,0.004893964110929853,0.04391891891891892,0.043478260869565216,0.0959119496855346,0.03355704697986577,0.006546644844517185,0.0,0.0064,0.03286384976525822,0.04674457429048414,0.09090909090909091,0.18010291595197256,0.05,0.05573770491803279,0.001610305958132045,0.04661654135338346,0.0,0.03832752613240418,0.033628318584070796,0.11272141706924316,0.12140575079872204,0.09556313993174062,0.0015698587127158557,0.07216494845360824,0.1335676625659051,0.18810289389067525,0.06231003039513678,0.075,0.048154093097913325,0.0015625,0.0,0.017628205128205128,0.023178807947019868,0.02527646129541864,0.04669887278582931,0.003401360544217687,0.06765676567656766,0.004761904761904762,0.003305785123966942,0.057902973395931145,0.03993344425956739,0.07210031347962383,0.003246753246753247,0.009868421052631578,0.03316749585406302,0.003278688524590164,0.1024390243902439,0.021848739495798318,0.0068143100511073255,0.08752025931928688,0.07053291536050156,0.06166666666666667,0.004672897196261682,0.017699115044247787,0.052547770700636945,0.1040650406504065,0.008223684210526315,0.0,0.10631229235880399
2003,1,9,prevalence,0.0831889081455806,0.006299212598425197,0.11447811447811448,0.030944625407166124,0.0032948929159802307,0.001567398119122257,0.001610305958132045,0.0,0.01687116564417178,0.0015432098765432098,0.10553633217993079,0.003115264797507788,0.015306122448979591,0.08634222919937205,0.08766233766233766,0.0,0.003134796238244514,0.0016051364365971107,0.07214765100671142,0.09884678747940692,0.09394904458598727,0.008403361344537815,0.14408233276157806,0.004658385093167702,0.02106969205834684,0.003246753246753247,0.1053484602917342,0.0016313213703099511,0.022413793103448276,0.0016474464579901153,0.03322259136212625,0.09045226130653267,0.0016750418760469012,0.1929530201342282,0.011784511784511785,0.00975609756097561,0.003305785123966942,0.10570469798657718,0.055284552845528454,0.050381679389312976,0.006802721088435374,0.08614864864864864,0.1724137931034483,0.0016474464579901153,0.12393887945670629,0.022838499184339316,0.001694915254237288,0.023450586264656615,0.032467532467532464,0.11280487804878049,0.2130637636080871,0.1024390243902439,0.1024390243902439,0.1232638888888889,0.10945273631840796,0.017054263565891473,0.0031645569620253164,0.0016806722689075631,0.0,0.05546492659053834,0.015254237288135594,0.006379585326953748,0.02450229709035222,0.016051364365971106,0.0053475935828877,0.013888888888888888,0.04180602006688963,0.003194888178913738,0.0,0.028716216216216218,0.013888888888888888,0.0768025078369906,0.06756756756756757,0.0,0.0864600326264274,0.0016366612111292963,0.022913256955810146,0.059113300492610835,0.0375,0.07290015847860538,0.01,0.04231974921630094,0.03114754098360656,0.0015873015873015873,0.06946688206785137,0.007936507936507936,0.016863406408094434,0.0016181229773462784,0.04180602006688963,0.06769230769230769,0.07317073170731707,0.09752066115702479,0.08150470219435736,0.085667215815486,0.03177257525083612,0.04327666151468315,0.06539074960127592,0.07023411371237458,0.03486529318541997,0.0016666666666666668,0.06190476190476191,0.012718600953895072,0.01935483870967742,0.030944625407166124,0.054514480408858604,0.1015625,0.014010507880910683,0.19224555735056542,0.01607717041800643,0.052969502407704656,0.032467532467532464,0.03436988543371522,0.025423728813559324,0.16375198728139906,0.006756756756756757,0.023450586264656615,0.13368055555555555,0.09060402684563758,0.07432432432432433,0.0625,0.07504078303425775,0.05546218487394958,0.06386292834890965,0.02106969205834684,0.008064516129032258,0.014539579967689823,0.008503401360544218,0.011844331641285956,0.0031446540880503146,0.014925373134328358,0.021806853582554516,0.17065390749601275,0.00487012987012987,0.036923076923076927,0.0888529886914378,0.003205128205128205,0.10062893081761007,0.010033444816053512,0.05741626794258373,0.02247191011235955,0.0015600624024961,0.0033613445378151263,0.054817275747508304,0.038461538461538464,0.1059190031152648,0.059602649006622516,0.009724473257698542,0.0,0.014539579967689823,0.04692556634304207,0.05149501661129568,0.13911620294599017,0.18027210884353742,0.04213938411669368,0.05519480519480519,0.001579778830963665,0.030120481927710843,0.003236245954692557,0.04251700680272109,0.03345070422535211,0.1192368839427663,0.08253968253968254,0.10862068965517241,0.0015748031496062992,0.08892617449664429,0.13368983957219252,0.12582781456953643,0.04900459418070444,0.06199021207177814,0.03622047244094488,0.0014970059880239522,0.00315955766192733,0.015360983102918587,0.014827018121911038,0.02511773940345369,0.05063291139240506,0.0016501650165016502,0.05813953488372093,0.01437699680511182,0.0032414910858995136,0.05180533751962323,0.05115511551155116,0.05555555555555555,0.0015723270440251573,0.0066555740432612314,0.01692047377326565,0.0032626427406199023,0.09046052631578948,0.0423728813559322,0.008361204013377926,0.06666666666666667,0.08688783570300158,0.048494983277591976,0.0015748031496062992,0.008547008547008548,0.0642504118616145,0.1447811447811448,0.009693053311793215,0.0,0.07603305785123966
2004,1,9,prevalence,0.07986688851913477,0.006462035541195477,0.17892976588628762,0.05573770491803279,0.0033333333333333335,0.001589825119236884,0.0032102728731942215,0.0,0.010736196319018405,0.0,0.06678082191780822,0.0030721966205837174,0.008561643835616438,0.08240887480190175,0.09313725490196079,0.0,0.0031746031746031746,0.0015873015873015873,0.08347245409015025,0.07516339869281045,0.08143322475570032,0.016366612111292964,0.12417218543046357,0.0,0.037037037037037035,0.0,0.1077943615257048,0.0016366612111292963,0.030821917808219176,0.0016556291390728477,0.020634920634920634,0.06851549755301795,0.0016891891891891893,0.18363939899833054,0.008375209380234505,0.003236245954692557,0.0017035775127768314,0.10865874363327674,0.06634304207119741,0.05222734254992319,0.0049833887043189366,0.07094594594594594,0.11467116357504216,0.0,0.10369068541300527,0.03215434083601286,0.0,0.03934426229508197,0.07730263157894737,0.08964451313755796,0.22295081967213115,0.0946843853820598,0.0946843853820598,0.25432525951557095,0.16666666666666666,0.009523809523809525,0.0031545741324921135,0.0016366612111292963,0.0,0.06951026856240126,0.010309278350515464,0.006535947712418301,0.021604938271604937,0.01288244766505636,0.005291005291005291,0.009868421052631578,0.045454545454545456,0.0015772870662460567,0.0,0.024630541871921183,0.034055727554179564,0.048939641109298535,0.09278350515463918,0.0,0.11378205128205128,0.003284072249589491,0.015410958904109588,0.06546644844517185,0.03048780487804878,0.0432,0.02364864864864865,0.041666666666666664,0.026533996683250415,0.0015698587127158557,0.08292682926829269,0.0048543689320388345,0.02138157894736842,0.0016233766233766235,0.02666666666666667,0.0770392749244713,0.08240887480190175,0.10569105691056911,0.052715654952076675,0.11714770797962648,0.014423076923076924,0.03286384976525822,0.06270096463022508,0.053833605220228384,0.03918495297805643,0.0016778523489932886,0.10443037974683544,0.012738853503184714,0.01620745542949757,0.05,0.0686106346483705,0.08962264150943396,0.00865051903114187,0.1310116086235489,0.014423076923076924,0.047692307692307694,0.022530329289428077,0.03171953255425709,0.013628620102214651,0.13636363636363635,0.008503401360544218,0.022988505747126436,0.1606837606837607,0.11073825503355705,0.06239737274220033,0.06591639871382636,0.10887772194304858,0.047697368421052634,0.050955414012738856,0.006622516556291391,0.004838709677419355,0.01834862385321101,0.0033783783783783786,0.008635578583765112,0.0030349013657056147,0.02152317880794702,0.022488755622188907,0.18478260869565216,0.0032679738562091504,0.05030487804878049,0.0722495894909688,0.003169572107765452,0.13744075829383887,0.018363939899833055,0.06329113924050633,0.009917355371900827,0.007836990595611285,0.006700167504187605,0.09364548494983277,0.030664395229982964,0.12480739599383667,0.05853658536585366,0.011864406779661017,0.0015923566878980893,0.01620745542949757,0.04265402843601896,0.04746317512274959,0.16176470588235295,0.13728813559322034,0.04159733777038269,0.042483660130718956,0.0,0.043668122270742356,0.0033333333333333335,0.027463651050080775,0.06610169491525424,0.08139534883720931,0.104199066874028,0.10726643598615918,0.0015625,0.10967741935483871,0.14310051107325383,0.15016501650165018,0.03968253968253968,0.047619047619047616,0.034976152623211444,0.0014903129657228018,0.011254019292604502,0.043410852713178294,0.028708133971291867,0.0183206106870229,0.05329153605015674,0.0032,0.056782334384858045,0.018032786885245903,0.004739336492890996,0.05345911949685535,0.030744336569579287,0.040453074433656956,0.004746835443037975,0.011254019292604502,0.026533996683250415,0.003179650238473768,0.06197654941373534,0.034013605442176874,0.003389830508474576,0.05255023183925812,0.14130434782608695,0.026622296173044926,0.0,0.00338409475465313,0.07920792079207921,0.14165261382799327,0.00641025641025641,0.0,0.05546492659053834
2005,1,9,prevalence,0.054817275747508304,0.004846526655896607,0.27580372250423013,0.09262435677530018,0.0050335570469798654,0.0016233766233766235,0.0,0.0,0.004622496147919877,0.0,0.04631217838765009,0.003048780487804878,0.00333889816360601,0.0921875,0.07241379310344828,0.0,0.0047169811320754715,0.001597444089456869,0.07830342577487764,0.09539473684210527,0.04012841091492777,0.008169934640522876,0.09135399673735727,0.001597444089456869,0.03645007923930269,0.0,0.10679611650485436,0.0033222591362126247,0.057947019867549666,0.0016778523489932886,0.004694835680751174,0.05175292153589316,0.006688963210702341,0.210016155088853,0.00644122383252818,0.0,0.001652892561983471,0.11092436974789915,0.07269789983844911,0.056179775280898875,0.01309328968903437,0.08774834437086093,0.07718120805369127,0.0,0.10099337748344371,0.04390243902439024,0.0,0.03198653198653199,0.1322314049586777,0.1099236641221374,0.19704433497536947,0.06814310051107325,0.06814310051107325,0.34458259325044405,0.19833333333333333,0.024154589371980676,0.0031397174254317113,0.0033333333333333335,0.0,0.10576923076923077,0.010327022375215147,0.00482315112540193,0.01910828025477707,0.012841091492776886,0.0017730496453900709,0.02321724709784411,0.0492845786963434,0.0016,0.0,0.024350649350649352,0.0364741641337386,0.045307443365695796,0.11794871794871795,0.0,0.1282051282051282,0.0016,0.008375209380234505,0.057283142389525366,0.034055727554179564,0.04071661237785016,0.02181208053691275,0.042071197411003236,0.024671052631578948,0.0030911901081916537,0.07357859531772576,0.006359300476947536,0.008156606851549755,0.0016638935108153079,0.020338983050847456,0.08841463414634146,0.08,0.06557377049180328,0.03471074380165289,0.12046204620462046,0.008223684210526315,0.026194144838212634,0.11057692307692307,0.02903225806451613,0.03968253968253968,0.0016722408026755853,0.08716323296354993,0.023547880690737835,0.029950083194675542,0.0416,0.0919931856899489,0.07177033492822966,0.009836065573770493,0.11935483870967742,0.013422818791946308,0.03067484662576687,0.018612521150592216,0.030405405405405407,0.01597444089456869,0.14214876033057852,0.00847457627118644,0.013201320132013201,0.1632996632996633,0.12762237762237763,0.08139534883720931,0.0496,0.08866995073891626,0.05815831987075929,0.04709576138147567,0.008403361344537815,0.0015455950540958269,0.023255813953488372,0.005076142131979695,0.005119453924914676,0.0030120481927710845,0.010033444816053512,0.02786377708978328,0.1578125,0.0016286644951140066,0.11459968602825746,0.08833333333333333,0.0015384615384615385,0.1518987341772152,0.0208,0.05873015873015873,0.006779661016949152,0.015625,0.0033277870216306157,0.050966608084358524,0.028960817717206135,0.13157894736842105,0.03782894736842105,0.009933774834437087,0.0031645569620253164,0.011235955056179775,0.05055292259083728,0.06168831168831169,0.15673981191222572,0.11734693877551021,0.036544850498338874,0.037096774193548385,0.0,0.06746626686656672,0.0032520325203252032,0.0304,0.08798646362098139,0.09262435677530018,0.0919175911251981,0.07570422535211267,0.001557632398753894,0.13136288998357964,0.14710743801652892,0.15728476821192053,0.031007751937984496,0.026234567901234566,0.03349282296650718,0.006134969325153374,0.007656967840735069,0.03576982892690513,0.021103896103896104,0.018867924528301886,0.03265940902021773,0.00487012987012987,0.06436420722135008,0.03559870550161812,0.008333333333333333,0.0819423368740516,0.026402640264026403,0.04426229508196721,0.004665629860031105,0.01639344262295082,0.0165016501650165,0.0,0.050173010380622836,0.013468013468013467,0.0017006802721088435,0.054773082942097026,0.173015873015873,0.025295109612141653,0.0,0.005050505050505051,0.11400651465798045,0.16611295681063123,0.008038585209003215,0.0,0.0457516339869281
2006,1,9,prevalence,0.06060606060606061,0.00825082508250825,0.3261943986820428,0.11348684210526316,0.0016556291390728477,0.001694915254237288,0.0,0.0,0.009104704097116844,0.0,0.061016949152542375,0.0030534351145038168,0.006944444444444444,0.09105431309904154,0.07508532423208192,0.0,0.00625,0.0016233766233766235,0.0867430441898527,0.0799347471451876,0.03064516129032258,0.0064516129032258064,0.04501607717041801,0.0032520325203252032,0.04595879556259905,0.0,0.08702531645569621,0.0016313213703099511,0.026402640264026403,0.001669449081803005,0.011235955056179775,0.021207177814029365,0.008264462809917356,0.19607843137254902,0.01610305958132045,0.0,0.008169934640522876,0.09813874788494077,0.060995184590690206,0.0512396694214876,0.015100671140939598,0.08045977011494253,0.05245346869712352,0.0,0.08907563025210084,0.05901639344262295,0.0,0.04084967320261438,0.1844331641285956,0.14523449319213314,0.18790849673202614,0.06013745704467354,0.06013745704467354,0.4444444444444444,0.2372322899505766,0.009884678747940691,0.004792332268370607,0.0033222591362126247,0.0,0.09953343701399689,0.006756756756756757,0.004918032786885246,0.02280130293159609,0.007680491551459293,0.0017985611510791368,0.027777777777777776,0.04285714285714286,0.001579778830963665,0.0,0.01892744479495268,0.05963302752293578,0.049679487179487176,0.13898305084745763,0.0,0.13442622950819672,0.0016129032258064516,0.005067567567567568,0.09016393442622951,0.026113671274961597,0.03697749196141479,0.015410958904109588,0.05564648117839607,0.02711323763955343,0.0015822784810126582,0.0457516339869281,0.007751937984496124,0.008156606851549755,0.0017241379310344827,0.028862478777589132,0.05608974358974359,0.05519480519480519,0.05608974358974359,0.04662379421221865,0.10906040268456375,0.003236245954692557,0.01386748844375963,0.10031847133757962,0.04276315789473684,0.0528,0.0016501650165016502,0.07441860465116279,0.0272,0.0274442538593482,0.04823151125401929,0.09515570934256055,0.06907378335949764,0.008305647840531562,0.10396039603960396,0.015100671140939598,0.046801872074883,0.02106969205834684,0.02861952861952862,0.012598425196850394,0.11655405405405406,0.003424657534246575,0.042833607907743,0.15897435897435896,0.15166666666666667,0.05527638190954774,0.04333868378812199,0.07288135593220339,0.04643449419568822,0.04489164086687306,0.014754098360655738,0.0015552099533437014,0.023474178403755867,0.011647254575707155,0.008319467554076539,0.0045662100456621,0.023333333333333334,0.030349013657056147,0.12345679012345678,0.001597444089456869,0.15495207667731628,0.07248764415156507,0.0015432098765432098,0.12264150943396226,0.0421875,0.0514820592823713,0.011904761904761904,0.012102874432677761,0.006745362563237774,0.04325259515570934,0.025380710659898477,0.12576687116564417,0.04094488188976378,0.008143322475570033,0.0033277870216306157,0.009508716323296355,0.0673076923076923,0.052969502407704656,0.1263482280431433,0.0976027397260274,0.040268456375838924,0.024630541871921183,0.0,0.0712166172106825,0.0030627871362940277,0.026813880126182965,0.07960199004975124,0.07142857142857142,0.07364975450081833,0.04903677758318739,0.0016366612111292963,0.11647254575707154,0.16638078902229847,0.16943521594684385,0.028169014084507043,0.022796352583586626,0.0420032310177706,0.004601226993865031,0.009188361408882083,0.02304147465437788,0.028960817717206135,0.032915360501567396,0.03215434083601286,0.003125,0.04711246200607903,0.026438569206842923,0.004942339373970346,0.09399075500770417,0.026359143327841845,0.06557377049180328,0.003115264797507788,0.02337228714524207,0.013136288998357963,0.003205128205128205,0.020942408376963352,0.006837606837606838,0.0016611295681063123,0.06697819314641744,0.2096,0.01559792027729636,0.0,0.005025125628140704,0.1305732484076433,0.15737704918032788,0.0049261083743842365,0.0015923566878980893,0.03129890453834116
2007,1,9,prevalence,0.07167235494880546,0.0033222591362126247,0.2653061224489796,0.10961214165261383,0.0,0.0016891891891891893,0.0,0.001652892561983471,0.02147239263803681,0.0,0.05335628227194492,0.0030303030303030303,0.01206896551724138,0.16260162601626016,0.043327556325823226,0.0,0.0047169811320754715,0.0,0.0910569105691057,0.057692307692307696,0.02903225806451613,0.01507537688442211,0.026446280991735537,0.0033277870216306157,0.06528662420382166,0.001567398119122257,0.0732899022801303,0.0015748031496062992,0.046357615894039736,0.0016233766233766235,0.0065040650406504065,0.032362459546925564,0.016420361247947456,0.1648,0.011475409836065573,0.0032414910858995136,0.011363636363636364,0.07377049180327869,0.0463258785942492,0.06040268456375839,0.013468013468013467,0.06085526315789474,0.07966101694915254,0.0,0.08983050847457627,0.0594059405940594,0.0,0.02702702702702703,0.22445561139028475,0.1777434312210201,0.14796747967479676,0.03722504230118443,0.03722504230118443,0.3434704830053667,0.313953488372093,0.004934210526315789,0.006279434850863423,0.004878048780487805,0.0,0.11956521739130435,0.008223684210526315,0.013050570962479609,0.029801324503311258,0.006329113924050633,0.01073345259391771,0.05305466237942122,0.03968253968253968,0.001597444089456869,0.0,0.024193548387096774,0.04633781763826607,0.03934426229508197,0.12709030100334448,0.0,0.09016393442622951,0.001579778830963665,0.0049504950495049506,0.07035175879396985,0.033123028391167195,0.0210016155088853,0.023411371237458192,0.03789126853377265,0.046224961479198766,0.001579778830963665,0.029173419773095625,0.006134969325153374,0.0176,0.0016863406408094434,0.026845637583892617,0.07142857142857142,0.05466237942122187,0.044585987261146494,0.0448,0.10430463576158941,0.00473186119873817,0.02365930599369085,0.09713375796178345,0.043993231810490696,0.05,0.0016129032258064516,0.09375,0.02689873417721519,0.01903114186851211,0.06655844155844155,0.09027777777777778,0.08530805687203792,0.006734006734006734,0.07293354943273905,0.01559792027729636,0.04447852760736196,0.029921259842519685,0.019966722129783693,0.017133956386292833,0.1040268456375839,0.0049586776859504135,0.029459901800327332,0.1541038525963149,0.16150081566068517,0.06382978723404255,0.0594855305466238,0.053712480252764615,0.057003257328990226,0.049079754601226995,0.016863406408094434,0.006060606060606061,0.033690658499234305,0.011764705882352941,0.005136986301369863,0.004608294930875576,0.013490725126475547,0.03453689167974882,0.1557632398753894,0.0,0.16176470588235295,0.05448717948717949,0.0015600624024961,0.12421383647798742,0.03015873015873016,0.04897314375987362,0.008802816901408451,0.024205748865355523,0.005067567567567568,0.06343906510851419,0.024875621890547265,0.1501597444089457,0.03260869565217391,0.00967741935483871,0.00338409475465313,0.011128775834658187,0.03803486529318542,0.07085346215780998,0.1527777777777778,0.07966101694915254,0.024271844660194174,0.021487603305785124,0.0,0.05247376311844078,0.0015625,0.0265625,0.07407407407407407,0.07317073170731707,0.05081967213114754,0.06039076376554174,0.0033277870216306157,0.12845528455284552,0.1511627906976744,0.15702479338842976,0.03079416531604538,0.01361573373676248,0.035175879396984924,0.003076923076923077,0.006125574272588055,0.019667170953101363,0.03270223752151463,0.029827315541601257,0.023474178403755867,0.00322061191626409,0.04704097116843703,0.0228310502283105,0.0017094017094017094,0.08062015503875969,0.03431372549019608,0.07755775577557755,0.0031007751937984496,0.01615508885298869,0.016863406408094434,0.001584786053882726,0.016666666666666666,0.02276707530647986,0.0,0.06923076923076923,0.1951219512195122,0.006920415224913495,0.0,0.003289473684210526,0.08667736757624397,0.09884678747940692,0.0032414910858995136,0.0016474464579901153,0.02635658914728682
2008,1,9,prevalence,0.06112054329371817,0.005050505050505051,0.22018348623853212,0.0817717206132879,0.0,0.0,0.0,0.0016611295681063123,0.017991004497751123,0.0,0.030100334448160536,0.0015384615384615385,0.012152777777777778,0.1752411575562701,0.044142614601018676,0.0,0.0031847133757961785,0.0,0.05144694533762058,0.052132701421800945,0.014516129032258065,0.02145214521452145,0.0272,0.003372681281618887,0.0644122383252818,0.009389671361502348,0.0630048465266559,0.0016207455429497568,0.05272108843537415,0.0,0.008025682182985553,0.033003300330033,0.018092105263157895,0.14485981308411214,0.008103727714748784,0.011272141706924315,0.0031545741324921135,0.07467532467532467,0.035541195476575124,0.08856682769726248,0.01854974704890388,0.04241435562805873,0.07213114754098361,0.0,0.08754208754208755,0.04411764705882353,0.0,0.022617124394184167,0.24422442244224424,0.15492957746478872,0.132569558101473,0.03204047217537943,0.03204047217537943,0.2118491921005386,0.23452768729641693,0.006600660066006601,0.007776049766718507,0.004885993485342019,0.0,0.12888198757763975,0.00819672131147541,0.014950166112956811,0.024390243902439025,0.0061162079510703364,0.015544041450777202,0.04574132492113565,0.03639240506329114,0.004893964110929853,0.0,0.041666666666666664,0.0425531914893617,0.026016260162601626,0.10413223140495868,0.0,0.11243611584327087,0.0,0.003367003367003367,0.044142614601018676,0.05124223602484472,0.01594896331738437,0.01675041876046901,0.02711864406779661,0.043674698795180725,0.0015698587127158557,0.026016260162601626,0.006134969325153374,0.018838304552590265,0.0050335570469798654,0.01335559265442404,0.06666666666666667,0.025196850393700787,0.02857142857142857,0.03365384615384615,0.1050080775444265,0.004629629629629629,0.04806201550387597,0.11661341853035144,0.03636363636363636,0.04516129032258064,0.004878048780487805,0.1057542768273717,0.025437201907790145,0.014975041597337771,0.05778491171749599,0.09498207885304659,0.08828250401284109,0.006745362563237774,0.049679487179487176,0.02027027027027027,0.06018518518518518,0.02702702702702703,0.013468013468013467,0.0213089802130898,0.08196721311475409,0.004754358161648178,0.014975041597337771,0.12111292962356793,0.13225806451612904,0.06546644844517185,0.06535947712418301,0.07142857142857142,0.04153354632587859,0.044753086419753084,0.018363939899833055,0.0015432098765432098,0.0375,0.021666666666666667,0.0068143100511073255,0.003105590062111801,0.019672131147540985,0.03358778625954199,0.1476725521669342,0.001652892561983471,0.17049180327868851,0.045234248788368334,0.0015552099533437014,0.13425925925925927,0.025157232704402517,0.07472178060413355,0.008445945945945946,0.030395136778115502,0.010309278350515464,0.08020477815699659,0.019834710743801654,0.16666666666666666,0.027649769585253458,0.006430868167202572,0.0049833887043189366,0.01938610662358643,0.017770597738287562,0.06346749226006192,0.1674347158218126,0.08488964346349745,0.019543973941368076,0.03727714748784441,0.003284072249589491,0.0290519877675841,0.0015772870662460567,0.01594896331738437,0.05040650406504065,0.0658578856152513,0.06199021207177814,0.052901023890784986,0.005008347245409015,0.12929623567921442,0.10586319218241043,0.1804635761589404,0.049342105263157895,0.02108433734939759,0.024271844660194174,0.0,0.004580152671755725,0.01669195751138088,0.021775544388609715,0.027243589743589744,0.021630615640599003,0.0016155088852988692,0.05401234567901234,0.022321428571428572,0.0069084628670120895,0.09190031152647975,0.02689873417721519,0.05756578947368421,0.0015337423312883436,0.007987220447284345,0.04111842105263158,0.0016233766233766235,0.023411371237458192,0.02626970227670753,0.0,0.06110283159463487,0.15097402597402598,0.005199306759098787,0.0078003120124804995,0.003305785123966942,0.07455429497568881,0.08710217755443886,0.008169934640522876,0.004830917874396135,0.024469820554649267
2009,1,9,prevalence,0.06218487394957983,0.006956521739130435,0.21495327102803738,0.05564648117839607,0.0,0.0,0.0,0.0016835016835016834,0.01361573373676248,0.0,0.036605657237936774,0.0015822784810126582,0.020942408376963352,0.1396103896103896,0.05821917808219178,0.0016366612111292963,0.003284072249589491,0.0,0.06525285481239804,0.037209302325581395,0.00980392156862745,0.026143790849673203,0.03577235772357724,0.008680555555555556,0.08265802269043761,0.009188361408882083,0.03179650238473768,0.0,0.05360134003350084,0.0,0.0064516129032258064,0.04318936877076412,0.02106969205834684,0.11981566820276497,0.012558869701726845,0.00825082508250825,0.006230529595015576,0.060755336617405585,0.03241491085899514,0.09807073954983923,0.021630615640599003,0.028985507246376812,0.05360134003350084,0.0016666666666666668,0.10483870967741936,0.03284072249589491,0.0016474464579901153,0.016051364365971106,0.23529411764705882,0.13713405238828968,0.09833333333333333,0.02702702702702703,0.02702702702702703,0.11713286713286714,0.20588235294117646,0.009419152276295133,0.003129890453834116,0.01,0.0,0.12481203007518797,0.007911392405063292,0.010256410256410256,0.022257551669316374,0.006134969325153374,0.02735042735042735,0.0375,0.0372168284789644,0.0033783783783783786,0.0,0.033816425120772944,0.03490136570561457,0.02106969205834684,0.1088,0.0033333333333333335,0.12310286677908938,0.0,0.001639344262295082,0.07457627118644068,0.04434250764525994,0.03210272873194221,0.02058319039451115,0.015332197614991482,0.041916167664670656,0.0015384615384615385,0.028985507246376812,0.009615384615384616,0.010819165378670788,0.003367003367003367,0.01669449081803005,0.08666666666666667,0.017741935483870968,0.030206677265500796,0.041666666666666664,0.06466876971608833,0.001584786053882726,0.06269592476489028,0.0976,0.05392156862745098,0.047933884297520664,0.004838709677419355,0.07453416149068323,0.0144,0.02003338898163606,0.055379746835443035,0.07104795737122557,0.08455284552845528,0.011686143572621035,0.03980891719745223,0.01730103806228374,0.054628224582701064,0.015552099533437015,0.009852216748768473,0.02147239263803681,0.06745362563237774,0.014173228346456693,0.01485148514851485,0.07886435331230283,0.13643926788685523,0.049342105263157895,0.07395498392282958,0.08108108108108109,0.0359375,0.060064935064935064,0.022298456260720412,0.007704160246533128,0.04451510333863275,0.024834437086092714,0.009950248756218905,0.0015503875968992248,0.012987012987012988,0.02936630602782071,0.13192182410423453,0.0,0.152317880794702,0.05071315372424723,0.0,0.1059190031152648,0.024806201550387597,0.09018987341772151,0.009852216748768473,0.039334341906202726,0.018456375838926176,0.06589785831960461,0.026936026936026935,0.15993537964458804,0.024691358024691357,0.008090614886731391,0.011864406779661017,0.01726844583987441,0.025682182985553772,0.054628224582701064,0.19316493313521546,0.07375643224699828,0.01957585644371941,0.03536977491961415,0.013071895424836602,0.0513595166163142,0.0016556291390728477,0.0425531914893617,0.06220095693779904,0.059336823734729496,0.07023411371237458,0.04715447154471545,0.005263157894736842,0.10766721044045677,0.06708268330733229,0.21069182389937108,0.03618421052631579,0.03686635944700461,0.014492753623188406,0.0,0.001567398119122257,0.031007751937984496,0.01929260450160772,0.021172638436482084,0.014240506329113924,0.0015873015873015873,0.05660377358490566,0.01834862385321101,0.0017241379310344827,0.0984375,0.032208588957055216,0.03776683087027915,0.0015527950310559005,0.008051529790660225,0.06310679611650485,0.004975124378109453,0.021666666666666667,0.01971326164874552,0.0,0.06317411402157165,0.12096774193548387,0.0034602076124567475,0.014195583596214511,0.004651162790697674,0.05305466237942122,0.06390328151986183,0.004901960784313725,0.003372681281618887,0.017828200972447326
2010,1,9,prevalence,0.05360134003350084,0.01060070671378092,0.1371610845295056,0.04462809917355372,0.0,0.0,0.0,0.0016778523489932886,0.012759170653907496,0.0,0.026272577996715927,0.0016233766233766235,0.017421602787456445,0.1147011308562197,0.053726169844020795,0.0,0.001639344262295082,0.0015748031496062992,0.05718954248366013,0.022970903522205207,0.018092105263157895,0.021739130434782608,0.027375201288244767,0.008741258741258742,0.042692939244663386,0.00625,0.022435897435897436,0.001644736842105263,0.07085346215780998,0.0,0.003169572107765452,0.05582922824302135,0.029508196721311476,0.1027190332326284,0.0064,0.019933554817275746,0.006514657980456026,0.06611570247933884,0.04146730462519936,0.08507223113964688,0.04145936981757877,0.029411764705882353,0.04552845528455285,0.0032679738562091504,0.1130298273155416,0.03414634146341464,0.0016260162601626016,0.003236245954692557,0.18269230769230768,0.0916030534351145,0.0727580372250423,0.03588907014681892,0.03588907014681892,0.06135986733001658,0.16051364365971107,0.011128775834658187,0.0031746031746031746,0.011725293132328308,0.0,0.12556732223903178,0.009538950715421303,0.011475409836065573,0.020634920634920634,0.006006006006006006,0.02577319587628866,0.03442879499217527,0.028481012658227847,0.005154639175257732,0.0,0.03827751196172249,0.01664145234493192,0.02471169686985173,0.09384615384615384,0.006920415224913495,0.11073253833049404,0.0,0.0016129032258064516,0.08404802744425385,0.051908396946564885,0.02527646129541864,0.02040816326530612,0.01926444833625219,0.04215116279069767,0.0,0.03403565640194489,0.004784688995215311,0.0093603744149766,0.0034129692832764505,0.020512820512820513,0.08180300500834725,0.01929260450160772,0.00975609756097561,0.03987240829346093,0.078003120124805,0.0016,0.041050903119868636,0.06324786324786325,0.06504065040650407,0.026755852842809364,0.006379585326953748,0.06199021207177814,0.01594896331738437,0.02508361204013378,0.03398058252427184,0.08422939068100359,0.08866995073891626,0.009724473257698542,0.03949447077409163,0.010309278350515464,0.04375,0.022935779816513763,0.0065252854812398045,0.016819571865443424,0.052100840336134456,0.011164274322169059,0.019834710743801654,0.06796116504854369,0.13321799307958476,0.02631578947368421,0.07947019867549669,0.08716323296354993,0.03828483920367534,0.0593900481540931,0.03600654664484452,0.012441679626749611,0.038580246913580245,0.024916943521594685,0.003355704697986577,0.0016181229773462784,0.012658227848101266,0.029780564263322883,0.08426073131955485,0.0,0.0929853181076672,0.04538087520259319,0.0,0.07861635220125786,0.01694915254237288,0.08373590982286634,0.011272141706924315,0.06289308176100629,0.022071307300509338,0.048903878583473864,0.03600654664484452,0.15422885572139303,0.03459119496855346,0.009523809523809525,0.019834710743801654,0.011111111111111112,0.037520391517128875,0.04885496183206107,0.16897081413210446,0.05823627287853577,0.014729950900163666,0.05806451612903226,0.019230769230769232,0.04636785162287481,0.0032520325203252032,0.04918032786885246,0.0463258785942492,0.09122203098106713,0.04530201342281879,0.0208,0.006779661016949152,0.049099836333878884,0.046948356807511735,0.1892744479495268,0.04118616144975288,0.035168195718654434,0.022988505747126436,0.0015723270440251573,0.0015822784810126582,0.032915360501567396,0.004846526655896607,0.006369426751592357,0.017054263565891473,0.0,0.04966887417218543,0.022970903522205207,0.0017064846416382253,0.06356589147286822,0.022116903633491312,0.03278688524590164,0.0015313935681470138,0.014308426073131956,0.05337519623233909,0.005008347245409015,0.016339869281045753,0.03152364273204904,0.0,0.04665629860031104,0.10912052117263844,0.004934210526315789,0.023809523809523808,0.0032,0.0515625,0.05281090289608177,0.0049261083743842365,0.005076142131979695,0.022328548644338118
2011,1,9,prevalence,0.03865546218487395,0.008944543828264758,0.09003215434083602,0.042993630573248405,0.0,0.0,0.0,0.0016835016835016834,0.028391167192429023,0.0,0.017828200972447326,0.0016366612111292963,0.01217391304347826,0.10050251256281408,0.04074702886247878,0.0,0.0016474464579901153,0.0016,0.04455445544554455,0.02664576802507837,0.022292993630573247,0.013628620102214651,0.035830618892508145,0.005050505050505051,0.04230118443316413,0.012658227848101266,0.0176,0.003395585738539898,0.04784688995215311,0.0,0.007716049382716049,0.06310679611650485,0.039735099337748346,0.13484848484848486,0.014657980456026058,0.018425460636515914,0.004815409309791332,0.076158940397351,0.03354632587859425,0.07692307692307693,0.02247191011235955,0.0272,0.02086677367576244,0.006462035541195477,0.07535321821036106,0.05778491171749599,0.0015748031496062992,0.008077544426494346,0.12924071082390953,0.055384615384615386,0.0542907180385289,0.03600654664484452,0.03600654664484452,0.057096247960848286,0.12277867528271405,0.015527950310559006,0.001597444089456869,0.011844331641285956,0.0031446540880503146,0.13719512195121952,0.011146496815286623,0.0165016501650165,0.02875399361022364,0.004518072289156626,0.032148900169204735,0.03260869565217391,0.03571428571428571,0.0017543859649122807,0.0015748031496062992,0.024390243902439025,0.021739130434782608,0.02321724709784411,0.0748829953198128,0.008375209380234505,0.09243697478991597,0.0,0.001597444089456869,0.09169550173010381,0.052050473186119876,0.014354066985645933,0.01675041876046901,0.01718213058419244,0.04525547445255475,0.0,0.032520325203252036,0.003205128205128205,0.00778816199376947,0.00333889816360601,0.01839464882943144,0.054187192118226604,0.017915309446254073,0.003189792663476874,0.02664576802507837,0.07441860465116279,0.0032102728731942215,0.03618421052631579,0.06397306397306397,0.04472843450479233,0.032948929159802305,0.004754358161648178,0.06301824212271974,0.007936507936507936,0.01938610662358643,0.019077901430842606,0.0873440285204991,0.07947019867549669,0.0124804992199688,0.06656346749226007,0.008665511265164644,0.049206349206349205,0.01687116564417178,0.011217948717948718,0.017488076311605722,0.04753820033955857,0.020569620253164556,0.011475409836065573,0.06158833063209076,0.13937282229965156,0.030015797788309637,0.08667736757624397,0.08466453674121406,0.02875399361022364,0.045454545454545456,0.04769475357710652,0.022116903633491312,0.03875968992248062,0.03166666666666667,0.009900990099009901,0.001584786053882726,0.004724409448818898,0.024,0.10634920634920635,0.0,0.08196721311475409,0.04231974921630094,0.0,0.061611374407582936,0.0109717868338558,0.08524590163934426,0.008291873963515755,0.041935483870967745,0.018456375838926176,0.03594771241830065,0.030944625407166124,0.17288135593220338,0.03421461897356143,0.011382113821138212,0.018032786885245903,0.015723270440251572,0.026984126984126985,0.03639240506329114,0.1443609022556391,0.0625,0.028523489932885907,0.05901639344262295,0.03536977491961415,0.04081632653061224,0.004754358161648178,0.05396290050590219,0.06891025641025642,0.09153713298791019,0.03316749585406302,0.014469453376205787,0.00667779632721202,0.021311475409836064,0.03400309119010819,0.14862681744749595,0.044189852700491,0.039334341906202726,0.021487603305785124,0.001594896331738437,0.001567398119122257,0.03599374021909233,0.008077544426494346,0.007861635220125786,0.03828483920367534,0.0,0.056451612903225805,0.0187207488299532,0.0016778523489932886,0.04984423676012461,0.029173419773095625,0.023064250411861616,0.0015479876160990713,0.030254777070063694,0.0438871473354232,0.004909983633387889,0.015100671140939598,0.035830618892508145,0.001639344262295082,0.04134762633996937,0.10096153846153846,0.008305647840531562,0.020155038759689922,0.0031397174254317113,0.05180533751962323,0.03735144312393888,0.014446227929373997,0.0017421602787456446,0.0224
2012,1,9,prevalence,0.03273322422258593,0.010362694300518135,0.042071197411003236,0.045234248788368334,0.0,0.0,0.0,0.0,0.015772870662460567,0.0,0.025559105431309903,0.0,0.006622516556291391,0.07131011608623548,0.015625,0.0,0.001610305958132045,0.001579778830963665,0.04340567612687813,0.05271317829457364,0.026101141924959218,0.008264462809917356,0.0282574568288854,0.0034071550255536627,0.05203252032520325,0.012364760432766615,0.03409090909090909,0.0016666666666666668,0.061128526645768025,0.0,0.0031847133757961785,0.061016949152542375,0.05324459234608985,0.09794628751974724,0.012861736334405145,0.017828200972447326,0.004694835680751174,0.04107424960505529,0.03827751196172249,0.09417040358744394,0.007974481658692184,0.020602218700475437,0.03231017770597738,0.0048543689320388345,0.0405616224648986,0.030206677265500796,0.0015723270440251573,0.014492753623188406,0.06995230524642289,0.04,0.061946902654867256,0.02254428341384863,0.02254428341384863,0.04213938411669368,0.09841269841269841,0.0202808112324493,0.0,0.018333333333333333,0.0031847133757961785,0.12403100775193798,0.007974481658692184,0.021885521885521887,0.03150912106135987,0.003067484662576687,0.026016260162601626,0.018376722817764167,0.0328125,0.0017271157167530224,0.0031645569620253164,0.03231017770597738,0.01238390092879257,0.018211920529801324,0.07488986784140969,0.008143322475570033,0.0940032414910859,0.0,0.0,0.07308970099667775,0.04874213836477988,0.027463651050080775,0.026578073089700997,0.008928571428571428,0.03288490284005979,0.0,0.017432646592709985,0.0016313213703099511,0.009508716323296355,0.006546644844517185,0.029159519725557463,0.0378657487091222,0.012987012987012988,0.006299212598425197,0.035541195476575124,0.053125,0.01729559748427673,0.03425774877650897,0.0625,0.05405405405405406,0.025041736227045076,0.004702194357366771,0.04262295081967213,0.007716049382716049,0.024916943521594685,0.01589825119236884,0.04060913705583756,0.0670926517571885,0.022116903633491312,0.05901116427432217,0.010309278350515464,0.047021943573667714,0.009216589861751152,0.022764227642276424,0.014106583072100314,0.04310344827586207,0.016923076923076923,0.00641025641025641,0.06280193236714976,0.09786476868327403,0.0220125786163522,0.09105431309904154,0.08675078864353312,0.04588607594936709,0.04113924050632911,0.04508856682769726,0.0288,0.01564945226917058,0.028428093645484948,0.019933554817275746,0.0015408320493066256,0.019448946515397084,0.022328548644338118,0.10708661417322834,0.0,0.05008347245409015,0.044753086419753084,0.0,0.045234248788368334,0.012519561815336464,0.07705192629815745,0.016366612111292964,0.03278688524590164,0.008223684210526315,0.03511705685618729,0.02138157894736842,0.12887438825448613,0.0273972602739726,0.00980392156862745,0.02671118530884808,0.015748031496062992,0.024429967426710098,0.02403846153846154,0.06278713629402756,0.0845771144278607,0.02403846153846154,0.03858520900321544,0.024390243902439025,0.05040650406504065,0.0030816640986132513,0.04326123128119801,0.061611374407582936,0.07228915662650602,0.009868421052631578,0.017241379310344827,0.004991680532445923,0.03511705685618729,0.015174506828528073,0.09339774557165861,0.04118616144975288,0.0352760736196319,0.011513157894736841,0.001607717041800643,0.006339144215530904,0.04297520661157025,0.006557377049180328,0.001610305958132045,0.037383177570093455,0.0,0.06612903225806452,0.02511773940345369,0.006791171477079796,0.02527646129541864,0.0141287284144427,0.018272425249169437,0.0,0.01875,0.05384615384615385,0.004909983633387889,0.008305647840531562,0.024834437086092714,0.0016420361247947454,0.022900763358778626,0.07954545454545454,0.006389776357827476,0.004580152671755725,0.003205128205128205,0.03881987577639751,0.02593192868719611,0.01779935275080906,0.0035087719298245615,0.01615508885298869
2013,1,9,prevalence,0.028419182948490232,0.006644518272425249,0.052050473186119876,0.03354632587859425,0.0,0.0,0.0,0.0,0.025477707006369428,0.0,0.026813880126182965,0.0015723270440251573,0.005067567567567568,0.05140961857379768,0.008635578583765112,0.0,0.0016155088852988692,0.0015600624024961,0.05574324324324324,0.04866562009419152,0.029654036243822075,0.008223684210526315,0.011111111111111112,0.0068143100511073255,0.0755336617405583,0.012213740458015267,0.023734177215189875,0.0016722408026755853,0.04390243902439024,0.0,0.0032520325203252032,0.08080808080808081,0.04923599320882852,0.0707395498392283,0.026359143327841845,0.03864734299516908,0.012195121951219513,0.02865761689291101,0.055205047318611984,0.10185185185185185,0.00975609756097561,0.046031746031746035,0.030694668820678513,0.01644736842105263,0.046012269938650305,0.03231017770597738,0.0015822784810126582,0.015384615384615385,0.03937007874015748,0.054313099041533544,0.03436426116838488,0.03129890453834116,0.03129890453834116,0.04590163934426229,0.06902086677367576,0.026033690658499236,0.0,0.03367003367003367,0.001579778830963665,0.08412698412698413,0.021806853582554516,0.01288244766505636,0.029508196721311476,0.0015060240963855422,0.019639934533551555,0.0234009360374415,0.05108359133126935,0.0016666666666666668,0.009554140127388535,0.024429967426710098,0.012139605462822459,0.05081967213114754,0.04411764705882353,0.014446227929373997,0.0935483870967742,0.0,0.0,0.040783034257748776,0.03894080996884735,0.029921259842519685,0.02800658978583196,0.012259194395796848,0.027696793002915453,0.0046801872074883,0.025396825396825397,0.001579778830963665,0.011272141706924315,0.008103727714748784,0.02861952861952862,0.04886561954624782,0.020700636942675158,0.014150943396226415,0.031446540880503145,0.04510108864696734,0.030448717948717948,0.034653465346534656,0.04084967320261438,0.06132075471698113,0.01485148514851485,0.0015822784810126582,0.037162162162162164,0.012441679626749611,0.009852216748768473,0.012987012987012988,0.016891891891891893,0.047021943573667714,0.019138755980861243,0.07301587301587302,0.022375215146299483,0.05,0.009009009009009009,0.009868421052631578,0.007974481658692184,0.04974271012006861,0.017080745341614908,0.01020408163265306,0.036065573770491806,0.08596491228070176,0.024350649350649352,0.0544,0.06800618238021638,0.03536977491961415,0.03365384615384615,0.030015797788309637,0.03815580286168521,0.019230769230769232,0.02138157894736842,0.016611295681063124,0.0015128593040847202,0.009433962264150943,0.01948051948051948,0.08169934640522876,0.0,0.04492512479201331,0.04128440366972477,0.0,0.05065359477124183,0.010819165378670788,0.059322033898305086,0.012759170653907496,0.03697478991596639,0.004966887417218543,0.02702702702702703,0.03079416531604538,0.09915966386554621,0.02878787878787879,0.011093502377179081,0.025295109612141653,0.022435897435897436,0.02773246329526917,0.017770597738287562,0.0622154779969651,0.05132450331125828,0.0196078431372549,0.03827751196172249,0.041935483870967745,0.030100334448160536,0.00303951367781155,0.026533996683250415,0.059375,0.052364864864864864,0.013179571663920923,0.025196850393700787,0.003355704697986577,0.045060658578856154,0.015267175572519083,0.08032786885245902,0.03600654664484452,0.05972434915773354,0.01485148514851485,0.0016233766233766235,0.022727272727272728,0.041935483870967745,0.001639344262295082,0.0,0.026604068857589983,0.0,0.04983388704318937,0.02377179080824089,0.01192504258943782,0.024,0.023696682464454975,0.025728987993138937,0.0,0.025477707006369428,0.05069124423963134,0.0050335570469798654,0.014754098360655738,0.03125,0.001658374792703151,0.010869565217391304,0.06403940886699508,0.006482982171799027,0.022222222222222223,0.0032102728731942215,0.03918495297805643,0.022222222222222223,0.02145214521452145,0.01565217391304348,0.017770597738287562
2014,1,9,prevalence,0.023931623931623933,0.004966887417218543,0.04754358161648178,0.025559105431309903,0.0,0.0,0.0,0.001584786053882726,0.014354066985645933,0.0,0.02572347266881029,0.0,0.00825082508250825,0.05378151260504202,0.016891891891891893,0.0,0.0016666666666666668,0.0015337423312883436,0.05218855218855219,0.05092592592592592,0.028192371475953566,0.00505902192242833,0.00975609756097561,0.008210180623973728,0.08012820512820513,0.009419152276295133,0.04128440366972477,0.0032733224222585926,0.03130148270181219,0.0015455950540958269,0.003289473684210526,0.050955414012738856,0.02329450915141431,0.045075125208681135,0.03333333333333333,0.05090311986863711,0.016717325227963525,0.03076923076923077,0.07258064516129033,0.0962962962962963,0.014354066985645933,0.04595879556259905,0.03376205787781351,0.046357615894039736,0.026058631921824105,0.04889589905362776,0.0015772870662460567,0.015280135823429542,0.01584786053882726,0.03622047244094488,0.04591836734693878,0.02631578947368421,0.02631578947368421,0.05806451612903226,0.05529225908372828,0.03481012658227848,0.0,0.03745928338762215,0.003179650238473768,0.06269592476489028,0.026033690658499236,0.027960526315789474,0.055105348460291734,0.0029985007496251873,0.03896103896103896,0.024077046548956663,0.04566929133858268,0.0033112582781456954,0.009404388714733543,0.0144,0.012121212121212121,0.05636070853462158,0.03468208092485549,0.01794453507340946,0.0766721044045677,0.0,0.0,0.03600654664484452,0.029503105590062112,0.03189792663476874,0.020602218700475437,0.015901060070671377,0.024355300859598854,0.013782542113323124,0.04113924050632911,0.0016,0.01288244766505636,0.004694835680751174,0.05110732538330494,0.05299145299145299,0.0256,0.022435897435897436,0.03662420382165605,0.0336,0.03205128205128205,0.035,0.04038772213247173,0.03536977491961415,0.008431703204047217,0.006191950464396285,0.03986135181975736,0.0187207488299532,0.0189873417721519,0.008064516129032258,0.02226027397260274,0.04559748427672956,0.022950819672131147,0.053208137715179966,0.03264604810996564,0.026033690658499236,0.0046801872074883,0.00975609756097561,0.01800327332242226,0.043697478991596636,0.02034428794992175,0.010221465076660987,0.03189792663476874,0.045936395759717315,0.011182108626198083,0.051036682615629984,0.07547169811320754,0.027287319422150885,0.01889763779527559,0.03328050713153724,0.04153354632587859,0.023510971786833857,0.026578073089700997,0.011627906976744186,0.0015479876160990713,0.01088646967340591,0.028391167192429023,0.05763239875389408,0.0,0.0315955766192733,0.031484257871064465,0.0,0.06239737274220033,0.006279434850863423,0.05172413793103448,0.017241379310344827,0.033112582781456956,0.006462035541195477,0.028125,0.024390243902439025,0.05378151260504202,0.01355421686746988,0.012578616352201259,0.03171953255425709,0.026813880126182965,0.037520391517128875,0.018151815181518153,0.048818897637795275,0.04071661237785016,0.023809523809523808,0.03387096774193549,0.06220839813374806,0.03273322422258593,0.0030581039755351682,0.014827018121911038,0.06511627906976744,0.05,0.013245033112582781,0.026604068857589983,0.0017064846416382253,0.046822742474916385,0.02857142857142857,0.042071197411003236,0.04697986577181208,0.0365296803652968,0.024875621890547265,0.0016051364365971107,0.03523489932885906,0.054773082942097026,0.00631911532385466,0.0,0.02843601895734597,0.0,0.06799336650082918,0.01567398119122257,0.021487603305785124,0.017915309446254073,0.0220125786163522,0.03292894280762565,0.0,0.012539184952978056,0.06366459627329192,0.004966887417218543,0.03054662379421222,0.047217537942664416,0.008291873963515755,0.0124804992199688,0.048154093097913325,0.006379585326953748,0.01984732824427481,0.001579778830963665,0.03125,0.04654895666131621,0.02857142857142857,0.015517241379310345,0.019736842105263157
2015,1,9,prevalence,0.044142614601018676,0.004830917874396135,0.0464,0.02073365231259968,0.0,0.0,0.0,0.0015772870662460567,0.006430868167202572,0.00333889816360601,0.025078369905956112,0.0,0.009787928221859706,0.05263157894736842,0.04,0.0,0.001669449081803005,0.003105590062111801,0.06281833616298811,0.06800618238021638,0.02680067001675042,0.004942339373970346,0.008130081300813009,0.005025125628140704,0.08917197452229299,0.009584664536741214,0.03686635944700461,0.0032733224222585926,0.028333333333333332,0.004622496147919877,0.004893964110929853,0.050335570469798654,0.009836065573770493,0.06312292358803986,0.03220338983050847,0.0554675118858954,0.011747430249632892,0.015313935681470138,0.051696284329563816,0.1047040971168437,0.009259259259259259,0.025196850393700787,0.03870967741935484,0.06343906510851419,0.037096774193548385,0.05741626794258373,0.0015772870662460567,0.012089810017271158,0.02564102564102564,0.026016260162601626,0.04152823920265781,0.028963414634146343,0.028963414634146343,0.057096247960848286,0.07504078303425775,0.05055292259083728,0.0,0.01658374792703151,0.0031645569620253164,0.031055900621118012,0.0440251572327044,0.022988505747126436,0.08387096774193549,0.0030627871362940277,0.031746031746031744,0.027243589743589744,0.04251968503937008,0.00974025974025974,0.0046875,0.014729950900163666,0.013953488372093023,0.04552845528455285,0.04499274310595065,0.02593192868719611,0.06687402799377916,0.0,0.0,0.018032786885245903,0.0282574568288854,0.05177993527508091,0.025437201907790145,0.03411131059245961,0.024285714285714285,0.029595015576323987,0.055205047318611984,0.0016313213703099511,0.014308426073131956,0.004658385093167702,0.10430463576158941,0.05619834710743802,0.02572347266881029,0.036544850498338874,0.05863192182410423,0.03464566929133858,0.018333333333333333,0.029605263157894735,0.011589403973509934,0.0203125,0.008361204013377926,0.009538950715421303,0.04599659284497445,0.013846153846153847,0.01740506329113924,0.009819967266775777,0.015,0.03079416531604538,0.043478260869565216,0.05069124423963134,0.03305785123966942,0.02252252252252252,0.014240506329113924,0.006535947712418301,0.028145695364238412,0.04152249134948097,0.028528528528528527,0.003355704697986577,0.01579778830963665,0.05166051660516605,0.014150943396226415,0.0374414976599064,0.06739811912225706,0.028985507246376812,0.017684887459807074,0.03215434083601286,0.049342105263157895,0.02066772655007949,0.023140495867768594,0.013468013468013467,0.0,0.01046337817638266,0.0297339593114241,0.05388272583201268,0.0,0.0256,0.03134328358208955,0.0,0.08623548922056384,0.006153846153846154,0.039723661485319514,0.01866251944012442,0.054817275747508304,0.008,0.03169572107765452,0.023411371237458192,0.05536912751677853,0.025039123630672927,0.006269592476489028,0.03709949409780776,0.007886435331230283,0.02875399361022364,0.013266998341625208,0.04292527821939587,0.04390243902439024,0.01746031746031746,0.028481012658227847,0.0717628705148206,0.0512396694214876,0.001589825119236884,0.011146496815286623,0.05608974358974359,0.09556313993174062,0.01794453507340946,0.030864197530864196,0.001658374792703151,0.05747126436781609,0.02710843373493976,0.046104928457869634,0.018835616438356163,0.06677265500794913,0.05360134003350084,0.0016474464579901153,0.0372168284789644,0.06708268330733229,0.009389671361502348,0.007898894154818325,0.02748091603053435,0.0016313213703099511,0.07260726072607261,0.017027863777089782,0.008319467554076539,0.015050167224080268,0.03470031545741325,0.010101010101010102,0.0,0.007874015748031496,0.0763239875389408,0.003278688524590164,0.0208,0.030944625407166124,0.00825082508250825,0.00792393026941363,0.04065040650406504,0.0016,0.020186335403726708,0.0015698587127158557,0.01729559748427673,0.075,0.016129032258064516,0.008389261744966443,0.02711864406779661
2016,1,9,prevalence,0.05144694533762058,0.004838709677419355,0.08972267536704731,0.028081123244929798,0.0,0.0015432098765432098,0.0,0.001589825119236884,0.004878048780487805,0.0032948929159802307,0.031055900621118012,0.0,0.00966183574879227,0.06333333333333334,0.056856187290969896,0.0016778523489932886,0.0016556291390728477,0.0032948929159802307,0.06260575296108291,0.10387596899224806,0.015202702702702704,0.003236245954692557,0.006339144215530904,0.0066555740432612314,0.08133971291866028,0.0048,0.025039123630672927,0.003284072249589491,0.037162162162162164,0.0048,0.00315955766192733,0.05802047781569966,0.003246753246753247,0.0858085808580858,0.015025041736227046,0.078125,0.007385524372230428,0.017080745341614908,0.06677524429967427,0.13922155688622753,0.0,0.02358490566037736,0.07305194805194805,0.10457516339869281,0.02800658978583196,0.049766718506998445,0.0,0.008756567425569177,0.01765650080256822,0.017713365539452495,0.021702838063439065,0.026194144838212634,0.026194144838212634,0.053125,0.14035087719298245,0.0592,0.0,0.020512820512820513,0.0032258064516129032,0.025039123630672927,0.049441786283891544,0.019801980198019802,0.10284810126582279,0.0015174506828528073,0.027287319422150885,0.01757188498402556,0.06750392464678179,0.003194888178913738,0.0,0.01765650080256822,0.01238390092879257,0.06379585326953748,0.029498525073746312,0.03421461897356143,0.060842433697347896,0.0016233766233766235,0.0,0.0032948929159802307,0.050156739811912224,0.04376012965964344,0.02197802197802198,0.040421792618629174,0.014705882352941176,0.06525037936267071,0.0592,0.0,0.008051529790660225,0.004651162790697674,0.12876254180602006,0.0464,0.014469453376205787,0.05177993527508091,0.06837606837606838,0.026984126984126985,0.011945392491467578,0.03104575163398693,0.013029315960912053,0.04173106646058733,0.0016556291390728477,0.009389671361502348,0.06666666666666667,0.0015220700152207,0.018032786885245903,0.0165016501650165,0.006557377049180328,0.03559870550161812,0.050393700787401574,0.042748091603053436,0.03215434083601286,0.024132730015082957,0.01957585644371941,0.011254019292604502,0.019933554817275746,0.06759098786828423,0.023474178403755867,0.00333889816360601,0.009630818619582664,0.029304029304029304,0.020700636942675158,0.04381846635367762,0.05929487179487179,0.03542673107890499,0.012861736334405145,0.03054662379421222,0.034482758620689655,0.019417475728155338,0.024469820554649267,0.011608623548922056,0.0,0.0196078431372549,0.02450229709035222,0.039936102236421724,0.0,0.02021772939346812,0.02748091603053435,0.0,0.08237232289950576,0.0125,0.033928571428571426,0.02127659574468085,0.04607508532423208,0.011254019292604502,0.044444444444444446,0.01680672268907563,0.05331179321486268,0.018779342723004695,0.009230769230769232,0.06354515050167224,0.02358490566037736,0.01957585644371941,0.023064250411861616,0.04313099041533546,0.049342105263157895,0.014657980456026058,0.02358490566037736,0.11793214862681745,0.06333333333333334,0.0015600624024961,0.00974025974025974,0.0554675118858954,0.11148648648648649,0.013029315960912053,0.01687116564417178,0.001589825119236884,0.08139534883720931,0.05132192846034215,0.04769475357710652,0.01340033500837521,0.06729264475743349,0.040983606557377046,0.0015873015873015873,0.04038772213247173,0.08667736757624397,0.0,0.009508716323296355,0.02627511591962906,0.0,0.05823627287853577,0.0096,0.016638935108153077,0.021630615640599003,0.040310077519379844,0.010033444816053512,0.0,0.011058451816745656,0.1015625,0.001644736842105263,0.01910828025477707,0.030497592295345103,0.013008130081300813,0.014492753623188406,0.059870550161812294,0.001607717041800643,0.023474178403755867,0.003129890453834116,0.006389776357827476,0.07060755336617405,0.011400651465798045,0.0032414910858995136,0.037162162162162164
2017,1,9,prevalence,0.04032258064516129,0.0032520325203252032,0.09719934102141681,0.041474654377880185,0.0,0.0015384615384615385,0.0,0.003169572107765452,0.015050167224080268,0.006666666666666667,0.043410852713178294,0.0,0.011058451816745656,0.05676126878130217,0.06643356643356643,0.0016474464579901153,0.0,0.003236245954692557,0.05982905982905983,0.09063444108761329,0.01938610662358643,0.0033500837520938024,0.027419354838709678,0.004975124378109453,0.12074303405572756,0.0032414910858995136,0.05362776025236593,0.0016420361247947454,0.04915254237288136,0.0047169811320754715,0.0060882800608828,0.09768211920529801,0.004893964110929853,0.08401976935749589,0.03150912106135987,0.07753164556962025,0.003003003003003003,0.037037037037037035,0.054313099041533544,0.11526946107784432,0.0015290519877675841,0.027375201288244767,0.09904153354632587,0.15867768595041323,0.019933554817275746,0.05263157894736842,0.0,0.01507537688442211,0.014492753623188406,0.025210084033613446,0.02823920265780731,0.03358778625954199,0.03358778625954199,0.05669291338582677,0.21951219512195122,0.03980891719745223,0.0,0.019867549668874173,0.0033500837520938024,0.04791344667697063,0.03877221324717286,0.020933977455716585,0.0754414125200642,0.0015503875968992248,0.051643192488262914,0.01901743264659271,0.08709175738724728,0.001597444089456869,0.0,0.020933977455716585,0.010719754977029096,0.043548387096774194,0.020319303338171262,0.039816232771822356,0.039938556067588324,0.0015772870662460567,0.0,0.008116883116883116,0.038523274478330656,0.016129032258064516,0.010903426791277258,0.02385008517887564,0.015105740181268883,0.12917933130699089,0.06687898089171974,0.0,0.008012820512820512,0.001579778830963665,0.18699186991869918,0.045234248788368334,0.024671052631578948,0.051036682615629984,0.059726962457337884,0.027287319422150885,0.015,0.046822742474916385,0.01155115511551155,0.065625,0.0,0.004545454545454545,0.10204081632653061,0.017991004497751123,0.024752475247524754,0.011725293132328308,0.001669449081803005,0.04817275747508306,0.04961240310077519,0.032357473035439135,0.023178807947019868,0.027607361963190184,0.03064516129032258,0.008278145695364239,0.023923444976076555,0.0821917808219178,0.018867924528301886,0.004830917874396135,0.011146496815286623,0.029668411867364748,0.028481012658227847,0.0571870170015456,0.06896551724137931,0.030844155844155844,0.018957345971563982,0.025437201907790145,0.03140495867768595,0.01610305958132045,0.014754098360655738,0.013311148086522463,0.0015822784810126582,0.026687598116169546,0.030349013657056147,0.03164556962025317,0.0,0.011075949367088608,0.03139717425431711,0.0,0.15555555555555556,0.015822784810126583,0.03398926654740608,0.021538461538461538,0.05519480519480519,0.0109375,0.050955414012738856,0.01589825119236884,0.047540983606557376,0.02472952086553323,0.0030165912518853697,0.08996539792387544,0.03599374021909233,0.02768729641693811,0.013513513513513514,0.03205128205128205,0.08346709470304976,0.0032,0.021604938271604937,0.19085173501577288,0.058333333333333334,0.0031645569620253164,0.014563106796116505,0.056162246489859596,0.11815068493150685,0.0112,0.019756838905775075,0.001597444089456869,0.075,0.055900621118012424,0.05,0.006493506493506494,0.08661417322834646,0.06229508196721312,0.001594896331738437,0.03471074380165289,0.07075471698113207,0.0016611295681063123,0.0093603744149766,0.036418816388467376,0.0,0.03064516129032258,0.01437699680511182,0.016474464579901153,0.027823240589198037,0.07865168539325842,0.011437908496732025,0.0,0.025518341307814992,0.11146496815286625,0.0032,0.017543859649122806,0.030844155844155844,0.0031446540880503146,0.0189873417721519,0.09455128205128205,0.0016233766233766235,0.0203125,0.006349206349206349,0.009538950715421303,0.10339256865912763,0.00966183574879227,0.0016286644951140066,0.023890784982935155
2018,1,9,prevalence,0.03064516129032258,0.0016051364365971107,0.07631160572337042,0.046801872074883,0.0,0.0015552099533437014,0.0,0.0032102728731942215,0.013008130081300813,0.00333889816360601,0.041604754829123326,0.0,0.026153846153846153,0.07166666666666667,0.06890756302521009,0.0016556291390728477,0.0,0.0016611295681063123,0.05930807248764415,0.07846153846153846,0.013179571663920923,0.0016778523489932886,0.0272,0.001639344262295082,0.13221884498480244,0.0016722408026755853,0.0984375,0.0,0.07056798623063683,0.0032310177705977385,0.010687022900763359,0.17828200972447325,0.009771986970684038,0.0802675585284281,0.04844290657439446,0.09424920127795527,0.0029940119760479044,0.0406015037593985,0.03827751196172249,0.12724550898203593,0.0,0.024193548387096774,0.09921259842519685,0.18549747048903878,0.02329450915141431,0.0463258785942492,0.0,0.0274442538593482,0.011326860841423949,0.017361111111111112,0.03559870550161812,0.0436817472698908,0.0436817472698908,0.06280193236714976,0.23870967741935484,0.03789126853377265,0.0,0.014778325123152709,0.004909983633387889,0.055205047318611984,0.018518518518518517,0.012658227848101266,0.0779436152570481,0.0,0.057663125948406675,0.00949367088607595,0.08964451313755796,0.001594896331738437,0.0,0.022764227642276424,0.0,0.028892455858747994,0.015220700152207,0.025449101796407185,0.028481012658227847,0.0016,0.0,0.004761904761904762,0.0361247947454844,0.0192,0.021212121212121213,0.008103727714748784,0.02478134110787172,0.20520673813169985,0.09477124183006536,0.0,0.011400651465798045,0.0016025641025641025,0.22660098522167488,0.0512,0.011254019292604502,0.06896551724137931,0.05163511187607573,0.024,0.016835016835016835,0.03908794788273615,0.0049504950495049506,0.10476190476190476,0.0016806722689075631,0.0015267175572519084,0.0935374149659864,0.014992503748125937,0.03035413153456998,0.021885521885521887,0.0,0.034482758620689655,0.04776579352850539,0.026234567901234566,0.022988505747126436,0.0273972602739726,0.03691813804173355,0.008278145695364239,0.047244094488188976,0.12271973466003316,0.025356576862123614,0.0,0.004878048780487805,0.03559322033898305,0.03322784810126582,0.05731523378582202,0.09193548387096774,0.02027027027027027,0.015384615384615385,0.021806853582554516,0.02287581699346405,0.009554140127388535,0.015873015873015872,0.02982456140350877,0.00482315112540193,0.034375,0.02723146747352496,0.038461538461538464,0.0,0.014173228346456693,0.022116903633491312,0.0,0.12833333333333333,0.0093603744149766,0.04159132007233273,0.031545741324921134,0.0608,0.017214397496087636,0.05741626794258373,0.016,0.05305466237942122,0.02735562310030395,0.007692307692307693,0.1195079086115993,0.0420032310177706,0.052545155993431854,0.017361111111111112,0.034653465346534656,0.08006279434850863,0.0,0.029503105590062112,0.24,0.04251700680272109,0.0030816640986132513,0.011456628477905073,0.060126582278481014,0.1501766784452297,0.017432646592709985,0.01228878648233487,0.0015748031496062992,0.07617504051863858,0.08917197452229299,0.04051863857374392,0.0050335570469798654,0.08628659476117104,0.060064935064935064,0.0015873015873015873,0.021172638436482084,0.06497622820919176,0.0017006802721088435,0.00927357032457496,0.04081632653061224,0.0,0.03164556962025317,0.004694835680751174,0.011075949367088608,0.037337662337662336,0.08945686900958466,0.0016474464579901153,0.0,0.018633540372670808,0.12399355877616747,0.0031746031746031746,0.014308426073131956,0.04566929133858268,0.0031645569620253164,0.05669291338582677,0.16797488226059654,0.0016420361247947454,0.033690658499234305,0.009868421052631578,0.01592356687898089,0.10759493670886076,0.006230529595015576,0.0,0.006578947368421052
2019,1,9,prevalence,0.017432646592709985,0.0,0.05787781350482315,0.04416403785488959,0.0,0.0015384615384615385,0.0016339869281045752,0.004862236628849271,0.017828200972447326,0.0016313213703099511,0.046476761619190406,0.0,0.02147239263803681,0.07401315789473684,0.08603896103896104,0.001669449081803005,0.0,0.0,0.05564648117839607,0.0880597014925373,0.003115264797507788,0.006600660066006601,0.019448946515397084,0.0016366612111292963,0.1598173515981735,0.0032102728731942215,0.12693498452012383,0.0,0.0743362831858407,0.004601226993865031,0.012422360248447204,0.23801652892561984,0.01732283464566929,0.08089500860585198,0.03459637561779242,0.06913183279742766,0.008875739644970414,0.025449101796407185,0.052805280528052806,0.14814814814814814,0.0,0.04455445544554455,0.08306709265175719,0.19658119658119658,0.016474464579901153,0.04595879556259905,0.0,0.02707275803722504,0.011308562197092083,0.015384615384615385,0.05529225908372828,0.07550077041602465,0.07550077041602465,0.07507987220447285,0.30629139072847683,0.029850746268656716,0.0,0.019077901430842606,0.0033277870216306157,0.08214849921011058,0.02329450915141431,0.009693053311793215,0.05930807248764415,0.0,0.0547945205479452,0.001607717041800643,0.13249211356466878,0.00473186119873817,0.0,0.00974025974025974,0.0,0.02047244094488189,0.0093603744149766,0.02936857562408223,0.030303030303030304,0.0032948929159802307,0.0,0.0030959752321981426,0.03064516129032258,0.013114754098360656,0.0110062893081761,0.015873015873015872,0.022288261515601784,0.2213375796178344,0.11437908496732026,0.0,0.011272141706924315,0.0,0.23127035830618892,0.035483870967741936,0.03289473684210526,0.11009174311926606,0.04230118443316413,0.01779935275080906,0.008417508417508417,0.05564387917329094,0.006379585326953748,0.13679245283018868,0.003284072249589491,0.004615384615384616,0.051926298157453935,0.0239880059970015,0.029459901800327332,0.011608623548922056,0.001579778830963665,0.049019607843137254,0.060995184590690206,0.02157164869029276,0.017684887459807074,0.019374068554396422,0.06,0.008278145695364239,0.043478260869565216,0.19370860927152317,0.026729559748427674,0.0,0.0015698587127158557,0.044189852700491,0.02830188679245283,0.05454545454545454,0.08688783570300158,0.006568144499178982,0.021671826625386997,0.022935779816513763,0.022082018927444796,0.0033277870216306157,0.022435897435897436,0.018581081081081082,0.0047169811320754715,0.0330188679245283,0.04747320061255743,0.054838709677419356,0.0032520325203252032,0.019169329073482427,0.016819571865443424,0.0,0.1566068515497553,0.007987220447284345,0.05871886120996441,0.04617834394904458,0.06074766355140187,0.014040561622464899,0.09223300970873786,0.01904761904761905,0.04777070063694268,0.0124804992199688,0.009302325581395349,0.13143872113676733,0.02384737678855326,0.05331179321486268,0.013816925734024179,0.03648424543946932,0.09612403100775194,0.0,0.025518341307814992,0.32998324958123953,0.05460750853242321,0.003115264797507788,0.008103727714748784,0.04936305732484077,0.1836734693877551,0.017628205128205128,0.0031496062992125984,0.0,0.04739336492890995,0.11916264090177134,0.07085346215780998,0.0017152658662092624,0.04285714285714286,0.0636215334420881,0.0,0.04215851602023609,0.050078247261345854,0.0033333333333333335,0.0015552099533437014,0.025196850393700787,0.0,0.015432098765432098,0.00764525993883792,0.011272141706924315,0.058544303797468354,0.09133858267716535,0.003289473684210526,0.0,0.02476780185758514,0.09713375796178345,0.003169572107765452,0.022222222222222223,0.04376012965964344,0.0030864197530864196,0.08888888888888889,0.20763358778625954,0.001658374792703151,0.03554868624420402,0.009966777408637873,0.04111842105263158,0.10207336523125997,0.012578616352201259,0.0,0.013445378151260505
2020,1,9,prevalence,0.013824884792626729,0.0,0.08293460925039872,0.0706436420722135,0.0,0.0015503875968992248,0.0032258064516129032,0.003284072249589491,0.019261637239165328,0.001597444089456869,0.05105105105105105,0.0,0.02627511591962906,0.06829268292682927,0.1032258064516129,0.0016722408026755853,0.001594896331738437,0.0,0.028985507246376812,0.06422018348623854,0.003110419906687403,0.007898894154818325,0.023961661341853034,0.001697792869269949,0.12058823529411765,0.0047694753577106515,0.10466988727858294,0.0,0.07042253521126761,0.003205128205128205,0.010903426791277258,0.17569786535303777,0.0219435736677116,0.06044905008635579,0.056572379367720464,0.065625,0.017777777777777778,0.030257186081694403,0.051696284329563816,0.13312693498452013,0.0015290519877675841,0.04377104377104377,0.09046849757673667,0.19370860927152317,0.02152317880794702,0.04126984126984127,0.0,0.02735042735042735,0.011513157894736841,0.02586206896551724,0.04984423676012461,0.0816,0.0816,0.0496,0.29200652528548127,0.02337228714524207,0.001594896331738437,0.014331210191082803,0.004934210526315789,0.10236220472440945,0.02459016393442623,0.0,0.07348242811501597,0.0,0.037993920972644375,0.00644122383252818,0.13672496025437203,0.004754358161648178,0.0,0.004846526655896607,0.0,0.01557632398753894,0.006097560975609756,0.029542097488921712,0.037096774193548385,0.0,0.0,0.0015105740181268882,0.03968253968253968,0.011235955056179775,0.01088646967340591,0.02593192868719611,0.014903129657228018,0.2642967542503864,0.10634920634920635,0.0,0.0096,0.0,0.1779935275080906,0.03481012658227848,0.0464,0.1441717791411043,0.05695142378559464,0.01935483870967742,0.011570247933884297,0.0464,0.006279434850863423,0.14331210191082802,0.006589785831960461,0.0046875,0.05289256198347107,0.021148036253776436,0.03171953255425709,0.013333333333333334,0.0,0.056,0.07260726072607261,0.026729559748427674,0.012861736334405145,0.011922503725782414,0.05102040816326531,0.0033444816053511705,0.060221870047543584,0.2630691399662732,0.03492063492063492,0.0,0.0015337423312883436,0.04390243902439024,0.026856240126382307,0.06412213740458016,0.15639810426540285,0.018957345971563982,0.026856240126382307,0.026856240126382307,0.03115264797507788,0.003367003367003367,0.020602218700475437,0.011824324324324325,0.008183306055646482,0.044072948328267476,0.05847076461769116,0.08333333333333333,0.0032258064516129032,0.012326656394453005,0.029320987654320986,0.0,0.15980230642504117,0.012678288431061807,0.06118881118881119,0.03918495297805643,0.06797583081570997,0.00794912559618442,0.10132890365448505,0.011235955056179775,0.05180533751962323,0.009244992295839754,0.004608294930875576,0.10296684118673648,0.032362459546925564,0.06135986733001658,0.006944444444444444,0.06525285481239804,0.15409309791332262,0.0,0.01729559748427673,0.28363047001620745,0.05115511551155116,0.001607717041800643,0.007849293563579277,0.03785488958990536,0.17676767676767677,0.00980392156862745,0.001524390243902439,0.0016025641025641025,0.03139717425431711,0.12727272727272726,0.08255451713395638,0.0016891891891891893,0.0430622009569378,0.08130081300813008,0.0,0.042662116040955635,0.04220779220779221,0.004934210526315789,0.003115264797507788,0.028708133971291867,0.0,0.012539184952978056,0.003110419906687403,0.009950248756218905,0.06825396825396825,0.1265625,0.008210180623973728,0.0,0.012558869701726845,0.0892018779342723,0.0032626427406199023,0.01854714064914992,0.06397306397306397,0.001519756838905775,0.13166144200626959,0.18053375196232338,0.0016207455429497568,0.04716981132075472,0.005016722408026756,0.04975124378109453,0.08019639934533551,0.012861736334405145,0.0,0.01340033500837521
2021,1,9,prevalence,0.012718600953895072,0.0,0.10852713178294573,0.0916030534351145,0.0,0.0015408320493066256,0.0016638935108153079,0.0015625,0.022950819672131147,0.0016,0.045180722891566265,0.0,0.04915514592933948,0.057283142389525366,0.13237639553429026,0.0,0.003205128205128205,0.0,0.025889967637540454,0.10501567398119123,0.0015527950310559005,0.0064,0.014586709886547812,0.0,0.07384615384615385,0.0046801872074883,0.14513556618819776,0.0,0.08035714285714286,0.0031446540880503146,0.009244992295839754,0.13384615384615384,0.021604938271604937,0.07082630691399663,0.07470288624787776,0.05357142857142857,0.02710843373493976,0.021705426356589147,0.054313099041533544,0.12575757575757576,0.0015455950540958269,0.06166666666666667,0.10801963993453355,0.1470113085621971,0.050761421319796954,0.03503184713375796,0.0,0.013245033112582781,0.013114754098360656,0.023450586264656615,0.04285714285714286,0.12520064205457465,0.12520064205457465,0.07131537242472266,0.2257001647446458,0.02030456852791878,0.0015625,0.01461038961038961,0.004777070063694267,0.06060606060606061,0.025806451612903226,0.0016233766233766235,0.07223113964686999,0.001607717041800643,0.07469512195121951,0.006259780907668232,0.1498371335504886,0.003115264797507788,0.0,0.0031397174254317113,0.0,0.02021772939346812,0.0031545741324921135,0.0401854714064915,0.04376012965964344,0.0,0.0,0.0,0.01889763779527559,0.0031746031746031746,0.00911854103343465,0.021439509954058193,0.004559270516717325,0.22151898734177214,0.08225806451612903,0.0,0.0112,0.0,0.11974110032362459,0.03015873015873016,0.05306799336650083,0.17034700315457413,0.05582922824302135,0.006493506493506494,0.006980802792321117,0.04700162074554295,0.004754358161648178,0.13821138211382114,0.0016666666666666668,0.007836990595611285,0.05602716468590832,0.03686635944700461,0.025559105431309903,0.011475409836065573,0.0,0.04597701149425287,0.0594855305466238,0.043410852713178294,0.009966777408637873,0.011904761904761904,0.0681063122923588,0.0016207455429497568,0.06962025316455696,0.20066334991708126,0.06376360808709176,0.0,0.0015527950310559005,0.04769475357710652,0.04383116883116883,0.08500772797527048,0.16798732171156894,0.021705426356589147,0.015873015873015872,0.028963414634146343,0.033386327503974564,0.010186757215619695,0.00782472613458529,0.009983361064891847,0.008389261744966443,0.04054054054054054,0.06202723146747353,0.11488673139158576,0.0031397174254317113,0.01263823064770932,0.0234009360374415,0.0,0.18855218855218855,0.015527950310559006,0.047217537942664416,0.03538461538461538,0.0705521472392638,0.0171875,0.10197368421052631,0.009771986970684038,0.07620528771384137,0.009375,0.0015337423312883436,0.0975609756097561,0.030744336569579287,0.048013245033112585,0.010380622837370242,0.0981012658227848,0.15566037735849056,0.0,0.006430868167202572,0.20032310177705978,0.06602254428341385,0.0,0.006329113924050633,0.05116279069767442,0.1325503355704698,0.01652892561983471,0.003129890453834116,0.0016556291390728477,0.020186335403726708,0.11217948717948718,0.10303030303030303,0.0,0.049679487179487176,0.10355987055016182,0.0,0.02618657937806874,0.0583596214511041,0.01340033500837521,0.001557632398753894,0.022690437601296597,0.0,0.009375,0.003129890453834116,0.00825082508250825,0.08945686900958466,0.08990536277602523,0.011111111111111112,0.0,0.017770597738287562,0.07436708860759493,0.0,0.023291925465838508,0.09764309764309764,0.001557632398753894,0.1372854914196568,0.21077654516640254,0.004893964110929853,0.057233704292527825,0.0033277870216306157,0.030744336569579287,0.06375838926174497,0.007874015748031496,0.0,0.01839464882943144
2022,1,9,prevalence,0.010954616588419406,0.001669449081803005,0.1347068145800317,0.09465648854961832,0.0,0.0016207455429497568,0.0017035775127768314,0.0015082956259426848,0.028708133971291867,0.0,0.05053598774885146,0.0,0.06441717791411043,0.05472636815920398,0.1640378548895899,0.0,0.0015723270440251573,0.0,0.02768729641693811,0.11605723370429252,0.002976190476190476,0.012759170653907496,0.009708737864077669,0.0,0.04915514592933948,0.008210180623973728,0.11635220125786164,0.0,0.06506849315068493,0.0048543689320388345,0.009202453987730062,0.12044374009508717,0.01567398119122257,0.06521739130434782,0.1018363939899833,0.05203252032520325,0.012441679626749611,0.009584664536741214,0.04538341158059468,0.09264705882352942,0.001589825119236884,0.07293354943273905,0.08702791461412152,0.1,0.05203252032520325,0.0380952380952381,0.0,0.0016129032258064516,0.02106969205834684,0.03289473684210526,0.0530421216848674,0.1984126984126984,0.1984126984126984,0.08099688473520249,0.1838351822503962,0.05016722408026756,0.007974481658692184,0.014173228346456693,0.004942339373970346,0.058084772370486655,0.021702838063439065,0.0048,0.045234248788368334,0.0016313213703099511,0.0856269113149847,0.00315955766192733,0.1750841750841751,0.0016155088852988692,0.0,0.0031746031746031746,0.0,0.023112480739599383,0.0015313935681470138,0.03709428129829984,0.06129032258064516,0.0,0.0,0.003179650238473768,0.01615508885298869,0.003179650238473768,0.0030075187969924814,0.0249609984399376,0.0015082956259426848,0.2231012658227848,0.07232704402515723,0.0,0.006369426751592357,0.0,0.08667736757624397,0.058084772370486655,0.04180602006688963,0.2046875,0.06168831168831169,0.022913256955810146,0.01011804384485666,0.05627009646302251,0.011326860841423949,0.15780730897009967,0.00338409475465313,0.0015748031496062992,0.053156146179401995,0.016975308641975308,0.020537124802527645,0.0032102728731942215,0.0,0.03322259136212625,0.050393700787401574,0.052795031055900624,0.02356902356902357,0.021439509954058193,0.07011686143572621,0.0015923566878980893,0.07075471698113207,0.16176470588235295,0.053712480252764615,0.0,0.0,0.0673076923076923,0.060221870047543584,0.08689024390243902,0.21153846153846154,0.012698412698412698,0.0031201248049922,0.015082956259426848,0.030110935023771792,0.011666666666666667,0.006430868167202572,0.0,0.008361204013377926,0.04790419161676647,0.06018518518518518,0.103125,0.003134796238244514,0.004815409309791332,0.036923076923076927,0.0,0.17763157894736842,0.014106583072100314,0.03697478991596639,0.02450229709035222,0.06646525679758308,0.030110935023771792,0.09949409780775717,0.008077544426494346,0.07009345794392523,0.010835913312693499,0.0015748031496062992,0.1076158940397351,0.027331189710610933,0.03745928338762215,0.010186757215619695,0.13112164296998421,0.15930599369085174,0.0,0.0032520325203252032,0.1444805194805195,0.054773082942097026,0.0,0.011475409836065573,0.04420731707317073,0.16611295681063123,0.01437699680511182,0.0015151515151515152,0.0016339869281045752,0.026729559748427674,0.1360759493670886,0.1263001485884101,0.0016778523489932886,0.06782334384858044,0.11400651465798045,0.0,0.028616852146263912,0.08133971291866028,0.011608623548922056,0.0016286644951140066,0.0224,0.0,0.0031446540880503146,0.003115264797507788,0.010050251256281407,0.12440944881889764,0.0640625,0.00463678516228748,0.0,0.025559105431309903,0.0890625,0.0,0.015384615384615385,0.11716171617161716,0.0015479876160990713,0.10917721518987342,0.19783616692426584,0.006339144215530904,0.05546995377503852,0.0016722408026755853,0.019230769230769232,0.08739495798319327,0.009244992295839754,0.0,0.02847571189279732
2023,1,9,prevalence,0.011111111111111112,0.008291873963515755,0.14583333333333334,0.11212121212121212,0.0,0.00322061191626409,0.0,0.0015037593984962407,0.0304,0.0,0.031007751937984496,0.0,0.054313099041533544,0.052202283849918436,0.15664556962025317,0.0,0.0031201248049922,0.0,0.03150912106135987,0.11755485893416928,0.004437869822485207,0.00631911532385466,0.012759170653907496,0.0,0.04559748427672956,0.011475409836065573,0.10272873194221509,0.0,0.053082191780821915,0.00315955766192733,0.009244992295839754,0.11538461538461539,0.004846526655896607,0.07475083056478406,0.09484193011647254,0.07617504051863858,0.007987220447284345,0.0208,0.06697819314641744,0.10463378176382661,0.0016051364365971107,0.05921052631578947,0.06924315619967794,0.07121212121212121,0.06310679611650485,0.03231017770597738,0.0,0.00641025641025641,0.01957585644371941,0.052969502407704656,0.060221870047543584,0.24143556280587275,0.24143556280587275,0.0816,0.1910828025477707,0.07407407407407407,0.011182108626198083,0.0093603744149766,0.0033613445378151263,0.06739811912225706,0.020066889632107024,0.006462035541195477,0.052969502407704656,0.001589825119236884,0.03363914373088685,0.0015384615384615385,0.176,0.001597444089456869,0.0015723270440251573,0.0016,0.001669449081803005,0.016923076923076923,0.0,0.08702290076335878,0.11587301587301588,0.0,0.0,0.01594896331738437,0.018032786885245903,0.0048,0.0030349013657056147,0.041990668740279936,0.0060882800608828,0.23064770932069512,0.0770440251572327,0.001639344262295082,0.001579778830963665,0.0,0.0913312693498452,0.08744038155802862,0.029411764705882353,0.16897081413210446,0.08253968253968254,0.0196078431372549,0.010221465076660987,0.061191626409017714,0.01468189233278956,0.13725490196078433,0.0016778523489932886,0.0,0.04807692307692308,0.014992503748125937,0.014563106796116505,0.0049586776859504135,0.0,0.026359143327841845,0.06761006289308176,0.046801872074883,0.029801324503311258,0.02711323763955343,0.07236842105263158,0.0016025641025641025,0.06750392464678179,0.15066225165562913,0.11128775834658187,0.0016611295681063123,0.0,0.10204081632653061,0.055205047318611984,0.07776049766718507,0.19003115264797507,0.012558869701726845,0.0015923566878980893,0.012326656394453005,0.02531645569620253,0.0033003300330033004,0.017741935483870968,0.0016501650165016502,0.009868421052631578,0.027149321266968326,0.05642633228840126,0.09886547811993517,0.0031545741324921135,0.006472491909385114,0.023510971786833857,0.0,0.1781701444622793,0.0125,0.03865546218487395,0.022865853658536585,0.060514372163388806,0.020123839009287926,0.08221476510067115,0.006472491909385114,0.0594679186228482,0.012345679012345678,0.0015873015873015873,0.07729468599033816,0.057692307692307696,0.045307443365695796,0.00338409475465313,0.1482059282371295,0.1449511400651466,0.0,0.0016051364365971107,0.06710310965630115,0.06896551724137931,0.0,0.024752475247524754,0.03627760252365931,0.13957307060755336,0.017543859649122806,0.0015503875968992248,0.0015748031496062992,0.0322061191626409,0.12077294685990338,0.1573373676248109,0.0,0.0840064620355412,0.10983606557377049,0.0,0.023809523809523808,0.066006600660066,0.018272425249169437,0.0049504950495049506,0.012441679626749611,0.0,0.0031746031746031746,0.0015527950310559005,0.005076142131979695,0.16486902927580893,0.06901840490797546,0.0015479876160990713,0.0,0.024350649350649352,0.07523510971786834,0.0,0.012345679012345678,0.06634304207119741,0.0,0.10256410256410256,0.17823343848580442,0.00315955766192733,0.039538714991762765,0.0,0.011456628477905073,0.11447811447811448,0.007716049382716049,0.0,0.024179620034542316
2024,1,9,prevalence,0.01437699680511182,0.015100671140939598,0.2084006462035541,0.1800302571860817,0.0,0.0016129032258064516,0.0,0.0015220700152207,0.03210272873194221,0.0,0.015552099533437015,0.0,0.0514018691588785,0.04516129032258064,0.1696,0.0,0.0031201248049922,0.0,0.03459637561779242,0.12519561815336464,0.0014992503748125937,0.013157894736842105,0.01567398119122257,0.0,0.05817610062893082,0.011326860841423949,0.1232,0.0,0.039383561643835614,0.0046875,0.004608294930875576,0.12974683544303797,0.0,0.04975124378109453,0.09328968903436989,0.07023411371237458,0.009584664536741214,0.030595813204508857,0.06481481481481481,0.07473841554559044,0.0015625,0.08983050847457627,0.05229793977812995,0.05547226386806597,0.07654723127035831,0.025196850393700787,0.0,0.006420545746388443,0.00625,0.10301109350237718,0.08828250401284109,0.2628099173553719,0.2628099173553719,0.08253968253968254,0.16216216216216217,0.06504065040650407,0.02009273570324575,0.00909090909090909,0.0033222591362126247,0.07923930269413629,0.01658374792703151,0.009523809523809525,0.03987240829346093,0.0015479876160990713,0.048286604361370715,0.0015772870662460567,0.16666666666666666,0.0016556291390728477,0.0015552099533437014,0.0015748031496062992,0.0051635111876075735,0.028831562974203338,0.0,0.07878787878787878,0.13268608414239483,0.0,0.0,0.009523809523809525,0.013071895424836602,0.004893964110929853,0.0014992503748125937,0.05015197568389058,0.004651162790697674,0.18294573643410852,0.060995184590690206,0.0,0.0,0.0016313213703099511,0.07894736842105263,0.11811023622047244,0.028892455858747994,0.15933232169954475,0.060653188180404355,0.011475409836065573,0.00676818950930626,0.03697749196141479,0.025518341307814992,0.1419141914191419,0.0,0.0,0.078125,0.02276176024279211,0.017432646592709985,0.0,0.0016286644951140066,0.051118210862619806,0.0873015873015873,0.0514018691588785,0.038461538461538464,0.029459901800327332,0.06756756756756757,0.0016207455429497568,0.10185185185185185,0.1610305958132045,0.08931419457735247,0.0016556291390728477,0.0,0.1349206349206349,0.0297029702970297,0.07936507936507936,0.17257318952234207,0.006472491909385114,0.0031446540880503146,0.01866251944012442,0.012779552715654952,0.00964630225080386,0.014705882352941176,0.0032626427406199023,0.009950248756218905,0.024464831804281346,0.04538341158059468,0.12300319488817892,0.007598784194528876,0.004846526655896607,0.02336448598130841,0.001594896331738437,0.17252396166134185,0.017770597738287562,0.021775544388609715,0.021374045801526718,0.059190031152647975,0.013657056145675266,0.076158940397351,0.0171875,0.06269592476489028,0.012232415902140673,0.0016025641025641025,0.0528,0.05305466237942122,0.07631160572337042,0.0017152658662092624,0.14992272024729522,0.18739635157545606,0.0,0.0016339869281045752,0.053712480252764615,0.07165605095541401,0.0,0.03442622950819672,0.034482758620689655,0.12678288431061807,0.019417475728155338,0.003134796238244514,0.0016313213703099511,0.03915171288743882,0.08957654723127036,0.23595505617977527,0.0,0.08,0.11754966887417219,0.0,0.04395604395604396,0.05333333333333334,0.014705882352941176,0.006514657980456026,0.004658385093167702,0.0,0.0048543689320388345,0.001594896331738437,0.0033444816053511705,0.20376175548589343,0.06144393241167435,0.0,0.0,0.030595813204508857,0.075,0.0,0.0093603744149766,0.07516339869281045,0.0,0.11323763955342903,0.16796267496111975,0.0,0.04111842105263158,0.0,0.0,0.13843648208469056,0.0015479876160990713,0.0,0.01718213058419244
2025,1,9,prevalence,0.007886435331230283,0.013223140495867768,0.2611464968152866,0.15007656967840735,0.0016181229773462784,0.0016233766233766235,0.0016339869281045752,0.0015408320493066256,0.026856240126382307,0.0,0.01437699680511182,0.0,0.0453125,0.03130148270181219,0.13975155279503104,0.0,0.004739336492890996,0.0,0.034653465346534656,0.1375,0.0014947683109118087,0.013029315960912053,0.007936507936507936,0.0,0.05741626794258373,0.012539184952978056,0.12145110410094637,0.0,0.03529411764705882,0.004622496147919877,0.0015455950540958269,0.13384615384615384,0.005076142131979695,0.06403940886699508,0.08653846153846154,0.03685092127303183,0.008278145695364239,0.02190923317683881,0.05311077389984825,0.05238828967642527,0.001564945226917058,0.08503401360544217,0.05238828967642527,0.04817518248175182,0.10841423948220065,0.023255813953488372,0.0016806722689075631,0.001584786053882726,0.004739336492890996,0.1597542242703533,0.09485530546623794,0.19218241042345277,0.19218241042345277,0.06220095693779904,0.14539579967689822,0.08780487804878048,0.019817073170731708,0.009022556390977444,0.003278688524590164,0.11446740858505565,0.009950248756218905,0.008025682182985553,0.04496124031007752,0.0015600624024961,0.0409711684370258,0.001567398119122257,0.1328125,0.0016051364365971107,0.0015600624024961,0.0015432098765432098,0.005291005291005291,0.03582554517133956,0.0,0.10990712074303406,0.2032,0.0,0.0,0.01437699680511182,0.013008130081300813,0.009708737864077669,0.001488095238095238,0.03803486529318542,0.0,0.14536741214057508,0.09250398724082935,0.0,0.0045871559633027525,0.0,0.0781010719754977,0.13543307086614173,0.055299539170506916,0.12597200622083982,0.044709388971684055,0.016556291390728478,0.00338409475465313,0.022292993630573247,0.02593192868719611,0.11993517017828201,0.0016501650165016502,0.0,0.07109004739336493,0.024883359253499222,0.00933125972006221,0.0,0.001639344262295082,0.07084019769357495,0.09667194928684628,0.06687402799377916,0.028021015761821366,0.01794453507340946,0.056910569105691054,0.0016501650165016502,0.10093167701863354,0.15112540192926044,0.14015748031496064,0.0016806722689075631,0.0,0.11076443057722309,0.02152317880794702,0.07096774193548387,0.11398176291793313,0.0,0.003179650238473768,0.012422360248447204,0.02138157894736842,0.012598425196850394,0.010135135135135136,0.0016207455429497568,0.009983361064891847,0.0234009360374415,0.0631911532385466,0.10204081632653061,0.007668711656441718,0.008488964346349746,0.02748091603053435,0.006472491909385114,0.1544461778471139,0.007518796992481203,0.02593192868719611,0.0343213728549142,0.06477093206951026,0.016666666666666666,0.06862745098039216,0.021035598705501618,0.05357142857142857,0.009375,0.0016474464579901153,0.04588607594936709,0.07051282051282051,0.05582137161084529,0.0017301038062283738,0.18333333333333332,0.20491803278688525,0.0,0.001639344262295082,0.038880248833592534,0.0576,0.001610305958132045,0.01957585644371941,0.03110419906687403,0.07890499194847021,0.03255813953488372,0.0015923566878980893,0.001639344262295082,0.03577235772357724,0.12866449511400652,0.28773584905660377,0.0016750418760469012,0.06612903225806452,0.10696095076400679,0.0,0.03453689167974882,0.038523274478330656,0.013071895424836602,0.01282051282051282,0.004651162790697674,0.001597444089456869,0.001594896331738437,0.001584786053882726,0.017915309446254073,0.19484702093397746,0.06853582554517133,0.0,0.001610305958132045,0.037096774193548385,0.11764705882352941,0.0,0.014263074484944533,0.09508716323296355,0.0,0.1388888888888889,0.17404580152671756,0.0064,0.05042016806722689,0.0,0.0033003300330033004,0.1288244766505636,0.0,0.0,0.021885521885521887
